time,accel_x,accel_y,accel_z,gyro_x,gyro_y,gyro_z,true_speed,true_heading,true_x,true_y,true_accel_x_vehicle,true_accel_y_vehicle,true_accel_x_world,true_accel_y_world,true_accel_z_world,true_yaw_rate,gnss_x,gnss_y
0.0,6.735013576221856,-0.11809666596831753,7.1491530777798955,-0.008289991222140875,-0.0031623421597336034,0.007609010801277135,0.0,0.0,0.0,0.0,1.5,0.0,1.5,0.0,0.0,0.0,-0.6714033766741617,2.55117623780588
0.1,6.711972772787793,-0.16154590358735643,7.305743094873313,-5.923374111853022e-05,0.02783851051915448,0.001214953881289808,0.15000000000000002,0.0,0.022500000000000006,0.0,1.5,0.0,1.5,0.0,0.0,0.0,,
0.2,6.609274433613893,-0.03744259657742065,7.456788521528408,-0.010320779702213588,-0.010803399364505521,0.0028475360489104715,0.30000000000000004,0.0,0.06000000000000001,0.0,1.5,0.0,1.5,0.0,0.0,0.0,,
0.30000000000000004,6.442667652012359,-0.15077874665459862,7.46552662467471,0.009854891147640198,0.016158620867856154,-0.016985579809728243,0.45000000000000007,0.0,0.11250000000000003,0.0,1.5,0.0,1.5,0.0,0.0,0.0,,
0.4,6.439967958042484,-0.02319205301121549,7.4562796767762505,0.001936642963136658,-0.0022308350401930937,0.006056134351642109,0.6000000000000001,0.0,0.18000000000000005,0.0,1.5,0.0,1.5,0.0,0.0,0.0,,
0.5,6.739050513881567,-0.004402736412735305,7.240566507283907,0.0038282410494729752,-0.008292217767299704,0.004780866812727701,0.7500000000000001,0.0,0.26250000000000007,0.0,1.5,0.0,1.5,0.0,0.0,0.0,,
0.6000000000000001,6.649150985188501,-0.14456084402459624,7.334785080597995,-0.008967601151059917,-0.008368618990409872,-0.014238934710377174,0.9000000000000001,0.0,0.3600000000000001,0.0,1.5,0.0,1.5,0.0,0.0,0.0,,
0.7000000000000001,6.299558278856761,-0.2730550793202778,7.34313242330273,-0.001052854819377479,-0.0013382705260956483,0.011163963219540322,1.0500000000000003,0.0,0.47250000000000014,0.0,1.5,0.0,1.5,0.0,0.0,0.0,,
0.8,6.782578681827769,-0.04028667668932451,7.512820339705736,0.0038421085716517753,-0.0013701977844383846,0.0026697703431735284,1.2000000000000002,0.0,0.6000000000000001,0.0,1.5,0.0,1.5,0.0,0.0,0.0,,
0.9,6.669951274604794,0.3368889848285787,7.477040033672731,-0.005402645670670312,0.005647518054406522,1.4598033497588599e-05,1.35,0.0,0.7425,0.0,1.5,0.0,1.5,0.0,0.0,0.0,,
1.0,6.842053055050792,-0.18678867481788256,7.6480075317810545,-0.007394350221262494,0.013031324050471279,-0.009887506709437064,1.5,0.0,0.9,0.0,1.5,0.0,1.5,0.0,0.0,0.0,2.5459381918062336,1.3582526437300504
1.1,6.723852691381086,0.05456363310701351,7.327914850719358,-0.015645976804035757,0.007290530926491007,-0.0013913337273132528,1.65,0.0,1.0725,0.0,1.5,0.0,1.5,0.0,0.0,0.0,,
1.2000000000000002,6.741339373661406,-0.04550028063342594,7.600967803588341,0.010209451984233134,-0.01199160985461202,0.014493916568437584,1.7999999999999998,0.0,1.26,0.0,1.5,0.0,1.5,0.0,0.0,0.0,,
1.3,6.817367775425131,0.017629004111142068,7.2994815309761485,-0.0016857887763181772,0.0014805602403528163,0.01686985415050401,1.9499999999999997,0.0,1.4625000000000001,0.0,1.5,0.0,1.5,0.0,0.0,0.0,,
1.4000000000000001,6.538211777651554,-0.06513861594288926,7.578122932101159,-0.0041265546523146625,0.0004542528200811725,-0.012206623951575213,2.0999999999999996,0.0,1.6800000000000002,0.0,1.5,0.0,1.5,0.0,0.0,0.0,,
1.5,6.616028776694505,-0.26267255113301674,7.404779287696643,0.02233545412162834,-0.00549996831370051,0.020595948184387793,2.2499999999999996,0.0,1.9125000000000003,0.0,1.5,0.0,1.5,0.0,0.0,0.0,,
1.6,6.464594896657193,-0.25401280715814795,7.3060852240888075,-0.009795708461660776,0.0059332831261546615,0.005660835920155842,2.3999999999999995,0.0,2.16,0.0,1.5,0.0,1.5,0.0,0.0,0.0,,
1.7000000000000002,6.508249954544818,-0.027046781497554746,7.2656434137999355,0.0010126808835837777,0.0017252120229768926,0.002618791636738141,2.5499999999999994,0.0,2.4225,0.0,1.5,0.0,1.5,0.0,0.0,0.0,,
1.8,6.490890950872073,0.042083090367477094,7.278584079860134,0.00847705568863076,-0.018913600066121614,-0.0049889351091632495,2.6999999999999993,0.0,2.6999999999999997,0.0,1.5,0.0,1.5,0.0,0.0,0.0,,
1.9000000000000001,6.634352456760572,0.19332322942460362,7.38324009381262,0.0063218458996382645,-0.0010454675611986494,0.018573053902245514,2.849999999999999,0.0,2.9924999999999993,0.0,1.5,0.0,1.5,0.0,0.0,0.0,,
2.0,6.794091257405303,-0.11060939163120814,7.43716468864889,-0.010385992178668778,-0.01587678145197839,0.004598159288295333,2.999999999999999,0.0,3.299999999999999,0.0,1.5,0.0,1.5,0.0,0.0,0.0,6.40908452214218,4.305646156346372
2.1,6.698164051824612,0.17721869130175932,7.25361320571652,0.016752439752475364,0.003438465211825681,0.018782986138136372,3.149999999999999,0.0,3.6224999999999987,0.0,1.5,0.0,1.5,0.0,0.0,0.0,,
2.2,6.733047494676492,-0.3484713282600249,7.23408142839201,-0.008799229553553218,-0.003864292046830372,0.0032242141053404985,3.299999999999999,0.0,3.9599999999999986,0.0,1.5,0.0,1.5,0.0,0.0,0.0,,
2.3000000000000003,6.504090975291008,0.03375064472649053,7.220188677222049,0.030196615899392404,-0.002003766972456821,0.01346104101018655,3.449999999999999,0.0,4.312499999999999,0.0,1.5,0.0,1.5,0.0,0.0,0.0,,
2.4000000000000004,6.735364597866563,0.1885598828841037,7.185693509999116,0.007860888462618851,-0.003501143852643263,-0.006828286995768118,3.5999999999999988,0.0,4.68,0.0,1.5,0.0,1.5,0.0,0.0,0.0,,
2.5,6.464807595966604,0.23634375295886614,7.314135616104926,-0.00045586001333620436,-0.003924181647871977,-0.0074480313783323055,3.7499999999999987,0.0,5.0625,0.0,1.5,0.0,1.5,0.0,0.0,0.0,,
2.6,6.654352181696532,-0.10683270445363807,7.333272429900903,-0.011166904398806844,-0.0018353964152387449,4.7930124575550244e-05,3.8999999999999986,0.0,5.46,0.0,1.5,0.0,1.5,0.0,0.0,0.0,,
2.7,6.694892966308499,-0.18487949457125086,7.331012350049517,-0.0027941066972324235,-0.007762250243910627,0.0036418206921034115,4.049999999999999,0.0,5.8725000000000005,0.0,1.5,0.0,1.5,0.0,0.0,0.0,,
2.8000000000000003,6.477444779443549,0.3633814725736706,7.5904195797780085,0.00486164024491607,-0.00636349842676522,-0.0035757324483460546,4.199999999999999,0.0,6.300000000000001,0.0,1.5,0.0,1.5,0.0,0.0,0.0,,
2.9000000000000004,6.5313192435490794,-0.28705018587429026,7.486373901437321,0.003005846813678664,0.003873950547490417,0.011993930762163468,4.35,0.0,6.742500000000001,0.0,1.5,0.0,1.5,0.0,0.0,0.0,,
3.0,6.762911146896439,-0.06273946613814649,7.401015003715222,-0.011657866864990783,-0.01414644490870659,0.009313380960030381,4.5,0.0,7.200000000000001,0.0,1.5,0.0,1.5,0.0,0.0,0.0,13.630613262710616,3.7284220946558695
3.1,6.761978052370705,0.049568384476639415,7.609335594015806,0.02721981597272828,0.016132264875808135,0.005032329278504526,4.65,0.0,7.672500000000001,0.0,1.5,0.0,1.5,0.0,0.0,0.0,,
3.2,6.864183047006615,-0.1595684539873882,7.386760990137495,0.0004960745792542097,0.0022977903678808413,-0.004317009686816553,4.800000000000001,0.0,8.160000000000002,0.0,1.5,0.0,1.5,0.0,0.0,0.0,,
3.3000000000000003,6.888044215447311,-0.1819299887753074,7.429592634474551,0.008311748702397847,-0.00287419630538067,-0.00953133181880935,4.950000000000001,0.0,8.662500000000001,0.0,1.5,0.0,1.5,0.0,0.0,0.0,,
3.4000000000000004,6.714679941466645,0.022513289473637284,7.240043026772757,0.014715147863290647,-0.003728509471554028,-0.02176774870780058,5.100000000000001,0.0,9.180000000000001,0.0,1.5,0.0,1.5,0.0,0.0,0.0,,
3.5,6.922251778117969,-0.18044155992119096,7.320966527739105,0.0006534625336804656,-0.006721007233665139,0.01961795489956926,5.250000000000002,0.0,9.712500000000002,0.0,1.5,0.0,1.5,0.0,0.0,0.0,,
3.6,6.547230744451809,-0.15037887982186038,7.466083161055737,-0.009986803708186472,0.00580394886349672,-0.0020061823709216844,5.400000000000002,0.0,10.260000000000003,0.0,1.5,0.0,1.5,0.0,0.0,0.0,,
3.7,6.652545674320695,0.03461461945504009,7.331720177996255,0.02605720092826976,0.0012595730045613426,-0.006875936781884041,5.5500000000000025,0.0,10.822500000000003,0.0,1.5,0.0,1.5,0.0,0.0,0.0,,
3.8000000000000003,6.948966934001332,-0.2530341684468918,7.61576494933264,-0.013924102013241124,0.014245726296721857,-0.005299703929143161,5.700000000000003,0.0,11.400000000000004,0.0,1.5,0.0,1.5,0.0,0.0,0.0,,
3.9000000000000004,6.372212611554464,-0.2944894448952498,7.381254713080208,-0.00014256377454013617,0.0032833804804542504,0.0062360403287775685,5.850000000000003,0.0,11.992500000000005,0.0,1.5,0.0,1.5,0.0,0.0,0.0,,
4.0,6.664298543631455,0.24558822306972708,7.006059170981501,-5.912217297456095e-05,-0.004933456009985195,0.013249610655409952,6.0000000000000036,0.0,12.600000000000005,0.0,1.5,0.0,1.5,0.0,0.0,0.0,9.14246316535306,-5.25021556763606
4.1000000000000005,6.738145979262363,-0.22455931710513238,7.307421564022443,0.0008941239200461376,0.0061501072379492065,0.015944996102004387,6.150000000000004,0.0,13.222500000000005,0.0,1.5,0.0,1.5,0.0,0.0,0.0,,
4.2,6.701533062412455,0.10466483859263266,7.384281511461027,-0.004073230256103965,-0.011045044571580738,0.0279414543753556,6.300000000000004,0.0,13.860000000000007,0.0,1.5,0.0,1.5,0.0,0.0,0.0,,
4.3,6.89536829694161,-0.2514826427839431,7.483101421909095,-0.018095852587560128,-0.0217961125331069,-0.007254717507713707,6.450000000000005,0.0,14.512500000000006,0.0,1.5,0.0,1.5,0.0,0.0,0.0,,
4.4,6.703006375682666,-0.010310363040039234,7.343676754575588,-0.014136985207298631,-0.004346372229973857,0.006454236989976226,6.600000000000005,0.0,15.180000000000007,0.0,1.5,0.0,1.5,0.0,0.0,0.0,,
4.5,6.809388659172211,-0.007473226865799735,7.575046077676152,-0.007205290068329186,0.015500126906744039,-0.0017997266499808597,6.750000000000005,0.0,15.862500000000008,0.0,1.5,0.0,1.5,0.0,0.0,0.0,,
4.6000000000000005,6.803362865472776,-0.260576639712553,7.341857704237219,0.002452000191644853,0.013376903628611719,0.011611198465116017,6.900000000000006,0.0,16.56000000000001,0.0,1.5,0.0,1.5,0.0,0.0,0.0,,
4.7,6.660697477140862,-0.16756578464255784,7.411272302504474,0.00528989292034611,0.004985677689612899,-0.002771517581816225,7.050000000000006,0.0,17.27250000000001,0.0,1.5,0.0,1.5,0.0,0.0,0.0,,
4.800000000000001,6.6100040769493456,-0.05107545860694267,7.0138017443566705,0.0007811440780199435,-0.0031779209612235056,0.01537493335364294,7.200000000000006,0.0,18.000000000000014,0.0,1.5,0.0,1.5,0.0,0.0,0.0,,
4.9,6.63075804783882,-0.0912161058084971,7.3656383663865,0.019094427124058545,-0.01164288962520172,0.01414843028753579,7.350000000000007,0.0,18.742500000000014,0.0,1.5,0.0,1.5,0.0,0.0,0.0,,
5.0,6.8174581955458144,-0.057916049013834944,7.151246352158518,-0.005341770062200582,-0.003806072112151645,-0.007158617433847322,7.500000000000007,0.0,19.500000000000014,0.0,1.5,0.0,1.5,0.0,0.0,0.0,21.92919659010971,3.7149922667430944
5.1000000000000005,6.759885069999335,0.0636943335956883,7.315345290569244,-0.00690721904508425,-0.00014845436089059783,0.004811619481558034,7.6500000000000075,0.0,20.272500000000015,0.0,1.5,0.0,1.5,0.0,0.0,0.0,,
5.2,6.5456301440111835,-0.19990369409789516,7.46682976685859,-0.02286690070018635,0.0035658111081093226,0.013808132001037178,7.800000000000008,0.0,21.060000000000016,0.0,1.5,0.0,1.5,0.0,0.0,0.0,,
5.300000000000001,6.654694725721132,-0.13396148476506084,7.622808226541059,-0.006843103268252073,-0.0021069186462275374,-0.0038484988092709043,7.950000000000008,0.0,21.86250000000002,0.0,1.5,0.0,1.5,0.0,0.0,0.0,,
5.4,6.702036088878868,-0.041808054086249366,7.365746518011081,-0.007991863437899814,-0.009233209822294482,0.01711456689792265,8.100000000000009,0.0,22.68000000000002,0.0,1.5,0.0,1.5,0.0,0.0,0.0,,
5.5,6.680803833398341,-0.22131652371047708,7.084632316046574,0.026810067679987355,0.006568952719777064,0.011920697950488869,8.250000000000009,0.0,23.51250000000002,0.0,1.5,0.0,1.5,0.0,0.0,0.0,,
5.6000000000000005,6.240023648124233,0.08374985462973868,7.599822773191171,0.018635383486543897,0.007739619596419349,0.004441338800495086,8.40000000000001,0.0,24.36000000000002,0.0,1.5,0.0,1.5,0.0,0.0,0.0,,
5.7,6.721794425071783,0.05582761476313877,7.5123395962422705,0.007657588769872932,-0.003233658075926773,-0.013589732831348565,8.55000000000001,0.0,25.22250000000002,0.0,1.5,0.0,1.5,0.0,0.0,0.0,,
5.800000000000001,6.942518082914973,-0.0572798555567077,7.341132553435209,0.0018672298338635665,0.02215105416576059,0.014452998892439287,8.70000000000001,0.0,26.100000000000023,0.0,1.5,0.0,1.5,0.0,0.0,0.0,,
5.9,6.661459990021609,0.20032412190346588,7.351075071988616,-0.018149626021989284,0.007842505755565195,0.008050689990761395,8.85000000000001,0.0,26.992500000000025,0.0,1.5,0.0,1.5,0.0,0.0,0.0,,
6.0,6.6221956180320865,-0.01679466734803569,7.319413481982973,-0.01639079523288591,-0.016748807062085067,-0.0006235830478525878,9.00000000000001,0.0,27.900000000000027,0.0,1.5,0.0,1.5,0.0,0.0,0.0,30.49068682297162,-1.1264954912044225
6.1000000000000005,6.614014556599635,-0.03926895712623795,7.513638862510417,-0.01631658269316536,-0.020836808046808195,0.010393795414449318,9.150000000000011,0.0,28.82250000000003,0.0,1.5,0.0,1.5,0.0,0.0,0.0,,
6.2,6.785739116538963,-0.21524166114349824,7.408170107278073,0.0007321739004787169,0.010727536801723406,0.01262377952188853,9.300000000000011,0.0,29.76000000000003,0.0,1.5,0.0,1.5,0.0,0.0,0.0,,
6.300000000000001,6.788306073917677,0.12133734203842249,7.485165202446756,-0.012184842315530249,0.003411990520144363,-0.006192130446737028,9.450000000000012,0.0,30.71250000000003,0.0,1.5,0.0,1.5,0.0,0.0,0.0,,
6.4,6.744267977232167,-0.06853112460245639,7.7173973122541035,-0.01148565584977567,0.0027582242664438423,0.024285308423764397,9.600000000000012,0.0,31.68000000000003,0.0,1.5,0.0,1.5,0.0,0.0,0.0,,
6.5,6.630673792811118,-0.13443460831720136,7.555731286843889,0.007050474108138597,-0.003451061989453338,0.0038744496176727327,9.750000000000012,0.0,32.66250000000003,0.0,1.5,0.0,1.5,0.0,0.0,0.0,,
6.6000000000000005,6.73817823392161,0.06832743682312564,7.234130817931665,-0.010096542906860717,0.00607601423599053,0.0018895753485443506,9.900000000000013,0.0,33.66000000000003,0.0,1.5,0.0,1.5,0.0,0.0,0.0,,
6.7,6.475642234478208,-0.0232100582499106,7.270437992582585,-0.006597904379899303,-0.0025042103001765327,-0.0028927293367118287,10.050000000000013,0.0,34.672500000000035,0.0,1.5,0.0,1.5,0.0,0.0,0.0,,
6.800000000000001,6.4436388529603,-0.1050491738872503,7.428813740077494,0.0030156336752501264,-0.002589604468546409,0.0026982980965306017,10.200000000000014,0.0,35.70000000000004,0.0,1.5,0.0,1.5,0.0,0.0,0.0,,
6.9,6.611940847794615,0.046819735270008864,7.372310489207803,0.0002552962010865098,-0.011632227566811624,0.020768263518499794,10.350000000000014,0.0,36.74250000000004,0.0,1.5,0.0,1.5,0.0,0.0,0.0,,
7.0,6.593696197665957,0.040164325155616284,7.2854517515613315,0.0064848164104482275,0.0031176767840540194,0.011271308422383799,10.500000000000014,0.0,37.80000000000005,0.0,1.5,0.0,1.5,0.0,0.0,0.0,38.27769845708444,-1.1156476862841305
7.1000000000000005,6.528842850177979,-0.4327883140160047,7.5036295970066655,-0.006227412997446181,-0.009281909437231443,0.005389158792949426,10.650000000000015,0.0,38.87250000000005,0.0,1.5,0.0,1.5,0.0,0.0,0.0,,
7.2,6.502466593362651,-0.1880112943976197,7.449643041924375,0.0034170653375620065,-0.0034130680801947996,0.003798228011524486,10.800000000000015,0.0,39.96000000000005,0.0,1.5,0.0,1.5,0.0,0.0,0.0,,
7.300000000000001,6.783229881762489,-0.19106156572068034,7.4061560354409055,0.0006334985460046725,0.006035040073542844,0.017988501931558133,10.950000000000015,0.0,41.06250000000005,0.0,1.5,0.0,1.5,0.0,0.0,0.0,,
7.4,6.366795541020052,0.35488982205005476,7.609898231715582,0.001426504403684653,-0.0007396612091519876,0.005071771242861177,11.100000000000016,0.0,42.18000000000005,0.0,1.5,0.0,1.5,0.0,0.0,0.0,,
7.5,6.873293650092241,0.10234704024157552,7.231969444795254,-0.005216218127075116,-0.0050523240880418156,-0.003985959297836388,11.250000000000016,0.0,43.31250000000005,0.0,1.5,0.0,1.5,0.0,0.0,0.0,,
7.6000000000000005,6.9386544654015765,-0.08675973653834694,7.4883192056588435,-0.005006108596342191,0.012355413638285984,0.0001482048839324705,11.400000000000016,0.0,44.46000000000005,0.0,1.5,0.0,1.5,0.0,0.0,0.0,,
7.7,6.5412763889726335,-0.19216967952098019,7.455935105126209,0.009985161817634362,-0.005117148734608953,0.0026475259107471704,11.550000000000017,0.0,45.62250000000005,0.0,1.5,0.0,1.5,0.0,0.0,0.0,,
7.800000000000001,6.647671864830976,-0.3192903610636072,7.473332433982083,0.004943634963487471,-0.008409429845437532,0.001581991905954097,11.700000000000017,0.0,46.800000000000054,0.0,1.5,0.0,1.5,0.0,0.0,0.0,,
7.9,6.52281769691863,0.017542408274154143,7.410321904115992,0.0005107307340760541,0.006474266241176623,0.014568160612293267,11.850000000000017,0.0,47.99250000000006,0.0,1.5,0.0,1.5,0.0,0.0,0.0,,
8.0,6.671133617431326,0.18567706516905516,7.373099498770358,-0.004251217805509935,-0.0029871996847597704,0.013387641865800149,12.000000000000018,0.0,49.20000000000006,0.0,1.5,0.0,1.5,0.0,0.0,0.0,49.019184391117406,2.23044975375395
8.1,6.606024535816507,0.03875473007863073,7.393817181905573,-0.007417364724274444,-0.006515872651151885,0.01740276686163584,12.150000000000018,0.0,50.42250000000006,0.0,1.5,0.0,1.5,0.0,0.0,0.0,,
8.200000000000001,6.831310244360129,-0.06134024578779863,7.445461659614917,0.0038504791784777573,-0.0011630642187222884,-0.0018372007654355298,12.300000000000018,0.0,51.66000000000007,0.0,1.5,0.0,1.5,0.0,0.0,0.0,,
8.3,6.440356675614402,0.17045705527358854,7.542600117595894,0.0017198698510873232,-0.011515431201580528,0.010871345692986827,12.450000000000019,0.0,52.91250000000007,0.0,1.5,0.0,1.5,0.0,0.0,0.0,,
8.4,6.590298278607099,0.1984827252870863,7.004485369895927,-0.011023795475616847,-0.005769875334937418,0.0037049323474437406,12.60000000000002,0.0,54.18000000000008,0.0,1.5,0.0,1.5,0.0,0.0,0.0,,
8.5,6.517943541488595,0.20854646598071802,7.221952587881706,0.014540018148604991,-0.002372275254275323,0.012305128069407808,12.75000000000002,0.0,55.462500000000084,0.0,1.5,0.0,1.5,0.0,0.0,0.0,,
8.6,6.571115665926641,0.11104098179116344,7.235326462975213,0.0012065837407267326,-0.013799644172012458,0.005180036582756741,12.90000000000002,0.0,56.76000000000008,0.0,1.5,0.0,1.5,0.0,0.0,0.0,,
8.700000000000001,6.4884849531577515,-0.003168754365836246,7.3518183431199775,-0.0014425306738120236,0.008737533495931416,0.003201944665003362,13.05000000000002,0.0,58.07250000000008,0.0,1.5,0.0,1.5,0.0,0.0,0.0,,
8.8,6.41931920876941,-0.33449297205305867,7.262553843759826,0.008994291746086115,0.003574964297080184,-0.009411151761970245,13.20000000000002,0.0,59.400000000000084,0.0,1.5,0.0,1.5,0.0,0.0,0.0,,
8.9,6.852928185276971,-0.02913637234654111,7.462220870581448,0.005112732625676147,0.007159266340431417,-0.005863698425963156,13.350000000000021,0.0,60.742500000000085,0.0,1.5,0.0,1.5,0.0,0.0,0.0,,
9.0,6.582224047210377,0.034760461911905516,7.475787175017606,-0.01064815731134996,-4.5833964711181375e-05,0.016319614387787725,13.500000000000021,0.0,62.10000000000009,0.0,1.5,0.0,1.5,0.0,0.0,0.0,63.48036462783573,3.5120418292223445
9.1,6.552697908425887,0.11596148359060231,7.393062499864072,-0.008068568642965221,-0.0036643641865693978,0.0028157659581681724,13.650000000000022,0.0,63.47250000000009,0.0,1.5,0.0,1.5,0.0,0.0,0.0,,
9.200000000000001,6.7484895857623695,-0.17087302897612516,7.5741665513626,-0.008424489771836864,0.019764133410217165,-0.013174635669384769,13.800000000000022,0.0,64.86000000000008,0.0,1.5,0.0,1.5,0.0,0.0,0.0,,
9.3,6.837727882471342,-0.23663322101127987,7.510129620078894,0.019474838692442133,0.015112815376878242,-0.011945850532948743,13.950000000000022,0.0,66.26250000000007,0.0,1.5,0.0,1.5,0.0,0.0,0.0,,
9.4,6.656344761205894,0.2924569567063771,7.574498184836785,0.009738616460330921,-0.012591463667592624,0.006640370011670137,14.100000000000023,0.0,67.68000000000006,0.0,1.5,0.0,1.5,0.0,0.0,0.0,,
9.5,6.662791889529998,-0.08100936441164476,7.174133399610845,0.002980533372602706,-0.006632948891595527,0.01616241145528363,14.250000000000023,0.0,69.11250000000005,0.0,1.5,0.0,1.5,0.0,0.0,0.0,,
9.600000000000001,6.736929872578051,0.11575426765696202,7.253739786802546,-0.005624676871425418,-0.003538513025668526,0.0002060328674629115,14.400000000000023,0.0,70.56000000000004,0.0,1.5,0.0,1.5,0.0,0.0,0.0,,
9.700000000000001,6.790727181641246,0.04048688988828235,7.332663155381661,-0.01395571881870124,0.007272784786567246,-0.002366361361823119,14.550000000000024,0.0,72.02250000000004,0.0,1.5,0.0,1.5,0.0,0.0,0.0,,
9.8,6.649741293741723,-0.03815695387806098,7.4445200591241445,-0.0130554433919858,0.005405433314220186,0.009694256225715162,14.700000000000024,0.0,73.50000000000003,0.0,1.5,0.0,1.5,0.0,0.0,0.0,,
9.9,6.825947617032167,0.3050258938437694,7.724410741864485,-0.008418885134781576,-0.008435742773724133,0.020270127476992986,14.850000000000025,0.0,74.99250000000002,0.0,1.5,0.0,1.5,0.0,0.0,0.0,,
10.0,6.402278517149623,-0.16466717748884438,7.318278913163866,-0.000840404321176588,-0.0025536345400400413,0.01419947460293127,15.000000000000025,0.0,76.50000000000001,0.0,1.5,0.0,1.5,0.0,0.0,0.0,75.98197013498005,0.06966550468184833
10.100000000000001,6.703406371909959,0.12003996463901427,7.348774132015679,0.01577278632442869,0.007395438237722699,-0.011510430328103565,15.150000000000025,0.0,78.02250000000001,0.0,1.5,0.0,1.5,0.0,0.0,0.0,,
10.200000000000001,6.969970866808467,-0.18617665308916387,7.530555860006348,-0.012189651800806165,-0.00855489596708421,-0.002396756393947614,15.300000000000026,0.0,79.56,0.0,1.5,0.0,1.5,0.0,0.0,0.0,,
10.3,6.7123982486676725,0.11422431027887149,7.342695881807613,0.019353342862033936,-0.009011495941126964,-0.003898296437314465,15.450000000000026,0.0,81.1125,0.0,1.5,0.0,1.5,0.0,0.0,0.0,,
10.4,6.659462737400336,-0.16126102104141815,7.180277889490859,0.0008349750741535992,-0.0028380209373011452,0.006833772710346204,15.600000000000026,0.0,82.67999999999999,0.0,1.5,0.0,1.5,0.0,0.0,0.0,,
10.5,6.746300913089889,0.1256295897420713,7.737887136356657,-0.010621584346997977,0.006721458878415806,0.0062558088418116,15.750000000000027,0.0,84.26249999999999,0.0,1.5,0.0,1.5,0.0,0.0,0.0,,
10.600000000000001,6.56462138488104,0.042388878052149526,7.604767351984661,-0.008092556512147839,0.010284762229016906,0.010540977873982248,15.900000000000027,0.0,85.85999999999999,0.0,1.5,0.0,1.5,0.0,0.0,0.0,,
10.700000000000001,6.80852953177985,0.09721268640105397,7.187938392424816,-0.002621445531200738,-0.009830320018046308,0.0023314789298387577,16.050000000000026,0.0,87.47249999999998,0.0,1.5,0.0,1.5,0.0,0.0,0.0,,
10.8,6.811527599556733,0.09447503836711754,7.379492670993245,-0.000823792861054764,-0.0016071631736619615,0.004136095072741113,16.200000000000024,0.0,89.09999999999998,0.0,1.5,0.0,1.5,0.0,0.0,0.0,,
10.9,6.53495410013725,0.03104584968623202,7.399799368612713,-0.0028931960302473097,-0.005584056857718903,0.00014969126151182822,16.350000000000023,0.0,90.74249999999998,0.0,1.5,0.0,1.5,0.0,0.0,0.0,,
11.0,6.446262514126162,0.10884449673317144,7.361234915565986,-0.0034912214627893525,0.011096992938668296,-0.009894444215610749,16.50000000000002,0.0,92.39999999999998,0.0,1.5,0.0,1.5,0.0,0.0,0.0,86.34683288600897,1.2713402237460625
11.100000000000001,6.57575977241991,0.07550111098394773,7.489281680791052,-0.0010136836405500106,0.01510113747522855,-0.0037333402025232654,16.65000000000002,0.0,94.07249999999998,0.0,1.5,0.0,1.5,0.0,0.0,0.0,,
11.200000000000001,6.541871822099699,0.025272168078863604,7.153897685739695,-0.0020523104021826157,-0.01011890390345944,0.008897429087186602,16.80000000000002,0.0,95.75999999999998,0.0,1.5,0.0,1.5,0.0,0.0,0.0,,
11.3,6.707888719145507,-0.1673301813484726,7.409446136823227,-0.001639873034251087,-0.002387347259401109,0.010395355231012364,16.950000000000017,0.0,97.46249999999998,0.0,1.5,0.0,1.5,0.0,0.0,0.0,,
11.4,6.568264128600088,-0.24187112260788307,7.303455088689739,0.0010974094468945619,5.521348547060399e-05,-0.0002865822296355047,17.100000000000016,0.0,99.17999999999998,0.0,1.5,0.0,1.5,0.0,0.0,0.0,,
11.5,6.710921775402549,0.29959262613336174,7.205912786527543,0.009192826917014233,0.0001151477049508578,0.008968246092484651,17.250000000000014,0.0,100.91249999999997,0.0,1.5,0.0,1.5,0.0,0.0,0.0,,
11.600000000000001,6.80390101274576,0.1985902967082813,7.396640809145132,0.02427314923212978,0.003915871773089067,0.005941393938870273,17.400000000000013,0.0,102.65999999999995,0.0,1.5,0.0,1.5,0.0,0.0,0.0,,
11.700000000000001,6.672032909227476,-0.3671580183792525,7.505119995582177,-0.015239934801786705,0.018351862460077608,0.002373997870507413,17.55000000000001,0.0,104.42249999999994,0.0,1.5,0.0,1.5,0.0,0.0,0.0,,
11.8,6.484105964659305,0.04108033654867946,7.456639048903185,0.013499757950836118,0.00482147590315224,-0.002197314012949472,17.70000000000001,0.0,106.19999999999993,0.0,1.5,0.0,1.5,0.0,0.0,0.0,,
11.9,6.644105571596151,0.18432251218671783,7.439274621993035,0.013378805238277464,-0.018112581711772744,-0.0064472720936579915,17.85000000000001,0.0,107.99249999999992,0.0,1.5,0.0,1.5,0.0,0.0,0.0,,
12.0,6.4692848170544535,0.08258124217988043,7.179087104024321,0.020371111620074697,0.0011747179033998766,-0.0036169940479003886,18.000000000000007,0.0,109.79999999999991,0.0,1.5,0.0,1.5,0.0,0.0,0.0,111.82864065479019,7.050137029556106
12.100000000000001,7.0447449624801814,-0.08549799774785306,7.570260801381817,-0.013275463896624465,0.0003358019278788089,-0.012957589767110414,18.150000000000006,0.0,111.6224999999999,0.0,1.5,0.0,1.5,0.0,0.0,0.0,,
12.200000000000001,6.558147462751619,0.11770849691548617,7.192059972432053,-0.014254424905872967,0.003542951580555427,0.005936400271309314,18.300000000000004,0.0,113.4599999999999,0.0,1.5,0.0,1.5,0.0,0.0,0.0,,
12.3,6.593703237480343,-0.024712408049848048,7.413172776668502,-0.0072778837275256835,-0.0022547675256571866,0.004432963992650119,18.450000000000003,0.0,115.31249999999989,0.0,1.5,0.0,1.5,0.0,0.0,0.0,,
12.4,6.829064664064281,0.3736919039149863,7.3185768840670615,0.02743645719404625,0.0026972021469765716,0.011748563383384336,18.6,0.0,117.17999999999988,0.0,1.5,0.0,1.5,0.0,0.0,0.0,,
12.5,6.397440914916112,-0.05255679290261134,7.3053228402535,0.0020919081148710775,-0.0026691707884526905,-0.003607767825093847,18.75,0.0,119.06249999999987,0.0,1.5,0.0,1.5,0.0,0.0,0.0,,
12.600000000000001,6.544406964632589,-0.08459181289780807,7.406464030164616,-0.008409877862654081,0.007253007526080927,0.019110432703995154,18.9,0.0,120.95999999999987,0.0,1.5,0.0,1.5,0.0,0.0,0.0,,
12.700000000000001,6.950846845671113,-0.3412010408363798,7.0949068077222055,-0.0022603818383331253,0.008151650975762498,0.0023571408349795367,19.049999999999997,0.0,122.87249999999986,0.0,1.5,0.0,1.5,0.0,0.0,0.0,,
12.8,6.682485357421513,-0.1953298516211891,7.352310187530799,0.002554238721203742,-0.00694691227304814,0.016658084471713266,19.199999999999996,0.0,124.79999999999986,0.0,1.5,0.0,1.5,0.0,0.0,0.0,,
12.9,6.722731353662738,-0.031436469815992414,7.2389281189067045,0.006093070519942928,0.007016962086748897,0.00665296396381849,19.349999999999994,0.0,126.74249999999985,0.0,1.5,0.0,1.5,0.0,0.0,0.0,,
13.0,6.773527782241752,-0.18099425439172412,7.289782850806543,-0.006930980285440423,-0.003587124180692755,0.005718348839186822,19.499999999999993,0.0,128.69999999999985,0.0,1.5,0.0,1.5,0.0,0.0,0.0,124.16962499933825,0.6482333860079569
13.100000000000001,6.585014388779269,0.04718458610172262,7.348767203591802,-0.008862512624036811,-0.003846297060356603,0.017835453531226356,19.64999999999999,0.0,130.67249999999984,0.0,1.5,0.0,1.5,0.0,0.0,0.0,,
13.200000000000001,6.735786771260454,-0.04858740729326042,7.546577071675259,-0.014825314419155734,0.01595398994166843,-0.009050971674770222,19.79999999999999,0.0,132.65999999999983,0.0,1.5,0.0,1.5,0.0,0.0,0.0,,
13.3,6.4107783433062195,0.27501077261289353,7.373001012678886,-0.006529898482535677,-0.002087584126695512,-0.007749237493366803,19.94999999999999,0.0,134.66249999999982,0.0,1.5,0.0,1.5,0.0,0.0,0.0,,
13.4,6.792357412138768,0.011210868098379689,7.408905164390069,-0.013680456569354457,0.013583060677168739,0.008984128393411606,20.099999999999987,0.0,136.6799999999998,0.0,1.5,0.0,1.5,0.0,0.0,0.0,,
13.5,6.607765942923401,-0.024603348001366245,7.3083016685446465,-0.002848000054227128,0.0015964753059636452,0.0159967565805003,20.249999999999986,0.0,138.7124999999998,0.0,1.5,0.0,1.5,0.0,0.0,0.0,,
13.600000000000001,6.423620942737145,-0.18569359466666058,7.309775336411093,-0.00705282359160692,-0.0024744374741518787,0.0010686405141130595,20.399999999999984,0.0,140.7599999999998,0.0,1.5,0.0,1.5,0.0,0.0,0.0,,
13.700000000000001,6.780374964112677,0.3517848335709131,7.398002463726014,0.007685869640276231,-0.003675731865528237,0.01611769999691544,20.549999999999983,0.0,142.8224999999998,0.0,1.5,0.0,1.5,0.0,0.0,0.0,,
13.8,7.124434640140837,-0.11913317584768035,7.168482938147983,0.007150699504268479,0.00635614006128741,0.002291282885766224,20.69999999999998,0.0,144.89999999999978,0.0,1.5,0.0,1.5,0.0,0.0,0.0,,
13.9,6.957520147721152,-0.1035481652704821,7.406111630350876,0.012695067321456784,-0.012487916516680757,0.011649984867110719,20.84999999999998,0.0,146.99249999999978,0.0,1.5,0.0,1.5,0.0,0.0,0.0,,
14.0,6.158831775874602,0.07460942711836975,7.408767207490616,0.005629778550244077,0.012387125385641223,0.017215997161840593,20.99999999999998,0.0,149.09999999999977,0.0,1.5,0.0,1.5,0.0,0.0,0.0,147.09386954692957,1.8680127106109408
14.100000000000001,6.8528765299697465,-0.19238985690414678,7.49421470769978,-0.005361528590694544,0.020256717535983827,0.006884041678481589,21.149999999999977,0.0,151.22249999999977,0.0,1.5,0.0,1.5,0.0,0.0,0.0,,
14.200000000000001,6.607574729127249,-0.15335100184168282,7.613182102266682,0.0012842747117032586,0.0036163868956884406,0.016349561160094832,21.299999999999976,0.0,153.35999999999976,0.0,1.5,0.0,1.5,0.0,0.0,0.0,,
14.3,6.639655966657765,-0.17392123025771072,7.618652662331573,-0.015502053614681157,-0.006296614356737358,0.01527563754441721,21.449999999999974,0.0,155.51249999999976,0.0,1.5,0.0,1.5,0.0,0.0,0.0,,
14.4,6.835832607759399,-0.1612225360813233,7.38513746502619,-0.014671984370252562,0.02878397784921723,0.012697355520730765,21.599999999999973,0.0,157.67999999999975,0.0,1.5,0.0,1.5,0.0,0.0,0.0,,
14.5,6.708419719412969,-0.010292599286434737,7.237570801527413,-0.005420614459596844,0.0035385948188467954,0.002523411948508836,21.74999999999997,0.0,159.86249999999973,0.0,1.5,0.0,1.5,0.0,0.0,0.0,,
14.600000000000001,6.955424514581328,0.01649906307237971,7.452504655180945,-0.0022058211974198276,0.016410380607280915,0.006911253596799787,21.89999999999997,0.0,162.05999999999972,0.0,1.5,0.0,1.5,0.0,0.0,0.0,,
14.700000000000001,6.495553103258723,-0.022940618861524938,7.165483631734951,-0.017468238721726953,-0.004298618946142714,0.014338815991497464,22.04999999999997,0.0,164.2724999999997,0.0,1.5,0.0,1.5,0.0,0.0,0.0,,
14.8,6.711885577011005,0.11578809088878698,7.13506310423353,-0.0003490117873130151,-0.010942111037631435,0.008228659703234668,22.199999999999967,0.0,166.4999999999997,0.0,1.5,0.0,1.5,0.0,0.0,0.0,,
14.9,6.59047171227543,0.0607657130970989,7.521592625241245,-0.01420273346464336,0.01113200679384052,-0.0005573940956813692,22.349999999999966,0.0,168.74249999999967,0.0,1.5,0.0,1.5,0.0,0.0,0.0,,
15.0,5.409789103908067,0.012205315389855021,8.349829673577606,-0.003591682250802918,0.015686423243950726,-0.004572851419877167,22.499999999999964,0.0,170.99249999999967,0.0,0.0,0.0,0.0,0.0,0.0,0.0,170.63089302785545,0.702679689376928
15.100000000000001,5.334025284410047,-0.15029490669640608,7.92236703614291,-0.012210132325970187,0.0014558382453399956,0.00502026817518187,22.499999999999964,0.0,173.24249999999967,0.0,0.0,0.0,0.0,0.0,0.0,0.0,,
15.200000000000001,5.232397921828185,-0.01858220931463194,8.200619638629773,0.011840509769361096,-0.0032097555422322876,0.007952124431160749,22.499999999999964,0.0,175.49249999999967,0.0,0.0,0.0,0.0,0.0,0.0,0.0,,
15.3,5.149853661287956,-0.198163852947674,8.184901145194399,-0.00190467395075013,-0.020851201136834637,0.00867480679885195,22.499999999999964,0.0,177.74249999999967,0.0,0.0,0.0,0.0,0.0,0.0,0.0,,
15.4,5.453085728987107,-0.14593121280059473,8.257248251838558,-0.006941517084839468,-0.014452222179494476,0.026605698903454364,22.499999999999964,0.0,179.99249999999967,0.0,0.0,0.0,0.0,0.0,0.0,0.0,,
15.5,5.513410028400691,0.04678736544557709,8.225496075315212,0.00987390185467193,0.015273705349266885,0.020642858381419493,22.499999999999964,0.0,182.24249999999967,0.0,0.0,0.0,0.0,0.0,0.0,0.0,,
15.600000000000001,5.201205849164609,0.05836280263113468,7.9258571987882,-0.014506777747562663,-0.011868905842810482,-0.0007790914450136388,22.499999999999964,0.0,184.49249999999967,0.0,0.0,0.0,0.0,0.0,0.0,0.0,,
15.700000000000001,5.368662297957401,-0.17751272737485438,8.383951611994593,-0.004189846722174011,-0.01621224941579123,0.009777601706872108,22.499999999999964,0.0,186.74249999999967,0.0,0.0,0.0,0.0,0.0,0.0,0.0,,
15.8,5.303599101834621,0.02978035417283856,8.035488421698686,-0.004570735721617087,0.0032372529853678163,0.01320892307140015,22.499999999999964,0.0,188.99249999999967,0.0,0.0,0.0,0.0,0.0,0.0,0.0,,
15.9,5.181489222990873,-0.21048036657904765,8.24576804098919,0.003992905131687979,0.003626574321054852,0.009118479028556014,22.499999999999964,0.0,191.24249999999967,0.0,0.0,0.0,0.0,0.0,0.0,0.0,,
16.0,5.093580290607042,-0.037912587677425766,7.975488280350209,0.0018461032664564014,-0.011242659894140125,0.012522394738779377,22.499999999999964,0.0,193.49249999999967,0.0,0.0,0.0,0.0,0.0,0.0,0.0,194.48207900438638,1.2810019288057823
16.1,5.5690859238214125,-0.10035540309398887,8.296777783918726,-0.0037681495833340934,0.003381126199769564,0.01763145475463989,22.499999999999964,0.0,195.74249999999967,0.0,0.0,0.0,0.0,0.0,0.0,0.0,,
16.2,5.4074018068218725,-0.20215013096960938,8.244943568441446,0.0019047366454839419,0.013078467264082533,0.025315012193598177,22.499999999999964,0.0,197.99249999999967,0.0,0.0,0.0,0.0,0.0,0.0,0.0,,
16.3,5.39249465897805,-0.27293052652331073,8.484713586116268,0.024889277397127194,-0.005895478547348916,0.00964987212078495,22.499999999999964,0.0,200.24249999999967,0.0,0.0,0.0,0.0,0.0,0.0,0.0,,
16.400000000000002,5.48344253137358,-0.04727641936689597,7.905898269243612,-0.012264669513999188,0.012940812826303043,0.0027574031423041705,22.499999999999964,0.0,202.49249999999967,0.0,0.0,0.0,0.0,0.0,0.0,0.0,,
16.5,5.566331963791645,-0.05908995542864423,8.433843051093609,-0.002173849436569034,0.007014275107115129,0.006678267298833055,22.499999999999964,0.0,204.74249999999967,0.0,0.0,0.0,0.0,0.0,0.0,0.0,,
16.6,5.177566918943272,0.21867331682562685,8.254663247677893,0.0016191147022419053,0.009859670746030409,0.012039868625719406,22.499999999999964,0.0,206.99249999999967,0.0,0.0,0.0,0.0,0.0,0.0,0.0,,
16.7,5.33744243647667,0.03979149019034231,8.146140671621817,0.009719671215987545,0.014751375020351372,-0.008053738179370992,22.499999999999964,0.0,209.24249999999967,0.0,0.0,0.0,0.0,0.0,0.0,0.0,,
16.8,5.455280099361005,0.032808189959567635,8.317229515867572,-0.00034461951257893855,0.0024806045861105477,0.0006584346255236228,22.499999999999964,0.0,211.49249999999967,0.0,0.0,0.0,0.0,0.0,0.0,0.0,,
16.900000000000002,5.696380669646075,-0.18647238193300586,8.283054593105438,0.0013207885599701668,0.012561740476539804,0.008975633428958388,22.499999999999964,0.0,213.74249999999967,0.0,0.0,0.0,0.0,0.0,0.0,0.0,,
17.0,5.496514378332546,0.10556510360587244,8.124546732553702,-0.011819480539660407,-0.0074152175583546785,-0.0013057344430357854,22.499999999999964,0.0,215.99249999999967,0.0,0.0,0.0,0.0,0.0,0.0,0.0,219.52003653475836,-0.36072676253348473
17.1,5.199012369514603,-0.1826740775984683,8.376720801538223,-0.009174233057885575,0.001345278247345715,0.02711120648516388,22.499999999999964,0.0,218.24249999999967,0.0,0.0,0.0,0.0,0.0,0.0,0.0,,
17.2,5.431678139364304,0.03538801338375801,8.227500806848084,-0.007262604884598323,0.0023506571981208257,0.0051035904329447615,22.499999999999964,0.0,220.49249999999967,0.0,0.0,0.0,0.0,0.0,0.0,0.0,,
17.3,5.199845273098514,-0.07495043625525603,8.108827309173614,0.0001184461788650554,0.005706169023423398,-0.004135262447210752,22.499999999999964,0.0,222.74249999999967,0.0,0.0,0.0,0.0,0.0,0.0,0.0,,
17.400000000000002,5.528599523313096,0.17900052625782592,8.192331133627647,0.01735661054245021,0.011188659139216153,-0.002754840945580676,22.499999999999964,0.0,224.99249999999967,0.0,0.0,0.0,0.0,0.0,0.0,0.0,,
17.5,5.432552123741805,0.27692179009161816,7.919796296814257,-0.01515649901905454,-0.003936287227214746,0.0019061663472891626,22.499999999999964,0.0,227.24249999999967,0.0,0.0,0.0,0.0,0.0,0.0,0.0,,
17.6,5.603208904833628,-0.3769149574397221,8.057808090161453,0.00950484555087055,-0.0006872366933801253,0.01746249525468818,22.499999999999964,0.0,229.49249999999967,0.0,0.0,0.0,0.0,0.0,0.0,0.0,,
17.7,5.490398069159438,-0.2932538715319612,8.193626369613913,-0.007998160236376471,0.011003821027125873,-0.004728346214540401,22.499999999999964,0.0,231.74249999999967,0.0,0.0,0.0,0.0,0.0,0.0,0.0,,
17.8,5.461428731261501,0.028045242277942927,8.068903121619066,-0.011940502376040918,0.00364735667033945,-0.003068774965555658,22.499999999999964,0.0,233.99249999999967,0.0,0.0,0.0,0.0,0.0,0.0,0.0,,
17.900000000000002,5.4390893731356655,-0.14728257325633048,8.3986271068435,-0.00033148188612723393,0.0024851531740148216,-0.01846879393694171,22.499999999999964,0.0,236.24249999999967,0.0,0.0,0.0,0.0,0.0,0.0,0.0,,
18.0,5.3198687680013546,0.019796629359880146,8.369500570934395,-0.01737836469233,-0.011282383174514172,0.012416489455155708,22.499999999999964,0.0,238.49249999999967,0.0,0.0,0.0,0.0,0.0,0.0,0.0,242.1620563341675,-2.4572605624236754
18.1,5.3888403114921575,0.10760793396284936,8.182866218224081,0.0038579864424130635,-0.015458370872453822,-0.0015814121792214917,22.499999999999964,0.0,240.74249999999967,0.0,0.0,0.0,0.0,0.0,0.0,0.0,,
18.2,5.2503822276137395,-0.14478940519170236,8.205742650651416,-0.0002719517419602205,-0.0038140771402943446,0.014647761484141661,22.499999999999964,0.0,242.99249999999967,0.0,0.0,0.0,0.0,0.0,0.0,0.0,,
18.3,5.237260664378433,0.06407472898910242,8.272562547402867,0.009498295170757527,-0.005435115210218896,0.00737002768733408,22.499999999999964,0.0,245.24249999999967,0.0,0.0,0.0,0.0,0.0,0.0,0.0,,
18.400000000000002,5.277605607282565,-0.10720561104368306,8.43741585226423,0.016553676346544487,-0.01220891082994525,0.0077351168098289905,22.499999999999964,0.0,247.49249999999967,0.0,0.0,0.0,0.0,0.0,0.0,0.0,,
18.5,5.329885430364717,0.20935587490196192,8.079257764031487,0.0071467106956400305,0.016699384084750017,0.024494790204036727,22.499999999999964,0.0,249.74249999999967,0.0,0.0,0.0,0.0,0.0,0.0,0.0,,
18.6,5.435882692072517,0.09506169582651386,8.147290420832512,-0.004178715761285628,0.005974266386183177,0.003456083417540573,22.499999999999964,0.0,251.99249999999967,0.0,0.0,0.0,0.0,0.0,0.0,0.0,,
18.7,5.4979745133265485,0.2495742477231935,8.074571377389367,0.004114642974353334,-0.017988674195826865,0.017057443548850262,22.499999999999964,0.0,254.24249999999967,0.0,0.0,0.0,0.0,0.0,0.0,0.0,,
18.8,5.629243258967484,-0.023869643555185692,8.223484434608546,-0.0013942017432841919,-0.023676413199428793,0.01262590077884403,22.499999999999964,0.0,256.49249999999967,0.0,0.0,0.0,0.0,0.0,0.0,0.0,,
18.900000000000002,5.241299277352344,-0.06401560267676651,8.590424632586176,0.004589401764174372,-0.002448808704223622,-0.0069652054193605085,22.499999999999964,0.0,258.74249999999967,0.0,0.0,0.0,0.0,0.0,0.0,0.0,,
19.0,5.3991679869502995,0.02441736373963731,8.250602805173628,0.0023103217646186754,-0.008150629540955575,-0.0011727082326738842,22.499999999999964,0.0,260.99249999999967,0.0,0.0,0.0,0.0,0.0,0.0,0.0,263.9893933322415,1.8951309696169458
19.1,5.079914812123243,-0.06215202119970922,8.404164056518946,-0.013448240502859981,-0.00985893733931765,0.014139711181002221,22.499999999999964,0.0,263.24249999999967,0.0,0.0,0.0,0.0,0.0,0.0,0.0,,
19.200000000000003,5.415522158222364,0.26041895095976325,7.812873421847508,0.005755759010915421,-0.0025258112341430628,-0.013813127904132678,22.499999999999964,0.0,265.49249999999967,0.0,0.0,0.0,0.0,0.0,0.0,0.0,,
19.3,5.157466903957948,-0.20050558737176474,8.090068969247257,0.02233873633092639,-0.0019375303121153954,0.020014786191803344,22.499999999999964,0.0,267.74249999999967,0.0,0.0,0.0,0.0,0.0,0.0,0.0,,
19.400000000000002,5.393487082561473,-0.19091669929360106,8.112879570379285,0.004415464217126775,-0.00462305646018568,0.015668405928426686,22.499999999999964,0.0,269.99249999999967,0.0,0.0,0.0,0.0,0.0,0.0,0.0,,
19.5,5.266450556640933,0.2036327985209987,8.106238933246908,0.012148478650158008,-0.017150218876605772,0.004605831422276588,22.499999999999964,0.0,272.24249999999967,0.0,0.0,0.0,0.0,0.0,0.0,0.0,,
19.6,5.158372864868367,-0.06281398406351917,8.068699687873616,-0.009318493758753828,-0.010708509864497852,-0.0067862316968315736,22.499999999999964,0.0,274.49249999999967,0.0,0.0,0.0,0.0,0.0,0.0,0.0,,
19.700000000000003,5.2680681275507055,0.1768136877812796,7.9952264700201425,0.013666073300945871,0.004695127135876798,0.003508981401991488,22.499999999999964,0.0,276.74249999999967,0.0,0.0,0.0,0.0,0.0,0.0,0.0,,
19.8,5.350581492893257,0.06243371440305616,7.813039002385888,0.006432878679300549,0.002632900056867608,-0.005519901295417793,22.499999999999964,0.0,278.99249999999967,0.0,0.0,0.0,0.0,0.0,0.0,0.0,,
19.900000000000002,5.60937646621949,-0.017772501931290062,8.269902221179043,0.00650844560970987,-0.003441294093033524,0.020956595348357164,22.499999999999964,0.0,281.24249999999967,0.0,0.0,0.0,0.0,0.0,0.0,0.0,,
20.0,5.237916471916656,-0.054150217671193615,8.469239997453691,-0.001524083785096318,0.014696918845336047,-0.004657435843236845,22.499999999999964,0.0,283.49249999999967,0.0,0.0,0.0,0.0,0.0,0.0,0.0,282.1158269528384,-0.3153118871023465
20.1,5.393177058631769,0.09586239489825478,8.36472137250898,0.011342529907538628,-0.004707404029419551,-0.00666664436437291,22.499999999999964,0.0,285.74249999999967,0.0,0.0,0.0,0.0,0.0,0.0,0.0,,
20.200000000000003,5.3364560310884706,-0.3116482703566405,8.195351714854505,0.006949946101478128,-0.011874200387963574,-0.0007391333914809574,22.499999999999964,0.0,287.99249999999967,0.0,0.0,0.0,0.0,0.0,0.0,0.0,,
20.3,5.093314778665483,-0.03058780382449139,7.959618049559407,0.013586233818983223,0.007986794700360164,0.0016857370546671325,22.499999999999964,0.0,290.24249999999967,0.0,0.0,0.0,0.0,0.0,0.0,0.0,,
20.400000000000002,5.2055301424426546,-0.04915512669408796,8.159618510591294,-0.0006209238123614455,-0.006070996027539953,0.025287898253989784,22.499999999999964,0.0,292.49249999999967,0.0,0.0,0.0,0.0,0.0,0.0,0.0,,
20.5,5.579749218784385,-0.2809056540045015,8.210358912779435,-0.010153407553633888,-0.0038408370351125667,0.013274837574863379,22.499999999999964,0.0,294.74249999999967,0.0,0.0,0.0,0.0,0.0,0.0,0.0,,
20.6,5.348520871044283,-0.2413817174169903,8.139623082434078,-0.003751457566279007,-0.0020322433573659567,0.006376985950843101,22.499999999999964,0.0,296.99249999999967,0.0,0.0,0.0,0.0,0.0,0.0,0.0,,
20.700000000000003,5.472610173411085,-0.1545979538506102,8.068630936039344,-0.013103035420713874,0.015951475828822864,0.009122923193537458,22.499999999999964,0.0,299.24249999999967,0.0,0.0,0.0,0.0,0.0,0.0,0.0,,
20.8,5.4827704078961474,-0.17992250239077706,8.288966350500756,-0.0009812411025533502,0.009268761048866855,0.011943568312018964,22.499999999999964,0.0,301.49249999999967,0.0,0.0,0.0,0.0,0.0,0.0,0.0,,
20.900000000000002,5.290297278305935,0.005350443467100806,8.110211308323034,-0.02644598632967926,0.0022829566556951944,-0.0014231520898254557,22.499999999999964,0.0,303.74249999999967,0.0,0.0,0.0,0.0,0.0,0.0,0.0,,
21.0,5.085263672833068,-0.24928006775129652,8.299922215327667,-0.01303618783312231,0.004871379880416136,0.0036900684051895238,22.499999999999964,0.0,305.99249999999967,0.0,0.0,0.0,0.0,0.0,0.0,0.0,308.0826338774911,4.570084192775844
21.1,5.319237596439913,-0.16835010764437378,8.238737021271918,-0.014373220478297886,0.011604310247102104,0.003619878073062775,22.499999999999964,0.0,308.24249999999967,0.0,0.0,0.0,0.0,0.0,0.0,0.0,,
21.200000000000003,5.3209819772784375,-0.13872808547354304,8.135417902229413,0.010665107255570672,-0.010868442075938196,0.0009746717227236716,22.499999999999964,0.0,310.49249999999967,0.0,0.0,0.0,0.0,0.0,0.0,0.0,,
21.3,5.382341021618836,-0.05772212503733709,8.13262814268124,-0.0033707535463317635,-0.0070093116218713225,0.006918041948842541,22.499999999999964,0.0,312.74249999999967,0.0,0.0,0.0,0.0,0.0,0.0,0.0,,
21.400000000000002,5.340337791612446,0.14905113686713062,8.285833240721251,0.015419351739264073,0.009893786673687396,0.0006875760818841562,22.499999999999964,0.0,314.99249999999967,0.0,0.0,0.0,0.0,0.0,0.0,0.0,,
21.5,5.47438209264161,-0.1891673723454183,8.125589421638082,-0.005963970004160041,0.01119697834941654,0.01521338965058022,22.499999999999964,0.0,317.24249999999967,0.0,0.0,0.0,0.0,0.0,0.0,0.0,,
21.6,5.46244529785665,0.06136532469242244,7.996023847159429,0.006175246157342082,0.01545000495293364,-0.00724579003726601,22.499999999999964,0.0,319.49249999999967,0.0,0.0,0.0,0.0,0.0,0.0,0.0,,
21.700000000000003,5.452309099366196,0.0038844116087502767,7.854672720818661,0.0021789724844237354,-0.001982155014700076,0.007622211575279793,22.499999999999964,0.0,321.74249999999967,0.0,0.0,0.0,0.0,0.0,0.0,0.0,,
21.8,5.191670012007012,0.157122054271392,8.142894404892331,0.014180347422914092,-0.01595360990605562,0.003605602286903747,22.499999999999964,0.0,323.99249999999967,0.0,0.0,0.0,0.0,0.0,0.0,0.0,,
21.900000000000002,5.639053837768757,0.1949819718032887,8.227703643162956,-0.0007106179922517428,-0.00975418970080877,0.01273498314379537,22.499999999999964,0.0,326.24249999999967,0.0,0.0,0.0,0.0,0.0,0.0,0.0,,
22.0,5.02783324814882,0.13451642766599609,8.486620863581743,0.010334715888935406,-0.01676527181590884,0.0055448567631482945,22.499999999999964,0.0,328.49249999999967,0.0,0.0,0.0,0.0,0.0,0.0,0.0,330.7806590141013,2.107444933704975
22.1,5.436442421168388,-0.0669697395597103,8.022547652319105,-0.003632803443148338,-0.024662252326330326,0.013219661390371293,22.499999999999964,0.0,330.74249999999967,0.0,0.0,0.0,0.0,0.0,0.0,0.0,,
22.200000000000003,5.332500231626987,0.011985000094488153,8.32480588421678,0.009144499688298424,0.007909075489243222,0.006577750073948599,22.499999999999964,0.0,332.99249999999967,0.0,0.0,0.0,0.0,0.0,0.0,0.0,,
22.3,5.4749487613731125,-0.30816882203979634,8.193908901652412,-0.00749887730151352,0.009082773507048794,0.03129833356505116,22.499999999999964,0.0,335.24249999999967,0.0,0.0,0.0,0.0,0.0,0.0,0.0,,
22.400000000000002,5.323870895249081,-0.0038170746835619225,8.340985200917403,-0.007476359156681385,0.008315653590468852,0.01882191356402776,22.499999999999964,0.0,337.49249999999967,0.0,0.0,0.0,0.0,0.0,0.0,0.0,,
22.5,5.409164830797284,0.10850654070812009,8.380176918835636,-0.001983135298610507,0.0030422076890841573,-0.0012332445105935697,22.499999999999964,0.0,339.74249999999967,0.0,0.0,0.0,0.0,0.0,0.0,0.0,,
22.6,5.320397270885206,-0.024349211766091478,8.358037752968945,-1.5544581800705837e-05,0.0040980149402762515,0.010853123360995375,22.499999999999964,0.0,341.99249999999967,0.0,0.0,0.0,0.0,0.0,0.0,0.0,,
22.700000000000003,5.605896996398008,-0.21924291050092626,8.073489852865903,0.00451956328585357,-0.010292001966284199,-0.003254528641144668,22.499999999999964,0.0,344.24249999999967,0.0,0.0,0.0,0.0,0.0,0.0,0.0,,
22.8,5.304527697402633,-0.025735781337567647,8.3045716175652,-0.014344060157021714,-0.0090668338051671,0.01389259280854229,22.499999999999964,0.0,346.49249999999967,0.0,0.0,0.0,0.0,0.0,0.0,0.0,,
22.900000000000002,5.217827454723712,-0.1388203266497825,8.005774318291087,-0.0036736155615619487,0.013472848345293996,0.006771295369016539,22.499999999999964,0.0,348.74249999999967,0.0,0.0,0.0,0.0,0.0,0.0,0.0,,
23.0,5.354251243686721,0.030407691074218045,8.170445794424742,0.00394470233041133,-0.007869020006595114,0.007133244922886197,22.499999999999964,0.0,350.99249999999967,0.0,0.0,0.0,0.0,0.0,0.0,0.0,340.9442194268749,-12.068097095522832
23.1,5.51648116330559,0.1553684846704262,8.333572740681285,0.009232045864818234,-0.00041647446587761227,0.017174142638514762,22.499999999999964,0.0,353.24249999999967,0.0,0.0,0.0,0.0,0.0,0.0,0.0,,
23.200000000000003,5.252233338613408,0.24012127650952733,8.182147293261846,0.0016467105033943594,-0.011423795942733154,-0.0013232527419712765,22.499999999999964,0.0,355.49249999999967,0.0,0.0,0.0,0.0,0.0,0.0,0.0,,
23.3,5.538682551313176,0.19641930402699265,8.095821135754063,0.005264076056483404,0.002878169322554297,-0.014481882226439527,22.499999999999964,0.0,357.74249999999967,0.0,0.0,0.0,0.0,0.0,0.0,0.0,,
23.400000000000002,5.4693859897530155,0.16838651658911677,8.066216974263266,0.00124088963799576,0.0023265462827690327,0.010451799806233545,22.499999999999964,0.0,359.99249999999967,0.0,0.0,0.0,0.0,0.0,0.0,0.0,,
23.5,5.478906301943749,-0.4041976292318257,8.101653444724214,-0.004926431878653992,0.0031446773860246365,0.009188739683319472,22.499999999999964,0.0,362.24249999999967,0.0,0.0,0.0,0.0,0.0,0.0,0.0,,
23.6,5.321959107746223,-0.07323899267793407,8.308104940121083,0.005600519673705621,0.01406075595745269,-0.015329094255415782,22.499999999999964,0.0,364.49249999999967,0.0,0.0,0.0,0.0,0.0,0.0,0.0,,
23.700000000000003,5.439753556021712,-0.039034044179631106,8.429094996984706,-0.0034230993335982135,-0.008847723454111823,-0.0016951076073740967,22.499999999999964,0.0,366.74249999999967,0.0,0.0,0.0,0.0,0.0,0.0,0.0,,
23.8,5.301091989999816,0.008930820747301938,8.098896444648693,0.0005951943101163997,0.00866773811935214,0.0050194166385404484,22.499999999999964,0.0,368.99249999999967,0.0,0.0,0.0,0.0,0.0,0.0,0.0,,
23.900000000000002,5.366477425936699,0.3893536370665623,8.11302130010155,-0.005628699398145093,-0.007484269844113948,0.005675530852321511,22.499999999999964,0.0,371.24249999999967,0.0,0.0,0.0,0.0,0.0,0.0,0.0,,
24.0,5.2661356052794766,0.1788554572813416,8.025438281200964,0.019669387963836438,-0.009513736249931279,-0.015297447481089408,22.499999999999964,0.0,373.49249999999967,0.0,0.0,0.0,0.0,0.0,0.0,0.0,378.06793434369183,2.743927414190783
24.1,5.505837702909504,0.04281674387916405,8.06110986670528,-0.006126403845473314,-0.0018443081394802952,0.005428720857018177,22.499999999999964,0.0,375.74249999999967,0.0,0.0,0.0,0.0,0.0,0.0,0.0,,
24.200000000000003,5.483182001580557,-0.13659421800441984,8.029216773511642,0.00564073840548791,0.015780231990323513,-0.0076069930783709445,22.499999999999964,0.0,377.99249999999967,0.0,0.0,0.0,0.0,0.0,0.0,0.0,,
24.3,5.426404526579597,0.06268321542615615,8.206843491733007,0.0010730198222239317,0.018284372819744307,0.015339353022008848,22.499999999999964,0.0,380.24249999999967,0.0,0.0,0.0,0.0,0.0,0.0,0.0,,
24.400000000000002,5.116939326534483,-0.3663813101249953,8.066240185855147,0.006449323498850356,-0.010782543759010823,0.023120523262836618,22.499999999999964,0.0,382.49249999999967,0.0,0.0,0.0,0.0,0.0,0.0,0.0,,
24.5,5.398413189436557,-0.03239825330457772,8.389380154485691,-0.0009171366892361734,-0.009911880324687605,0.0036888882930784113,22.499999999999964,0.0,384.74249999999967,0.0,0.0,0.0,0.0,0.0,0.0,0.0,,
24.6,5.474746375479026,-0.02206460139939024,8.198574295395828,-0.0022759963834996654,0.01172257741040874,0.01555432271464934,22.499999999999964,0.0,386.99249999999967,0.0,0.0,0.0,0.0,0.0,0.0,0.0,,
24.700000000000003,5.310179469342839,0.06713807259241146,8.064778209444377,0.03840318364435237,-0.008414553578471528,-0.016437461161341593,22.499999999999964,0.0,389.24249999999967,0.0,0.0,0.0,0.0,0.0,0.0,0.0,,
24.8,5.304247839966507,0.3288864619654545,8.358977355327896,-0.012265576465560167,0.009225155684084281,0.000214795218277301,22.499999999999964,0.0,391.49249999999967,0.0,0.0,0.0,0.0,0.0,0.0,0.0,,
24.900000000000002,5.408811639950418,0.18209006811326878,8.481385355887166,-0.0014159523091190386,-0.008255163708850915,0.011214794371659231,22.499999999999964,0.0,393.74249999999967,0.0,0.0,0.0,0.0,0.0,0.0,0.0,,
25.0,5.490018755583598,0.0970586130710815,8.294118657905011,0.010063292241967904,-0.002981984713188561,0.019677038090895507,22.499999999999964,0.0,395.99249999999967,0.0,0.0,0.0,0.0,0.0,0.0,0.0,395.27495476188085,-1.7540906541199959
25.1,5.298587104544336,-0.3383638266461932,8.26285225281044,0.002070111594520621,-0.012847775630299174,0.013159158702051803,22.499999999999964,0.0,398.24249999999967,0.0,0.0,0.0,0.0,0.0,0.0,0.0,,
25.200000000000003,5.541374796574292,0.1265579284484391,8.119177934701543,0.005360085126598787,0.01761840863392359,-0.012594882909838423,22.499999999999964,0.0,400.49249999999967,0.0,0.0,0.0,0.0,0.0,0.0,0.0,,
25.3,5.3176800897583405,-0.007670225686449095,8.329778379693257,0.0012707700434487755,-0.016026509142759163,0.004710481556491125,22.499999999999964,0.0,402.74249999999967,0.0,0.0,0.0,0.0,0.0,0.0,0.0,,
25.400000000000002,5.233216775750782,0.042475336420191454,8.162867086647859,-0.010641441378659093,0.0005798194146360496,-0.00866045948495987,22.499999999999964,0.0,404.99249999999967,0.0,0.0,0.0,0.0,0.0,0.0,0.0,,
25.5,5.1226460838094,-0.21864738833975889,8.224802490449886,0.016845498210980386,-0.018144597715115143,0.011772998991902567,22.499999999999964,0.0,407.24249999999967,0.0,0.0,0.0,0.0,0.0,0.0,0.0,,
25.6,5.715112295037532,-0.08718324471095742,8.145081899910057,0.010260043397477549,-0.0050112440592607116,-0.007317383239465675,22.499999999999964,0.0,409.49249999999967,0.0,0.0,0.0,0.0,0.0,0.0,0.0,,
25.700000000000003,5.581388957410342,-0.06540055512963713,8.24815329941802,-0.015914423915187558,-0.014602200081089717,-0.00395225179318915,22.499999999999964,0.0,411.74249999999967,0.0,0.0,0.0,0.0,0.0,0.0,0.0,,
25.8,5.605157268249908,0.03935826737120035,8.102726788043414,-0.00046759534940521956,-0.010037389124986243,0.006163806188925442,22.499999999999964,0.0,413.99249999999967,0.0,0.0,0.0,0.0,0.0,0.0,0.0,,
25.900000000000002,5.510645269958246,-0.3115164297068977,8.477066307167702,0.0031668997435593317,-0.015114434379246406,0.018655025546705343,22.499999999999964,0.0,416.24249999999967,0.0,0.0,0.0,0.0,0.0,0.0,0.0,,
26.0,5.244719059105578,-0.018721386355491514,8.04887861140768,-0.020036348952036695,0.010787266618657063,-0.004924713351351787,22.499999999999964,0.0,418.49249999999967,0.0,0.0,0.0,0.0,0.0,0.0,0.0,420.2998205997531,4.893425446879248
26.1,5.412898099392786,-0.25384199188231477,8.145078663634397,0.015141201744212565,0.009054655066141679,0.013697913042238496,22.499999999999964,0.0,420.74249999999967,0.0,0.0,0.0,0.0,0.0,0.0,0.0,,
26.200000000000003,5.301835564638428,0.20375200258463097,8.156568935268647,0.004600135254117998,0.0024794057218367176,0.011079698612975784,22.499999999999964,0.0,422.99249999999967,0.0,0.0,0.0,0.0,0.0,0.0,0.0,,
26.3,5.527361821548512,-0.034489587863591395,8.377705947172508,-0.0006316913716337335,-0.014171153967148416,-0.01583458371197346,22.499999999999964,0.0,425.24249999999967,0.0,0.0,0.0,0.0,0.0,0.0,0.0,,
26.400000000000002,5.426273899622027,0.01059012472307179,8.177581702215287,0.0038111203292055056,0.004231102957024749,0.0090511345318445,22.499999999999964,0.0,427.49249999999967,0.0,0.0,0.0,0.0,0.0,0.0,0.0,,
26.5,5.681375042874876,0.09889509650566061,8.177560911101214,0.003560704545431134,-0.002610713429948165,-0.006501762307831279,22.499999999999964,0.0,429.74249999999967,0.0,0.0,0.0,0.0,0.0,0.0,0.0,,
26.6,5.293950844469071,0.12304940552458556,8.082437931680085,-0.010247853088580372,0.005951800763109967,0.017161750308694365,22.499999999999964,0.0,431.99249999999967,0.0,0.0,0.0,0.0,0.0,0.0,0.0,,
26.700000000000003,5.400934749008631,-0.011889843680064164,7.952849413020373,0.008129902448095921,0.005292803816774372,0.0013602176025131352,22.499999999999964,0.0,434.24249999999967,0.0,0.0,0.0,0.0,0.0,0.0,0.0,,
26.8,5.355343730396276,-0.17742338717137354,8.237289377050608,0.009273144599340137,0.006844618778686902,0.0027859540349019153,22.499999999999964,0.0,436.49249999999967,0.0,0.0,0.0,0.0,0.0,0.0,0.0,,
26.900000000000002,5.301784054989802,-0.013957418571933727,8.390020687930233,0.007944638522271204,0.01181096681964388,0.02710157185732258,22.499999999999964,0.0,438.74249999999967,0.0,0.0,0.0,0.0,0.0,0.0,0.0,,
27.0,5.4293816730334505,0.024387865975250732,8.260340951256959,0.023982556653795558,0.0023870587200557083,-0.0004809362402048833,22.499999999999964,0.0,440.99249999999967,0.0,0.0,0.0,0.0,0.0,0.0,0.0,441.3311806197419,-1.1460514218833036
27.1,5.709951199391538,-0.14931327862420415,8.234803205527905,-0.005819532725640912,-0.004150114725075335,0.000771378828969751,22.499999999999964,0.0,443.24249999999967,0.0,0.0,0.0,0.0,0.0,0.0,0.0,,
27.200000000000003,5.299355548558323,-0.21896037660740755,8.313626198526588,0.004547758948054595,-0.00018308294565668048,0.002434556098411812,22.499999999999964,0.0,445.49249999999967,0.0,0.0,0.0,0.0,0.0,0.0,0.0,,
27.3,5.4620424157071525,0.0037553766499041075,8.073198275827068,0.008120380249489346,-0.009897592653381936,0.004094006309194579,22.499999999999964,0.0,447.74249999999967,0.0,0.0,0.0,0.0,0.0,0.0,0.0,,
27.400000000000002,5.280292263082213,0.14491519656451363,8.1154110558597,-0.011392462415458791,0.0004997592269636555,0.006579428077587021,22.499999999999964,0.0,449.99249999999967,0.0,0.0,0.0,0.0,0.0,0.0,0.0,,
27.5,5.246047842715607,-0.14951470520107604,8.084790263251408,-0.010586814975279827,0.01038531461854382,-0.002231265504051047,22.499999999999964,0.0,452.24249999999967,0.0,0.0,0.0,0.0,0.0,0.0,0.0,,
27.6,5.4517611769523375,-0.0008890310467885298,8.166947081943075,-0.005034545032667659,0.012997447623351137,0.016597543369844116,22.499999999999964,0.0,454.49249999999967,0.0,0.0,0.0,0.0,0.0,0.0,0.0,,
27.700000000000003,5.401794763930014,0.318136444503744,8.143313750573832,0.00868594688186849,-0.010220374186716617,0.004956334936476318,22.499999999999964,0.0,456.74249999999967,0.0,0.0,0.0,0.0,0.0,0.0,0.0,,
27.8,5.264397395041995,-0.09948020609723238,8.176967324509464,0.009223373688666676,0.018344879789430047,0.02499326721598935,22.499999999999964,0.0,458.99249999999967,0.0,0.0,0.0,0.0,0.0,0.0,0.0,,
27.900000000000002,5.369580755927689,-0.17025921806261202,8.195405020468476,0.011579966520191718,0.008944583701195847,0.0038475166142371746,22.499999999999964,0.0,461.24249999999967,0.0,0.0,0.0,0.0,0.0,0.0,0.0,,
28.0,5.364045216530162,-0.055314889529963635,8.224813783667788,0.0069425260216167016,-0.0016254987915095206,0.010911063262307528,22.499999999999964,0.0,463.49249999999967,0.0,0.0,0.0,0.0,0.0,0.0,0.0,463.18614261350876,-2.098659892503812
28.1,5.582851889238897,0.03519216494623298,8.173592725497251,0.02118683200800417,-0.0021373905854085093,0.01469502098060522,22.499999999999964,0.0,465.74249999999967,0.0,0.0,0.0,0.0,0.0,0.0,0.0,,
28.200000000000003,5.416526249968303,0.04581602943619674,7.9380223787998165,0.01716895557367444,0.006972820691952169,0.010302033825454499,22.499999999999964,0.0,467.99249999999967,0.0,0.0,0.0,0.0,0.0,0.0,0.0,,
28.3,5.332513342613258,0.18503293530453757,8.281061042798468,0.018178404404440025,-0.0002870484750114474,0.010013775086886799,22.499999999999964,0.0,470.24249999999967,0.0,0.0,0.0,0.0,0.0,0.0,0.0,,
28.400000000000002,5.299395735084947,0.18994604131412002,8.01029597785231,0.006625422329593962,-0.005698110168017372,-0.005162011137738792,22.499999999999964,0.0,472.49249999999967,0.0,0.0,0.0,0.0,0.0,0.0,0.0,,
28.5,5.476273344174605,-0.07135810263085574,8.31501315979687,0.01847311208629444,0.0051157239245531085,0.007258292108929419,22.499999999999964,0.0,474.74249999999967,0.0,0.0,0.0,0.0,0.0,0.0,0.0,,
28.6,5.567585991210922,-0.20288993366352645,8.19487699180065,0.005792959967830182,-0.005277349536428672,-0.006993845247832441,22.499999999999964,0.0,476.99249999999967,0.0,0.0,0.0,0.0,0.0,0.0,0.0,,
28.700000000000003,5.171934376873026,-0.06760433282638408,8.10628350427806,0.0026432170922038763,-0.001405064262917515,0.005202357405038875,22.499999999999964,0.0,479.24249999999967,0.0,0.0,0.0,0.0,0.0,0.0,0.0,,
28.8,5.604286680941304,0.005041206972445041,8.180799451770858,-0.006277028032705486,-0.01587218921389991,0.015725067737930677,22.499999999999964,0.0,481.49249999999967,0.0,0.0,0.0,0.0,0.0,0.0,0.0,,
28.900000000000002,5.471041037540785,0.12211984118698448,8.081837263845353,0.004514452170712177,0.0062164829312523805,-0.017568990300935124,22.499999999999964,0.0,483.74249999999967,0.0,0.0,0.0,0.0,0.0,0.0,0.0,,
29.0,5.599543825238255,0.12354068513707751,8.049285980699267,0.0007314726032741963,-0.012668570927417579,0.019257053917033286,22.499999999999964,0.0,485.99249999999967,0.0,0.0,0.0,0.0,0.0,0.0,0.0,490.4572547055431,-3.5897833930411007
29.1,5.4366492769815125,-0.21903980951627333,8.223399021670458,0.010788360932050605,0.008071334278289787,0.019361115755329304,22.499999999999964,0.0,488.24249999999967,0.0,0.0,0.0,0.0,0.0,0.0,0.0,,
29.200000000000003,5.3685803881387475,-0.33790422823446986,8.23253180674812,-0.0007552788259111086,-0.0054087466142886086,0.02041163953577972,22.499999999999964,0.0,490.49249999999967,0.0,0.0,0.0,0.0,0.0,0.0,0.0,,
29.3,5.2833672374094895,0.08475645981522877,8.589059062136295,-0.0059967540001236355,-0.006692040928571897,0.0139831589856775,22.499999999999964,0.0,492.74249999999967,0.0,0.0,0.0,0.0,0.0,0.0,0.0,,
29.400000000000002,5.353925470757588,0.05932686053019243,7.796857459764657,-0.01196528545087579,-0.0009863089664175254,0.008418205443892213,22.499999999999964,0.0,494.99249999999967,0.0,0.0,0.0,0.0,0.0,0.0,0.0,,
29.5,5.219113267237987,0.06551511966985823,8.307641119342662,0.009340284409531767,-0.002015271216554187,-0.009065364350814273,22.499999999999964,0.0,497.24249999999967,0.0,0.0,0.0,0.0,0.0,0.0,0.0,,
29.6,5.440555077041433,-0.2303080070023178,8.402889210827317,0.007790971203117712,-0.004133420033409664,1.539047398374689e-05,22.499999999999964,0.0,499.49249999999967,0.0,0.0,0.0,0.0,0.0,0.0,0.0,,
29.700000000000003,5.562973633815833,-0.19843854701235328,8.27640003405829,-0.0025810151792488322,0.0032539757771671983,0.01328633673395838,22.499999999999964,0.0,501.74249999999967,0.0,0.0,0.0,0.0,0.0,0.0,0.0,,
29.8,5.348461459369994,-0.16554017839756083,8.238424487329283,0.00043378902470384424,0.004487004800301776,-0.011482594327554474,22.499999999999964,0.0,503.99249999999967,0.0,0.0,0.0,0.0,0.0,0.0,0.0,,
29.900000000000002,5.155014881288186,0.09459308025876788,8.147969154867434,0.002157931338076078,-0.002168036072437944,-0.007306503949598624,22.499999999999964,0.0,506.24249999999967,0.0,0.0,0.0,0.0,0.0,0.0,0.0,,
30.0,3.0322288657681393,-0.008694901014480052,9.544342039282656,0.007561473208802471,-0.013589900258229757,-0.0005783007697997252,22.499999999999964,0.0,508.47849999999966,0.0,-2.8,0.0,-2.8,0.0,0.0,0.0,512.037102661065,-3.5394962344877077
30.1,3.0907106421405386,-0.267729751117728,9.805907059776123,-0.012898410031065075,0.007758560267350013,-0.006707114736557945,22.219999999999963,0.0,510.6864999999996,0.0,-2.8,0.0,-2.8,0.0,0.0,0.0,,
30.200000000000003,3.09073249893978,-0.049465914148380905,9.631021628301907,-0.019781538109029575,0.006327316105262874,0.008261198243983714,21.939999999999962,0.0,512.8664999999996,0.0,-2.8,0.0,-2.8,0.0,0.0,0.0,,
30.3,3.0522364611420016,-0.1918537596108018,9.645328839481952,0.0010927612560197677,-0.006503583544914062,0.020920316692479048,21.65999999999996,0.0,515.0184999999996,0.0,-2.8,0.0,-2.8,0.0,0.0,0.0,,
30.400000000000002,2.8969397344075603,-0.12206087343607473,9.599132081363598,-0.005810141508688187,-0.024009864039173264,0.0004151149353067568,21.37999999999996,0.0,517.1424999999996,0.0,-2.8,0.0,-2.8,0.0,0.0,0.0,,
30.5,2.988352709480419,-0.0640269942955992,9.429824065941885,0.02591266818708463,-0.008738130539406334,-0.0015081270504975087,21.09999999999996,0.0,519.2384999999996,0.0,-2.8,0.0,-2.8,0.0,0.0,0.0,,
30.6,3.0408250469712916,0.059293652329380706,9.790659135899272,-0.0115342932546013,0.001039989159068191,0.0297701207164824,20.819999999999958,0.0,521.3064999999996,0.0,-2.8,0.0,-2.8,0.0,0.0,0.0,,
30.700000000000003,3.197998877421928,-0.10623182624732538,9.746399215283503,0.010977267116052333,-0.00444027669272355,-0.002879616404583292,20.539999999999957,0.0,523.3464999999995,0.0,-2.8,0.0,-2.8,0.0,0.0,0.0,,
30.8,2.920513169270535,-0.11680399528286722,9.591099404951798,0.001839973765436898,-0.0183873031296523,0.02807157958806728,20.259999999999955,0.0,525.3584999999995,0.0,-2.8,0.0,-2.8,0.0,0.0,0.0,,
30.900000000000002,2.7948734910166895,-0.13955926345828779,9.688955673346147,0.0014251317293964034,0.0009696994268505232,-0.029884840757139215,19.979999999999954,0.0,527.3424999999995,0.0,-2.8,0.0,-2.8,0.0,0.0,0.0,,
31.0,2.939071655373646,0.062164114878275833,9.784923088743685,-0.0010036744893882244,0.009457278443536889,-0.017035055014572954,19.699999999999953,0.0,529.2984999999995,0.0,-2.8,0.0,-2.8,0.0,0.0,0.0,525.998197697693,0.30231405781806797
31.1,3.1019205198710655,0.10486335697100785,10.023539908238869,0.0054102271649625125,-0.009223757251810306,0.0063899914930305056,19.419999999999952,0.0,531.2264999999995,0.0,-2.8,0.0,-2.8,0.0,0.0,0.0,,
31.200000000000003,3.2087966479918535,-0.19700124458022006,9.908550822606186,-0.009875339919403838,-0.0093324340361198,0.008331210884919924,19.13999999999995,0.0,533.1264999999995,0.0,-2.8,0.0,-2.8,0.0,0.0,0.0,,
31.3,3.065519346428998,0.05601260173613297,9.688324343481154,0.007323480588559031,-0.01764192170595254,0.003448098126551911,18.85999999999995,0.0,534.9984999999995,0.0,-2.8,0.0,-2.8,0.0,0.0,0.0,,
31.400000000000002,3.079883891367363,-0.46064179991411597,9.617195505551521,-0.010952693448108768,-0.0036406619226047278,-0.011898253725435395,18.57999999999995,0.0,536.8424999999994,0.0,-2.8,0.0,-2.8,0.0,0.0,0.0,,
31.5,3.1824354715466616,0.023517809533610354,9.663107315845044,0.004307130634049317,0.004145058053369138,0.011328256458336261,18.299999999999947,0.0,538.6584999999994,0.0,-2.8,0.0,-2.8,0.0,0.0,0.0,,
31.6,3.0897782325444556,0.07067802443727006,9.426747223535155,-0.003331524135325882,-0.004891465625359488,0.004689139589353869,18.019999999999946,0.0,540.4464999999994,0.0,-2.8,0.0,-2.8,0.0,0.0,0.0,,
31.700000000000003,2.7288221689193417,-0.16003716932610268,9.74014200238796,-0.00783016831869577,-0.0072936561594271225,0.004210205042039714,17.739999999999945,0.0,542.2064999999994,0.0,-2.8,0.0,-2.8,0.0,0.0,0.0,,
31.8,3.179240410581108,-0.002586034016368463,9.724125036608896,-0.008571896175010385,0.0036708064396480423,0.004651504047090963,17.459999999999944,0.0,543.9384999999994,0.0,-2.8,0.0,-2.8,0.0,0.0,0.0,,
31.900000000000002,3.343891855748045,0.07865573761873829,9.559535166843414,0.004810507399540875,-0.009322881827024511,0.006688175161363268,17.179999999999943,0.0,545.6424999999994,0.0,-2.8,0.0,-2.8,0.0,0.0,0.0,,
32.0,2.8091620765367136,-0.1620322812335876,9.858973807566827,0.00984752915359235,-0.012005738555155495,0.008600414900456444,16.89999999999994,0.0,547.3184999999993,0.0,-2.8,0.0,-2.8,0.0,0.0,0.0,556.1742717692606,4.6617107963520965
32.1,3.1516214285032356,0.247611312929734,9.539971218587816,-0.00868040684305018,0.0016963847528152613,0.011634865797235933,16.61999999999994,0.0,548.9664999999993,0.0,-2.8,0.0,-2.8,0.0,0.0,0.0,,
32.2,2.987924481377977,-0.18004749245149773,9.953259417680961,0.004022267354564369,-0.01084849635620864,0.001216875935782044,16.33999999999994,0.0,550.5864999999993,0.0,-2.8,0.0,-2.8,0.0,0.0,0.0,,
32.300000000000004,3.144703389362717,-0.049364385559939765,10.04014123652066,0.0070220019060548144,-0.015988503967527174,0.007817752124882914,16.05999999999994,0.0,552.1784999999993,0.0,-2.8,0.0,-2.8,0.0,0.0,0.0,,
32.4,3.1607639588034497,-0.03960827973804971,9.758494255372977,0.00852544996196628,-0.001098172228636604,-0.0084629492415184,15.779999999999939,0.0,553.7424999999993,0.0,-2.8,0.0,-2.8,0.0,0.0,0.0,,
32.5,2.876639312641278,-0.13442539617751087,9.561321765111098,-0.014780134608829126,-0.00740314661000556,0.014117189518283604,15.49999999999994,0.0,555.2784999999992,0.0,-2.8,0.0,-2.8,0.0,0.0,0.0,,
32.6,2.8568722921620946,-0.07949695835122646,9.39241439241947,0.002791193151506255,-0.0076110281757021305,0.0022358728079963737,15.21999999999994,0.0,556.7864999999993,0.0,-2.8,0.0,-2.8,0.0,0.0,0.0,,
32.7,3.2280765804814173,0.20265530209041735,9.821409002559927,0.01245543554098548,0.00645071414062257,-0.009155243354001042,14.93999999999994,0.0,558.2664999999993,0.0,-2.8,0.0,-2.8,0.0,0.0,0.0,,
32.800000000000004,3.2268319332585844,-0.16656692320551467,9.833041987307498,0.00756909243558833,0.015817845338409395,0.011363225061449322,14.659999999999942,0.0,559.7184999999993,0.0,-2.8,0.0,-2.8,0.0,0.0,0.0,,
32.9,2.9466734350401254,0.2821588730173812,9.570873299199558,-0.021257762623404765,-0.006185518027618988,0.0023551923521140296,14.379999999999942,0.0,561.1424999999992,0.0,-2.8,0.0,-2.8,0.0,0.0,0.0,,
33.0,3.016088486979789,0.21776420879825029,9.831990909455277,0.002261418434585283,-0.007946857971863168,0.017915675610168956,14.099999999999943,0.0,562.5384999999992,0.0,-2.8,0.0,-2.8,0.0,0.0,0.0,560.2244993093,0.054160398431204355
33.1,3.0777395189467036,-0.010855646192517977,9.972052689310935,0.004371065505763712,-0.004658482756944833,0.011802051422559093,13.819999999999943,0.0,563.9064999999991,0.0,-2.8,0.0,-2.8,0.0,0.0,0.0,,
33.2,3.17177550531563,-0.2334280980360719,9.76522444413033,-0.0023553284802517284,0.017121341250699768,0.013108380033921837,13.539999999999944,0.0,565.2464999999992,0.0,-2.8,0.0,-2.8,0.0,0.0,0.0,,
33.300000000000004,2.9301430270256255,-0.09473723605434936,9.8739283711513,0.0004638278233939141,0.00024091248274810923,-0.0025927053132916034,13.259999999999945,0.0,566.5584999999992,0.0,-2.8,0.0,-2.8,0.0,0.0,0.0,,
33.4,2.9184284119299964,-0.15903960187090013,9.8877561598755,-0.003838102252894687,-0.004035628264009317,0.016124054475687984,12.979999999999945,0.0,567.8424999999992,0.0,-2.8,0.0,-2.8,0.0,0.0,0.0,,
33.5,2.974575785211106,0.007115824761602489,9.567339767232127,-0.005611987914005566,-0.009129499087200506,0.0028225165111185717,12.699999999999946,0.0,569.0984999999991,0.0,-2.8,0.0,-2.8,0.0,0.0,0.0,,
33.6,2.619637216954455,0.18639338843577105,9.359661002405742,-0.020603433189117983,-0.003186155871868139,0.017105357891541537,12.419999999999947,0.0,570.3264999999991,0.0,-2.8,0.0,-2.8,0.0,0.0,0.0,,
33.7,3.393726216621006,0.022679504155547415,9.9661574862879,-0.0016307183234206665,0.01798639301211265,0.007460331940827214,12.139999999999947,0.0,571.526499999999,0.0,-2.8,0.0,-2.8,0.0,0.0,0.0,,
33.800000000000004,3.166566635248989,0.03573824936197263,10.039594161163794,0.0009622665988196396,0.009132195335458858,0.0064519725544221,11.859999999999948,0.0,572.6984999999991,0.0,-2.8,0.0,-2.8,0.0,0.0,0.0,,
33.9,3.1408333122327994,0.009955613128791493,9.572836990571513,0.0012895800891669573,0.0067122265831258895,0.007010159953541753,11.579999999999949,0.0,573.8424999999991,0.0,-2.8,0.0,-2.8,0.0,0.0,0.0,,
34.0,3.0026439617530176,0.12383892111554597,9.561232670245813,-0.011854878202859995,-0.0024228958627276463,0.005550705010285775,11.29999999999995,0.0,574.958499999999,0.0,-2.8,0.0,-2.8,0.0,0.0,0.0,574.1717269190217,-2.2910709514176624
34.1,3.051406172119533,0.13256223505094947,9.498790631412371,-0.015166707292731778,0.005005233062240404,0.0011593733293590244,11.01999999999995,0.0,576.046499999999,0.0,-2.8,0.0,-2.8,0.0,0.0,0.0,,
34.2,2.8780641424168936,-0.11679664221969537,9.68303091970994,-0.0021657440629551327,0.009117383750351853,-0.0008930314175317486,10.73999999999995,0.0,577.106499999999,0.0,-2.8,0.0,-2.8,0.0,0.0,0.0,,
34.300000000000004,2.8463116902245966,-0.04708080846802611,10.085392527978257,0.006772021135385151,0.022440149882996547,0.0033058360418568946,10.459999999999951,0.0,578.138499999999,0.0,-2.8,0.0,-2.8,0.0,0.0,0.0,,
34.4,2.9605168536130337,0.32771192210273736,9.452924878815146,-0.011437344018762308,0.012679436760946402,0.0005711731073392238,10.179999999999952,0.0,579.142499999999,0.0,-2.8,0.0,-2.8,0.0,0.0,0.0,,
34.5,3.2792061288249057,0.04033211319839258,10.079330143916748,0.0028319878072406647,-0.0024756846956958877,0.017445490518680808,9.899999999999952,0.0,580.118499999999,0.0,-2.8,0.0,-2.8,0.0,0.0,0.0,,
34.6,2.947333257310129,-0.06799451602426068,9.751997304312493,0.0031289735773484023,-0.004572877944633325,0.00408050046842538,9.619999999999953,0.0,581.066499999999,0.0,-2.8,0.0,-2.8,0.0,0.0,0.0,,
34.7,2.8079196093802086,-0.020873700822993717,9.56951543936776,0.0072132578831659725,-0.0031138605811906177,0.009135921515647153,9.339999999999954,0.0,581.986499999999,0.0,-2.8,0.0,-2.8,0.0,0.0,0.0,,
34.800000000000004,2.9595351349516354,-0.3938649561977887,9.55995719973594,-0.008258616658635913,0.008402382988278143,-0.0007051718465176399,9.059999999999954,0.0,582.8784999999989,0.0,-2.8,0.0,-2.8,0.0,0.0,0.0,,
34.9,3.217261657961737,-0.17560339296141292,9.74126737097299,0.0029162279808971846,-0.013227724560489316,0.00383482560981586,8.779999999999955,0.0,583.7424999999989,0.0,-2.8,0.0,-2.8,0.0,0.0,0.0,,
35.0,3.0230700424840546,-0.11509694585757531,9.748885514626906,-0.006746233999909095,-0.0006623448347205888,5.807812222119284e-05,8.499999999999956,0.0,584.5784999999989,0.0,-2.8,0.0,-2.8,0.0,0.0,0.0,582.7946110681548,2.741626208283513
35.1,3.247972935772386,-0.07765032475046703,9.598781494397324,0.00116090704708274,-6.839525781929567e-05,0.015362584556513879,8.219999999999956,0.0,585.3864999999989,0.0,-2.8,0.0,-2.8,0.0,0.0,0.0,,
35.2,3.1116049865079716,0.016509574959336252,9.548050615898811,-0.012010463039104437,-0.009433077932698274,0.0019128945105599954,7.939999999999956,0.0,586.1664999999989,0.0,-2.8,0.0,-2.8,0.0,0.0,0.0,,
35.300000000000004,3.1025202325826724,-0.031199886052814763,9.673079355232735,-0.002830835077844877,-0.01368363672665537,0.01877161473737983,7.659999999999956,0.0,586.9184999999989,0.0,-2.8,0.0,-2.8,0.0,0.0,0.0,,
35.4,3.1730269823616175,-0.07792175814478666,9.66839766826036,-0.009308303712679844,-0.002663775443116602,-0.007884733639395455,7.3799999999999555,0.0,587.6424999999988,0.0,-2.8,0.0,-2.8,0.0,0.0,0.0,,
35.5,3.0250206161343254,-0.19533055215810402,9.82459264381176,-0.005728393240743296,-0.007555093627387967,0.011769244380938914,7.099999999999955,0.0,588.3384999999988,0.0,-2.8,0.0,-2.8,0.0,0.0,0.0,,
35.6,2.8845928755453283,-0.058576011375365264,9.582188335364625,0.019537590527287433,0.0012705564441635444,0.020886162505420365,6.819999999999955,0.0,589.0064999999988,0.0,-2.8,0.0,-2.8,0.0,0.0,0.0,,
35.7,2.9409476916931516,-0.15393217021869102,9.839651737996602,-0.01633191169740219,-0.011154985059712637,0.0012348292507393015,6.539999999999955,0.0,589.6464999999988,0.0,-2.8,0.0,-2.8,0.0,0.0,0.0,,
35.800000000000004,3.0520607954209114,0.12089269825679703,9.91768814801626,0.010054920598371476,-0.0051959151375328624,-0.014027494176239838,6.2599999999999545,0.0,590.2584999999988,0.0,-2.8,0.0,-2.8,0.0,0.0,0.0,,
35.9,3.23105249947952,-0.2201504494757257,9.616494573484525,0.02145234703011357,-0.01834521191677054,0.006211286430211281,5.979999999999954,0.0,590.8424999999987,0.0,-2.8,0.0,-2.8,0.0,0.0,0.0,,
36.0,3.181013373008674,-0.08556719663282314,9.729134772724228,0.010655835373937604,-0.01173906982635359,-0.011826659973504012,5.699999999999954,0.0,591.3984999999988,0.0,-2.8,0.0,-2.8,0.0,0.0,0.0,587.7328221295733,12.904462976125203
36.1,3.0725199206534315,-0.17452263832141374,9.617843445531332,0.0012911458663019048,0.003577824736123655,-0.009026571773579059,5.419999999999954,0.0,591.9264999999988,0.0,-2.8,0.0,-2.8,0.0,0.0,0.0,,
36.2,2.998155871643169,-0.10843669793786541,9.387174743536642,0.006449375481299771,-0.009426127599019882,0.012233265871729501,5.1399999999999535,0.0,592.4264999999988,0.0,-2.8,0.0,-2.8,0.0,0.0,0.0,,
36.300000000000004,3.007637860456945,0.037507704374547146,9.756308299683333,-0.002381763826315185,-0.012435069524687892,0.006170422672115112,4.859999999999953,0.0,592.8984999999988,0.0,-2.8,0.0,-2.8,0.0,0.0,0.0,,
36.4,3.014369462324023,-0.15068487601673694,9.619630969165636,0.0047996645581939185,-0.021673635238267083,0.011688953739438046,4.579999999999953,0.0,593.3424999999987,0.0,-2.8,0.0,-2.8,0.0,0.0,0.0,,
36.5,3.1659339713501127,-0.13359463548984507,9.657661481263112,0.015584036500792015,-0.017685653864869536,0.006365923453319762,4.299999999999953,0.0,593.7584999999987,0.0,-2.8,0.0,-2.8,0.0,0.0,0.0,,
36.6,3.1443116107233893,-0.14647890834133676,9.862584063894964,0.012715196556687146,-0.0029147241939665113,0.009680705339184869,4.0199999999999525,0.0,594.1464999999987,0.0,-2.8,0.0,-2.8,0.0,0.0,0.0,,
36.7,2.7255385220600568,-0.015070225505197297,9.702813660543898,0.012787800929318702,-0.003196642111882831,0.009530232449580208,3.7399999999999527,0.0,594.5064999999987,0.0,-2.8,0.0,-2.8,0.0,0.0,0.0,,
36.800000000000004,2.924240229112344,0.11758653517559438,9.601867707812442,-0.007862039955842785,-0.0041378481837346685,0.0026301996317520896,3.459999999999953,0.0,594.8384999999987,0.0,-2.8,0.0,-2.8,0.0,0.0,0.0,,
36.9,2.8490272026522754,-0.1263695715162389,9.933709089341665,0.010059801177248568,0.011975151731706258,-0.0013111005299632729,3.179999999999953,0.0,595.1424999999987,0.0,-2.8,0.0,-2.8,0.0,0.0,0.0,,
37.0,3.0176000931856066,0.08090136829557158,9.702111685198354,-0.01805737119970797,0.009389198309638015,0.009747190966827787,2.8999999999999533,0.0,595.4184999999986,0.0,-2.8,0.0,-2.8,0.0,0.0,0.0,595.3845084449889,2.6009446924994344
37.1,3.1842258246071142,0.09525119819860657,9.803710952167574,-0.01571286199746038,-0.004287813136900397,0.010149325576649989,2.6199999999999535,0.0,595.6664999999986,0.0,-2.8,0.0,-2.8,0.0,0.0,0.0,,
37.2,3.0465815014039612,0.1594947119400339,9.987834317928218,-0.0007307249514839768,0.005694598174911437,0.0011402126469371322,2.3399999999999537,0.0,595.8864999999986,0.0,-2.8,0.0,-2.8,0.0,0.0,0.0,,
37.300000000000004,2.969705194970877,-0.017788260242122666,9.796724285674347,0.010216768030409568,0.014836895357993804,0.00462945098024158,2.059999999999954,0.0,596.0784999999986,0.0,-2.8,0.0,-2.8,0.0,0.0,0.0,,
37.4,3.067767445304611,0.10529666768397898,9.716444664574777,0.00019911957542257313,0.008814130882650378,0.0152757930637771,1.7799999999999538,0.0,596.2424999999986,0.0,-2.8,0.0,-2.8,0.0,0.0,0.0,,
37.5,3.0858120840449375,0.05059364106999231,9.909811457069567,0.012362197266283162,-0.002611447401146661,-0.004002545458954869,1.4999999999999538,0.0,596.3784999999986,0.0,-2.8,0.0,-2.8,0.0,0.0,0.0,,
37.6,3.260521224402774,-0.04085804290750045,9.51276231237651,0.003423348046528142,-0.018410368373532732,0.005192678372601999,1.2199999999999538,0.0,596.4864999999985,0.0,-2.8,0.0,-2.8,0.0,0.0,0.0,,
37.7,3.169063938343399,-0.0813028470820709,9.54913480307342,0.01947101579549295,-0.031087739370569887,0.017767971019310012,0.9399999999999538,0.0,596.5664999999985,0.0,-2.8,0.0,-2.8,0.0,0.0,0.0,,
37.800000000000004,3.1555750497282915,0.34503160864147325,9.688549438875004,0.014891677563491348,-0.0028190444458115146,0.009641012651400417,0.6599999999999537,0.0,596.6184999999986,0.0,-2.8,0.0,-2.8,0.0,0.0,0.0,,
37.9,2.7581121361305865,0.03473588227351787,9.493802692865643,-0.016928608780879168,-0.020812050213815755,0.016169117747040277,0.37999999999995376,0.0,596.6424999999986,0.0,-2.8,0.0,-2.8,0.0,0.0,0.0,,
38.0,5.4247749075942675,0.119580507864274,8.216378062997844,-0.0019713611387906014,-0.013887371787744896,0.003188223413631996,0.09999999999995379,0.0,596.6524999999986,0.0,0.0,0.0,0.0,0.0,0.0,0.0,594.7960115904575,7.942429511743603
38.1,5.4905326625618285,-0.07525511204534072,8.520968310469938,-0.004259204786610477,-0.008231084019341157,0.01575725538732905,0.09999999999995379,0.0,596.6624999999985,0.0,0.0,0.0,0.0,0.0,0.0,0.0,,
38.2,5.350432258509357,0.038512504348625576,8.38835426226675,0.0152156348452198,-0.0008724869343035618,-0.004054593959397218,0.09999999999995379,0.0,596.6724999999985,0.0,0.0,0.0,0.0,0.0,0.0,0.0,,
38.300000000000004,5.206996232165563,-0.1747543471137821,8.021203831348686,0.0046248317017687805,-0.0064868257653166094,7.486268862333997e-05,0.09999999999995379,0.0,596.6824999999985,0.0,0.0,0.0,0.0,0.0,0.0,0.0,,
38.400000000000006,5.420189870020233,0.2242754767572244,8.251839408692096,0.0005211522361281694,2.3888437595316007e-05,-0.0018655012719215325,0.09999999999995379,0.0,596.6924999999985,0.0,0.0,0.0,0.0,0.0,0.0,0.0,,
38.5,5.377116400085495,-0.16614346311200057,8.345582178379766,-0.00688157334955262,-0.008463508876942775,0.02315384314028148,0.09999999999995379,0.0,596.7024999999985,0.0,0.0,0.0,0.0,0.0,0.0,0.0,,
38.6,5.317518574286041,0.03795098294276014,7.981012470121119,-0.00010178053239924111,7.357955947021719e-05,0.0027833033912140607,0.09999999999995379,0.0,596.7124999999985,0.0,0.0,0.0,0.0,0.0,0.0,0.0,,
38.7,5.634958406941978,-0.049019679160461654,8.147475916540714,0.0044546358631508114,0.023496183034663738,0.004423548475876481,0.09999999999995379,0.0,596.7224999999985,0.0,0.0,0.0,0.0,0.0,0.0,0.0,,
38.800000000000004,5.391265391816354,0.1611701343432398,8.389232237903594,-0.006145835187922158,-0.016371804943691972,0.013368098848792902,0.09999999999995379,0.0,596.7324999999985,0.0,0.0,0.0,0.0,0.0,0.0,0.0,,
38.900000000000006,5.56815766565047,-0.08964732085187048,8.316840663649154,0.011854795765042725,0.004113029047920226,0.010172725280921339,0.09999999999995379,0.0,596.7424999999985,0.0,0.0,0.0,0.0,0.0,0.0,0.0,,
39.0,5.142781001593709,0.32368615879697854,8.174495047268646,-0.001588588487173387,-0.00522860652929636,0.007540552419406292,0.09999999999995379,0.0,596.7524999999985,0.0,0.0,0.0,0.0,0.0,0.0,0.0,599.1021731003736,6.639242072683494
39.1,5.413702215192326,0.16980657219960743,8.221431257304005,-0.01508596063739583,0.005095369537803933,0.0029249125863139687,0.09999999999995379,0.0,596.7624999999985,0.0,0.0,0.0,0.0,0.0,0.0,0.0,,
39.2,4.849673726243599,-0.04808042035050489,8.343450056779798,0.006659894540667183,0.005772568812345224,0.01683572975534297,0.09999999999995379,0.0,596.7724999999984,0.0,0.0,0.0,0.0,0.0,0.0,0.0,,
39.300000000000004,5.419353445042575,-0.1093206545943799,8.158154243536329,0.002826170262086851,-0.013993288969651147,0.004433721685578262,0.09999999999995379,0.0,596.7824999999984,0.0,0.0,0.0,0.0,0.0,0.0,0.0,,
39.400000000000006,5.444159244809903,0.031828004133185386,7.972131453608558,0.006861360456090275,-0.00837321776915931,-0.000649790841957312,0.09999999999995379,0.0,596.7924999999984,0.0,0.0,0.0,0.0,0.0,0.0,0.0,,
39.5,5.280767206231579,0.20276874758679903,8.325814412659485,0.014678130349769834,0.006320246372646676,0.002948800631966819,0.09999999999995379,0.0,596.8024999999984,0.0,0.0,0.0,0.0,0.0,0.0,0.0,,
39.6,5.319536795704609,0.006857714620529112,8.497062347592095,-0.00683994386281703,0.009199019438305474,0.017896592271221284,0.09999999999995379,0.0,596.8124999999984,0.0,0.0,0.0,0.0,0.0,0.0,0.0,,
39.7,5.625917085700749,-0.1683622898038415,7.96491389843373,0.00830383586723769,0.01178005367415575,0.008758265536049758,0.09999999999995379,0.0,596.8224999999984,0.0,0.0,0.0,0.0,0.0,0.0,0.0,,
39.800000000000004,5.331767313581037,-0.19660620992821803,8.11266130576838,0.010113761126689049,0.01595371474621604,0.005198159019016645,0.09999999999995379,0.0,596.8324999999984,0.0,0.0,0.0,0.0,0.0,0.0,0.0,,
39.900000000000006,5.4957500641141435,-0.10023994088968785,8.201451016556533,-0.0007736614447751363,0.0008775512107737207,0.0067973202050426625,0.09999999999995379,0.0,596.8424999999984,0.0,0.0,0.0,0.0,0.0,0.0,0.0,,
40.0,5.177572060464478,-0.10579146480765075,8.046855435048485,0.0024837936441755156,-0.00027741164370939495,0.030756518761070294,0.09999999999995379,0.0,596.8524999999984,0.0,0.0,0.0,0.0,0.0,0.0,0.0,593.7875158914954,0.41243292021672157
40.1,5.4394315854531685,0.12007329298175086,8.295140612370455,-6.302369958194165e-05,-0.008043150390127563,-0.00390311375742124,0.09999999999995379,0.0,596.8624999999984,0.0,0.0,0.0,0.0,0.0,0.0,0.0,,
40.2,5.409351949572124,-0.27479442412860194,8.280786630048459,0.0043390479425338335,-0.0004620078392980637,0.0016967719649645585,0.09999999999995379,0.0,596.8724999999984,0.0,0.0,0.0,0.0,0.0,0.0,0.0,,
40.300000000000004,5.496892260633852,0.024814140045475396,7.9797495950967035,-0.021823085393361856,0.003710227402804007,0.0077062096087449575,0.09999999999995379,0.0,596.8824999999983,0.0,0.0,0.0,0.0,0.0,0.0,0.0,,
40.400000000000006,5.458407142768833,-0.11270758748460502,8.232882481519585,0.013510436996313147,0.013201038289007046,0.02478886182414307,0.09999999999995379,0.0,596.8924999999983,0.0,0.0,0.0,0.0,0.0,0.0,0.0,,
40.5,5.153707477616097,-0.21800477831066814,8.143533717381434,0.006710262735035208,0.016349496762108808,0.006754497874857617,0.09999999999995379,0.0,596.9024999999983,0.0,0.0,0.0,0.0,0.0,0.0,0.0,,
40.6,5.430998944742587,-0.024319432290786324,8.28557130508071,0.012039001912974084,-0.015233844165602526,-0.0007399223121120112,0.09999999999995379,0.0,596.9124999999983,0.0,0.0,0.0,0.0,0.0,0.0,0.0,,
40.7,5.474481675554372,0.22717332104063945,7.977039373253094,-0.002863044330125126,0.007361043338325085,-0.0016517108879484767,0.09999999999995379,0.0,596.9224999999983,0.0,0.0,0.0,0.0,0.0,0.0,0.0,,
40.800000000000004,5.161065281812334,-0.07564295139218792,8.215989349845724,-0.0006784286830739201,-0.004723572976775869,0.0002885401676451238,0.09999999999995379,0.0,596.9324999999983,0.0,0.0,0.0,0.0,0.0,0.0,0.0,,
40.900000000000006,5.306080910680608,-0.046210557276523005,7.967878182612336,-0.009846489177049592,1.853694620946005e-05,0.013289218105516058,0.09999999999995379,0.0,596.9424999999983,0.0,0.0,0.0,0.0,0.0,0.0,0.0,,
41.0,5.633278826112044,0.2953383051785887,8.185867697628886,-0.0032624562631800003,0.012517413806589993,0.005894878601384301,0.09999999999995379,0.0,596.9524999999983,0.0,0.0,0.0,0.0,0.0,0.0,0.0,589.5468512530306,-3.7390479110880235
41.1,5.286922191714452,-0.06561914410051087,8.258126693566034,-0.004391005432972828,0.006657393421497669,0.005380243477764692,0.09999999999995379,0.0,596.9624999999983,0.0,0.0,0.0,0.0,0.0,0.0,0.0,,
41.2,5.4536244615844645,-0.021087183081388634,8.385896177258756,0.0008254569847517707,0.0011649129353480765,0.0025763692873535735,0.09999999999995379,0.0,596.9724999999983,0.0,0.0,0.0,0.0,0.0,0.0,0.0,,
41.300000000000004,5.5236282062378965,-0.1858935310355912,8.20370594671715,0.0013204957722445926,0.020478592153480496,0.017076768100458772,0.09999999999995379,0.0,596.9824999999983,0.0,0.0,0.0,0.0,0.0,0.0,0.0,,
41.400000000000006,5.457586270505871,-0.08189899462145406,8.032628805799318,-0.0038517980351130826,-0.009428969769436362,0.014288063411543823,0.09999999999995379,0.0,596.9924999999982,0.0,0.0,0.0,0.0,0.0,0.0,0.0,,
41.5,5.459414506812915,0.07145168295906013,8.577112814534631,0.002040991697647358,-0.0021421137634600315,0.009810944950053248,0.09999999999995379,0.0,597.0024999999982,0.0,0.0,0.0,0.0,0.0,0.0,0.0,,
41.6,5.297039083164559,-0.14210367288080475,8.128239113841746,0.007712213699668837,-0.017847021880747327,-0.015025030771072858,0.09999999999995379,0.0,597.0124999999982,0.0,0.0,0.0,0.0,0.0,0.0,0.0,,
41.7,5.579882123266138,-0.425456385104402,8.307644112648019,0.003383078491915426,-0.008992245334406943,0.010031799755515672,0.09999999999995379,0.0,597.0224999999982,0.0,0.0,0.0,0.0,0.0,0.0,0.0,,
41.800000000000004,5.735347551187883,-0.13169587365153898,7.938121202098645,0.0032481631020768098,0.0002618298352501779,0.011105269507098336,0.09999999999995379,0.0,597.0324999999982,0.0,0.0,0.0,0.0,0.0,0.0,0.0,,
41.900000000000006,5.695014002072068,-0.03594981697897203,8.253461897037567,0.0010044173870937887,0.00854358316909726,0.016760372496728737,0.09999999999995379,0.0,597.0424999999982,0.0,0.0,0.0,0.0,0.0,0.0,0.0,,
42.0,5.36909021486025,-0.12292756266807511,8.088856953177077,0.005413850707640897,0.00432664837335529,0.0015190054191694035,0.09999999999995379,0.0,597.0524999999982,0.0,0.0,0.0,0.0,0.0,0.0,0.0,598.0844542328074,-0.4554733333757725
42.1,5.41535573911695,0.03235595989808965,8.047100251668763,-0.004009456940292004,0.004731039797455672,0.009153582020272989,0.09999999999995379,0.0,597.0624999999982,0.0,0.0,0.0,0.0,0.0,0.0,0.0,,
42.2,5.339912079944387,0.2772473412264404,8.011955340279535,0.0041671667842805805,0.0017229767335769537,0.0383602975144164,0.09999999999995379,0.0,597.0724999999982,0.0,0.0,0.0,0.0,0.0,0.0,0.0,,
42.300000000000004,5.397205794615047,-0.0386960970988479,8.04411967192146,0.006518802495555206,-0.011044157418982015,0.006734247332532429,0.09999999999995379,0.0,597.0824999999982,0.0,0.0,0.0,0.0,0.0,0.0,0.0,,
42.400000000000006,5.23636342429316,-0.316620207915871,8.239111093117002,-0.024388898240342873,0.02712962765288796,0.017597784370004033,0.09999999999995379,0.0,597.0924999999982,0.0,0.0,0.0,0.0,0.0,0.0,0.0,,
42.5,5.22570829502756,0.18110885993833886,8.42214776765444,-0.004707808773627091,-0.0064584739402197165,0.007347683905326011,0.09999999999995379,0.0,597.1024999999981,0.0,0.0,0.0,0.0,0.0,0.0,0.0,,
42.6,5.494815903793176,0.10824249950544214,8.114577004729332,0.0005807741306079229,0.005592735183719915,-0.003428950928918463,0.09999999999995379,0.0,597.1124999999981,0.0,0.0,0.0,0.0,0.0,0.0,0.0,,
42.7,5.631884849613883,0.3808475332021561,8.41985346999465,0.00835366234249048,-0.007035078837836042,0.00814166744071536,0.09999999999995379,0.0,597.1224999999981,0.0,0.0,0.0,0.0,0.0,0.0,0.0,,
42.800000000000004,5.303283290622633,0.03053894925315585,8.092233029035896,-0.0001305634667882085,0.009586663875756666,0.0007475029497635887,0.09999999999995379,0.0,597.1324999999981,0.0,0.0,0.0,0.0,0.0,0.0,0.0,,
42.900000000000006,5.3549787570670295,-0.20843449102188816,8.043744661228095,0.010026042931104403,-0.017718911340215145,0.011210337140423993,0.09999999999995379,0.0,597.1424999999981,0.0,0.0,0.0,0.0,0.0,0.0,0.0,,
43.0,5.308966327735723,0.17487688760713443,8.145550690871378,0.002019937940530819,-0.010505500018008459,0.01071874517805644,0.09999999999995379,0.0,597.1524999999981,0.0,0.0,0.0,0.0,0.0,0.0,0.0,599.3927656650691,11.716643849196577
43.1,5.538258889654971,0.21196162293609958,8.226139087050916,0.005166709461915536,0.0030447794501333864,0.008242257332318134,0.09999999999995379,0.0,597.1624999999981,0.0,0.0,0.0,0.0,0.0,0.0,0.0,,
43.2,5.25739786455706,-0.02419197868386421,8.045580476276058,0.004441539989244709,0.008684628455063783,-0.00021840784282338693,0.09999999999995379,0.0,597.1724999999981,0.0,0.0,0.0,0.0,0.0,0.0,0.0,,
43.300000000000004,5.471999024959561,-0.16533239092984311,8.285439492811234,-0.0007859394517000257,0.005171388176447129,0.022201191375348768,0.09999999999995379,0.0,597.1824999999981,0.0,0.0,0.0,0.0,0.0,0.0,0.0,,
43.400000000000006,5.451313682173201,-0.17115812168658667,8.109405759363502,-0.012477655624474152,-0.004813823578583924,0.0019794557442661294,0.09999999999995379,0.0,597.1924999999981,0.0,0.0,0.0,0.0,0.0,0.0,0.0,,
43.5,5.470678360390597,-0.08846222515535587,8.321763889830134,-0.013056965753455796,-0.00314639327111818,0.01329673500142001,0.09999999999995379,0.0,597.202499999998,0.0,0.0,0.0,0.0,0.0,0.0,0.0,,
43.6,5.086397140660151,-0.1783897613365027,8.096316381133324,0.0061631375126505825,-0.02041285656767013,-0.004186223641431805,0.09999999999995379,0.0,597.212499999998,0.0,0.0,0.0,0.0,0.0,0.0,0.0,,
43.7,5.323581544716247,0.2537550986918664,7.983683688103861,-0.004779485786259559,-0.014423170527610716,0.002717948716740491,0.09999999999995379,0.0,597.222499999998,0.0,0.0,0.0,0.0,0.0,0.0,0.0,,
43.800000000000004,5.527324446048487,-0.04903812864724029,8.256331861226487,-0.009229905373165466,-0.0018087540242873181,-0.008880324898216977,0.09999999999995379,0.0,597.232499999998,0.0,0.0,0.0,0.0,0.0,0.0,0.0,,
43.900000000000006,5.201233457555707,-0.07463457763748901,8.102873675052942,-9.4493613592077e-06,-0.013087057552146744,0.00935241998125196,0.09999999999995379,0.0,597.242499999998,0.0,0.0,0.0,0.0,0.0,0.0,0.0,,
44.0,5.355807011223294,-0.15057982644551127,8.265347030560573,-0.00871740610583322,-0.004334423364759525,-0.011130774257069985,0.09999999999995379,0.0,597.252499999998,0.0,0.0,0.0,0.0,0.0,0.0,0.0,596.1757381258888,-5.361225873247494
44.1,5.516998642134591,-0.0761016171722726,8.278383820174172,0.001371412914315537,-0.0022559953078208662,-0.0007285251193722064,0.09999999999995379,0.0,597.262499999998,0.0,0.0,0.0,0.0,0.0,0.0,0.0,,
44.2,5.455287187317207,0.12359553838533206,8.063212780546507,0.0069119064384278815,-0.0012498175268813188,-0.006505200710118671,0.09999999999995379,0.0,597.272499999998,0.0,0.0,0.0,0.0,0.0,0.0,0.0,,
44.300000000000004,5.62412075439016,-0.10337328101705984,8.369319902699724,0.006126039539655961,-0.013010283166845445,-0.014316065259466276,0.09999999999995379,0.0,597.282499999998,0.0,0.0,0.0,0.0,0.0,0.0,0.0,,
44.400000000000006,5.326474872171596,0.09770990613996523,8.220095104033453,-0.0009628389686868549,-0.006793762668285927,0.011935694538088806,0.09999999999995379,0.0,597.292499999998,0.0,0.0,0.0,0.0,0.0,0.0,0.0,,
44.5,5.367255298325756,0.018044156016508887,8.129272926416533,-0.00012034981613651779,-0.007204046643661175,0.009124960061722516,0.09999999999995379,0.0,597.302499999998,0.0,0.0,0.0,0.0,0.0,0.0,0.0,,
44.6,5.435953288760058,-0.24047502635041346,8.174559283654139,-0.005131253271550559,-0.008674537011315323,-0.008986567791365377,0.09999999999995379,0.0,597.312499999998,0.0,0.0,0.0,0.0,0.0,0.0,0.0,,
44.7,5.638146884062172,0.03430014928035542,7.9630213159241885,-0.02176288152229657,0.0077411219878885116,0.004122697926323459,0.09999999999995379,0.0,597.322499999998,0.0,0.0,0.0,0.0,0.0,0.0,0.0,,
44.800000000000004,5.50183108222335,-0.09190825019150559,8.418825407859217,-0.009447764162763272,-0.006501250265817186,0.018033525964197578,0.09999999999995379,0.0,597.3324999999979,0.0,0.0,0.0,0.0,0.0,0.0,0.0,,
44.900000000000006,5.277606951244221,0.05887157343531149,8.035570224284816,-0.007332762767516912,0.008206594160400165,0.0008383245986473813,0.09999999999995379,0.0,597.3424999999979,0.0,0.0,0.0,0.0,0.0,0.0,0.0,,
45.0,7.097170478808033,0.15522850318941725,7.288558011304893,0.014407574975113784,0.004352718537261012,-0.014707447783357879,0.09999999999995379,0.0,597.3624999999979,0.0,2.0,0.0,2.0,0.0,0.0,0.0,594.8353773412894,2.38044506973769
45.1,6.91492495720331,0.011757320514448739,6.8380526976906095,-0.00418523322849504,0.011638352371917056,0.01780885958385787,0.2999999999999538,0.0,597.4024999999979,0.0,2.0,0.0,2.0,0.0,0.0,0.0,,
45.2,7.251925622040187,-0.011499533977139922,7.138365677151936,0.004813466409990876,-0.019601157236890297,0.002170457578656228,0.4999999999999538,0.0,597.4624999999978,0.0,2.0,0.0,2.0,0.0,0.0,0.0,,
45.300000000000004,6.755205132067067,-0.07927197175807775,7.171001375601753,0.01256677159351182,-0.012692414978153089,0.0027050246761616474,0.6999999999999538,0.0,597.5424999999979,0.0,2.0,0.0,2.0,0.0,0.0,0.0,,
45.400000000000006,6.97273448044941,-0.14858988309569804,6.912318656436416,0.008943606601443081,0.0025751908769722945,-0.007287168161751031,0.8999999999999537,0.0,597.6424999999979,0.0,2.0,0.0,2.0,0.0,0.0,0.0,,
45.5,7.086473520863788,0.10393079847101742,6.859169000982698,-0.007076934960589342,0.001798561298079856,-0.0058696529373077014,1.0999999999999537,0.0,597.7624999999979,0.0,2.0,0.0,2.0,0.0,0.0,0.0,,
45.6,7.069576247733511,-0.1685658462904341,7.3354130626184615,0.01214086390647163,0.017799078150642255,-0.0005446389643818956,1.2999999999999536,0.0,597.9024999999979,0.0,2.0,0.0,2.0,0.0,0.0,0.0,,
45.7,7.148523211394265,0.04556751340591601,7.121789629606382,-0.022973142592880583,0.01772322422352586,0.00033072892502480303,1.4999999999999536,0.0,598.0624999999978,0.0,2.0,0.0,2.0,0.0,0.0,0.0,,
45.800000000000004,7.133609574305814,-0.060635616435328415,7.0986373807393175,-0.005167221356036221,0.008472243124770108,0.005435210252563545,1.6999999999999535,0.0,598.2424999999978,0.0,2.0,0.0,2.0,0.0,0.0,0.0,,
45.900000000000006,6.840374556347402,-0.16828123071586432,7.078838214774211,0.0038850272397803094,0.011703735589553274,-0.007459637898116874,1.8999999999999535,0.0,598.4424999999977,0.0,2.0,0.0,2.0,0.0,0.0,0.0,,
46.0,7.251613499948323,-0.01606627980027823,7.1334211088580055,0.012179866158189332,-0.02326038250706234,0.00375711905199808,2.0999999999999535,0.0,598.6624999999977,0.0,2.0,0.0,2.0,0.0,0.0,0.0,586.4869711517775,5.270326321343846
46.1,7.10800814022611,0.1330350425803711,6.93359159644202,0.005710426304991327,0.018719918016097025,-0.005643118848008886,2.2999999999999536,0.0,598.9024999999978,0.0,2.0,0.0,2.0,0.0,0.0,0.0,,
46.2,7.248903128649829,0.1212033811510614,7.038452523871311,0.0027075378973236957,0.009955776644438195,0.015017110448384404,2.499999999999954,0.0,599.1624999999977,0.0,2.0,0.0,2.0,0.0,0.0,0.0,,
46.300000000000004,7.183987953730716,-0.037543975682804265,7.0410924130117705,-0.0003995380459026794,-0.004100515824582346,0.0016776976449950787,2.699999999999954,0.0,599.4424999999977,0.0,2.0,0.0,2.0,0.0,0.0,0.0,,
46.400000000000006,7.171540717639593,0.215260516515817,7.257884225058465,-0.013362622739435155,-0.015483969107828233,0.013160113872801275,2.899999999999954,0.0,599.7424999999977,0.0,2.0,0.0,2.0,0.0,0.0,0.0,,
46.5,7.230185133270656,-0.025325542907197407,6.9551013100892884,-0.01001317913455837,0.008903850869053365,-0.009094460208962277,3.0999999999999543,0.0,600.0624999999976,0.0,2.0,0.0,2.0,0.0,0.0,0.0,,
46.6,7.026939782281303,-0.21950658380912139,7.178149365275517,0.015781705666083827,0.010953278376351664,0.0019640525031956995,3.2999999999999545,0.0,600.4024999999976,0.0,2.0,0.0,2.0,0.0,0.0,0.0,,
46.7,6.987994282682269,0.06346555668486656,6.971979106118754,0.008954321645575003,-0.00443809295648122,0.011022551296561822,3.4999999999999547,0.0,600.7624999999977,0.0,2.0,0.0,2.0,0.0,0.0,0.0,,
46.800000000000004,7.040435226172243,-0.11230336662885687,7.001220490842007,0.021505279665414913,0.00103915432212005,0.009897085737044979,3.699999999999955,0.0,601.1424999999977,0.0,2.0,0.0,2.0,0.0,0.0,0.0,,
46.900000000000006,7.03075049220019,-0.06191817644184068,7.355566954330695,0.022212456720700446,-0.002590626264133808,0.022242092152871193,3.899999999999955,0.0,601.5424999999976,0.0,2.0,0.0,2.0,0.0,0.0,0.0,,
47.0,6.985714079208033,0.08345341593146474,7.674741130116505,0.0100364852205505,0.013229856731832516,0.019250932538416178,4.099999999999955,0.0,601.9624999999976,0.0,2.0,0.0,2.0,0.0,0.0,0.0,597.0647880909103,2.8273331051071064
47.1,7.010149774681005,0.1435198172600176,7.235219138258412,-0.0163912312243623,0.003186667612877383,0.015538079156925559,4.299999999999955,0.0,602.4024999999975,0.0,2.0,0.0,2.0,0.0,0.0,0.0,,
47.2,7.155407632157284,-0.20439103806431416,7.143444211271077,0.014187182737707365,0.01952960927571316,0.0008292240248806626,4.499999999999956,0.0,602.8624999999976,0.0,2.0,0.0,2.0,0.0,0.0,0.0,,
47.300000000000004,7.005165706209774,-0.18758661387740955,7.124683899423388,0.005317554935804288,-0.0037038112178865118,0.00202585272519686,4.699999999999956,0.0,603.3424999999976,0.0,2.0,0.0,2.0,0.0,0.0,0.0,,
47.400000000000006,6.923015478828726,-0.09717739067807375,6.740250764053717,0.0020041721353222,0.007067250674480136,0.01051416868552776,4.899999999999956,0.0,603.8424999999976,0.0,2.0,0.0,2.0,0.0,0.0,0.0,,
47.5,7.008537948660614,-0.05901833834959619,7.072469706828482,-0.003996810991493103,-0.007773251228773145,0.0020920310714683107,5.099999999999956,0.0,604.3624999999976,0.0,2.0,0.0,2.0,0.0,0.0,0.0,,
47.6,7.06776463409259,-0.12055428796550838,7.400093610160613,0.014809999602549334,0.0006726260632733034,0.004972161195279248,5.299999999999956,0.0,604.9024999999975,0.0,2.0,0.0,2.0,0.0,0.0,0.0,,
47.7,7.073320643646941,-0.10533683060182081,7.245620497512136,-0.0039712490227025235,-0.004405399865839197,0.012541842195365634,5.4999999999999565,0.0,605.4624999999975,0.0,2.0,0.0,2.0,0.0,0.0,0.0,,
47.800000000000004,7.4394336346532,-0.09656813878503283,7.298869057093088,-0.010261973398485448,0.0025341164980217106,0.0018049005422063197,5.699999999999957,0.0,606.0424999999975,0.0,2.0,0.0,2.0,0.0,0.0,0.0,,
47.900000000000006,7.089878846023496,-0.032831871045280264,6.777370900387381,0.023788776519614974,0.004590625563470284,0.01272146344248925,5.899999999999957,0.0,606.6424999999975,0.0,2.0,0.0,2.0,0.0,0.0,0.0,,
48.0,7.031331139439189,0.02735383434783727,7.205367225180229,0.011532162457312364,0.0148696445730395,0.009320389034585553,6.099999999999957,0.0,607.2624999999975,0.0,2.0,0.0,2.0,0.0,0.0,0.0,605.3679814787721,5.833797760571282
48.1,7.093840800579304,-0.07592424264082162,7.027501413310114,-0.005584808999488987,-0.009289595821994913,0.003132320055505651,6.299999999999957,0.0,607.9024999999975,0.0,2.0,0.0,2.0,0.0,0.0,0.0,,
48.2,7.012784249444232,-0.11112053570006557,7.157333324935778,-0.0118929201455854,0.008745935675051934,0.018733748502275827,6.499999999999957,0.0,608.5624999999975,0.0,2.0,0.0,2.0,0.0,0.0,0.0,,
48.300000000000004,7.192637838732108,-0.12113844732072297,6.980364772184804,0.010552065924454186,-0.0022538797029548387,0.014390466811115329,6.6999999999999575,0.0,609.2424999999974,0.0,2.0,0.0,2.0,0.0,0.0,0.0,,
48.400000000000006,7.066286328167973,-0.08060833612150774,7.112669590817968,0.009028774998366719,-0.006136398743416903,0.0018613291913359004,6.899999999999958,0.0,609.9424999999974,0.0,2.0,0.0,2.0,0.0,0.0,0.0,,
48.5,7.187731764766412,0.05482162615914847,7.218365806557702,-0.004274926658056069,0.004750517348229663,0.014499909408741078,7.099999999999958,0.0,610.6624999999974,0.0,2.0,0.0,2.0,0.0,0.0,0.0,,
48.6,6.883191239547312,0.038368195296261634,7.140247330578981,0.009097181652361066,0.0022222904218800825,-0.017320349793079906,7.299999999999958,0.0,611.4024999999974,0.0,2.0,0.0,2.0,0.0,0.0,0.0,,
48.7,6.914184787029811,-0.06757037140898213,7.117815705437385,0.01080600946295446,-0.00669804347289829,0.027000026748007458,7.499999999999958,0.0,612.1624999999974,0.0,2.0,0.0,2.0,0.0,0.0,0.0,,
48.800000000000004,7.374288741430737,-0.10030772136923671,6.907414581970337,0.004409912069970874,0.0005262676630291457,-0.0004470111365041402,7.699999999999958,0.0,612.9424999999974,0.0,2.0,0.0,2.0,0.0,0.0,0.0,,
48.900000000000006,7.073808242734921,-0.1483508346060447,7.3000862848134,-0.0009982368973475546,-0.0003126421713009093,-0.01796910624219763,7.899999999999959,0.0,613.7424999999973,0.0,2.0,0.0,2.0,0.0,0.0,0.0,,
49.0,7.505235910049039,-0.0012137862227061674,7.107653001457783,-0.003290676224732959,0.0034646142263804764,0.0026198572107922606,8.099999999999959,0.0,614.5624999999973,0.0,2.0,0.0,2.0,0.0,0.0,0.0,611.5728689631757,0.3008012294271834
49.1,6.763529742561802,0.05831017831307511,7.0180972666145465,0.017385105770508318,0.006519628608076534,0.00823848561449511,8.299999999999958,0.0,615.4024999999973,0.0,2.0,0.0,2.0,0.0,0.0,0.0,,
49.2,7.209414592858914,-0.07528193550297343,7.134324216498807,0.005665681021161062,-0.0025653064187007362,-0.001361589300922345,8.499999999999957,0.0,616.2624999999973,0.0,2.0,0.0,2.0,0.0,0.0,0.0,,
49.300000000000004,6.995430713331279,0.035837007767340764,7.149527928977878,-0.00470529075662464,0.02134979870562002,0.005994585741248815,8.699999999999957,0.0,617.1424999999973,0.0,2.0,0.0,2.0,0.0,0.0,0.0,,
49.400000000000006,7.1190956501704825,-0.2768252527257675,7.210284375765418,0.016106272436186446,-0.01200414614571817,-0.009426361881961382,8.899999999999956,0.0,618.0424999999973,0.0,2.0,0.0,2.0,0.0,0.0,0.0,,
49.5,7.303130642146714,0.22580892068055336,7.04124567881008,0.007839598471492234,-0.004389230642897873,0.0014163347807359082,9.099999999999955,0.0,618.9624999999972,0.0,2.0,0.0,2.0,0.0,0.0,0.0,,
49.6,7.044736665771592,0.21096823912785784,6.903733970721986,-0.010417335565867028,-0.0032965363226941536,0.021056191532138464,9.299999999999955,0.0,619.9024999999972,0.0,2.0,0.0,2.0,0.0,0.0,0.0,,
49.7,7.147489315058214,0.15217709788204217,7.001831864021394,0.006909667412785935,-0.0008804263199038287,0.001263352449364089,9.499999999999954,0.0,620.8624999999972,0.0,2.0,0.0,2.0,0.0,0.0,0.0,,
49.800000000000004,7.180014499471188,0.2489752752454016,6.867516958775937,0.0014970511328126802,0.010574681652823903,-0.00036129230741999575,9.699999999999953,0.0,621.8424999999972,0.0,2.0,0.0,2.0,0.0,0.0,0.0,,
49.900000000000006,7.112115220073768,-0.1389497753050263,7.343675911456813,0.008797863471330346,-0.005686794655879972,0.014007047818773606,9.899999999999952,0.0,622.8424999999972,0.0,2.0,0.0,2.0,0.0,0.0,0.0,,
50.0,7.140978583594209,0.18633775443582648,7.144851066117738,-0.003164671140767945,0.0014038796700564051,0.007794572541726028,10.099999999999952,0.0,623.8624999999972,0.0,2.0,0.0,2.0,0.0,0.0,0.0,613.0746236140462,-1.1931394105366786
50.1,7.356138929303015,0.06509667090484189,6.767945147881139,-0.008713390218370776,-0.005211126713179462,0.02135905760432323,10.299999999999951,0.0,624.9024999999972,0.0,2.0,0.0,2.0,0.0,0.0,0.0,,
50.2,7.004098632305221,-0.017353732653988284,7.047795418798732,0.01542039737780334,-0.014511705972702332,0.01124524555196718,10.49999999999995,0.0,625.9624999999971,0.0,2.0,0.0,2.0,0.0,0.0,0.0,,
50.300000000000004,6.82905829889382,0.10775520032459286,6.756676762928568,-0.0038278235155639736,0.024829066894960564,0.0026205248105632857,10.69999999999995,0.0,627.0424999999972,0.0,2.0,0.0,2.0,0.0,0.0,0.0,,
50.400000000000006,7.0699595855623585,0.07411836604839686,7.231258205920762,0.0016271649374395244,0.001523417203741528,0.0108038624215571,10.899999999999949,0.0,628.1424999999972,0.0,2.0,0.0,2.0,0.0,0.0,0.0,,
50.5,6.820399862047321,0.07360832151718447,6.89063299940855,-0.0032952833453488302,-0.001346968653807411,0.012278964764584094,11.099999999999948,0.0,629.2624999999972,0.0,2.0,0.0,2.0,0.0,0.0,0.0,,
50.6,7.022625781200551,0.053737316718139305,7.0949245005093555,-0.024822952679837695,-0.011996519537461526,0.0194739240207483,11.299999999999947,0.0,630.4024999999972,0.0,2.0,0.0,2.0,0.0,0.0,0.0,,
50.7,7.186751636707381,0.04435236192646344,7.398355009330289,0.022756458247738098,0.002929811571550057,0.004158150706035238,11.499999999999947,0.0,631.5624999999972,0.0,2.0,0.0,2.0,0.0,0.0,0.0,,
50.800000000000004,7.104873018213722,0.01877427254068569,7.388096034733575,-0.01795870936947163,0.005886713869521473,0.015374647593278657,11.699999999999946,0.0,632.7424999999971,0.0,2.0,0.0,2.0,0.0,0.0,0.0,,
50.900000000000006,7.22254845052324,-0.27364637563959493,6.987121168030355,0.002250233008526431,-0.008284107971966473,-0.0014770634450903663,11.899999999999945,0.0,633.942499999997,0.0,2.0,0.0,2.0,0.0,0.0,0.0,,
51.0,7.148689979165543,-0.018819477236975128,7.25459180993311,0.007400075610833823,-0.006276466020245219,0.00725632782490285,12.099999999999945,0.0,635.1624999999971,0.0,2.0,0.0,2.0,0.0,0.0,0.0,633.6212025083167,3.1541026373092715
51.1,7.291347257160963,0.23696619386125442,7.116162147525053,-0.006040417758565429,-0.007876360834100494,0.009717745286139268,12.299999999999944,0.0,636.4024999999971,0.0,2.0,0.0,2.0,0.0,0.0,0.0,,
51.2,6.9220175137681235,-0.019913114411972167,7.137467976377297,0.019934180205169915,-0.010030488405541485,-0.0011743954340698842,12.499999999999943,0.0,637.6624999999971,0.0,2.0,0.0,2.0,0.0,0.0,0.0,,
51.300000000000004,7.245477177977669,-0.06065826033664638,7.00261032155059,0.005364265692589821,-1.5295168536948332e-05,0.015100704383701005,12.699999999999942,0.0,638.942499999997,0.0,2.0,0.0,2.0,0.0,0.0,0.0,,
51.400000000000006,7.0533608602785955,0.0302524335499634,6.945320582235619,0.01224190492797911,-0.019857154733828646,0.01917871683614453,12.899999999999942,0.0,640.242499999997,0.0,2.0,0.0,2.0,0.0,0.0,0.0,,
51.5,7.062723252624934,0.08056206242563907,6.932345295363071,-0.013385569347051127,-0.0013431064741267218,0.005451274069775602,13.099999999999941,0.0,641.5624999999969,0.0,2.0,0.0,2.0,0.0,0.0,0.0,,
51.6,7.2719388308217745,-0.04639251803672245,7.179544576461462,0.0037176846585008755,-0.00855060725395448,0.007977302320164081,13.29999999999994,0.0,642.902499999997,0.0,2.0,0.0,2.0,0.0,0.0,0.0,,
51.7,6.980036500973839,-0.3226551442641378,6.976688638975952,-0.015041249226710848,-0.006866418947753316,0.004846919308987561,13.49999999999994,0.0,644.262499999997,0.0,2.0,0.0,2.0,0.0,0.0,0.0,,
51.800000000000004,7.0542050618724845,-0.10256537946401631,7.144381407950921,-0.014920850486079005,-0.016253018107971477,0.01857902481446335,13.699999999999939,0.0,645.642499999997,0.0,2.0,0.0,2.0,0.0,0.0,0.0,,
51.900000000000006,7.215217954062638,-0.106552714480878,6.959513257127945,0.006604937056709043,0.00019164870932687552,-0.006658019566388458,13.899999999999938,0.0,647.042499999997,0.0,2.0,0.0,2.0,0.0,0.0,0.0,,
52.0,7.0661701527855545,-0.15424310404070993,7.027521054458517,-0.010032899411529905,-0.011970909977325838,0.021600881909463812,14.099999999999937,0.0,648.4624999999969,0.0,2.0,0.0,2.0,0.0,0.0,0.0,652.1149551056012,-4.733557380643831
52.1,7.271353357445344,0.11450808526464155,6.989516961573993,-0.0027904693687129606,-0.012556593573965909,0.005453377347873426,14.299999999999937,0.0,649.9024999999968,0.0,2.0,0.0,2.0,0.0,0.0,0.0,,
52.2,6.999462593374416,-0.07151548180129322,7.12151956484616,0.008571370410686346,0.0003358563732019483,0.01140394394953495,14.499999999999936,0.0,651.3624999999969,0.0,2.0,0.0,2.0,0.0,0.0,0.0,,
52.300000000000004,7.122941267647311,-0.10853006987523134,7.136051187350654,-0.0008089874346555223,-0.007497129634890123,-0.00019920751012025405,14.699999999999935,0.0,652.8424999999969,0.0,2.0,0.0,2.0,0.0,0.0,0.0,,
52.400000000000006,7.234007789526995,-0.2920879464688698,7.022886933114918,0.004132369785497609,-0.012501791673589786,-0.011539085897039168,14.899999999999935,0.0,654.3424999999969,0.0,2.0,0.0,2.0,0.0,0.0,0.0,,
52.5,6.886423565210544,-0.16595027088759332,7.119402181515867,0.01836174556827177,-0.010601233473558737,-0.006160729917754225,15.099999999999934,0.0,655.8624999999969,0.0,2.0,0.0,2.0,0.0,0.0,0.0,,
52.6,6.955554863272783,-0.21091382718154705,7.081738090732671,-0.008461998633078465,-0.004726170942917399,0.010989349968960824,15.299999999999933,0.0,657.4024999999968,0.0,2.0,0.0,2.0,0.0,0.0,0.0,,
52.7,7.094659254275185,-0.10398030356228302,7.100147236591514,-0.003961729815407378,0.01650230108594113,-0.018906151111179388,15.499999999999932,0.0,658.9624999999968,0.0,2.0,0.0,2.0,0.0,0.0,0.0,,
52.800000000000004,7.161815810706734,-0.1625666990481115,7.0947652262445615,0.0034744748086568654,-0.01102862878031092,0.0017769203917218472,15.699999999999932,0.0,660.5424999999968,0.0,2.0,0.0,2.0,0.0,0.0,0.0,,
52.900000000000006,7.097584206067462,0.2548435896305125,7.054210428027685,0.004432421606793006,-0.022669718841854054,0.011204704233151312,15.899999999999931,0.0,662.1424999999969,0.0,2.0,0.0,2.0,0.0,0.0,0.0,,
53.0,7.065053346603476,0.08839537473733233,7.107266604045177,-0.003725209297066702,0.012220841000890771,0.01686171021309201,16.09999999999993,0.0,663.7624999999969,0.0,2.0,0.0,2.0,0.0,0.0,0.0,661.3791075469517,-3.3423344205213703
53.1,7.192064785271629,-0.17014990526155857,7.205615878838671,0.008302482828328257,0.016830638450811192,0.01852630210751812,16.29999999999993,0.0,665.4024999999968,0.0,2.0,0.0,2.0,0.0,0.0,0.0,,
53.2,7.128569867034276,-0.09744895326544369,7.196992145639262,-0.013606134498206341,-0.007609012385980555,0.0001491275957621347,16.49999999999993,0.0,667.0624999999968,0.0,2.0,0.0,2.0,0.0,0.0,0.0,,
53.300000000000004,7.199308985719362,0.10895235085936426,7.476602955726378,-0.015188948258808723,0.015014080971179507,0.0123393734651059,16.69999999999993,0.0,668.7424999999968,0.0,2.0,0.0,2.0,0.0,0.0,0.0,,
53.400000000000006,7.065123872738476,0.08556714363712327,7.187390381888036,-0.005894902490300367,-0.006792683247592992,0.008205667121211825,16.899999999999928,0.0,670.4424999999967,0.0,2.0,0.0,2.0,0.0,0.0,0.0,,
53.5,7.27589735399305,0.034115212456492114,6.950146803229122,-0.01131716723205399,0.0035579647749663062,0.005586984941587688,17.099999999999927,0.0,672.1624999999967,0.0,2.0,0.0,2.0,0.0,0.0,0.0,,
53.6,6.956620977227271,-0.0869744760732221,7.137513738172498,0.007903343495159604,-0.005985524877075185,0.015337534315535062,17.299999999999926,0.0,673.9024999999967,0.0,2.0,0.0,2.0,0.0,0.0,0.0,,
53.7,7.1884553713291,-0.14936925636009915,6.911464555651903,0.01995492015607716,-0.013833124968730752,-0.012936597853188339,17.499999999999925,0.0,675.6624999999967,0.0,2.0,0.0,2.0,0.0,0.0,0.0,,
53.800000000000004,7.303255329442193,0.11126799328582475,7.184857232594104,0.0007985535878642368,-0.0018454862491605415,0.006669557697678435,17.699999999999925,0.0,677.4424999999967,0.0,2.0,0.0,2.0,0.0,0.0,0.0,,
53.900000000000006,7.133230122769434,-0.2399323595515296,7.07518927225029,0.0008887631511612741,-0.006566219283577127,0.01154223120548441,17.899999999999924,0.0,679.2424999999967,0.0,2.0,0.0,2.0,0.0,0.0,0.0,,
54.0,7.001018125720315,0.1948368256062694,7.034357560352707,0.0005165091520359593,0.0077973207320505495,0.0016723578288778468,18.099999999999923,0.0,681.0624999999966,0.0,2.0,0.0,2.0,0.0,0.0,0.0,684.064630240958,-3.649012262319898
54.1,7.015238609332192,-0.08775067432787856,6.927379472238858,0.008916297907229009,-0.00949308692111598,0.0008883034179709808,18.299999999999923,0.0,682.9024999999966,0.0,2.0,0.0,2.0,0.0,0.0,0.0,,
54.2,7.070848439717144,-0.37513813966714715,7.10919506719827,-0.017560412280951704,0.0029733129433026327,0.007301410235662828,18.499999999999922,0.0,684.7624999999966,0.0,2.0,0.0,2.0,0.0,0.0,0.0,,
54.300000000000004,7.178538193615695,-0.16015763881327785,7.503313370658645,-0.02397045484175827,-0.0059681066803930725,-0.005629954020665845,18.69999999999992,0.0,686.6424999999966,0.0,2.0,0.0,2.0,0.0,0.0,0.0,,
54.400000000000006,7.278050310378541,-0.2558020548781549,7.156994355431833,0.010813869088944772,0.018229647521607044,-0.0004238756990800792,18.89999999999992,0.0,688.5424999999966,0.0,2.0,0.0,2.0,0.0,0.0,0.0,,
54.5,7.206820179596875,0.17289384436268837,7.278374357384569,0.003090492042871427,-0.008763239016554894,0.0004925506029539607,19.09999999999992,0.0,690.4624999999966,0.0,2.0,0.0,2.0,0.0,0.0,0.0,,
54.6,7.03947031107852,0.005344037726464131,7.199683923155337,0.001494041199240013,0.01027217692111738,0.01207736907402159,19.29999999999992,0.0,692.4024999999965,0.0,2.0,0.0,2.0,0.0,0.0,0.0,,
54.7,7.117095781339062,-0.3371603163913566,7.209982173599193,0.015375644528082854,0.006493484325694024,0.01839479087770894,19.49999999999992,0.0,694.3624999999965,0.0,2.0,0.0,2.0,0.0,0.0,0.0,,
54.800000000000004,7.029148121825037,-0.2938301846358087,7.216954998485621,-0.001729289005645449,-0.001797889158854337,-0.009611230231246829,19.699999999999918,0.0,696.3424999999966,0.0,2.0,0.0,2.0,0.0,0.0,0.0,,
54.900000000000006,7.10243111193495,0.08764929657178802,6.942290884032874,0.007939018667024306,-0.011410874689044732,0.015499981237230719,19.899999999999917,0.0,698.3424999999966,0.0,2.0,0.0,2.0,0.0,0.0,0.0,,
55.0,7.135417597648755,-0.0312791080587151,7.085739187485516,-0.0072602032563275215,-0.004021064972062133,-0.018601724221083325,20.099999999999916,0.0,700.3624999999965,0.0,2.0,0.0,2.0,0.0,0.0,0.0,695.2580387768892,-6.035201893969462
55.1,7.144173066487465,-0.1611468983907585,7.150608345939672,0.003614109353274164,-0.006968647490312915,0.001143111463618049,20.299999999999915,0.0,702.4024999999965,0.0,2.0,0.0,2.0,0.0,0.0,0.0,,
55.2,6.99930052311375,-0.08893153903134944,7.359031790786574,0.02226598031909115,-0.009102568511725603,0.010688487359216882,20.499999999999915,0.0,704.4624999999965,0.0,2.0,0.0,2.0,0.0,0.0,0.0,,
55.300000000000004,7.345366036238606,0.0245138786321116,6.938340782284265,-0.0018686191390938232,0.0013045270594861825,0.015396224394490957,20.699999999999914,0.0,706.5424999999964,0.0,2.0,0.0,2.0,0.0,0.0,0.0,,
55.400000000000006,7.064278529059413,-0.008359150254397629,6.960400074215108,-0.006815301914752697,0.008033555205256029,-0.00024015433157444782,20.899999999999913,0.0,708.6424999999964,0.0,2.0,0.0,2.0,0.0,0.0,0.0,,
55.5,7.197868257348132,0.1836110953203429,7.156399918298521,0.00459813390087421,0.009185380450929573,0.010272482954026434,21.099999999999913,0.0,710.7624999999964,0.0,2.0,0.0,2.0,0.0,0.0,0.0,,
55.6,7.290294452545249,-0.20845870215515155,7.342397508084214,-0.017549683678717884,-0.0070269028271536,0.017761285521608654,21.299999999999912,0.0,712.9024999999964,0.0,2.0,0.0,2.0,0.0,0.0,0.0,,
55.7,6.804685998488659,-0.04084331406646506,7.127129306725622,0.007302569902095095,0.0019637359442397314,0.00922671969936486,21.49999999999991,0.0,715.0624999999964,0.0,2.0,0.0,2.0,0.0,0.0,0.0,,
55.800000000000004,7.1321017269123494,-0.1991126053007674,7.176884569392271,-0.01110486882943029,-0.010077007688715816,0.009006398150089162,21.69999999999991,0.0,717.2424999999963,0.0,2.0,0.0,2.0,0.0,0.0,0.0,,
55.900000000000006,6.846388655104617,0.0018167951560774664,7.147204524416415,0.009251033796220406,-0.0031412717893903827,0.017490392081010556,21.89999999999991,0.0,719.4424999999962,0.0,2.0,0.0,2.0,0.0,0.0,0.0,,
56.0,7.212383005259711,-0.11659845484836241,6.965863042409754,-0.008772115584405929,0.020169470769822825,0.0013285048291865175,22.09999999999991,0.0,721.6624999999963,0.0,2.0,0.0,2.0,0.0,0.0,0.0,718.756241967933,6.1383515234167705
56.1,7.217886256044371,0.0029610068889697576,7.131427563202648,0.012197542885017596,0.003925325062968116,0.005011063186779321,22.29999999999991,0.0,723.9024999999963,0.0,2.0,0.0,2.0,0.0,0.0,0.0,,
56.2,6.925553018983284,0.12319756211175907,7.006434557998822,0.008192885433335068,-0.009657719934413965,0.006795136760587408,22.499999999999908,0.0,726.1624999999963,0.0,2.0,0.0,2.0,0.0,0.0,0.0,,
56.300000000000004,6.987849813552603,0.018570415756938973,7.4851905982134745,0.0003270388663062713,0.00015400861263127415,0.003630286797436178,22.699999999999907,0.0,728.4424999999962,0.0,2.0,0.0,2.0,0.0,0.0,0.0,,
56.400000000000006,7.102203474187651,-0.2575678933245048,7.247157568508105,0.002857546033704541,-0.015871392189251342,0.002209432753812594,22.899999999999906,0.0,730.7424999999962,0.0,2.0,0.0,2.0,0.0,0.0,0.0,,
56.5,6.9759940879214755,-0.04252976305403027,6.926652183593256,0.003561941491107792,0.002200294650067511,-0.0006952601288900389,23.099999999999905,0.0,733.0624999999961,0.0,2.0,0.0,2.0,0.0,0.0,0.0,,
56.6,7.088959137714072,0.200036935799347,7.200548037295945,0.006493269751724068,-0.00925243314741496,0.01615448389286908,23.299999999999905,0.0,735.4024999999962,0.0,2.0,0.0,2.0,0.0,0.0,0.0,,
56.7,7.106448043026378,0.1127830527850086,7.356131102811808,0.0037686464948298993,0.009549283252764917,-0.013755560452461726,23.499999999999904,0.0,737.7624999999962,0.0,2.0,0.0,2.0,0.0,0.0,0.0,,
56.800000000000004,6.67034187509497,-0.46836043167734814,6.985098183825233,-0.014311893610680831,0.0012697572153333731,0.0064107224199170375,23.699999999999903,0.0,740.1424999999962,0.0,2.0,0.0,2.0,0.0,0.0,0.0,,
56.900000000000006,6.907459710371601,0.026054235143763243,6.8379585771979485,0.01108645398188229,0.023177345057895555,0.012632559239466584,23.899999999999903,0.0,742.5424999999962,0.0,2.0,0.0,2.0,0.0,0.0,0.0,,
57.0,7.173706986713296,0.1329792899717039,6.881881411619878,0.01571208674792186,0.005851346415043832,-0.0026294946645281526,24.099999999999902,0.0,744.9624999999961,0.0,2.0,0.0,2.0,0.0,0.0,0.0,743.0090522406198,0.9435095868317258
57.1,6.9620733347220085,0.055942645798415985,6.739597670066809,-0.01904405718179612,-0.0071546567143269835,0.007808543258485035,24.2999999999999,0.0,747.402499999996,0.0,2.0,0.0,2.0,0.0,0.0,0.0,,
57.2,6.93369939883145,-0.3232321107187403,7.402698794428432,0.011403917128786458,0.0011367554663027715,-0.0046793058424894965,24.4999999999999,0.0,749.8624999999961,0.0,2.0,0.0,2.0,0.0,0.0,0.0,,
57.300000000000004,7.036456914646108,-0.26106151572031167,7.235486308192326,0.003985873507359487,0.00889511936061214,0.008089341151726905,24.6999999999999,0.0,752.3424999999961,0.0,2.0,0.0,2.0,0.0,0.0,0.0,,
57.400000000000006,6.833575344632907,0.2898714553381208,7.330200085295742,0.015926058705810684,0.008961531612359365,-0.006110298211945996,24.8999999999999,0.0,754.8424999999961,0.0,2.0,0.0,2.0,0.0,0.0,0.0,,
57.5,7.0457671064002785,-0.18734343902122877,7.1714792327830965,0.002815482238891757,0.006253626612781455,0.004608416151479702,25.0999999999999,0.0,757.3624999999961,0.0,2.0,0.0,2.0,0.0,0.0,0.0,,
57.6,7.150106819958277,0.1675510704728823,7.061664038223107,-0.004246781119441203,-0.013084724522603128,0.010726347827460112,25.299999999999898,0.0,759.902499999996,0.0,2.0,0.0,2.0,0.0,0.0,0.0,,
57.7,7.110505360514909,0.009983132585024507,7.028558818136774,-0.0047440850310826186,-0.003728104153695145,0.01716479799623871,25.499999999999897,0.0,762.462499999996,0.0,2.0,0.0,2.0,0.0,0.0,0.0,,
57.800000000000004,6.803745979891689,0.19805750033058708,7.240549151731482,0.0023872117074806905,-0.007994654237443338,0.01138921235982552,25.699999999999896,0.0,765.0424999999959,0.0,2.0,0.0,2.0,0.0,0.0,0.0,,
57.900000000000006,6.884760767487674,-0.062201379678476235,6.8518503946521605,0.020420098069677182,-0.011360208691959568,-0.005010814648590366,25.899999999999896,0.0,767.642499999996,0.0,2.0,0.0,2.0,0.0,0.0,0.0,,
58.0,7.037236781030964,0.28549631719917484,6.993371805348619,0.012393058355380378,-0.007426554927047069,0.009896185252630226,26.099999999999895,0.0,770.262499999996,0.0,2.0,0.0,2.0,0.0,0.0,0.0,771.579200431962,-8.447286421388668
58.1,7.172254066254423,-0.0014618101352549054,7.134632507372677,-0.006057596900360372,-0.013835519343712558,-0.009679989231891053,26.299999999999894,0.0,772.9024999999959,0.0,2.0,0.0,2.0,0.0,0.0,0.0,,
58.2,7.267778446325977,-0.1992563230772485,7.151704735092818,-0.022725995771177177,0.003591897166603679,-0.00362708047415816,26.499999999999893,0.0,775.5624999999959,0.0,2.0,0.0,2.0,0.0,0.0,0.0,,
58.300000000000004,7.205092986824261,-0.03707307774753714,7.13624301794415,0.003403986041020955,0.01323289310402199,0.009646468056623347,26.699999999999893,0.0,778.2424999999959,0.0,2.0,0.0,2.0,0.0,0.0,0.0,,
58.400000000000006,6.94849416434731,-0.12231250146322971,7.0602935160931475,-0.00842423090917523,0.007458135847038086,0.009245791444961139,26.899999999999892,0.0,780.9424999999958,0.0,2.0,0.0,2.0,0.0,0.0,0.0,,
58.5,7.403530508968304,-0.14288142344642504,6.876069070253782,-0.014741332022839273,0.001032340175775189,0.006833079081771413,27.09999999999989,0.0,783.6624999999958,0.0,2.0,0.0,2.0,0.0,0.0,0.0,,
58.6,7.203703015052626,0.08633448965673388,7.16528068989102,-0.01625630454064745,-0.00550422490037085,0.0055473636084925546,27.29999999999989,0.0,786.4024999999958,0.0,2.0,0.0,2.0,0.0,0.0,0.0,,
58.7,7.528966085786937,0.028016319915547438,7.023424788985376,0.01714353698580357,-0.0028070783455655863,0.009222121005403105,27.49999999999989,0.0,789.1624999999958,0.0,2.0,0.0,2.0,0.0,0.0,0.0,,
58.800000000000004,6.988371054992186,0.10547810889258404,6.792463190062595,0.018817272312650332,-0.011214015721028312,-0.002463372353859305,27.69999999999989,0.0,791.9424999999958,0.0,2.0,0.0,2.0,0.0,0.0,0.0,,
58.900000000000006,6.940305687166754,-0.1923406824661967,6.975105269168321,-0.00028850970526678356,0.004796459157123696,0.014508778416128949,27.89999999999989,0.0,794.7424999999957,0.0,2.0,0.0,2.0,0.0,0.0,0.0,,
59.0,6.9757591116595234,0.00849626491478156,7.010080208659843,-0.004819556372711869,0.0003468123412808814,0.01480936569959912,28.099999999999888,0.0,797.5624999999957,0.0,2.0,0.0,2.0,0.0,0.0,0.0,798.08488905631,0.2227869876947305
59.1,7.127236888143951,-0.004157378980355959,7.361942676950424,-0.012468904782496433,-0.002872523683979823,0.0212478953391337,28.299999999999887,0.0,800.4024999999957,0.0,2.0,0.0,2.0,0.0,0.0,0.0,,
59.2,7.016229370409074,-0.1190804884461937,7.197704308610875,0.012540290929528027,0.011291888344580156,0.009243946167768104,28.499999999999886,0.0,803.2624999999957,0.0,2.0,0.0,2.0,0.0,0.0,0.0,,
59.300000000000004,7.311225535989588,0.009637141502472926,6.874080174568636,0.00148966919165767,0.0021003532957066823,0.01101982791589002,28.699999999999886,0.0,806.1424999999957,0.0,2.0,0.0,2.0,0.0,0.0,0.0,,
59.400000000000006,7.004992148864629,-0.17921178849599181,6.952272171597256,0.009149394310794591,0.015103039281253774,0.01768314734229625,28.899999999999885,0.0,809.0424999999957,0.0,2.0,0.0,2.0,0.0,0.0,0.0,,
59.5,6.955132575439144,-0.006097215896304483,7.109767576583744,0.007658312868091614,0.0016223831184891493,0.02553201766166177,29.099999999999884,0.0,811.9624999999957,0.0,2.0,0.0,2.0,0.0,0.0,0.0,,
59.6,7.165454207453656,-0.09325913127692252,7.181496332930457,0.0004969785749203085,0.00705302433380587,0.0023552891568823175,29.299999999999883,0.0,814.9024999999956,0.0,2.0,0.0,2.0,0.0,0.0,0.0,,
59.7,7.186242020824518,-0.09550264051692278,7.229105214675209,0.003776199098922204,0.014239076309264813,-0.0060950606883009364,29.499999999999883,0.0,817.8624999999956,0.0,2.0,0.0,2.0,0.0,0.0,0.0,,
59.800000000000004,7.264644575005231,0.36124115947764485,6.888378912950699,0.0010996536288608724,-0.00034271817638736337,0.020300860762047415,29.699999999999882,0.0,820.8424999999957,0.0,2.0,0.0,2.0,0.0,0.0,0.0,,
59.900000000000006,7.151092972182883,-0.1626647007997839,6.982390067044708,-0.014394012060428403,0.006829974051612187,0.015762835198297798,29.89999999999988,0.0,823.8424999999957,0.0,2.0,0.0,2.0,0.0,0.0,0.0,,
60.0,5.256193299148444,3.1829375222839826,8.276652521629734,0.0620645657251544,0.008229008485411044,0.076559309541521,30.09999999999988,0.0,826.8524999999956,0.015760323145508737,0.0,3.152064629101747,0.0,3.152064629101747,0.0,0.10471975511965978,817.8736544935716,-2.979663732493411
60.1,5.444364402246853,3.160209572146175,8.453013402803627,0.06665166091273052,0.008665496628011828,0.09407538156149199,30.09999999999988,0.010471975511965978,829.8621699210843,0.06303985233239938,0.0,3.152064629101747,-0.033007740316407866,3.1518917993981863,0.0,0.10471975511965978,,
60.2,5.2952629436204575,3.4658821572430085,8.291336062111363,0.04057326870780825,0.011742472904784576,0.10764144650897475,30.09999999999988,0.020943951023931956,832.8711797190388,0.14183340282750476,0.0,3.152064629101747,-0.0660118609621266,3.1513733292402297,0.0,0.10471975511965978,,
60.300000000000004,5.592795579304834,3.0584506183781373,8.120550410837835,0.03621371659052258,0.005503944408393733,0.09812226460904865,30.09999999999988,0.031415926535897934,835.8791994220263,0.2521323340300904,0.0,3.152064629101747,-0.09900874266340479,3.1505092754839725,0.0,0.10471975511965978,,
60.400000000000006,5.429812493504637,2.975232516543276,8.115161916084798,0.056009899894001416,-0.01187922561958243,0.10850206150288767,30.09999999999988,0.04188790204786391,838.8858991667892,0.393924550419394,0.0,3.152064629101747,-0.1319947669403228,3.1492997328826458,0.0,0.10471975511965978,,
60.5,5.291603086770042,3.102328634357465,8.144569608042728,0.04800912456186497,0.007463498140608846,0.09579959678783488,30.09999999999988,0.05235987755982989,841.890949234818,0.5671945028810355,0.0,3.152064629101747,-0.16496631650360002,3.1477448340762257,0.0,0.10471975511965978,,
60.6,5.40057049319516,3.034512280276912,8.134211250448924,0.06714457393240035,0.0001714794484743341,0.09590819953231507,30.09999999999988,0.06283185307179587,844.8940200885088,0.7719231904121524,0.0,3.152064629101747,-0.19791977565127117,3.1458447495768898,0.0,0.10471975511965978,,
60.7,5.310341610777643,2.988343724462717,8.082760027630497,0.06914726490448232,-0.002723096993668319,0.09082367733466476,30.09999999999988,0.07330382858376185,847.8947824073011,1.0080881622050746,0.0,3.152064629101747,-0.23085153066518901,3.143599687750314,0.0,0.10471975511965978,,
60.800000000000004,5.209999250309901,2.8934795312352715,8.221869489325906,0.06789253382333062,0.015174570306734593,0.10161026689171535,30.09999999999988,0.08377580409572782,850.8929071237911,1.2756635201093074,0.0,3.152064629101747,-0.2637579702073091,3.141009894792828,0.0,0.10471975511965978,,
60.900000000000006,5.400932213649143,2.9609065443766043,8.14448007702857,0.07206945772575202,0.006098226990548172,0.08703527895246019,30.09999999999988,0.0942477796076938,853.8880654598179,1.5746199214715564,0.0,3.152064629101747,-0.29663548571571385,3.138075654704414,0.0,0.10471975511965978,,
61.0,5.7682447670866,3.1068809351397024,8.036352263634658,0.04582247684919907,0.006322241860159068,0.0857454933787129,30.09999999999988,0.10471975511965978,856.8799289625174,1.90492458235348,0.0,3.152064629101747,-0.3294804718003317,3.1347972892575626,0.0,0.10471975511965978,860.0334455724558,9.512261251397728
61.1,5.398478638982171,2.930697829494773,8.024909843227869,0.07550812648868452,-0.007436599788481259,0.08469899989329065,30.09999999999988,0.11519173063162576,859.8681695403415,2.2665412811268166,0.0,3.152064629101747,-0.36228932663830926,3.13117515796199,0.0,0.10471975511965978,,
61.2,5.415962651675053,3.0265836275487112,8.171789380668185,0.0525631796718994,0.0019529738251130272,0.10024920879096756,30.09999999999988,0.12566370614359174,862.8524594990362,2.6594303624454967,0.0,3.152064629101747,-0.39505845236899134,3.12720965802521,0.0,0.10471975511965978,,
61.300000000000004,5.406829946700179,3.1854848985821547,8.184658108786893,0.03655202760540714,0.021454722712111605,0.0834916513228309,30.09999999999988,0.13613568165555773,865.8324715775777,3.083548741594296,0.0,3.152064629101747,-0.427784255488467,3.1229012243089778,0.0,0.10471975511965978,,
61.400000000000006,5.407381355350539,3.1936617146853608,8.348012100671877,0.058669377402711456,0.009174740069680503,0.09660444562783164,30.09999999999988,0.14660765716752372,868.8078789840602,3.5388499092135612,0.0,3.152064629101747,-0.46046314724363796,3.1182503292816017,0.0,0.10471975511965978,,
61.5,5.403251852440038,3.3992820484332977,8.105113577114995,0.05054084751093963,-0.010828121106189309,0.10591303074024733,30.09999999999988,0.1570796326794897,871.7783554315313,4.025283936399485,0.0,3.152064629101747,-0.49309154402576566,3.113257482966133,0.0,0.10471975511965978,,
61.6,5.465050491019394,3.207659474453432,8.159096714718855,0.05288772473421838,0.0005335475141752383,0.09568545195057546,30.09999999999988,0.1675516081914557,874.7435751737747,4.542797480179373,0.0,3.152064629101747,-0.5256658677634543,3.107923232884433,0.0,0.10471975511965978,,
61.7,5.261939566738893,2.997277018377059,8.195230842181438,0.053804159530481406,-0.026868467822967413,0.11088729014982442,30.09999999999988,0.1780235837034217,877.7032130410305,5.091333789361302,0.0,3.152064629101747,-0.5581825463150267,3.1022481639971367,0.0,0.10471975511965978,,
61.800000000000004,5.622613183129116,3.057285019972586,8.309313000623947,0.05340985324435371,0.01602524265336148,0.10830305686376679,30.09999999999988,0.1884955592153877,880.6569444756545,5.670832710757528,0.0,3.152064629101747,-0.5906380138602502,3.0962328986394985,0.0,0.10471975511965978,,
61.900000000000006,5.504155888473328,3.254242254591531,8.144264602957064,0.05239150615950473,0.01484707993897175,0.09880575052907214,30.09999999999988,0.19896753472735368,883.6044455677095,6.281230695780962,0.0,3.152064629101747,-0.6230287112913684,3.0898780964531514,0.0,0.10471975511965978,,
62.0,5.4461726539590245,3.1431170051220874,8.091166712719955,0.06101372015980051,-0.002061360485636985,0.11120980954788642,30.09999999999988,0.20943951023931967,886.5453930904852,6.922460807413984,0.0,3.152064629101747,-0.655351086603398,3.0831844543137663,0.0,0.10471975511965978,877.9012862233586,5.775260268247111
62.1,5.488227752885981,3.1350588110439253,8.331080158299514,0.05386933312203818,-0.00023636670845037912,0.09184363653246883,30.09999999999988,0.21991148575128566,889.4794645359443,7.594452727548847,0.0,3.152064629101747,-0.6876015952836462,3.076152706254635,0.0,0.10471975511965978,,
62.2,5.3383099019082225,3.1198532083282036,8.127498742424038,0.05248799392314126,-8.331158666790587e-05,0.08325711942129246,30.09999999999988,0.23038346126325165,892.406338150089,8.29713276469885,0.0,3.152064629101747,-0.7197767007004057,3.068783623386173,0.0,0.10471975511965978,,
62.300000000000004,5.222529480876222,3.0880234403433637,8.250466863033102,0.04911490316598979,-0.01171513810387638,0.09646204959402313,30.09999999999988,0.24085543677521765,895.3256929682447,9.030423862079433,0.0,3.152064629101747,-0.7518728744907873,3.061078013811359,0.0,0.10471975511965978,,
62.400000000000006,5.62400432035807,2.8781957547016783,8.138299520543503,0.059485938664334395,-1.874582733252956e-05,0.09370049292788517,30.09999999999988,0.25132741228718364,898.237208850257,9.794245606058329,0.0,3.152064629101747,-0.7838865969476438,3.053036722537116,0.0,0.10471975511965978,,
62.5,5.398605799664888,3.5470536428733745,8.092777605117886,0.04295415306696884,-0.012965819291868646,0.10749168786120412,30.09999999999988,0.26179938779914963,901.1405665156001,10.588514234973822,0.0,3.152064629101747,-0.8158143574055461,3.04466063138165,0.0,0.10471975511965978,,
62.6,5.452566539120711,3.133245626199694,8.380981401738484,0.05574996980187025,0.01077454596315032,0.10012564653597464,30.09999999999988,0.2722713633111156,904.0354475783879,11.413142648320157,0.0,3.152064629101747,-0.8476526546257664,3.0359506588777467,0.0,0.10471975511965978,,
62.7,5.431438026406943,3.272196390087217,8.186288032552273,0.05211124155840072,-0.004610371148197169,0.10746986318593876,30.09999999999988,0.2827433388230816,906.9215345822896,12.268040416299094,0.0,3.152064629101747,-0.8793979971802299,3.0269077601720427,0.0,0.10471975511965978,,
62.800000000000004,5.23321024828942,3.1305716547944735,8.095435532705684,0.04877642023225722,-0.003413853128795114,0.0897282891783338,30.09999999999988,0.2932153143350476,909.7985110353419,13.153113789736551,0.0,3.152064629101747,-0.911046903834388,3.0175329269202864,0.0,0.10471975511965978,,
62.900000000000006,5.2549885182593306,3.1162818525612104,8.15882996177542,0.041212499986742555,0.007163369294921823,0.08830095110622074,30.09999999999988,0.3036872898470136,912.6660614446562,14.068265710363264,0.0,3.152064629101747,-0.9425959039289752,3.007827187178587,0.0,0.10471975511965978,,
63.0,5.779585684133763,3.131584857492641,8.236955812017683,0.041429133179700386,0.008422533651401824,0.09894868518794005,30.09999999999988,0.3141592653589796,915.5238713510158,15.013395821458307,0.0,3.152064629101747,-0.9740415377606061,2.997791605290683,0.0,0.10471975511965978,919.3690788597175,10.478565382915399
63.1,5.488005527177284,3.1094379580529923,8.075408726333386,0.07069786564693244,-0.007486462496162768,0.09266810333405083,30.09999999999988,0.3246312408709456,918.3716273633598,15.98840047885435,0.0,3.152064629101747,-1.005380356961171,2.987427281771217,0.0,0.10471975511965978,,
63.2,5.334630520050583,2.9514670476742975,8.441575890442916,0.05828352759103433,0.021604279404319603,0.07520566329864797,30.09999999999988,0.3351032163829116,921.2090171931503,16.99317276230341,0.0,3.152064629101747,-1.0366089248759884,2.9767353531850596,0.0,0.10471975511965978,,
63.300000000000004,5.264939135997361,3.138212738079619,8.152050067574038,0.060064972905924795,0.0023643044302888816,0.0988792857921062,30.09999999999988,0.34557519189487756,924.0357296886178,18.027602487201847,0.0,3.152064629101747,-1.0677238169406724,2.9657169920226667,0.0,0.10471975511965978,,
63.400000000000006,5.352760218415813,3.321880887235423,8.212587140624255,0.05739509092068391,-0.0082749164370993,0.07469603863561533,30.09999999999988,0.35604716740684356,926.8514548688831,19.091576216673364,0.0,3.152064629101747,-1.098721621056675,2.9543734065715057,0.0,0.10471975511965978,,
63.5,5.293262076799601,3.1039442397854895,8.211758280628246,0.04572829355512769,-0.008924179874968997,0.09827655476077043,30.09999999999988,0.36651914291880955,929.6558839579499,20.18497727400863,0.0,3.152064629101747,-1.1295989379654614,2.9427058407835527,0.0,0.10471975511965978,,
63.6,5.554212222634724,3.0846501406101794,8.649984437958384,0.06881760039748291,0.0015366867366108097,0.09796609177082113,30.09999999999988,0.37699111843077554,932.4487094185654,21.307685755460202,0.0,3.152064629101747,-1.160352381621277,2.930715574138876,0.0,0.10471975511965978,,
63.7,5.217612886597592,3.2578182526858503,8.308885730023754,0.0640792231841173,0.02212651504014589,0.08802722620782774,30.09999999999988,0.38746309394274153,935.2296249859457,22.459578543391313,0.0,3.152064629101747,-1.1909785795624648,2.918403921505333,0.0,0.10471975511965978,,
63.800000000000004,5.447962954775226,3.0468719487911446,8.104295502026805,0.0567977040336721,-0.011228045148951395,0.07396328803142543,30.09999999999988,0.3979350694547075,937.9983257013607,23.640529319777112,0.0,3.152064629101747,-1.221474173281295,2.905772232994374,0.0,0.10471975511965978,,
63.900000000000006,5.1956872890455745,2.9725732729003145,8.163546905024944,0.03768109008626523,0.0058849880740067416,0.08025801860451687,30.09999999999988,0.4084070449666735,940.7545079455766,24.85040858005686,0.0,3.152064629101747,-1.251835818592262,2.8928218938129904,0.0,0.10471975511965978,,
64.0,5.650196545487542,3.0673815767640673,8.462668946157034,0.058294062854265666,-0.006658159196144785,0.08742618940476965,30.09999999999988,0.4188790204786395,943.4978694721508,26.089083647335574,0.0,3.152064629101747,-1.282060185998813,2.87955432411181,0.0,0.10471975511965978,943.5824405854786,23.08023287488943
64.10000000000001,5.3879805696937435,3.0243657974200704,8.329027758907545,0.059990308997713036,0.01791559606066,0.07930810086138304,30.09999999999988,0.4293509959906055,946.2281094405772,27.356418686933523,0.0,3.152064629101747,-1.312143961058464,2.865970978829363,0.0,0.10471975511965978,,
64.2,5.384137923492673,3.2128596859260217,8.297193013977703,0.06102424941862058,0.004281882310799015,0.0947445060490748,30.09999999999988,0.4398229715025715,948.9449284492762,28.65227472128205,0.0,3.152064629101747,-1.3420838447462666,2.85207334753253,0.0,0.10471975511965978,,
64.3,5.231995897898429,2.9659403075168633,8.242276079250898,0.03833847046924524,-0.00631949951887699,0.09482426743911786,30.09999999999988,0.4502949470145375,951.6480285684277,29.97650964516402,0.0,3.152064629101747,-1.3718765538165822,2.837862954253195,0.0,0.10471975511965978,,
64.4,5.469423899688064,3.050162508435117,8.17045401480305,0.048076970409350404,-0.0030518103840401108,0.10820395347464028,30.09999999999988,0.4607669225265035,954.3371133726424,31.328978241297254,0.0,3.152064629101747,-1.4015188211631284,2.8233413573211172,0.0,0.10471975511965978,,
64.5,5.599327382006295,3.0474486061636195,8.21306781974277,0.04345369108509212,-0.008681285616427057,0.06949367618734899,30.09999999999988,0.47123889803846947,957.0118879734686,32.70953219625925,0.0,3.152064629101747,-1.4310073961772525,2.8085101491930438,0.0,0.10471975511965978,,
64.60000000000001,5.474554947940135,3.218003091278993,8.101189157301443,0.0645508049116179,0.004975080547388432,0.09225568022310233,30.09999999999988,0.48171087355043546,959.672059051729,34.11802011675141,0.0,3.152064629101747,-1.4603390451043983,2.793370956278079,0.0,0.10471975511965978,,
64.7,5.384952537480292,3.397272037555439,8.120894031010838,0.06400093539094313,-0.006190466926244756,0.11762008082519543,30.09999999999988,0.49218284906240145,962.3173348896877,35.55428754620106,0.0,3.152064629101747,-1.489510551398723,2.777925438759328,0.0,0.10471975511965978,,
64.8,5.3429416631665605,2.9022173488944287,8.407640895077026,0.0593203892054824,-0.01956927724654305,0.09746271782243192,30.09999999999988,0.5026548245743674,964.9474254030393,37.018176981699284,0.0,3.152064629101747,-1.5185187160758284,2.7621752904118435,0.0,0.10471975511965978,,
64.9,5.020155992837009,3.246786389777566,8.281294032766175,0.0592840690157987,0.00795653471203569,0.0684396223807779,30.09999999999988,0.5131268000863334,967.5620421727208,38.50952789127294,0.0,3.152064629101747,-1.5473603580635655,2.7461222384168784,0.0,0.10471975511965978,,
65.0,5.454241184764574,3.1485336850425893,7.9784473578255275,0.07011816468610219,-0.027761649008345976,0.0955738933700863,30.09999999999988,0.5235987755982994,970.1608984765392,40.0281767314888,0.0,3.152064629101747,-1.5760323145508748,2.7297680431724864,0.0,0.10471975511965978,970.082019000682,38.81866861387746
65.10000000000001,5.365970217134473,3.081871947599071,7.9480166900189255,0.05796744100110879,-0.002664384351445302,0.08550639625213845,30.09999999999988,0.5340707511102654,972.7437093206144,41.573956965387914,0.0,3.152064629101747,-1.6045314413346237,2.7131144981004707,0.0,0.10471975511965978,,
65.2,5.330401058799587,3.3494997801397557,7.860168103243574,0.054745405848315595,5.003485144631587e-05,0.09286406549750634,30.09999999999988,0.5445427266222314,975.3101914706316,43.14669908074828,0.0,3.152064629101747,-1.6328546131644042,2.6961634294497165,0.0,0.10471975511965978,,
65.3,5.272481220955451,3.084327608692005,8.300481026656685,0.05735640359959343,-0.002989753678252366,0.07522771099763975,30.09999999999988,0.5550147021341973,977.8600634829016,44.74623060867375,0.0,3.152064629101747,-1.6609987240852524,2.678916696095923,0.0,0.10471975511965978,,
65.4,5.396753061667037,3.1979851839835454,8.358540976689364,0.06040665903984027,-0.013229666108120458,0.09700026719718241,30.09999999999988,0.5654866776461633,980.3930457352237,46.37237614250721,0.0,3.152064629101747,-1.6889606877782504,2.6613761893377554,0.0,0.10471975511965978,,
65.5,5.430517199247315,3.2800108858299275,8.078700895843525,0.05701022651313652,0.005397036522927426,0.09438053924678687,30.09999999999988,0.5759586531581293,982.90886045755,48.02495735706589,0.0,3.152064629101747,-1.7167374378989761,2.6435438326894434,0.0,0.10471975511965978,,
65.60000000000001,5.382750695312889,3.297914065389894,8.263525035242473,0.0677608582424625,0.0022252318516758577,0.07787238975348523,30.09999999999988,0.5864306286700953,985.4072317624452,49.70379302819669,0.0,3.152064629101747,-1.744325928413764,2.625421581669846,0.0,0.10471975511965978,,
65.7,5.6510407192877,2.982297991708042,8.373668445117982,0.05125048842861064,0.004589315467259397,0.09426332743124613,30.09999999999988,0.5969026041820613,987.887885675342,51.40869905264954,0.0,3.152064629101747,-1.7717231339337347,2.6070114235880055,0.0,0.10471975511965978,,
65.8,5.089163737235223,3.1815597609290185,8.237901470193348,0.0375050704265451,-0.019308196534151393,0.11391284419545225,30.09999999999988,0.6073745796940273,990.3505501645842,53.1394884682663,0.0,3.152064629101747,-1.7989260500465645,2.5883153773252205,0.0,0.10471975511965978,,
65.9,5.358621356081531,3.1502757487640065,8.118870610288829,0.0413141558644955,-0.0007385020103688278,0.11136042750402594,30.09999999999988,0.6178465552059933,992.7949551712588,54.895971474483325,0.0,3.152064629101747,-1.8259316936459524,2.5693354931136487,0.0,0.10471975511965978,,
66.0,5.536779829109026,2.9156240009403405,8.143599835149544,0.0499697885891133,0.01626224138086536,0.10419939151936232,30.09999999999988,0.6283185307179593,995.2208326388111,56.67795545314522,0.0,3.152064629101747,-1.8527371032587527,2.550073852311477,0.0,0.10471975511965978,989.8007746913692,56.479147309427134
66.10000000000001,5.491019415205647,3.265683845460939,8.258293947793312,0.046491624823372886,-0.009384895658957565,0.07077524027545885,30.09999999999988,0.6387905062299253,997.6279165424395,58.485244989627596,0.0,3.152064629101747,-1.879339339369731,2.53053256717468,0.0,0.10471975511965978,,
66.2,5.328420692553479,3.099105385128449,7.893617166432126,0.06627813501760915,0.0035312431952679224,0.09725458890462338,30.09999999999988,0.6492624817418913,1000.0159429182686,60.317641894266465,0.0,3.152064629101747,-1.9057354847439179,2.510713780625382,0.0,0.10471975511965978,,
66.3,5.122775163287147,3.0471772012270764,7.905358016522899,0.0623717364192931,0.0048932879519051845,0.08405880965254946,30.09999999999988,0.6597344572538573,1002.3846498922957,62.174945224092006,0.0,3.152064629101747,-1.9319226447465156,2.4906196660168654,0.0,0.10471975511965978,,
66.4,5.546855554510758,3.0321541351919303,8.24248193980055,0.04249090737003974,-0.009765122403455813,0.09575819528078032,30.09999999999988,0.6702064327658233,1004.7337777091082,64.05695130486419,0.0,3.152064629101747,-1.9578979476603275,2.4702524268952377,0.0,0.10471975511965978,,
66.5,5.420107089275276,3.117940291505646,7.963364316843569,0.07829827694244326,0.02199232953444986,0.09100720316938783,30.09999999999988,0.6806784082777892,1007.0630687603685,65.96345375340798,0.0,3.152064629101747,-1.983658545000674,2.449614296757786,0.0,0.10471975511965978,,
66.60000000000001,5.299063986726709,3.323754648392981,8.066167508405334,0.05806712657759253,0.020998001089623016,0.10059787738480422,30.09999999999988,0.6911503837897552,1009.3722676130645,67.89424350024557,0.0,3.152064629101747,-2.0092016118277614,2.428707538808051,0.0,0.10471975511965978,,
66.7,5.498496572412458,3.1809137153492513,8.226028175740176,0.059121106332111185,-0.008927011345883135,0.08725519449314098,30.09999999999988,0.7016223593017212,1011.6611210375196,69.8491088125232,0.0,3.152064629101747,-2.034524347056467,2.4075344457076393,0.0,0.10471975511965978,,
66.8,5.193351047163122,3.150209862163644,8.101767282621516,0.05385594392692086,0.024855406150423892,0.08776876900246748,30.09999999999988,0.7120943348136872,1013.9293780351626,71.82783531723004,0.0,3.152064629101747,-2.059623973763513,2.386097339324808,0.0,0.10471975511965978,,
66.9,5.4869612607785365,3.3663236585333887,8.346359997361045,0.06285111176453163,0.006246508646306182,0.10947266318169063,30.09999999999988,0.7225663103256532,1016.1767898660528,73.83020602470663,0.0,3.152064629101747,-2.084497739491983,2.3643985704798474,0.0,0.10471975511965978,,
67.0,5.2753414969427785,3.084370178337387,8.1320428792703,0.05585574942196136,-0.008333088915158902,0.08856963466649784,30.09999999999988,0.7330382858376192,1018.403110076157,75.85600135244023,0.0,3.152064629101747,-2.1091429165531634,2.342440518687283,0.0,0.10471975511965978,1021.2166619686376,79.81730278427065
67.10000000000001,5.128340540562102,2.9075958767170595,8.179047158390789,0.06067611416056938,0.00919020682343299,0.10917962073551406,30.09999999999988,0.7435102613495852,1020.6080945243757,77.90499914914452,0.0,3.152064629101747,-2.133556802325663,2.32022559189494,0.0,0.10471975511965978,,
67.2,5.482391923053944,2.625581255253136,8.096122886814117,0.04683369450019452,0.019231223045938696,0.091240910520657,30.09999999999988,0.7539822368615512,1022.7915014093164,79.97697471912097,0.0,3.152064629101747,-2.1577367195517883,2.2977562262198794,0.0,0.10471975511965978,,
67.3,5.4426710002271905,3.028158620611693,7.974288136247508,0.03654957556421215,0.009697122205142072,0.09087404559179135,30.09999999999988,0.7644542123735172,1024.9530912958094,82.0717008468993,0.0,3.152064629101747,-2.1816800166311316,2.2750348856812543,0.0,0.10471975511965978,,
67.4,5.490555291468019,3.1926884185478897,8.309392097140849,0.055682473125800595,-0.009218547967398509,0.08409011889618313,30.09999999999988,0.7749261878854832,1027.0926271411645,84.18894782215418,0.0,3.152064629101747,-2.205384067911352,2.252064061930102,0.0,0.10471975511965978,,
67.5,5.67662093573487,3.0597153668941,8.444933070963707,0.0657422809730477,0.004751014719288911,0.10015680623029874,30.09999999999988,0.7853981633974492,1029.2098743211661,86.32848346489556,0.0,3.152064629101747,-2.228846273976107,2.228846273976103,0.0,0.10471975511965978,,
67.60000000000001,5.347951200493877,3.236986171864595,8.116275169635536,0.03941193527906994,-0.017008761213907403,0.08794292056520456,30.09999999999988,0.7958701389094152,1031.3046006558016,88.49007315092985,0.0,3.152064629101747,-2.2520640619301058,2.2053840679113486,0.0,0.10471975511965978,,
67.7,5.580678493869607,3.0495120037125965,8.252118480958883,0.045426626193799495,0.004685179664822894,0.10085166043088793,30.09999999999988,0.8063421144213812,1033.3765764347231,90.67347983758906,0.0,3.152064629101747,-2.2750348856812583,2.1816800166311276,0.0,0.10471975511965978,,
67.8,5.362442665156415,3.2043506913718063,8.19341909872538,0.05783644198504502,-0.011301588682080121,0.0837801604985571,30.09999999999988,0.8168140899333471,1035.4255744424374,92.87846408972526,0.0,3.152064629101747,-2.2977562262198834,2.1577367195517843,0.0,0.10471975511965978,,
67.9,5.421381786685133,3.110616086404487,8.253221829251297,0.049047865303474034,0.003266731677480051,0.08955747997957497,30.09999999999988,0.8272860654453131,1037.4513699832228,95.10478410596728,0.0,3.152064629101747,-2.320225591894944,2.1335568023256593,0.0,0.10471975511965978,,
68.0,5.37561242833097,3.249090474270479,8.223365939306824,0.055641458886409416,-0.006059686709973397,0.09174006565515715,30.09999999999988,0.8377580409572791,1039.4537409057696,97.352195745237,0.0,3.152064629101747,-2.3424405186872868,2.1091429165531594,0.0,0.10471975511965978,1033.9215564093063,96.07689160966446
68.10000000000001,5.512381208042227,3.1918352834201418,8.191099267033442,0.057552446753762074,-0.004957790504236683,0.09771633963426314,30.09999999999988,0.8482300164692451,1041.4324676275412,99.62045255352213,0.0,3.152064629101747,-2.364398570479851,2.084497739491979,0.0,0.10471975511965978,,
68.2,5.5937285048310565,3.052683182700324,8.190141932098273,0.035757376372356486,-0.0018227199271675025,0.08457638314357856,30.09999999999988,0.8587019919812111,1043.3873331588547,101.90930579090274,0.0,3.152064629101747,-2.3860973393248117,2.0596239737635087,0.0,0.10471975511965978,,
68.3,5.469682698815045,3.1604227487135375,8.040692766048002,0.04489700338671312,-0.005236653009814562,0.09169922653163101,30.09999999999988,0.8691739674931771,1045.3181231266751,104.21850445882828,0.0,3.152064629101747,-2.4075344457076424,2.0345243470564633,0.0,0.10471975511965978,,
68.4,5.5230707552618865,3.0280148227342165,8.006375786377436,0.044853010158579065,0.019905684236629223,0.09689792842737836,30.09999999999988,0.8796459430051431,1047.2246257981246,106.54779532764253,0.0,3.152064629101747,-2.4287075388080543,2.009201611827757,0.0,0.10471975511965978,,
68.5,5.276445499373641,2.9733339450179135,8.106115158175795,0.06217729513826249,0.024180832809243262,0.0983090847820939,30.09999999999988,0.8901179185171091,1049.1066321037008,108.89692296435301,0.0,3.152064629101747,-2.4496142967577894,1.9836585450006698,0.0,0.10471975511965978,,
68.60000000000001,5.499531669350905,3.112973462349666,8.371433201254245,0.04052113229167573,0.009567129159255392,0.08801235614710326,30.09999999999988,0.9005898940290751,1050.963935660204,111.26562976064207,0.0,3.152064629101747,-2.470252426895241,1.957897947660323,0.0,0.10471975511965978,,
68.7,5.2765392929411075,3.2369208181009945,8.38927170389377,0.04943126786852521,-0.0060048938132086374,0.09151832289160479,30.09999999999988,0.9110618695410411,1052.7963327933694,113.65365596111663,0.0,3.152064629101747,-2.4906196660168685,1.9319226447465114,0.0,0.10471975511965978,,
68.8,5.190221641174619,2.9059475673450548,8.092511440510094,0.0628944981197352,-0.016736516473206106,0.09157045767760659,30.09999999999988,0.9215338450530071,1054.603622560202,116.06073969179316,0.0,3.152064629101747,-2.510713780625385,1.9057354847439136,0.0,0.10471975511965978,,
68.9,5.319513481329766,3.1635576416964186,8.085487691346357,0.06698042654979944,-0.013724130663644744,0.09765309401180189,30.09999999999988,0.932005820564973,1056.3856067710128,118.48661698881526,0.0,3.152064629101747,-2.5305325671746832,1.8793393393697264,0.0,0.10471975511965978,,
69.0,5.354091302492665,3.1343114658610993,8.043166229960265,0.060846960359167104,-0.0177414372235172,0.09244418558314114,30.09999999999988,0.942477796076939,1058.1420900111516,120.93102182740013,0.0,3.152064629101747,-2.5500738523114808,1.8527371032587483,0.0,0.10471975511965978,1059.8550468914443,123.52054546936598
69.10000000000001,5.363978055579609,2.9687287698109763,8.055041639686781,0.07278651600359903,0.00923896855607632,0.08780622573222585,30.09999999999988,0.952949771588905,1059.8728796624375,123.3936861510113,0.0,3.152064629101747,-2.569335493113652,1.8259316936459482,0.0,0.10471975511965978,,
69.2,5.2643564671194385,3.049549489254663,8.162978038309774,0.058073379019449395,0.020968052087191342,0.10804972148183307,30.09999999999988,0.963421747100871,1061.5777859242812,125.87433990075397,0.0,3.152064629101747,-2.5883153773252237,1.7989260500465603,0.0,0.10471975511965978,,
69.3,5.584681847382683,3.129546568437018,8.32079408783994,0.060938199384409836,-0.006761029620385213,0.08825533354011456,30.09999999999988,0.973893722612837,1063.256621834498,128.37271104499007,0.0,3.152064629101747,-2.6070114235880086,1.7717231339337303,0.0,0.10471975511965978,,
69.4,5.244258020709316,3.115198804182612,7.990299823055529,0.05884828596653072,-0.0010361631221874554,0.09502543849534603,30.09999999999988,0.984365698124803,1064.9092032898122,130.88852560916953,0.0,3.152064629101747,-2.6254215816698485,1.7443259284137593,0.0,0.10471975511965978,,
69.5,5.367731230324361,3.3254919451998024,8.414934839593895,0.05099303286175211,0.014742870136398401,0.09670380641826676,30.09999999999988,0.994837673636769,1066.5353490660439,133.42150770587475,0.0,3.152064629101747,-2.6435438326894465,1.7167374378989715,0.0,0.10471975511965978,,
69.60000000000001,5.431903740656005,3.072245504533489,8.220856812068956,0.0435206559536716,0.0027284941396564415,0.09453443796854681,30.09999999999988,1.005309649148735,1068.134880837984,135.9713795650747,0.0,3.152064629101747,-2.6613761893377585,1.6889606877782457,0.0,0.10471975511965978,,
69.7,5.292506744635193,3.0232937406272082,8.160391813166383,0.05878126001824224,0.0071486685778970925,0.08660408428248763,30.09999999999988,1.015781624660701,1069.7076231989483,138.53786156458557,0.0,3.152064629101747,-2.678916696095926,1.660998724085248,0.0,0.10471975511965978,,
69.8,5.017012960279202,3.2956058915393838,8.011365528255855,0.04876377447417608,0.004480677305942428,0.07527869208580865,30.09999999999988,1.026253600172667,1071.2534036800143,141.12067226073452,0.0,3.152064629101747,-2.6961634294497197,1.6328546131643995,0.0,0.10471975511965978,,
69.9,5.355323438558568,3.1209635475792403,8.544393376874643,0.054821553869659756,0.0029553128490871694,0.09439050650779861,30.09999999999988,1.036725575684633,1072.7720527689326,143.71952841922305,0.0,3.152064629101747,-2.7131144981004733,1.6045314413346188,0.0,0.10471975511965978,,
70.0,5.522155239205505,3.658078608182625,8.359011196896505,0.049777537791653344,0.014350521647697892,0.08537010359703419,30.09999999999988,1.047197551196599,1074.2634039287166,146.33414504618696,0.0,3.152064629101747,-2.729768043172489,1.5760323145508701,0.0,0.10471975511965978,,
70.10000000000001,5.485616632531155,3.196253578226807,8.177023649008161,0.05146156766870079,-0.0016167499652415865,0.09781520306215528,30.09999999999988,1.057669526708565,1075.7272936159059,148.96423541944904,0.0,3.152064629101747,-2.746122238416881,1.5473603580635609,0.0,0.10471975511965978,,
70.2,5.390682171326412,3.0856629494330754,8.259455061770366,0.049951222839807796,0.009822233038391377,0.09495570200284462,30.09999999999988,1.068141502220531,1077.1635612985,151.60951111996144,0.0,3.152064629101747,-2.7621752904118457,1.5185187160758236,0.0,0.10471975511965978,,
70.3,5.322280591658373,3.065799913048963,8.150036790566478,0.060277322498853626,-0.009731060230103544,0.08572734619990402,30.09999999999988,1.078613477732497,1078.5720494735622,154.26968206343403,0.0,3.152064629101747,-2.777925438759331,1.4895105513987181,0.0,0.10471975511965978,,
70.4,5.239075172847397,2.994065596744325,8.362077141564647,0.02886855111496633,0.00022234498811919107,0.11834952568641952,30.09999999999988,1.089085453244463,1079.9526036844916,156.9444565321455,0.0,3.152064629101747,-2.793370956278081,1.4603390451043934,0.0,0.10471975511965978,,
70.5,5.524332260282011,3.0422295702509854,8.171914579484605,0.07484875240185365,-0.019329719936969022,0.08995042340560312,30.09999999999988,1.099557428756429,1081.3050725379617,159.63354120693336,0.0,3.152064629101747,-2.8085101491930464,1.4310073961772476,0.0,0.10471975511965978,,
70.60000000000001,5.463982764408576,3.0822347832223937,8.481461759368255,0.06018442867491633,0.0053512172267642915,0.08482453284618977,30.09999999999988,1.110029404268395,1082.6293077205216,162.3366411993598,0.0,3.152064629101747,-2.8233413573211195,1.4015188211631235,0.0,0.10471975511965978,,
70.7,5.392736864336601,3.148001228926982,8.327498491519203,0.06373232186586625,0.0068795278834366215,0.08947204375411534,30.09999999999988,1.120501379780361,1083.925164014861,165.05346008404948,0.0,3.152064629101747,-2.8378629542531972,1.3718765538165771,0.0,0.10471975511965978,,
70.8,5.499593275912307,3.179080555570257,8.149875783638217,0.05227416641555314,0.015193985180450132,0.09342221854103816,30.09999999999988,1.130973355292327,1085.192499315734,167.7836999311959,0.0,3.152064629101747,-2.852073347532533,1.3420838447462615,0.0,0.10471975511965978,,
70.9,5.314164343664127,3.064014682590674,8.074856168307274,0.07251628473779591,-0.015523134770596804,0.07551697647979902,30.09999999999988,1.141445330804293,1086.4311746455437,170.52706133923286,0.0,3.152064629101747,-2.8659709788293655,1.3121439610584589,0.0,0.10471975511965978,,
71.0,5.06365630928378,3.2041625902884983,8.442150179509976,0.05641681824693067,-0.007588602471683575,0.11027179216300517,30.09999999999988,1.1519173063162589,1087.6410541695814,173.28324346766706,0.0,3.152064629101747,-2.8795543241118122,1.2820601859988079,0.0,0.10471975511965978,,
71.10000000000001,5.309989786617818,3.0665807692415745,8.532617465214,0.06235074607101398,0.012373951540368069,0.09250699519727948,30.09999999999988,1.1623892818282249,1088.822005210923,176.0519440700688,0.0,3.152064629101747,-2.892821893812992,1.251835818592257,0.0,0.10471975511965978,,
71.2,5.417912352485215,2.865363372780915,8.166779411601581,0.0538459580459521,0.007000052243814538,0.11523902886799942,30.09999999999988,1.1728612573401909,1089.9738982649787,178.83285952721658,0.0,3.152064629101747,-2.905772232994376,1.22147417328129,0.0,0.10471975511965978,,
71.3,5.596498977719993,3.3368758650570896,8.212017062274699,0.06319761382150285,0.006828422654692982,0.10781356175521004,30.09999999999988,1.1833332328521569,1091.0966070136947,181.62568488039247,0.0,3.152064629101747,-2.9184039215053352,1.1909785795624597,0.0,0.10471975511965978,,
71.4,5.560369187512512,3.2387208239456284,8.005333709727468,0.03609397726586127,-0.007774050041639441,0.08484077197727674,30.09999999999988,1.1938052083641228,1092.190008339405,184.43011386482422,0.0,3.152064629101747,-2.9307155741388784,1.1603523816212717,0.0,0.10471975511965978,,
71.5,5.484495592809431,3.268012351243762,7.9997829461380325,0.04836098466617589,-0.01038958395721321,0.1036062462114021,30.09999999999988,1.2042771838760888,1093.2539823383324,187.24583894327063,0.0,3.152064629101747,-2.9427058407835545,1.1295989379654563,0.0,0.10471975511965978,,
71.60000000000001,5.342399632561807,2.889543819586779,8.355415428971204,0.06229236226769694,-0.002503133207696999,0.1014353893049379,30.09999999999988,1.2147491593880548,1094.2884123337383,190.0725513397465,0.0,3.152064629101747,-2.954373406571508,1.0987216210566697,0.0,0.10471975511965978,,
71.7,5.537509893210596,3.334928786965199,8.317968236798192,0.06299228241199889,0.006297958556107061,0.08315312786837356,30.09999999999988,1.2252211349000208,1095.2931848887165,192.9099410733834,0.0,3.152064629101747,-2.965716992022669,1.067723816940667,0.0,0.10471975511965978,,
71.8,5.608466135862777,3.0496402456225895,8.182127299360001,0.04222810219439977,0.003553538503796225,0.10257482419514669,30.09999999999988,1.2356931104119868,1096.2681898186336,195.75769699242258,0.0,3.152064629101747,-2.9767353531850613,1.036608924875983,0.0,0.10471975511965978,,
71.9,5.464213896636853,3.1830474269970632,8.49995742101287,0.07614102034578994,-0.013239292475878659,0.07974757396392293,30.09999999999988,1.2461650859239528,1097.2133202032119,198.61550680833625,0.0,3.152064629101747,-2.9874272817712186,1.0053803569611657,0.0,0.10471975511965978,,
72.0,5.713441406279009,3.1820831626953723,8.22935173330249,0.08135772553440167,-0.006313704437388837,0.0723146390358414,30.09999999999988,1.2566370614359188,1098.1284723982542,201.48305713007346,0.0,3.152064629101747,-2.9977916052906846,0.9740415377606008,0.0,0.10471975511965978,,
72.10000000000001,5.697081527879861,3.34094298568803,8.287569599487693,0.0524966830081901,-0.002521423450867315,0.10938929121846075,30.09999999999988,1.2671090369478848,1099.0135460470092,204.36003349842707,0.0,3.152064629101747,-3.007827187178589,0.9425959039289697,0.0,0.10471975511965978,,
72.2,5.201933443802286,2.9173515218774715,8.118849721129697,0.05562234787353568,-0.004039808758905428,0.09959085049941689,30.09999999999988,1.2775810124598508,1099.8684440911775,207.24612042051774,0.0,3.152064629101747,-3.0175329269202877,0.9110469038343826,0.0,0.10471975511965978,,
72.3,5.452191201222791,3.184965493429874,8.403601534511319,0.059661589355794964,-0.007555409941288802,0.10428468200678961,30.09999999999988,1.2880529879718168,1100.6930727815547,210.14100140439123,0.0,3.152064629101747,-3.0269077601720444,0.8793979971802246,0.0,0.10471975511965978,,
72.4,5.694304145376462,3.0143680187300657,8.241927072396388,0.055811895707857065,0.003363507077192428,0.09779132988915391,30.09999999999988,1.2985249634837828,1101.4873416883122,213.0443589937253,0.0,3.152064629101747,-3.035950658877748,0.8476526546257611,0.0,0.10471975511965978,,
72.5,5.201589503607609,2.8030366829531443,8.259070714323911,0.056702899863125655,-0.0009043945329802926,0.10709584393523218,30.09999999999988,1.3089969389957488,1102.2511637109137,215.95587480264243,0.0,3.152064629101747,-3.0446606313816518,0.8158143574055406,0.0,0.10471975511965978,,
72.60000000000001,5.013158079187405,3.0550683640648075,8.075326017821022,0.04894570823054241,-0.003284473377770063,0.10893142061995228,30.09999999999988,1.3194689145077148,1102.9844550876674,218.87522955062434,0.0,3.152064629101747,-3.0530367225371173,0.7838865969476384,0.0,0.10471975511965978,,
72.7,5.188879178373158,3.2810237639711755,8.247492829504,0.0534465156126035,-4.445443240407123e-05,0.09448895012491333,30.09999999999988,1.3299408900196807,1103.68713540491,221.8021030975248,0.0,3.152064629101747,-3.0610780138113602,0.7518728744907819,0.0,0.10471975511965978,,
72.8,5.235818706073488,2.9876900329885387,8.173710121313766,0.05689935528198754,0.020847391075916998,0.09514857049142736,30.09999999999988,1.3404128655316467,1104.359127605826,224.7361744786765,0.0,3.152064629101747,-3.0687836233861745,0.7197767007004003,0.0,0.10471975511965978,,
72.9,5.321487966622037,3.1204955375183814,8.09586975536827,0.05674305822261904,0.0010330217289799878,0.08814370518246026,30.09999999999988,1.3508848410436127,1105.0003579988982,227.67712194008854,0.0,3.152064629101747,-3.076152706254637,0.6876015952836407,0.0,0.10471975511965978,,
73.0,5.424150313942755,3.2034080625470556,8.16973237378881,0.04582831462044027,0.0050639255966652185,0.08858885826440512,30.09999999999988,1.3613568165555787,1105.610756265988,230.62462297373028,0.0,3.152064629101747,-3.083184454313768,0.6553510866033926,0.0,0.10471975511965978,,
73.10000000000001,5.312407779101107,3.3395484529678194,8.229910702061368,0.0542457828528266,0.00026114580448426377,0.10126764971065601,30.09999999999988,1.3718287920675447,1106.1902554700468,233.57835435289812,0.0,3.152064629101747,-3.0898780964531527,0.6230287112913628,0.0,0.10471975511965978,,
73.2,5.1360999820659154,3.1397425368942673,8.272806957766857,0.06942832463447673,-0.004552851137474795,0.08946784093721798,30.09999999999988,1.3823007675795107,1106.7387920624567,236.53799216766075,0.0,3.152064629101747,-3.0962328986394994,0.5906380138602447,0.0,0.10471975511965978,,
73.3,5.362557820808721,2.9376172134581315,8.316273973098024,0.06054325843403355,-0.003709885870139599,0.09457098053849501,30.09999999999988,1.3927727430914767,1107.2563058899987,239.50321186037974,0.0,3.152064629101747,-3.1022481639971375,0.5581825463150212,0.0,0.10471975511965978,,
73.4,5.3999557654342265,3.242895340337992,8.398456474401836,0.06969386494408987,-0.0107486736434874,0.1077515570250896,30.09999999999988,1.4032447186034427,1107.7427402014496,242.47368826130077,0.0,3.152064629101747,-3.1079232328844344,0.5256658677634488,0.0,0.10471975511965978,,
73.5,5.3728776572851995,3.0248086983548186,8.345302739576635,0.06444380828675605,-0.020385922713677097,0.09042792745436988,30.09999999999988,1.4137166941154087,1108.1980416538058,245.44909562421225,0.0,3.152064629101747,-3.1132574829661337,0.49309154402576016,0.0,0.10471975511965978,,
73.60000000000001,5.175385156218101,3.1401546497310298,7.997030267700436,0.06419879028039001,0.005422747083040906,0.08637862233578168,30.09999999999988,1.4241886696273747,1108.6221603181323,248.42910766216704,0.0,3.152064629101747,-3.118250329281602,0.46046314724363246,0.0,0.10471975511965978,,
73.7,5.28746911606028,3.191478891997959,8.269593035247306,0.058892643734157514,-0.018468096103815054,0.09080591746647718,30.09999999999988,1.4346606451393407,1109.015049685038,251.4133975832635,0.0,3.152064629101747,-3.122901224308978,0.42778425548846144,0.0,0.10471975511965978,,
73.8,5.414278170971534,3.3506225868652058,7.996547239291395,0.05890574139929673,0.01473502317213917,0.08049961328692791,30.09999999999988,1.4451326206513067,1109.3766666697766,254.4016381264819,0.0,3.152064629101747,-3.127209658025211,0.39505845236898574,0.0,0.10471975511965978,,
73.9,5.336930501179789,3.0859329877648563,8.082547652599338,0.059850291548285146,0.015833358804768875,0.0884456839576544,30.09999999999988,1.4556045961632726,1109.7069716169701,257.3935015975723,0.0,3.152064629101747,-3.131175157961991,0.3622893266383037,0.0,0.10471975511965978,,
74.0,5.4404364602885105,3.2251095775728045,8.117298072112444,0.05232851924757108,0.0005000150701165646,0.09806258742347447,30.09999999999988,1.4660765716752386,1110.0059283049595,260.3886599049898,0.0,3.152064629101747,-3.1347972892575635,0.32948047180032614,0.0,0.10471975511965978,,
74.10000000000001,5.482475131240671,3.1595324609475224,8.03165024048271,0.06195312939419059,-0.0096204100871309,0.09497204813662219,30.09999999999988,1.4765485471872046,1110.2735039497747,263.3867845958736,0.0,3.152064629101747,-3.1380756547044144,0.29663548571570814,0.0,0.10471975511965978,,
74.2,5.483304357636376,2.9890955293176615,7.899722199528334,0.05864610636417857,-0.01525139022261235,0.08532544082493893,30.09999999999988,1.4870205226991706,1110.5096692087309,266.38754689206564,0.0,3.152064629101747,-3.1410098947928287,0.2637579702073034,0.0,0.10471975511965978,,
74.3,5.371542162936971,3.072593139299445,8.229664046676223,0.04990025531102554,0.0001783518734162236,0.10796932667494581,30.09999999999988,1.4974924982111366,1110.7143981836464,269.3906177261646,0.0,3.152064629101747,-3.1435996877503145,0.2308515306651832,0.0,0.10471975511965978,,
74.4,5.361249264828454,2.9541058567859797,8.034459203326705,0.037745620939909214,0.009128535264685322,0.08203827640999792,30.09999999999988,1.5079644737231026,1110.8876684236816,272.39566777761195,0.0,3.152064629101747,-3.14584474957689,0.19791977565126534,0.0,0.10471975511965978,,
74.5,5.275239836796122,3.3173841520042195,8.26390506426399,0.053618066493248746,-0.005840943270085779,0.10198529430248171,30.09999999999988,1.5184364492350686,1111.0294609278023,275.4023675088057,0.0,3.152064629101747,-3.147744834076226,0.16496631650359414,0.0,0.10471975511965978,,
74.60000000000001,5.492452392951744,3.150965205759409,8.1947845897377,0.05869587654216176,-0.002710430588630947,0.07553375522229121,30.09999999999988,1.5289084247470346,1111.139760146863,278.410387201238,0.0,3.152064629101747,-3.1492997328826458,0.1319947669403169,0.0,0.10471975511965978,,
74.7,5.60837908220774,3.299047778490335,8.39932902642547,0.06343350506979448,0.003311171673244279,0.095993122400575,30.09999999999988,1.5393804002590006,1111.2185539853108,281.41939699165215,0.0,3.152064629101747,-3.1505092754839725,0.09900874266339882,0.0,0.10471975511965978,,
74.8,5.2102814598952305,3.0844387162991915,8.131923958583842,0.06027028760874115,0.014062793840012246,0.10480240657003251,30.09999999999988,1.5498523757709666,1111.2658338025135,284.4290669082162,0.0,3.152064629101747,-3.1513733292402297,0.0660118609621206,0.0,0.10471975511965978,,
74.9,5.319910528033985,3.0808048100324994,8.178490662030843,0.051865884883440454,0.003425143345099714,0.09783905099321064,30.09999999999988,1.5603243512829326,1111.2815944137062,287.439066906708,0.0,3.152064629101747,-3.1518917993981863,0.0330077403164018,0.0,0.10471975511965978,,
75.0,5.738640992834567,-1.0980535631908659,7.65229344635181,-0.017049854677367568,0.010955872567066071,-0.039651357580190554,30.09999999999988,1.5707963267948986,1111.2881612150168,290.45156690670797,0.5,-1.3133602621257277,1.3133602621257268,0.5000000000000026,0.0,-0.04363323129985824,,
75.10000000000001,5.516846252951399,-1.3246336957187574,7.90540077676432,-0.01188775703908882,-0.009592022285088764,-0.022526477702490215,30.14999999999988,1.5664330036649128,1111.307905147787,293.46900948170133,0.5,-1.3155419236907206,1.3177110553221358,0.4942551240702568,0.0,-0.04363323129985824,,
75.2,5.858735938231329,-1.3591661380148121,7.930660308818579,-0.020654252726161497,-0.002067719755548886,-0.0077744278400007985,30.199999999999882,1.562069680534927,1111.3408694683828,296.4913368983546,0.5,-1.3177235852557136,1.322036678128504,0.48848179988830975,0.0,-0.04363323129985824,,
75.3,5.667686930459857,-1.377670437824176,7.788732231043712,-0.028762249249657302,0.009181267641004534,-0.034876599079576354,30.249999999999883,1.5577063574049412,1111.3870971798117,299.51849113995553,0.5,-1.3199052468207066,1.326336965121802,0.4826801379136277,0.0,-0.04363323129985824,,
75.4,5.769053324559467,-1.3693097293840215,8.103893668517594,-0.018978173841883224,0.009014751091004186,-0.034115995836335886,30.299999999999883,1.5533430342749555,1111.4466310300736,302.5504139075269,0.5,-1.3220869083856994,1.3306117513645213,0.4768502495076396,0.0,-0.04363323129985824,,
75.5,5.916452332476073,-1.4811059870429732,8.230616530634927,-0.02840111490762243,-0.010011339485578098,-0.023564403355439294,30.349999999999884,1.5489797111449697,1111.5195135105157,305.587046620949,0.5,-1.3242685699506924,1.3348608724093962,0.47099224693160047,0.0,-0.04363323129985824,,
75.60000000000001,5.69985077835866,-1.2492743822382963,7.80844200762921,-0.03497349834249281,-0.012279062416931014,-0.03169063405898248,30.399999999999885,1.544616388014984,1111.605786854193,308.62833042009146,0.5,-1.3264502315156854,1.3390841643041143,0.4651062433444292,0.0,-0.04363323129985824,,
75.7,5.742721532867331,-1.4060054329515934,7.963644474747161,-0.035146723166704676,0.005329173453193544,-0.038826263041679646,30.449999999999886,1.5402530648849981,1111.705493034235,311.67420616595325,0.5,-1.3286318930806784,1.3432814635960204,0.45919235280052356,0.0,-0.04363323129985824,,
75.8,6.233583577328096,-1.373155351861963,8.07085498512067,-0.016174757408893653,-0.021640391485694747,-0.017474115587629013,30.499999999999886,1.5358897417550124,1111.8186737622143,314.7246144418127,0.5,-1.3308135546456712,1.3474526073368092,0.45325069024755077,0.0,-0.04363323129985824,,
75.9,5.7948462345459415,-1.5053888711467762,7.834603398217753,-0.011103325178215887,-0.0011786469320515219,-0.0203195756500936,30.549999999999887,1.5315264186250266,1111.9453704865236,317.77949555438573,0.5,-1.3329952162106642,1.3515974330872091,0.44728137152421416,0.0,-0.04363323129985824,,
76.0,5.769215799256549,-1.5384611681448233,7.911274444101009,-0.00666316840236263,0.009723557204104921,-0.01652657475756602,30.599999999999888,1.5271630954950408,1112.0856243907563,320.838789534993,0.5,-1.3351768777756572,1.3557157789216547,0.4412845133579959,0.0,-0.04363323129985824,,
76.10000000000001,5.946402045432049,-1.209517549109157,7.92286595273671,-0.0250471052142174,-0.008020210750174686,-0.037289228771955465,30.64999999999989,1.522799772365055,1112.2394763920913,323.90243614073614,0.5,-1.3373585393406502,1.3598074834329499,0.43526023336287617,0.0,-0.04363323129985824,,
76.2,5.671652019601994,-1.20805387324306,7.905186112790613,-0.02969310953608035,-0.001247141029350032,-0.02795177371823887,30.69999999999989,1.5184364492350693,1112.4069671396858,326.9703748556829,0.5,-1.339540200905643,1.3638723857369217,0.4292086500370285,0.0,-0.04363323129985824,,
76.3,6.000362614009965,-1.3606483814165493,8.184613539535217,-0.0199124333131135,-0.004798291638611316,-0.024630436001751223,30.74999999999989,1.5140731261050835,1112.5881370130705,330.0425448920605,0.5,-1.341721862470636,1.3679103254770635,0.423129882760491,0.0,-0.04363323129985824,,
76.4,5.8051726429451715,-1.3987122040567448,7.692735347952201,-0.041234076046390206,0.010398195278899475,-0.02530336948769003,30.79999999999989,1.5097098029750977,1112.7830261205522,333.11888519145884,0.5,-1.343903524035629,1.3719211428291664,0.41702405179281454,0.0,-0.04363323129985824,,
76.5,5.559112504576883,-1.6612523566913693,8.06353621133531,-0.024836459554549873,0.030376989100607803,-0.03571305791039243,30.84999999999989,1.505346479845112,1112.9916742976197,336.1993344260413,0.5,-1.346085185600622,1.3759046785059428,0.41089127827068683,0.0,-0.04363323129985824,,
76.60000000000001,6.150746888695137,-1.4655927434048375,7.831739296713489,-0.01193834878905208,0.006598074920097577,-0.015699223392648683,30.899999999999892,1.5009831567151262,1113.214121105358,339.28383099976514,0.5,-1.3482668471656147,1.3798607737616355,0.40473168420553307,0.0,-0.04363323129985824,,
76.7,6.0354479952822135,-1.527700394826469,7.849262480473623,-0.01696720690995998,0.007324362248547449,-0.030865865291659213,30.949999999999893,1.4966198335851404,1113.4504058288646,342.37231304961045,0.5,-1.3504485087306077,1.3837892703966215,0.3985453924810929,0.0,-0.04363323129985824,,
76.80000000000001,5.840409643614396,-1.1938655976487476,8.007289400949208,-0.027352397707762856,0.012668718264793448,-0.03317180485286527,30.999999999999893,1.4922565104551546,1113.700567475675,345.46471844681736,0.5,-1.3526301702956007,1.3876900107619985,0.39233252685097414,0.0,-0.04363323129985824,,
76.9,5.602611230554598,-1.420435612837195,8.102955299640456,-0.025385714987150063,-0.0038437656906903286,-0.012694790690841503,31.049999999999894,1.4878931873251688,1113.964644774189,348.56098479813255,0.5,-1.3548118318605937,1.3915628377641664,0.38609321193618296,0.0,-0.04363323129985824,,
77.0,5.917930582437954,-1.2555716735402,7.681188666846772,-0.02629455360057252,-0.006603064073631259,-0.036204884703382026,31.099999999999895,1.483529864195183,1114.2426761721088,351.661049447064,0.5,-1.3569934934255865,1.3954075948693934,0.37982757322263044,0.0,-0.04363323129985824,,
77.10000000000001,6.002556532626481,-1.6953025072844405,7.952764450469524,-0.03578133225963475,-0.0056705451197181745,-0.029224239938463896,31.149999999999896,1.4791665410651973,1114.5346998348757,354.76484947514433,0.5,-1.3591751549905795,1.3992241261083735,0.3735357370586162,0.0,-0.04363323129985824,,
77.2,6.008069184351955,-1.2818857041105778,8.153445850419043,-0.01034386135376679,-0.003969827987216975,-0.014570043808295085,31.199999999999896,1.4748032179352115,1114.840753644119,357.87232170320317,0.5,-1.3613568165555725,1.4030122760807726,0.36721783065228825,0.0,-0.04363323129985824,,
77.30000000000001,5.544287128189032,-1.477497737417965,8.030147426325223,-0.03321506527783801,-0.010048001981314843,-0.04238844160085489,31.249999999999897,1.4704398948052257,1115.1608751961066,360.98340269264764,0.5,-1.3635384781205655,1.4067718899597594,0.3608739820690803,0.0,-0.04363323129985824,,
77.4,5.991013941509453,-1.3326982934748146,8.36687213722868,-0.0069965561690485505,-0.003055530389664919,-0.0369613555074951,31.299999999999898,1.46607657167524,1115.4951018002018,364.0980287467515,0.5,-1.3657201396855583,1.4105028134965298,0.3545043202291246,0.0,-0.04363323129985824,,
77.5,5.781912192561596,-1.316882302336287,8.15842549282834,-0.030576416159500266,-0.0047418608997063,-0.0388187742727403,31.3499999999999,1.4617132485452542,1115.8434704773279,367.21613591195296,0.5,-1.3679018012505513,1.4142048930248194,0.34810897490464365,0.0,-0.04363323129985824,,
77.60000000000001,5.878664030596382,-1.2766514342074124,7.811984807477532,-0.026471862697857715,-0.00497632497548853,-0.027161345739089505,31.3999999999999,1.4573499254152684,1116.2060179584364,370.337659979161,0.5,-1.3700834628155443,1.4178779754653974,0.3416880767173164,0.0,-0.04363323129985824,,
77.7,5.551802360441631,-1.276570824274204,7.866239812681878,-0.024485230419451054,0.008354862222994622,-0.03160424546330499,31.4499999999999,1.4529866022852826,1116.582780682983,373.4625364850699,0.5,-1.3722651243805373,1.4215219083305577,0.33524175713562354,0.0,-0.04363323129985824,,
77.80000000000001,5.749977693921387,-1.536567318392165,7.98757393353778,-0.012913331118015223,0.01692942325877134,-0.027795912705689534,31.4999999999999,1.4486232791552969,1116.973794797408,376.5907007134824,0.5,-1.37444678594553,1.4251365397285924,0.3287701484721687,0.0,-0.04363323129985824,,
77.9,5.902439842301295,-1.4653847627122998,7.799412524803001,-0.02361465664285731,0.00280468148478082,-0.027057101247481855,31.5499999999999,1.444259956025311,1117.3790961536233,379.7220876966413,0.5,-1.376628447510523,1.4287217183682543,0.3222733838809766,0.0,-0.04363323129985824,,
78.0,5.596938905922244,-1.5324618045399734,7.961969528307564,-0.016074804292343387,0.0041373668862267005,-0.03643552881495789,31.599999999999902,1.4398966328953253,1117.7987203075063,382.8566322165693,0.5,-1.378810109075516,1.432277293563208,0.315751597354769,0.0,-0.04363323129985824,,
78.10000000000001,5.820956797629219,-1.335635182262769,7.757570179100853,-0.03911455639797391,0.020546715103968178,-0.028481425866126647,31.649999999999903,1.4355333097653395,1118.2327025173988,385.99426880641744,0.5,-1.380991770640509,1.4358031152364679,0.30920492372221753,0.0,-0.04363323129985824,,
78.2,5.764284065848707,-1.460359542652454,8.080073123469681,-0.027983308441618625,0.009538481992737767,-0.04911369784553873,31.699999999999903,1.4311699866353538,1118.681077742612,389.1349317518214,0.5,-1.3831734322055018,1.4392990339248233,0.30263349864517364,0.0,-0.04363323129985824,,
78.30000000000001,6.140983427595768,-1.3915320260826802,7.612165521659686,-0.008018420303396265,0.0005109589075815946,-0.04294063269851516,31.749999999999904,1.426806663505368,1119.1438806419378,392.2785550922669,0.5,-1.3853550937704948,1.442764900783253,0.2960374586158759,0.0,-0.04363323129985824,,
78.4,5.787421233105814,-1.1263342896588941,7.699069678569108,-0.009052942715836405,-0.003146105817547455,-0.01990998379669697,31.799999999999905,1.4224433403753822,1119.621145572168,395.42507262246255,0.5,-1.3875367553354878,1.4462005675893244,0.2894169409541346,0.0,-0.04363323129985824,,
78.5,5.691428610130068,-1.468672034121108,7.833471051533123,-0.012125533192551245,0.005768867255548038,-0.02083153062785411,31.849999999999905,1.4180800172453965,1120.1129065866164,398.5744178937214,0.5,-1.3897184169004808,1.4496058867475816,0.28277208380449415,0.0,-0.04363323129985824,,
78.60000000000001,5.899526872208975,-1.3346578699038374,8.051620199963052,-0.023598041105891858,-0.018138985430000865,-0.046874813320541525,31.899999999999906,1.4137166941154107,1120.6191974336512,401.72652421535054,0.5,-1.3919000784654736,1.45298071129392,0.27610302613337256,0.0,-0.04363323129985824,,
78.7,5.685799714481948,-1.5435555852676694,7.957594721197792,-0.031940142740554435,0.002167082018150848,-0.035759716173563307,31.949999999999907,1.409353370985425,1121.1400515552298,404.8813246560491,0.5,-1.3940817400304666,1.4563248948999483,0.2694099077261781,0.0,-0.04363323129985824,,
78.80000000000001,5.936672354196591,-1.392045014990447,8.037102671597141,-0.009489238689102834,-0.002443946252581522,-0.004334111583613125,31.999999999999908,1.4049900478554391,1121.6755020854432,408.03875204531414,0.5,-1.3962634015954596,1.4596382918773365,0.26269286918440476,0.0,-0.04363323129985824,,
78.9,5.959059146974634,-1.4838317512475774,7.642289575980665,-0.009325817989434444,-0.00846987611527419,-0.03304106816048422,32.049999999999905,1.4006267247254534,1122.2255818490653,411.19873897485485,0.5,-1.3984450631604524,1.4629207571821514,0.25595205192270404,0.0,-0.04363323129985824,,
79.0,6.0071595248733525,-1.3780271096264745,7.9680997906471625,-0.016607079540698715,0.00453644413517383,-0.04734159498793324,32.0999999999999,1.3962634015954676,1122.7903233601082,414.36121780001486,0.5,-1.4006267247254451,1.4661721464191781,0.2491875981659349,0.0,-0.04363323129985824,,
79.10000000000001,5.81622854439873,-1.1852244542414407,8.001054639375917,-0.008789037910983776,0.014474186375435981,-0.02393885512513086,32.1499999999999,1.3919000784654818,1123.3697588203859,417.5261206412024,0.5,-1.402808386290438,1.46939231584623,0.24239965094619212,0.0,-0.04363323129985824,,
79.2,5.970342679901425,-1.1717827616024212,7.834366487393451,-0.03896941717359549,-0.010167945323961473,-0.0386608580701891,32.199999999999896,1.387536755335496,1123.9639201180826,420.6933793853288,0.5,-1.4049900478554307,1.4725811223784404,0.23558835409981138,0.0,-0.04363323129985824,,
79.30000000000001,5.876716466922618,-1.2607757987922346,8.16923199855454,-0.012053614457947929,0.011973109233883958,-0.020564025891669106,32.24999999999989,1.3831734322055103,1124.5728388263287,423.86292568725486,0.5,-1.4071717094204235,1.4757384235925468,0.22875385226435313,0.0,-0.04363323129985824,,
79.4,5.881158787318874,-1.327870301085926,8.049839257166159,-0.008558200147802278,0.01382542992756075,-0.0335279806000143,32.29999999999989,1.3788101090755245,1125.1965462017836,427.03469097124514,0.5,-1.4093533709854162,1.4788640777311564,0.22189629087556395,0.0,-0.04363323129985824,,
79.5,5.863909216529004,-1.4936708926738953,7.94244377084034,-0.02706248679710207,0.002103186187982491,-0.025655805605950807,32.34999999999989,1.3744467859455387,1125.8350731832243,430.2086064324304,0.5,-1.411535032550409,1.4819579437069992,0.21501581616431598,0.0,-0.04363323129985824,,
79.60000000000001,5.958834710166451,-1.689502310843035,7.862731638227175,-0.021473010700826335,0.014302694705301797,-0.023034472794331202,32.399999999999885,1.370083462815553,1126.4884503901415,433.3846030382776,0.5,-1.4137166941154018,1.4850198811071686,0.20811257515352483,0.0,-0.04363323129985824,,
79.7,5.889163799868468,-1.591105031896896,8.107751533536764,-0.016230465911611897,0.014289858937514775,-0.0525743278206857,32.44999999999988,1.3657201396855672,1127.1567081213423,436.5626115300683,0.5,-1.4158983556803946,1.488049750197345,0.20118671565504487,0.0,-0.04363323129985824,,
79.80000000000001,5.7580932424898075,-1.6525220227488562,8.0391859355562,-0.04004132369265233,-0.011370830726960754,-0.0478149551390455,32.49999999999988,1.3613568165555814,1127.8398763535597,439.7425624243845,0.5,-1.4180800172453873,1.4910474119260082,0.19423838626654344,0.0,-0.04363323129985824,,
79.9,5.874337369743732,-1.4477358405861434,7.962114341233239,-0.01941432310679801,0.00791667077996239,-0.03451912371877341,32.549999999999876,1.3569934934255956,1128.5379847400686,442.9243860146024,0.5,-1.4202616788103801,1.494012727928632,0.1872677363683531,0.0,-0.04363323129985824,,
80.0,5.9544788026425,-1.3779634691591898,8.03325439906006,-0.027134295172583537,-0.01634636351211115,-0.03491998517335039,32.59999999999987,1.3526301702956098,1129.2510626093094,446.108012372394,0.5,-1.422443340375373,1.4969455605318676,0.1802749161203021,0.0,-0.04363323129985824,,
80.10000000000001,6.148689485849049,-1.3954817739288075,7.830252298124336,-0.017429344978481802,0.003936156487660439,-0.022604050684516444,32.64999999999987,1.348266847165624,1129.9791389635184,449.2933713492366,0.5,-1.424625001940366,1.4998457727577108,0.17326007645852326,0.0,-0.04363323129985824,,
80.2,6.054340127384488,-1.303036875077394,8.081940247268802,-0.021600093993865494,-0.01292712690478941,-0.03861066770302077,32.69999999999987,1.3439035240356383,1130.7222424773645,452.4803925779298,0.5,-1.4268066635053587,1.5027132283276534,0.16622336909224178,0.0,-0.04363323129985824,,
80.30000000000001,5.883884230876683,-1.494174817124965,7.941193207779585,-0.02191140649860686,-0.0015180574967647701,-0.02288868463555994,32.749999999999865,1.3395402009056525,1131.4804014965937,455.6690054741203,0.5,-1.4289883250703515,1.5055477916668232,0.1591649465005407,0.0,-0.04363323129985824,,
80.4,5.567830809886514,-1.5257921530909806,7.924332053427032,-0.02986276241454021,0.004201210784749761,-0.018058209777497215,32.79999999999986,1.3351768777756667,1132.2536440366807,458.8591392378343,0.5,-1.4311699866353442,1.5083493279081057,0.15208496192910603,0.0,-0.04363323129985824,,
80.5,5.754600707170071,-1.6518096609072277,8.235190026073091,-0.020140639483504516,-0.008450480662773112,-0.025522517979722804,32.84999999999986,1.330813554645681,1133.0419977814865,462.0507228550178,0.5,-1.433351648200337,1.5111177028962508,0.14498356938694973,0.0,-0.04363323129985824,,
80.60000000000001,5.871632116662331,-1.301826291044233,7.966464410430305,-0.03316441709842115,0.008749501306039329,-0.017746716097227874,32.89999999999986,1.3264502315156952,1133.8454900819254,465.243685099084,0.5,-1.4355333097653298,1.513852783191969,0.13786092364311175,0.0,-0.04363323129985824,,
80.7,5.81850413165629,-1.5974332462070502,7.8436414290972065,-0.031260935729676725,-0.007174424537287607,-0.034731854242147926,32.949999999999854,1.3220869083857094,1134.6641479546363,468.43795453246884,0.5,-1.4377149713303226,1.5165544360760046,0.13071718022334117,0.0,-0.04363323129985824,,
80.80000000000001,5.746403245861934,-1.5409420481869769,7.6822397184402735,-0.024202001616955522,-0.0019664829281053503,-0.024779075142404343,32.99999999999985,1.3177235852557236,1135.4979980806636,471.6334595081936,0.5,-1.4398966328953153,1.519222529553202,0.12355249540675556,0.0,-0.04363323129985824,,
80.9,5.800430134818562,-1.6891417828721327,7.950623982711004,-0.020406223883187843,-0.019379445318666134,-0.01683728257732417,33.04999999999985,1.3133602621257379,1136.3470668041448,474.8301281714353,0.5,-1.442078294460308,1.5218569323565498,0.11636702622248002,0.0,-0.04363323129985824,,
81.0,6.149242743557431,-1.2195969772328672,8.09338305081237,-0.0039598733856248194,-0.002503258050669388,-0.01864534803753621,33.099999999999845,1.308996938995752,1137.2113801310038,478.02788846110434,0.5,-1.4442599560253009,1.524457513951212,0.10916093044626463,0.0,-0.04363323129985824,,
81.10000000000001,5.840871447626369,-1.5808354448830018,7.673901662881298,-0.05025468211557109,-0.011013624607607589,-0.03391751419838825,33.14999999999984,1.3046336158657663,1138.0909637276545,481.2266681114298,0.5,-1.4464416175902937,1.5270241445385455,0.10193436659708155,0.0,-0.04363323129985824,,
81.2,5.728613468795777,-1.3299889412421435,7.984725640413488,-0.013396479479846941,-0.007355826187230042,-0.03403827470905811,33.19999999999984,1.3002702927357805,1138.9858429197095,484.42639465355205,0.5,-1.4486232791552864,1.529556695060098,0.09468749393370096,0.0,-0.04363323129985824,,
81.30000000000001,5.876944492335619,-1.5011342430021615,8.211044709770038,-0.012800324969870543,-0.005367124308809653,-0.03295074557875241,33.24999999999984,1.2959069696057948,1139.896042690697,487.62699541712266,0.5,-1.4508049407202792,1.5320550372015926,0.0874204724512464,0.0,-0.04363323129985824,,
81.4,5.667842680640055,-1.3636546907852598,7.949096258261201,-0.03691728474915918,0.013048349114658851,-0.010600573913807084,33.299999999999834,1.291543646475809,1140.8215876807844,490.82839753191166,0.5,-1.452986602285272,1.5345190433968952,0.08013346287772904,0.0,-0.04363323129985824,,
81.5,5.880280213057035,-1.3856424868105914,7.951454010203619,-0.04056434955448633,-0.011205856052093198,-0.03618858552957942,33.34999999999983,1.2871803233458232,1141.762502185512,494.0305279294221,0.5,-1.4551682638502648,1.536948586831967,0.07282662667056222,0.0,-0.04363323129985824,,
81.60000000000001,5.85943432561717,-1.3695279536011613,7.735564547652365,-0.021816951343632242,-0.017422997124390147,-0.04674539049173436,33.39999999999983,1.2828170002158374,1142.7188101545303,497.2333133445119,0.5,-1.4573499254152575,1.539343541448799,0.06550012601305422,0.0,-0.04363323129985824,,
81.7,5.6242671362164,-1.4172996475844006,7.818227460050223,-0.026985800585397887,-0.004546252727236741,-0.011175105758626111,33.449999999999825,1.2784536770858517,1143.6905351903486,500.43668031702305,0.5,-1.4595315869802503,1.541703781949333,0.0581541238108822,0.0,-0.04363323129985824,,
81.80000000000001,5.893539912162708,-1.6237164707697378,8.02524112444438,-0.02408627463551854,-0.009642016010760316,-0.028995461179897725,33.49999999999982,1.274090353955866,1144.6777005470885,503.64055519341764,0.5,-1.461713248545243,1.5440291837993625,0.05078878368854378,0.0,-0.04363323129985824,,
81.9,5.6889835562152,-1.6280253833540652,7.896276359806251,-0.0135476636653592,-0.01848474382572697,-0.02426287251831394,33.54999999999982,1.2697270308258801,1145.6803291292476,506.8448641284214,0.5,-1.4638949101102359,1.5463196232324208,0.04340426998579039,0.0,-0.04363323129985824,,
82.0,5.928524095965653,-1.5423306851491443,7.951595710984474,-0.021957839605753912,-0.014168774531419223,-0.02975641445430708,33.59999999999982,1.2653637076958943,1146.6984434904682,510.0495330866742,0.5,-1.4660765716752289,1.5485749772536501,0.03600074775403839,0.0,-0.04363323129985824,,
82.10000000000001,5.7744131000851695,-1.6763627144704114,7.820738050190731,-0.010317761084420353,0.004920819086609643,-0.0331182782203421,33.649999999999814,1.2610003845659086,1147.7320658323156,513.2544878443877,0.5,-1.4682582332402216,1.5507951236436532,0.028578382752761866,0.0,-0.04363323129985824,,
82.2,5.823887288476302,-1.5015247769286368,8.04147495987332,-0.020770536601678775,0.010753154219243189,-0.010703974346657822,33.69999999999981,1.2566370614359228,1148.781218003064,516.4596539910095,0.5,-1.4704398948052144,1.5529799409623328,0.021137341445864155,0.0,-0.04363323129985824,,
82.30000000000001,5.801290915565532,-1.4453319435148602,8.016967073097545,-0.0323482966932826,-0.0018147073263550676,-0.016780993113617894,33.74999999999981,1.252273738305937,1149.8459214964894,519.6649569308959,0.5,-1.4726215563702072,1.5551293085527085,0.013677790998029515,0.0,-0.04363323129985824,,
82.4,5.702749393150089,-1.4520662928324375,7.6533270498989,-0.02451198294122212,0.003407262080983869,-0.020684092950051913,33.799999999999805,1.2479104151759512,1150.9261974506712,522.8703218849893,0.5,-1.4748032179352,1.5572431065447199,0.006199899271055576,0.0,-0.04363323129985824,,
82.5,5.85513593065726,-1.7077780257897524,7.938658929163488,-0.013729026914852158,-0.008123132172643077,-0.022351216747238438,33.8499999999998,1.2435470920459655,1152.0220666468015,526.0756738925044,0.5,-1.4769848795001927,1.5593212158590113,-0.001296165179834885,0.0,-0.04363323129985824,,
82.60000000000001,6.06971009085679,-1.4785038419273964,7.92894485859382,-0.023101235834868564,-0.007874438923092853,-0.034285609958819546,33.8999999999998,1.2391837689159797,1153.1335495080023,529.2809378126204,0.5,-1.4791665410651855,1.5613635182107009,-0.008810233109701193,0.0,-0.04363323129985824,,
82.7,5.763865329968742,-1.2930375331629267,7.831703581148914,-0.03241287290824656,0.00022415223017589647,-0.03896939232106724,33.9499999999998,1.234820445785994,1154.26066609815,532.486038326181,0.5,-1.4813482026301783,1.5633698961131302,-0.016342134587612578,0.0,-0.04363323129985824,,
82.80000000000001,6.012854636310398,-1.3312818781058136,8.09345325278153,-0.022828653168452027,-0.0009619494307249935,-0.047356204555106834,33.999999999999794,1.2304571226560082,1155.4034361207093,535.6908999373994,0.5,-1.483529864195171,1.5653402328815986,-0.023891699000394506,0.0,-0.04363323129985824,,
82.9,5.851015616680847,-1.5622515065618052,8.089379738899488,-0.018218621843093162,0.009401596054792932,-0.03253355502652773,34.04999999999979,1.2260937995260224,1156.5618789175737,538.8954469755721,0.5,-1.4857115257601639,1.5672744126370775,-0.03145875505639539,0.0,-0.04363323129985824,,
83.0,5.853842776564875,-1.4883309456591136,8.180349606700132,-0.025191135652635623,-0.004871738401273297,-0.03862343259078471,34.09999999999979,1.2217304763960366,1157.7360134679157,542.099603596798,0.5,-1.4878931873251566,1.5691723203099095,-0.039043130789272684,0.0,-0.04363323129985824,,
83.10000000000001,5.951483632704137,-1.2633944640995216,7.943424822569525,-0.027623249112747227,0.0012850017529373425,-0.03073913420100151,34.149999999999785,1.2173671532660508,1158.9258583870435,545.3032937857055,0.5,-1.4900748488901494,1.5710338416434895,-0.0466446535617972,0.0,-0.04363323129985824,,
83.2,5.672589839081206,-1.6133733376681871,7.8196289431970305,-0.015476799756443562,0.013411531596048852,-0.03459725976072882,34.19999999999978,1.213003830136065,1160.131431925267,548.5064413571847,0.5,-1.4922565104551422,1.5728588631979263,-0.054263150069678245,0.0,-0.04363323129985824,,
83.30000000000001,5.923558140535078,-1.2972372434314452,8.249638287978946,-0.01719134976294502,-0.002047093255030372,-0.0430523752801055,34.24999999999978,1.2086405070060793,1161.352751966771,551.7089699581276,0.5,-1.494438172020135,1.5746472723536873,-0.061898446345407254,0.0,-0.04363323129985824,,
83.4,5.700017388538339,-1.5259132856485906,7.6586942769952415,-0.046627275605454155,-0.012111649474656967,-0.02285671335276699,34.29999999999978,1.2042771838760935,1162.589836028498,554.9108030691741,0.5,-1.4966198335851277,1.5763989573152253,-0.06955036776212026,0.0,-0.04363323129985824,,
83.5,5.493068528645795,-1.4579587154634635,7.783164576210501,-0.019592287729409956,0.008430287945091241,-0.01927038996295487,34.349999999999774,1.1999138607461077,1163.8427012590382,558.1118640064653,0.5,-1.4988014951501205,1.5781138071145877,-0.07721873903747972,0.0,-0.04363323129985824,,
83.60000000000001,5.825644929097165,-1.366493153832711,7.735655361149484,-0.035939830784878876,-0.005292783812873058,-0.017462784158737917,34.39999999999977,1.195550537616122,1165.111364437528,561.3120759234023,0.5,-1.5009831567151133,1.5797917116150066,-0.08490338423757515,0.0,-0.04363323129985824,,
83.7,5.925954107344316,-1.5283938904007466,7.949974476169026,-0.033111432085932244,-0.001650446376603654,-0.019389278026311515,34.44999999999977,1.1911872144861362,1166.395841972557,564.5113618124121,0.5,-1.503164818280106,1.5814325615144713,-0.09260412678084279,0.0,-0.04363323129985824,,
83.80000000000001,5.6246731019929355,-1.4759684342527997,7.666001676664852,-0.013269898977961193,-0.004869619778441276,-0.03398217258239577,34.499999999999766,1.1868238913561504,1167.6961499010836,567.7096445067203,0.5,-1.5053464798450988,1.5830362483492801,-0.10032078944200368,0.0,-0.04363323129985824,,
83.9,5.744164507902578,-1.773885942738088,7.859447160447739,-0.008605058101088822,-0.0002927622215799237,-0.027355814851146857,34.54999999999976,1.1824605682261646,1169.0123038873585,570.9068466821292,0.5,-1.5075281414100918,1.5846026644975786,-0.10805319435602112,0.0,-0.04363323129985824,,
84.0,5.717888994338524,-1.61014556888626,8.103844144610616,-0.026051259257894654,-0.00015668479588853968,-0.049819680557067134,34.59999999999976,1.1780972450961789,1170.3443192218576,574.1028908588031,0.5,-1.5097098029750846,1.5861317031828737,-0.11580116302207522,0.0,-0.04363323129985824,,
84.10000000000001,5.79167045276617,-1.5409225311088852,7.862238249153343,-0.013133925044490806,0.015582978711562176,-0.010170881273306846,34.64999999999976,1.173733921966193,1171.6922108202214,577.2976994030597,0.5,-1.5118914645400774,1.587623258477533,-0.12356451630755821,0.0,-0.04363323129985824,,
84.2,5.6672266258535595,-1.6847308746491534,7.908459295827825,-0.01585872324660742,-0.0016461007109501982,-0.029910301102142326,34.699999999999754,1.1693705988362073,1173.0559932222056,580.4911945291674,0.5,-1.5140731261050702,1.5890772253062635,-0.1313430744520861,0.0,-0.04363323129985824,,
84.30000000000001,5.593300731960219,-1.4170123870308617,8.112522971306836,-0.011063258373969915,-0.007546358991765191,-0.029465491169275614,34.74999999999975,1.1650072757062215,1174.4356805906382,583.6832983011494,0.5,-1.516254787670063,1.5904934994495725,-0.13913665707152945,0.0,-0.04363323129985824,,
84.4,6.019603884435604,-1.5220535756521112,7.963649505056945,-0.034937808991477935,0.005210766382203913,-0.02941743887633951,34.79999999999975,1.1606439525762358,1175.8312867103857,586.8739326345939,0.5,-1.5184364492350557,1.5918719775472079,-0.14694508316206278,0.0,-0.04363323129985824,,
84.5,5.9650604874276345,-1.4312884444116194,7.956935824723044,-0.029520977874365837,0.005557130919081804,-0.0341658980066322,34.849999999999746,1.15628062944625,1177.242824987329,590.0630192984696,0.5,-1.5206181108000485,1.5932125571015814,-0.15476817110423186,0.0,-0.04363323129985824,,
84.60000000000001,5.778457368941491,-1.5416398866654675,7.901518548929813,-0.02510744093362212,-0.0066389151661202656,-0.025053140185145675,34.89999999999974,1.1519173063162642,1178.670308447346,593.250479916949,0.5,-1.5227997723650413,1.5945151364811712,-0.16260573866703842,0.0,-0.04363323129985824,,
84.7,5.760028683934918,-1.3964534009893175,7.918553997515997,-0.013923446145460785,-0.008682118365954252,-0.027501897265236948,34.94999999999974,1.1475539831862784,1180.113749735305,596.4362359712359,0.5,-1.524981433930034,1.5957796149239065,-0.17045760301204388,0.0,-0.04363323129985824,,
84.80000000000001,5.80518415386717,-1.858814688775842,8.007446605586596,-0.0396965259595088,-0.014036026168341629,-0.02775707864202817,34.99999999999974,1.1431906600562927,1181.5731611140645,599.6202088014003,0.5,-1.5271630954950268,1.597005892540531,-0.17832358069748994,0.0,-0.04363323129985824,,
84.9,5.82107741622117,-1.4369872961674952,8.305284351755713,-0.022955247406270925,-0.003980950327660786,-0.02214710972666393,35.049999999999734,1.1388273369263069,1183.0485544634848,602.8023196082187,0.5,-1.5293447570600196,1.5981938703179492,-0.18620348768243794,0.0,-0.04363323129985824,,
85.0,5.8032051022840285,-1.6959927048997485,7.960323845795485,-0.007900476239912035,-0.016196914268976778,-0.029420051885716943,35.09999999999973,1.1344640137963211,1184.5399412794452,605.9824894550208,0.5,-1.5315264186250124,1.5993434501225519,-0.19409713933092548,0.0,-0.04363323129985824,,
85.10000000000001,5.914263248540419,-1.3770391318110557,7.975228448546925,-0.026142621376401033,0.0016610295570575757,-0.022229312545173133,35.14999999999973,1.1301006906663353,1186.0473326728725,609.1606392695408,0.5,-1.5337080801900052,1.6004545347035213,-0.20200435041614018,0.0,-0.04363323129985824,,
85.2,5.7172922437828975,-1.7975141977494749,7.759768562540174,-0.033991786236725774,0.007082906028071193,-0.014982871642756974,35.199999999999726,1.1257373675363496,1187.5707393687762,612.3366898457766,0.5,-1.535889741754998,1.601527027696118,-0.20992493512461186,0.0,-0.04363323129985824,,
85.30000000000001,5.795664499658568,-1.6081949035532976,8.222868047052671,-0.02469878920470093,-0.00194991848202297,-0.0310236204715922,35.24999999999972,1.1213740444063638,1189.110171705295,615.5105618458534,0.5,-1.5380714033199907,1.6025608336249477,-0.21785870706042115,0.0,-0.04363323129985824,,
85.4,5.848668183377997,-1.3965600793661694,8.07542938265967,-0.02459408308442272,-0.010505994977364824,-0.025118643532218064,35.29999999999972,1.117010721276378,1190.6656396327498,618.6821758018932,0.5,-1.5402530648849835,1.6035558579072082,-0.22580547924942662,0.0,-0.04363323129985824,,
85.5,5.948880173194111,-1.6503205923525017,7.806961505902123,-0.031090774537998203,0.00833629379378487,-0.017448252850074022,35.34999999999972,1.1126473981463922,1192.2371527127084,621.8514521178905,0.5,-1.5424347264499763,1.6045120068559147,-0.2337650641435079,0.0,-0.04363323129985824,,
85.60000000000001,5.86958768640183,-1.4944552494217762,7.9205638410645305,-0.012500953179908172,-0.012469677854478516,-0.024535278781878313,35.399999999999714,1.1082840750164065,1193.8247201170557,625.0183110715935,0.5,-1.544616388014969,1.6054291876831082,-0.241737273624827,0.0,-0.04363323129985824,,
85.7,6.158765272555824,-1.9265741956921243,7.961840122251591,-0.027335405906867043,-0.003260284308755317,-0.029214891096630655,35.44999999999971,1.1039207518864207,1195.428350627076,628.182672816391,0.5,-1.5467980495799618,1.606307308503041,-0.2497219190101057,0.0,-0.04363323129985824,,
85.80000000000001,6.090753722404685,-1.8730541617097365,7.902351256247697,-0.020976516259667434,-0.011411976555830636,-0.027170648976109785,35.49999999999971,1.099557428756435,1197.048052632543,631.3444573832044,0.5,-1.5489797111449548,1.6071462783353434,-0.2577188110549212,0.0,-0.04363323129985824,,
85.9,5.549852991729584,-1.6876232122324641,8.251415420901347,-0.02707794128259257,-0.018103612257128563,-0.028314702143256404,35.549999999999706,1.0951941056264491,1198.6838341308192,634.5035846823863,0.5,-1.5511613727099476,1.607946007108169,-0.2657277599580167,0.0,-0.04363323129985824,,
86.0,5.903703333955668,-1.7047972206836532,8.12851130829982,-0.03433197234421306,-0.0010562581802368706,-0.04588794197471088,35.5999999999997,1.0908307824964634,1200.3357027259642,637.659974505624,0.5,-1.5533430342749404,1.6087064056613207,-0.2737485753656307,0.0,-0.04363323129985824,,
86.10000000000001,6.003652086872572,-1.5863431910363686,8.00104481571746,-0.011324769088902405,-0.016311452377499563,-0.02562627053476727,35.6499999999997,1.0864674593664776,1202.003665627852,640.8135465278477,0.5,-1.5555246958399331,1.609427385749357,-0.2817810663758424,0.0,-0.04363323129985824,,
86.2,5.962008030133216,-1.8849136060161578,7.744394494674062,-0.021962223700212766,-0.009193851308588892,-0.026392339252020433,35.6999999999997,1.0821041362364918,1203.6877296512978,643.9642203091464,0.5,-1.557706357404926,1.6101088600446742,-0.28982504154293237,0.0,-0.04363323129985824,,
86.30000000000001,6.01950252010097,-1.617017423380255,8.141911661512228,-0.013915419734086533,0.0011815875735008644,-0.02943867030422633,35.749999999999694,1.077740813106506,1205.3879012151942,647.1119152966862,0.5,-1.5598880189699187,1.610750742140572,-0.2978803088817617,0.0,-0.04363323129985824,,
86.4,6.011543242169082,-1.631663766939136,8.212327392507738,-0.011004103335469131,-0.003746498696462317,-0.043310748560941345,35.79999999999969,1.0733774899765203,1207.1041863416565,650.2565508266367,0.5,-1.5620696805349115,1.6113529465542962,-0.30594667587216595,0.0,-0.04363323129985824,,
86.5,5.757053998165816,-1.853354632098886,8.101338707392646,-0.00805078584797169,0.0020492518537580033,-0.03554903584099128,35.84999999999969,1.0690141668465345,1208.836590655176,653.3980461261009,0.5,-1.5642513420999042,1.6119153887300601,-0.31402394946336676,0.0,-0.04363323129985824,,
86.60000000000001,6.075127452236214,-1.446923797183414,7.81728566231132,-0.016261624566339998,-0.015531114122469604,-0.03901821711485022,35.899999999999686,1.0646508437165487,1210.5851193817855,656.5363203150508,0.5,-1.566433003664897,1.6124379850420472,-0.3221119360783975,0.0,-0.04363323129985824,,
86.7,5.881587819706487,-1.932460273622483,7.872415519595389,-0.009797601208511305,-0.00402953745876952,-0.03351161137697431,35.94999999999968,1.060287520586563,1212.349777348231,659.6712924082694,0.5,-1.5686146652298898,1.6129206527973912,-0.33021044161854807,0.0,-0.04363323129985824,,
86.80000000000001,5.836153896351291,-1.383019556369918,8.000130501283314,-0.03296134097445816,0.012326864784756449,-0.03065736535965738,35.99999999999968,1.0559241974565772,1214.1305689811547,662.8028813172957,0.5,-1.5707963267948826,1.613363310239134,-0.3383192714678228,0.0,-0.04363323129985824,,
86.9,5.87563977265884,-1.6461129518785933,7.9039374199524675,-0.02756034900821865,-0.0004906366839179314,-0.030146782109052844,36.04999999999968,1.0515608743265914,1215.9274983062865,665.9310058523765,0.5,-1.5729779883598753,1.6137658765491665,-0.34643823049741596,0.0,-0.04363323129985824,,
87.0,5.704400772410606,-1.6884118094969314,7.652556421887715,-0.00984903290401187,-0.003081941688753404,-0.019755979449131374,36.099999999999675,1.0471975511966056,1217.7405689476457,669.0555847244229,0.5,-1.5751596499248681,1.6141282718511418,-0.354567123070202,0.0,-0.04363323129985824,,
87.10000000000001,5.782994065863555,-1.8607054302465533,7.780540099038173,-0.03266713362794109,0.004256303262760075,-0.01958612086271075,36.14999999999967,1.0428342280666199,1219.5697841267513,672.1765365469716,0.5,-1.577341311489861,1.614450417213374,-0.36270575304524283,0.0,-0.04363323129985824,,
87.2,5.842993096815028,-1.5980082582545425,7.833652068450039,-0.010213075387763188,-0.005861650909948688,-0.03575064522440796,36.19999999999967,1.038470904936634,1221.4151466618423,675.2937798381511,0.5,-1.5795229730548537,1.6147322346517115,-0.3708539237823092,0.0,-0.04363323129985824,,
87.30000000000001,5.598369378011893,-1.4908648454483122,7.904434091884465,-0.03110050640683781,0.0014726558841616521,-0.026368121933078623,36.249999999999666,1.0341075818066483,1223.276658967107,678.4072330226531,0.5,-1.5817046346198465,1.6149736471323877,-0.379011438146418,0.0,-0.04363323129985824,,
87.4,5.747955995602676,-1.7528556255708967,8.188367573353839,-0.012544538940366468,-0.008135544516032177,-0.0367819042477983,36.29999999999966,1.0297442586766625,1225.1543230519235,681.5168144337093,0.5,-1.5838862961848392,1.615174578574855,-0.3871780985123863,0.0,-0.04363323129985824,,
87.5,5.7872952125787664,-1.539647994042589,8.05696414023195,-0.02005406776437868,-0.006300832532498102,-0.026910007461606007,36.34999999999966,1.0253809355466768,1227.0481405201062,684.6224423150717,0.5,-1.586067957749832,1.615334953854593,-0.39535370676939807,0.0,-0.04363323129985824,,
87.60000000000001,5.859965486112221,-1.4820208366828433,7.811496634973097,-0.04007943828448592,-0.006113058179235852,-0.03312975321466082,36.39999999999966,1.021017612416691,1228.9581125691664,687.724034822999,0.5,-1.5882496193148248,1.6154546988058942,-0.40353806432558886,0.0,-0.04363323129985824,,
87.7,5.859243647503489,-1.871073263942959,8.06235370507834,-0.03722535251336134,-0.011852229055861252,-0.028981628874757935,36.449999999999655,1.0166542892867052,1230.8842399895786,690.8215100282473,0.5,-1.5904312808798178,1.6155337402246341,-0.4117309721126429,0.0,-0.04363323129985824,,
87.80000000000001,6.0320188944151525,-1.6434797509254546,7.971449843468031,-0.01618232863170234,0.025062589485416873,-0.0329294984243319,36.49999999999965,1.0122909661567194,1232.8265231640592,693.9147859180654,0.5,-1.5926129424448106,1.6155720058710112,-0.41993223059040713,0.0,-0.04363323129985824,,
87.9,6.079608375379678,-1.5933545270364395,7.751419651583082,-0.020176893357560455,-0.010687335185177557,-0.02662939621218965,36.54999999999965,1.0079276430267337,1234.784962066853,697.0037803981946,0.5,-1.5947946040098033,1.615569424472271,-0.4281416397515205,0.0,-0.04363323129985824,,
88.0,5.619089054208438,-1.7768240141931626,7.893538457355184,-0.03379817702229653,0.0008344925766821826,-0.039003959071256235,36.599999999999646,1.0035643198967479,1236.7595562630308,700.0884112948742,0.5,-1.596976265574796,1.6155259257254058,-0.4363589991260549,0.0,-0.04363323129985824,,
88.10000000000001,5.96696846017497,-1.6213282979217774,7.855291892064882,-0.04512668458351815,-0.002149636715996778,-0.041149145876222246,36.64999999999964,0.9992009967667621,1238.750304907796,703.1685963568498,0.5,-1.5991579271397889,1.6154414402998325,-0.4445841077861744,0.0,-0.04363323129985824,,
88.2,5.563296305916712,-1.471267461167424,8.103265573118833,-0.034568898203156756,0.011581635711534135,-0.029079289642237594,36.69999999999964,0.9948376736367763,1240.7572067458002,706.2442532573878,0.5,-1.6013395887047817,1.6153158998400483,-0.4528167643508069,0.0,-0.04363323129985824,,
88.30000000000001,5.710642050425691,-1.7103608018901726,8.067195137371415,-0.010057159859937916,0.002770620862232681,-0.03724794836438571,36.74999999999964,0.9904743505067906,1242.7802601104706,709.3152995962932,0.5,-1.6035212502697744,1.6151492369682636,-0.461056766990331,0.0,-0.04363323129985824,,
88.4,5.734877686711605,-1.7746410523334613,7.902476940594209,-0.018845328689496392,0.007470814696497205,-0.04634569597727853,36.799999999999635,0.9861110273768048,1244.8194629233453,712.3816529019333,0.5,-1.6057029118347672,1.6149413852870136,-0.46930391343127703,0.0,-0.04363323129985824,,
88.5,5.784552820924709,-1.5870302453776681,7.979784477969431,-0.02020634226775909,-0.004303942091470004,-0.04597569947479919,36.84999999999963,0.981747704246819,1246.8748126934195,715.4432306332634,0.5,-1.60788457339976,1.614692279381747,-0.47755800096104184,0.0,-0.04363323129985824,,
88.60000000000001,5.851732131419736,-1.8289171646233606,7.97597104308545,-0.008481010829042377,-0.012642963348296872,-0.038974145918480696,36.89999999999963,0.9773843811168332,1248.9463065165007,718.4999501818594,0.5,-1.6100662349647528,1.6144018548233916,-0.485818826432619,0.0,-0.04363323129985824,,
88.7,5.498932496320533,-1.7898605841406487,7.799819214041038,-0.02234374717865996,0.0012194618442312728,-0.01026389592958192,36.949999999999626,0.9730210579868475,1251.0339410745748,721.551728873953,0.5,-1.6122478965297455,1.6140700481708985,-0.4940861862693415,0.0,-0.04363323129985824,,
88.80000000000001,6.027001339914706,-1.5600770841658669,7.928100072112561,-0.03423055649398505,0.008448355357213092,-0.029205273354450882,36.99999999999962,0.9686577348568617,1253.1377126351817,724.5984839724722,0.5,-1.6144295580947383,1.6136967969737626,-0.5023598764696395,0.0,-0.04363323129985824,,
88.9,5.505461836633333,-1.651744810013837,8.039161241187841,-0.02269372279030667,-0.0031171210539100817,-0.02811321745316609,37.04999999999962,0.9642944117268759,1255.2576170507998,727.6401326790849,0.5,-1.616611219659731,1.6132820397745204,-0.5106396926118116,0.0,-0.04363323129985824,,
89.0,5.970588781322554,-1.4738989713222643,8.048459188122926,-0.024561799627790305,-0.002249373382299027,-0.03407234849591431,37.09999999999962,0.9599310885968901,1257.3936497582426,730.6765921362478,0.5,-1.6187928812247239,1.6128257161112274,-0.5189254298588091,0.0,-0.04363323129985824,,
89.10000000000001,5.590678793313122,-1.540691640586529,7.956057201357842,-0.01886556219937438,-0.001173567315929778,-0.032609813182604884,37.149999999999615,0.9555677654669044,1259.5458057780634,733.7077794292586,0.5,-1.6209745427897166,1.6123277665199072,-0.5272168829630351,0.0,-0.04363323129985824,,
89.2,5.813294420026087,-1.747598061627668,7.801899013201116,-0.02632399713243751,0.0028817161753583414,-0.024627642322912622,37.19999999999961,0.9512044423369186,1261.7140797139707,736.7336115883128,0.5,-1.6231562043547094,1.6117881325369847,-0.5355138462711558,0.0,-0.04363323129985824,,
89.30000000000001,5.751791756496997,-1.4211792670995456,7.854864718317179,-0.023173551313299335,-0.01009478167322436,-0.038186965609043326,37.24999999999961,0.9468411192069328,1263.8984657522537,739.7540055905638,0.5,-1.6253378659197022,1.6112067567016901,-0.5438161137289266,0.0,-0.04363323129985824,,
89.4,5.851207821283675,-1.4743705098600839,7.839175415317491,-0.022091384577825963,-0.009251475829512482,-0.027813159788632778,37.299999999999606,0.942477796076947,1266.0989576612176,742.7688783621879,0.5,-1.627519527484695,1.6105835825584442,-0.5521234788860298,0.0,-0.04363323129985824,,
89.5,5.805686202630566,-1.481547884584698,7.840120882890479,-0.018074394638565767,0.0015104592706093865,-0.03691583703872997,37.3499999999996,0.9381144729469613,1268.3155487906288,745.7781467804524,0.5,-1.6297011890496877,1.6099185546592176,-0.560435734900927,0.0,-0.04363323129985824,,
89.60000000000001,5.462005212525347,-1.4172924335769415,8.081580731838985,-0.01622554989098306,0.008229414973819337,-0.030849986489540578,37.3999999999996,0.9337511498169755,1270.5482320711715,748.781727675788,0.5,-1.6318828506146807,1.6092116185658687,-0.5687526745457236,0.0,-0.04363323129985824,,
89.7,5.828985682436912,-1.8209243266228128,7.9132598887720675,-0.03023791211361098,0.0015707188462585875,-0.02526521770625149,37.4499999999996,0.9293878266869897,1272.7970000139128,751.779537833865,0.5,-1.6340645121796735,1.6084627208524565,-0.5770740902110467,0.0,-0.04363323129985824,,
89.80000000000001,5.890348493123154,-1.89288841253744,7.9245448234822895,-0.021057060853681427,-0.0044716752756588755,-0.020347142953231527,37.499999999999595,0.9250245035570039,1275.0618447097784,754.7714939976727,0.5,-1.6362461737446663,1.6076718091075324,-0.5853997739109353,0.0,-0.04363323129985824,,
89.9,5.787306529395387,-1.8033569985576245,7.78527583305022,-0.012759118850117379,0.004768460311776154,-0.03405509607075866,37.54999999999959,0.9206611804270182,1277.342757829039,757.7575128696038,0.5,-1.638427835309659,1.606838831936407,-0.593729517287744,0.0,-0.04363323129985824,,
90.0,5.78588962959041,-1.696486662187934,7.800203184181675,-0.03150583576661185,0.0051806290334849925,-0.010301759337884842,37.59999999999959,0.9162978572970324,1279.6397306208069,760.7375111135408,0.5,-1.6406094968746519,1.6059637389633938,-0.6020631116170587,0.0,-0.04363323129985824,,
90.10000000000001,5.578752694564547,-1.4518400111533722,7.843902559343402,-0.03392974461873095,-0.0041274908033565715,-0.02650726174392326,37.64999999999959,0.9119345341670466,1281.9527539125406,763.7114053569472,0.5,-1.6427911584396446,1.605046480834028,-0.6104003478126245,0.0,-0.04363323129985824,,
90.2,5.721998071561062,-1.4812368301056056,7.7773951798666525,-0.023879612232822957,-0.0061260219799269405,-0.03578646070288645,37.699999999999584,0.9075712110370608,1284.2818181095645,766.6791121929624,0.5,-1.6449728200046374,1.604087009217264,-0.6187410164312875,0.0,-0.04363323129985824,,
90.30000000000001,5.734052101197467,-1.391938874107015,7.5923175847547055,-0.03420513058485143,0.008285828773110501,-0.01429820677169396,37.74999999999958,0.9032078879070751,1286.626913194593,769.6405481824988,0.5,-1.6471544815696302,1.6030852768076496,-0.6270849076779469,0.0,-0.04363323129985824,,
90.4,5.80424142632592,-1.556966957414223,8.007670325618015,-0.02890841689743394,0.004835464173057259,-0.037802402220709505,37.79999999999958,0.8988445647770893,1288.9880287272697,772.5956298563439,0.5,-1.649336143134623,1.6020412373274724,-0.6354318114105205,0.0,-0.04363323129985824,,
90.5,5.728472774076525,-1.7649949074929632,7.785206865155366,-0.024572415642659516,-0.004530790379421284,-0.025272965893168953,37.849999999999575,0.8944812416471035,1291.3651538437139,775.5442737172647,0.5,-1.6515178046996157,1.6009548455288864,-0.6437815171449217,0.0,-0.04363323129985824,,
90.60000000000001,5.792765229425471,-1.5651228374031432,8.140117915712295,-0.015341524629132016,0.025224076883163322,-0.02271987307760278,37.89999999999957,0.8901179185171177,1293.7582772560786,778.4863962421163,0.5,-1.6536994662646085,1.599826057196014,-0.65213381406005,0.0,-0.04363323129985824,,
90.7,6.0116067690343655,-1.6647204090432062,7.959231252321212,-0.025036252652638844,0.006704422117478142,-0.030236062819108372,37.94999999999957,0.885754595387132,1296.167387252119,781.4219138839532,0.5,-1.6558811278296013,1.598654829147021,-0.6604884910027893,0.0,-0.04363323129985824,,
90.80000000000001,5.908132929798376,-1.623025609348627,8.094898788052467,-0.03879041511904642,0.015078363978420908,-0.02457585037182953,37.99999999999957,0.8813912722571462,1298.5924716947707,784.350743074144,0.5,-1.658062789394594,1.597441119236173,-0.6688453364930227,0.0,-0.04363323129985824,,
90.9,5.9823142894524235,-1.852193861728471,7.828453392987928,-0.03106764531146062,-0.004500274400778599,-0.04576870382265561,38.049999999999564,0.8770279491271604,1301.0335180217387,787.27280022449,0.5,-1.6602444509595868,1.5961848863558628,-0.6772041387286567,0.0,-0.04363323129985824,,
91.0,5.646042745924013,-1.6934158721525991,7.976430086579847,-0.03491936906626944,-0.009550430516971917,-0.04156114545560579,38.09999999999956,0.8726646259971746,1303.4905132450965,790.1880017293453,0.5,-1.6624261125245796,1.5948860904386155,-0.6855646855906558,0.0,-0.04363323129985824,1307.203774546867,792.8691749027497
91.10000000000001,5.879395582403568,-1.8049056874502138,7.837371618379695,-0.027218113338651883,0.0004276089922328749,-0.03513661749596228,38.14999999999956,0.8683013028671889,1305.9634439508966,793.0962639677424,0.5,-1.6646077740895724,1.593544692459071,-0.6939267646480901,0.0,-0.04363323129985824,,
91.2,5.643520959885388,-1.6264997324848505,8.298058049464588,-0.031128498879372232,-0.00798498848068773,-0.02462226970581874,38.199999999999555,0.8639379797372031,1308.45229629879,795.9975033055186,0.5,-1.6667894356545652,1.592160654435939,-0.7022901631631944,0.0,-0.04363323129985824,,
91.30000000000001,5.6287714341445065,-1.6047049400096043,8.064019290856661,-0.024858068795987703,-0.009734548908802258,-0.03301380905305381,38.24999999999955,0.8595746566072173,1310.957056021657,798.8916360974472,0.5,-1.668971097219558,1.5907339394339328,-0.7106546680964363,0.0,-0.04363323129985824,,
91.4,5.73510162152869,-1.630249850539994,7.898578947591916,0.002977867300545514,0.0002537977246475995,-0.022253917033826762,38.29999999999955,0.8552113334772316,1313.4777084252487,801.7785786893699,0.5,-1.6711527587845507,1.5892645115656765,-0.7190200661115979,0.0,-0.04363323129985824,,
91.5,5.825152539860028,-1.7085966509650163,7.931751028843528,-0.014137377072815677,0.017918577172149563,-0.03711010686424261,38.34999999999955,0.8508480103472458,1316.0142383878374,804.6582474203339,0.5,-1.6733344203495437,1.587752335993589,-0.7273861435808664,0.0,-0.04363323129985824,,
91.60000000000001,5.908799915966626,-1.6326882560933518,8.1517716718555,-0.02874939997545961,-0.0052976996444157026,-0.04930791251594535,38.399999999999544,0.84648468721726,1318.5666303598805,807.5305586247307,0.5,-1.6755160819145365,1.5861973789317427,-0.7357526865899364,0.0,-0.04363323129985824,,
91.7,5.780437264558252,-1.5298859423009783,7.9782734758615055,-0.024845139063558296,0.00236334976749855,-0.039253875624433235,38.44999999999954,0.8421213640872742,1321.134868363692,810.3954286344382,0.5,-1.6776977434795293,1.584599607647699,-0.7441194809431232,0.0,-0.04363323129985824,,
91.80000000000001,5.751057097883625,-1.706077250953029,7.855743868146719,-0.022370619827873917,-0.0003719334785880543,-0.0450334918664978,38.49999999999954,0.8377580409572885,1323.7189359931258,813.2527737809653,0.5,-1.679879405044522,1.582958990464317,-0.7524863121684857,0.0,-0.04363323129985824,,
91.9,5.921856968991233,-1.7558668738300507,7.8940294778160185,-0.03256228881532944,0.013839102053975106,-0.04046046168642193,38.549999999999535,0.8333947178273027,1326.3188164132703,816.1025103975994,0.5,-1.6820610666095148,1.5812754967615403,-0.7608529655229597,0.0,-0.04363323129985824,,
92.0,6.014955304055256,-1.7416035986059795,8.0157829846686,-0.017134265680319047,0.002853890621304059,-0.026227858071531825,38.59999999999953,0.8290313946973169,1328.9344923601514,818.9445548215565,0.5,-1.6842427281745076,1.5795490969781567,-0.7692192259975033,0.0,-0.04363323129985824,1332.571669795657,819.0691934697014
92.10000000000001,5.797636110287088,-1.773763202900008,7.848161548800753,-0.01468564637896003,-0.005141838457732291,-0.02895248643678796,38.64999999999953,0.8246680715673311,1331.5659461404491,821.7788233961338,0.5,-1.6864243897395004,1.5777797626135337,-0.77758487832225,0.0,-0.04363323129985824,,
92.2,6.0484571416684,-1.8055697105483017,7.469827472671018,-0.007672290520736775,0.01213641329579139,-0.019270600640363462,38.69999999999953,0.8203047484373454,1334.213159631222,824.6052324728652,0.5,-1.6886060513044931,1.5759674662293293,-0.7859497069716738,0.0,-0.04363323129985824,,
92.30000000000001,5.908233139687675,-1.856048464835033,7.990041276861132,-0.022539132598266523,-0.005349945909920217,-0.0396397079950639,38.749999999999524,0.8159414253073596,1336.8761142796438,827.4236984136786,0.5,-1.690787712869486,1.5741121814511805,-0.7943134961697632,0.0,-0.04363323129985824,,
92.4,5.89709592474486,-1.8764734938863241,7.855761226620198,-0.04071490822879313,-0.0025120768230607548,-0.043447481987440695,38.79999999999952,0.8115781021773738,1339.5547911027504,830.2341375930569,0.5,-1.6929693744344787,1.5722138829703616,-0.8026760298952054,0.0,-0.04363323129985824,,
92.5,5.602716175914981,-1.8804624612261904,8.070020698232112,-0.022528908467202055,0.007557265455640312,-0.04246094551884557,38.84999999999952,0.807214779047388,1342.2491706871972,833.0364664001996,0.5,-1.6951510359994715,1.570272546545421,-0.8110370918865797,0.0,-0.04363323129985824,,
92.60000000000001,6.0094177360246555,-1.8586759880444845,8.027350885952252,-0.024924254138863126,0.008576548642242141,-0.04189413556721695,38.899999999999515,0.8028514559174023,1344.9592331890278,835.8306012411887,0.5,-1.6973326975644643,1.5682881490037932,-0.8193964656475625,0.0,-0.04363323129985824,,
92.7,5.6332875534413756,-1.5075982134568071,7.952324225989833,-0.022146875158528395,0.010360133343833528,-0.035596531354570034,38.94999999999951,0.7984881327874165,1347.6849583334522,838.6164585411555,0.5,-1.699514359129457,1.5662606682433848,-0.8277539344521383,0.0,-0.04363323129985824,,
92.80000000000001,5.746975930673671,-1.860025611245172,8.09531027657271,-0.009033600330121357,-0.02288647185345598,-0.044269120722312996,38.99999999999951,0.7941248096574307,1350.4263254146376,841.39395474645,0.5,-1.7016960206944498,1.5641900832341342,-0.8361092813498231,0.0,-0.04363323129985824,,
92.9,5.947051636120465,-1.7520225541515906,7.862322224306041,-0.029299220810222848,0.0024925513236563465,-0.03407191596446471,39.04999999999951,0.7897614865274449,1353.1833132955082,844.1630063268132,0.5,-1.7038776822594426,1.5620763740195485,-0.8444622891708959,0.0,-0.04363323129985824,,
93.0,5.992832268670404,-1.5791630803616616,7.673603245734279,-0.035393989080277,-0.012587381200029389,-0.04031884036295767,39.099999999999504,0.7853981633974592,1355.955900407556,846.9235297775499,0.5,-1.7060593438244354,1.559919521718213,-0.8528127405316394,0.0,-0.04363323129985824,1362.2031697667583,843.9691506444323
93.10000000000001,5.946322644814854,-1.717367401628903,7.9707100642287925,-0.02769239193504541,0.0015854674568241368,-0.02148747780621518,39.1499999999995,0.7810348402674734,1358.744064750664,849.6754416217058,0.5,-1.7082410053894281,1.5577195085252766,-0.8611604178395884,0.0,-0.04363323129985824,,
93.2,6.1192374709113695,-1.5088543266150916,7.679733463671712,-0.031416420175616,0.009127116679049281,-0.016805834737366188,39.1999999999995,0.7766715171374876,1361.5477838929369,852.4186584122447,0.5,-1.710422666954421,1.5554763177139121,-0.8695051032987915,0.0,-0.04363323129985824,,
93.30000000000001,5.57604992189865,-1.8445324834598924,7.809171043034254,-0.029087995394277675,0.006000289522610675,-0.022447797592591405,39.249999999999496,0.7723081940075018,1364.367034970547,855.1530967342287,0.5,-1.7126043285194137,1.55318993363675,-0.8778465789150739,0.0,-0.04363323129985824,,
93.4,5.97285178915637,-1.634187055987269,7.907291446950102,-0.025916095129910686,0.0002891758090804684,-0.015674693541245996,39.29999999999949,0.7679448708775161,1367.2017946875865,857.878673207,0.5,-1.7147859900844067,1.5508603417272877,-0.8861846265013174,0.0,-0.04363323129985824,,
93.5,5.739852433227472,-1.7605049688426335,7.935005310209861,-0.013239994860007665,-0.006217900428707048,-0.038995594193463226,39.34999999999949,0.7635815477475303,1370.052039315934,860.5953044863649,0.5,-1.7169676516493995,1.548487528501271,-0.8945190276827426,0.0,-0.04363323129985824,,
93.60000000000001,5.629997378426346,-1.752954312246822,8.086424793706751,-0.026794896511917216,-0.007876801755401548,-0.013516480323537458,39.39999999999949,0.7592182246175445,1372.9177446951303,863.3029072667787,0.5,-1.7191493132143922,1.5460714815580554,-0.9028495639022018,0.0,-0.04363323129985824,,
93.7,5.554919714010565,-2.007534592688625,7.742647161931091,-0.0194033729589749,-0.0018845773406059164,-0.04097417890314321,39.449999999999484,0.7548549014875587,1375.798886232264,866.0013982835341,0.5,-1.721330974779385,1.5436121895819361,-0.9111760164254812,0.0,-0.04363323129985824,,
93.80000000000001,5.680284432467292,-2.131223094048186,7.770793247679874,-0.04075578666385697,0.01193933579773296,-0.015796315003249788,39.49999999999948,0.750491578357573,1378.6954389018715,868.6906943149492,0.5,-1.7235126363443778,1.5411096423434545,-0.9194981663466095,0.0,-0.04363323129985824,,
93.9,5.7655198458838575,-1.7532752691130291,7.795511263530408,-0.02891056277699247,-0.002265253991812479,-0.012392131217325717,39.54999999999948,0.7461282552275872,1381.6073772458433,871.3707121845589,0.5,-1.7256942979093706,1.5385638307006804,-0.9278157945931744,0.0,-0.04363323129985824,,
94.0,5.609612498638256,-1.702317290825099,8.07789124332317,-0.03850185469082265,-0.013996077456065213,-0.029480877984092928,39.599999999999476,0.7417649320976014,1384.5346753733443,874.0413687633072,0.5,-1.7278759594743633,1.5359747466004658,-0.9361286819316489,0.0,-0.04363323129985824,1379.096790627575,873.8555803358134
94.10000000000001,6.030191249481328,-1.988247759599292,7.985373683825348,-0.031114098511350895,0.0005757088231898006,-0.040139510622714036,39.64999999999947,0.7374016089676156,1387.477306960745,876.7025809717408,0.5,-1.7300576210393561,1.5333423830796753,-0.9444366089727242,0.0,-0.04363323129985824,,
94.2,5.66881023758702,-1.5569399028405453,7.933332910158302,-0.018993376068901398,0.007710771242612383,-0.037052081894778,39.69999999999947,0.7330382858376299,1390.4352452515616,879.3542657822046,0.5,-1.732239282604349,1.5306667342663893,-0.9527393561766488,0.0,-0.04363323129985824,,
94.30000000000001,5.91931398170332,-1.8924788950871827,7.832243969422973,-0.022925732265797177,-0.008202856313130455,-0.02792621473168531,39.74999999999947,0.7286749627076441,1393.4084630564087,881.9963402210387,0.5,-1.7344209441693417,1.527947795381082,-0.9610367038585789,0.0,-0.04363323129985824,,
94.4,5.604390874548185,-1.6746810224378625,7.885019102871701,-0.0054207718998246016,0.026932257790457503,-0.030906705160327758,39.799999999999464,0.7243116395776583,1396.3969327529626,884.6287213707765,0.5,-1.7366026057343344,1.5251855627377724,-0.9693284321939315,0.0,-0.04363323129985824,,
94.5,5.775529322983682,-1.7382410667307655,7.942957085398488,-0.05195049776163886,-0.0005411197300305132,-0.031448672600064724,39.84999999999946,0.7199483164476725,1399.400626285935,887.2513263723441,0.5,-1.7387842672993272,1.522380033745151,-0.9776143212237487,0.0,-0.04363323129985824,,
94.60000000000001,5.695292966166111,-2.0431602672255607,8.036477038843714,-0.02465920715404384,0.001705694659892871,-0.028514326732955335,39.89999999999946,0.7155849933176868,1402.4195151670583,889.8640724272619,0.5,-1.74096592886432,1.5195312069076796,-0.9858941508600678,0.0,-0.04363323129985824,,
94.7,5.900445779962955,-1.6983469071369983,7.759431010859294,-0.025376082681027187,0.0030871623395722393,-0.03446910943588084,39.949999999999456,0.711221670187701,1405.4535704750815,892.466876799846,0.5,-1.7431475904293128,1.516639081826666,-0.994167700891297,0.0,-0.04363323129985824,,
94.80000000000001,5.95800542936303,-1.7816868327158322,7.987285504918887,-0.03147234003611754,-0.00409186143243658,-0.03346087047631507,39.99999999999945,0.7068583470577152,1408.5027628557775,895.0596568194118,0.5,-1.7453292519943056,1.5137036592013082,-1.0024347509876002,0.0,-0.04363323129985824,,
94.9,5.791073159158476,-1.9316633436843555,7.794229043404587,-0.03368744369078508,-0.0004944614017694524,-0.018018579212013726,40.04999999999945,0.7024950239277294,1411.5670625219605,897.6423298824783,0.5,-1.7475109135592983,1.5107249408297216,-1.0106950807062869,0.0,-0.04363323129985824,,
95.0,4.368576277403927,-0.054079933971100405,8.718287787302831,-0.02128606105111841,-0.006004158948324555,0.007869787858889333,40.09999999999945,0.6981317007977437,1414.634304472209,900.2160514716631,-1.2,0.0,-0.9192533317427645,-0.771345131623858,0.0,0.0,1410.4775762592217,893.3355720048634
95.10000000000001,4.322366070496026,0.23068844876050523,8.756156061096556,-0.02245004758111066,0.02604304990920398,0.015801145981650798,39.97999999999945,0.6981317007977437,1417.69235388914,902.7820596095318,-1.2,0.0,-0.9192533317427645,-0.771345131623858,0.0,0.0,,
95.2,4.22556430996749,-0.1603252803123015,8.682203107633626,0.004550080517502549,-0.0033999994168753935,0.007510670002512801,39.85999999999945,0.6981317007977437,1420.7412107727534,905.3403542960842,-1.2,0.0,-0.9192533317427645,-0.771345131623858,0.0,0.0,,
95.30000000000001,4.131229543168072,0.11482243569955479,8.861256475376948,-0.0004409524753631614,-0.02027539184046304,0.006274740610781492,39.739999999999455,0.6981317007977437,1423.7808751230496,907.8909355313205,-1.2,0.0,-0.9192533317427645,-0.771345131623858,0.0,0.0,,
95.4,4.455206691683885,-0.14456341675939646,8.924417697220271,0.0006147098294855913,-0.001381889041798125,-9.018265681689456e-05,39.61999999999946,0.6981317007977437,1426.8113469400282,910.4338033152404,-1.2,0.0,-0.9192533317427645,-0.771345131623858,0.0,0.0,,
95.5,4.607696701138415,-0.0781842676194843,8.833265290506834,-0.005721599756832134,-0.00877051182748567,0.002712748967139625,39.49999999999946,0.6981317007977437,1429.8326262236894,912.9689576478441,-1.2,0.0,-0.9192533317427645,-0.771345131623858,0.0,0.0,,
95.60000000000001,4.377011608163216,-0.18588287118890467,8.846651149089412,-0.01164016563513692,0.016642094154019543,0.015907222887343336,39.37999999999946,0.6981317007977437,1432.8447129740332,915.4963985291316,-1.2,0.0,-0.9192533317427645,-0.771345131623858,0.0,0.0,,
95.7,4.261368994556811,0.2032403083207486,8.653673910019686,0.020708562569791197,0.003531176439184834,0.018788367262506094,39.259999999999465,0.6981317007977437,1435.8476071910595,918.0161259591029,-1.2,0.0,-0.9192533317427645,-0.771345131623858,0.0,0.0,,
95.80000000000001,4.454192088760873,0.1801009317530922,8.803236963132388,-0.003059964848187322,-0.00665373011217729,0.011979327313862705,39.13999999999947,0.6981317007977437,1438.8413088747686,920.5281399377578,-1.2,0.0,-0.9192533317427645,-0.771345131623858,0.0,0.0,,
95.9,4.455966231429425,0.05932806501450255,8.975367921039625,-0.010819851625543653,-0.012086890692082065,0.005450907492750527,39.01999999999947,0.6981317007977437,1441.8258180251603,923.0324404650966,-1.2,0.0,-0.9192533317427645,-0.771345131623858,0.0,0.0,,
96.0,4.161472443577429,0.07846786731375952,8.756007178938956,-0.009527521888604723,-0.02954835088919075,0.003011190218023526,38.89999999999947,0.6981317007977437,1444.8011346422345,925.529027541119,-1.2,0.0,-0.9192533317427645,-0.771345131623858,0.0,0.0,1439.7014104995603,919.8889748208898
96.10000000000001,4.595917812126369,0.0036294706438254366,9.216134586990098,0.01725344013283748,0.006776430744405308,-0.0006639018273217664,38.779999999999475,0.6981317007977437,1447.7672587259913,928.0179011658253,-1.2,0.0,-0.9192533317427645,-0.771345131623858,0.0,0.0,,
96.2,4.518963547845163,0.047046867879742466,8.823583885285338,-0.01212248813001995,-0.004243648689297794,0.02506101641990447,38.65999999999948,0.6981317007977437,1450.7241902764306,930.4990613392154,-1.2,0.0,-0.9192533317427645,-0.771345131623858,0.0,0.0,,
96.30000000000001,4.443489804841163,0.0574503165815283,8.858097019941155,0.008623918712883087,-0.00812213711950259,0.017192074486123338,38.53999999999948,0.6981317007977437,1453.6719292935525,932.9725080612892,-1.2,0.0,-0.9192533317427645,-0.771345131623858,0.0,0.0,,
96.4,4.559725788291095,-0.21694382498788978,8.668587539947904,0.00616191910499929,-0.0009633220994606763,0.007119344906856516,38.41999999999948,0.6981317007977437,1456.610475777357,935.4382413320468,-1.2,0.0,-0.9192533317427645,-0.771345131623858,0.0,0.0,,
96.5,4.427807200763843,0.21731768764273424,8.965540286833173,-0.0017067634788151703,-0.005172163019329446,0.01567398410251718,38.299999999999486,0.6981317007977437,1459.5398297278439,937.8962611514881,-1.2,0.0,-0.9192533317427645,-0.771345131623858,0.0,0.0,,
96.60000000000001,4.197195938365556,-0.03534514348283389,8.744472616814477,0.0059582272299574,0.005284982750300021,0.025574290718341407,38.17999999999949,0.6981317007977437,1462.4599911450134,940.3465675196132,-1.2,0.0,-0.9192533317427645,-0.771345131623858,0.0,0.0,,
96.7,4.469617212214847,0.04916266778437793,8.740389468345718,0.00046373345177297724,0.005221340835865609,-0.007688387331470261,38.05999999999949,0.6981317007977437,1465.3709600288655,942.7891604364221,-1.2,0.0,-0.9192533317427645,-0.771345131623858,0.0,0.0,,
96.80000000000001,4.444588577877949,-0.19810023717178965,8.94447996642005,-0.0024034585295252733,0.023429321292029553,0.007233776053903114,37.93999999999949,0.6981317007977437,1468.2727363794002,945.2240399019147,-1.2,0.0,-0.9192533317427645,-0.771345131623858,0.0,0.0,,
96.9,4.454445178048476,-0.15937027691941524,8.730551196182665,0.008715487085744288,-0.004556173670382942,0.014243793555549599,37.819999999999496,0.6981317007977437,1471.1653201966174,947.651205916091,-1.2,0.0,-0.9192533317427645,-0.771345131623858,0.0,0.0,,
97.0,4.287368023694987,-0.276446177617903,8.927196143019872,0.017678119861130184,-0.0018259654993615735,0.011158821028886268,37.6999999999995,0.6981317007977437,1474.0487114805173,950.0706584789511,-1.2,0.0,-0.9192533317427645,-0.771345131623858,0.0,0.0,1473.3567082104823,953.9039770509418
97.10000000000001,4.397112851137437,-0.016126061243556263,8.543466501554782,-0.0062220156551620436,0.014848823828014208,-0.002174847465699535,37.5799999999995,0.6981317007977437,1476.9229102310999,952.482397590495,-1.2,0.0,-0.9192533317427645,-0.771345131623858,0.0,0.0,,
97.2,4.187361610953287,0.06250462826312814,8.803124420541135,0.007570470130054164,0.005562781625296549,0.0035525872238359037,37.4599999999995,0.6981317007977437,1479.787916448365,954.8864232507226,-1.2,0.0,-0.9192533317427645,-0.771345131623858,0.0,0.0,,
97.30000000000001,4.349704807602347,-0.01150439512119286,9.004591918577397,-0.008825534620856869,-0.017978986965543314,-0.008498339904009757,37.339999999999506,0.6981317007977437,1482.6437301323126,957.2827354596341,-1.2,0.0,-0.9192533317427645,-0.771345131623858,0.0,0.0,,
97.4,4.222573602601413,-0.14040283721062513,8.801625044451225,0.005776122034115018,0.004120612042788469,0.012347269235036613,37.21999999999951,0.6981317007977437,1485.4903512829428,959.6713342172293,-1.2,0.0,-0.9192533317427645,-0.771345131623858,0.0,0.0,,
97.5,4.502880538151757,-0.12153230528238844,8.9998902504552,0.0076003525546317705,-0.004100910016812988,0.003014907364245646,37.09999999999951,0.6981317007977437,1488.3277799002556,962.0522195235083,-1.2,0.0,-0.9192533317427645,-0.771345131623858,0.0,0.0,,
97.60000000000001,4.448930051525483,-0.025878058462755826,8.956410205700415,-0.010671187982310528,0.00976430321260791,0.009232385506378876,36.979999999999514,0.6981317007977437,1491.1560159842509,964.425391378471,-1.2,0.0,-0.9192533317427645,-0.771345131623858,0.0,0.0,,
97.7,4.418305330315623,0.02904419797284191,8.609149123738286,-0.024950497425614362,0.0005291836649331041,-0.00031603539028187636,36.859999999999516,0.6981317007977437,1493.9750595349287,966.7908497821174,-1.2,0.0,-0.9192533317427645,-0.771345131623858,0.0,0.0,,
97.80000000000001,4.306193438378869,0.026433236678753188,8.724883313646938,0.0008630298369894184,0.005755786894270734,0.003364613837631749,36.73999999999952,0.6981317007977437,1496.7849105522891,969.1485947344477,-1.2,0.0,-0.9192533317427645,-0.771345131623858,0.0,0.0,,
97.9,4.52756157760829,-0.02052262100588072,8.778219742538194,-0.01858367240054937,-0.014994517082690798,0.00834131986371476,36.61999999999952,0.6981317007977437,1499.5855690363321,971.4986262354616,-1.2,0.0,-0.9192533317427645,-0.771345131623858,0.0,0.0,,
98.0,4.507929674968346,0.1424656818158193,8.90689465091124,-0.0017999072455116805,-0.003412664179626287,0.016426645922937952,36.499999999999524,0.6981317007977437,1502.3770349870576,973.8409442851594,-1.2,0.0,-0.9192533317427645,-0.771345131623858,0.0,0.0,1504.4781383783513,970.1227604871644
98.10000000000001,4.600064710757509,0.05289584943251201,8.586863881598068,0.001516376599228814,0.01334437128186418,0.0013064817379149652,36.37999999999953,0.6981317007977437,1505.1593084044657,976.1755488835408,-1.2,0.0,-0.9192533317427645,-0.771345131623858,0.0,0.0,,
98.2,4.310771364618712,-0.055054378990816694,8.7913863734569,0.003473902462322786,0.005798997471745595,0.0021525756852248256,36.25999999999953,0.6981317007977437,1507.9323892885564,978.5024400306061,-1.2,0.0,-0.9192533317427645,-0.771345131623858,0.0,0.0,,
98.30000000000001,4.399619644592105,-0.016428271087745715,8.808137899113714,-0.0016430508177453975,-0.0058877615459656946,0.003119739567255653,36.13999999999953,0.6981317007977437,1510.6962776393298,980.821617726355,-1.2,0.0,-0.9192533317427645,-0.771345131623858,0.0,0.0,,
98.4,4.244570243298534,-0.41821407699371516,8.597628949083685,-0.007840991159588013,-0.023967964578836553,0.01756106254129969,36.019999999999534,0.6981317007977437,1513.4509734567857,983.1330819707879,-1.2,0.0,-0.9192533317427645,-0.771345131623858,0.0,0.0,,
98.5,4.577260340499296,-0.008635936320753074,8.849352393358824,-0.0017981496818909573,0.007337029592324772,-0.00032586944805830347,35.89999999999954,0.6981317007977437,1516.1964767409243,985.4368327639045,-1.2,0.0,-0.9192533317427645,-0.771345131623858,0.0,0.0,,
98.60000000000001,4.172269524663475,-0.148260580767006,8.837903026192112,0.012514986223522866,-0.014901594629711976,0.0219365305293735,35.77999999999954,0.6981317007977437,1518.9327874917453,987.7328701057048,-1.2,0.0,-0.9192533317427645,-0.771345131623858,0.0,0.0,,
98.7,4.5716559576996465,-0.20779689352476097,8.54441482005642,0.01951084585018346,0.011032018301707589,0.006049364265294756,35.65999999999954,0.6981317007977437,1521.659905709249,990.0211939961889,-1.2,0.0,-0.9192533317427645,-0.771345131623858,0.0,0.0,,
98.80000000000001,4.224545151473109,0.05500627149867078,8.940339399976954,0.021828076955336832,-0.009346603020298353,0.01657125039469882,35.539999999999544,0.6981317007977437,1524.3778313934351,992.3018044353568,-1.2,0.0,-0.9192533317427645,-0.771345131623858,0.0,0.0,,
98.9,4.436165302079824,0.07977351442663667,8.877849987959497,0.006392040649183012,-0.008963091524602092,8.619055938784148e-05,35.41999999999955,0.6981317007977437,1527.0865645443039,994.5747014232084,-1.2,0.0,-0.9192533317427645,-0.771345131623858,0.0,0.0,,
99.0,4.438631807372842,-0.2657795980314704,8.673804859890087,-0.0024382078757737595,0.004982678907345308,0.0072382433582413586,35.29999999999955,0.6981317007977437,1529.7861051618552,996.8398849597437,-1.2,0.0,-0.9192533317427645,-0.771345131623858,0.0,0.0,1531.619835384323,1000.8540822019171
99.10000000000001,4.488959612522807,0.12355739018533536,8.89764515349813,0.01169210154966553,-0.004492396688814447,0.004226255786239104,35.17999999999955,0.6981317007977437,1532.476453246089,999.0973550449628,-1.2,0.0,-0.9192533317427645,-0.771345131623858,0.0,0.0,,
99.2,4.492363733684325,-0.04635606259294704,8.854694697531428,0.009766146271672748,-0.014452365230473692,0.004138511484744401,35.059999999999555,0.6981317007977437,1535.1576087970054,1001.3471116788656,-1.2,0.0,-0.9192533317427645,-0.771345131623858,0.0,0.0,,
99.30000000000001,4.431180561811069,-0.19212768220063237,8.987123841487756,0.005163650074034325,-0.0006683497812608196,0.01073964242390578,34.93999999999956,0.6981317007977437,1537.8295718146044,1003.5891548614522,-1.2,0.0,-0.9192533317427645,-0.771345131623858,0.0,0.0,,
99.4,4.3197315179805456,0.025168282932393055,8.580810092767729,-0.028857424990889155,-0.0010463497841307142,-0.002849045620478755,34.81999999999956,0.6981317007977437,1540.492342298886,1005.8234845927227,-1.2,0.0,-0.9192533317427645,-0.771345131623858,0.0,0.0,,
99.5,4.220780427615747,-0.03755635087046362,8.872701345180932,0.00038650044305489373,0.0056055527558176044,-0.004683348738706718,34.69999999999956,0.6981317007977437,1543.1459202498502,1008.0501008726769,-1.2,0.0,-0.9192533317427645,-0.771345131623858,0.0,0.0,,
99.60000000000001,4.509812227559367,0.010690546390459833,8.807854944684832,-0.00016866936793646215,-0.005688586821503231,-0.006255950293450106,34.579999999999565,0.6981317007977437,1545.790305667497,1010.2690037013149,-1.2,0.0,-0.9192533317427645,-0.771345131623858,0.0,0.0,,
99.7,4.400051442299649,-0.11780057519476919,9.006273920024414,-0.0010612351279880494,-0.012238380140681095,0.0034181956812200445,34.45999999999957,0.6981317007977437,1548.4254985518264,1012.4801930786366,-1.2,0.0,-0.9192533317427645,-0.771345131623858,0.0,0.0,,
99.80000000000001,4.395949978431137,0.14481281002262,8.475088404609313,0.006243406212102865,-0.01171574555486732,0.003031754879806548,34.33999999999957,0.6981317007977437,1551.0514989028384,1014.6836690046421,-1.2,0.0,-0.9192533317427645,-0.771345131623858,0.0,0.0,,
99.9,4.252230854388324,0.15008655583073355,9.075895571902322,-0.02074468352095346,-0.017442082715806745,0.012757125030116206,34.21999999999957,0.6981317007977437,1553.6683067205329,1016.8794314793313,-1.2,0.0,-0.9192533317427645,-0.771345131623858,0.0,0.0,,
100.0,4.383002853647316,0.013690970818002152,8.963505460872975,0.0013506391117479597,-0.013693014228846228,0.022288475473276913,34.099999999999575,0.6981317007977437,1556.27592200491,1019.0674805027043,-1.2,0.0,-0.9192533317427645,-0.771345131623858,0.0,0.0,1556.17902960678,1021.5986586143388
100.10000000000001,4.457864409519407,-0.128234137707423,8.803653959081876,0.02513720615445214,-0.011243473848521415,-0.010591765881543399,33.97999999999958,0.6981317007977437,1558.8743447559696,1021.247816074761,-1.2,0.0,-0.9192533317427645,-0.771345131623858,0.0,0.0,,
100.2,4.350781155931895,-0.14974547468992128,9.003181310196625,0.010179211455301491,0.02065485803046375,0.010159663283461367,33.85999999999958,0.6981317007977437,1561.4635749737117,1023.4204381955014,-1.2,0.0,-0.9192533317427645,-0.771345131623858,0.0,0.0,,
100.30000000000001,4.421156677123539,0.25601021168785587,8.667177839895654,-0.012187714785943283,-0.009248850057089468,3.5428633596154384e-05,33.73999999999958,0.6981317007977437,1564.0436126581365,1025.5853468649257,-1.2,0.0,-0.9192533317427645,-0.771345131623858,0.0,0.0,,
100.4,4.400114573073503,-0.05908999689403058,8.80287706095717,-0.0032642723143815546,-0.014517040176395624,0.009731963570357684,33.619999999999585,0.6981317007977437,1566.6144578092437,1027.7425420830336,-1.2,0.0,-0.9192533317427645,-0.771345131623858,0.0,0.0,,
100.5,4.3981654403401995,-0.029646411521718825,8.977190084022926,-0.010599344842328247,0.011112326849212118,-0.0030249141980413334,33.49999999999959,0.6981317007977437,1569.1761104270336,1029.8920238498254,-1.2,0.0,-0.9192533317427645,-0.771345131623858,0.0,0.0,,
100.60000000000001,4.166319101943766,-0.39475528517090364,8.761895771935599,-0.005802704276848003,-0.013438224021406611,0.009400992089259173,33.37999999999959,0.6981317007977437,1571.728570511506,1032.0337921653008,-1.2,0.0,-0.9192533317427645,-0.771345131623858,0.0,0.0,,
100.7,4.4583333161405685,-0.37885572314037574,8.937051698468485,-0.014293653451333033,0.0024417617486827753,0.015198325741470311,33.25999999999959,0.6981317007977437,1574.2718380626611,1034.16784702946,-1.2,0.0,-0.9192533317427645,-0.771345131623858,0.0,0.0,,
100.80000000000001,4.230104008646577,-0.07330535968163578,8.96728373059598,0.011532605473512168,0.008144695807411855,0.01827454382003761,33.139999999999596,0.6981317007977437,1576.8059130804988,1036.294188442303,-1.2,0.0,-0.9192533317427645,-0.771345131623858,0.0,0.0,,
100.9,4.3008576577167315,-0.03856373928348027,8.914909555730192,-0.02488431131127798,0.007932462344706468,-0.003942507286271159,33.0199999999996,0.6981317007977437,1579.3307955650191,1038.4128164038298,-1.2,0.0,-0.9192533317427645,-0.771345131623858,0.0,0.0,,
101.0,4.4717816503331855,-0.0723742850337214,8.894999795900068,-0.005899677096948753,0.02971195327801243,0.007398635418460603,32.8999999999996,0.6981317007977437,1581.846485516222,1040.5237309140405,-1.2,0.0,-0.9192533317427645,-0.771345131623858,0.0,0.0,1586.5690933286744,1036.4081543534144
101.10000000000001,4.339367093142303,0.05532369597286209,8.72698142941105,-0.0044739964713776,-0.004080353025634657,-0.011635851890389905,32.7799999999996,0.6981317007977437,1584.3529829341073,1042.626931972935,-1.2,0.0,-0.9192533317427645,-0.771345131623858,0.0,0.0,,
101.2,4.284264164277185,-0.0035298541529773138,8.833829580353475,-0.01455305447678994,0.005439356741161383,0.006400576860518532,32.659999999999606,0.6981317007977437,1586.8502878186753,1044.7224195805131,-1.2,0.0,-0.9192533317427645,-0.771345131623858,0.0,0.0,,
101.30000000000001,4.3421645197088115,-0.28391797544827396,8.710380782105336,0.017897184048901435,-0.006135136173144895,0.005422950750382233,32.53999999999961,0.6981317007977437,1589.3384001699258,1046.810193736775,-1.2,0.0,-0.9192533317427645,-0.771345131623858,0.0,0.0,,
101.4,4.390175558933969,0.1492246132622566,8.943985720771744,0.011519304108148299,-0.013071113399683417,0.003953083206905046,32.41999999999961,0.6981317007977437,1591.8173199878588,1048.8902544417208,-1.2,0.0,-0.9192533317427645,-0.771345131623858,0.0,0.0,,
101.5,4.504986466135841,-0.02879206618841622,8.848744034987531,-0.012584170957099888,0.013109631761663377,-4.4711901652685036e-05,32.29999999999961,0.6981317007977437,1594.2870472724744,1050.9626016953503,-1.2,0.0,-0.9192533317427645,-0.771345131623858,0.0,0.0,,
101.60000000000001,4.419795701036847,0.05873220109801794,8.866638845261113,0.002526171381479151,0.012307879492248555,0.025164079172795513,32.179999999999616,0.6981317007977437,1596.7475820237726,1053.0272354976635,-1.2,0.0,-0.9192533317427645,-0.771345131623858,0.0,0.0,,
101.7,4.528161062606416,0.03758728198695137,8.822273739701329,-0.017046232711706105,0.008329675551463245,0.010001251813223012,32.05999999999962,0.6981317007977437,1599.1989242417533,1055.0841558486604,-1.2,0.0,-0.9192533317427645,-0.771345131623858,0.0,0.0,,
101.80000000000001,4.381088303407968,-0.046976731197751774,9.037626402917262,-0.01935965869332343,-0.0008763252189203359,0.01841175340513189,31.939999999999618,0.6981317007977437,1601.6410739264165,1057.1333627483411,-1.2,0.0,-0.9192533317427645,-0.771345131623858,0.0,0.0,,
101.9,4.687383153746445,-0.20500069215071615,8.595022568807973,-0.0035382912538425813,-0.017497238993301217,0.004919153387146234,31.819999999999617,0.6981317007977437,1604.0740310777624,1059.1748561967056,-1.2,0.0,-0.9192533317427645,-0.771345131623858,0.0,0.0,,
102.0,4.513422510503711,-0.17903642908805714,8.879036657744791,-0.013968527708535315,-0.010806395574421361,-0.009039327946948922,31.699999999999616,0.6981317007977437,1606.497795695791,1061.2086361937538,-1.2,0.0,-0.9192533317427645,-0.771345131623858,0.0,0.0,1610.481495278433,1058.2778714264628
102.10000000000001,4.27760012576067,-0.19174837759642396,8.465698525956782,-0.004432015343146117,0.005843530127195275,-0.006665351333802808,31.579999999999615,0.6981317007977437,1608.912367780502,1063.2347027394858,-1.2,0.0,-0.9192533317427645,-0.771345131623858,0.0,0.0,,
102.2,4.362029399959615,0.2060160954584758,8.838739116459077,-0.0011415236043162205,0.0009134866709698699,-0.00946062655787258,31.459999999999614,0.6981317007977437,1611.3177473318958,1065.2530558339015,-1.2,0.0,-0.9192533317427645,-0.771345131623858,0.0,0.0,,
102.30000000000001,4.356072295726009,0.11738987836584396,8.849873288606581,0.0026758656417165006,0.00867083232702496,0.00018051691015871698,31.339999999999613,0.6981317007977437,1613.713934349972,1067.263695477001,-1.2,0.0,-0.9192533317427645,-0.771345131623858,0.0,0.0,,
102.4,4.581402454254328,-0.18243834958699462,8.946530630818813,-0.01703630180005134,0.012894387271249044,-0.009886946834158345,31.21999999999961,0.6981317007977437,1616.100928834731,1069.2666216687842,-1.2,0.0,-0.9192533317427645,-0.771345131623858,0.0,0.0,,
102.5,4.279939898588099,0.055011328946670865,8.780305411169557,-0.013305637549282939,0.0065001152423850754,0.009310232588472616,31.09999999999961,0.6981317007977437,1618.4787307861723,1071.2618344092512,-1.2,0.0,-0.9192533317427645,-0.771345131623858,0.0,0.0,,
102.60000000000001,4.309775808038428,-0.012060133620705541,9.014273716886079,0.006018086320348323,0.011051386711312616,0.01248748699204889,30.97999999999961,0.6981317007977437,1620.8473402042962,1073.2493336984019,-1.2,0.0,-0.9192533317427645,-0.771345131623858,0.0,0.0,,
102.7,4.412730980624152,0.0927135744236617,8.72129917700626,0.00845839048743377,-0.0005234777573630526,0.006710795322556629,30.85999999999961,0.6981317007977437,1623.2067570891027,1075.2291195362363,-1.2,0.0,-0.9192533317427645,-0.771345131623858,0.0,0.0,,
102.80000000000001,4.528074071296991,-0.23620398725978983,8.697677248894616,-0.0017403253818728834,-0.0016494820187638929,0.005643240109725041,30.739999999999608,0.6981317007977437,1625.5569814405917,1077.2011919227546,-1.2,0.0,-0.9192533317427645,-0.771345131623858,0.0,0.0,,
102.9,4.194789594106996,0.1096314851248973,8.919824072108298,-0.0020683566530989993,0.027074512655655084,0.005689262082373164,30.619999999999607,0.6981317007977437,1627.8980132587633,1079.1655508579565,-1.2,0.0,-0.9192533317427645,-0.771345131623858,0.0,0.0,,
103.0,4.287608633586797,-0.04855001934899987,8.76038042470835,-0.01752118699633369,-0.020352892904343608,-0.00028085214882957784,30.499999999999606,0.6981317007977437,1630.2298525436174,1081.1221963418423,-1.2,0.0,-0.9192533317427645,-0.771345131623858,0.0,0.0,1629.405211682922,1078.9142761926846
103.10000000000001,4.325079006244887,-0.17940933050249508,8.991864576073876,-0.001574172496234117,0.008778686600322947,0.014637436923733708,30.379999999999605,0.6981317007977437,1632.5524992951541,1083.0711283744117,-1.2,0.0,-0.9192533317427645,-0.771345131623858,0.0,0.0,,
103.2,4.338211621469768,-0.5021141177018481,9.134386305140085,-0.007641432257516404,-0.011781107521024722,0.015774405915122754,30.259999999999604,0.6981317007977437,1634.8659535133736,1085.0123469556652,-1.2,0.0,-0.9192533317427645,-0.771345131623858,0.0,0.0,,
103.30000000000001,4.460333001092506,-0.03422614464733149,8.797486815455176,0.006277851034292424,-0.009861733314234232,-0.00020104656602612514,30.139999999999603,0.6981317007977437,1637.1702151982756,1086.9458520856024,-1.2,0.0,-0.9192533317427645,-0.771345131623858,0.0,0.0,,
103.4,4.489771754587695,-0.07142107011041629,8.75791645966052,-0.006316395953195213,-0.009790312652910926,0.004570166479094194,30.0199999999996,0.6981317007977437,1639.4652843498602,1088.8716437642233,-1.2,0.0,-0.9192533317427645,-0.771345131623858,0.0,0.0,,
103.5,4.3613981691032375,-0.07306492565394566,8.876132166191955,0.006268331710308406,0.004851211262023814,0.020234547536869117,29.8999999999996,0.6981317007977437,1641.7511609681274,1090.789721991528,-1.2,0.0,-0.9192533317427645,-0.771345131623858,0.0,0.0,,
103.60000000000001,4.422409944182864,-0.03605406858155176,8.742440856444723,0.02033230654153151,0.0004884857990734732,-0.007770984849426083,29.7799999999996,0.6981317007977437,1644.027845053077,1092.7000867675165,-1.2,0.0,-0.9192533317427645,-0.771345131623858,0.0,0.0,,
103.7,4.23873772315544,0.21591451156396282,8.797040502711745,-0.013846746210805814,-0.010983728475619615,0.0013681619059632685,29.6599999999996,0.6981317007977437,1646.2953366047093,1094.6027380921887,-1.2,0.0,-0.9192533317427645,-0.771345131623858,0.0,0.0,,
103.80000000000001,4.481650124815564,0.03719274805370454,9.06050422637251,0.007965527732478977,0.004867208332355704,0.022457293598498684,29.539999999999598,0.6981317007977437,1648.553635623024,1096.4976759655447,-1.2,0.0,-0.9192533317427645,-0.771345131623858,0.0,0.0,,
103.9,4.4864470415618944,0.1587983574293332,8.548121051197699,0.02153809966258208,0.01684502432628988,-0.010471315285113381,29.419999999999597,0.6981317007977437,1650.8027421080214,1098.3849003875844,-1.2,0.0,-0.9192533317427645,-0.771345131623858,0.0,0.0,,
104.0,4.499928365746921,0.07606172475155351,8.865881316375532,0.0020340130337277978,-0.004043860968425946,0.0005548659082819322,29.299999999999596,0.6981317007977437,1653.0426560597014,1100.2644113583078,-1.2,0.0,-0.9192533317427645,-0.771345131623858,0.0,0.0,1651.9273943873734,1098.8658069796822
104.10000000000001,4.190805504905208,0.16406118520721213,8.892409423295017,0.009326807491406536,0.011477950945132955,0.017059600517281698,29.179999999999595,0.6981317007977437,1655.2733774780638,1102.136208877715,-1.2,0.0,-0.9192533317427645,-0.771345131623858,0.0,0.0,,
104.2,4.398810273277456,0.20399733398780684,8.965603740514617,-0.012151849293259607,-0.003306185641972607,0.015066695803477068,29.059999999999594,0.6981317007977437,1657.4949063631088,1104.000292945806,-1.2,0.0,-0.9192533317427645,-0.771345131623858,0.0,0.0,,
104.30000000000001,4.50301304992773,0.02594527078622187,8.753810984535486,0.007498385481007845,-0.007828419728238539,-0.0020394884506862755,28.939999999999593,0.6981317007977437,1659.7072427148364,1105.8566635625807,-1.2,0.0,-0.9192533317427645,-0.771345131623858,0.0,0.0,,
104.4,4.234128049795361,-0.33033014626788776,8.74669215121749,0.002460591624655203,0.0014420203581194146,-0.00350927844247325,28.81999999999959,0.6981317007977437,1661.9103865332465,1107.7053207280392,-1.2,0.0,-0.9192533317427645,-0.771345131623858,0.0,0.0,,
104.5,4.287053072769635,0.22501643725724493,8.691665104713024,-0.003326668622550694,-0.005767645923978449,0.018820034055465146,28.69999999999959,0.6981317007977437,1664.1043378183394,1109.5462644421814,-1.2,0.0,-0.9192533317427645,-0.771345131623858,0.0,0.0,,
104.60000000000001,4.441626151852564,-0.25528776371283546,8.785089266111177,-0.0022872066660049564,0.0015656914339755525,0.038110080699725206,28.57999999999959,0.6981317007977437,1666.289096570115,1111.3794947050073,-1.2,0.0,-0.9192533317427645,-0.771345131623858,0.0,0.0,,
104.7,4.59532324847299,0.23319153938290402,8.825062307680444,0.019597066884063014,0.005612801535203105,0.018182234847140544,28.45999999999959,0.6981317007977437,1668.464662788573,1113.205011516517,-1.2,0.0,-0.9192533317427645,-0.771345131623858,0.0,0.0,,
104.80000000000001,4.346351709317802,-0.08325434724007742,8.875496916871922,-0.0017718936891473365,0.01361554492417107,-0.005504147254184065,28.339999999999588,0.6981317007977437,1670.6310364737135,1115.0228148767105,-1.2,0.0,-0.9192533317427645,-0.771345131623858,0.0,0.0,,
104.9,4.447123934198624,-0.011918988856555434,8.712766901300908,-6.430541402776906e-06,0.0017737448495149647,0.012107132920382215,28.219999999999587,0.6981317007977437,1672.7882176255366,1116.8329047855877,-1.2,0.0,-0.9192533317427645,-0.771345131623858,0.0,0.0,,
105.0,4.492907273151938,-0.10841041154328956,8.558531801492485,-0.006815126033562165,0.01107480227739532,0.005298477910838029,28.099999999999586,0.6981317007977437,1674.9362062440423,1118.6352812431487,-1.2,0.0,-0.9192533317427645,-0.771345131623858,0.0,0.0,1677.5734350355635,1119.9117304281122
105.10000000000001,4.212792135166608,-0.12968599075682516,8.863432222828854,-0.002339095524471457,-0.006182267769143815,0.004005156371926336,27.979999999999585,0.6981317007977437,1677.0750023292305,1120.4299442493934,-1.2,0.0,-0.9192533317427645,-0.771345131623858,0.0,0.0,,
105.2,4.401303920698587,-0.13913337309204798,8.723557748612352,-0.014999537139060819,-0.0018170777761315532,-0.007327678321168677,27.859999999999584,0.6981317007977437,1679.2046058811013,1122.216893804322,-1.2,0.0,-0.9192533317427645,-0.771345131623858,0.0,0.0,,
105.30000000000001,4.404311361982946,0.08196149862871668,8.83719173016035,-0.006137015901980188,0.027806873767403727,0.02361615476771104,27.739999999999583,0.6981317007977437,1681.3250168996547,1123.9961299079343,-1.2,0.0,-0.9192533317427645,-0.771345131623858,0.0,0.0,,
105.4,4.499968713572093,0.0750031910850211,8.897198366078074,-0.005221249226597477,-0.007712185160915549,0.009337840092140075,27.61999999999958,0.6981317007977437,1683.4362353848906,1125.7676525602305,-1.2,0.0,-0.9192533317427645,-0.771345131623858,0.0,0.0,,
105.5,4.3330880520958335,0.2302645968114915,8.780660039680784,0.002139846967575608,-0.01279024092159024,0.009931500061587033,27.49999999999958,0.6981317007977437,1685.538261336809,1127.5314617612105,-1.2,0.0,-0.9192533317427645,-0.771345131623858,0.0,0.0,,
105.60000000000001,4.313452578212494,-0.39572376655824754,8.861121279374919,0.0029978649930470676,0.009404252356518388,-0.010312029972849154,27.37999999999958,0.6981317007977437,1687.63109475541,1129.2875575108742,-1.2,0.0,-0.9192533317427645,-0.771345131623858,0.0,0.0,,
105.7,4.385639300927455,0.04586671277510587,8.927931456400684,0.004965021076650182,0.00477212916835845,0.009826618372463933,27.25999999999958,0.6981317007977437,1689.7147356406938,1131.0359398092216,-1.2,0.0,-0.9192533317427645,-0.771345131623858,0.0,0.0,,
105.80000000000001,4.529389126446636,-0.21289620038811846,8.85328474173819,-0.004696298214253132,0.025584913552403457,-0.01061599989489014,27.139999999999578,0.6981317007977437,1691.7891839926601,1132.7766086562528,-1.2,0.0,-0.9192533317427645,-0.771345131623858,0.0,0.0,,
105.9,4.110583867699619,0.22850459318783292,8.767186954114987,7.246898062985865e-05,0.0005797897217831066,0.024485634180287673,27.019999999999577,0.6981317007977437,1693.854439811309,1134.5095640519678,-1.2,0.0,-0.9192533317427645,-0.771345131623858,0.0,0.0,,
106.0,4.390801681101122,-0.01126993242671345,8.639071075116059,0.007810643257800773,-0.003381427893560607,-0.012069975698492675,26.899999999999576,0.6981317007977437,1695.9105030966405,1136.2348059963665,-1.2,0.0,-0.9192533317427645,-0.771345131623858,0.0,0.0,1693.1041398222008,1136.2029464303603
106.10000000000001,4.578854642946567,0.1254866930794586,9.040571931424132,-0.008363487067071951,-0.029897858985742733,0.010056296059960813,26.779999999999575,0.6981317007977437,1697.9573738486545,1137.952334489449,-1.2,0.0,-0.9192533317427645,-0.771345131623858,0.0,0.0,,
106.2,4.24196425705953,-0.14648134361455975,8.956977144590988,-0.005811946276629522,0.01535114395841114,-0.0012539721974495523,26.659999999999574,0.6981317007977437,1699.995052067351,1139.6621495312152,-1.2,0.0,-0.9192533317427645,-0.771345131623858,0.0,0.0,,
106.30000000000001,4.370142570363676,-0.14598327271508554,8.592588941218123,0.01995788638223627,-0.002783928474262347,0.005608893381148513,26.539999999999573,0.6981317007977437,1702.0235377527301,1141.3642511216651,-1.2,0.0,-0.9192533317427645,-0.771345131623858,0.0,0.0,,
106.4,4.33910611052346,-0.08254674019875433,8.950436856436335,0.009120293672192078,0.0025084148632310644,0.002581030565077442,26.419999999999572,0.6981317007977437,1704.0428309047918,1143.0586392607988,-1.2,0.0,-0.9192533317427645,-0.771345131623858,0.0,0.0,,
106.5,4.787263948134501,-0.1742375783717781,8.951240313864876,-0.0044875950471520935,0.007813964758065393,0.0018804333645681933,26.29999999999957,0.6981317007977437,1706.052931523536,1144.7453139486163,-1.2,0.0,-0.9192533317427645,-0.771345131623858,0.0,0.0,,
106.60000000000001,4.282819302642409,-0.17420711769737568,8.992424256343343,0.012140682819922737,0.002906455065652932,0.017422389785449324,26.17999999999957,0.6981317007977437,1708.0538396089628,1146.4242751851175,-1.2,0.0,-0.9192533317427645,-0.771345131623858,0.0,0.0,,
106.7,4.204145951593082,-0.1318921971136966,8.711382233035065,0.008796644897138266,0.0058175514710813656,0.001131619845951684,26.05999999999957,0.6981317007977437,1710.0455551610721,1148.0955229703025,-1.2,0.0,-0.9192533317427645,-0.771345131623858,0.0,0.0,,
106.80000000000001,4.245937169306544,0.11159137777048835,8.742347996553189,-0.012037147690488068,-0.006383907160950977,0.024966469753135108,25.939999999999568,0.6981317007977437,1712.028078179864,1149.7590573041712,-1.2,0.0,-0.9192533317427645,-0.771345131623858,0.0,0.0,,
106.9,4.388730409251491,0.11393289324427648,8.811202638991368,0.00927374575995816,-0.024988865094362215,0.003956666676276745,25.819999999999567,0.6981317007977437,1714.0014086653384,1151.4148781867236,-1.2,0.0,-0.9192533317427645,-0.771345131623858,0.0,0.0,,
107.0,4.542364108571648,0.1572577894351357,8.944840163491286,-0.012270957888262777,-6.1001827952762076e-05,0.0297897321197909,25.699999999999566,0.6981317007977437,1715.9655466174956,1153.0629856179598,-1.2,0.0,-0.9192533317427645,-0.771345131623858,0.0,0.0,1713.2873100661006,1149.0886155375913
107.10000000000001,4.430794201034011,-0.026733158719658014,8.706008657616742,-0.016562079670274697,-0.010767079776074178,0.001473798553088262,25.579999999999565,0.6981317007977437,1717.9204920363354,1154.7033795978798,-1.2,0.0,-0.9192533317427645,-0.771345131623858,0.0,0.0,,
107.2,4.514493305766076,-0.13261387738227512,8.676976550495057,-0.007644927287932458,-6.12633791956568e-05,0.015947490134090286,25.459999999999564,0.6981317007977437,1719.8662449218577,1156.3360601264835,-1.2,0.0,-0.9192533317427645,-0.771345131623858,0.0,0.0,,
107.30000000000001,4.23376706209416,-0.22646264227696106,8.91543851424669,-0.027163992614167288,-0.00977316202048683,0.003680084613851175,25.339999999999563,0.6981317007977437,1721.8028052740626,1157.961027203771,-1.2,0.0,-0.9192533317427645,-0.771345131623858,0.0,0.0,,
107.4,4.628371765585636,0.08373286868840017,9.183517185039177,-0.010405438535687572,-0.008237908906028543,-0.003968878091378771,25.219999999999562,0.6981317007977437,1723.73017309295,1159.5782808297422,-1.2,0.0,-0.9192533317427645,-0.771345131623858,0.0,0.0,,
107.5,4.351648113286903,0.04532279863799611,8.836969244772439,0.0010518277873393074,0.0030609301458956843,0.0039679966237822694,25.09999999999956,0.6981317007977437,1725.64834837852,1161.1878210043974,-1.2,0.0,-0.9192533317427645,-0.771345131623858,0.0,0.0,,
107.60000000000001,4.435602991627553,-0.20254373218456106,8.87231642531838,-0.02083256404176077,0.0007478898861069647,0.005805263979163374,24.97999999999956,0.6981317007977437,1727.5573311307726,1162.7896477277363,-1.2,0.0,-0.9192533317427645,-0.771345131623858,0.0,0.0,,
107.7,4.503549839218895,-0.055792721199088485,8.638500217497336,-0.013047498053800705,-0.006059476964838404,-0.014241512361161229,24.85999999999956,0.6981317007977437,1729.4571213497077,1164.383760999759,-1.2,0.0,-0.9192533317427645,-0.771345131623858,0.0,0.0,,
107.80000000000001,4.559334642689825,0.14421421599996342,8.986434079220942,-0.01457658860562014,-0.00643829295905742,0.009415887830329981,24.739999999999558,0.6981317007977437,1731.3477190353253,1165.9701608204655,-1.2,0.0,-0.9192533317427645,-0.771345131623858,0.0,0.0,,
107.9,4.5829103371084665,0.019950490805125797,9.071030698618188,0.008781687844329308,0.0023851755020520664,0.004091038472496608,24.619999999999557,0.6981317007977437,1733.2291241876255,1167.5488471898557,-1.2,0.0,-0.9192533317427645,-0.771345131623858,0.0,0.0,,
108.0,4.2731974158336445,0.044117378460754544,8.903187042183863,0.0054893889641705286,0.0009518663034355254,0.023618619935220755,24.499999999999556,0.6981317007977437,1735.1013368066083,1169.1198201079296,-1.2,0.0,-0.9192533317427645,-0.771345131623858,0.0,0.0,1731.8644041771488,1167.7997686797726
108.10000000000001,4.423449963748912,-0.03106716097832536,8.890614136923206,-0.011326539981011416,-0.011495219794337097,0.003276978264920711,24.379999999999555,0.6981317007977437,1736.9643568922736,1170.6830795746873,-1.2,0.0,-0.9192533317427645,-0.771345131623858,0.0,0.0,,
108.2,4.289296968554387,-0.04094147207062248,8.624566748815152,-0.02091076258752979,0.007517393257318876,-0.0012145153495413527,24.259999999999554,0.6981317007977437,1738.8181844446215,1172.2386255901288,-1.2,0.0,-0.9192533317427645,-0.771345131623858,0.0,0.0,,
108.30000000000001,4.308895713544309,0.10253321709464491,8.752887390423917,0.018189555679746124,0.0002757854254126791,0.0017409950057726154,24.139999999999553,0.6981317007977437,1740.662819463652,1173.786458154254,-1.2,0.0,-0.9192533317427645,-0.771345131623858,0.0,0.0,,
108.4,4.3089391614675865,0.0697609548295067,8.969875734954773,-0.008581878691572821,0.013904238160515281,0.004764449444606443,24.019999999999552,0.6981317007977437,1742.4982619493653,1175.326577267063,-1.2,0.0,-0.9192533317427645,-0.771345131623858,0.0,0.0,,
108.5,4.332570469334081,0.18932855186348344,8.688749173155475,-0.015352115586945133,0.005401227525988657,0.017062040337237794,23.89999999999955,0.6981317007977437,1744.324511901761,1176.8589829285556,-1.2,0.0,-0.9192533317427645,-0.771345131623858,0.0,0.0,,
108.60000000000001,4.592829566608966,-0.027544214048420314,8.951448888769756,0.009037811788923236,-0.012622469287781546,-0.002325492188490338,23.77999999999955,0.6981317007977437,1746.1415693208394,1178.383675138732,-1.2,0.0,-0.9192533317427645,-0.771345131623858,0.0,0.0,,
108.7,4.216633427361446,-0.15116184725068119,8.794416022107768,0.01066982370338865,-0.012280346870113082,0.0007028909776262216,23.65999999999955,0.6981317007977437,1747.9494342066002,1179.9006538975923,-1.2,0.0,-0.9192533317427645,-0.771345131623858,0.0,0.0,,
108.80000000000001,4.472971896129307,0.1066490758682284,8.854593792733098,-0.01753456209953751,-0.010684417256606776,0.024549546335498766,23.539999999999548,0.6981317007977437,1749.7481065590437,1181.4099192051362,-1.2,0.0,-0.9192533317427645,-0.771345131623858,0.0,0.0,,
108.9,4.343478154464923,0.1597401900942325,8.833270403231557,-0.016062503569185226,-0.017767048572324848,0.012229557997014329,23.419999999999547,0.6981317007977437,1751.5375863781696,1182.911471061364,-1.2,0.0,-0.9192533317427645,-0.771345131623858,0.0,0.0,,
109.0,4.533659770421893,0.20963226341080335,8.60010147706179,0.0015007894970536174,-0.0012192752123077787,-0.008703945411287576,23.299999999999546,0.6981317007977437,1753.3178736639782,1184.4053094662754,-1.2,0.0,-0.9192533317427645,-0.771345131623858,0.0,0.0,1752.5250723812758,1184.8361198142284
109.10000000000001,4.298248515321987,0.04238302373480421,8.805023018329482,-0.009372075921565857,-0.005231589209854102,0.0030544275018764867,23.179999999999545,0.6981317007977437,1755.0889684164692,1185.8914344198706,-1.2,0.0,-0.9192533317427645,-0.771345131623858,0.0,0.0,,
109.2,4.448988727754892,0.07494063737520043,8.63773458948189,-2.751356564429859e-05,0.008195313814157059,0.002049556241734028,23.059999999999544,0.6981317007977437,1756.8508706356429,1187.3698459221496,-1.2,0.0,-0.9192533317427645,-0.771345131623858,0.0,0.0,,
109.30000000000001,4.300372814015246,-0.3362524937634303,8.637108716236897,0.01832903760388796,-0.0011384506744170902,-0.0006115551243740898,22.939999999999543,0.6981317007977437,1758.603580321499,1188.8405439731123,-1.2,0.0,-0.9192533317427645,-0.771345131623858,0.0,0.0,,
109.4,4.182254117575546,0.07871615638213718,9.133296554848114,0.023005135001973973,-0.009010572606432999,-0.01469376743327989,22.819999999999542,0.6981317007977437,1760.3470974740378,1190.3035285727588,-1.2,0.0,-0.9192533317427645,-0.771345131623858,0.0,0.0,,
109.5,4.38298753443054,0.03025468147723147,9.109972920641733,0.005162247177078966,0.011437851390724181,0.0059672685519592565,22.69999999999954,0.6981317007977437,1762.0814220932593,1191.758799721089,-1.2,0.0,-0.9192533317427645,-0.771345131623858,0.0,0.0,,
109.60000000000001,4.487152672297666,-0.14665477987396563,8.851466508222133,-0.003204003311199592,-0.009879767937718834,-0.0014996220231841108,22.57999999999954,0.6981317007977437,1763.8065541791634,1193.206357418103,-1.2,0.0,-0.9192533317427645,-0.771345131623858,0.0,0.0,,
109.7,4.577241921978972,0.2521510958925435,8.797535975840745,-0.01931693892872619,-0.011538421449510197,-0.010156827916700134,22.45999999999954,0.6981317007977437,1765.52249373175,1194.6462016638009,-1.2,0.0,-0.9192533317427645,-0.771345131623858,0.0,0.0,,
109.80000000000001,4.487011580525318,0.3312958794172124,8.953725753806467,-0.0016789157180172767,0.011993454700024164,0.0015404773696095341,22.339999999999538,0.6981317007977437,1767.2292407510192,1196.0783324581826,-1.2,0.0,-0.9192533317427645,-0.771345131623858,0.0,0.0,,
109.9,4.517977670079978,0.009619925852002244,8.844154332118814,-0.008500152744964507,0.016138350035020278,0.014681344005119085,22.219999999999537,0.6981317007977437,1768.926795236971,1197.502749801248,-1.2,0.0,-0.9192533317427645,-0.771345131623858,0.0,0.0,,
110.0,4.679650245502109,-0.0005120570373853099,8.71612422909703,-0.011673020906469123,0.008062055118593751,0.020513443389060006,22.099999999999536,0.6981317007977437,1770.6151571896053,1198.9194536929972,-1.2,0.0,-0.9192533317427645,-0.771345131623858,0.0,0.0,1764.8410429212054,1209.4129069082544
110.10000000000001,4.5790028529158615,0.09216646262812198,8.861334214012707,-0.007154038998048577,-0.00025116887022976717,0.015354491334236504,21.979999999999535,0.6981317007977437,1772.2943266089221,1200.3284441334301,-1.2,0.0,-0.9192533317427645,-0.771345131623858,0.0,0.0,,
110.2,4.245387968519223,0.18550841725597594,9.207437632261954,-0.005972295227426862,-0.00960726087568972,0.01655868221310962,21.859999999999534,0.6981317007977437,1773.9643034949215,1201.7297211225468,-1.2,0.0,-0.9192533317427645,-0.771345131623858,0.0,0.0,,
110.30000000000001,4.37422536636763,-0.1739222021931815,8.807106829389472,0.00955844704889824,-0.0007447941838501915,0.010070377033109059,21.739999999999533,0.6981317007977437,1775.6250878476035,1203.1232846603473,-1.2,0.0,-0.9192533317427645,-0.771345131623858,0.0,0.0,,
110.4,4.551844237591315,-0.038872857426787685,8.911472917416052,0.0053939751538616045,-0.006179998323575088,0.011717198110968254,21.619999999999532,0.6981317007977437,1777.276679666968,1204.5091347468315,-1.2,0.0,-0.9192533317427645,-0.771345131623858,0.0,0.0,,
110.5,4.607383020936355,-0.11995814967097135,8.812117829728226,-0.006494923689530561,-0.02197518670190116,0.010972164299031837,21.49999999999953,0.6981317007977437,1778.919078953015,1205.8872713819994,-1.2,0.0,-0.9192533317427645,-0.771345131623858,0.0,0.0,,
110.60000000000001,4.628643347950144,0.1409385190235061,8.668901944798058,-0.021465716568796412,0.02615953755308017,-0.0018069676200279626,21.37999999999953,0.6981317007977437,1780.5522857057447,1207.2576945658511,-1.2,0.0,-0.9192533317427645,-0.771345131623858,0.0,0.0,,
110.7,4.477550194920096,-0.010827446710996476,8.886178417562212,0.005765706816652004,-0.02582713321321187,0.008393002100000628,21.25999999999953,0.6981317007977437,1782.1762999251569,1208.6204042983866,-1.2,0.0,-0.9192533317427645,-0.771345131623858,0.0,0.0,,
110.80000000000001,4.4904842484894445,0.02230410032438249,8.847179148528534,-0.006171656422495187,-0.0010339641107350776,0.003926408265074899,21.139999999999528,0.6981317007977437,1783.7911216112518,1209.9754005796058,-1.2,0.0,-0.9192533317427645,-0.771345131623858,0.0,0.0,,
110.9,4.324686230161347,-0.07671787038137447,8.896149685854088,0.008560623459785463,-0.006803704942250696,-0.0018154688422169687,21.019999999999527,0.6981317007977437,1785.3967507640293,1211.3226834095087,-1.2,0.0,-0.9192533317427645,-0.771345131623858,0.0,0.0,,
111.0,4.571637282865852,0.33182505545764746,8.904955582933596,0.009736940249975368,0.0021199868268446057,-0.0022891796132567394,20.899999999999526,0.6981317007977437,1786.9931873834894,1212.6622527880954,-1.2,0.0,-0.9192533317427645,-0.771345131623858,0.0,0.0,1785.3206965148504,1212.2109229189937
111.10000000000001,4.379479502717862,0.023256458890342082,8.777890863015758,-0.0065600210625069745,0.0028357672169606117,0.019889291562041826,20.779999999999525,0.6981317007977437,1788.580431469632,1213.9941087153659,-1.2,0.0,-0.9192533317427645,-0.771345131623858,0.0,0.0,,
111.2,4.662777710945258,-0.031721385338450724,8.928287211691027,-0.005116796512085333,0.006598848011423967,-0.004616867655831712,20.659999999999524,0.6981317007977437,1790.1584830224572,1215.31825119132,-1.2,0.0,-0.9192533317427645,-0.771345131623858,0.0,0.0,,
111.30000000000001,4.128650735763856,-0.2151662816808815,8.815873604657044,0.010754316801049973,0.010204211786827608,0.020836991534521367,20.539999999999523,0.6981317007977437,1791.727342041965,1216.634680215958,-1.2,0.0,-0.9192533317427645,-0.771345131623858,0.0,0.0,,
111.4,4.44204497099311,0.11756403555078564,8.966876485562127,0.004520444671811562,-0.0010024160963809437,0.010143772105568022,20.419999999999522,0.6981317007977437,1793.2870085281552,1217.9433957892797,-1.2,0.0,-0.9192533317427645,-0.771345131623858,0.0,0.0,,
111.5,4.481788396971136,-0.008192492069601858,8.739262845295569,-0.001514764307766747,0.009919036234380866,-0.004118053483686272,20.29999999999952,0.6981317007977437,1794.837482481028,1219.2443979112852,-1.2,0.0,-0.9192533317427645,-0.771345131623858,0.0,0.0,,
111.60000000000001,4.4127076315159215,0.07502940897231641,8.577741462853883,0.007948961411633992,0.0031017852603102973,0.002334803056842166,20.17999999999952,0.6981317007977437,1796.3787639005834,1220.5376865819744,-1.2,0.0,-0.9192533317427645,-0.771345131623858,0.0,0.0,,
111.7,4.450155731829542,0.04461659965757912,8.740113290124404,0.004630184957119732,0.013664604862074476,0.0026380159088988265,20.05999999999952,0.6981317007977437,1797.9108527868214,1221.8232618013474,-1.2,0.0,-0.9192533317427645,-0.771345131623858,0.0,0.0,,
111.80000000000001,4.366911043625677,0.2558265662539286,8.945812021291202,-0.00028234864797901677,-0.012010218206499168,0.025300127061637374,19.939999999999518,0.6981317007977437,1799.4337491397418,1223.101123569404,-1.2,0.0,-0.9192533317427645,-0.771345131623858,0.0,0.0,,
111.9,4.291308197640427,0.22248537767685703,8.625824418926882,0.016600030298904188,-0.0028306384419652985,0.015333939224385956,19.819999999999517,0.6981317007977437,1800.947452959345,1224.3712718861448,-1.2,0.0,-0.9192533317427645,-0.771345131623858,0.0,0.0,,
112.0,4.363909549455348,0.019535989168879195,8.966316860087174,-0.013029620507210729,0.006376318978617471,0.019511861954944074,19.699999999999516,0.6981317007977437,1802.4519642456307,1225.6337067515692,-1.2,0.0,-0.9192533317427645,-0.771345131623858,0.0,0.0,1797.5446270948833,1227.7232161409916
112.10000000000001,4.495358832074623,0.006051722972682184,9.174002571123232,-0.012885612826504196,0.0014829268739909428,0.0033802204430573805,19.579999999999515,0.6981317007977437,1803.9472829985991,1226.8884281656774,-1.2,0.0,-0.9192533317427645,-0.771345131623858,0.0,0.0,,
112.2,4.483213412306552,0.0512487415434129,8.726151104367878,-0.007938827938786334,-0.008995245335060574,0.00406179121941093,19.459999999999514,0.6981317007977437,1805.43340921825,1228.1354361284693,-1.2,0.0,-0.9192533317427645,-0.771345131623858,0.0,0.0,,
112.30000000000001,4.4072467613512645,-0.21721932604567018,8.93473715522199,0.0018165073888902871,-0.004653581709668166,0.009981551625162514,19.339999999999513,0.6981317007977437,1806.9103429045836,1229.374730639945,-1.2,0.0,-0.9192533317427645,-0.771345131623858,0.0,0.0,,
112.4,3.9508349537345056,0.06699829306028185,8.577456882245428,-0.010379399200680968,-0.009743590148795599,0.0035831593316288405,19.219999999999512,0.6981317007977437,1808.3780840575996,1230.6063117001045,-1.2,0.0,-0.9192533317427645,-0.771345131623858,0.0,0.0,,
112.5,4.432830497443875,0.14444239350715102,8.967645194934425,0.005264789596706153,-0.000675654835552588,0.001002187747394477,19.09999999999951,0.6981317007977437,1809.8366326772982,1231.8301793089477,-1.2,0.0,-0.9192533317427645,-0.771345131623858,0.0,0.0,,
112.60000000000001,4.302423945128181,-0.20502726727022955,8.51051005316889,-0.013425421717227423,-0.015222447433998056,-0.00234919106394655,18.97999999999951,0.6981317007977437,1811.2859887636794,1233.0463334664746,-1.2,0.0,-0.9192533317427645,-0.771345131623858,0.0,0.0,,
112.7,4.432180721993324,0.07751000239107524,8.873322073884559,-0.009480071964651707,0.0021241428448460975,0.022384427815992203,18.85999999999951,0.6981317007977437,1812.726152316743,1234.2547741726853,-1.2,0.0,-0.9192533317427645,-0.771345131623858,0.0,0.0,,
112.80000000000001,4.281865778769146,0.06551601717170162,8.748987992216907,0.01856931365585174,-0.0006171197428301516,-0.008687641190697122,18.739999999999508,0.6981317007977437,1814.1571233364893,1235.4555014275797,-1.2,0.0,-0.9192533317427645,-0.771345131623858,0.0,0.0,,
112.9,4.321517193916657,-0.12253062294292147,8.81192428717609,0.009042520224586433,-0.007922243258480725,0.013020688618365256,18.619999999999507,0.6981317007977437,1815.5789018229182,1236.648515231158,-1.2,0.0,-0.9192533317427645,-0.771345131623858,0.0,0.0,,
113.0,4.4478360079608255,-0.10557368350192733,8.624861493675777,0.00048333934835853825,0.003205051031411475,0.0009503228851563683,18.499999999999506,0.6981317007977437,1816.9914877760295,1237.83381558342,-1.2,0.0,-0.9192533317427645,-0.771345131623858,0.0,0.0,1812.7787258779992,1240.9214372050506
113.10000000000001,4.40526829311687,-0.15087390778751603,8.60773138035653,-0.010043219736469282,-0.004845576774927492,0.00800127073029304,18.379999999999505,0.6981317007977437,1818.3948811958235,1239.0114024843656,-1.2,0.0,-0.9192533317427645,-0.771345131623858,0.0,0.0,,
113.2,4.261056304004874,0.00041865202204292504,8.74738524729891,-0.01019494207683955,-0.011412404128617501,0.015844084221234036,18.259999999999504,0.6981317007977437,1819.7890820823,1240.181275933995,-1.2,0.0,-0.9192533317427645,-0.771345131623858,0.0,0.0,,
113.30000000000001,4.481297454149295,0.07615189779962661,8.95113384823918,-0.011201250094250676,-0.013924864128468563,-0.018567289617160657,18.139999999999503,0.6981317007977437,1821.1740904354592,1241.3434359323082,-1.2,0.0,-0.9192533317427645,-0.771345131623858,0.0,0.0,,
113.4,4.726638305705584,0.25509429759169694,8.772085388048172,0.010256283847115725,0.007050860601978649,0.005918004785646664,18.019999999999502,0.6981317007977437,1822.549906255301,1242.4978824793052,-1.2,0.0,-0.9192533317427645,-0.771345131623858,0.0,0.0,,
113.5,4.596904342785552,0.15487935871702438,8.768388596016633,-0.0017397780320231294,0.013744062105234132,-0.000737933152284152,17.8999999999995,0.6981317007977437,1823.9165295418254,1243.644615574986,-1.2,0.0,-0.9192533317427645,-0.771345131623858,0.0,0.0,,
113.60000000000001,4.598607542867963,0.04907000590268509,8.764013356992225,-0.01179963403606019,0.004088325882328833,0.008224470982574533,17.7799999999995,0.6981317007977437,1825.2739602950323,1244.7836352193503,-1.2,0.0,-0.9192533317427645,-0.771345131623858,0.0,0.0,,
113.7,4.453732814672388,-0.0679841595871231,8.828999303260861,0.005308389384148873,0.007263604603104016,0.00020833309454946006,17.6599999999995,0.6981317007977437,1826.6221985149218,1245.9149414123985,-1.2,0.0,-0.9192533317427645,-0.771345131623858,0.0,0.0,,
113.80000000000001,4.542702950916939,-0.1914396178920821,8.842568745138356,-0.010807241869780672,0.010740350747251907,-0.020734520400896246,17.539999999999498,0.6981317007977437,1827.9612442014939,1247.0385341541305,-1.2,0.0,-0.9192533317427645,-0.771345131623858,0.0,0.0,,
113.9,4.231724440804627,0.21285877575689063,8.736040951335818,-0.012964434608740739,0.02292989810080362,-0.004473174796559806,17.419999999999497,0.6981317007977437,1829.2910973547484,1248.1544134445462,-1.2,0.0,-0.9192533317427645,-0.771345131623858,0.0,0.0,,
114.0,4.422180022135497,-0.075554178643514,8.71473910955882,0.00761902827005165,0.021488881953070714,0.002562512677163554,17.299999999999496,0.6981317007977437,1830.6117579746856,1249.262579283646,-1.2,0.0,-0.9192533317427645,-0.771345131623858,0.0,0.0,1831.0243820545948,1243.6977481174379
114.10000000000001,4.363452982851797,0.1622922387396995,8.799447003404769,-0.022763317068140686,-0.01893321207705052,0.005926815922782233,17.179999999999495,0.6981317007977437,1831.9232260613053,1250.3630316714293,-1.2,0.0,-0.9192533317427645,-0.771345131623858,0.0,0.0,,
114.2,4.474823340196879,0.11942579607734997,8.601499168745173,-0.008884806829840513,-0.00036421795486378647,0.0026704198502770686,17.059999999999494,0.6981317007977437,1833.2255016146075,1251.4557706078965,-1.2,0.0,-0.9192533317427645,-0.771345131623858,0.0,0.0,,
114.30000000000001,4.59624520964328,0.08770296132630048,8.855552276575805,0.008219027695256667,0.01500494788136539,0.007947142136279063,16.939999999999493,0.6981317007977437,1834.5185846345923,1252.5407960930474,-1.2,0.0,-0.9192533317427645,-0.771345131623858,0.0,0.0,,
114.4,4.5591946346500345,-0.06339098987411358,8.79569071373354,0.014391262372176727,0.008372358495560641,0.009963621565258391,16.819999999999492,0.6981317007977437,1835.8024751212597,1253.6181081268821,-1.2,0.0,-0.9192533317427645,-0.771345131623858,0.0,0.0,,
114.5,4.39023799556785,0.044156142187664504,8.683674746986696,-0.0015572546588962304,0.013390626716138053,0.01874803438887763,16.69999999999949,0.6981317007977437,1837.0771730746098,1254.6877067094006,-1.2,0.0,-0.9192533317427645,-0.771345131623858,0.0,0.0,,
114.60000000000001,4.534897940113681,-0.04152300334480876,8.877919999636454,-0.004366164668583078,0.007787268261317235,0.00010166901031621097,16.57999999999949,0.6981317007977437,1838.3426784946425,1255.7495918406028,-1.2,0.0,-0.9192533317427645,-0.771345131623858,0.0,0.0,,
114.7,4.361975546478518,-0.13963626055390196,9.041421420924761,-0.0015194351237479864,0.007991463140908657,0.0017910273048631579,16.45999999999949,0.6981317007977437,1839.5989913813578,1256.8037635204887,-1.2,0.0,-0.9192533317427645,-0.771345131623858,0.0,0.0,,
114.80000000000001,4.519669863957701,0.1916510353981708,8.8443166701984,-0.0062234156107000786,-0.010155900879044949,0.026677043318774997,16.33999999999949,0.6981317007977437,1840.8461117347556,1257.8502217490584,-1.2,0.0,-0.9192533317427645,-0.771345131623858,0.0,0.0,,
114.9,4.401452179870127,-0.04780718665562768,8.851899491429466,-0.004694953084491619,0.007379020128203857,0.008964536231703913,16.219999999999487,0.6981317007977437,1842.084039554836,1258.8889665263118,-1.2,0.0,-0.9192533317427645,-0.771345131623858,0.0,0.0,,
115.0,4.4364911106393325,-0.1148109300606506,8.857349071829397,-0.014974066409554279,-0.00614148067167455,0.007166794410359842,16.099999999999486,0.6981317007977437,1843.3127748415989,1259.919997852249,-1.2,0.0,-0.9192533317427645,-0.771345131623858,0.0,0.0,1838.9764020937803,1255.9487044335003
115.10000000000001,4.300864610522425,-0.04837117519036013,8.944192372387015,-0.006004205586726284,0.005514155554448903,-0.0017907746502651666,15.979999999999487,0.6981317007977437,1844.5323175950443,1260.94331572687,-1.2,0.0,-0.9192533317427645,-0.771345131623858,0.0,0.0,,
115.2,4.649678411991452,-0.02207674980558831,8.974982000648604,0.006345323557320561,0.00395628800102713,0.0018447864470823843,15.859999999999488,0.6981317007977437,1845.7426678151724,1261.9589201501747,-1.2,0.0,-0.9192533317427645,-0.771345131623858,0.0,0.0,,
115.30000000000001,4.600212359146822,0.20027706997144898,8.854648775357884,-0.0031982545184802563,-0.010346486113147361,0.011982907110720593,15.739999999999489,0.6981317007977437,1846.943825501983,1262.966811122163,-1.2,0.0,-0.9192533317427645,-0.771345131623858,0.0,0.0,,
115.4,4.516593947731273,-0.11446960228946565,8.711100768444567,-0.014095298260494653,0.00407733586310069,0.00973135969085362,15.61999999999949,0.6981317007977437,1848.135790655476,1263.9669886428353,-1.2,0.0,-0.9192533317427645,-0.771345131623858,0.0,0.0,,
115.5,4.315983917232172,0.0731191356178354,8.810968486571488,-0.006660104400367318,-0.00024836179332028067,0.00670135667408213,15.49999999999949,0.6981317007977437,1849.3185632756517,1264.9594527121913,-1.2,0.0,-0.9192533317427645,-0.771345131623858,0.0,0.0,,
115.60000000000001,4.399099431270526,-0.10180662992230842,9.092457908789047,-0.0066124624770832995,-0.004690988678495048,0.01877275144707847,15.379999999999491,0.6981317007977437,1850.49214336251,1265.944203330231,-1.2,0.0,-0.9192533317427645,-0.771345131623858,0.0,0.0,,
115.7,4.248605614360271,0.1567857158301937,8.824215401016481,0.007451685034802721,-0.013514694826252081,-0.006236329063208644,15.259999999999492,0.6981317007977437,1851.6565309160508,1266.9212404969544,-1.2,0.0,-0.9192533317427645,-0.771345131623858,0.0,0.0,,
115.80000000000001,4.509762311734348,-0.10304506671548937,8.643908992510383,0.015616603381822127,0.014512453139917367,0.009950475969784767,15.139999999999493,0.6981317007977437,1852.8117259362743,1267.8905642123616,-1.2,0.0,-0.9192533317427645,-0.771345131623858,0.0,0.0,,
115.9,4.569616624617828,-0.06671148793774118,9.018736484023067,-0.002150483550904831,0.0040406285601164976,0.01718582420386468,15.019999999999493,0.6981317007977437,1853.9577284231805,1268.8521744764525,-1.2,0.0,-0.9192533317427645,-0.771345131623858,0.0,0.0,,
116.0,4.469399240129308,-0.006423225441721234,8.8229714477282,0.0022338575656423282,0.002868137455757997,0.010716393027461763,14.899999999999494,0.6981317007977437,1855.0945383767692,1269.8060712892272,-1.2,0.0,-0.9192533317427645,-0.771345131623858,0.0,0.0,1855.4334517811972,1267.262916410878
116.10000000000001,4.193307090060961,-0.12902915777522894,8.869861498166227,-0.005081249430393623,0.0004755906502324154,0.004065142329328577,14.779999999999495,0.6981317007977437,1856.2221557970404,1270.7522546506857,-1.2,0.0,-0.9192533317427645,-0.771345131623858,0.0,0.0,,
116.2,4.355963808150963,0.0324458115469102,8.897651868109241,-0.013813550710583013,-0.004058581460099969,0.011777002451931626,14.659999999999496,0.6981317007977437,1857.3405806839942,1271.6907245608281,-1.2,0.0,-0.9192533317427645,-0.771345131623858,0.0,0.0,,
116.30000000000001,4.313100253326792,-0.1860284069499905,8.966213924601933,0.005759480677997178,-0.015458536460625028,0.011101678529814918,14.539999999999496,0.6981317007977437,1858.4498130376305,1272.6214810196543,-1.2,0.0,-0.9192533317427645,-0.771345131623858,0.0,0.0,,
116.4,4.49712526791627,-0.029541327385200357,8.74962292467186,-0.007392412939580657,0.0076413337184994545,0.007979991825009696,14.419999999999497,0.6981317007977437,1859.5498528579494,1273.5445240271642,-1.2,0.0,-0.9192533317427645,-0.771345131623858,0.0,0.0,,
116.5,4.354384121951917,0.01592631533134037,8.798521019540832,0.001813020591317845,0.005495687606065224,0.005828284355119355,14.299999999999498,0.6981317007977437,1860.6407001449509,1274.459853583358,-1.2,0.0,-0.9192533317427645,-0.771345131623858,0.0,0.0,,
116.60000000000001,4.329495769386786,-0.2786018368525291,8.755374569632641,0.012949145710342884,-0.005760065860969612,0.001897446423286213,14.179999999999499,0.6981317007977437,1861.7223548986349,1275.3674696882354,-1.2,0.0,-0.9192533317427645,-0.771345131623858,0.0,0.0,,
116.7,4.1544948866225155,-0.16524162764292602,8.599731654300788,0.01491693868578257,-0.010509304960821706,-0.00878266317275613,14.0599999999995,0.6981317007977437,1862.7948171190014,1276.2673723417965,-1.2,0.0,-0.9192533317427645,-0.771345131623858,0.0,0.0,,
116.80000000000001,4.35957209891302,0.05239017426828907,8.822168930818087,0.005082892996416703,-0.009842152331030496,0.014462917144203058,13.9399999999995,0.6981317007977437,1863.8580868060506,1277.1595615440415,-1.2,0.0,-0.9192533317427645,-0.771345131623858,0.0,0.0,,
116.9,4.485652825808297,0.053614431492167214,8.859021820588614,-0.013322922143647864,0.008822625471276734,0.005439953887870119,13.819999999999501,0.6981317007977437,1864.9121639597822,1278.0440372949702,-1.2,0.0,-0.9192533317427645,-0.771345131623858,0.0,0.0,,
117.0,4.472323626022049,-0.2545883915496256,8.802675490724301,-0.011995148310499004,-0.007040722947416536,0.01198168470183051,13.699999999999502,0.6981317007977437,1865.9570485801967,1278.9207995945826,-1.2,0.0,-0.9192533317427645,-0.771345131623858,0.0,0.0,1875.086975097351,1278.8079933971646
117.10000000000001,4.57149551096941,-0.04453847783348173,8.815894849230359,0.010813569583048629,-0.002123354899991699,0.011675842126427043,13.579999999999503,0.6981317007977437,1866.9927406672937,1279.7898484428788,-1.2,0.0,-0.9192533317427645,-0.771345131623858,0.0,0.0,,
117.2,4.2737110748347416,0.025692085712814266,8.958517574114907,-0.010235821887436516,0.019246599221348668,-0.010062590471215967,13.459999999999503,0.6981317007977437,1868.0192402210732,1280.6511838398587,-1.2,0.0,-0.9192533317427645,-0.771345131623858,0.0,0.0,,
117.30000000000001,4.216809477797496,-0.13622045539530458,8.74366667707003,-0.0036549354662206686,0.001988545664040546,0.027186542040744305,13.339999999999504,0.6981317007977437,1869.0365472415353,1281.5048057855224,-1.2,0.0,-0.9192533317427645,-0.771345131623858,0.0,0.0,,
117.4,4.4844535075120975,-0.08967299164053182,8.592882045043808,-0.010523447081850934,-0.012641836841478642,0.0013349969439687328,13.219999999999505,0.6981317007977437,1870.04466172868,1282.3507142798699,-1.2,0.0,-0.9192533317427645,-0.771345131623858,0.0,0.0,,
117.5,4.463819677418077,-0.14947349211940747,8.909914943494806,-0.004278134571802214,0.0027325284401712477,0.0010134479278249252,13.099999999999506,0.6981317007977437,1871.0435836825072,1283.188909322901,-1.2,0.0,-0.9192533317427645,-0.771345131623858,0.0,0.0,,
117.60000000000001,4.229048685624076,0.0846344297593132,8.663322607463849,0.012957289489555,0.005668315812870218,0.013342417888130408,12.979999999999507,0.6981317007977437,1872.033313103017,1284.019390914616,-1.2,0.0,-0.9192533317427645,-0.771345131623858,0.0,0.0,,
117.7,4.333384900789686,0.09296737978149373,8.868239388559719,0.0014334776533900825,0.004378968239909481,-0.005949811914619846,12.859999999999507,0.6981317007977437,1873.0138499902093,1284.8421590550147,-1.2,0.0,-0.9192533317427645,-0.771345131623858,0.0,0.0,,
117.80000000000001,4.713283908144607,0.09440799434631128,8.814438608085933,3.980475807586877e-05,-0.012701041889372114,0.009905137785937226,12.739999999999508,0.6981317007977437,1873.9851943440842,1285.6572137440971,-1.2,0.0,-0.9192533317427645,-0.771345131623858,0.0,0.0,,
117.9,4.313052754637095,0.045003235002405786,8.917207177526867,0.00036172472255482485,-0.006495926396266874,0.005017971899947797,12.619999999999509,0.6981317007977437,1874.9473461646417,1286.4645549818633,-1.2,0.0,-0.9192533317427645,-0.771345131623858,0.0,0.0,,
118.0,4.37959857323559,-0.013332060603924006,8.965311122190792,0.00043567763963910767,-0.003396749783579313,0.0027326544782937563,12.49999999999951,0.6981317007977437,1875.9003054518816,1287.2641827683133,-1.2,0.0,-0.9192533317427645,-0.771345131623858,0.0,0.0,1874.2588909793567,1283.516837435951
118.10000000000001,4.564316096035132,-0.04973822248989836,8.785038976561601,-0.004992501840328284,0.005993961288355974,-0.006593231337667465,12.37999999999951,0.6981317007977437,1876.8440722058042,1288.056097103447,-1.2,0.0,-0.9192533317427645,-0.771345131623858,0.0,0.0,,
118.2,4.306344213094834,-0.19499292663170711,8.839133866928291,0.008955390055228196,0.0012871630849341333,0.015942525918312585,12.259999999999511,0.6981317007977437,1877.7786464264093,1288.8402979872644,-1.2,0.0,-0.9192533317427645,-0.771345131623858,0.0,0.0,,
118.30000000000001,4.494494588420095,0.06365493453848192,8.813010378813724,0.01720702829569177,-0.008579175531844082,0.004089869129021354,12.139999999999512,0.6981317007977437,1878.7040281136972,1289.6167854197658,-1.2,0.0,-0.9192533317427645,-0.771345131623858,0.0,0.0,,
118.4,4.453448184775129,0.1361809696160923,8.574473449141303,0.007364955855126958,0.006023776284771301,-0.005107950383165801,12.019999999999513,0.6981317007977437,1879.6202172676676,1290.385559400951,-1.2,0.0,-0.9192533317427645,-0.771345131623858,0.0,0.0,,
118.5,4.307488624947543,0.07515332324663457,8.741658152305254,-0.014948320746196838,0.009410495559293663,-0.009425725286107378,11.899999999999514,0.6981317007977437,1880.5272138883206,1291.14661993082,-1.2,0.0,-0.9192533317427645,-0.771345131623858,0.0,0.0,,
118.60000000000001,4.6038612517466495,-0.29633832684561695,8.881300967331152,0.004454799577226925,0.005797637011486742,0.010868012801401967,11.779999999999514,0.6981317007977437,1881.4250179756561,1291.8999670093726,-1.2,0.0,-0.9192533317427645,-0.771345131623858,0.0,0.0,,
118.7,4.407233274540179,0.18346889423107668,8.83365129856174,0.02851605181036536,-0.00247824830009632,0.0027438221670342614,11.659999999999515,0.6981317007977437,1882.3136295296742,1292.645600636609,-1.2,0.0,-0.9192533317427645,-0.771345131623858,0.0,0.0,,
118.80000000000001,4.639176105131174,-0.08155680681786617,8.974264638481422,-0.016945761688151713,0.00010605434219630529,0.005030987940690032,11.539999999999516,0.6981317007977437,1883.193048550375,1293.3835208125292,-1.2,0.0,-0.9192533317427645,-0.771345131623858,0.0,0.0,,
118.9,4.433446361094348,0.22194227743616698,8.855509208878535,-0.005298626330684429,0.005981443810003519,0.03077392475570618,11.419999999999517,0.6981317007977437,1884.063275037758,1294.1137275371332,-1.2,0.0,-0.9192533317427645,-0.771345131623858,0.0,0.0,,
119.0,4.356599249283764,0.23115075639962732,8.816025183460393,-0.0034759223299224247,0.025747656477473204,-0.0024369314147699613,11.299999999999518,0.6981317007977437,1884.9243089918239,1294.8362208104209,-1.2,0.0,-0.9192533317427645,-0.771345131623858,0.0,0.0,1883.5311447360762,1292.0409482747484
119.10000000000001,4.2662884546106135,0.16623853041199482,9.002102138662638,-0.014740264816820692,-0.022536292167474863,-0.006608223897089836,11.179999999999518,0.6981317007977437,1885.7761504125722,1295.5510006323923,-1.2,0.0,-0.9192533317427645,-0.771345131623858,0.0,0.0,,
119.2,4.582704873978366,0.0029246865048250525,8.592923524563583,0.008938660068970242,0.012243396868217932,0.014378922314148572,11.059999999999519,0.6981317007977437,1886.618799300003,1296.2580670030475,-1.2,0.0,-0.9192533317427645,-0.771345131623858,0.0,0.0,,
119.30000000000001,4.397370632562442,0.10019561496409488,8.977812220251232,0.0034474499091437932,0.0032249211579186907,0.01858152654482664,10.93999999999952,0.6981317007977437,1887.4522556541165,1296.9574199223864,-1.2,0.0,-0.9192533317427645,-0.771345131623858,0.0,0.0,,
119.4,4.080898847568386,-0.1427869117494329,8.517001230125683,0.005143662943759172,0.011008820322732408,0.010155672231759087,10.81999999999952,0.6981317007977437,1888.2765194749124,1297.649059390409,-1.2,0.0,-0.9192533317427645,-0.771345131623858,0.0,0.0,,
119.5,4.742214078746782,0.02656290330370881,8.465440401478093,0.011668940336670756,0.003915441091235982,-0.01029876777507671,10.699999999999521,0.6981317007977437,1889.0915907623912,1298.3329854071155,-1.2,0.0,-0.9192533317427645,-0.771345131623858,0.0,0.0,,
119.60000000000001,4.356979061496881,-0.07768143291223802,8.778564406007295,-0.012899000608797355,-0.001675238607471993,0.008658234572294322,10.579999999999522,0.6981317007977437,1889.8974695165525,1299.0091979725057,-1.2,0.0,-0.9192533317427645,-0.771345131623858,0.0,0.0,,
119.7,4.63247173799616,0.05134911886101848,8.84517964206714,-0.00021000352050395765,-0.004166040878418796,0.021595530717211493,10.459999999999523,0.6981317007977437,1890.6941557373964,1299.6776970865797,-1.2,0.0,-0.9192533317427645,-0.771345131623858,0.0,0.0,,
119.80000000000001,4.483540146262919,-0.08137732211355565,8.664282928560537,-0.0008343740127224583,0.012506644855789215,0.00578392785219911,10.339999999999524,0.6981317007977437,1891.4816494249228,1300.3384827493373,-1.2,0.0,-0.9192533317427645,-0.771345131623858,0.0,0.0,,
119.9,4.432571907188844,0.14362035658331587,9.041141117548758,0.0253058484813492,-0.022346102633863992,-1.507320294995805e-05,10.219999999999525,0.6981317007977437,1892.2599505791318,1300.9915549607788,-1.2,0.0,-0.9192533317427645,-0.771345131623858,0.0,0.0,,
120.0,4.377658984034002,0.18147275802454108,9.008965240945875,0.008859382300805603,-0.004536367673192801,0.0009794558908461561,10.099999999999525,0.6981317007977437,1893.0290592000233,1301.636913720904,-1.2,0.0,-0.9192533317427645,-0.771345131623858,0.0,0.0,1889.635328419441,1309.4127262416098
