time,accel_x,accel_y,accel_z,gyro_x,gyro_y,gyro_z,true_speed,true_heading,true_x,true_y,true_accel_x_vehicle,true_accel_y_vehicle,true_accel_x_world,true_accel_y_world,true_accel_z_world,true_yaw_rate,gnss_x,gnss_y
0.0,5.691490346413979,0.053262413952238435,8.147806299527236,0.006173633108443128,-0.007246592565543474,0.009578777225135966,0.0,0.0,0.0,0.0,1.2,0.0,1.2,0.0,0.0,0.0,-0.501830028741882,5.117105816568151
0.1,6.017453805922045,-0.06891014322763908,7.996065387239783,0.01049893278640088,0.0051575387685635155,-0.008326615792928819,0.12,0.0,0.018000000000000002,0.0,1.2,0.0,1.2,0.0,0.0,0.0,,
0.2,5.772861491253624,-0.27173690601310635,7.992059383625643,-0.0092241340441093,-0.013135768714690117,0.005468135760581035,0.24,0.0,0.048,0.0,1.2,0.0,1.2,0.0,0.0,0.0,,
0.30000000000000004,5.980851387411285,0.21717028795845916,8.093913110180946,-0.0008689516622211586,0.010708606470202185,-0.006858547040198539,0.36,0.0,0.09,0.0,1.2,0.0,1.2,0.0,0.0,0.0,,
0.4,5.7645039191905205,-0.0226172766482701,7.844848107857723,-0.006977087484087457,0.0053693652534793765,-0.01573635713887279,0.48,0.0,0.14400000000000002,0.0,1.2,0.0,1.2,0.0,0.0,0.0,,
0.5,5.90615141341163,-0.1517217435243452,8.060057173240942,-0.006566920907399289,0.02064575546746916,0.000503379762095869,0.6,0.0,0.21000000000000002,0.0,1.2,0.0,1.2,0.0,0.0,0.0,,
0.6000000000000001,6.063636520344737,0.20359651407277007,8.011428146583805,-0.018496231470171074,-0.005304618900348145,-0.0017244896978069304,0.72,0.0,0.28800000000000003,0.0,1.2,0.0,1.2,0.0,0.0,0.0,,
0.7000000000000001,6.116523483451747,0.07475579554360974,7.949527432468271,0.01058750843529813,0.008774355316348827,0.020717113781939706,0.84,0.0,0.37800000000000006,0.0,1.2,0.0,1.2,0.0,0.0,0.0,,
0.8,5.902115902358853,-0.005277242691401427,7.962988217636897,-0.005261805096051957,0.004744807691975737,0.009883997582438825,0.96,0.0,0.4800000000000001,0.0,1.2,0.0,1.2,0.0,0.0,0.0,,
0.9,5.996260119124212,0.13009593440249925,7.963780029223125,0.001487233601965484,-0.00811162550488747,0.02356542404646553,1.08,0.0,0.5940000000000001,0.0,1.2,0.0,1.2,0.0,0.0,0.0,,
1.0,6.039074801823932,0.2598089201999943,7.7674378265991,0.0002600030025051411,-0.0025220439807805317,0.005028604916660975,1.2000000000000002,0.0,0.7200000000000001,0.0,1.2,0.0,1.2,0.0,0.0,0.0,3.8788953088339384,-3.6641845948163145
1.1,5.8531703965455835,-0.11898543480257177,7.97719556704114,0.01673234106854279,0.009140601475677529,0.010814776655200435,1.3200000000000003,0.0,0.8580000000000001,0.0,1.2,0.0,1.2,0.0,0.0,0.0,,
1.2000000000000002,5.931916416971621,0.11188462825494588,7.883625731406982,0.0038778295515182223,0.010412410971773405,0.007167451429030957,1.4400000000000004,0.0,1.0080000000000002,0.0,1.2,0.0,1.2,0.0,0.0,0.0,,
1.3,5.77549118817898,-0.024706252794850437,8.18083621468928,0.006064905322528067,-0.006219733379272621,-0.0016303762752541895,1.5600000000000005,0.0,1.1700000000000004,0.0,1.2,0.0,1.2,0.0,0.0,0.0,,
1.4000000000000001,6.051611287318581,-0.11108373277514604,8.179705448199176,0.010202906015037197,-0.012646050727484799,0.014887986844937272,1.6800000000000006,0.0,1.3440000000000005,0.0,1.2,0.0,1.2,0.0,0.0,0.0,,
1.5,6.028920919045404,0.2729118929808959,8.045027616226339,-0.0017387015874357787,-0.004587821710894501,0.012732799497813588,1.8000000000000007,0.0,1.5300000000000007,0.0,1.2,0.0,1.2,0.0,0.0,0.0,,
1.6,6.023121091903065,0.21359495463973915,7.936863076139861,-0.002084285658508086,-0.0011875501994552927,0.010283693686869072,1.9200000000000008,0.0,1.7280000000000009,0.0,1.2,0.0,1.2,0.0,0.0,0.0,,
1.7000000000000002,5.800936813978806,-0.008411992445962375,7.821546208515271,0.005345929951322746,-0.00603194859571643,0.008918005599963186,2.040000000000001,0.0,1.938000000000001,0.0,1.2,0.0,1.2,0.0,0.0,0.0,,
1.8,5.754422030902545,0.19869063522916205,8.154410499110973,0.008735174060946685,-0.008197489829436947,0.002115891927563657,2.160000000000001,0.0,2.160000000000001,0.0,1.2,0.0,1.2,0.0,0.0,0.0,,
1.9000000000000001,5.603842737193293,-0.07895406318903626,7.95244935351361,0.0024741173440155297,0.007645815058905458,0.026472113181308526,2.280000000000001,0.0,2.394000000000001,0.0,1.2,0.0,1.2,0.0,0.0,0.0,,
2.0,5.904892584825546,0.14849727495564818,8.023763769625559,0.003104390692836635,0.008841991532283947,0.019584650807934385,2.4000000000000012,0.0,2.640000000000001,0.0,1.2,0.0,1.2,0.0,0.0,0.0,4.894717200258695,0.06428615091985673
2.1,5.716199725704926,0.01328120589341114,8.19469431396608,-0.01059727230205238,-0.017862318826580348,0.0048100231139019956,2.5200000000000014,0.0,2.898000000000001,0.0,1.2,0.0,1.2,0.0,0.0,0.0,,
2.2,5.869158462008902,-0.16715268841864275,8.103420063437222,-0.010456717184680067,-0.0031406078570242737,0.0064723559423640244,2.6400000000000015,0.0,3.168000000000001,0.0,1.2,0.0,1.2,0.0,0.0,0.0,,
2.3000000000000003,5.917407344284476,0.2438931927379958,8.023759999466668,0.004003744552415465,-0.0031691435858340867,0.010031257597572786,2.7600000000000016,0.0,3.450000000000001,0.0,1.2,0.0,1.2,0.0,0.0,0.0,,
2.4000000000000004,5.941924641363332,0.012175770170386698,7.856162730478148,0.0045911471012017495,-0.010223077683708217,-0.017640188034150472,2.8800000000000017,0.0,3.744000000000001,0.0,1.2,0.0,1.2,0.0,0.0,0.0,,
2.5,5.783230247746994,0.03406817935444373,7.8334695102672605,-0.005840779741093633,-0.0005811566256432044,0.008903728722281672,3.0000000000000018,0.0,4.050000000000002,0.0,1.2,0.0,1.2,0.0,0.0,0.0,,
2.6,5.893374019305452,0.16843803942736188,7.8759514330342535,-0.02070995232250866,-0.008080254601640875,-0.005125616406657427,3.120000000000002,0.0,4.368000000000002,0.0,1.2,0.0,1.2,0.0,0.0,0.0,,
2.7,5.90965735335372,-0.032939097999179504,7.952238036224883,0.0028646237122521324,0.0014709406013275106,0.0024438132937320343,3.240000000000002,0.0,4.698000000000002,0.0,1.2,0.0,1.2,0.0,0.0,0.0,,
2.8000000000000003,6.101397894336509,-0.0731079230186216,7.801326680631706,-0.005989834705446486,0.001952347872299248,0.002224075116546946,3.360000000000002,0.0,5.040000000000003,0.0,1.2,0.0,1.2,0.0,0.0,0.0,,
2.9000000000000004,5.869225502901927,0.04584229728729941,8.025404995760999,-0.013817596561478893,-0.006958087008316699,-0.012252383454544928,3.480000000000002,0.0,5.394000000000003,0.0,1.2,0.0,1.2,0.0,0.0,0.0,,
3.0,5.556256230466509,0.2821546342073939,7.960702699042588,-0.0010519091387234598,0.022579872591216788,0.001610768968335282,3.6000000000000023,0.0,5.760000000000003,0.0,1.2,0.0,1.2,0.0,0.0,0.0,7.444422460430236,1.3492223034775903
3.1,6.0453790428133845,-0.0676120107411706,8.012103119137594,-0.008181762459846665,-0.001614975474140149,-0.008007794310945154,3.7200000000000024,0.0,6.1380000000000035,0.0,1.2,0.0,1.2,0.0,0.0,0.0,,
3.2,5.9114806545059775,0.21969459046014048,7.89574959920178,0.008278872962897733,-0.00796222374910699,-8.031616399217616e-05,3.8400000000000025,0.0,6.528000000000004,0.0,1.2,0.0,1.2,0.0,0.0,0.0,,
3.3000000000000003,5.873380707768666,-0.07708290143421696,8.038166104536094,-0.0021850375131710416,-0.01471787661029274,0.0008103881717176015,3.9600000000000026,0.0,6.930000000000004,0.0,1.2,0.0,1.2,0.0,0.0,0.0,,
3.4000000000000004,5.687349498682832,-0.0786265676175246,8.130016949257577,0.006365242880473219,0.0019456325016391177,0.014632288539715429,4.080000000000003,0.0,7.344000000000005,0.0,1.2,0.0,1.2,0.0,0.0,0.0,,
3.5,5.849634542560675,0.16560062213053411,8.096015827665651,0.0019434041001998668,-0.002962788831192414,0.0048822315955171424,4.200000000000003,0.0,7.770000000000005,0.0,1.2,0.0,1.2,0.0,0.0,0.0,,
3.6,5.920049303479214,-0.0016546131282525502,8.184313661305199,0.00737035983200369,-0.012825770403287121,0.017911056771716692,4.320000000000003,0.0,8.208000000000006,0.0,1.2,0.0,1.2,0.0,0.0,0.0,,
3.7,5.573338914426017,0.3371819129850882,7.655299355107545,-0.011957882308935092,0.0026029083871458325,-0.0007106623255612758,4.440000000000003,0.0,8.658000000000007,0.0,1.2,0.0,1.2,0.0,0.0,0.0,,
3.8000000000000003,5.869642787419096,-0.06783120527874639,7.88759310454605,0.009044012457446503,-0.001686369531200565,0.012287193594273955,4.560000000000003,0.0,9.120000000000006,0.0,1.2,0.0,1.2,0.0,0.0,0.0,,
3.9000000000000004,5.682518328052643,-0.04390619897311124,8.27368101674732,-0.00592631525349087,-0.01081456899915348,6.56741734987613e-05,4.680000000000003,0.0,9.594000000000007,0.0,1.2,0.0,1.2,0.0,0.0,0.0,,
4.0,5.900681969664834,0.03283645815375009,8.023614961496868,-0.0031754894893989737,-0.00264432447354732,-0.015348957201422386,4.800000000000003,0.0,10.080000000000007,0.0,1.2,0.0,1.2,0.0,0.0,0.0,9.541026658025142,0.30516293339617934
4.1000000000000005,5.859819964502542,0.24103669690202864,8.008708833583578,-0.0012659898043255945,-0.0053555518666219175,-0.003764578929626893,4.9200000000000035,0.0,10.578000000000008,0.0,1.2,0.0,1.2,0.0,0.0,0.0,,
4.2,5.911398747225045,0.1524614534281386,7.909171209184081,0.011218128249757708,-0.011349553479452308,-0.0027498208620668632,5.040000000000004,0.0,11.088000000000008,0.0,1.2,0.0,1.2,0.0,0.0,0.0,,
4.3,5.738494771322466,-0.005057678589631066,7.8777554587300616,-0.012212872434731048,0.0049444304903181815,0.020336751902747207,5.160000000000004,0.0,11.610000000000008,0.0,1.2,0.0,1.2,0.0,0.0,0.0,,
4.4,5.691353603607043,-0.1456121995854996,8.215443714887664,-0.00937498837919444,-0.006196930046919834,0.0016222839207368513,5.280000000000004,0.0,12.144000000000009,0.0,1.2,0.0,1.2,0.0,0.0,0.0,,
4.5,5.686827525409212,-0.013677730948923734,7.88306300239627,-0.0031194799893507937,-0.013658619007776814,-0.0014907897037334432,5.400000000000004,0.0,12.69000000000001,0.0,1.2,0.0,1.2,0.0,0.0,0.0,,
4.6000000000000005,5.852331459527496,0.017653208759439074,8.0259713756989,-0.009434205481413212,-0.00103206254721925,0.004365209171363498,5.520000000000004,0.0,13.24800000000001,0.0,1.2,0.0,1.2,0.0,0.0,0.0,,
4.7,6.10793445282606,0.018734672864958696,8.148259203188442,0.007136565477872406,0.0024318039942085074,-0.0014148764957777988,5.640000000000004,0.0,13.81800000000001,0.0,1.2,0.0,1.2,0.0,0.0,0.0,,
4.800000000000001,5.786868578658806,0.2811685279477256,8.231031019000284,0.00228197262137504,0.005344333893425399,-0.00676117011201281,5.760000000000004,0.0,14.400000000000011,0.0,1.2,0.0,1.2,0.0,0.0,0.0,,
4.9,6.01893783086774,0.18827160897805267,7.968967138203647,0.0030660870358922656,0.00031720475164180855,0.016186251697500303,5.880000000000004,0.0,14.994000000000012,0.0,1.2,0.0,1.2,0.0,0.0,0.0,,
5.0,5.880745182605767,0.07624753508856295,7.953975620179034,-0.002182086194873139,0.0013711790809205354,-0.009669042120346194,6.000000000000004,0.0,15.600000000000012,0.0,1.2,0.0,1.2,0.0,0.0,0.0,24.146385907612412,-7.565640664676134
5.1000000000000005,5.77594962234887,0.06828289262017281,7.7863678403245835,-0.002123900112004355,-0.006045555419541108,0.005462807457448307,6.1200000000000045,0.0,16.218000000000014,0.0,1.2,0.0,1.2,0.0,0.0,0.0,,
5.2,5.913438843542832,0.11535293674491831,8.026182964529134,-0.01397548752193178,-0.008016129920684113,0.0070442921277661845,6.240000000000005,0.0,16.848000000000013,0.0,1.2,0.0,1.2,0.0,0.0,0.0,,
5.300000000000001,5.693465108915827,0.10055950786296394,8.087752381803131,-0.006731245672012958,7.896906673445383e-05,0.007368026002906939,6.360000000000005,0.0,17.490000000000013,0.0,1.2,0.0,1.2,0.0,0.0,0.0,,
5.4,6.003722421865008,-0.007873198149450249,7.916510452297192,-0.002480829690168471,-0.007732303015011206,-0.0008586167437774576,6.480000000000005,0.0,18.144000000000013,0.0,1.2,0.0,1.2,0.0,0.0,0.0,,
5.5,5.942981142093001,0.18346282913453557,7.752274867563652,-0.0018549687502709983,-0.004764168233030282,0.01828547353881223,6.600000000000005,0.0,18.810000000000013,0.0,1.2,0.0,1.2,0.0,0.0,0.0,,
5.6000000000000005,6.022866573398457,0.18059229085989056,7.9044240154466,-0.006465954016905544,0.0018577929778068243,-0.0011713207062473696,6.720000000000005,0.0,19.488000000000014,0.0,1.2,0.0,1.2,0.0,0.0,0.0,,
5.7,5.822938460615964,0.03236145843467049,8.042248959316911,-0.009039540755028191,0.0008473638258589396,0.01419293749574628,6.840000000000005,0.0,20.178000000000015,0.0,1.2,0.0,1.2,0.0,0.0,0.0,,
5.800000000000001,5.661692065397354,0.09815113750545872,8.017447779169853,0.005330647239555833,-0.0012825941866604778,0.0062377319734310925,6.960000000000005,0.0,20.880000000000017,0.0,1.2,0.0,1.2,0.0,0.0,0.0,,
5.9,5.789876569660804,0.1411226542124939,7.911620298826995,-0.004353144381642161,-0.008510069552306836,0.022268860106315645,7.080000000000005,0.0,21.59400000000002,0.0,1.2,0.0,1.2,0.0,0.0,0.0,,
6.0,5.685850960673442,-0.12667730793724608,7.759501225416495,0.017754271699685426,0.005463901900635657,0.0029469689150462683,7.2000000000000055,0.0,22.32000000000002,0.0,1.2,0.0,1.2,0.0,0.0,0.0,25.905210733543285,2.5158955414715627
6.1000000000000005,5.759331008583278,0.15701483464018404,7.813347191376395,-0.005287666642154861,-0.007975463431087699,-0.004278831287096095,7.320000000000006,0.0,23.05800000000002,0.0,1.2,0.0,1.2,0.0,0.0,0.0,,
6.2,5.993966442536533,0.038085510728330586,7.96263549508926,0.011698140071754728,-0.015590501149772765,0.01740481849932195,7.440000000000006,0.0,23.80800000000002,0.0,1.2,0.0,1.2,0.0,0.0,0.0,,
6.300000000000001,5.461517100306742,-0.17329514542127242,7.980025367639158,0.007758879743832264,0.0068081428124565834,-0.0006253490115339889,7.560000000000006,0.0,24.57000000000002,0.0,1.2,0.0,1.2,0.0,0.0,0.0,,
6.4,5.772739667736973,0.06822760560010542,7.7856727624618856,0.0018635994678419907,0.0023359437847375653,0.0027046272339125376,7.680000000000006,0.0,25.344000000000023,0.0,1.2,0.0,1.2,0.0,0.0,0.0,,
6.5,5.990118604,-0.1236686819618001,7.681510222667167,-0.0026869252026411102,-0.009903313287946499,0.005721053245147691,7.800000000000006,0.0,26.130000000000024,0.0,1.2,0.0,1.2,0.0,0.0,0.0,,
6.6000000000000005,6.033705596345186,0.01267640296751212,7.9940133308964505,-0.01607962857996183,-0.0006777604256984356,0.008488787122538047,7.920000000000006,0.0,26.928000000000026,0.0,1.2,0.0,1.2,0.0,0.0,0.0,,
6.7,5.791798572937054,-0.027230421440729024,7.916495704041441,0.007224788203133214,0.01622725168848366,0.004849733153760051,8.040000000000006,0.0,27.738000000000028,0.0,1.2,0.0,1.2,0.0,0.0,0.0,,
6.800000000000001,6.130321103049549,0.1797909095781282,7.871494374972422,0.004175472530609861,-0.0017095908033562656,0.0007992333471649911,8.160000000000005,0.0,28.560000000000027,0.0,1.2,0.0,1.2,0.0,0.0,0.0,,
6.9,5.728268982940889,0.006951063308058713,8.285116319290724,0.0075528331534859584,-0.009223121776848349,-0.0058607794701592665,8.280000000000005,0.0,29.394000000000027,0.0,1.2,0.0,1.2,0.0,0.0,0.0,,
7.0,5.983671176696227,-0.05484799676320312,8.221599299818317,0.007018674421995092,-0.0003898266616814169,0.018413992354765835,8.400000000000004,0.0,30.240000000000027,0.0,1.2,0.0,1.2,0.0,0.0,0.0,25.284604299345617,-0.1933769926490854
7.1000000000000005,5.968842570322994,-0.0677921170385461,8.202311922239362,0.013683732702302828,-0.0028654378591692095,0.0053263663193862665,8.520000000000003,0.0,31.098000000000027,0.0,1.2,0.0,1.2,0.0,0.0,0.0,,
7.2,5.845305546348076,0.019820258664621716,8.024786260376587,0.002639732688914736,-0.008782614375094226,-0.019609890780739023,8.640000000000002,0.0,31.96800000000003,0.0,1.2,0.0,1.2,0.0,0.0,0.0,,
7.300000000000001,5.9017461971467355,-0.08599054520053197,8.030646160972069,0.010643590871387998,0.005563790964077001,-0.011416659953528363,8.760000000000002,0.0,32.85000000000003,0.0,1.2,0.0,1.2,0.0,0.0,0.0,,
7.4,5.800517059628465,0.13515278284515422,8.183951074867498,0.009435393947680192,0.004167393799561701,0.01689718094146584,8.88,0.0,33.74400000000003,0.0,1.2,0.0,1.2,0.0,0.0,0.0,,
7.5,5.853286297115719,-0.002824025024902581,7.862568875624214,0.017954234723067838,0.007096488087692308,0.013927102144684036,9.0,0.0,34.65000000000003,0.0,1.2,0.0,1.2,0.0,0.0,0.0,,
7.6000000000000005,5.889710482009571,-0.019153909657995998,7.7462177306742666,-0.008566802838399137,-0.005466261735705464,0.013226962797137524,9.12,0.0,35.568000000000026,0.0,1.2,0.0,1.2,0.0,0.0,0.0,,
7.7,5.706054128062178,0.16566319218223977,8.126657979927673,0.021929888320678975,0.012473539819471215,0.01248723831408321,9.239999999999998,0.0,36.498000000000026,0.0,1.2,0.0,1.2,0.0,0.0,0.0,,
7.800000000000001,5.93344986527212,0.20425066405201298,7.933086767201015,-0.0095725605719065,-0.0042678408047174595,0.0028219036563908537,9.359999999999998,0.0,37.440000000000026,0.0,1.2,0.0,1.2,0.0,0.0,0.0,,
7.9,6.070213318906639,0.09046433816573343,8.12712855260639,-0.008565199815709966,0.009364794338239436,0.009794539870380889,9.479999999999997,0.0,38.39400000000003,0.0,1.2,0.0,1.2,0.0,0.0,0.0,,
8.0,5.604717653152126,-0.08795835343145228,7.986318056379794,0.0032097174518215805,0.00164903704217459,0.01653978178477007,9.599999999999996,0.0,39.36000000000003,0.0,1.2,0.0,1.2,0.0,0.0,0.0,40.73153122052702,-1.8141063734935403
8.1,5.67258138608758,0.059481758421497596,7.961744549120058,-0.02466829543533036,0.004767264005236995,0.015521974858538866,9.719999999999995,0.0,40.33800000000003,0.0,1.2,0.0,1.2,0.0,0.0,0.0,,
8.200000000000001,5.956380275054702,0.0570947067767061,8.165325255030083,0.005999485444572785,0.011631657711383919,-0.005684385388214153,9.839999999999995,0.0,41.32800000000003,0.0,1.2,0.0,1.2,0.0,0.0,0.0,,
8.3,5.846866258269645,0.026945746700476985,7.752406105475296,0.004226050186897691,-0.0034123324560281026,0.006513915749159984,9.959999999999994,0.0,42.330000000000034,0.0,1.2,0.0,1.2,0.0,0.0,0.0,,
8.4,5.9964477823678255,0.08570466358277991,7.891066150531486,-0.01109591109965388,0.006094337687900013,-0.003654252157685345,10.079999999999993,0.0,43.34400000000004,0.0,1.2,0.0,1.2,0.0,0.0,0.0,,
8.5,5.8095760451707985,0.41751233192458037,8.08853567067866,0.016464409411928713,-0.005757539498606166,0.024854749390825878,10.199999999999992,0.0,44.37000000000003,0.0,1.2,0.0,1.2,0.0,0.0,0.0,,
8.6,6.013378090508731,0.09967181712072302,7.967122509855001,0.0014021183144952054,-0.010242087089765354,0.026503889460755773,10.319999999999991,0.0,45.40800000000003,0.0,1.2,0.0,1.2,0.0,0.0,0.0,,
8.700000000000001,6.098091384034784,-0.06623175561324907,7.818027413724264,-0.004568590015563033,-0.0013831870908435687,0.005535199913805492,10.43999999999999,0.0,46.45800000000003,0.0,1.2,0.0,1.2,0.0,0.0,0.0,,
8.8,5.759165479649553,0.08977996167144782,8.121995269906698,-0.014982617970766526,-0.014889064961077288,0.007652741151351789,10.55999999999999,0.0,47.520000000000024,0.0,1.2,0.0,1.2,0.0,0.0,0.0,,
8.9,5.449340454002529,-0.020200189682510843,8.073443363296738,-0.011656477201462736,0.015497344560517472,0.0043574810166415534,10.679999999999989,0.0,48.59400000000002,0.0,1.2,0.0,1.2,0.0,0.0,0.0,,
9.0,6.112599016461729,0.22094776360837343,8.027875711775117,0.010578108156009005,-0.0013071415744010872,0.02391329341569895,10.799999999999988,0.0,49.68000000000002,0.0,1.2,0.0,1.2,0.0,0.0,0.0,54.79405296641849,-0.6814020718394109
9.1,5.681032959839939,0.14979063446329918,7.924187575019412,0.006809959799861109,0.0010447096825664968,0.008972150065531604,10.919999999999987,0.0,50.77800000000002,0.0,1.2,0.0,1.2,0.0,0.0,0.0,,
9.200000000000001,5.845527902740674,0.06319450566269201,7.985412044912996,0.01296663891187868,-0.01019897662806671,0.0016544662530212921,11.039999999999987,0.0,51.88800000000002,0.0,1.2,0.0,1.2,0.0,0.0,0.0,,
9.3,5.573032862594005,-0.22291858222640118,7.767733509606532,0.005941229759637599,0.004428853915627138,0.007923507724674936,11.159999999999986,0.0,53.01000000000002,0.0,1.2,0.0,1.2,0.0,0.0,0.0,,
9.4,5.526973390589197,0.24365022274756815,7.805070480297655,-0.002965747768935121,0.0021437036746103748,-0.012189296492829203,11.279999999999985,0.0,54.14400000000002,0.0,1.2,0.0,1.2,0.0,0.0,0.0,,
9.5,6.009290451655343,0.043573600421100256,8.072919078102737,-0.020152482857459377,-0.022341853876170978,0.009147146965218865,11.399999999999984,0.0,55.29000000000002,0.0,1.2,0.0,1.2,0.0,0.0,0.0,,
9.600000000000001,5.7742244639141145,-0.04956840783205764,8.09832296426974,0.0011077681371515825,-0.020145373428443216,0.01035504228349705,11.519999999999984,0.0,56.44800000000002,0.0,1.2,0.0,1.2,0.0,0.0,0.0,,
9.700000000000001,5.71444903174586,0.10770528399003854,7.845719964738894,-0.007272040457541283,-0.019677433281471125,0.03153753631553874,11.639999999999983,0.0,57.61800000000002,0.0,1.2,0.0,1.2,0.0,0.0,0.0,,
9.8,5.948612362483285,-0.2220814273921545,8.058622330612206,-0.0013782694573280774,-0.00016903416391047304,0.01309822513934663,11.759999999999982,0.0,58.80000000000002,0.0,1.2,0.0,1.2,0.0,0.0,0.0,,
9.9,6.197927611928354,0.08586345981542125,8.120455318611333,-0.02634929852969173,0.01888535057149949,0.005877548737351019,11.879999999999981,0.0,59.994000000000014,0.0,1.2,0.0,1.2,0.0,0.0,0.0,,
10.0,5.641807791153884,0.009079531651451514,7.853280667025923,-0.005741652014095126,-0.024510429778568005,0.023056127147253688,11.99999999999998,0.0,61.20000000000001,0.0,1.2,0.0,1.2,0.0,0.0,0.0,65.20806316628033,4.8210574191822095
10.100000000000001,5.946657433575162,0.09837269859408873,8.013390519499707,0.017820146898670734,-0.011991330006427207,0.005431212653543029,12.11999999999998,0.0,62.418000000000006,0.0,1.2,0.0,1.2,0.0,0.0,0.0,,
10.200000000000001,5.9833904523908,0.20484503972582643,7.793375245825172,0.00116711263771878,-0.006799945016360439,-0.005915206028420129,12.239999999999979,0.0,63.648,0.0,1.2,0.0,1.2,0.0,0.0,0.0,,
10.3,5.810147188766446,0.09549299801837116,8.200393512317318,0.0027133682399900112,0.004004704686280953,-0.0026252034338961894,12.359999999999978,0.0,64.89,0.0,1.2,0.0,1.2,0.0,0.0,0.0,,
10.4,6.002375217134265,-0.049214334018525735,7.948203810667581,0.01084142743972093,0.003139681165981979,0.008682307931300846,12.479999999999977,0.0,66.144,0.0,1.2,0.0,1.2,0.0,0.0,0.0,,
10.5,5.866816741825836,-0.05845313452610826,7.745500140359967,-0.004899124183914028,-0.007676760784050028,-0.0037540535167851384,12.599999999999977,0.0,67.41,0.0,1.2,0.0,1.2,0.0,0.0,0.0,,
10.600000000000001,6.117257858420824,-0.053443884415278864,8.081025904123697,-0.007273122765715712,0.00934222063278511,-0.0007269524514664305,12.719999999999976,0.0,68.68799999999999,0.0,1.2,0.0,1.2,0.0,0.0,0.0,,
10.700000000000001,5.9136624006279135,0.1562549353924208,8.0519835369997,0.00041305846892112627,-0.013638551773083537,-0.012819455746122886,12.839999999999975,0.0,69.97799999999998,0.0,1.2,0.0,1.2,0.0,0.0,0.0,,
10.8,5.860870248082028,-0.19579213047016644,7.939294035188692,-0.02551075143139459,0.0017990582644429563,-0.008665554076939745,12.959999999999974,0.0,71.27999999999997,0.0,1.2,0.0,1.2,0.0,0.0,0.0,,
10.9,5.934540580925174,-0.07548004104614493,7.804755694568873,0.006339099464853477,0.007182064793412323,0.01500570980813819,13.079999999999973,0.0,72.59399999999997,0.0,1.2,0.0,1.2,0.0,0.0,0.0,,
11.0,5.6350352477854715,-0.06885627242416825,8.025090449814135,-0.0021937101169892644,0.008126756886250999,0.00674843137296852,13.199999999999973,0.0,73.91999999999996,0.0,1.2,0.0,1.2,0.0,0.0,0.0,69.66085001285633,2.9510587216877644
11.100000000000001,6.093716068660314,0.17415568401520704,8.355766863152223,-0.01197833637302742,0.0005349817533861819,0.00765947326489633,13.319999999999972,0.0,75.25799999999995,0.0,1.2,0.0,1.2,0.0,0.0,0.0,,
11.200000000000001,6.05949965474739,-0.02637472153596279,8.213276523409952,-0.0030952336140287833,0.0017741040940443716,0.0053942442171264395,13.439999999999971,0.0,76.60799999999995,0.0,1.2,0.0,1.2,0.0,0.0,0.0,,
11.3,6.183987004065324,0.2130111026814373,8.030442590375221,-0.004505084035247413,-0.00459918088356941,-0.002593023772784541,13.55999999999997,0.0,77.96999999999994,0.0,1.2,0.0,1.2,0.0,0.0,0.0,,
11.4,5.431733298523406,0.01907814258580987,8.00053819126899,0.008524349089970403,0.0008633815830640035,-0.0018576377684877288,13.67999999999997,0.0,79.34399999999994,0.0,1.2,0.0,1.2,0.0,0.0,0.0,,
11.5,5.865755718561908,0.16996676573927008,8.162503504077673,0.002052374694686953,-0.010287335714116101,-0.007788187451714224,13.799999999999969,0.0,80.72999999999993,0.0,1.2,0.0,1.2,0.0,0.0,0.0,,
11.600000000000001,5.909349508310486,0.020051229806453026,7.92668059624036,-0.005999792510044807,-0.011802630709479144,0.00853190987568026,13.919999999999968,0.0,82.12799999999993,0.0,1.2,0.0,1.2,0.0,0.0,0.0,,
11.700000000000001,5.73678317930265,0.1553143134667128,7.8941682459577525,0.009744968881100238,-0.012998525070916872,0.005674528297890168,14.039999999999967,0.0,83.53799999999993,0.0,1.2,0.0,1.2,0.0,0.0,0.0,,
11.8,5.806647177195527,0.1529736228388263,8.101907729814174,0.006900542018512895,8.022453552854377e-05,0.007889671448457307,14.159999999999966,0.0,84.95999999999992,0.0,1.2,0.0,1.2,0.0,0.0,0.0,,
11.9,5.914374137910066,-0.1179938998135311,7.963092825802677,0.002567183912454712,0.011496715852013542,-0.007034878379278522,14.279999999999966,0.0,86.39399999999992,0.0,1.2,0.0,1.2,0.0,0.0,0.0,,
12.0,5.98074364966236,-0.20377993830378993,8.04549784825409,0.007993251777498414,-0.029829836115565778,-0.0052674293317286945,14.399999999999965,0.0,87.83999999999992,0.0,1.2,0.0,1.2,0.0,0.0,0.0,87.83461876377596,-0.4636052357598403
12.100000000000001,5.909366179087796,-0.14235086991926432,7.8360819042951055,-0.006244426453791965,-8.111864626211208e-06,0.005951597717867119,14.519999999999964,0.0,89.29799999999992,0.0,1.2,0.0,1.2,0.0,0.0,0.0,,
12.200000000000001,5.848693606996131,-0.023497447579372683,8.394581527035044,-0.012768670065112332,-0.002480096362617267,-0.0010499501703667875,14.639999999999963,0.0,90.76799999999992,0.0,1.2,0.0,1.2,0.0,0.0,0.0,,
12.3,5.584327733966479,-0.05177083909856679,8.033196097449121,-0.014926595074588638,0.009252786939831148,0.008125727875112374,14.759999999999962,0.0,92.24999999999991,0.0,1.2,0.0,1.2,0.0,0.0,0.0,,
12.4,5.605527072236323,-0.06421240744672095,7.9639054903145725,-0.0064778119815371675,-0.010742699264903679,0.0030614843213019227,14.879999999999962,0.0,93.74399999999991,0.0,1.2,0.0,1.2,0.0,0.0,0.0,,
12.5,5.933551986293771,0.04701804551353321,8.158326481611038,0.00232847610561228,0.010618624034806236,0.021336553307580074,14.999999999999961,0.0,95.24999999999991,0.0,1.2,0.0,1.2,0.0,0.0,0.0,,
12.600000000000001,5.874936173792323,0.07520354232006349,7.782059045185671,0.0088007883695889,-0.015337607306427966,0.016566202374425618,15.11999999999996,0.0,96.76799999999992,0.0,1.2,0.0,1.2,0.0,0.0,0.0,,
12.700000000000001,5.683200467203591,0.206446831476354,7.974475729667853,-0.014091196246211008,0.0015670148282970289,0.00024659817898295584,15.23999999999996,0.0,98.29799999999992,0.0,1.2,0.0,1.2,0.0,0.0,0.0,,
12.8,5.926525076027779,0.0928068434115728,7.762454255341375,-0.0011058340504917074,0.0031490704451811163,-0.00823349838045262,15.359999999999959,0.0,99.83999999999992,0.0,1.2,0.0,1.2,0.0,0.0,0.0,,
12.9,5.952456100899333,-0.1358614803803114,8.025778858190963,0.006444585816789258,0.010126551310878713,0.0007108019765116125,15.479999999999958,0.0,101.39399999999992,0.0,1.2,0.0,1.2,0.0,0.0,0.0,,
13.0,5.884906409367105,-0.14240277497899426,8.08568819214404,0.004547207902220289,-0.006857382168274063,-0.0033822115787479337,15.599999999999957,0.0,102.95999999999992,0.0,1.2,0.0,1.2,0.0,0.0,0.0,101.63615802332765,-7.024827400081073
13.100000000000001,5.627465867859119,0.04653644049982788,7.9025435245568545,-0.00042465558605619887,-0.002364945285973538,0.03041433880711676,15.719999999999956,0.0,104.53799999999993,0.0,1.2,0.0,1.2,0.0,0.0,0.0,,
13.200000000000001,5.894636997482185,0.049838014571753936,7.892131819126523,-0.021622853026040088,0.01630053764468728,0.009080250037422112,15.839999999999955,0.0,106.12799999999991,0.0,1.2,0.0,1.2,0.0,0.0,0.0,,
13.3,5.848061944661035,-0.11017964503597126,8.150351602685003,0.020398460049928586,-0.00033811461632843104,0.0069236933502609625,15.959999999999955,0.0,107.7299999999999,0.0,1.2,0.0,1.2,0.0,0.0,0.0,,
13.4,5.833774146543759,-0.3022209413731149,7.7905215407552815,-0.001026513628738769,-0.007953300131032688,0.001530573552448651,16.079999999999956,0.0,109.3439999999999,0.0,1.2,0.0,1.2,0.0,0.0,0.0,,
13.5,5.686512464699001,0.021070128992076425,7.742996929224244,-0.006239446871283835,-0.009314040355389545,-0.008727955187925265,16.199999999999957,0.0,110.96999999999989,0.0,1.2,0.0,1.2,0.0,0.0,0.0,,
13.600000000000001,5.604059284438954,-0.08316987084834737,7.932950084378516,-0.008397310169162784,0.003618660857565344,-0.0038573044273047486,16.319999999999958,0.0,112.60799999999988,0.0,1.2,0.0,1.2,0.0,0.0,0.0,,
13.700000000000001,5.718134002280473,0.10111262256771346,7.966449149136908,0.0021590965115417353,-0.008379531482461507,-0.007162252348992649,16.43999999999996,0.0,114.25799999999987,0.0,1.2,0.0,1.2,0.0,0.0,0.0,,
13.8,5.817584049898779,0.23502222899226435,8.204758553140419,-0.0027166945126060205,0.009020628692355414,0.013945608296689092,16.55999999999996,0.0,115.91999999999986,0.0,1.2,0.0,1.2,0.0,0.0,0.0,,
13.9,5.915644833466149,0.033192988050062724,7.506124622957307,-0.03138964387935148,0.0018975753578686515,-0.0007769926903029977,16.67999999999996,0.0,117.59399999999985,0.0,1.2,0.0,1.2,0.0,0.0,0.0,,
14.0,5.832798515632713,-0.09669699601932369,8.003582162718487,0.008257271636952463,0.007760473076639423,0.019270626192929668,16.79999999999996,0.0,119.27999999999984,0.0,1.2,0.0,1.2,0.0,0.0,0.0,122.9170941187061,-1.1484661225708526
14.100000000000001,5.6189572463880095,0.10464703481253747,8.127650092827233,-0.024704115236784382,0.0028410045877925233,0.012920066349111897,16.919999999999963,0.0,120.97799999999984,0.0,1.2,0.0,1.2,0.0,0.0,0.0,,
14.200000000000001,5.790960474711049,-0.1758640438028374,7.876285261678712,0.0038278063566676962,-0.014139533285444506,0.006931496535481722,17.039999999999964,0.0,122.68799999999983,0.0,1.2,0.0,1.2,0.0,0.0,0.0,,
14.3,5.832326153074779,-0.04352974061572609,7.929077128247867,-0.002872633015084564,0.004302600944479458,0.013299990216801883,17.159999999999965,0.0,124.40999999999983,0.0,1.2,0.0,1.2,0.0,0.0,0.0,,
14.4,5.611644108798817,0.1822524933368012,8.132245540414887,-0.006747736190187002,-0.011691814453653143,0.006299839496224653,17.279999999999966,0.0,126.14399999999982,0.0,1.2,0.0,1.2,0.0,0.0,0.0,,
14.5,6.081532513973892,0.10927070524365831,8.11667207878048,0.002635858176534159,-0.004401537521546287,-0.0052062238021601545,17.399999999999967,0.0,127.88999999999982,0.0,1.2,0.0,1.2,0.0,0.0,0.0,,
14.600000000000001,5.826453058287344,-0.1736471843042816,7.853344877553084,0.006301293596852645,0.013915841953010636,0.007725675336965403,17.519999999999968,0.0,129.64799999999983,0.0,1.2,0.0,1.2,0.0,0.0,0.0,,
14.700000000000001,5.63201446861999,-0.011863847980265452,7.951302777837426,0.0013975715344665938,0.005752839655897509,0.009229031907348972,17.63999999999997,0.0,131.41799999999984,0.0,1.2,0.0,1.2,0.0,0.0,0.0,,
14.8,5.781901694281251,-0.39135179440261125,8.046997414008219,-0.006071829648137382,-0.015847040066188638,0.005731636546204312,17.75999999999997,0.0,133.19999999999985,0.0,1.2,0.0,1.2,0.0,0.0,0.0,,
14.9,5.979121200386658,-0.2473740179825015,8.03903417982239,-0.0067047558934280405,0.003418825035747513,0.014128629021013916,17.87999999999997,0.0,134.99399999999986,0.0,1.2,0.0,1.2,0.0,0.0,0.0,,
15.0,5.773147356501451,-0.16049330743941123,8.101631521230049,-0.0010166972613765855,-0.0015145459166957512,0.02645660596525903,17.99999999999997,0.0,136.79999999999987,0.0,1.2,0.0,1.2,0.0,0.0,0.0,132.11311246699384,6.266246338033044
15.100000000000001,5.890487430760245,-0.03268064376160211,8.028809342592623,-0.020516898218259194,0.010067246359829498,-0.008971083528896223,18.119999999999973,0.0,138.61799999999985,0.0,1.2,0.0,1.2,0.0,0.0,0.0,,
15.200000000000001,5.836237043608132,0.10898235026544134,7.938166561933624,0.0052537470582466415,-0.0020458359850686757,-0.0034165403435729514,18.239999999999974,0.0,140.44799999999984,0.0,1.2,0.0,1.2,0.0,0.0,0.0,,
15.3,5.870478943813298,0.29656542344281006,8.038670296908085,-0.01612897968709845,0.01572506714145781,-0.001183091981564425,18.359999999999975,0.0,142.28999999999982,0.0,1.2,0.0,1.2,0.0,0.0,0.0,,
15.4,5.610850891706848,-0.0061788984220180546,7.838025832138071,-0.006524262745841625,-0.009061043188693538,0.011715071817704741,18.479999999999976,0.0,144.1439999999998,0.0,1.2,0.0,1.2,0.0,0.0,0.0,,
15.5,5.818987303215219,-0.013873817738440066,8.370109093982274,-0.0006175338001727532,0.012039183991804958,-0.00048406549243859825,18.599999999999977,0.0,146.0099999999998,0.0,1.2,0.0,1.2,0.0,0.0,0.0,,
15.600000000000001,5.683378680556802,0.10328708918597222,7.977871014892437,0.010620640299150082,-0.00606204154004827,0.014070268239183791,18.719999999999978,0.0,147.88799999999978,0.0,1.2,0.0,1.2,0.0,0.0,0.0,,
15.700000000000001,5.962098809663088,-0.156712670734477,7.7535042719928065,0.004037753466868003,-0.015993063937918744,0.019669180139359754,18.83999999999998,0.0,149.77799999999976,0.0,1.2,0.0,1.2,0.0,0.0,0.0,,
15.8,5.825746600394584,0.024655378110618603,8.059862028861405,0.00985664015635099,-0.0037243751979945524,0.020368346161802647,18.95999999999998,0.0,151.67999999999975,0.0,1.2,0.0,1.2,0.0,0.0,0.0,,
15.9,5.80763310835831,0.12497817251967294,7.753902694531839,-0.0010497035789874974,0.0045395777507319145,0.017206755912186168,19.07999999999998,0.0,153.59399999999974,0.0,1.2,0.0,1.2,0.0,0.0,0.0,,
16.0,5.83481593816031,0.13855309334262303,7.9566148463371915,-0.00912637412186665,0.015542144172426197,0.010482153461492125,19.19999999999998,0.0,155.51999999999973,0.0,1.2,0.0,1.2,0.0,0.0,0.0,157.19158679892453,-0.777045117003697
16.1,5.718402176128817,-0.11791882163738261,7.910965665554165,0.006091870498036789,0.007579729473512311,0.0004932223018249329,19.319999999999983,0.0,157.4579999999997,0.0,1.2,0.0,1.2,0.0,0.0,0.0,,
16.2,5.70524265998772,0.10756817980892154,7.8373476201143575,-0.006749828062494393,0.0002607712301585373,0.00701956955442917,19.439999999999984,0.0,159.4079999999997,0.0,1.2,0.0,1.2,0.0,0.0,0.0,,
16.3,5.640644061889795,-0.42661372264282393,8.052461179319875,-0.0021682754619333187,0.008801792829820233,0.0006788401036376063,19.559999999999985,0.0,161.3699999999997,0.0,1.2,0.0,1.2,0.0,0.0,0.0,,
16.400000000000002,5.9188413616354625,-0.13674126401092268,7.858142930202563,0.0034388634168419246,0.02200839880899617,0.0035960480033877273,19.679999999999986,0.0,163.34399999999968,0.0,1.2,0.0,1.2,0.0,0.0,0.0,,
16.5,5.904134282179731,-0.14532523659109872,8.057841735875188,0.0031886844557358096,-0.008710262838254504,-0.013517620356111985,19.799999999999986,0.0,165.32999999999967,0.0,1.2,0.0,1.2,0.0,0.0,0.0,,
16.6,5.721173096348328,0.12940680917551356,7.96324201899585,-0.0062865693614684425,-0.006034158032293813,-0.0009474512460321428,19.919999999999987,0.0,167.32799999999966,0.0,1.2,0.0,1.2,0.0,0.0,0.0,,
16.7,5.752373924310301,-0.2079345691058122,8.112604790574721,-0.006310397947038665,0.01852180197304662,0.009763427530326581,20.03999999999999,0.0,169.33799999999965,0.0,1.2,0.0,1.2,0.0,0.0,0.0,,
16.8,5.868461663202809,0.21384335320709005,8.11790595727661,-0.003074324580496337,0.0036993302017660702,0.01198984094055622,20.15999999999999,0.0,171.35999999999964,0.0,1.2,0.0,1.2,0.0,0.0,0.0,,
16.900000000000002,5.992950211245317,0.011159016938409086,7.9288919142284655,-0.008782617751918423,0.017159906962697903,-0.0026300750004001165,20.27999999999999,0.0,173.39399999999964,0.0,1.2,0.0,1.2,0.0,0.0,0.0,,
17.0,5.899465323325594,-0.08311293204568954,7.977916957777514,-0.0072890259179246,0.0005882197475536836,0.00022148598278356416,20.39999999999999,0.0,175.43999999999963,0.0,1.2,0.0,1.2,0.0,0.0,0.0,172.55244529005031,-2.482868572016471
17.1,5.922898646923065,0.03921350022244534,8.057112206752537,-0.0050124277801774425,-0.0007928606021638594,0.008339170434608812,20.519999999999992,0.0,177.49799999999962,0.0,1.2,0.0,1.2,0.0,0.0,0.0,,
17.2,5.881433810727055,-0.021662143987797793,8.043036272897684,-0.017083228721337326,-0.022726388902267348,-0.015677975519496144,20.639999999999993,0.0,179.5679999999996,0.0,1.2,0.0,1.2,0.0,0.0,0.0,,
17.3,5.69219564065773,0.001069218775774556,8.033191948488781,0.007611478226453058,0.0037644974135391984,-0.002754400078461102,20.759999999999994,0.0,181.6499999999996,0.0,1.2,0.0,1.2,0.0,0.0,0.0,,
17.400000000000002,5.8323320661734614,0.06278891751952057,8.039176265780291,-0.0036149875579369007,0.001963841727505549,0.0020907734111738916,20.879999999999995,0.0,183.7439999999996,0.0,1.2,0.0,1.2,0.0,0.0,0.0,,
17.5,5.814000945509065,-0.07543338862721476,7.707339544832301,0.000778073350179551,-0.003427477902584114,0.004079567902086235,20.999999999999996,0.0,185.8499999999996,0.0,1.2,0.0,1.2,0.0,0.0,0.0,,
17.6,5.7908593971585445,0.059764373231288914,7.9481623953257525,-0.0037976953977718816,-0.009162293423316783,-0.005614409842374484,21.119999999999997,0.0,187.9679999999996,0.0,1.2,0.0,1.2,0.0,0.0,0.0,,
17.7,5.6343172145342315,-0.08480045793135636,7.839152746351225,0.003622699665777004,0.01183799328241949,0.012504161881422645,21.24,0.0,190.0979999999996,0.0,1.2,0.0,1.2,0.0,0.0,0.0,,
17.8,5.903435604395271,0.20093200788055643,7.874532753164953,0.0029378129852102412,0.018139185107096563,-0.0008616156573611911,21.36,0.0,192.23999999999958,0.0,1.2,0.0,1.2,0.0,0.0,0.0,,
17.900000000000002,5.934564490251122,0.27223952788761996,8.098639154291625,-0.00100206678164334,-0.0007046641757974946,0.030159552456384287,21.48,0.0,194.39399999999958,0.0,1.2,0.0,1.2,0.0,0.0,0.0,,
18.0,5.672058898894813,-0.06356297511210096,7.8967483069731506,0.0063014551495387495,-0.0039252090386085675,-0.002675471684410717,21.6,0.0,196.55999999999958,0.0,1.2,0.0,1.2,0.0,0.0,0.0,200.59841516108315,0.4090193569669883
18.1,5.816826059025413,0.1729009946523486,7.893799938462537,-0.014452076155232856,-0.005522502825708596,-0.0028037147464384585,21.720000000000002,0.0,198.73799999999957,0.0,1.2,0.0,1.2,0.0,0.0,0.0,,
18.2,5.783095054106606,0.21132490704417492,8.032266369812815,0.012396392141934377,0.006740668290622593,-0.012816254409170828,21.840000000000003,0.0,200.92799999999957,0.0,1.2,0.0,1.2,0.0,0.0,0.0,,
18.3,5.950286419680746,0.04089787888775907,7.929635568017426,-0.0032179834365284594,-0.005289935102643821,0.0012525985127230911,21.960000000000004,0.0,203.12999999999957,0.0,1.2,0.0,1.2,0.0,0.0,0.0,,
18.400000000000002,5.678571318869353,0.08327458661948282,7.992061928368761,0.004728679270462861,0.00242824550154055,0.017349150570496023,22.080000000000005,0.0,205.34399999999957,0.0,1.2,0.0,1.2,0.0,0.0,0.0,,
18.5,5.550423395104902,0.06725780163302085,7.661014243345263,-0.015263760268646096,0.013512592908429176,0.023245155473600666,22.200000000000006,0.0,207.56999999999957,0.0,1.2,0.0,1.2,0.0,0.0,0.0,,
18.6,5.994578261584772,-0.05494245688965109,8.104246929518338,-0.013188414711601947,0.0008856169162655553,0.006157233022656821,22.320000000000007,0.0,209.80799999999957,0.0,1.2,0.0,1.2,0.0,0.0,0.0,,
18.7,6.141123269727469,0.015154589859856068,7.92325365198916,0.00985376983343367,0.010550363208572252,0.013019271148937035,22.44000000000001,0.0,212.05799999999957,0.0,1.2,0.0,1.2,0.0,0.0,0.0,,
18.8,5.806115000742998,0.034649296161158666,7.941561798631117,0.007193268743326557,-0.010933620699156153,0.00035584972422132363,22.56000000000001,0.0,214.31999999999957,0.0,1.2,0.0,1.2,0.0,0.0,0.0,,
18.900000000000002,5.702299345439717,-0.12596421929568524,8.073726172149732,-0.003317368675932167,-0.006763218865471799,-0.007278041067523794,22.68000000000001,0.0,216.59399999999957,0.0,1.2,0.0,1.2,0.0,0.0,0.0,,
19.0,5.888536103150654,0.008563493780741147,7.897798709357555,-0.01182221294344639,0.013983551676911144,0.008985988082844691,22.80000000000001,0.0,218.87999999999957,0.0,1.2,0.0,1.2,0.0,0.0,0.0,223.29978949999446,0.5623629216076166
19.1,5.619126205072721,-0.011359719308881796,8.093533766628857,-0.007984316852659773,-0.0002465704587968234,0.020920642701096715,22.920000000000012,0.0,221.17799999999957,0.0,1.2,0.0,1.2,0.0,0.0,0.0,,
19.200000000000003,5.6924539589120755,0.026975726775245453,8.171215255722812,0.008351252460875076,0.00754863438554116,-8.709652972140915e-05,23.040000000000013,0.0,223.48799999999957,0.0,1.2,0.0,1.2,0.0,0.0,0.0,,
19.3,5.6378085470821055,0.03499588828130114,7.97346287361603,0.0049527475973524865,0.022077546044793252,0.010206855906233006,23.160000000000014,0.0,225.80999999999958,0.0,1.2,0.0,1.2,0.0,0.0,0.0,,
19.400000000000002,5.69123252411729,-0.07756539349895245,7.960398715241656,-0.007853263800816747,-0.00665817400673708,0.00351404628773462,23.280000000000015,0.0,228.14399999999958,0.0,1.2,0.0,1.2,0.0,0.0,0.0,,
19.5,5.58096694706595,-0.09931027007731578,7.799943879017335,0.002746991635216813,0.004635402833381465,0.016596221717370806,23.400000000000016,0.0,230.48999999999958,0.0,1.2,0.0,1.2,0.0,0.0,0.0,,
19.6,5.9587796580504815,-0.015498368138646888,7.837097549001426,0.005935821143104683,-0.00037042737672782054,0.013909959494607767,23.520000000000017,0.0,232.8479999999996,0.0,1.2,0.0,1.2,0.0,0.0,0.0,,
19.700000000000003,5.779327093692471,-0.14450420705321074,8.106410703938279,0.009360145265273161,-0.006080504118708849,0.003805273235332228,23.64000000000002,0.0,235.2179999999996,0.0,1.2,0.0,1.2,0.0,0.0,0.0,,
19.8,5.687260137934751,0.202369667236216,8.02994013070098,0.011381838100475963,0.0046856606930352025,0.01779367304658434,23.76000000000002,0.0,237.5999999999996,0.0,1.2,0.0,1.2,0.0,0.0,0.0,,
19.900000000000002,5.732167037871898,0.13872774682082925,8.089100615824046,-0.0004860080847682716,-0.0031964486134265753,-0.0063980541043411965,23.88000000000002,0.0,239.9939999999996,0.0,1.2,0.0,1.2,0.0,0.0,0.0,,
20.0,5.775558260279406,-0.06405545947515201,7.819153039814158,-0.005020850151160875,0.003489299289101611,0.01050505037871759,24.00000000000002,0.0,242.3999999999996,0.0,1.2,0.0,1.2,0.0,0.0,0.0,248.99842768775287,-2.6979861952175668
20.1,6.155085474938862,-0.1572363489522885,7.720939371554205,0.01994542641515316,0.0006850204100576058,-0.010664520315486342,24.120000000000022,0.0,244.8179999999996,0.0,1.2,0.0,1.2,0.0,0.0,0.0,,
20.200000000000003,5.870555754515708,-0.03953178491099228,7.851969081992525,-0.00796509283248206,-0.0025185049813704935,0.0032927955518817264,24.240000000000023,0.0,247.24799999999962,0.0,1.2,0.0,1.2,0.0,0.0,0.0,,
20.3,5.848295755196088,-0.07199554193261061,8.015402923560389,-0.01285553379183427,-0.011923343604912342,0.002764650530378145,24.360000000000024,0.0,249.68999999999963,0.0,1.2,0.0,1.2,0.0,0.0,0.0,,
20.400000000000002,5.893825260087791,0.08128179939389228,8.138078003635332,0.001696219987951487,0.014742917038175624,-0.010475239226608448,24.480000000000025,0.0,252.14399999999964,0.0,1.2,0.0,1.2,0.0,0.0,0.0,,
20.5,5.876469320476307,0.3067069096305719,7.80215441023908,0.0015517770805284492,-0.009061831182509634,-0.0014344623945316696,24.600000000000026,0.0,254.60999999999964,0.0,1.2,0.0,1.2,0.0,0.0,0.0,,
20.6,5.834185993414659,-0.13028489382714534,7.95366273527594,0.0006657675990676269,-0.00037575717646603113,0.01660032633498407,24.720000000000027,0.0,257.0879999999996,0.0,1.2,0.0,1.2,0.0,0.0,0.0,,
20.700000000000003,5.718083062059272,0.0032721216582050627,8.25257432981272,-0.0048642042000350124,-0.011593340041200256,-0.011016610954751583,24.84000000000003,0.0,259.5779999999996,0.0,1.2,0.0,1.2,0.0,0.0,0.0,,
20.8,5.90210174756465,-0.09733198337232415,8.191029792416016,-0.007823603499349546,-0.0021412357212828885,-0.009702331958854851,24.96000000000003,0.0,262.07999999999953,0.0,1.2,0.0,1.2,0.0,0.0,0.0,,
20.900000000000002,5.522635831545112,-0.01876451593801912,7.944778251416799,0.0002740328235598963,-0.003251098691436031,0.006756760739705991,25.08000000000003,0.0,264.5939999999995,0.0,1.2,0.0,1.2,0.0,0.0,0.0,,
21.0,5.908881691117728,0.03921433330981547,7.990136519449271,0.022126488050778277,-0.0006595356476701127,0.003806464674523135,25.20000000000003,0.0,267.11999999999944,0.0,1.2,0.0,1.2,0.0,0.0,0.0,271.95397487438237,-0.18283619479416025
21.1,5.624658806312323,-0.35550681502578424,7.915633070435322,0.019162677609585534,-0.005850428084247763,0.006491640329893176,25.320000000000032,0.0,269.6579999999994,0.0,1.2,0.0,1.2,0.0,0.0,0.0,,
21.200000000000003,5.696105696068765,0.1140769176510352,7.707574578765103,-0.0017704512639114868,-0.007440897030014097,0.011284448911379327,25.440000000000033,0.0,272.20799999999934,0.0,1.2,0.0,1.2,0.0,0.0,0.0,,
21.3,5.732667392530216,-0.07672201974336969,8.113233225375454,0.00624540113544693,0.003209848887737575,0.022138928989091762,25.560000000000034,0.0,274.7699999999993,0.0,1.2,0.0,1.2,0.0,0.0,0.0,,
21.400000000000002,6.072515388063947,0.18334037402807307,7.837304084747283,-0.010229572377388436,0.002347121876668144,0.007271397476585279,25.680000000000035,0.0,277.34399999999926,0.0,1.2,0.0,1.2,0.0,0.0,0.0,,
21.5,5.815134700887881,-0.10215621845899686,8.055419476389126,0.005419598611142766,0.004987322366823507,-0.02724947439219453,25.800000000000036,0.0,279.9299999999992,0.0,1.2,0.0,1.2,0.0,0.0,0.0,,
21.6,6.064169224101052,-0.19919029308757916,7.995251015037242,-0.00467454269178185,-0.0019485155773795117,0.004844724800718594,25.920000000000037,0.0,282.52799999999917,0.0,1.2,0.0,1.2,0.0,0.0,0.0,,
21.700000000000003,6.0575322266286795,0.04053364630298883,7.94940914696725,-0.005195547728290334,0.00844249893828126,0.00039439444821402943,26.04000000000004,0.0,285.1379999999991,0.0,1.2,0.0,1.2,0.0,0.0,0.0,,
21.8,5.996344288257836,-0.2928569338803784,7.975839658721924,0.0026380830992545623,0.009399269277184137,-0.003940924995050559,26.16000000000004,0.0,287.7599999999991,0.0,1.2,0.0,1.2,0.0,0.0,0.0,,
21.900000000000002,5.8582346205674085,-0.03599004723778697,7.950950875155685,0.001686347948882165,-0.006792296290308883,-0.008473897794918306,26.28000000000004,0.0,290.39399999999904,0.0,1.2,0.0,1.2,0.0,0.0,0.0,,
22.0,5.976877129364746,-0.11155975444626355,7.791760836318009,0.014948447590626837,0.002124571696529217,-0.00445833769743596,26.40000000000004,0.0,293.039999999999,0.0,1.2,0.0,1.2,0.0,0.0,0.0,287.52457963652455,1.2464056564860635
22.1,5.949850100234724,-0.1815100861624609,8.01222712892727,-0.0009869086315275884,0.007381379076360368,-0.0009451895822410383,26.520000000000042,0.0,295.69799999999896,0.0,1.2,0.0,1.2,0.0,0.0,0.0,,
22.200000000000003,5.6998750752862195,0.11772122877449102,8.165676032471108,-0.003171709326813172,-0.008838834456389147,0.019448294228455728,26.640000000000043,0.0,298.3679999999989,0.0,1.2,0.0,1.2,0.0,0.0,0.0,,
22.3,5.942558786539189,-0.0968524808167032,8.030876211240345,0.005322140405697007,0.0002623512853601449,-0.0007214438263531192,26.760000000000044,0.0,301.0499999999989,0.0,1.2,0.0,1.2,0.0,0.0,0.0,,
22.400000000000002,5.8263020091983355,-0.09256374621518533,8.061152736224999,-0.0037411895778593517,-0.0030058716558022582,0.004998342863665755,26.880000000000045,0.0,303.74399999999883,0.0,1.2,0.0,1.2,0.0,0.0,0.0,,
22.5,5.708089251180709,0.06149775635487842,8.131569061281478,0.012003077269395717,-0.015550859948736413,-0.00018627016716937263,27.000000000000046,0.0,306.4499999999988,0.0,1.2,0.0,1.2,0.0,0.0,0.0,,
22.6,5.981509709513812,-0.049355099731637556,8.034913725958807,-0.02421861782920779,0.003400829720504112,0.01794906009323872,27.120000000000047,0.0,309.16799999999876,0.0,1.2,0.0,1.2,0.0,0.0,0.0,,
22.700000000000003,6.137059954217043,0.055924107805284104,7.8600999281927155,-0.009063586799436864,0.004663830026727291,0.007958470080657356,27.240000000000048,0.0,311.8979999999987,0.0,1.2,0.0,1.2,0.0,0.0,0.0,,
22.8,5.695302875513964,-0.1266076837400632,8.006383664200971,-0.004139310779756478,0.00819621930309246,0.0003189463421210863,27.36000000000005,0.0,314.6399999999987,0.0,1.2,0.0,1.2,0.0,0.0,0.0,,
22.900000000000002,5.395243541989099,0.05748095747831826,7.873499184096796,-0.004150881787875547,-0.004929952849193943,0.010284032351083558,27.48000000000005,0.0,317.39399999999864,0.0,1.2,0.0,1.2,0.0,0.0,0.0,,
23.0,5.946632356875304,0.05772207955499126,8.02351531702343,0.0045068156517682105,-0.009942593109518262,0.016649606914641315,27.60000000000005,0.0,320.1599999999986,0.0,1.2,0.0,1.2,0.0,0.0,0.0,327.02751118834783,-5.080644446986545
23.1,6.027894725153026,0.1652014970740287,8.074365804961547,0.005935437022909915,0.022529047142986824,0.00930707804203357,27.720000000000052,0.0,322.93799999999857,0.0,1.2,0.0,1.2,0.0,0.0,0.0,,
23.200000000000003,5.899106948000896,-0.12750722196988354,7.7752304475472345,0.002240080060370989,-0.0037065953573775464,-0.0009381025019144342,27.840000000000053,0.0,325.72799999999853,0.0,1.2,0.0,1.2,0.0,0.0,0.0,,
23.3,5.843057900740756,0.012716046431651466,7.912696383126171,0.0034454664969773706,-0.008734323083822116,0.013853490609485462,27.960000000000054,0.0,328.5299999999985,0.0,1.2,0.0,1.2,0.0,0.0,0.0,,
23.400000000000002,5.754976725485795,0.26908663797922455,8.082525800875736,0.009782953016549748,-0.007696503201672682,0.011436586137466741,28.080000000000055,0.0,331.34399999999846,0.0,1.2,0.0,1.2,0.0,0.0,0.0,,
23.5,6.108667965318568,0.03371952779338186,8.13378318894475,0.002435305814749585,-0.02089435371872502,-0.0038205321888623084,28.200000000000056,0.0,334.1699999999984,0.0,1.2,0.0,1.2,0.0,0.0,0.0,,
23.6,5.560215662403991,0.02857404185315216,7.771226284558477,0.0014355830044546637,0.008075612165258771,0.008410993231926966,28.320000000000057,0.0,337.0079999999984,0.0,1.2,0.0,1.2,0.0,0.0,0.0,,
23.700000000000003,5.901622776045677,0.0622477196160469,7.673843794765114,0.0029178637356602334,-0.016109842690197454,0.014680570862826422,28.440000000000058,0.0,339.85799999999836,0.0,1.2,0.0,1.2,0.0,0.0,0.0,,
23.8,5.736678523683917,0.14366865274466767,8.05746775725517,-0.006542660629357817,0.009035915214797281,0.004973130560776041,28.56000000000006,0.0,342.7199999999983,0.0,1.2,0.0,1.2,0.0,0.0,0.0,,
23.900000000000002,5.564496807301896,0.03204327220819998,8.00641301749687,0.019960607557243548,-0.006142120862160557,0.005854196082907219,28.68000000000006,0.0,345.5939999999983,0.0,1.2,0.0,1.2,0.0,0.0,0.0,,
24.0,5.9160955541336735,-0.04203991888649637,8.127439543884906,-0.008251886864319945,0.0003188202991299337,0.010891913185771821,28.80000000000006,0.0,348.47999999999826,0.0,1.2,0.0,1.2,0.0,0.0,0.0,348.0924734729504,-4.2973367134322205
24.1,5.813506906107683,-0.03807505323785751,7.834733729174635,-0.004790137286456423,-0.0037434781489343767,0.0005229480722414347,28.920000000000062,0.0,351.3779999999982,0.0,1.2,0.0,1.2,0.0,0.0,0.0,,
24.200000000000003,5.732884281655213,-0.23269532401598617,7.651301279528303,-0.00855494743002123,-0.01090164823007032,-0.0002728527168385378,29.040000000000063,0.0,354.2879999999982,0.0,1.2,0.0,1.2,0.0,0.0,0.0,,
24.3,5.562199376989888,-0.06912981919474182,7.897113647977833,0.001929294860929397,-0.003761769725676302,0.0029214863472066645,29.160000000000064,0.0,357.20999999999816,0.0,1.2,0.0,1.2,0.0,0.0,0.0,,
24.400000000000002,5.902101821414967,-0.36011947937505845,8.1095324156649,-0.0050369349431566325,-0.01062589540048364,0.00444762248986689,29.280000000000065,0.0,360.14399999999813,0.0,1.2,0.0,1.2,0.0,0.0,0.0,,
24.5,5.932589287883638,0.09459269523171371,8.154967007424625,0.0028381089594205293,-0.004164710226085826,-0.010419092822547316,29.400000000000066,0.0,363.0899999999981,0.0,1.2,0.0,1.2,0.0,0.0,0.0,,
24.6,5.85756319428721,0.14978338063242658,8.00478943091174,-0.00610310757569216,-0.0005657180901356119,-0.004687110490770994,29.520000000000067,0.0,366.04799999999807,0.0,1.2,0.0,1.2,0.0,0.0,0.0,,
24.700000000000003,5.949389354139113,-0.06446399669922283,8.020991090961532,0.02204532421798038,-0.006028496652129615,-0.009394405845555572,29.640000000000068,0.0,369.01799999999804,0.0,1.2,0.0,1.2,0.0,0.0,0.0,,
24.8,5.545256720926993,0.06768983271958894,8.157111660031577,0.020335900349295267,-0.0060133643359471705,0.011650866914538252,29.76000000000007,0.0,371.999999999998,0.0,1.2,0.0,1.2,0.0,0.0,0.0,,
24.900000000000002,5.819075182735305,-0.023769942640708076,8.022275835191204,-0.02870386152672629,-0.0027489832711508604,-0.00036156429372354807,29.88000000000007,0.0,374.993999999998,0.0,1.2,0.0,1.2,0.0,0.0,0.0,,
25.0,4.780241707418166,-0.027643019887670737,8.397633919830247,-0.0019072722186302836,-2.26277981787968e-05,0.028564954304128944,30.00000000000007,0.0,377.993999999998,0.0,0.0,0.0,0.0,0.0,0.0,0.0,380.8887027770929,-9.594858288585145
25.1,4.882058277337758,0.15701624383447577,8.341893183704096,0.001907793397649544,0.010390925153557756,-0.00021875448926573365,30.00000000000007,0.0,380.993999999998,8.999662503797004e-05,0.0,0.017999325007594005,0.0,0.017999325007594005,0.0,0.0005999775002531321,,
25.200000000000003,4.971445312325142,0.11282628679316786,8.494425988465055,-0.003774840012187388,-0.013093141367997378,0.008769382332806469,30.00000000000007,5.9997750025313214e-05,383.9939999838004,0.0004499628758969722,0.0,0.035994600242995396,-2.159595026344656e-06,0.035994600178209976,0.0,0.0011998200080998436,,
25.3,4.701133141275186,0.007696240788965289,8.801843571004285,-0.02158522625685619,0.009199739506467549,0.007220569092794912,30.00000000000007,0.0001799797508352976,386.99399988663316,0.0012598110053422726,0.0,0.053981776845192536,-9.715626693791809e-06,0.0539817759708845,0.0,0.0017993925615064135,,
25.400000000000002,4.7567294708427115,0.11581595828233615,8.335158570322934,-0.0033611258637741945,-0.007152382984612087,0.012726968355753002,30.00000000000007,0.00035991900698593895,389.9939995628275,0.0026993520185609877,0.0,0.07195680777533407,-2.5898622241217765e-05,0.07195680311463082,0.0,0.0023985602591777965,,
25.5,4.750646521447607,0.06717676770910966,8.510382023417142,-0.008882275534887723,-0.0034268830659846196,-0.0010749600614368424,30.00000000000007,0.0005997750329037186,392.9939987535866,0.004948255172166633,0.0,0.08991564872729102,-5.392915794064657e-05,0.0899156325546093,0.0,0.0029971882909096935,,
25.6,4.783041760083877,0.02912089060579444,8.27536078740626,0.009960859417532398,0.009481159901208725,-0.004323034501107584,30.00000000000007,0.000899493861994688,395.99399705488173,0.00818600747129412,0.0,0.10785425903761375,-9.701423091212291e-05,0.1078542154057582,0.0,0.00359514196792045,,
25.700000000000003,4.7688043595983824,0.19100727433902645,8.570991468728092,0.015461565771622963,0.010439512276462719,0.002288941743780793,30.00000000000007,0.0012590080587867331,398.9939938855119,0.012591873164410187,0.0,0.1257686025946598,-0.00015834364237722964,0.12576850291668573,0.0,0.004192286753155317,,
25.8,5.0379352882949,0.10271196595374038,8.318437358637146,0.0038109471497458905,-0.016675326944421916,0.006857843666105283,30.00000000000007,0.0016782367341022647,401.9939884553631,0.018344853235591624,0.0,0.1436546487467037,-0.00024108639538212917,0.1436544464466338,0.0,0.004788488291556778,,
25.900000000000002,5.0273385635936165,0.28874585965524624,8.543643378539427,-0.013078207313824858,0.00517753394740536,0.007446488502292029,30.00000000000007,0.0021570855632579424,404.9939797339031,0.025623644894178874,0.0,0.16150837320881872,-0.0003483871100186157,0.1615079974582703,0.0,0.005383612440293945,,
26.0,4.678541665009564,0.19138781799252452,8.659057035437177,-0.017374468127698026,-0.010636566451804021,0.013728110308120895,30.00000000000007,0.002695446807287337,407.99396641894714,0.034606601061894844,0.0,0.17932575896831948,-0.00048336245916873926,0.1793251075290264,0.0,0.0059775252989439686,409.9553513758152,5.4703964221840815
26.1,4.8523649416478705,0.2711113059079412,8.716103722980193,0.013279266751673294,0.00468364706580532,0.009874623445963066,30.00000000000007,0.003293199337181734,410.9939469057309,0.045471689857728176,0.0,0.19710279718857787,-0.0006490976277951316,0.1971017283836731,0.0,0.006570093239619247,,
26.200000000000003,4.865190831392048,0.4146984768810367,8.5173588251264,0.012265039071070842,0.0033366106365324837,0.011986184215130232,30.00000000000007,0.003950208661143659,413.99391925632466,0.05839645408111573,0.0,0.21483548811098999,-0.0008486427987950024,0.2148338119507434,0.0,0.007161182937032983,,
26.3,4.8305333741656655,0.2648090987678666,8.565671729951733,-0.004184677367439955,-0.009925965849410745,0.014374809534805738,30.00000000000007,0.004666326954846958,416.9938811694247,0.07355797069422049,0.0,0.232519841954907,-0.0010850096684310354,0.2325173104453824,0.0,0.007750661398496881,,
26.400000000000002,4.771872688077291,0.35579260148332326,8.348582356649336,0.003666490571531833,-0.003893801797769089,0.012764555238005244,30.00000000000007,0.005441393094696646,419.9938299505561,0.09113281030438745,0.0,0.25015187981532044,-0.0013611679943467923,0.25014817648112025,0.0,0.008338395993843995,,
26.5,4.925375251166705,0.1826613238531345,8.629968623633953,0.0016237478534779637,-0.006944433334550469,-0.0038964402661288873,30.00000000000007,0.006275232694081045,422.993762482721,0.11129699664817119,0.0,0.2677276345580951,-0.001680042179167756,0.26772236321299187,0.0,0.008924254485269817,,
26.6,4.8027728444374045,0.32165646527601,8.6482891985858,-0.0028973270276227286,-0.02540413649733248,0.02559364149633095,30.00000000000007,0.0071676581426080264,425.9936751975266,0.13422596607866313,0.0,0.2852431517125625,-0.0020445078926818175,0.28523582451437035,0.0,0.009508105057085393,,
26.700000000000003,5.0048451011449515,0.37963629606693616,8.443498828571352,0.010855694392756556,-0.0008448503743067792,0.014446240673853058,30.00000000000007,0.008118468648316566,428.9935640468262,0.16009452705820396,0.0,0.30269449036125484,-0.0024573887355843634,0.30268451518976325,0.0,0.010089816345375138,,
26.8,4.901385885796393,0.3976100326286484,8.329175564817657,0.008082220672498449,-0.006827713537038502,-0.005814712219543158,30.00000000000007,0.00912745028285408,431.993424474906,0.1890768196589461,0.0,0.3200777240265982,-0.0029214529477636433,0.32006439122576746,0.0,0.010669257467553248,,
26.900000000000002,4.6806942241524006,0.08873254290220867,8.631838833088194,0.0037142909870700328,0.0011829892759579212,0.007422969621984314,30.00000000000007,0.010194376029609403,434.99325139125136,0.22134627507413124,0.0,0.33738894155435395,-0.003439410164090981,0.337371410082257,0.0,0.011246298051811772,,
27.0,4.797251006777987,0.35131087771085345,8.628666046664351,0.004406579859534024,0.0019825631608272414,0.02097736580602154,30.00000000000007,0.01131900583479058,437.99303914392243,0.2570755751433682,0.0,0.3546242479936083,-0.004013908220668035,0.35460153102578146,0.0,0.011820808266453582,439.56383156714986,3.512565437214299
27.1,4.605012301216378,0.5164981760850605,8.606585956977948,-0.01174668114587216,0.004005132672402059,0.027638884551650603,30.00000000000007,0.012501086661435939,440.9927814935736,0.29643661189563575,0.0,0.3717797654731246,-0.004647530014469534,0.3717507155070668,0.0,0.012392658849104123,,
27.200000000000003,5.005100233943215,0.3752154162406652,8.905642203563323,-0.002218307682712789,0.005100646351053982,0.017955554914964974,30.00000000000007,0.013740352546346351,443.9924715881449,0.3396004471141917,0.0,0.3888516340738434,-0.005342790419304047,0.3888149275843632,0.0,0.012961721135794748,,
27.3,4.955266995526134,0.14035974613249447,8.38520698191058,-3.465618186762609e-05,-0.007484732610768198,0.02088009570312597,30.00000000000007,0.015036524659925825,446.99210193825775,0.3867372719280441,0.0,0.4058360126973506,-0.006102133260998273,0.4057901343943062,0.0,0.013527867089911653,,
27.400000000000002,4.775379041126972,0.5868767341047172,8.327466008412856,0.02102639075370295,-0.007595526810360451,0.0019669940104525205,30.00000000000007,0.01638931136891699,449.991664393344,0.43801636643512815,0.0,0.42272907993010933,-0.006927928354690723,0.4226723066718105,0.0,0.014090969331003612,,
27.5,4.8440445336975975,0.5059595320571078,8.58500236675363,-0.0036710294955432437,0.03423372424895931,0.02541885524057297,30.00000000000007,0.01779840830201735,452.9911501185377,0.49360605936283725,0.0,0.4395270349032581,-0.007822468607099292,0.4394574193203943,0.0,0.014650901163441903,,
27.6,4.9711913846201625,0.40005436028409297,8.342583679208385,0.01447211543109865,0.008702280733062218,0.012893608718001687,30.00000000000007,0.01926349841836154,455.9905495723574,0.5536736877720717,0.0,0.45622609814779497,-0.008787967186603799,0.4561414520342222,0.0,0.015207536604926464,,
27.700000000000003,4.785718077371589,0.5265283508406448,8.494439237938696,0.023433355609416544,-0.00727252833211195,0.0263865194736263,30.00000000000007,0.020784252078854187,458.9898524852079,0.6183855568114981,0.0,0.4728225124449381,-0.009826554763958134,0.47272038997298876,0.0,0.015760750414831232,,
27.8,4.7103798502193435,0.3920919299538532,8.436655353087373,0.006938266731738634,0.01708671839997457,0.024650595973821587,30.00000000000007,0.02236032712033731,461.98904783872786,0.6879068995292481,0.0,0.4893125436714855,-0.010940276826418514,0.48919022449065835,0.0,0.016310418122382812,,
27.900000000000002,4.593696855267305,0.4778923342294644,8.524486555510753,0.007889076612553687,-0.015164736521141552,0.012186991915037897,30.00000000000007,0.02399136893257559,464.9881238460092,0.7624018367498355,0.0,0.5056924816399793,-0.012131091068043099,0.505546953918921,0.0,0.016856416054665934,,
28.0,4.890482402843145,0.6262785786222825,8.639301774126674,0.0034419411704259837,0.0034703471527613695,0.009116383645426185,30.00000000000007,0.02567701053804218,467.98706793271447,0.8420333370246219,0.0,0.5219586409334774,-0.013400864858883896,0.5217865844060738,0.0,0.017398621364449206,471.69173648483564,3.5754172216571214
28.1,4.893501983217031,0.4675058909569759,8.6808434670845,0.022739218784558795,0.014744016704125536,0.032660365621491876,30.00000000000007,0.0274168726744871,470.98586671911664,0.9269631766647234,0.0,0.5381073617347628,-0.014751372795755805,0.5379051308119188,0.0,0.017936912057825386,,
28.200000000000003,4.842115670654098,0.805692223230884,8.289972590557943,0.022159076368174102,0.005152275815264511,0.04589410381450042,30.00000000000007,0.029210563880269637,473.984506003085,1.0173518998658153,0.0,0.5541350106497812,-0.016184294337226676,0.5538986176590796,0.0,0.01847116702165933,,
28.3,4.711803618471271,0.8002640060456321,8.631430665621535,-0.017015064052252726,0.0048755554120717085,0.018665922437801834,30.00000000000007,0.03105768058243557,476.9829707440406,1.1133587789348598,0.0,0.5700379815251424,-0.01770121152543023,0.5697630801410272,0.0,0.019001266050838034,,
28.400000000000002,4.924725445081401,0.5035465751585205,8.655987455455426,0.015560830077555647,-0.010878174225129237,0.02942916676575709,30.00000000000007,0.032957807187519374,479.98124504790275,1.2151417746293491,0.0,0.5858126962594908,-0.019303606797256515,0.5854945651869293,0.0,0.019527089875316313,,
28.5,4.638793096884689,0.4292653211601509,8.810418307317049,0.02679082875586771,0.01514242869462739,0.02947086496018668,30.00000000000007,0.034910516175051004,482.9793121530485,1.3228574966202291,0.0,0.6014556056085588,-0.020992860887424872,0.6010891325832796,0.0,0.020048520186951913,,
28.6,4.851079905744516,0.5020585335696213,8.514426241841598,0.019492911821097757,-0.018172431639200293,0.027553889183449427,30.00000000000007,0.0369153681937462,485.9771544173046,1.436661164090232,0.0,0.6169631899837373,-0.022770250825891562,0.6165428561521374,0.0,0.02056543966612453,,
28.700000000000003,5.167015631630092,0.5596281239635146,8.652885196491674,0.003249018040877358,0.002775388786610955,0.03488285384918891,30.00000000000007,0.03897191216035865,488.9747533059916,1.5567065664799142,0.0,0.6323319602439635,-0.024636948031986197,0.6318518249856074,0.0,0.02107773200813207,,
28.8,4.650584931961163,0.7871391009363803,8.632712459820906,0.03149154232951133,0.004209351285676533,0.03083374035969338,30.00000000000007,0.041079685361171854,491.97208938103915,1.6831460243942529,0.0,0.6475584584807648,-0.02659401650761144,0.6470121447360763,0.0,0.021585281949358773,,
28.900000000000002,4.611240869348402,0.6528940034623698,8.728684390384586,0.005260633246745839,-0.01799774226257291,0.02841989893680492,30.00000000000007,0.043238213556107734,494.9691422911879,1.8161303506832076,0.0,0.6626392587962749,-0.028642411131775188,0.6620199389615354,0.0,0.022087975293209113,,
29.0,4.84070832955267,0.8208223093561654,8.533898262064572,0.016618807963164464,0.002867063888983911,0.015081960865754805,30.00000000000007,0.045447011085428646,497.96589076329656,1.9558088117102013,0.0,0.6775709680740442,-0.030782976058655924,0.6768713505251714,0.0,0.022585698935801417,498.5436057182119,0.9020416529078814
29.1,5.035869698289477,0.6964288764725834,8.637288693007271,0.0010418887316359995,-0.015921198327256903,0.046858530872648976,30.00000000000007,0.04770558097900879,500.9623125947675,2.1023290888230064,0.0,0.692350226742478,-0.0330164432213302,0.6915625430482578,0.0,0.02307834089141588,,
29.200000000000003,4.910566762733777,0.7878887811438976,8.339274230417956,-0.003320380010611707,0.0018814699221607696,0.03307669560842767,30.00000000000007,0.05001341506815038,503.95838464710624,2.25583724004205,0.0,0.7069737095307255,-0.03534343094321367,0.706089702415208,0.0,0.023565790317690793,,
29.3,4.556269015980556,1.1163200587025732,8.618133875626464,0.010257868197961213,-0.009100458466781428,0.026323781683585977,30.00000000000007,0.05236999409991946,506.95408284062694,2.4164776619816632,0.0,0.721438126216851,-0.03776444265918762,0.7204490383295142,0.0,0.024047937540561642,,
29.400000000000002,4.7278117398270965,0.6483545479067097,8.67611948109238,0.006222181604975552,-0.0017807986464948656,0.025286936945608473,30.00000000000007,0.054774787853975625,509.9493821503171,2.584393052020294,0.0,0.7357402223681225,-0.040279865748297394,0.7346367859191326,0.0,0.02452467407893736,,
29.5,4.577276088714665,0.8782493670003064,8.598202356433047,0.008390172226550821,0.0025911998584053487,0.0481150148733873,30.00000000000007,0.057227255261869364,512.9442566028705,2.759724370736189,0.0,0.7498767800732414,-0.042889970479820565,0.7486492073897177,0.0,0.02499589266910799,,
29.6,4.6393479807094895,0.8232224162864762,8.575661123583492,0.011402672304949728,-0.0004067143898840355,0.008596261157082005,30.00000000000007,0.05972684452878016,515.9386792749,2.9426108046255184,0.0,0.7638446186663636,-0.045594909074410404,0.762482593723987,0.0,0.025461487288878724,,
29.700000000000003,4.805351528399398,0.6789463613607073,8.791309729625613,0.010327466304461547,0.0046845115192803675,0.010959405142072099,30.00000000000007,0.06227299325766803,518.9326222923372,3.133189729120348,0.0,0.7776405954427309,-0.048394714881921555,0.7761332664253109,0.0,0.0259213531814243,,
29.8,4.72044006782196,0.6479417789157762,8.423002100712832,0.01739623558177641,-0.0010789905862191513,0.02784356627415769,30.00000000000007,0.06486512857581046,521.9260568310269,3.331596671924314,0.0,0.7912616063657698,-0.051289301677425445,0.7895975793035213,0.0,0.02637538687885893,,
29.900000000000002,4.609190698938212,0.7012047915500457,8.428561063802158,0.018280669125082152,-0.00913697577777381,0.0394486347971913,30.00000000000007,0.06750266726369636,524.9189531185227,3.537965276684239,0.0,0.8047045867654866,-0.05427846307681623,0.8028719203007608,0.0,0.02682348622551616,,
30.0,4.456341121747437,0.8904863959565699,8.48019523915149,0.017967026934735914,-0.0018347791264895592,0.030628762166793957,30.00000000000007,0.07018501588624798,527.9112804370883,3.752427267016315,0.0,0.817966512028003,-0.05736187207329896,0.8159527133550716,0.0,0.027265550400933366,522.8812005995243,9.291801303676099
30.1,4.8437171042075065,0.7873020104304672,8.531022947855387,0.0012552646988210452,0.007819577863076504,0.024952784730651618,30.00000000000007,0.07291157092634132,530.9030071279077,3.97511241090585,0.0,0.8310443982760837,-0.06053908069593903,0.8288364202992944,0.0,0.027701479942536057,,
30.200000000000003,4.728628648860302,0.6591759262388813,8.44505314841544,0.03440699790934115,-0.015879606261854137,0.017869529015779075,30.00000000000007,0.07568171892059493,533.8941005965085,4.206148485499891,0.0,0.8439353030404946,-0.0638095197913336,0.8415195427927095,0.0,0.02813117676801642,,
30.3,4.8802062811693325,0.9998490367096488,8.556315685793502,0.012151404816875103,-0.008355787738102425,0.03477553595415306,30.00000000000007,0.07849483659739658,536.8845273193974,4.4456612423123385,0.0,0.8566363259220463,-0.0671724989293451,0.8539986242827382,0.0,0.028554544197401475,,
30.400000000000002,4.979932562504361,0.9925841400468374,8.468122950743679,0.01440797310096405,0.0024455985180694105,0.013268046318294046,30.00000000000007,0.08135029101713673,539.8742528519101,4.693774372861481,0.0,0.8691446092441732,-0.07062720643371234,0.8662702519939008,0.0,0.028971486974805706,,
30.5,4.842931584802559,0.9479311849586337,8.512780116490642,0.01866381778407362,0.002027138356721404,0.04437788305097395,30.00000000000007,0.0842474397146173,542.8632418372711,4.950609474760067,0.0,0.8814573386958964,-0.07417270953822523,0.8783310589411092,0.0,0.029381911289863144,,
30.6,4.700484893107022,0.9546129300618063,8.637257858799115,0.01728137730314031,-0.0049355445443698505,0.037870202298574636,30.00000000000007,0.08718563084360362,545.8514580168647,5.2162860182783115,0.0,0.8935717439650335,-0.07780795466901859,0.8901777259642791,0.0,0.029785724798834377,,
30.700000000000003,4.77622692549534,0.8773701570795374,8.635610605742698,0.024505476491791932,-0.0074618226017044076,0.03450879793749061,30.00000000000007,0.09016420332348705,548.8388642417117,5.49092131340038,0.0,0.905485099361506,-0.08153176785340388,0.9018069837811277,0.0,0.030182836645383463,,
30.8,4.733487749420086,1.2094449509030756,8.45716111153356,-0.014539217339869768,0.0024023007120804706,0.028228254209707183,30.00000000000007,0.0931824869880254,551.825422485145,5.774630477395062,0.0,0.9171947244306085,-0.08534285525552011,0.9132156150549415,0.0,0.03057315748102021,,
30.900000000000002,4.980753945039546,0.8388627787193599,8.457402716494133,0.00648718845243485,0.004166481848538399,0.02858786108113024,30.00000000000007,0.09623980273612742,554.8110938566809,6.0675264029214855,0.0,0.9286979845561004,-0.0892398038389437,0.9244004564740056,0.0,0.030956599485203275,,
31.0,4.9779877159747326,1.0235361182027685,8.39549974490213,0.018615285842076675,-0.009458493441430262,0.01683726715196776,30.00000000000007,0.09933546268464775,557.7958386170762,6.369719726690766,0.0,0.9399922915529823,-0.09322108215625206,0.9353584008392954,0.0,0.031333076385099336,556.33857116908,5.247255365887883
31.1,4.805910293726947,0.8854347686805002,8.285208583172388,0.00948838679886346,-0.005299604698474437,0.04814252764253732,30.00000000000007,0.10246877032315768,560.7796161945637,6.681318798704603,0.0,0.9510751042498278,-0.09728504126539014,0.9460863991569756,0.0,0.03170250347499418,,
31.200000000000003,4.5832890375600845,0.872892307060093,8.389544217296926,0.022088507758332147,0.0022588256540474697,0.03416954085249598,30.00000000000007,0.1056390206706571,563.7623852022543,7.00242965209179,0.0,0.9619439290605352,-0.10142991577253858,0.9565814627321583,0.0,0.0320647976353511,,
31.3,4.906417446008457,0.8012472653098474,8.54717622402728,0.027092880010887225,-0.0029034306255223113,0.03825718165148418,30.00000000000007,0.10884550043419221,566.7441034566968,7.333155973563638,0.0,0.9725963205453739,-0.10565382500103217,0.966840665260337,0.0,0.03241987735151239,,
31.400000000000002,4.810348204290849,0.8759499197836865,8.76851151208138,0.019152018931974227,0.002331688440363842,0.040607995076408145,30.00000000000007,0.11208748816934344,569.7247279975796,7.673599074509232,0.0,0.9830298819612004,-0.10995477428572327,0.9768611449128414,0.0,0.03276766273203994,,
31.5,5.04570875542184,1.1205160133100072,8.46499298522743,0.020668541998148462,0.00950285789407475,0.022713022740811384,30.00000000000007,0.11536425444254743,572.7042151085626,8.023857862751342,0.0,0.9932422658007114,-0.11433065639202966,0.9866401064126161,0.0,0.0331080755266903,,
31.6,4.96909917237996,0.8619931456273676,8.620063360473202,0.022140946224699004,0.001052342905160575,0.0496998950227987,30.00000000000007,0.11867506199521646,575.6825203392244,8.38402881498373,0.0,1.0032311743206273,-0.11877925305875206,0.9961748230966038,0.0,0.03344103914402083,,
31.700000000000003,4.83189623451696,1.0634830844989749,8.723882300935998,0.0011882021211335504,-0.017167215970137865,0.048111634202656885,30.00000000000007,0.12201916590961855,578.6595985281064,8.75420594991035,0.0,1.0129943600586704,-0.12329823666358587,1.0054626389609538,0.0,0.033766478668622264,,
31.8,4.759099343766113,1.0155459737586234,8.622332417587133,0.012229644806433017,-0.0026802709627119442,0.04121476877078659,30.00000000000007,0.12539581377648076,581.6354038268378,9.134480802106829,0.0,1.022529626339238,-0.12788517201009802,1.0145009706852968,0.0,0.03408432087797452,,
31.900000000000002,4.852822935095917,0.8763644215475311,8.624992700700892,0.008899668947456883,-0.012865850996158635,0.021982289607311224,30.00000000000007,0.12880424586427822,584.6098897253225,9.524942396624276,0.0,1.0318348277676441,-0.13253751823477714,1.0232873096322703,0.0,0.03439449425892139,,
32.0,4.812816750325064,1.1806931858115253,8.562001464296435,0.012979456984764033,0.0030824825970372964,0.056070948446183044,30.00000000000007,0.13224369529017035,587.5830090779677,9.925677224355285,0.0,1.040907870712823,-0.1372526308326087,1.031819223818509,0.0,0.03469692902376068,596.046768753996,14.519056478968203
32.1,5.04636510958238,0.8665784880775274,8.434071687709395,0.007966076136852032,-0.0040711203253870785,0.03411262165089522,30.00000000000007,0.1357133881925464,590.5547141309324,10.336769218181605,0.0,1.0497467137783885,-0.14202776379946855,1.0400943598533012,0.0,0.0349915571259462,,
32.2,4.8714998531648614,0.8809432752789472,8.599344803642943,0.030273734564511885,0.004709652327209123,0.045546852782978715,30.00000000000007,0.13921254390514104,593.524956550375,10.758299729922623,0.0,1.0583493682619396,-0.14686007188946862,1.0481104448411278,0.0,0.035278312275397905,,
32.300000000000004,4.589880302641388,0.6927497028094567,8.890505321122646,0.01919913102779399,-0.0017504812288363487,0.03477085782334463,30.00000000000007,0.14274037513268084,596.4936874516749,11.190347508103438,0.0,1.06671389860251,-0.15174661298523204,1.0558652882443271,0.0,0.035557129953416915,,
32.4,4.7005027930007826,0.9406947569180449,8.368098193973802,0.00960549784102711,0.011100147015627383,0.03560128474137613,30.00000000000007,0.14629608812802253,599.4608574296046,11.632988676560814,0.0,1.0748384228160597,-0.15668435057891855,1.0633567837021483,0.0,0.035827947427201905,,
32.5,4.7906232070647174,1.2248014807153775,8.478146077038197,0.010464291526549176,0.0034363560358399827,0.023372517448854012,30.00000000000007,0.14987888287074272,602.4264165894267,12.086296713904904,0.0,1.082721112918917,-0.1616701563616674,1.0705829108025087,0.0,0.03609070376396381,,
32.6,4.605905450175273,0.9443984023115066,8.359378257232045,0.027863458079304123,-0.0033051247606935437,0.04117594291060953,30.00000000000007,0.1534879532471391,605.3903145788877,12.550342433854077,0.0,1.0903601953390625,-0.16670081291896813,1.0775417368027995,0.0,0.03634533984463533,,
32.7,4.8099703618705725,1.1857092672531617,8.577673391786087,0.017530551287461234,0.00792706671028353,0.03298068597901448,30.00000000000007,0.15712248723160263,608.3525006210829,13.025193966459662,0.0,1.0977539513151797,-0.1717730165293251,1.0842314182961617,0.0,0.03659179837717257,,
32.800000000000004,4.910376533993172,1.2820552142335684,8.381524587285693,0.03020506273284467,0.00372821611558812,0.027609706640020423,30.00000000000007,0.1607816670693199,611.3129235481616,13.510916740236851,0.0,1.1049007172833658,-0.1768833800634263,1.0906502028196914,0.0,0.03683002390944544,,
32.9,5.260457708470456,1.077676946445417,8.59203727617657,0.032446345397742146,0.010158620761374446,0.03589320689426868,30.00000000000007,0.16446466946026445,614.2715318358453,14.0075734652174,0.0,1.1117988852514273,-0.18202843598088617,1.0967964304011337,0.0,0.03705996284171416,,
33.0,4.472095256939968,1.3438375274917105,8.54636074616024,0.004789178997975091,-0.009439310116129047,0.031700442252296165,30.00000000000007,0.16817066574443587,617.2282736387244,14.515224116939082,0.0,1.1184469031606743,-0.18720463942148882,1.1026685350406862,0.0,0.037281563438689054,619.5080719675391,12.86162613130559
33.1,4.809225302016619,0.8620878650291179,8.957903874568917,0.005264886306607496,-0.0032801806821748016,0.041024484703974566,30.00000000000007,0.1718988220883048,620.1830968263066,15.033925921386238,0.0,1.1248432752351225,-0.19240837138771602,1.108265046124619,0.0,0.03749477584117066,,
33.2,4.63447617976987,0.9829010414369102,8.68600108706891,0.031912740607252015,0.016498383200911057,0.04196813848806481,30.00000000000007,0.17564829967242185,623.1359490197797,15.563733340894997,0.0,1.13098656231804,-0.19763594201521414,1.1135845897675383,0.0,0.03769955207726791,,
33.300000000000004,4.8105534614466485,1.008891675744701,8.342232355753637,0.016296933008069503,-0.014684887363718037,0.048964212237107764,30.00000000000007,0.17941825488014865,626.0867776294593,16.10469806103603,0.0,1.1368753821957494,-0.2028835939277189,1.1186258900801929,0.0,0.037895846073191554,,
33.4,4.631762378511372,1.1211037175797538,8.430503133170175,0.026417661517325074,0.01711966424760294,0.03065524541907067,30.00000000000007,0.1832078394874678,629.035529892885,16.656868978486937,0.0,1.1425084099086216,-0.20814750567283286,1.1233877703598631,0.0,0.038083613663620626,,
33.5,4.882603588722663,1.1403887891431843,8.451489599551937,0.02629248704257953,0.00907923918791367,0.04266905781013133,30.00000000000007,0.18701620085382986,631.9821529135306,17.220292189905553,0.0,1.1478843780491856,-0.21342379523492705,1.1278691542004708,0.0,0.03826281260163943,,
33.6,4.787298837918767,1.0896788246269973,8.679231481902756,0.01735628488662292,-0.007767549647975989,0.03696341236542612,30.00000000000007,0.1908424821139938,634.9265937000929,17.795010981814617,0.0,1.15300207704729,-0.21870852362132331,1.1320690665196829,0.0,0.03843340256824291,,
33.7,4.716524975299385,1.2684652562799161,8.601814215854612,0.018257035012484855,-0.0012960797513587472,0.042879079715957044,30.00000000000007,0.19468582237081808,637.8687992063225,18.38106582150746,0.0,1.1578603554422495,-0.2239976985178003,1.1359866345004157,0.0,0.038595345181408225,,
33.800000000000004,4.557200876084173,1.1188333582864713,8.65601194151672,0.02053236000815622,-0.00022641315867199984,0.028317754185260904,30.00000000000007,0.1985453568889589,640.8087163713597,18.97849434898339,0.0,1.1624581201419213,-0.2292872780093632,1.1396210884442892,0.0,0.03874860400473062,,
33.9,4.913251002951615,1.1730092468969129,8.502506947826811,0.020056645159888947,-0.009197482348350806,0.039081236207807755,30.00000000000007,0.20242021728943196,643.7462921605371,19.587331369920676,0.0,1.1667943366686442,-0.23457317436211456,1.1429717625347102,0.0,0.03889314455562138,,
34.0,4.621926947640313,1.2390754697033552,8.706678703195818,0.01994337129680592,0.005119111968690054,0.05929659285634811,30.00000000000007,0.2063095317449941,646.6814736066125,20.207608849693976,0.0,1.1708680293919937,-0.23985125786197314,1.1460380955074398,0.0,0.039028934313066366,646.1381813811327,17.561870833317744
34.1,4.369852152489701,1.3465374436311226,8.591924190393993,0.0018548370413330219,-0.004152812324930646,0.04673399981860781,30.00000000000007,0.21021242517630076,649.6142078513898,20.839355908442226,0.0,1.1746782817482924,-0.2451173607058968,1.1488196312266326,0.0,0.03915594272494299,,
34.2,4.806382486624683,1.3178959186581067,8.170221867666298,0.015406793766023844,-0.014089362449791644,0.050256837358619924,30.00000000000007,0.21412801944879506,652.5444421876933,21.48259881719198,0.0,1.1782242364468345,-0.2503672809411905,1.1513160191645218,0.0,0.03927414121489439,,
34.300000000000004,5.077875535127976,1.1850000229138968,8.596727124924842,0.04259215752177016,0.00500208432615798,0.04482861864809097,30.00000000000007,0.2180554335702845,655.4721241016513,22.13736099504023,0.0,1.1815050956627724,-0.25559678644840056,1.153527014783073,0.0,0.03938350318875899,,
34.4,4.714422993549342,1.2206788913285918,8.548917666681854,-0.00043210064952401567,0.005534587682071935,0.047184464845225066,30.00000000000007,0.2219937838891604,658.3972013152516,22.80366300739974,0.0,1.1845201212166232,-0.2608016189632357,1.1554524798161103,0.0,0.039484004040554015,,
34.5,5.002957039632655,1.2111167079097733,8.796529015469442,0.014506734607265592,0.00341083788439535,0.05981761733232339,30.00000000000007,0.2259421842932158,661.3196218291272,23.481522565308964,0.0,1.1872686347403574,-0.26597749813289245,1.1570923824505972,0.0,0.03957562115801182,,
34.6,4.685390187578837,1.310816054774608,8.511954898666989,0.018936226563975974,0.017016412119536427,0.04161701804448167,30.00000000000007,0.22989974640901698,664.2393339655322,24.170954525807467,0.0,1.1897500178300267,-0.27112012560211224,1.1584467974059247,0.0,0.03965833392766746,,
34.7,4.713493014022765,1.342968818408057,8.517659643652653,0.02165681857536551,0.017112108650625305,0.028113332791547672,30.00000000000007,0.2338655798017837,667.1562864114657,24.87197089337695,0.0,1.1919637121849045,-0.2762251891242549,1.1595159059102584,0.0,0.03973212373949672,,
34.800000000000004,4.818384860817955,1.2708281271107091,8.442334338502523,0.01209847110187924,-0.006024318363385185,0.02657968766957352,30.00000000000007,0.2378387921757334,670.0704282619033,25.58458082244673,0.0,1.1939092197331,-0.2812883666926333,1.1602999955731665,0.0,0.03979697399110324,,
34.9,4.603579499622546,1.2281547231333945,8.576620919661258,0.003829468663477659,0.010903066429127474,0.04813452746557971,30.00000000000007,0.24181848957484373,672.9817090630952,26.30879062096161,0.0,1.1955861027436223,-0.28630533068732933,1.1607994601539502,0.0,0.03985287009145398,,
35.0,4.659432804745358,1.3706309523968958,8.723393155014362,0.010125716693081105,-0.005770478389289835,0.025427170065772838,30.00000000000007,0.24580377658398914,675.8900788558877,27.04460375500903,0.0,1.1969939839248682,-0.2912717520326888,1.161014799225288,0.0,0.03989979946416218,671.2703071389494,28.380196612755334
35.1,4.712965097391064,1.282445703112216,8.765044814717792,0.03028410493707053,-0.016972104648188043,0.04460375650462965,30.00000000000007,0.24979375653040536,678.7954882190286,27.792020854501253,0.0,1.1981325465095116,-0.29618330436068036,1.1609466177319936,0.0,0.03993775155031696,,
35.2,4.688374904659695,1.013004164959528,8.4681460777698,0.009778990952568112,-0.008934584893865035,0.04104647996570287,30.00000000000007,0.25378753168543705,681.6978883124125,28.551039719907337,0.0,1.199001534325774,-0.3010356681753001,1.1605956254448881,0.0,0.03996671781085904,,
35.300000000000004,4.803501522071337,1.3267465309900375,8.437069098754227,0.016800955559705046,-0.014347773975324723,0.03948545951636724,30.00000000000007,0.257784203466523,684.5972309202266,29.321655330028694,0.0,1.199600751855063,-0.3058245350132059,1.1599626363099758,0.0,0.03998669172850201,,
35.4,4.735636816747939,1.2148193857497307,8.523335496725197,0.019981075862949494,-0.0030131775584627245,0.051869023604783696,30.00000000000007,0.26178287263937317,687.4934684939543,30.103859850810778,0.0,1.1999300642759625,-0.31054561159577865,1.1590485676933127,0.0,0.03999766880919865,,
35.5,4.778186512073664,1.3631224972426057,8.530288594624173,-0.0029590093868631616,-0.00493573026051981,0.03303083239475641,30.00000000000007,0.265782639520293,690.3865541951949,30.89764264518262,0.0,1.1999893974945666,-0.3151946239678261,1.1578544395221506,0.0,0.039999646583152124,,
35.6,4.906986112099008,0.9222984419798622,8.452691443092716,0.04477166379812203,-0.012474001654789707,0.05331858631455218,30.00000000000007,0.2697826041786082,693.2764419382594,31.70299028391477,0.0,1.1997787381611518,-0.319767321618174,1.1563813733231372,0.0,0.03999262460537163,,
35.7,4.745009283631237,1.3046574214323545,8.696475574540411,0.013812245590539615,0.017889065045156805,0.041840471250556,30.00000000000007,0.2737818666391454,696.1630864324997,32.51988655748517,0.0,1.1992981336731794,-0.3242594815774239,1.1546305911585366,0.0,0.03997660445577255,,
35.800000000000004,4.706512938211881,1.1081227558497404,8.569089230304039,0.03189343825668666,-0.013870859906191491,0.05338493995940871,30.00000000000007,0.27777952708472264,699.0464432243318,33.34831248894168,0.0,1.1985476921646316,-0.3286669124882025,1.1526034144616424,0.0,0.03995158973882096,,
35.9,4.7986769923406785,1.2122286249955283,8.586512540357239,0.022193124834952595,0.0006695278304206238,0.03662024559965026,30.00000000000007,0.28177468605860473,701.9264687389128,34.18824634774855,0.0,1.197527582481682,-0.33298545864327717,1.1503012627727347,0.0,0.03991758608272264,,
36.0,4.819884777818387,1.3139573596364393,8.47773898964932,0.023507949370591166,-0.011515508750346863,0.03388361882907963,30.00000000000007,0.285766444666877,704.8031203214293,35.039663664603744,0.0,1.1962380341447056,-0.3372110039869732,1.1477256523771207,0.0,0.03987460113815676,711.4097032691626,26.639430532825166
36.1,5.06708671620752,1.2583582149639618,8.365116859235501,0.032534084115018194,0.018251241783552714,0.03792246464298767,30.00000000000007,0.2897539047806927,707.6763562779605,35.90253724721242,0.0,1.1946793372966378,-0.34133947607539367,1.144878194846993,0.0,0.039822644576554496,,
36.2,4.681377479372026,1.2605944594435503,8.369812786344035,0.025049926506462646,0.009454438840955705,0.04388851604741838,30.00000000000007,0.2937361692383481,710.5461359158746,36.77683719700151,0.0,1.192851842637694,-0.34536684999101985,1.1417605954890115,0.0,0.03976172808792304,,
36.300000000000004,4.992856434207861,1.0993098870249622,8.842971125867479,0.008306262933576863,0.012988772126723414,0.02707146077079413,30.00000000000007,0.2977123420471404,713.412419583721,37.66253092675893,0.0,1.1907559613464627,-0.34928915220734735,1.138374651699699,0.0,0.03969186537821533,,
36.4,4.657903091239847,1.1465296789215338,8.860403586631726,0.007007246546378132,0.014366734003302767,0.025479520192993734,30.00000000000007,0.30168152858496194,716.2751687105787,38.559583179180365,0.0,1.1883921649873925,-0.3531024643993069,1.134722251230916,0.0,0.03961307216624632,,
36.5,4.966503706827182,1.3101388638725737,8.520967308520644,0.02315426607087696,0.012950493128618326,0.05370450318429962,30.00000000000007,0.3056428358015866,719.1343458448252,39.46795604630557,0.0,1.185760985404692,-0.35680292719530915,1.1308053703678476,0.0,0.039525366180156306,,
36.6,4.912776132446272,1.1988952356088716,8.426291391866004,0.009688257120648934,0.007148047637394703,0.042423634645331366,30.00000000000007,0.3095953724196022,721.9899146922878,40.38760898982532,0.0,1.182863014602667,-0.3603867438668598,1.1266260720221024,0.0,0.03942876715342214,,
36.7,4.910280096835699,1.4451020167450215,8.576029875787174,0.02470796966732956,0.0010311790779703079,0.04566586351735554,30.00000000000007,0.31353824913494444,724.8418401537392,41.31849886223922,0.0,1.1796989046125224,-0.3638501839517945,1.1221865037426846,0.0,0.03932329682041732,,
36.800000000000004,4.757505911857737,1.1615658903161892,8.61996262038825,0.018954777438962282,-0.005120877899350347,0.03388481810027489,30.00000000000007,0.31747057881698615,727.6900883617059,42.260579928843896,0.0,1.1762693673456572,-0.36718958680730285,1.117488895647753,0.0,0.039208978911521815,,
36.9,4.744148344107429,0.9910716244734946,8.488220990161683,0.03161586000604796,0.009811115710766882,0.037638188645489325,30.00000000000007,0.32139147670813834,730.5346267165502,43.21380389053033,0.0,1.1725751744334887,-0.37040136508902594,1.1125355582802343,0.0,0.039085839147782866,,
37.0,5.0024027646997045,1.1423435308264525,8.576965069255841,0.0012017646545772198,-0.010681921942841772,0.03588501221197632,30.00000000000007,0.3253000606229166,733.3754239217941,44.1781199073682,0.0,1.168617157053837,-0.3734820081526418,1.1073288803904928,0.0,0.03895390523512781,735.5454503204799,50.46514544700473
37.1,5.07125511601263,1.1824193878744336,8.62212300403036,0.016547947819533337,0.0012881868750436263,0.04190705590795598,30.00000000000007,0.3291954511464294,736.2124500186509,45.15347462295465,0.0,1.1643962057439146,-0.37642808537448186,1.101871326649408,0.0,0.038813206858130396,,
37.2,4.845045826723887,1.1460431794080987,8.696380000108736,0.01577572061961594,0.017876842662878076,0.039647278339985936,30.00000000000007,0.33307677183224244,739.0456764197321,46.13981218950393,0.0,1.1599132701999597,-0.3792362493878574,1.0961654352953278,0.0,0.0386637756733319,,
37.300000000000004,5.01668225579514,1.1264479569106038,8.296368049457309,0.011054019297558247,0.009311713350967697,0.041336131271675916,30.00000000000007,0.33694314939957565,741.8750759418979,47.13707429365405,0.0,1.1551693590635572,-0.3819032392319157,1.0902138157184946,0.0,0.03850564530211848,,
37.4,4.652482525949492,1.158122883719326,8.279759554320991,0.02610403086365188,-0.01981276078262688,0.02237545853626954,30.00000000000007,0.3407937139297875,744.7006228382206,48.14520018296575,0.0,1.1501655396947,-0.38442588340999145,1.0840191459866602,0.0,0.03833885132315657,,
37.5,4.667570507863389,0.9745136630827937,8.532323374970883,0.004498799445133848,-0.00719870661554041,0.04676931469562522,30.00000000000007,0.34462759906210316,747.5222928290306,49.16412669308854,0.0,1.1449029379316353,-0.386801102854564,1.0775841703157034,0.0,0.03816343126438775,,
37.6,4.799816999382662,1.1043482127279445,8.760853139789171,0.018344654336446158,-0.0033213990721821735,0.05100336161072453,30.00000000000007,0.3484439421885419,750.3400631320168,50.19378827556827,0.0,1.1393827378375592,-0.38902591379608753,1.0709116964891787,0.0,0.03797942459458522,,
37.7,4.618278689636225,1.224040196647253,8.547692980338994,0.009168423643175777,-5.158130866597307e-06,0.04459171662629956,30.00000000000007,0.35224188464800044,753.1539124913531,51.23411702626994,0.0,1.1336061814342047,-0.3910974305331118,1.0640045932307984,0.0,0.037786872714473396,,
37.800000000000004,4.8248519354116155,0.8179270071649286,8.599145062395849,0.02037954310678449,-0.004750627226547221,0.03489759614301026,30.00000000000007,0.3560205719194478,755.9638212058243,52.28504271438923,0.0,1.1275745684223923,-0.39301286810127073,1.0568657875339507,0.0,0.03758581894741299,,
37.9,4.914159639184449,1.0589128856309191,8.366973557460161,0.014279474941408056,0.002078601669705046,0.035206496679536466,30.00000000000007,0.3597791538141891,758.7697711559244,53.34649281202561,0.0,1.121289255889605,-0.3947695448388785,1.0494982619524287,0.0,0.037376308529653415,,
38.0,4.791452673975709,1.0365857943896148,8.574308199428545,0.01381255054492992,-0.01584639027493643,0.030821921462932125,30.00000000000007,0.3635167846671545,761.5717458299052,54.41839252428987,0.0,1.114751658004646,-0.396364884847029,1.041905051856602,0.0,0.037158388600154774,764.4029843091208,53.05823554511348
38.1,4.743274642277402,1.2774085615751367,8.444217168708624,0.0374980605802233,0.006338442646237246,0.03375139831165827,30.00000000000007,0.36723262352716995,764.3697303487472,55.50066481991823,0.0,1.1079632456994588,-0.3977964203422659,1.0340892426593358,0.0,0.036932108189981876,,
38.2,5.001111203681566,0.9310063292861092,8.726790730701133,0.012504539300242314,-0.0013562747422723798,0.01917307505622909,30.00000000000007,0.37092583434616816,767.1637114900349,56.59323046236515,0.0,1.1009255463381742,-0.3990617939000483,1.0260539670160058,0.0,0.03669751821127239,,
38.300000000000004,5.218737868831226,1.2222706568933215,8.68196914648925,0.030315109624392475,0.009734959834488634,0.026462009055369436,30.00000000000007,0.3745955861672954,769.9536777107111,57.69600804134676,0.0,1.0936401433734586,-0.4001587605874061,1.0178024020029968,0.0,0.036454671445781864,,
38.400000000000006,4.935028347972589,1.0543077863806374,8.530698491721814,0.017105781029746876,-0.0024342247050821333,0.044407957620463276,30.00000000000007,0.3782410533118736,772.739619168692,58.80891400480644,0.0,1.0861086759902434,-0.40108518998334625,1.0093377662791096,0.0,0.036203622533008024,,
38.5,4.931247239872486,1.0994854672142298,8.641635266604856,0.0024303796317589957,-0.005878795142624659,0.04161407573680544,30.00000000000007,0.3818614155651744,775.5215277433226,59.9318626912742,0.0,1.0783328387369175,-0.4018390680857355,1.0006633172343267,0.0,0.035944427957897165,,
38.6,4.94115586649036,1.160522689917565,8.468806473058438,0.019697934534824137,-0.002877867631252978,0.024378382007137215,30.00000000000007,0.38545585836096413,778.2993970546543,61.06476636259121,0.0,1.070314381144058,-0.4024184991035503,0.9917823481303919,0.0,0.03567714603813518,,
38.7,4.802189110273971,1.256076757978461,8.500935139488046,0.01079678244883114,-0.0111388880095574,0.02928617850813975,30.00000000000007,0.38902357296477763,781.0732224815287,62.20753523697092,0.0,1.0620551073307962,-0.40282170713355314,0.9826981852376848,0.0,0.035401836911026455,,
38.800000000000004,4.741466561408211,0.9054621110629169,8.820967852416826,0.016542281169133005,0.014120464922250919,0.04176902338674456,30.00000000000007,0.3925637566558803,783.8430011784507,63.3600775223682,0.0,1.0535568755988958,-0.40304703772061456,0.9734141849728433,0.0,0.035118562519963106,,
38.900000000000006,4.742226474114802,0.9342328238502788,8.617574003300323,0.012872732004310296,-0.011895717991845417,0.024919102948278,30.00000000000007,0.3960756129078766,786.6087320912364,64.52229945012779,0.0,1.0448215980146456,-0.40309295930106653,0.9639337310416035,0.0,0.034827386600488106,,
39.0,5.182320892383863,1.1128906099365152,8.528396566690057,0.01196836263948155,0.010571637816068902,0.026371410346773358,30.00000000000007,0.3995583515679254,789.3704159714226,65.69410530888382,0.0,1.035851239978651,-0.4029580645286308,0.9542602315912828,0.0,0.03452837466595495,790.8008639097097,64.1807556665632
39.1,4.663599593239167,1.0996665669793801,8.567853934426932,0.0033234496965322095,0.006768425991343903,0.0462077252655302,30.00000000000007,0.4030111890345209,792.1280553894245,66.8753974786818,0.0,1.026647819783625,-0.40264107148262546,0.9443971163773183,0.0,0.03422159399278742,,
39.2,5.050833431641129,1.180790850185893,8.52687479515561,0.019370649158634852,-0.01394289985320738,0.04429087447437843,30.00000000000007,0.40643334843379963,794.8816547464326,68.06607646529518,0.0,1.0172134081602857,-0.4021408247583138,0.9343478339482396,0.0,0.03390711360534278,,
39.300000000000004,4.852599001498945,1.0954333530868747,8.523143710627663,0.01046244744753456,0.005909264275192797,0.036002881128995586,30.00000000000007,0.4098240597943339,797.6312202850364,69.26604093470824,0.0,1.0075501278114474,-0.40145629643940367,0.92411584885339,0.0,0.0335850042603815,,
39.400000000000006,4.807281809408782,1.2448628394945582,8.39396619764104,0.006685970908767616,-0.013733781592408368,0.03537360789913567,30.00000000000007,0.41318256022037203,800.3767600985676,70.47518774773796,0.0,0.9976601529344218,-0.40058658695286464,0.9137046388776785,0.0,0.033255338431147315,,
39.5,4.8757859250699465,0.9627226019320256,8.58017454311033,0.023755287114976105,0.00023879735758139276,0.019256614367631028,30.00000000000007,0.41650809406348677,803.1182841391541,71.69341199476713,0.0,0.9875457087318337,-0.3995309258063754,0.9031176923075752,0.0,0.03291819029106104,,
39.6,4.792976560994267,0.8580161652246606,8.408992457204066,0.02477321941754293,0.009346903227526033,0.030829510805199363,30.00000000000007,0.41979991309259285,805.8558042244795,72.920607030562,0.0,0.9772090709109574,-0.39828867220885233,0.8923585052324912,0.0,0.03257363569703184,,
39.7,5.038415820575492,0.804090789613022,8.791694197735366,0.030538328146727526,-0.014190061385831652,0.049729904790143775,30.00000000000007,0.42305727666229603,808.5893340432416,74.15666450914766,0.0,0.9666525651716957,-0.39685931557466037,0.8814305788856157,0.0,0.03222175217238978,,
39.800000000000004,4.589100189537524,1.0167524804321206,8.680175034146735,0.013850848216890513,-0.009555830449237763,0.03618154871265672,30.00000000000007,0.42627945187953503,811.3188891593071,75.40147441871488,0.0,0.9558785666833058,-0.3952424759122288,0.8703374170281905,0.0,0.03186261888944345,,
39.900000000000006,4.686332605211225,0.7365185481635672,8.489074944048584,0.016240483565651675,-0.012067974288889316,0.025331218981573145,30.00000000000007,0.42946571376847936,814.0444870145571,76.65492511653281,0.0,0.9448894995499943,-0.39343790409793694,0.8590825233811135,0.0,0.031496316651666405,,
40.0,4.868100243100176,0.9342292933594711,8.629272635069459,0.030822993789750612,-0.0063186910797994305,0.041862593132352736,30.00000000000007,0.432615345433646,816.7661469304251,77.91690336384214,0.0,0.9336878362655077,-0.3914454820362587,0.8476693991076748,0.0,0.031122927875516848,806.55564182872,74.16724363591307
40.1,5.0635404487660285,1.0287691871299964,8.440018034828304,-0.012944050065480908,-0.0022564307894713813,0.031639257643821236,30.00000000000007,0.4357276382211977,819.4838901081226,79.18729436070421,0.0,0.9222760971568266,-0.38926522270726865,0.836101540351104,0.0,0.030742536571894147,,
40.2,4.7025558966290495,1.0749823390768662,8.600907237233253,0.01975710155007058,0.01105959731120571,0.04187614229980446,30.00000000000007,0.43880189187838714,822.1977396275569,80.4659817807817,0.0,0.9106568498171083,-0.3868972701027434,0.8243824358305216,0.0,0.03035522832723687,,
40.300000000000004,5.039563290332418,0.9788013162589041,8.757547287207466,0.01525609509830091,0.013077794197736246,0.04093587746886376,30.00000000000007,0.4418374147111108,824.907720444938,81.75284780602755,0.0,0.8988327085279859,-0.3843418990521871,0.8125155644987447,0.0,0.029961090284266127,,
40.400000000000006,4.579034705295955,0.8534720485651875,8.40801119679153,0.02703064484591789,-0.022971329389544,0.0348342848499683,30.00000000000007,0.44483352373953744,827.6138593890824,83.04777316125922,0.0,0.8868063336713664,-0.38159951494022815,0.8005043932652921,0.0,0.02956021112237881,,
40.5,4.85350645509325,0.8661761889068216,8.51302073647644,0.028733738248515397,-0.012730316645854447,0.023537797161831787,30.00000000000007,0.4477895448517753,830.3161851564121,84.35063714859605,0.0,0.8745804311308584,-0.37867065331693045,0.7883523747878021,0.0,0.02915268103769521,,
40.6,4.685876665212111,0.6953489404599211,8.523501336461766,0.019694763073157727,-0.010794426012111256,0.0247469313039498,30.00000000000007,0.4507048129555448,833.0147283046574,85.6613176817383,0.0,0.8621577516829532,-0.37555597940265195,0.7760629453349256,0.0,0.028738591722765036,,
40.7,4.709390522591282,0.81244309296567,8.76450741970495,0.021862060974310798,0.005945932707661234,0.021713156306326854,30.00000000000007,0.4535786721278213,835.7095212452675,86.97969132006698,0.0,0.8495410903781203,-0.3722562874891875,0.763639522723656,0.0,0.028318036345937277,,
40.800000000000004,4.816665451424523,0.8298004621885435,8.55079799197887,0.018760602517838138,0.007672750591360748,0.03511421166720997,30.00000000000007,0.45641047576241506,838.4005982345354,88.30563330254475,0.0,0.8367332859119269,-0.36877250023899566,0.751085504333861,0.0,0.027891109530397497,,
40.900000000000006,4.803425428389077,0.8268543788397102,8.633789677741785,0.03657985825022257,-0.005772443877493923,0.01789890484919747,30.00000000000007,0.4591995867154548,841.0879953634468,89.63901758139845,0.0,0.8237372199863454,-0.36510566788440574,0.7384042652026834,0.0,0.027457907332878114,,
41.0,4.936672696625492,0.6016556322525699,8.917259969449495,-0.0075555365666355925,-0.007125355521011558,0.023538882554962424,30.00000000000007,0.4619453774487426,843.7717505462583,90.97971685556502,0.0,0.8105558166613831,-0.3612569673287621,0.7255991562012923,0.0,0.02701852722204604,849.9641114925431,88.10191161639912
41.1,4.6242083939541665,1.0679850393636143,8.596141317892158,0.007800411970313166,0.018951972165917663,0.024542937230868585,30.00000000000007,0.46464723017094717,846.4519035078184,92.3276026038833,0.0,0.7971920416971779,-0.3572277011515302,0.7126735022963238,0.0,0.026573068056572537,,
41.2,4.796126835870809,0.5830505630298816,8.347338231022192,-0.003482587447786411,0.012059695276836216,0.016302281219822586,30.00000000000007,0.4673045369766044,849.1284957696391,93.68254511801504,0.0,0.7836489018867197,-0.3530192965194559,0.6996306008981954,0.0,0.026121630062890592,,
41.300000000000004,4.9275102025439645,0.7830556618791837,8.299557065177169,0.007785172297954825,-0.0009716171852781458,0.025897385029710777,30.00000000000007,0.4699166999828935,851.8015706347312,95.04441353507923,0.0,0.7699294443793304,-0.3486333040059116,0.6864737202982982,0.0,0.025664314812644286,,
41.400000000000006,4.723604811952888,0.7388445382546955,8.826723339930789,0.028115097790719985,-0.0045520985388852785,0.015307420757939434,30.00000000000007,0.47248313146415793,854.4711731712148,96.41307586998506,0.0,0.7560367559950717,-0.34407139632062217,0.6732060981969258,0.0,0.025201225199835663,,
41.5,4.81545130492532,0.5318751379980013,8.679297006296865,0.008916722272643722,0.01090181106933043,0.025533763517726495,30.00000000000007,0.4750032539841415,857.1373501947193,97.78839904744953,0.0,0.741973962530221,-0.3393353669520001,0.6598309403236174,0.0,0.024732465417673974,,
41.6,4.832584514659755,0.8035414884024815,8.35757363749262,0.013318946463867986,0.002243015219248766,0.03579330434590748,30.00000000000007,0.4774765005259089,859.8001502495861,99.17024893368648,0.0,0.7277442280539794,-0.3344271287243579,0.6463514191514274,0.0,0.02425814093513259,,
41.7,4.757154603725602,0.697537793989308,8.718737904360315,0.014015410246199574,-0.007986662696455878,0.023428002999486962,30.00000000000007,0.4799023146194222,862.4596235888898,100.55849036775533,0.0,0.7133507541965735,-0.32934871227229934,0.6327706727064699,0.0,0.02377835847321906,,
41.800000000000004,5.039271742363423,0.9086634057368135,8.417152568497636,0.016501455800989752,-0.019680716037424786,0.04414817703608677,30.00000000000007,0.4822801504667441,865.1158221532933,101.95298719255814,0.0,0.6987967794288995,-0.32410226443461054,0.6190918034738949,0.0,0.023293225980963263,,
41.900000000000006,4.568173895874278,0.9263714389703512,8.543156181405186,0.026760872220367896,0.004280478475375485,0.024530867416030975,30.00000000000007,0.4846094730648404,867.7687995487531,103.35360228547499,0.0,0.6840855783338807,-0.3186900465699993,0.605317877401297,0.0,0.022802852611129302,,
42.0,4.7264768626356375,0.8062355543090844,8.336174881017673,0.0061078458374600976,-0.014108139026605564,0.034048975435384626,30.00000000000007,0.4868897583259534,870.4186110230937,104.76019758862857,0.0,0.669220460869702,-0.31311443279704254,0.5914519230003761,0.0,0.02230734869565668,874.2832335161279,106.26294969611918
42.1,4.789045734584542,0.7800651895613694,8.687723833568903,0.012364680689940571,0.003396740470562846,0.030897538381838438,30.00000000000007,0.48912049319551903,873.065313441467,106.17263413876962,0.0,0.6542047716250795,-0.3073779081607104,0.5774969305474864,0.0,0.02180682572083593,,
42.2,4.847124835812236,0.5551961361820595,8.454301533507312,0.01747035888003385,0.0021270936204449177,0.03421248387076303,30.00000000000007,0.4913011757676026,875.7089652607169,107.5907720967764,0.0,0.6390418890667464,-0.3014830667278473,0.5634558513835562,0.0,0.02130139630222483,,
42.300000000000004,4.824651665402164,0.5109310348061854,8.555398209706894,0.016785126692516437,0.01068851581372639,0.019069309915253126,30.00000000000007,0.4934313153978251,878.3496265026693,109.01447077676161,0.0,0.6237352247793116,-0.29543260961398005,0.5493315973136554,0.0,0.02079117415931034,,
42.400000000000006,4.753151741673467,0.7988435789838108,8.534120086302735,0.015512112048085985,0.009297375229760506,0.04217441124049995,30.00000000000007,0.4955104328137561,880.9873587263648,110.44358867478194,0.0,0.6082882226976646,-0.2892293429438263,0.5351270401063342,0.0,0.020276274089922105,,
42.5,5.012555916306869,0.650892151887885,8.562703511767342,0.02910644806445517,0.017247672442985553,0.034298154712147075,30.00000000000007,0.4975380602227483,883.6222249992594,111.87798349714578,0.0,0.5927043583321084,-0.2828761757478693,0.5208450110926829,0.0,0.01975681194440357,,
42.6,4.673041869910787,0.5261586617977879,8.389224734816501,0.02777872796576447,0.006974077556430333,0.037093999364099337,30.00000000000007,0.4995137414171887,886.2542898674097,113.31751218831624,0.0,0.5769871379863794,-0.2763761177973419,0.5064883008648698,0.0,0.019232904599545932,,
42.7,4.876917384528912,0.6285822838915252,8.649566873361758,0.006021532807745896,-0.006874281123181515,0.02731785564124011,30.00000000000007,0.5014370318771433,888.8836193246689,114.76203095840694,0.0,0.5611400979687494,-0.26973227737996247,0.49205965907377197,0.0,0.0187046699322916,,
42.800000000000004,4.962261609992887,0.7251017883742624,8.530616637406592,0.006259013606805934,-0.005223955558538613,0.014290352143754192,30.00000000000007,0.5033074988703724,891.5102807809135,116.2113953102695,0.0,0.5451668037963685,-0.2629478590187242,0.4775617943251086,0.0,0.018172226793212242,,
42.900000000000006,5.023294023959898,0.29021892956257883,8.754567957029703,0.015553082610945883,-0.005901923023595287,0.020404502620383735,30.00000000000007,0.5051247215496937,894.1343430293251,117.66546006617274,0.0,0.5290708493930383,-0.25602616113603355,0.4629973741733497,0.0,0.017635694979767903,,
43.0,4.804848788079884,0.28158505278775087,8.438780220887226,0.017729338724616822,0.009947460987597802,0.026470252784848602,30.00000000000007,0.5068882910476704,896.7558762127508,119.12407939407385,0.0,0.5128558562805974,-0.24897057366545722,0.44836902521248934,0.0,0.017095195209353205,902.133428949716,120.56878687860029
43.1,4.76844626092096,0.5263556137611792,8.684840648122544,0.008248724345271671,0.005267214073942673,0.030049651052489544,30.00000000000007,0.5085978105686058,899.3749517891656,120.58710683348366,0.0,0.49652547276408593,-0.2417845756133023,0.4336793332626013,0.0,0.01655084909213616,,
43.2,4.852942509180528,0.4897525719308371,8.679522115185332,0.01613705044650489,0.0060878229969520345,0.008666991139227797,30.00000000000007,0.5102528954778194,901.9916424962636,122.05439532092852,0.0,0.4800833731109041,-0.23447173257224133,0.4189308436509717,0.0,0.016002779103696765,,
43.300000000000004,4.742227109161959,0.5270245027891968,8.703648640334382,-0.0017209385141626473,-0.00738175288737815,0.01984657637454539,30.00000000000007,0.511853173388189,904.6060223152003,123.52579721501223,0.0,0.4635332567241089,-0.22703569418912545,0.4041260615863824,0.0,0.015451108557470259,,
43.400000000000006,4.619489985414228,0.5247388025027309,8.646918243202805,0.0008945848722557237,0.0021591451332227114,0.012550898814101086,30.00000000000007,0.5133982842439361,907.2181664335144,125.00116432108278,0.0,0.44687884731006694,-0.21948019158912466,0.389267452625024,0.0,0.014895961577002195,,
43.5,4.701336508297301,0.3876144077019366,8.569688911709598,0.009490890748244631,0.002207272791036512,0.01577672737208779,30.00000000000007,0.5148878804016362,909.8281512072524,126.48034791550907,0.0,0.4301238920406373,-0.21180903475827267,0.3743574432263297,0.0,0.014337463068021208,,
43.6,4.6647825398283125,0.6148536293472725,8.996024892199568,0.0018382442037715848,0.001954005130963507,0.011536272415025549,30.00000000000007,0.5163216267084384,912.4360541223252,127.96319876957406,0.0,0.413272160710069,-0.2040261098864586,0.3593984213968779,0.0,0.0137757386903356,,
43.7,4.892945788772786,0.24331784183082258,8.296107509639125,0.019909955277744997,0.008008650478127557,0.011607230535976589,30.00000000000007,0.517699200577472,915.0419537551217,129.44956717299144,0.0,0.3963274448868198,-0.19613537667287223,0.34439273742038423,0.0,0.01321091482956063,,
43.800000000000004,4.723102103288625,0.48459762339242546,8.576662584393235,0.009525164473762764,0.007416643256487553,0.024379955061061824,30.00000000000007,0.5190202920604281,917.6459297324061,130.93930295705383,0.0,0.37929355706046447,-0.1881408655958491,0.3293427046716299,0.0,0.012643118568682119,,
43.900000000000006,4.753524122277322,0.37354273626752127,8.556272190803217,-0.007320664425998991,0.0001468042568314976,0.018614869034087475,30.00000000000007,0.5202846039172964,920.2480626905289,132.43225551742125,0.0,0.3621743297839037,-0.18004667514903547,0.31425060051207143,0.0,0.012072477659463428,,
44.0,4.872195470541458,0.06386251911892393,8.554546211317163,-0.007789462056998278,-0.0011739843749770595,0.0008385227219435427,30.00000000000007,0.5214918516832427,922.8484342339765,133.9282738365596,0.0,0.3449736148110541,-0.17185696904573217,0.2991186672647158,0.0,0.011499120493701775,919.2187871580685,136.12047483276132
44.1,4.650766271123762,0.38990377854704955,8.771594712724394,0.01575669518824085,-0.005626113877608375,-0.004890191662741485,30.00000000000007,0.522641763732613,925.44712689329,135.42720650583954,0.0,0.3276952822302175,-0.16357597339324026,0.2839491132657326,0.0,0.010923176074340558,,
44.2,4.763347457984557,0.3273098784930391,8.717531737842833,0.01350403857482764,0.014052614986849836,0.016749270665317728,30.00000000000007,0.523734081340047,928.0442240823799,136.92890174730658,0.0,0.3103432195933332,-0.15520797383898569,0.26874411399015347,0.0,0.010344773986444416,,
44.300000000000004,4.8963754203852465,0.28087262220153064,8.312876470511524,0.006306434054488716,0.011171926808401447,0.01403528413101595,30.00000000000007,0.5247685587386914,930.6398100552653,138.43320743513485,0.0,0.29292133104129103,-0.14675731269014203,0.2535058132488671,0.0,0.00976404436804301,,
44.400000000000006,4.631505772878948,0.1407086757972715,8.666665149710653,-0.00787213739441114,-0.02594167685442513,0.011741817632782694,30.00000000000007,0.5257449631754957,933.2339698622696,139.93997111677643,0.0,0.2754335364255172,-0.13822838600844248,0.23823632445403398,0.0,0.009181117880850551,,
44.5,4.866780828638114,0.191940136204199,8.566890480444766,0.016211844418064995,0.017033256020375767,0.020485110891077633,30.00000000000007,0.5266630749635808,935.8267893056968,141.44904003381984,0.0,0.25788377042602517,-0.12962564068181476,0.22293773194991448,0.0,0.008596125680867485,,
44.6,4.8565421329133605,0.3023147392452151,8.835026311607422,0.007959502171665338,0.009869001582740051,0.015445803928862646,30.00000000000007,0.5275226875316675,938.4183548950226,142.96026114257137,0.0,0.24027598166612518,-0.12095357147443188,0.20761209240600514,0.0,0.00800919938887082,,
44.7,4.70120436751757,0.18331049870702582,8.632031511360939,0.0013330071882726264,-0.003098918643059312,0.01193818232179553,30.00000000000007,0.5283236074705546,941.0087538016269,144.47348113437369,0.0,0.22261413182400658,-0.11221671805673684,0.19226143626929193,0.0,0.007420471060800201,,
44.800000000000004,4.833337070844013,0.024312457915555752,8.38663092845773,0.003100695209953012,0.003928195613404133,0.0032082829442990927,30.00000000000007,0.5290656545766347,943.5980738130985,145.98854645567684,0.0,0.20490219474137433,-0.10341966201694179,0.17688776927230898,0.0,0.006830073158045795,,
44.900000000000006,4.661325954508385,0.3945932921946356,8.525409990355746,0.013045827635763318,0.011681999348209633,0.01943855720769204,30.00000000000007,0.5297486618924393,946.186403287143,147.50530332787687,0.0,0.18714415552935,-0.09456702385547681,0.1614930739936274,0.0,0.006238138517644985,,
45.0,4.398926538649146,0.05230245664434724,8.75061584515652,0.015013807590873968,0.00875815810320099,-0.002561191281576984,30.00000000000007,0.5303724757442038,948.7721028756421,149.02160273367898,-0.5,0.0,-0.43130935587974467,-0.2529273404173613,0.0,0.0,949.1723180790931,146.77898642259888
45.1,4.177903234479492,-0.041442223792165125,8.697278762919955,0.009117953536910984,-0.0015887724885895846,-0.0028104318784151223,29.95000000000007,0.5303724757442038,951.3534893705823,150.5353728660769,-0.5,0.0,-0.43130935587974467,-0.2529273404173613,0.0,0.0,,
45.2,4.636738339421263,-0.014083101081255784,9.04029687728698,0.02231516246477546,-0.006754853557518602,0.0013331410489097997,29.90000000000007,0.5303724757442038,953.9305627719639,152.04661372507064,-0.5,0.0,-0.43130935587974467,-0.2529273404173613,0.0,0.0,,
45.300000000000004,4.522807624461604,0.020976677613114753,8.523024183393467,0.011663916324532458,0.011223599839006426,-0.0014528043129439644,29.85000000000007,0.5303724757442038,956.5033230797866,153.5553253106602,-0.5,0.0,-0.43130935587974467,-0.2529273404173613,0.0,0.0,,
45.400000000000006,4.5892344847347655,-0.06079606178930082,8.813163803664654,0.006478598590649724,0.001341465154308375,0.012268506019418146,29.800000000000068,0.5303724757442038,959.0717702940505,155.0615076228456,-0.5,0.0,-0.43130935587974467,-0.2529273404173613,0.0,0.0,,
45.5,4.422766313412213,0.15510886497964155,8.526203520923465,-0.014082970402658166,-0.014958609964661293,-0.003824294870833466,29.750000000000068,0.5303724757442038,961.6359044147556,156.56516066162683,-0.5,0.0,-0.43130935587974467,-0.2529273404173613,0.0,0.0,,
45.6,4.357793370921773,-0.03605672478973676,8.602693379138167,-0.0019356562883436276,-0.021572777824920408,0.0044625535045063345,29.700000000000067,0.5303724757442038,964.1957254419019,158.0662844270039,-0.5,0.0,-0.43130935587974467,-0.2529273404173613,0.0,0.0,,
45.7,4.509186219581412,-0.09224871276188915,8.67070965228763,0.010550808758693743,0.017258876457908762,-0.008429065451862953,29.650000000000066,0.5303724757442038,966.7512333754894,159.56487891897677,-0.5,0.0,-0.43130935587974467,-0.2529273404173613,0.0,0.0,,
45.800000000000004,4.528110055786501,0.057239389342294736,8.682183736835317,0.0047137050358492345,0.0015362026673197376,0.0013001216488983504,29.600000000000065,0.5303724757442038,969.3024282155181,161.06094413754548,-0.5,0.0,-0.43130935587974467,-0.2529273404173613,0.0,0.0,,
45.900000000000006,4.332663302938991,-0.06666502709791944,8.846441396775045,0.0026731865039870705,0.0017244666163796901,-0.0020854105232272005,29.550000000000065,0.5303724757442038,971.8493099619881,162.55448008271,-0.5,0.0,-0.43130935587974467,-0.2529273404173613,0.0,0.0,,
46.0,4.1890652797557815,0.20996002013995504,8.792760498607612,0.014346923091577311,-0.00790074916014824,0.014911241162852747,29.500000000000064,0.5303724757442038,974.3918786148992,164.04548675447037,-0.5,0.0,-0.43130935587974467,-0.2529273404173613,0.0,0.0,971.8286459948541,164.2534135221922
46.1,4.398960968480671,0.028533392334562535,8.468360785680888,0.009161041340471745,0.00689113023822846,0.0056677822543080335,29.450000000000063,0.5303724757442038,976.9301341742515,165.53396415282657,-0.5,0.0,-0.43130935587974467,-0.2529273404173613,0.0,0.0,,
46.2,4.345406784887131,0.00715431846093831,8.768742814413901,-0.014476778180309392,0.0036884695477017782,0.007344283749305463,29.400000000000063,0.5303724757442038,979.464076640045,167.0199122777786,-0.5,0.0,-0.43130935587974467,-0.2529273404173613,0.0,0.0,,
46.300000000000004,4.433066808829877,0.13572593690697882,8.95861694732766,-0.010232959372647645,0.0014055695311198633,0.006703341063216074,29.350000000000062,0.5303724757442038,981.9937060122797,168.50333112932643,-0.5,0.0,-0.43130935587974467,-0.2529273404173613,0.0,0.0,,
46.400000000000006,4.423537293354295,-0.009065724299951082,8.924383420499447,0.006600568642630834,0.0006245757922529456,-0.0017462033226207426,29.30000000000006,0.5303724757442038,984.5190222909557,169.9842207074701,-0.5,0.0,-0.43130935587974467,-0.2529273404173613,0.0,0.0,,
46.5,4.274903450686331,0.03847291150657553,9.032241511326962,-0.005880830888559149,-0.002696549671660099,0.00031760349149747517,29.25000000000006,0.5303724757442038,987.0400254760729,171.46258101220957,-0.5,0.0,-0.43130935587974467,-0.2529273404173613,0.0,0.0,,
46.6,4.708854451888037,-0.04670825636878738,8.875536806388208,-0.0020730741939736868,0.005075240554346177,0.00375801426225608,29.20000000000006,0.5303724757442038,989.5567155676312,172.9384120435449,-0.5,0.0,-0.43130935587974467,-0.2529273404173613,0.0,0.0,,
46.7,4.263832428417333,0.039465305608284235,8.53393164297708,-0.018762741703720786,0.007685224921756406,-0.0020935522187801783,29.15000000000006,0.5303724757442038,992.0690925656307,174.41171380147605,-0.5,0.0,-0.43130935587974467,-0.2529273404173613,0.0,0.0,,
46.800000000000004,4.089704983083547,0.07447542812658658,8.940248310363415,-0.009315353669690555,-0.014411098337500566,0.0046990377770798585,29.10000000000006,0.5303724757442038,994.5771564700715,175.88248628600303,-0.5,0.0,-0.43130935587974467,-0.2529273404173613,0.0,0.0,,
46.900000000000006,4.3769604793135395,0.2546899560065638,8.947982258959973,-0.0013214199238824945,0.005864431481989345,0.007918605732011856,29.050000000000058,0.5303724757442038,997.0809072809534,177.35072949712583,-0.5,0.0,-0.43130935587974467,-0.2529273404173613,0.0,0.0,,
47.0,4.240542101730876,-0.09977223096039918,8.63740321813067,-0.010311483325535968,-0.007173752367496221,0.01857462048188389,29.000000000000057,0.5303724757442038,999.5803449982766,178.81644343484444,-0.5,0.0,-0.43130935587974467,-0.2529273404173613,0.0,0.0,1005.0289613951626,171.01866149776168
47.1,4.182530465279697,0.08731264035474062,8.812760317232662,-0.012508788674798219,-0.0012750766296289048,0.0044390732190427145,28.950000000000056,0.5303724757442038,1002.0754696220409,180.27962809915888,-0.5,0.0,-0.43130935587974467,-0.2529273404173613,0.0,0.0,,
47.2,4.259222037614365,-0.11333909347121747,9.0012502402057,-0.005581991806040624,0.013239104369367547,0.018348469604686498,28.900000000000055,0.5303724757442038,1004.5662811522465,181.74028349006917,-0.5,0.0,-0.43130935587974467,-0.2529273404173613,0.0,0.0,,
47.300000000000004,4.336220144831312,-0.050371237352011336,8.966929182427085,0.008559077157352286,-0.011189931821914849,0.012528349241737291,28.850000000000055,0.5303724757442038,1007.0527795888933,183.1984096075753,-0.5,0.0,-0.43130935587974467,-0.2529273404173613,0.0,0.0,,
47.400000000000006,4.450491505099702,0.21049775743968374,8.463691721252891,-0.00727186788409634,0.007818447407364638,0.011364702206232216,28.800000000000054,0.5303724757442038,1009.5349649319812,184.65400645167722,-0.5,0.0,-0.43130935587974467,-0.2529273404173613,0.0,0.0,,
47.5,4.318100496505803,0.02467204223703199,8.678776014637805,-0.00028894191746312714,0.010792981582001922,0.002598420733040378,28.750000000000053,0.5303724757442038,1012.0128371815103,186.10707402237497,-0.5,0.0,-0.43130935587974467,-0.2529273404173613,0.0,0.0,,
47.6,4.389001626612332,0.050238772661632,8.590521039766932,-0.010475502330122953,-0.0006427152746464996,0.006272188366270973,28.700000000000053,0.5303724757442038,1014.4863963374808,187.55761231966855,-0.5,0.0,-0.43130935587974467,-0.2529273404173613,0.0,0.0,,
47.7,4.24796246729922,0.1197043471297059,8.735067099989077,0.004651949903816071,-0.013023197797688953,0.0005642188296113102,28.650000000000052,0.5303724757442038,1016.9556423998923,189.00562134355795,-0.5,0.0,-0.43130935587974467,-0.2529273404173613,0.0,0.0,,
47.800000000000004,4.252977872092294,0.06279786169742271,8.56088611979721,-0.008456806047511652,-0.016794465210451064,-0.0006566029421659139,28.60000000000005,0.5303724757442038,1019.4205753687451,190.4511010940432,-0.5,0.0,-0.43130935587974467,-0.2529273404173613,0.0,0.0,,
47.900000000000006,4.521590103982203,0.10842929583972336,8.626318843663123,-0.019220411364278406,-0.013710255795610119,0.00520718612850005,28.55000000000005,0.5303724757442038,1021.8811952440391,191.89405157112427,-0.5,0.0,-0.43130935587974467,-0.2529273404173613,0.0,0.0,,
48.0,4.230131359856956,-0.11574016968893665,8.723536253782829,0.009547782622817181,-0.0026241694111440827,-0.004987478056677554,28.50000000000005,0.5303724757442038,1024.3375020257743,193.33447277480116,-0.5,0.0,-0.43130935587974467,-0.2529273404173613,0.0,0.0,1029.9600633562732,190.5914228765215
48.1,4.428245020278733,0.12547068291695873,8.841256832941085,0.01674493418125068,-0.006463184876244916,0.011605364927580332,28.45000000000005,0.5303724757442038,1026.7894957139506,194.77236470507387,-0.5,0.0,-0.43130935587974467,-0.2529273404173613,0.0,0.0,,
48.2,4.371264794363016,-0.037413148073528274,8.882743760755682,-0.0009453923063688263,-0.0021384679014301395,0.0012048599435370774,28.40000000000005,0.5303724757442038,1029.2371763085682,196.2077273619424,-0.5,0.0,-0.43130935587974467,-0.2529273404173613,0.0,0.0,,
48.300000000000004,4.292903374529395,0.12022986492856062,8.720490901055147,0.016385539102363792,0.005797495789612262,0.024578018893044347,28.350000000000048,0.5303724757442038,1031.6805438096271,197.64056074540676,-0.5,0.0,-0.43130935587974467,-0.2529273404173613,0.0,0.0,,
48.400000000000006,4.450850730953061,0.03863051925778453,8.754886476525146,0.0013594045505088649,-0.007478358353610595,0.01496168861909987,28.300000000000047,0.5303724757442038,1034.119598217127,199.07086485546697,-0.5,0.0,-0.43130935587974467,-0.2529273404173613,0.0,0.0,,
48.5,4.2390237189674105,0.005469285437853485,8.864446333267901,-0.007568963200834281,-0.014371786647572384,-0.0053050756676468165,28.250000000000046,0.5303724757442038,1036.5543395310683,200.498639692123,-0.5,0.0,-0.43130935587974467,-0.2529273404173613,0.0,0.0,,
48.6,4.489315011930477,0.18265787431711974,8.662092377015279,0.011906316923617719,-0.016385289703512326,0.010174712095734548,28.200000000000045,0.5303724757442038,1038.9847677514508,201.92388525537484,-0.5,0.0,-0.43130935587974467,-0.2529273404173613,0.0,0.0,,
48.7,4.370660170423144,0.010148709682083756,8.783702445315242,0.008822724223720107,0.012702958440523557,0.008381946122913389,28.150000000000045,0.5303724757442038,1041.4108828782744,203.3466015452225,-0.5,0.0,-0.43130935587974467,-0.2529273404173613,0.0,0.0,,
48.800000000000004,4.0651426195912626,-0.08130849315099625,8.72015064418377,0.013080255567918789,0.008717367810347513,-3.2355334373330644e-05,28.100000000000044,0.5303724757442038,1043.8326849115392,204.766788561666,-0.5,0.0,-0.43130935587974467,-0.2529273404173613,0.0,0.0,,
48.900000000000006,4.173943224772556,-0.030631774029573258,8.705984531215808,-0.00044573299901320745,0.012661369417728463,0.003043064254191459,28.050000000000043,0.5303724757442038,1046.2501738512453,206.18444630470532,-0.5,0.0,-0.43130935587974467,-0.2529273404173613,0.0,0.0,,
49.0,4.308023677270044,0.02719847663390759,8.57339472914381,-0.0020794704323727374,-0.012298019948490906,0.010221225287353704,28.000000000000043,0.5303724757442038,1048.6633496973925,207.59957477434048,-0.5,0.0,-0.43130935587974467,-0.2529273404173613,0.0,0.0,1047.627632068988,210.1882258147937
49.1,4.348391701649548,0.1871203355814112,8.546343248142769,0.010263457414711142,-0.008482644351110399,-0.015224245468505895,27.950000000000042,0.5303724757442038,1051.072212449981,209.01217397057147,-0.5,0.0,-0.43130935587974467,-0.2529273404173613,0.0,0.0,,
49.2,4.555613439041401,0.05482418746754637,8.654170587023987,-0.005565058756557058,-0.020238189504192986,-0.023160383690473248,27.90000000000004,0.5303724757442038,1053.4767621090107,210.42224389339827,-0.5,0.0,-0.43130935587974467,-0.2529273404173613,0.0,0.0,,
49.300000000000004,4.686028248695937,-0.13434958506565467,8.75981755205759,-0.003864389486566879,0.0012599642761699675,0.004875678044868272,27.85000000000004,0.5303724757442038,1055.8769986744815,211.8297845428209,-0.5,0.0,-0.43130935587974467,-0.2529273404173613,0.0,0.0,,
49.400000000000006,4.159086239142209,-0.40958760876471006,8.644008409733408,-0.00581188975011487,0.012954948597463779,0.0002092852665836857,27.80000000000004,0.5303724757442038,1058.2729221463935,213.23479591883935,-0.5,0.0,-0.43130935587974467,-0.2529273404173613,0.0,0.0,,
49.5,4.319617745097695,0.06583723633441933,8.845521157995371,0.010310896133939167,-0.0004845378657676973,0.0023112342205147234,27.75000000000004,0.5303724757442038,1060.6645325247468,214.63727802145362,-0.5,0.0,-0.43130935587974467,-0.2529273404173613,0.0,0.0,,
49.6,4.747836458350485,-0.025304364237895515,8.665765947041796,0.015240949332801654,0.0022321173001696782,0.014568018402590071,27.70000000000004,0.5303724757442038,1063.0518298095412,216.03723085066375,-0.5,0.0,-0.43130935587974467,-0.2529273404173613,0.0,0.0,,
49.7,4.314666064718707,0.05002490731478808,8.499329839764778,-0.020386834555646157,0.011833349984676271,0.009309018021966663,27.650000000000038,0.5303724757442038,1065.434814000777,217.4346544064697,-0.5,0.0,-0.43130935587974467,-0.2529273404173613,0.0,0.0,,
49.800000000000004,4.202958794631431,0.036124819518764104,8.918473778932272,-0.0085960897178535,-0.016029843392763695,0.0024945533951109848,27.600000000000037,0.5303724757442038,1067.8134850984538,218.82954868887145,-0.5,0.0,-0.43130935587974467,-0.2529273404173613,0.0,0.0,,
49.900000000000006,4.4797417458090125,-0.10822109870496456,8.840549639351583,0.016011755967793757,-0.0031680041651017394,-0.006445499181116529,27.550000000000036,0.5303724757442038,1070.1878431025718,220.22191369786904,-0.5,0.0,-0.43130935587974467,-0.2529273404173613,0.0,0.0,,
50.0,4.28662946683519,-0.10566306689243,8.535323249948608,0.004632876281123777,-0.0011582929935385082,0.0027389469588824334,27.500000000000036,0.5303724757442038,1072.557888013131,221.61174943346245,-0.5,0.0,-0.43130935587974467,-0.2529273404173613,0.0,0.0,1073.2132377117366,225.23228454339508
50.1,4.4000840994862935,0.06326627961946658,8.690690844979205,0.004637976614300792,0.008123169861214084,0.0015536422509018883,27.450000000000035,0.5303724757442038,1074.9236198301317,222.99905589565168,-0.5,0.0,-0.43130935587974467,-0.2529273404173613,0.0,0.0,,
50.2,4.162690496212821,0.09773031745399999,8.708224142525477,-0.027440522123074407,0.007805524632894086,0.005405563198649334,27.400000000000034,0.5303724757442038,1077.2850385535733,224.38383308443676,-0.5,0.0,-0.43130935587974467,-0.2529273404173613,0.0,0.0,,
50.300000000000004,4.209693751083684,-0.01477452968314651,8.867659468487924,0.00841894153265486,-0.0005322868949334171,-0.01916772605714316,27.350000000000033,0.5303724757442038,1079.6421441834561,225.76608099981766,-0.5,0.0,-0.43130935587974467,-0.2529273404173613,0.0,0.0,,
50.400000000000006,4.388125844106211,0.03435526762490312,9.047433934468533,-0.007464303173344946,0.003985108038296106,0.005321940099143775,27.300000000000033,0.5303724757442038,1081.9949367197803,227.14579964179438,-0.5,0.0,-0.43130935587974467,-0.2529273404173613,0.0,0.0,,
50.5,4.345935500833646,0.1663063733932437,8.540395932330252,-0.007483530403458192,0.006726237128766305,-0.001596400893835912,27.250000000000032,0.5303724757442038,1084.3434161625455,228.52298901036693,-0.5,0.0,-0.43130935587974467,-0.2529273404173613,0.0,0.0,,
50.6,4.340671961930593,0.1261957507827291,8.621536014191847,0.0008542332252380914,0.007750309357048418,-0.004329093524923901,27.20000000000003,0.5303724757442038,1086.687582511752,229.8976491055353,-0.5,0.0,-0.43130935587974467,-0.2529273404173613,0.0,0.0,,
50.7,4.415098193285008,-0.004933006060056144,8.833365667204912,0.004357967080319303,-0.0015010558501238017,0.008863633831562502,27.15000000000003,0.5303724757442038,1089.0274357673998,231.26977992729948,-0.5,0.0,-0.43130935587974467,-0.2529273404173613,0.0,0.0,,
50.800000000000004,4.387270399086075,0.06357074690739889,8.839097586169563,0.011647235117168997,0.018480905475116542,0.02047642088313523,27.10000000000003,0.5303724757442038,1091.3629759294886,232.63938147565952,-0.5,0.0,-0.43130935587974467,-0.2529273404173613,0.0,0.0,,
50.900000000000006,4.573545951937433,0.06343304795370161,8.780230131823464,-0.008309546185469233,1.1359414516647787e-05,0.00562050881243587,27.05000000000003,0.5303724757442038,1093.6942029980187,234.00645375061538,-0.5,0.0,-0.43130935587974467,-0.2529273404173613,0.0,0.0,,
51.0,4.484404294773381,0.14300412603615112,8.65294586532702,-0.005576251981929502,-0.0017841688715748997,0.0060106947133203225,27.00000000000003,0.5303724757442038,1096.02111697299,235.37099675216706,-0.5,0.0,-0.43130935587974467,-0.2529273404173613,0.0,0.0,1091.50965600659,237.84613716168514
51.1,4.220301803666353,-0.2592741346179641,8.880691006467702,-0.00642852235286267,0.007819062298458399,-0.005308797792026005,26.950000000000028,0.5303724757442038,1098.3437178544025,236.73301048031456,-0.5,0.0,-0.43130935587974467,-0.2529273404173613,0.0,0.0,,
51.2,4.0490821698136825,-0.10422907012479803,8.661806743678017,-0.014235299635316641,0.005084587393693041,0.014200093328278044,26.900000000000027,0.5303724757442038,1100.6620056422562,238.09249493505789,-0.5,0.0,-0.43130935587974467,-0.2529273404173613,0.0,0.0,,
51.300000000000004,4.27903129255407,-0.08060392693361697,8.836021556903749,0.0034841667740837523,-0.010688215671593957,0.005950332038498832,26.850000000000026,0.5303724757442038,1102.9759803365512,239.44945011639703,-0.5,0.0,-0.43130935587974467,-0.2529273404173613,0.0,0.0,,
51.400000000000006,4.469516351751634,-0.05363426074355687,8.883699898506467,-0.003044708607205959,0.005782251380008295,-0.0038818457274790085,26.800000000000026,0.5303724757442038,1105.2856419372872,240.80387602433203,-0.5,0.0,-0.43130935587974467,-0.2529273404173613,0.0,0.0,,
51.5,4.806824462534288,0.026859283785913943,8.805510270456079,-0.008229652585612014,0.006624838731586024,-0.013790240001295716,26.750000000000025,0.5303724757442038,1107.5909904444645,242.15577265886284,-0.5,0.0,-0.43130935587974467,-0.2529273404173613,0.0,0.0,,
51.6,4.421126290585836,-0.2603060919356804,8.83551314314148,0.005673927971367611,0.003827108800421097,0.01751333814131715,26.700000000000024,0.5303724757442038,1109.892025858083,243.50514001998948,-0.5,0.0,-0.43130935587974467,-0.2529273404173613,0.0,0.0,,
51.7,4.3038658708775115,0.26982028300319927,8.675871119822553,0.0010810088695401585,0.0034137852926732206,0.014195860933218039,26.650000000000023,0.5303724757442038,1112.1887481781425,244.85197810771194,-0.5,0.0,-0.43130935587974467,-0.2529273404173613,0.0,0.0,,
51.800000000000004,4.433764701288814,0.0992125602410005,8.84760539172954,-0.001339891745128706,-0.015850302201891996,-0.015560382876682679,26.600000000000023,0.5303724757442038,1114.4811574046435,246.19628692203023,-0.5,0.0,-0.43130935587974467,-0.2529273404173613,0.0,0.0,,
51.900000000000006,4.326215353591353,0.16771350854630654,8.782615468302462,-0.012270242199771518,-0.007656816352066433,-0.00844435405017618,26.550000000000022,0.5303724757442038,1116.7692535375854,247.53806646294433,-0.5,0.0,-0.43130935587974467,-0.2529273404173613,0.0,0.0,,
52.0,4.623506913774097,-0.17847835002333118,8.844928119828577,0.008431452441210328,-0.0029239823908887392,-0.007363887283353105,26.50000000000002,0.5303724757442038,1119.0530365769687,248.87731673045428,-0.5,0.0,-0.43130935587974467,-0.2529273404173613,0.0,0.0,1116.8078795605384,246.18322170675438
52.1,4.14610926364838,0.028106889997394836,8.751416206729264,0.01259865986099348,0.004676975474289545,0.011777064849500708,26.45000000000002,0.5303724757442038,1121.3325065227932,250.21403772456006,-0.5,0.0,-0.43130935587974467,-0.2529273404173613,0.0,0.0,,
52.2,4.301647018864513,0.07348130783551923,8.693005660948685,0.01360124585351122,0.019145561542925987,-0.008059262548447892,26.40000000000002,0.5303724757442038,1123.6076633750588,251.54822944526165,-0.5,0.0,-0.43130935587974467,-0.2529273404173613,0.0,0.0,,
52.300000000000004,4.2179407514169975,-0.08838279200616979,8.887959942485265,-0.006232545177575562,0.01003795698173477,0.013439794025031229,26.35000000000002,0.5303724757442038,1125.8785071337657,252.87989189255907,-0.5,0.0,-0.43130935587974467,-0.2529273404173613,0.0,0.0,,
52.400000000000006,4.183907311700198,-0.08799790453864369,8.92094773388094,-0.004567609189908225,-0.00046099676652441905,0.003081065203859713,26.30000000000002,0.5303724757442038,1128.1450377989138,254.2090250664523,-0.5,0.0,-0.43130935587974467,-0.2529273404173613,0.0,0.0,,
52.5,4.438118163030004,-0.04655905312266863,8.810409701605755,0.01068159352275425,-0.0070071737351305756,0.012922886049909595,26.250000000000018,0.5303724757442038,1130.407255370503,255.53562896694137,-0.5,0.0,-0.43130935587974467,-0.2529273404173613,0.0,0.0,,
52.6,3.9797880006165354,0.021403033532458236,8.576239573884488,-0.0030342996671677137,0.017432971304368307,0.017678600246653006,26.200000000000017,0.5303724757442038,1132.6651598485334,256.85970359402626,-0.5,0.0,-0.43130935587974467,-0.2529273404173613,0.0,0.0,,
52.7,4.53080200281453,-0.1796835649779208,8.66851962245623,0.0010506841072322832,0.02652800877635841,0.006813494713780351,26.150000000000016,0.5303724757442038,1134.9187512330052,258.18124894770693,-0.5,0.0,-0.43130935587974467,-0.2529273404173613,0.0,0.0,,
52.800000000000004,4.406509468665693,-0.018078235271246707,8.939903723020807,0.009314158557549822,0.003098533154386942,-0.010955959550775603,26.100000000000016,0.5303724757442038,1137.168029523918,259.50026502798346,-0.5,0.0,-0.43130935587974467,-0.2529273404173613,0.0,0.0,,
52.900000000000006,4.304187307515508,-0.10077596791592595,8.612654249008811,-0.00470259203547999,-0.01737271307447707,-0.0013284306617146252,26.050000000000015,0.5303724757442038,1139.412994721272,260.81675183485584,-0.5,0.0,-0.43130935587974467,-0.2529273404173613,0.0,0.0,,
53.0,4.4319592538829715,-0.1743542781525277,8.657180066691781,-0.004698734063383865,3.752379525407592e-05,0.005630734795524912,26.000000000000014,0.5303724757442038,1141.6536468250674,262.130709368324,-0.5,0.0,-0.43130935587974467,-0.2529273404173613,0.0,0.0,1141.944104019914,259.34909268586824
53.1,4.316196551014778,0.043102268973779674,8.724167296395292,0.011456242978126507,-0.008655084513841572,-0.005289699091340452,25.950000000000014,0.5303724757442038,1143.8899858353038,263.442137628388,-0.5,0.0,-0.43130935587974467,-0.2529273404173613,0.0,0.0,,
53.2,4.276877676135309,-0.0719762900598711,8.904751436640101,0.00018497676892023776,-0.0014887855810991936,0.0212603525304123,25.900000000000013,0.5303724757442038,1146.1220117519815,264.75103661504784,-0.5,0.0,-0.43130935587974467,-0.2529273404173613,0.0,0.0,,
53.300000000000004,4.343707505651541,-0.005142168933869491,8.777708032355843,0.008005449056559446,0.0032180380873736165,-0.0021928215401593827,25.850000000000012,0.5303724757442038,1148.3497245751005,266.0574063283035,-0.5,0.0,-0.43130935587974467,-0.2529273404173613,0.0,0.0,,
53.400000000000006,4.242181311751055,-0.10405334579305782,8.733226118888448,-0.01313200807617751,-0.001676272930697303,0.013951722079090342,25.80000000000001,0.5303724757442038,1150.5731243046605,267.36124676815496,-0.5,0.0,-0.43130935587974467,-0.2529273404173613,0.0,0.0,,
53.5,4.423974228659002,-0.013618445137222848,8.811762119022696,-0.0020976077522256126,-0.004541132670429696,0.012708723028442986,25.75000000000001,0.5303724757442038,1152.7922109406618,268.66255793460226,-0.5,0.0,-0.43130935587974467,-0.2529273404173613,0.0,0.0,,
53.6,4.329404248030637,0.180549606520317,8.872866974720662,-0.0025217223440937037,0.013042912499725185,0.012161151650566582,25.70000000000001,0.5303724757442038,1155.0069844831044,269.9613398276454,-0.5,0.0,-0.43130935587974467,-0.2529273404173613,0.0,0.0,,
53.7,4.11764708792791,0.08415489081966036,8.89043319687358,0.011317045842183491,0.006158970590936962,0.0142850719952912,25.65000000000001,0.5303724757442038,1157.217444931988,271.25759244728437,-0.5,0.0,-0.43130935587974467,-0.2529273404173613,0.0,0.0,,
53.800000000000004,4.4814743035365,-0.2720932831702169,8.908906615350629,-0.01162122376402898,0.010955907754337631,0.0019311047715304766,25.60000000000001,0.5303724757442038,1159.4235922873129,272.55131579351917,-0.5,0.0,-0.43130935587974467,-0.2529273404173613,0.0,0.0,,
53.900000000000006,4.479836514327853,-0.13637848940704014,8.699465091780446,0.0035567212047468368,0.016593790196553347,0.012205557397233637,25.550000000000008,0.5303724757442038,1161.625426549079,273.84250986634976,-0.5,0.0,-0.43130935587974467,-0.2529273404173613,0.0,0.0,,
54.0,3.8803701298314333,-0.10125156313676535,8.569396750773628,0.0075841933031107825,0.0023449614630896556,-0.00554179795300191,25.500000000000007,0.5303724757442038,1163.8229477172863,275.1311746657762,-0.5,0.0,-0.43130935587974467,-0.2529273404173613,0.0,0.0,1164.0617882520587,274.69476578049006
54.1,4.421787288164979,0.06268104430056358,8.963651957886777,0.0007308000960171154,0.007547213631925093,0.018021617100768324,25.450000000000006,0.5303724757442038,1166.0161557919348,276.4173101917985,-0.5,0.0,-0.43130935587974467,-0.2529273404173613,0.0,0.0,,
54.2,4.558910935014055,0.08351694668384288,8.655985038921333,-0.00174277546470131,0.005015556282809168,0.01511921697855911,25.400000000000006,0.5303724757442038,1168.2050507730246,277.7009164444166,-0.5,0.0,-0.43130935587974467,-0.2529273404173613,0.0,0.0,,
54.300000000000004,4.358646150345136,0.044843962024308126,8.938711977727966,0.002443242865733302,-0.015131049870922696,0.01883726505138248,25.350000000000005,0.5303724757442038,1170.3896326605554,278.9819934236305,-0.5,0.0,-0.43130935587974467,-0.2529273404173613,0.0,0.0,,
54.400000000000006,4.511551250033106,-0.19049159789351658,8.77553948864296,0.014070813784388283,-0.01382698990406039,0.00935202008635891,25.300000000000004,0.5303724757442038,1172.5699014545276,280.26054112944024,-0.5,0.0,-0.43130935587974467,-0.2529273404173613,0.0,0.0,,
54.5,4.417840665487605,0.14445956393761794,8.771640235152036,0.014382818010183589,-0.014537459692922576,0.016147114207200733,25.250000000000004,0.5303724757442038,1174.745857154941,281.5365595618458,-0.5,0.0,-0.43130935587974467,-0.2529273404173613,0.0,0.0,,
54.6,4.469066113058615,0.18421241266431534,8.818165678798453,-0.002714437591770959,0.0012717313752045418,0.01536402208909481,25.200000000000003,0.5303724757442038,1176.9174997617954,282.8100487208472,-0.5,0.0,-0.43130935587974467,-0.2529273404173613,0.0,0.0,,
54.7,4.252381709849261,-0.08283809129491043,8.944486026935115,0.0008601982847380393,-0.009893132998979443,0.011485072770358613,25.150000000000002,0.5303724757442038,1179.0848292750911,284.0810086064444,-0.5,0.0,-0.43130935587974467,-0.2529273404173613,0.0,0.0,,
54.800000000000004,4.460040941905004,0.4162113765527689,9.027617442340693,-0.02844774837081639,0.011986058618154107,0.0017623431645228472,25.1,0.5303724757442038,1181.2478456948281,285.3494392186375,-0.5,0.0,-0.43130935587974467,-0.2529273404173613,0.0,0.0,,
54.900000000000006,4.312986890596392,0.010379009581699804,8.856278900240097,-0.0059533829555957155,-0.0041752902579899305,-0.00436387637258748,25.05,0.5303724757442038,1183.4065490210062,286.61534055742635,-0.5,0.0,-0.43130935587974467,-0.2529273404173613,0.0,0.0,,
55.0,4.036855928753775,0.23476485474423406,8.596370128071335,0.014049234263594517,-0.01713398197787794,-0.0024467914815273608,25.0,0.5303724757442038,1185.5609392536255,287.87871262281107,-0.5,0.0,-0.43130935587974467,-0.2529273404173613,0.0,0.0,1183.995429646089,288.06322460462434
55.1,4.29132039183012,0.029810497962174318,8.773698809535235,-0.011175656473208324,0.005336088431798725,-0.0026806885002034955,24.95,0.5303724757442038,1187.7110163926861,289.1395554147916,-0.5,0.0,-0.43130935587974467,-0.2529273404173613,0.0,0.0,,
55.2,4.371972482400108,0.009911080147280578,8.883386268923564,0.0022225605564077946,0.005575315057575731,-0.010453379744941507,24.9,0.5303724757442038,1189.8567804381878,290.39786893336793,-0.5,0.0,-0.43130935587974467,-0.2529273404173613,0.0,0.0,,
55.300000000000004,4.343251376622627,-0.1669144881287702,8.839850261488767,-0.00469809633556271,0.006449606101968953,-0.012784794159425118,24.849999999999998,0.5303724757442038,1191.9982313901307,291.65365317854014,-0.5,0.0,-0.43130935587974467,-0.2529273404173613,0.0,0.0,,
55.400000000000006,4.432312936444079,0.11135336380904529,8.823916492639576,-0.0011540298778761637,-0.0012054907290076525,-0.007395399150438198,24.799999999999997,0.5303724757442038,1194.135369248515,292.90690815030814,-0.5,0.0,-0.43130935587974467,-0.2529273404173613,0.0,0.0,,
55.5,4.002342556964226,-0.021425679359484976,8.679487570176216,0.006919150798617767,0.00047206721306242014,0.006855884089941147,24.749999999999996,0.5303724757442038,1196.2681940133402,294.157633848672,-0.5,0.0,-0.43130935587974467,-0.2529273404173613,0.0,0.0,,
55.6,4.241596936299655,0.15166107366494763,8.946408817412898,-0.0035395814447944686,0.008207200456532282,0.007819394417366208,24.699999999999996,0.5303724757442038,1198.3967056846068,295.40583027363164,-0.5,0.0,-0.43130935587974467,-0.2529273404173613,0.0,0.0,,
55.7,4.294501211573265,0.1308412355779389,8.72772802153343,-0.01159626095720669,0.008670178448257834,0.02139296487666356,24.649999999999995,0.5303724757442038,1200.5209042623146,296.65149742518713,-0.5,0.0,-0.43130935587974467,-0.2529273404173613,0.0,0.0,,
55.800000000000004,4.387255135529295,-0.06360423461714321,8.766029429725302,-0.008660823428296988,-0.008983321901333587,0.006692392048883892,24.599999999999994,0.5303724757442038,1202.6407897464635,297.8946353033384,-0.5,0.0,-0.43130935587974467,-0.2529273404173613,0.0,0.0,,
55.900000000000006,4.294921718578726,-0.14027787258778934,8.880365708576187,-0.001600000800534506,0.004002935032100407,-0.014042180317740554,24.549999999999994,0.5303724757442038,1204.7563621370537,299.13524390808556,-0.5,0.0,-0.43130935587974467,-0.2529273404173613,0.0,0.0,,
56.0,4.223913935989082,-0.02622145768858172,8.764990422788545,0.018316892525848658,0.003763955365565515,-0.00563134377098267,24.499999999999993,0.5303724757442038,1206.867621434085,300.37332323942854,-0.5,0.0,-0.43130935587974467,-0.2529273404173613,0.0,0.0,1201.092064522095,293.71254537615823
56.1,4.4508455241174785,0.05276563504388922,8.890361755638839,0.013772033482094945,0.0024885833330991055,0.014539166887252538,24.449999999999992,0.5303724757442038,1208.9745676375576,301.6088732973673,-0.5,0.0,-0.43130935587974467,-0.2529273404173613,0.0,0.0,,
56.2,4.375601468857745,0.13695964209584516,8.696905794248178,-0.0022284575698957214,0.004702256983362846,0.0013672132466280885,24.39999999999999,0.5303724757442038,1211.0772007474714,302.84189408190196,-0.5,0.0,-0.43130935587974467,-0.2529273404173613,0.0,0.0,,
56.300000000000004,4.246946381801646,0.1342462970359758,8.474660466316903,-0.001759923659391898,-0.016008052189689145,-0.003698036486389152,24.34999999999999,0.5303724757442038,1213.1755207638264,304.0723855930324,-0.5,0.0,-0.43130935587974467,-0.2529273404173613,0.0,0.0,,
56.400000000000006,4.275554910740605,0.11535032058695081,8.634137686825584,0.009352594790190962,-0.023570068966751623,0.014525058604887606,24.29999999999999,0.5303724757442038,1215.2695276866225,305.30034783075865,-0.5,0.0,-0.43130935587974467,-0.2529273404173613,0.0,0.0,,
56.5,4.7501373903243005,0.09470975007716274,8.879930583650161,0.004016765392764786,-0.017029583525686905,0.0006020561566973896,24.24999999999999,0.5303724757442038,1217.3592215158599,306.5257807950808,-0.5,0.0,-0.43130935587974467,-0.2529273404173613,0.0,0.0,,
56.6,4.3973496558117295,-0.20907016623930624,8.902730634281474,-0.0033377097700014137,-0.0007856329741492329,0.016348154608449673,24.19999999999999,0.5303724757442038,1219.4446022515385,307.7486844859987,-0.5,0.0,-0.43130935587974467,-0.2529273404173613,0.0,0.0,,
56.7,4.486346220564468,-0.00032901218603127724,8.724089123368634,-0.0074153261426531825,0.005814650113754906,0.00881570523127578,24.149999999999988,0.5303724757442038,1221.5256698936582,308.96905890351246,-0.5,0.0,-0.43130935587974467,-0.2529273404173613,0.0,0.0,,
56.800000000000004,4.260014536776888,0.06860096399921382,8.766243640616,0.0013423403666021827,0.010452536004616004,-0.0066593715762957905,24.099999999999987,0.5303724757442038,1223.6024244422192,310.186904047622,-0.5,0.0,-0.43130935587974467,-0.2529273404173613,0.0,0.0,,
56.900000000000006,4.564490259951841,-0.28425557171865673,8.815154291001653,0.01261761448139455,-0.00567694296872151,-0.013254171209273136,24.049999999999986,0.5303724757442038,1225.6748658972215,311.40221991832743,-0.5,0.0,-0.43130935587974467,-0.2529273404173613,0.0,0.0,,
57.0,4.502851693229612,-0.2515374623338925,8.947077339459478,0.007311018295197051,-0.0077300345016421915,0.0023126708695525157,23.999999999999986,0.5303724757442038,1227.7429942586648,312.61500651562864,-0.5,0.0,-0.43130935587974467,-0.2529273404173613,0.0,0.0,1231.9587918238756,312.9339142256357
57.1,4.469394988110897,0.19202147866451358,8.850754382247176,-0.006962877265746574,-0.006167704515992977,0.005032361383555534,23.949999999999985,0.5303724757442038,1229.8068095265494,313.8252638395257,-0.5,0.0,-0.43130935587974467,-0.2529273404173613,0.0,0.0,,
57.2,4.412309340683907,-0.008767443133404367,8.895256056557763,0.001499140899138809,-0.03283313570436955,0.008413166476488739,23.899999999999984,0.5303724757442038,1231.8663117008753,315.0329918900186,-0.5,0.0,-0.43130935587974467,-0.2529273404173613,0.0,0.0,,
57.300000000000004,4.378581478069974,-0.04319604394035502,8.767991399166823,-0.0024434859265572454,0.008281131897450793,0.0033374715129417176,23.849999999999984,0.5303724757442038,1233.9215007816422,316.2381906671073,-0.5,0.0,-0.43130935587974467,-0.2529273404173613,0.0,0.0,,
57.400000000000006,4.2808629299997385,-0.02109403481725552,8.91827924893859,0.014643953891037951,-0.0020400114817716135,0.02371258448534771,23.799999999999983,0.5303724757442038,1235.9723767688504,317.44086017079184,-0.5,0.0,-0.43130935587974467,-0.2529273404173613,0.0,0.0,,
57.5,4.355505666710066,-0.012616178004031742,8.741679802829475,6.578623667523603e-05,-0.005786820473726729,0.0008925381875853813,23.749999999999982,0.5303724757442038,1238.0189396624999,318.6410004010722,-0.5,0.0,-0.43130935587974467,-0.2529273404173613,0.0,0.0,,
57.6,4.140073234053611,0.22480917348615598,9.003241579332528,0.02228513562534689,0.0022296632312551537,0.012798131594242302,23.69999999999998,0.5303724757442038,1240.0611894625904,319.83861135794837,-0.5,0.0,-0.43130935587974467,-0.2529273404173613,0.0,0.0,,
57.7,4.406162134445502,0.21810635059284642,8.776544332358704,-0.010697458116209722,0.013804212248505863,0.008233727768241562,23.64999999999998,0.5303724757442038,1242.0991261691222,321.0336930414204,-0.5,0.0,-0.43130935587974467,-0.2529273404173613,0.0,0.0,,
57.800000000000004,4.455163447516703,-0.024105766684842076,8.734729364332075,0.005995064790780656,0.002554780492213899,0.006253041093904196,23.59999999999998,0.5303724757442038,1244.1327497820953,322.22624545148824,-0.5,0.0,-0.43130935587974467,-0.2529273404173613,0.0,0.0,,
57.900000000000006,4.368075825089032,0.07802608974051542,8.6736036554888,0.004077095389175283,-0.028111295561752066,0.0014639071205071966,23.54999999999998,0.5303724757442038,1246.1620603015094,323.4162685881519,-0.5,0.0,-0.43130935587974467,-0.2529273404173613,0.0,0.0,,
58.0,3.9652304069960587,-0.08294022195421068,8.842198557681318,-0.0069882972859459346,0.0013499857278203643,0.009454562075199999,23.49999999999998,0.5303724757442038,1248.1870577273648,324.6037624514114,-0.5,0.0,-0.43130935587974467,-0.2529273404173613,0.0,0.0,1244.893428208851,319.4835318436074
58.1,4.267959349351869,0.349062194629557,8.74061349233711,-0.007396476843448895,0.019661628130305243,-0.005342972538158742,23.449999999999978,0.5303724757442038,1250.2077420596615,325.7887270412667,-0.5,0.0,-0.43130935587974467,-0.2529273404173613,0.0,0.0,,
58.2,4.68950828177849,0.08992499392024904,9.018522000615754,-0.007894383257202918,-0.0093368041076467,0.010217970637450531,23.399999999999977,0.5303724757442038,1252.2241132983993,326.97116235771784,-0.5,0.0,-0.43130935587974467,-0.2529273404173613,0.0,0.0,,
58.300000000000004,4.460559386592336,0.0909190266744245,8.732814934615668,-0.0075282860226465725,-0.009937299976053937,0.006210474170408428,23.349999999999977,0.5303724757442038,1254.2361714435783,328.1510684007648,-0.5,0.0,-0.43130935587974467,-0.2529273404173613,0.0,0.0,,
58.400000000000006,4.097242829909808,0.001141442688292145,8.98169026998507,-0.008202827694119496,-0.011078075131740535,0.0070005860582416715,23.299999999999976,0.5303724757442038,1256.2439164951986,329.32844517040763,-0.5,0.0,-0.43130935587974467,-0.2529273404173613,0.0,0.0,,
58.5,4.097604321050111,0.043897965796357075,8.817986707246288,-0.011866028742485959,-0.010540181698620997,-0.0020439634651866073,23.249999999999975,0.5303724757442038,1258.24734845326,330.50329266664625,-0.5,0.0,-0.43130935587974467,-0.2529273404173613,0.0,0.0,,
58.6,4.333657767743666,0.10140789982257287,8.682414698784045,0.0002688600641333766,0.013965689788594584,0.023526296886089933,23.199999999999974,0.5303724757442038,1260.2464673177626,331.6756108894807,-0.5,0.0,-0.43130935587974467,-0.2529273404173613,0.0,0.0,,
58.7,4.518388878646838,-0.2300587903451842,8.823082816652459,-0.012949797452145067,-0.0008799401407868802,0.015449313033544597,23.149999999999974,0.5303724757442038,1262.2412730887065,332.84539983891096,-0.5,0.0,-0.43130935587974467,-0.2529273404173613,0.0,0.0,,
58.800000000000004,4.413415459304539,-0.23352826389471112,8.791588056677734,0.015306862333942699,0.0024036742069296242,0.0023162206835520747,23.099999999999973,0.5303724757442038,1264.2317657660915,334.01265951493707,-0.5,0.0,-0.43130935587974467,-0.2529273404173613,0.0,0.0,,
58.900000000000006,4.628515003727802,-0.17829252801662204,8.950780175552083,-0.0009490741881058584,-0.013744429807885483,0.01737581135747287,23.049999999999972,0.5303724757442038,1266.2179453499177,335.177389917559,-0.5,0.0,-0.43130935587974467,-0.2529273404173613,0.0,0.0,,
59.0,4.409584186151906,0.19455845742803046,8.792812404601511,0.00749356050780816,0.01308223764556833,0.0035469215882938873,22.99999999999997,0.5303724757442038,1268.1998118401852,336.3395910467768,-0.5,0.0,-0.43130935587974467,-0.2529273404173613,0.0,0.0,1260.6198582012146,342.8918869359555
59.1,4.39976695152059,-0.1653489577809969,8.533768590472327,0.0029256386876585594,0.0009290223194963796,0.005172214581611066,22.94999999999997,0.5303724757442038,1270.1773652368938,337.4992629025904,-0.5,0.0,-0.43130935587974467,-0.2529273404173613,0.0,0.0,,
59.2,4.357968072007909,0.026873342626281344,8.715124027809493,-0.024501043418349022,0.005942080116166139,-0.007781086708846732,22.89999999999997,0.5303724757442038,1272.1506055400437,338.65640548499977,-0.5,0.0,-0.43130935587974467,-0.2529273404173613,0.0,0.0,,
59.300000000000004,4.54111533235039,-0.15276187470098873,8.908863982419213,0.002723897316609237,0.0013055436580055662,0.009991660557812624,22.84999999999997,0.5303724757442038,1274.1195327496348,339.811018794005,-0.5,0.0,-0.43130935587974467,-0.2529273404173613,0.0,0.0,,
59.400000000000006,4.362546684885224,0.32851302643587194,8.449543019736293,-0.0060692355657326015,-0.00032921848461776475,0.009799959206730454,22.79999999999997,0.5303724757442038,1276.084146865667,340.96310282960604,-0.5,0.0,-0.43130935587974467,-0.2529273404173613,0.0,0.0,,
59.5,4.5890818666312105,0.13893971518479947,9.012946448420397,0.005416531354264174,-0.012418863162899502,0.011214859063113827,22.749999999999968,0.5303724757442038,1278.0444478881404,342.11265759180293,-0.5,0.0,-0.43130935587974467,-0.2529273404173613,0.0,0.0,,
59.6,4.289985986436169,0.03243857521459882,8.937014555668192,-0.009682982065222404,0.003546967383182034,0.015383631799581174,22.699999999999967,0.5303724757442038,1280.0004358170552,343.25968308059566,-0.5,0.0,-0.43130935587974467,-0.2529273404173613,0.0,0.0,,
59.7,4.3978448075165435,0.08104295998249628,8.754671214367464,-0.011076130731392773,0.014304169199483893,0.017055296822900107,22.649999999999967,0.5303724757442038,1281.952110652411,344.4041792959842,-0.5,0.0,-0.43130935587974467,-0.2529273404173613,0.0,0.0,,
59.800000000000004,4.583720866706593,0.061347792704367826,8.946582613485631,-0.009507406676661775,0.018848501484889573,0.0008163131139707061,22.599999999999966,0.5303724757442038,1283.899472394208,345.54614623796857,-0.5,0.0,-0.43130935587974467,-0.2529273404173613,0.0,0.0,,
59.900000000000006,4.424249204107521,0.08428577444090979,8.853869657038578,-0.005512244697986708,-0.00663644176870029,0.012521582811426346,22.549999999999965,0.5303724757442038,1285.8425210424464,346.68558390654874,-0.5,0.0,-0.43130935587974467,-0.2529273404173613,0.0,0.0,,
60.0,4.2359453861817515,-0.16913013873688765,8.971143565934828,0.011116955315596477,-0.00797294106322815,0.0028055592982478344,22.499999999999964,0.5303724757442038,1287.7812565971258,347.82249230172476,-0.5,0.0,-0.43130935587974467,-0.2529273404173613,0.0,0.0,1285.1076864870868,350.11317669180534
60.1,4.342472132138109,-0.05346478976053466,8.8436031204124,-0.007561203385063672,-0.016187857861121195,0.0007216691840698586,22.449999999999964,0.5303724757442038,1289.7156790582465,348.95687142349664,-0.5,0.0,-0.43130935587974467,-0.2529273404173613,0.0,0.0,,
60.2,4.4239498880419905,0.2553039951034505,8.80270655248409,-0.019598311250863025,-0.00318511268542497,-0.0010154872372943446,22.399999999999963,0.5303724757442038,1291.6457884258084,350.0887212718643,-0.5,0.0,-0.43130935587974467,-0.2529273404173613,0.0,0.0,,
60.300000000000004,4.346036777022633,0.01250612339292543,8.980186380873285,0.00837533637539665,-0.002599364717164807,0.0030067153786894037,22.349999999999962,0.5303724757442038,1293.5715846998114,351.2180418468278,-0.5,0.0,-0.43130935587974467,-0.2529273404173613,0.0,0.0,,
60.400000000000006,4.327322510726885,0.2438148899139772,8.96084364502303,0.0031312025075465205,0.0008252316807378105,0.0017920780466642002,22.29999999999996,0.5303724757442038,1295.4930678802557,352.3448331483871,-0.5,0.0,-0.43130935587974467,-0.2529273404173613,0.0,0.0,,
60.5,4.309656654707158,-0.16610877818066422,8.616564345938905,0.0007522968063778338,0.008721638767118544,0.0023706192081520113,22.24999999999996,0.5303724757442038,1297.4102379671413,353.4690951765423,-0.5,0.0,-0.43130935587974467,-0.2529273404173613,0.0,0.0,,
60.6,4.237782963549836,0.009148152386493814,8.759836277545928,-0.01293615245798232,0.0007318848816243602,0.0064689451178904294,22.19999999999996,0.5303724757442038,1299.3230949604679,354.59082793129323,-0.5,0.0,-0.43130935587974467,-0.2529273404173613,0.0,0.0,,
60.7,4.475133134649536,-0.14215505271491513,8.589574705388259,-0.0027144056754706304,-0.003349076494615222,-0.005376414871113312,22.14999999999996,0.5303724757442038,1301.2316388602358,355.71003141264003,-0.5,0.0,-0.43130935587974467,-0.2529273404173613,0.0,0.0,,
60.800000000000004,4.479607541014167,0.1894436999272991,8.800600381243816,0.011071857864574508,0.005500148932730235,0.0047898456029273,22.09999999999996,0.5303724757442038,1303.135869666445,356.8267056205827,-0.5,0.0,-0.43130935587974467,-0.2529273404173613,0.0,0.0,,
60.900000000000006,4.368793780722872,0.18017207292619097,8.838088627317777,-0.010173593766449185,-0.0018399204018746482,0.0068569312216670945,22.049999999999958,0.5303724757442038,1305.0357873790952,357.94085055512113,-0.5,0.0,-0.43130935587974467,-0.2529273404173613,0.0,0.0,,
61.0,4.461046135170153,0.06251907419891617,8.69882136691494,-0.0031368198639148653,-0.014976299205670798,0.014144842915715689,21.999999999999957,0.5303724757442038,1306.9313919981867,359.0524662162554,-0.5,0.0,-0.43130935587974467,-0.2529273404173613,0.0,0.0,1296.8537589712525,362.4887202508244
61.1,4.2586624627404,-0.1293113757132909,8.713344763529184,-0.0014406000310799927,-0.004506172856396368,-0.008684319310817895,21.949999999999957,0.5303724757442038,1308.8226835237194,360.1615526039855,-0.5,0.0,-0.43130935587974467,-0.2529273404173613,0.0,0.0,,
61.2,4.34187575682447,0.09547806577123925,8.802903121047866,-0.0027759740659173836,0.0249171479343562,-0.0004005445057440656,21.899999999999956,0.5303724757442038,1310.7096619556933,361.26810971831145,-0.5,0.0,-0.43130935587974467,-0.2529273404173613,0.0,0.0,,
61.300000000000004,4.337149839618485,0.16681071758158902,8.637568140306394,-0.01563272680212756,-0.0062573827750451215,0.0056235077936278785,21.849999999999955,0.5303724757442038,1312.5923272941084,362.37213755923324,-0.5,0.0,-0.43130935587974467,-0.2529273404173613,0.0,0.0,,
61.400000000000006,4.4548422457690595,0.17830031340204944,8.7429526985962,-0.007739862376813487,0.00540291398274615,0.026928031129902615,21.799999999999955,0.5303724757442038,1314.4706795389648,363.4736361267508,-0.5,0.0,-0.43130935587974467,-0.2529273404173613,0.0,0.0,,
61.5,4.236796808560125,0.09356152024229329,8.53701037606282,0.009634941026640554,0.009699243980497234,0.003264177706114085,21.749999999999954,0.5303724757442038,1316.3447186902622,364.57260542086425,-0.5,0.0,-0.43130935587974467,-0.2529273404173613,0.0,0.0,,
61.6,4.439872264479339,-0.1735910612609682,8.685629098736392,0.006899329965910725,0.0032350998959364886,-0.005916868376272804,21.699999999999953,0.5303724757442038,1318.214444748001,365.6690454415735,-0.5,0.0,-0.43130935587974467,-0.2529273404173613,0.0,0.0,,
61.7,4.271167844165813,0.05508657891406277,8.765924537927722,-0.008431065565112611,-0.026205591114173782,0.012689409704283613,21.649999999999952,0.5303724757442038,1320.079857712181,366.76295618887855,-0.5,0.0,-0.43130935587974467,-0.2529273404173613,0.0,0.0,,
61.800000000000004,4.227655539657572,-0.33259569672298384,9.04501628805903,0.0056715493876637255,0.006058861177715885,-0.008793569093504889,21.59999999999995,0.5303724757442038,1321.940957582802,367.8543376627794,-0.5,0.0,-0.43130935587974467,-0.2529273404173613,0.0,0.0,,
61.900000000000006,4.368360791726623,-0.052209182667621507,8.622735212523548,-0.0071416015442524764,-0.0009956569469299307,0.002822834417278971,21.54999999999995,0.5303724757442038,1323.7977443598643,368.94318986327613,-0.5,0.0,-0.43130935587974467,-0.2529273404173613,0.0,0.0,,
62.0,4.125299749785858,-0.13585888904711238,8.93926657726867,-0.008012783779401107,0.006671696958133959,-0.00612136605564301,21.49999999999995,0.5303724757442038,1325.6502180433679,370.0295127903687,-0.5,0.0,-0.43130935587974467,-0.2529273404173613,0.0,0.0,1327.0608888675476,361.23437623361974
62.1,4.04070407047969,-0.010618970117406062,8.750603616406606,0.02256809445909745,0.005344737006598483,0.021518507917411524,21.44999999999995,0.5303724757442038,1327.4983786333125,371.11330644405706,-0.5,0.0,-0.43130935587974467,-0.2529273404173613,0.0,0.0,,
62.2,4.647376970000624,0.06246258415114796,8.687511718487405,0.005921661099810699,-0.006817044018306565,0.006485068404734999,21.39999999999995,0.5303724757442038,1329.3422261296985,372.19457082434127,-0.5,0.0,-0.43130935587974467,-0.2529273404173613,0.0,0.0,,
62.300000000000004,4.619803711413946,-0.09532945209506244,8.906248726057195,0.002249354649672536,-0.018457551356626332,0.01640459432867881,21.349999999999948,0.5303724757442038,1331.1817605325257,373.2733059312213,-0.5,0.0,-0.43130935587974467,-0.2529273404173613,0.0,0.0,,
62.400000000000006,4.378846575788757,0.030136539209562815,8.706629312162535,0.010128952626682411,0.0058247792787735585,0.007897251401163548,21.299999999999947,0.5303724757442038,1333.016981841794,374.3495117646971,-0.5,0.0,-0.43130935587974467,-0.2529273404173613,0.0,0.0,,
62.5,4.334576418590548,0.08253403470189959,8.574423701580159,0.012755260343998156,-0.008167714058672176,0.02151583604250592,21.249999999999947,0.5303724757442038,1334.8478900575035,375.42318832476883,-0.5,0.0,-0.43130935587974467,-0.2529273404173613,0.0,0.0,,
62.6,4.081105178648135,-0.08731252508784718,8.914596189921632,-0.0010840410077553849,-0.010389062789748063,0.016510692882400594,21.199999999999946,0.5303724757442038,1336.6744851796543,376.4943356114363,-0.5,0.0,-0.43130935587974467,-0.2529273404173613,0.0,0.0,,
62.7,4.2068800895413645,-0.04948968209486333,8.912608786639641,0.007725583588892966,-0.006549691715670294,-0.011975586364181477,21.149999999999945,0.5303724757442038,1338.4967672082462,377.5629536246997,-0.5,0.0,-0.43130935587974467,-0.2529273404173613,0.0,0.0,,
62.800000000000004,4.686865812127062,0.024243647540792935,8.763187968650138,0.01786736015051889,0.014603639037064417,0.006321690144165946,21.099999999999945,0.5303724757442038,1340.3147361432793,378.6290423645588,-0.5,0.0,-0.43130935587974467,-0.2529273404173613,0.0,0.0,,
62.900000000000006,3.9767293684574705,-0.04497374391888201,8.829941425407341,-0.01187240349339931,-0.011666100010596812,0.021012103771321847,21.049999999999944,0.5303724757442038,1342.1283919847538,379.6926018310138,-0.5,0.0,-0.43130935587974467,-0.2529273404173613,0.0,0.0,,
63.0,4.379419254101865,0.08236867996118181,8.726114239517843,-0.010433028778830507,0.004448361292140305,0.0018870361067107378,20.999999999999943,0.5303724757442038,1343.9377347326692,380.7536320240646,-0.5,0.0,-0.43130935587974467,-0.2529273404173613,0.0,0.0,1342.8648814449923,377.932633366135
63.1,4.366831080655661,-0.18568144860714458,8.910525335216835,-0.011040243546627491,-0.0003357856677057854,0.01632093345856411,20.949999999999942,0.5303724757442038,1345.742764387026,381.8121329437112,-0.5,0.0,-0.43130935587974467,-0.2529273404173613,0.0,0.0,,
63.2,4.196006724512465,0.10281619947232672,8.81524908575262,-0.005964716452978655,-0.0015672114912753756,0.023352313711483785,20.89999999999994,0.5303724757442038,1347.543480947824,382.8681045899537,-0.5,0.0,-0.43130935587974467,-0.2529273404173613,0.0,0.0,,
63.300000000000004,4.397031929518638,-0.017169635659004322,8.843783808929345,0.00786875910502073,-0.010616639898305481,0.015304699603488826,20.84999999999994,0.5303724757442038,1349.3398844150631,383.921546962792,-0.5,0.0,-0.43130935587974467,-0.2529273404173613,0.0,0.0,,
63.400000000000006,4.360001448407491,-0.1235680125851981,8.682515550621062,-0.001905873242125472,0.00743611397577235,0.020505895494058058,20.79999999999994,0.5303724757442038,1351.1319747887435,384.9724600622261,-0.5,0.0,-0.43130935587974467,-0.2529273404173613,0.0,0.0,,
63.5,4.527829096417728,-0.272066915059735,8.776046821707515,-0.013459366846536307,0.004765189145155905,-0.013794998216202267,20.74999999999994,0.5303724757442038,1352.9197520688651,386.020843888256,-0.5,0.0,-0.43130935587974467,-0.2529273404173613,0.0,0.0,,
63.6,4.403371911371988,-0.047877731981449456,8.893634712719292,0.005579460006564114,0.0031312378354927703,-0.007819784339904112,20.69999999999994,0.5303724757442038,1354.7032162554278,387.0666984408818,-0.5,0.0,-0.43130935587974467,-0.2529273404173613,0.0,0.0,,
63.7,4.418683649907956,-0.2956050250847889,8.862151442257955,0.005360120758226706,-0.0024821614767643286,0.005681793153641478,20.649999999999938,0.5303724757442038,1356.4823673484318,388.1100237201034,-0.5,0.0,-0.43130935587974467,-0.2529273404173613,0.0,0.0,,
63.800000000000004,4.4514360252409,-0.005918374755565493,8.835898438006113,0.0077362457899338094,-0.010568484153010928,-0.0027774584712508023,20.599999999999937,0.5303724757442038,1358.257205347877,389.1508197259208,-0.5,0.0,-0.43130935587974467,-0.2529273404173613,0.0,0.0,,
63.900000000000006,4.292745517613161,0.15441459679284186,8.748354190995387,0.003088298990562432,-0.013090253846683221,0.010648589922113899,20.549999999999937,0.5303724757442038,1360.0277302537634,390.1890864583341,-0.5,0.0,-0.43130935587974467,-0.2529273404173613,0.0,0.0,,
64.0,4.392955163904996,0.06303230454078071,8.45497175719097,-0.006814170300289887,-0.018218347327892938,0.0024557976167703444,20.499999999999936,0.5303724757442038,1361.793942066091,391.22482391734314,-0.5,0.0,-0.43130935587974467,-0.2529273404173613,0.0,0.0,1363.5680276129729,399.9376122393185
64.10000000000001,4.294754857008454,0.3015078338010618,8.825643817534923,-0.001552488399455988,0.0007761498001445358,0.024588972778814194,20.449999999999935,0.5303724757442038,1363.5558407848598,392.25803210294805,-0.5,0.0,-0.43130935587974467,-0.2529273404173613,0.0,0.0,,
64.2,4.352761617950862,0.026154416063639274,8.691147010523018,-0.011168900048460408,0.010283475935133988,0.014581256810365758,20.399999999999935,0.5303724757442038,1365.3134264100697,393.2887110151488,-0.5,0.0,-0.43130935587974467,-0.2529273404173613,0.0,0.0,,
64.3,4.237983280192624,0.30332612980228646,9.077442491124303,-0.005809596596496437,0.005978343895376044,0.01397691228755784,20.349999999999934,0.5303724757442038,1367.066698941721,394.31686065394535,-0.5,0.0,-0.43130935587974467,-0.2529273404173613,0.0,0.0,,
64.4,4.619682537430987,0.08306250208920303,8.555623085199924,0.008004601003294984,0.002290660153489098,0.008806739265391984,20.299999999999933,0.5303724757442038,1368.8156583798134,395.34248101933775,-0.5,0.0,-0.43130935587974467,-0.2529273404173613,0.0,0.0,,
64.5,4.599135864749083,-0.17238672218362894,8.867602298835536,-0.0021860747322741286,-0.00638526003373522,0.004831751339854957,20.249999999999932,0.5303724757442038,1370.560304724347,396.36557211132595,-0.5,0.0,-0.43130935587974467,-0.2529273404173613,0.0,0.0,,
64.60000000000001,4.081391263736985,0.08431059739667891,8.767633901894772,-0.0023482626564389182,-0.0011063312626744036,0.008818461284959427,20.199999999999932,0.5303724757442038,1372.3006379753217,397.38613392991,-0.5,0.0,-0.43130935587974467,-0.2529273404173613,0.0,0.0,,
64.7,4.476263885788605,-0.02052990304557308,8.823105418472062,-0.004888877932229967,0.008777898916820763,0.002688616954695386,20.14999999999993,0.5303724757442038,1374.0366581327378,398.4041664750898,-0.5,0.0,-0.43130935587974467,-0.2529273404173613,0.0,0.0,,
64.8,4.48909718332654,-0.058658822690242654,8.793609604154973,-0.024271245199272977,0.012785109551806291,0.011409009203871183,20.09999999999993,0.5303724757442038,1375.768365196595,399.4196697468655,-0.5,0.0,-0.43130935587974467,-0.2529273404173613,0.0,0.0,,
64.9,4.379260298635675,-0.019353559026001426,9.013632945385227,0.017107525289417155,0.003989386880105339,0.005633633840974759,20.04999999999993,0.5303724757442038,1377.4957591668933,400.43264374523704,-0.5,0.0,-0.43130935587974467,-0.2529273404173613,0.0,0.0,,
65.0,4.275334254274115,-0.03916857089586692,9.243808304777083,-0.008507623476367757,0.022591624742328342,-0.006987321205451729,19.99999999999993,0.5303724757442038,1379.218840043633,401.4430884702044,-0.5,0.0,-0.43130935587974467,-0.2529273404173613,0.0,0.0,1373.8365098681118,403.8762437768523
65.10000000000001,4.609737887598559,0.05752259454669946,8.915069112533988,-0.021063493931260054,-0.013872814846374664,0.0010978568011329715,19.94999999999993,0.5303724757442038,1380.9376078268137,402.45100392176755,-0.5,0.0,-0.43130935587974467,-0.2529273404173613,0.0,0.0,,
65.2,4.488068863405381,0.3300889276585105,8.731615241635971,-0.0012058306639933074,0.011713000644577387,-0.010687751089095199,19.899999999999928,0.5303724757442038,1382.6520625164358,403.4563900999265,-0.5,0.0,-0.43130935587974467,-0.2529273404173613,0.0,0.0,,
65.3,4.3557121747217815,-0.022132863128803314,8.72994284876356,0.003897977095357788,-0.008071996942283806,0.006326013936927608,19.849999999999927,0.5303724757442038,1384.362204112499,404.45924700468134,-0.5,0.0,-0.43130935587974467,-0.2529273404173613,0.0,0.0,,
65.4,4.661019549160591,-0.03897038573756821,8.763567991662875,0.009686319119353226,0.0034200852072108004,0.01042859858786439,19.799999999999926,0.5303724757442038,1386.0680326150034,405.459574636032,-0.5,0.0,-0.43130935587974467,-0.2529273404173613,0.0,0.0,,
65.5,4.873045633574884,0.11653365226355207,8.644549457469628,0.013035778251305653,0.006602396157062306,-0.004754803066125344,19.749999999999925,0.5303724757442038,1387.769548023949,406.4573729939785,-0.5,0.0,-0.43130935587974467,-0.2529273404173613,0.0,0.0,,
65.60000000000001,4.326569102625157,0.25842114291448287,8.607805035904422,0.00020849724766928447,-0.01203337054169172,-0.0034366896030169182,19.699999999999925,0.5303724757442038,1389.466750339336,407.4526420785208,-0.5,0.0,-0.43130935587974467,-0.2529273404173613,0.0,0.0,,
65.7,4.256118222555169,0.06143043686278926,8.843033731537876,0.009784688100493264,-0.0056850714242931135,0.00029294978065515405,19.649999999999924,0.5303724757442038,1391.1596395611639,408.4453818896589,-0.5,0.0,-0.43130935587974467,-0.2529273404173613,0.0,0.0,,
65.8,4.3070166339383835,0.2592395746209096,8.992700002833452,0.008343647354327436,0.020202659649689515,-0.0009420332927175092,19.599999999999923,0.5303724757442038,1392.8482156894331,409.43559242739286,-0.5,0.0,-0.43130935587974467,-0.2529273404173613,0.0,0.0,,
65.9,4.44336272031597,0.18125205658056903,8.759239560253139,-0.012155211098926096,-0.008565274473467869,0.006732444750631735,19.549999999999923,0.5303724757442038,1394.5324787241436,410.4232736917226,-0.5,0.0,-0.43130935587974467,-0.2529273404173613,0.0,0.0,,
66.0,4.152110818366558,0.16686352384526196,8.692271138538059,0.0016340509459194486,-0.00011833306640380496,0.0020097661269050777,19.499999999999922,0.5303724757442038,1396.2124286652952,411.4084256826482,-0.5,0.0,-0.43130935587974467,-0.2529273404173613,0.0,0.0,1395.5517399889993,416.96122925559695
66.10000000000001,4.304415647801495,-0.08567381182057099,8.989923230719164,-0.009161779795696032,-0.015085296828927881,0.018614326033776822,19.44999999999992,0.5303724757442038,1397.888065512888,412.39104840016967,-0.5,0.0,-0.43130935587974467,-0.2529273404173613,0.0,0.0,,
66.2,4.311430679626292,0.18948859177322142,8.575723515532026,-0.0017610092778716135,0.013423963960705816,0.009950298673649844,19.39999999999992,0.5303724757442038,1399.5593892669222,413.3711418442869,-0.5,0.0,-0.43130935587974467,-0.2529273404173613,0.0,0.0,,
66.3,4.174965121550092,-0.04684911248433907,8.58572358068053,-0.007615926568779823,0.02717219309459148,-0.009342204162524133,19.34999999999992,0.5303724757442038,1401.2263999273973,414.348706015,-0.5,0.0,-0.43130935587974467,-0.2529273404173613,0.0,0.0,,
66.4,4.356087850165389,-0.27616238782079,8.72368839969016,0.018939639965717358,-0.004207600883790162,0.010902276124146211,19.29999999999992,0.5303724757442038,1402.8890974943138,415.3237409123089,-0.5,0.0,-0.43130935587974467,-0.2529273404173613,0.0,0.0,,
66.5,4.197100485085751,0.019103356874825922,8.761240864563394,-0.0073663888318059225,0.007822319133437448,-0.008765510307232837,19.24999999999992,0.5303724757442038,1404.5474819676715,416.29624653621363,-0.5,0.0,-0.43130935587974467,-0.2529273404173613,0.0,0.0,,
66.60000000000001,4.25763089477465,-0.18227027130994822,9.14157229789837,0.004708082372018398,-0.00868145885690543,-7.354438958394067e-05,19.199999999999918,0.5303724757442038,1406.2015533474703,417.2662228867142,-0.5,0.0,-0.43130935587974467,-0.2529273404173613,0.0,0.0,,
66.7,4.2856039364570355,0.3118956208125094,8.659948669945432,0.0018803359056809507,0.00761675467775575,-0.010556365047808464,19.149999999999917,0.5303724757442038,1407.8513116337103,418.2336699638106,-0.5,0.0,-0.43130935587974467,-0.2529273404173613,0.0,0.0,,
66.8,4.46378029210453,0.12527026307864841,8.976945605392029,0.0020292930250541885,-0.0005296170603348633,0.0016262919889769053,19.099999999999916,0.5303724757442038,1409.4967568263917,419.19858776750283,-0.5,0.0,-0.43130935587974467,-0.2529273404173613,0.0,0.0,,
66.9,4.323883251385932,0.21521223357582134,8.581316526473707,-0.0008717966129621177,-0.017644272755764714,0.011083977706626554,19.049999999999915,0.5303724757442038,1411.137888925514,420.16097629779085,-0.5,0.0,-0.43130935587974467,-0.2529273404173613,0.0,0.0,,
67.0,4.317485839647362,0.12743095191045323,8.983650945968384,-0.0052859569230967966,0.009452628242476212,-0.0032030132738382943,18.999999999999915,0.5303724757442038,1412.7747079310777,421.1208355546747,-0.5,0.0,-0.43130935587974467,-0.2529273404173613,0.0,0.0,1408.9781406106895,418.8595309411343
67.10000000000001,4.495013714526299,0.06487951964306829,8.607926393780856,0.005572249406372536,0.007697501280050783,0.006249095601641716,18.949999999999914,0.5303724757442038,1414.4072138430827,422.0781655381544,-0.5,0.0,-0.43130935587974467,-0.2529273404173613,0.0,0.0,,
67.2,4.432080559899599,0.015264930183640906,8.854527447625129,-0.012596647453471143,0.0024382053627335686,0.018567899191581888,18.899999999999913,0.5303724757442038,1416.0354066615287,423.0329662482299,-0.5,0.0,-0.43130935587974467,-0.2529273404173613,0.0,0.0,,
67.3,4.166067382176153,0.19287066605311742,8.537792432955637,-0.003446129570330971,0.006068552855087441,0.014809729990680701,18.849999999999913,0.5303724757442038,1417.659286386416,423.9852376849013,-0.5,0.0,-0.43130935587974467,-0.2529273404173613,0.0,0.0,,
67.4,4.560770702047679,0.031196467525024817,8.674480764924482,-0.011242769619434947,-0.0015469145784538056,-0.005764055992195379,18.799999999999912,0.5303724757442038,1419.2788530177445,424.93497984816844,-0.5,0.0,-0.43130935587974467,-0.2529273404173613,0.0,0.0,,
67.5,4.7025934457693435,0.08112845900674896,9.12425311577663,0.012759722040326335,0.005654286031842666,0.0033700223207998024,18.74999999999991,0.5303724757442038,1420.894106555514,425.88219273803145,-0.5,0.0,-0.43130935587974467,-0.2529273404173613,0.0,0.0,,
67.60000000000001,4.416601793718864,-0.13706700876803912,8.88434845216488,-0.01113100591992684,-0.015756736709451328,-0.015863853248869207,18.69999999999991,0.5303724757442038,1422.505046999725,426.82687635449025,-0.5,0.0,-0.43130935587974467,-0.2529273404173613,0.0,0.0,,
67.7,4.4643879804215265,-0.057551326269929495,8.764939242271192,0.000551868491644873,-0.013399868402979867,0.026926112225378905,18.64999999999991,0.5303724757442038,1424.1116743503771,427.7690306975449,-0.5,0.0,-0.43130935587974467,-0.2529273404173613,0.0,0.0,,
67.8,4.574981569732558,-0.10012225235335447,8.846469331242167,0.004823244771876358,0.01664897276430146,0.012005686996124199,18.59999999999991,0.5303724757442038,1425.7139886074704,428.7086557671954,-0.5,0.0,-0.43130935587974467,-0.2529273404173613,0.0,0.0,,
67.9,4.482612584878498,0.1799589219661414,9.029335131037385,-0.00037878463751462796,-0.006477458462787199,0.011879349547447716,18.54999999999991,0.5303724757442038,1427.3119897710048,429.6457515634417,-0.5,0.0,-0.43130935587974467,-0.2529273404173613,0.0,0.0,,
68.0,4.13511822504795,0.017320981089694994,8.941437128720803,0.006025690587414383,-0.0003598658403331876,0.009116928214441046,18.499999999999908,0.5303724757442038,1428.9056778409806,430.58031808628385,-0.5,0.0,-0.43130935587974467,-0.2529273404173613,0.0,0.0,1428.1781173871864,430.063212801214
68.10000000000001,4.450189292990289,0.1513188383849466,8.265062028385994,0.0059452967075283615,0.007702856016674842,0.016771796853020444,18.449999999999907,0.5303724757442038,1430.4950528173974,431.5123553357218,-0.5,0.0,-0.43130935587974467,-0.2529273404173613,0.0,0.0,,
68.2,4.434527697647708,-0.2079226876466738,9.019838603385633,-0.003599019758070281,-0.013489082372107284,0.008970176048779456,18.399999999999906,0.5303724757442038,1432.0801147002555,432.4418633117556,-0.5,0.0,-0.43130935587974467,-0.2529273404173613,0.0,0.0,,
68.3,4.18723990956534,0.22673644119913436,8.835857449699878,-0.003794207213489448,-0.003058956281028801,-0.005106022216648995,18.349999999999905,0.5303724757442038,1433.660863489555,433.36884201438517,-0.5,0.0,-0.43130935587974467,-0.2529273404173613,0.0,0.0,,
68.4,4.149811716642844,0.14304890328153833,8.979266720899508,0.008001572246280434,0.0027340226913151566,0.010631367911956544,18.299999999999905,0.5303724757442038,1435.2372991852953,434.2932914436106,-0.5,0.0,-0.43130935587974467,-0.2529273404173613,0.0,0.0,,
68.5,4.638517580199032,-0.21070240843722518,8.76911064393325,-0.010571350538601705,-0.016271190801175655,0.014284647989781227,18.249999999999904,0.5303724757442038,1436.809421787477,435.2152115994319,-0.5,0.0,-0.43130935587974467,-0.2529273404173613,0.0,0.0,,
68.60000000000001,4.179128480957607,0.12205698521841919,8.762720915406778,0.007424894289328432,-0.0022124191385351467,0.007564950963551575,18.199999999999903,0.5303724757442038,1438.3772312961,436.13460248184896,-0.5,0.0,-0.43130935587974467,-0.2529273404173613,0.0,0.0,,
68.7,4.458667919564283,-0.17078216577769254,8.590262159526871,-0.01623630380432948,0.012774528624329063,0.009236382407184995,18.149999999999903,0.5303724757442038,1439.940727711164,437.0514640908619,-0.5,0.0,-0.43130935587974467,-0.2529273404173613,0.0,0.0,,
68.8,4.429341321318404,0.10009290264921909,8.513410247886007,0.01438452352587204,0.02190020163940388,0.0012360852211435814,18.099999999999902,0.5303724757442038,1441.4999110326694,437.9657964264706,-0.5,0.0,-0.43130935587974467,-0.2529273404173613,0.0,0.0,,
68.9,4.091581196345992,-0.13775759058042303,8.655330883583547,0.015108130748420883,0.013543453178598152,0.006445967213561238,18.0499999999999,0.5303724757442038,1443.054781260616,438.8775994886752,-0.5,0.0,-0.43130935587974467,-0.2529273404173613,0.0,0.0,,
69.0,4.696574263189034,0.05497030106732449,8.81611985089766,-0.010754740815602569,0.002514682770247215,0.005451184564734202,17.9999999999999,0.5303724757442038,1444.6053383950036,439.7868732774756,-0.5,0.0,-0.43130935587974467,-0.2529273404173613,0.0,0.0,1442.3817106005872,439.7132832284646
69.10000000000001,4.347609881735379,0.04223021624895466,8.548971515132713,-0.0058879910786940525,-0.0007929894337513373,-0.00020468084589601691,17.9499999999999,0.5303724757442038,1446.1515824358326,440.6936177928718,-0.5,0.0,-0.43130935587974467,-0.2529273404173613,0.0,0.0,,
69.2,4.309730633755056,-0.17302298413679773,8.77597528670938,0.017322533626603305,0.01146140799162101,-0.0026548768624375454,17.8999999999999,0.5303724757442038,1447.6935133831028,441.59783303486387,-0.5,0.0,-0.43130935587974467,-0.2529273404173613,0.0,0.0,,
69.3,4.220982679741115,0.2904955313725749,8.701398403471803,-0.0036791018987596975,0.01373206566270578,-0.011753136570354098,17.8499999999999,0.5303724757442038,1449.231131236814,442.4995190034517,-0.5,0.0,-0.43130935587974467,-0.2529273404173613,0.0,0.0,,
69.4,4.319712502970683,-0.08483899132897708,8.577774246382138,0.003263666108493337,0.0019500405992394223,-0.009016534119164182,17.799999999999898,0.5303724757442038,1450.7644359969665,443.39867569863543,-0.5,0.0,-0.43130935587974467,-0.2529273404173613,0.0,0.0,,
69.5,4.388105882804814,0.007189636274858047,8.824740572746245,-0.012779218629589093,0.00942308169149619,0.013518079417922116,17.749999999999897,0.5303724757442038,1452.2934276635604,444.2953031204149,-0.5,0.0,-0.43130935587974467,-0.2529273404173613,0.0,0.0,,
69.60000000000001,4.36289585894571,0.009082815147263215,8.733414180046818,-0.009537237846204765,0.0033307394973515663,0.013948968518745924,17.699999999999896,0.5303724757442038,1453.8181062365952,445.1894012687903,-0.5,0.0,-0.43130935587974467,-0.2529273404173613,0.0,0.0,,
69.7,4.56984167095651,0.04485638338513585,8.729419051853643,-0.01904648161242913,0.0005108280219935042,0.0067285957263821345,17.649999999999896,0.5303724757442038,1455.3384717160714,446.0809701437615,-0.5,0.0,-0.43130935587974467,-0.2529273404173613,0.0,0.0,,
69.8,4.162769164928434,-0.12845099547245645,8.76086544503759,0.004644628372409774,-0.010100140837073966,-0.019809489436598087,17.599999999999895,0.5303724757442038,1456.8545241019888,446.97000974532847,-0.5,0.0,-0.43130935587974467,-0.2529273404173613,0.0,0.0,,
69.9,4.216423635377039,-0.05420483962629433,8.867322585110413,-0.02634994580831005,0.0016137592601829706,-0.0035076411949750428,17.549999999999894,0.5303724757442038,1458.3662633943472,447.8565200734913,-0.5,0.0,-0.43130935587974467,-0.2529273404173613,0.0,0.0,,
70.0,4.954096675760446,0.9892132479879368,8.42852956921131,0.03919937556840671,0.00956030767214027,0.06305913115121192,17.499999999999893,0.5303724757442038,1459.8740530215637,448.74680036786964,0.2,1.0499999999999936,-0.3586236725245577,1.0069205835144028,0.0,0.06,,
70.10000000000001,5.15047876995587,1.0982558209379187,8.484611746051964,0.019675875564545187,-0.010912363098474107,0.07824061234492438,17.519999999999893,0.5363724757442038,1461.3781904661219,449.6471376171077,0.2,1.0509897670079,-0.36516449655004324,1.0056015019950366,0.0,0.05998800039999466,,
70.2,4.962073952868731,1.1956429267035302,8.56558912514463,0.0014106817910650264,-0.00871287265570608,0.050500979751883376,17.539999999999893,0.5423712757842032,1462.8786114435911,450.55751640351235,0.2,1.0515581922500066,-0.37148369554049887,1.0038797216976125,0.0,0.05995200639965867,,
70.3,4.831392394389447,0.9988863970103036,8.318852636086397,0.022389699009299248,-0.02548968170879491,0.05319624729433204,17.559999999999892,0.548366476424169,1464.375253960102,451.4779173106224,0.2,1.0517040888757248,-0.3775714988669744,1.0017590797199019,0.0,0.05989203239611225,,
70.4,4.889424758714389,1.1180945128279676,8.450922781466288,0.023735400809317415,-0.012652128561363359,0.09105904624931156,17.57999999999989,0.5543556796637803,1465.8680584091896,452.4083169635796,0.2,1.0514264398079964,-0.3834182766513643,0.9992437057380028,0.0,0.05980810237815716,,
70.5,4.705652393509701,1.1478317026452538,8.530659176235377,0.022048747018194505,0.009574754429687079,0.06625847369336543,17.59999999999989,0.560336489901596,1467.356967667108,453.34868807236006,0.2,1.0507243985335888,-0.38901455581402977,0.9963380134465336,0.0,0.05970024991668155,,
70.60000000000001,4.918074208403191,1.1892313843533517,8.521612030795437,0.03712389286845956,0.007695430503819585,0.05539130864061127,17.61999999999989,0.5663065148932642,1468.841927186455,454.29899947777557,0.2,1.0495972898247006,-0.3943510358277335,0.9930466914244013,0.0,0.05956851815123196,,
70.7,5.266135530823118,1.1765138538385471,8.519591648080766,-0.0005641780713293923,0.00314645697757463,0.05098593956534528,17.63999999999989,0.5722633667083874,1470.3228850879536,455.2592162001493,0.2,1.0480446103914487,-0.39941860414514624,0.9893746934469804,0.0,0.05941295977275823,,
70.8,4.980737261871571,1.102600216883393,8.328158071281354,0.026907779234275755,0.00814122083850973,0.04543258596018536,17.65999999999989,0.5782046626856632,1471.799792250239,456.229299490565,0.2,1.0460660294648079,-0.40420835126837873,0.9853272282674255,0.0,0.05923363700253762,,
70.9,5.011078125531637,1.2236746514098393,8.455144855739205,0.02993753313493499,0.011982505324733814,0.059483913804399914,17.67999999999989,0.584128026385917,1473.2726023975008,457.2092068845825,0.2,1.0436613893096325,-0.4087115854302996,0.9809097488916925,0.0,0.05903062156728727,,
71.0,4.892085734476118,1.1528877006809457,8.481963122003092,0.02417187873365352,-0.005866684135330721,0.053654068558808804,17.69999999999989,0.5900310885426457,1474.7412721848407,458.19889225830957,0.2,1.040830705667392,-0.4129198468587833,0.9761279413735682,0.0,0.058803994670474494,,
71.10000000000001,5.084582461951523,1.2564584796229132,8.240487459057883,0.028544479940504165,0.01824089894242206,0.04317790733983109,17.71999999999989,0.5959114880096932,1476.2057612812032,459.1983058867131,0.2,1.0375741681282926,-0.4168249215965202,0.970987713157676,0.0,0.0585538469598363,,
71.2,4.961222256350322,0.9870458406856286,8.610903339759279,0.033376043142850614,0.0006174381357807266,0.06334760118516475,17.73999999999989,0.6017668727056769,1477.6660324497482,460.20739450405057,0.2,1.0338921404324937,-0.4204188548505829,0.9654951809999922,0.0,0.058280278491121766,,
71.3,4.83191742499578,1.0978887102770505,8.413378845954893,-0.005274114164921486,-0.005411716884840611,0.05605487964401717,17.759999999999888,0.607594900554789,1479.1220516255314,461.22610136629737,0.2,1.029785160700131,-0.4236939638475664,0.9596566584968457,0.0,0.0579833986880708,,
71.4,5.166014522590222,0.8483380274492933,8.466084926268728,0.03189733718649961,-0.005636066774460146,0.06258886735457987,17.779999999999887,0.6133932404235961,1480.573787990372,462.2543663154426,0.2,1.0252539415899236,-0.42664285017183934,0.9534786432547525,0.0,0.05766332629864624,,
71.5,4.791305544625775,0.8397581577708503,8.49407017091995,0.02699271465798583,0.0004223758406085783,0.059324508483191464,17.799999999999887,0.6191595730534607,1482.021214044787,463.2921258455218,0.2,1.0202993703861407,-0.42925841156618494,0.9469678037346523,0.0,0.057320189347536354,,
71.60000000000001,4.859425441109137,1.2712462577954864,8.42966953162517,0.032677937162958505,0.0016601255132186346,0.03562994637101821,17.819999999999887,0.6248915919882143,1483.464305676879,464.33931317025355,0.2,1.0149225090137386,-0.43153385317592197,0.940130965805235,0.0,0.05695412508494641,,
71.7,5.1092118244838325,0.8399194560104009,8.403814323310792,0.029008301741809586,-0.006009138805317735,0.07037661464967751,17.839999999999886,0.6305870044967089,1484.9030422280666,465.3958582921425,0.2,1.0091245939815352,-0.43346269821946143,0.9329750990410743,0.0,0.05656527993170076,,
71.8,4.980031284919941,1.170357699104933,8.393772277479767,0.021507862619705217,0.005691886928917889,0.050444547082863216,17.859999999999886,0.636243532489879,1486.3374065555618,466.46168807291076,0.2,1.0029070362532686,-0.43503879807010537,0.9255073028021081,0.0,0.0561538094206761,,
71.9,4.905665251961657,1.0118321658404688,8.775591586924016,0.016068885188306903,-0.007161793208838517,0.045504601286193255,17.879999999999885,0.6418589134319466,1487.7673850914898,467.53672630511613,0.2,0.9962714210464734,-0.4362563417358408,0.9177347921318122,0.0,0.05571987813459059,,
72.0,4.740889559468519,0.8439743934628473,8.365315927298404,0.03842683328765766,-0.0019933715634355394,0.04027508187365398,17.899999999999885,0.6474309012454056,1489.1929678985696,468.6208937848161,0.2,0.9892195075590922,-0.4371098647257692,0.9096648835119847,0.0,0.0552636596401731,,
72.10000000000001,5.049395595204468,1.3233308779383703,8.407468773431942,0.022762890490690843,0.009517266344347717,0.03411359671342323,17.919999999999884,0.6529572672094229,1490.6141487222649,469.71410838513293,0.2,0.9817532286237867,-0.4375942572937565,0.9013049805125648,0.0,0.05478533641873845,,
72.2,4.885778553642313,0.9144819361089005,8.25183903186413,0.01359132557149216,0.006307657258190805,0.04578643925953458,17.939999999999884,0.6584358008512968,1492.0309250393314,470.8162851305769,0.2,0.973874690289962,-0.437704772051827,0.8926625593752812,0.0,0.05428509979319779,,
72.3,4.798988448602026,1.0232530220986757,8.527412319378971,0.05159823537910348,0.008390195266598005,0.05676874949177517,17.959999999999884,0.6638643108306166,1493.4432981026887,471.9273362719826,0.2,0.9655861713335,-0.43743703094770836,0.8837451545701062,0.0,0.05376314985153153,,
72.4,4.9475820937283075,0.9389815329135167,8.449589222739348,0.033059097952323944,-0.005243138468964995,0.0634352408755843,17.979999999999883,0.6692406258157697,1494.8512729825516,473.0471713619145,0.2,0.956890122694285,-0.4367870316028709,0.8745603443636331,0.0,0.05321969536675702,,
72.5,5.0955625137947544,1.2082463311759983,8.436318574759527,0.03305083802984814,-0.007756862484231843,0.04734925506274385,17.999999999999883,0.6745625953524454,1496.254858603762,474.1756973303969,0.2,0.9477891668415963,-0.43575115300925216,0.8651157364384228,0.0,0.05265495371342236,,
72.60000000000001,5.072262339746888,1.1047535635677599,8.568816702142941,0.03700558575449584,0.004283860540307017,0.03527052821799262,18.019999999999882,0.6798280907237877,1497.65406777927,475.31281856082654,0.2,0.938286097067468,-0.4343261605846831,0.8554189536021926,0.0,0.05206915078065894,,
72.7,4.970593654588089,0.8580673661584166,8.362040455506962,0.027658188197170055,-0.0066236792137217325,0.05982432495420202,18.039999999999882,0.6850350058018536,1499.0489172397192,476.45843696592505,0.2,0.9283838767081968,-0.4325092105888625,0.8454776196254631,0.0,0.05146252088182943,,
72.8,4.925987549310052,0.8397726084286729,8.40008706605127,0.021962276038730234,-0.0035087462155398244,0.051806656384142925,18.05999999999988,0.6901812578900366,1500.4394276590947,477.6124520635905,0.2,0.918085638294132,-0.43029785390341535,0.835299345245798,0.0,0.050835306660804984,,
72.9,5.12589523777069,1.163209763440459,8.195884641157122,0.03387183143821795,0.005453528532908258,0.05147187849808063,18.07999999999988,0.6952647885561171,1501.8256236764032,478.77476105251134,0.2,0.9073946826279881,-0.4276900391812976,0.8248917143762853,0.0,0.05018775899491117,,
73.0,4.970966476615481,1.0486168955388826,8.393846595602836,0.017319653747278434,-0.007405704187326061,0.04736256873859554,18.09999999999988,0.7002835644556081,1503.2075339133578,479.9452588874052,0.2,0.8963144777919047,-0.4246841153724099,0.8142622705552116,0.0,0.049520136894580694,,
73.10000000000001,5.087923293861834,0.9212168727798998,8.619275557191747,0.029881624584002286,0.006249380934233374,0.04454701312719598,18.11999999999988,0.7052355781450662,1504.5851909880462,481.1238383537501,0.2,0.8848486580834999,-0.4212788336338066,0.8034185036730919,0.0,0.04883270739975197,,
73.2,5.016928290374647,0.8923610273013589,8.210980185770294,0.03554475136614928,0.01408058717058607,0.042742048615292634,18.13999999999988,0.7101188488850414,1505.9586315245679,482.3103901418776,0.2,0.8730010228812579,-0.417473348634415,0.7923678370123883,0.0,0.048125745473057535,,
73.3,4.916786093866172,1.3024882635670756,8.540861690339998,0.03868573607185721,-0.003776274455797726,0.06155824883816136,18.15999999999988,0.7149314234323472,1507.3278961586332,483.5048029203011,0.2,0.8607755354395236,-0.41326721926549004,0.781117614634165,0.0,0.04739953388984192,,
73.4,4.540518519880876,1.0699740853174122,8.429195895858907,0.021739479753706267,-0.026087648503215235,0.04150538486039251,18.17999999999988,0.7196713768213313,1508.6930295391187,484.7069634081566,0.2,0.8481763216135056,-0.4086604087693998,0.7696750891449222,0.0,0.04665436312505563,,
73.5,5.015979746714693,0.7675363433214437,8.335263028747598,0.024721105365692032,-0.0035474451154504307,0.039181145303474656,18.19999999999988,0.7243368131338369,1510.0540803255856,485.9167564466361,0.2,0.8352076685146557,-0.40365328430049874,0.7580474098756012,0.0,0.0458905312370693,,
73.60000000000001,4.6053639850492525,0.44074899379638743,8.331080159286639,0.02328137600636968,-0.011087846266908886,0.04773754668643439,18.219999999999878,0.7289258662575439,1511.4111011817668,487.13406506930005,0.2,0.8218740230968196,-0.39824661593295985,0.7462416115034708,0.0,0.04510834374845363,,
73.7,4.8668935333991525,0.7778224837154915,8.662047509931245,0.008050078733339166,0.0020455223391194237,0.05888603132623377,18.239999999999878,0.7334367006323892,1512.7641487650362,488.35877057115795,0.2,0.8081799906736551,-0.39244157513148936,0.7342646031462942,0.0,0.04430811352377525,,
73.8,4.91811435108516,1.1009975770322298,8.595599548402168,0.018935996802885657,-0.0027327132308570786,0.03456898119929422,18.259999999999877,0.7378675119847667,1514.1132837118828,489.59075257641285,0.2,0.7941303333677308,-0.38623973270168965,0.72212315795664,0.0,0.04349016064445433,,
73.9,4.898268619047932,0.6253459230203913,8.442232380012722,0.024098302474950074,-0.007323158402250193,0.05124050052807932,18.279999999999877,0.7422165280492122,1515.4585706194093,490.8298891047695,0.2,0.7797299684918596,-0.37964305623771,0.7098239032427742,0.0,0.04265481228073659,,
74.0,4.771052196412343,0.7189149437480493,8.573934196596976,0.024189662071648323,-0.029674041356636732,0.0348157597329618,18.299999999999876,0.7464820092772859,1516.8000780228886,492.0760566362121,0.2,0.7649839668631824,-0.37265390708548257,0.6973733111409233,0.0,0.04180240256082992,,
74.10000000000001,5.03513313475835,0.516918956411335,8.525972879325401,0.0027843643761906317,-0.010342147576496605,0.04931622534223342,18.319999999999876,0.7506622495333689,1518.1378783694074,493.32913017416286,0.2,0.7498975510505383,-0.3652750368404291,0.6847776898620588,0.0,0.04093327243725674,,
74.2,4.949632999634842,1.0671226722500062,8.274287539839936,0.02696736303191283,-0.002198010134515817,0.02727927458041708,18.339999999999876,0.7547555767770946,1519.4720479876396,494.5889833069385,0.2,0.7344760935557699,-0.3575095833990601,0.6720431755347082,0.0,0.04004776955047846,,
74.3,4.971260552666003,0.8692648902899679,8.386263935374846,0.022296866848823104,0.00886322820897736,0.025516259275244913,18.359999999999875,0.7587603537321425,1520.8026670537881,495.85548826742877,0.2,0.7187251149295151,-0.34936106658418964,0.6591757246634633,0.0,0.039146248089843134,,
74.4,5.196322308704448,0.9146052559023348,8.549918795601434,0.0001859933583953574,-0.0018461834433977473,0.05548064536455806,18.379999999999875,0.7626749785411268,1522.1298195537452,497.12851599092625,0.2,0.7026502818221885,-0.34083338336383595,0.6461811072211576,0.0,0.038229068651914756,,
74.5,4.927991428198921,0.749365068697184,8.406568937787965,0.015201084477212554,0.012032950675928411,0.040437772245072334,18.399999999999874,0.7664978854063182,1523.453593241518,498.4079361710433,0.2,0.6862574049708088,-0.3319308026840012,0.6330649003908078,0.0,0.037296598096239864,,
74.60000000000001,4.752157169981173,0.7129778116630112,8.3552366503629,0.014406432271866469,-0.0008728877608809416,0.05108981873059801,18.419999999999874,0.7702275452159423,1524.7740795939776,499.69361731365973,0.2,0.669552437122349,-0.3226579599355771,0.6198324829715596,0.0,0.03634920939860769,,
74.7,5.176931324851481,0.9316508027018708,8.32600567746889,0.011170541164179832,-0.0004992239379483408,0.049177401046251054,18.439999999999873,0.773862466155803,1526.091373761985,500.9854267888503,0.2,0.652541470894402,-0.3130198510756475,0.6064890304610704,0.0,0.03538728150186586,,
74.8,5.126853657368606,0.7476393282393419,8.506350926818929,0.016134005128537326,-0.011064493480882141,0.0465169668523702,18.459999999999873,0.7774011943059896,1527.4055745179598,502.28323088074853,0.2,0.635230736573849,-0.3030218264232337,0.5930395108247699,0.0,0.03441119916434742,,
74.9,4.867090102315696,0.5613497011758605,8.48264031263993,0.03288352220628213,0.00819156923962614,0.035106840816829424,18.479999999999873,0.7808423142224243,1528.7167841999494,503.5868948353099,0.2,0.6176265998543764,-0.29266958414938393,0.5794886809606419,0.0,0.03342135280597298,,
75.0,4.780975277271878,0.5035657879545297,8.586211708181594,0.0061905862841701315,-0.019052199953173837,0.039927268001731686,18.499999999999872,0.7841844495030217,1530.0251086522721,504.8962829059457,0.2,0.599735559513631,-0.28196916348113654,0.5658410838662,0.0,0.032418138352088385,,
75.10000000000001,4.81020539732167,0.6316394400241093,8.58733303657894,-0.0033931245513359326,0.008035283088997829,0.04190486054424697,18.51999999999987,0.7874262633382305,1531.3306571628,506.21125839700363,0.2,0.5815642450308273,-0.2709269376384694,0.552101046512427,0.0,0.03140195707509888,,
75.2,5.019189522073593,0.5091034183847745,8.520160254652339,0.007742659855239612,-0.023871651104703604,0.040501345170175784,18.53999999999987,0.7905664590457404,1532.633542396954,507.5316837050806,0.2,0.5631194141457381,-0.25954960652292713,0.5382726784276097,0.0,0.030373215433966663,,
75.3,5.069531821194479,0.7971197750233208,8.521004856225511,-0.0006641522944398157,0.005541460401373346,0.019880037994818155,18.55999999999987,0.793603780589137,1533.9338803284872,508.8574203581592,0.2,0.5444079503598803,-0.24784418917594536,0.5243598709920164,0.0,0.029332324911631687,,
75.4,4.824615899974301,0.6420836584760421,8.34533864438483,0.010042557366013404,-0.01203153901169463,0.027464580535194617,18.57999999999987,0.7965370130803002,1535.2317901671313,510.18832905256636,0.2,0.5254368603808804,-0.23581801602435892,0.5103662974425839,0.0,0.028279701850424336,,
75.5,4.833330397863121,0.4437901371872415,8.538666774730785,0.028834708948172545,0.0016980209851135107,0.02311935515237293,18.59999999999987,0.7993649832653427,1536.527394283185,511.5242696877601,0.2,0.5062132715109408,-0.22347872092981189,0.4962954135848776,0.0,0.02721576728553464,,
75.60000000000001,5.16753017114994,0.45628598433376355,8.253580384212023,0.018337973536443515,0.00296503570865555,0.028497577395576543,18.61999999999987,0.8020865599938961,1537.8208181291272,512.865101398957,0.2,0.4867444289803377,-0.21083423305801335,0.4821504592077398,0.0,0.026140946776602638,,
75.7,5.170957228433608,0.5093282705782215,8.202587824426946,0.005611996576037522,-0.003625271112767653,0.054287093353884826,18.63999999999987,0.8047006546715564,1539.1121901583347,514.2106825876208,0.2,0.4670376932270238,-0.1978927685830479,0.4679344601943266,0.0,0.025055670237501455,,
75.8,4.758830992651595,0.6340883127754403,8.515776548981682,0.011536769076013503,-0.01572048240061887,0.03525358564798049,18.65999999999987,0.8072062216953065,1540.4016417409875,515.560870949838,0.2,0.4471005371232608,-0.1846628222409645,0.4536502313213454,0.0,0.023960371764376417,,
75.9,4.942976049593669,0.4272820663043757,8.449271299670828,0.007030437298933559,0.01792344905920133,0.025902787424517567,18.67999999999987,0.8096022588717442,1541.6893070772499,516.9155235026145,0.2,0.4269405431503967,-0.17115315874607656,0.43930037973668545,0.0,0.022855489462012834,,
76.0,5.040890496107862,0.32725931539359154,8.475493268173183,0.004733913169645825,-0.014254434731361823,0.017272765017025293,18.699999999999868,0.8118878078179455,1542.9753231078107,518.2744966081342,0.2,0.4065654005228247,-0.1573728040823991,0.4248873091038702,0.0,0.021741465268600404,,
76.10000000000001,4.803077243418716,0.48667807358938037,8.402246193335866,0.007457857250298792,-0.0011833471617854186,0.031809002861894836,18.719999999999867,0.8140619543448054,1544.2598294218728,519.637645996024,0.2,0.3859829022621794,-0.143331036681676,0.4104132244001053,0.0,0.020618744778962722,,
76.2,4.910802200215608,0.3052259312216838,8.555902248815729,0.012083675428124734,-0.0004106161019333012,0.022480623617447033,18.739999999999867,0.8161238288227017,1545.5429681626774,521.0048267836813,0.2,0.3652009422229567,-0.1290373784985447,0.3958801373531623,0.0,0.019487777066326536,,
76.3,5.131252309675586,0.3444162008744529,8.63350747260495,0.02261728975573512,0.008386814844105465,0.013133839340725772,18.759999999999867,0.8180726065293343,1546.824883930656,522.3758934947215,0.2,0.3442275120706005,-0.11450158599226676,0.3812898725006618,0.0,0.018349014502697384,,
76.4,4.896441147805297,0.29366160522657486,8.514604335044357,0.004678100442428112,0.003986887663271056,0.029837606143460753,18.779999999999866,0.8199075079796041,1548.1057236842976,523.7507000756112,0.2,0.3230706982132839,-0.0997336410235671,0.36664407385392306,0.0,0.017202912577917263,,
76.5,4.930207842836609,0.33206872985546726,8.67928216380609,0.009791438410666545,-0.0015098609865615794,0.014132354380027903,18.799999999999866,0.8216277992373958,1549.3856366388252,525.1290999105605,0.2,0.3017386786885324,-0.08474374167404536,0.3519442121470163,0.0,0.01604992971747524,,
76.60000000000001,4.772296307437074,0.29561827800395546,8.535945596663346,0.0036044149628604834,0.006815261619918673,0.008529051955630492,18.819999999999865,0.8232327922091434,1550.6647741627703,526.5109458347478,0.2,0.2802397200058555,-0.06954229299462927,0.337191592650246,0.0,0.01489052709914227,,
76.7,4.943570632838976,0.25147812478667975,8.260514073471324,0.007028187006674754,0.019269124862492146,0.026057552323228626,18.839999999999865,0.8247218449190575,1551.9432896725418,527.8960901459632,0.2,0.25858217394667987,-0.054139897688633365,0.3223873635260156,0.0,0.013725168468507524,,
76.80000000000001,5.293252340356911,0.07997112505924239,8.493322551873305,0.017970839449532903,0.00391356190158447,0.02200635021069755,18.859999999999864,0.8260943617659083,1553.221338525079,529.2843846147565,0.2,0.23677447432272586,-0.03854734673390367,0.30753252470361464,0.0,0.012554319953485025,,
76.9,4.747314888585153,0.012446101410905713,8.39064126882397,-0.0034996724931824373,0.0025600963384031783,0.006001491830849496,18.879999999999864,0.8273497937612568,1554.4990779086854,530.6756804931834,0.2,0.21482513369418385,-0.02277560994773989,0.2926279372483639,0.0,0.011378449877869989,,
77.0,5.013535603385187,0.18770564089600264,8.299900830443036,0.0005477239756662934,-0.002045793986893583,0.024592725079588325,18.899999999999864,0.8284876387490439,1555.7766667321353,532.0698285222466,0.2,0.19274274004887168,-0.006835826497245734,0.27767433319924706,0.0,0.010198028574014448,,
77.10000000000001,4.8437893648764945,0.1412708864818929,8.535506430192282,0.006640451799570351,0.015573311162813713,-0.0021172958378689218,18.919999999999863,0.8295074416064453,1557.054265512151,533.4666789381341,0.2,0.17053595344374253,0.009260704642974377,0.2626723258481599,0.0,0.009013528194701045,,
77.2,5.211674493300559,0.16541299488786979,8.606087106117247,-0.004413483943827515,-0.008268451879472671,0.024776962258268007,18.939999999999863,0.8304087944259154,1558.3320362593445,534.8660814773623,0.2,0.14821350261002678,0.02550253428474207,0.24762242043277902,0.0,0.007825422524288693,,
77.30000000000001,5.430266404949655,0.14115543664220695,8.29932674235805,0.009034840264432771,-0.0014629763867654568,0.01026390540691686,18.959999999999862,0.8311913366783443,1559.6101423627179,536.2678853809311,0.2,0.12578418152330748,0.04187807267158798,0.23252502521406498,0.0,0.00663418678920403,,
77.4,4.755112913118588,0.16964054475025842,8.300714035788177,-0.005785286048377542,0.0008630767892241831,-0.01588615806850859,18.979999999999862,0.8318547553572647,1560.8887484728243,537.6719393976084,0.2,0.10325684593995359,0.05837559917574717,0.21738046290856,0.0,0.0054402974678585,,
77.5,5.066326229546796,-0.20922960420944242,8.560441069123156,0.01241592203003766,-0.011432492324385455,0.01083775452446966,18.99999999999986,0.8323987851040505,1562.1680203836813,539.0780917864569,0.2,0.08064040990118072,0.07498327204799342,0.20218898244466005,0.0,0.004244232100062174,,
77.60000000000001,5.041710699850047,-0.04777672192791728,8.265338548980461,-0.00233150782120382,0.0037735160007343173,0.014199472511955245,19.01999999999986,0.8328232083140568,1563.4481249135363,540.4861903187272,0.2,0.05794384220619811,0.09168913822188857,0.18695077101136598,0.0,0.003046469096014644,,
77.7,5.317051267348535,0.371761009845798,8.643141749857907,0.0038724290961013,0.01243556889529801,-0.00536385831340884,19.03999999999986,0.8331278552236582,1564.7292297845845,541.896082279237,0.2,0.035176162855808275,0.10848114317460923,0.1716659663672106,0.0,0.0018474875449479271,,
77.80000000000001,5.016253735543031,-0.008183760780570135,8.648074284382286,0.0058324192659293846,0.0024534777580922152,-0.0015678372260484958,19.05999999999986,0.833312603978153,1566.0115035017348,543.3076144673631,0.2,0.012346439467831958,0.12534714084695564,0.15633466937639362,0.0,0.0006477670234959102,,
77.9,4.87145076419009,-0.29224229829770726,8.429271405176936,-0.013844315674830935,-0.015018007089040887,0.004711688810811232,19.07999999999986,0.8333773806805026,1567.2951152305254,544.7206331977721,0.2,-0.010536216334132978,0.14227490362541387,0.1409569567386401,0.0,-0.0005522125961285668,,
78.0,5.024308526339471,-0.05336965670313387,8.371377372219047,0.010559405355150136,-0.0033103427954674597,0.003219835253734539,19.09999999999986,0.8333221594208897,1568.580234674288,546.1349843010195,0.2,-0.033462652557276734,0.15925213238955555,0.12553289387865038,0.0,-0.0017519713380773289,,
78.10000000000001,4.871248046763748,0.011574581909827908,8.324278281669045,-0.012034781638920944,-0.004016142973590734,-0.004940091699604873,19.11999999999986,0.833146962287082,1569.8670319506646,547.5505131241457,0.2,-0.056423680499938074,0.17626646662812628,0.11006254796066975,0.0,-0.0029510293148503394,,
78.2,4.949743348863582,-0.036231476168794303,8.194228616530195,-0.011470811703420247,0.0019051212684440383,-0.00571751754238185,19.13999999999986,0.8328518593555969,1571.1556774675728,548.9670645314025,0.2,-0.07941007843432492,0.1933054946273669,0.09454600099324481,0.0,-0.004148906919243757,,
78.30000000000001,5.034099752042045,-0.3806458551074604,8.299796767056487,-0.002074155260290651,-0.0009055748195442433,-0.006167890387482303,19.159999999999858,0.8324369686636726,1572.4463417987297,550.3844829052384,0.2,-0.10241259531015526,0.21035676373514384,0.07898336298891376,0.0,-0.005345125016187683,,
78.4,5.221662474669852,0.03066121812337931,8.313840707018212,0.0026104972589090034,-0.015884572323919367,-0.016789781661713857,19.179999999999858,0.8319024561620538,1573.7391955588298,551.8026121476778,0.2,-0.12542195447764426,0.22740779070431688,0.06337478514341392,0.0,-0.0065392051343923455,,
78.5,5.020459627990395,-0.05197443109811084,8.485539856143307,0.001343659291966802,-0.007580660381305429,-0.011374322367563841,19.199999999999857,0.8312485356486146,1575.0344092784874,553.2212956822227,0.2,-0.14842885742844353,0.24444607211876931,0.04772047299868955,0.0,-0.007730669657731492,,
78.60000000000001,4.981583565386672,-0.28982406922975396,8.336419556757502,-0.013586444193398033,0.0132845843160259,-0.006649184127880186,19.219999999999857,0.8304754686828414,1576.332153279045,554.6403764564112,0.2,-0.1714239875529373,0.2614590949051522,0.03202069955401121,0.0,-0.008919042016281924,,
78.7,4.980589075616475,-0.3819976604737422,8.568762196549482,-0.0029878397949991854,-0.010374438450333319,-0.008032365732207584,19.239999999999856,0.8295835644812132,1577.6325975473546,556.0596969451612,0.2,-0.1943980139124138,0.2784343469331705,0.016275818289409966,0.0,-0.010103846876944659,,
78.80000000000001,5.065729513638265,-0.18610498134592743,8.489185632362137,0.0019019219082682262,-0.0032419254463849456,-0.02792347351950171,19.259999999999856,0.8285731797935187,1578.9359116106386,557.4790991550301,0.2,-0.21734159502461342,0.2953593277068307,0.00048627606568490966,0.0,-0.011284610333572951,,
78.9,4.901925172024294,-0.3519467805641983,8.797834559894426,-0.01830393308921453,0.007408875816064694,-0.020104548057122248,19.279999999999855,0.8274447187601615,1580.242264411539,558.8984246295164,0.2,-0.24024538266104054,0.31222155914850525,-0.015347374134561748,0.0,-0.012460860096527093,,
79.0,4.65155980682944,0.02758230152186411,8.42171757948569,-0.006657978525091671,0.007535218827744169,-0.01720077672656404,19.299999999999855,0.8261986327505088,1581.5518241834618,560.3175144555323,0.2,-0.2631000256545929,0.3290085964772341,-0.03122446066032189,0.0,-0.013632125681585226,,
79.10000000000001,5.203359679336649,0.02767527646469986,8.516905117902526,-0.010018500950670303,-0.0038895895257766624,-0.01680988247332002,19.319999999999855,0.8248354201823502,1582.864758326329,561.7362092711672,0.2,-0.2858961737158722,0.3457080391819011,-0.04714418087507033,0.0,-0.014797938598130144,,
79.2,4.892993410727002,-0.3716420571236838,8.617175295345172,-0.0010755585456390304,-0.008254018130191072,-0.008026123714223964,19.339999999999854,0.8233556263225372,1584.181233282845,563.1543492748667,0.2,-0.30862448125665926,0.3623075420892975,-0.06310558910392916,0.0,-0.01595783253653886,,
79.30000000000001,4.955021914164228,-0.12921225958952795,8.629330931875085,-0.030525902130226636,-0.0025265356571477888,0.004603847133981832,19.359999999999854,0.8217598430688834,1585.5014144153943,564.5717742361428,0.2,-0.33127561121901616,0.37879482652627877,-0.07910758487944836,0.0,-0.017111343554701376,,
79.4,4.747508725884376,-0.20502637635364748,8.312910664787223,-0.01878626060941098,0.0023201059232849644,0.008337493009120116,19.379999999999853,0.8200487087134133,1586.8254658836786,565.9883235079323,0.2,-0.35384023890837285,0.3951576915742854,-0.09514890151975641,0.0,-0.018258010263590068,,
79.5,4.9006744062338345,-0.13478600759192239,8.557676053374621,-0.02017383989385256,-0.01928042816223124,0.0003668479329546545,19.399999999999853,0.8182229076870543,1588.153550523208,567.4038360407127,0.2,-0.37630905582911534,0.41138402541369556,-0.11122809507235201,0.0,-0.019397374011810214,,
79.60000000000001,4.810470692706373,-0.5087985013386772,8.254121383722401,0.00152252432475522,-0.013181024293550654,-0.009962925906545756,19.419999999999852,0.8162831702858733,1589.4858297247633,568.8181503984855,0.2,-0.3986727735210255,0.42746181675436856,-0.1273435336560184,0.0,-0.02052897906905399,,
79.7,5.181459307634527,-0.49005334047280313,8.3983796015935,-0.026905628363606396,0.019532821982261146,-0.012216665593621777,19.439999999999852,0.8142302723789678,1590.8224633149418,570.2311047767272,0.2,-0.42092212739502194,0.4433791663477774,-0.14349338723265612,0.0,-0.021652372808386066,,
79.80000000000001,5.004496171936437,-0.4610177323914832,8.793538208079788,0.004698883105523785,-0.004180875553780439,-0.02857443475591536,19.45999999999985,0.8120650350981292,1592.1636094379028,571.6425370224099,0.2,-0.44304788056664846,0.45912429857503484,-0.15967561783998666,0.0,-0.022767105887289404,,
79.9,5.105237967286553,-0.4574983284701912,8.091458839980223,-0.030350488478466862,0.007583297342485353,-0.008581556643302683,19.47999999999985,0.8097883245094003,1593.5094244384313,573.0522846561821,0.2,-0.4650408276856517,0.47468557310391607,-0.1758879703150921,0.0,-0.023872732427395033,,
80.0,4.9076302696406096,-0.37890450503856604,8.629915825174978,-0.02211533077210282,-0.019199339295625523,-0.010139895450721574,19.49999999999985,0.8074010512666608,1594.8600627464377,574.4601848968016,0.2,-0.48689179876015287,0.4900514966069283,-0.19212796353786427,0.0,-0.024968810192828542,,
80.10000000000001,5.328712938920697,-0.4558679619343009,8.232421696490336,-0.008576905927980525,-0.0005592844647500827,-0.0016606377809701839,19.51999999999985,0.804904170247378,1596.2156767630079,575.8660746879003,0.2,-0.5085916629737514,0.5052107345311592,-0.2083928822222401,0.0,-0.02605490076709812,,
80.2,5.006732197662101,-0.8062848828739102,8.335391371383592,0.0007371002670454544,0.0006083638065816107,-0.01022843668428002,19.53999999999985,0.8022986801706682,1597.5764167481263,577.269790727162,0.2,-0.5301313324940016,0.5201521229094903,-0.2246797692820075,0.0,-0.02713056972845474,,
80.30000000000001,5.062618696708127,-0.5592512325222724,8.310005961949972,0.014203728513618797,0.012925406140807717,-0.010521667709241322,19.55999999999985,0.7995856231978227,1598.9424307101895,578.6711694979814,0.2,-0.5515017662707119,0.5348646802015262,-0.2409854187967274,0.0,-0.028195386823656247,,
80.4,5.154019308599379,-0.3755333016076191,8.270986938663826,-0.005948176049230298,0.00520243597459529,-0.02714115469638405,19.57999999999985,0.796766084515457,1600.3138642974275,580.0700473036726,0.2,-0.5726939738224024,0.5493376191512611,-0.25730636960191755,0.0,-0.029248926140061634,,
80.5,5.13778838518784,-0.643594918646886,8.496746755236128,-0.010360828883947425,-0.016789745584213922,-0.03564899041731405,19.59999999999985,0.7938411919014509,1601.6908606913544,581.4662603042838,0.2,-0.5936990190094279,0.5635603586473772,-0.2736388995263588,0.0,-0.030290766275991452,,
80.60000000000001,4.929897570037521,-0.7134345056761858,8.639234387343704,-0.008613808661300484,-0.0006063047371153988,-0.01435056546951053,19.61999999999985,0.7908121152738518,1603.0735605023658,582.8596445560721,0.2,-0.6145080237921186,0.5775225355707103,-0.2899790202978013,0.0,-0.03132049050928253,,
80.7,4.8303445748766505,-0.26815145546485547,8.345988759058628,-0.01939639641128476,0.0030346416251132275,-0.030509014408893538,19.639999999999848,0.7876800662229235,1604.462101667603,584.2500360536826,0.2,-0.6351121719723799,0.5912140166122527,-0.30632247313685756,0.0,-0.03233768696397071,,
80.80000000000001,5.168720850870659,-0.5138537229693918,8.221589250299145,-0.03132098106153046,0.0037520105346656486,-0.008031944693043514,19.659999999999847,0.7844462975265265,1605.8566193512013,585.6372707750717,0.2,-0.6555027129172198,0.6046249100438685,-0.32266472505726285,0.0,-0.03334194877503687,,
80.9,4.974498243250167,-0.4181311240742957,8.691213256967433,-0.0026815398042057542,-0.009872411251689023,-0.029330186887688132,19.679999999999847,0.7811121026490229,1607.2572458470383,587.0211847292034,0.2,-0.6756709652625529,0.6177455774226297,-0.3390009658889067,0.0,-0.03433287425114625,,
81.0,4.7971787850429015,-0.38921555598225643,8.425046465337777,-0.004059921778485881,0.019285501884750835,-0.025580892673456267,19.699999999999847,0.7776788152239082,1608.664110484105,588.4016140065457,0.2,-0.6956083205958133,0.6305666452086653,-0.35532610603840664,0.0,-0.03531006703532075,,
81.10000000000001,4.81587340898579,-0.7068503524613937,8.49632138313511,-0.029906447740007197,0.0007485938318187104,-0.010465344409120413,19.719999999999846,0.7741478085203761,1610.0773395346089,589.7783948323811,0.2,-0.7153062471157384,0.6430790162751899,-0.3716347750000474,0.0,-0.036273136263475864,,
81.2,5.012918215001405,-0.5182973670730089,8.443026830827705,-0.014623215130167313,-0.005757089195776146,-0.02911394593123801,19.739999999999846,0.7705204948940285,1611.4970561249265,591.1513636229392,0.2,-0.7347562932678126,0.6552738812884228,-0.38792132062811613,0.0,-0.037221696720760804,,
81.30000000000001,4.864738463696265,-0.769370830171533,8.382363879705153,-0.0014612123821897104,0.00849275225768145,-0.02013538254456521,19.759999999999845,0.7667983252219525,1612.9233801495204,592.520357044357,0.2,-0.7539500913538456,0.667142729934099,-0.40417980917971397,0.0,-0.03815536899564026,,
81.4,4.82763130075874,-0.822359021111963,8.41798265173056,-0.014223299061831427,0.01955946157911295,-0.045486994524252866,19.779999999999845,0.7629827883223884,1614.356428187928,593.8852120744532,0.2,-0.7728793611140861,0.6786773619663041,-0.42040402613506933,0.0,-0.03907377963165279,,
81.5,4.970876148511553,-0.7774867041716038,8.54078157138491,-0.006370434153554764,-0.0011872651494548082,-0.04202169350712743,19.799999999999844,0.7590754103592231,1615.7963134249346,595.2457660673098,0.2,-0.7915359132804253,0.689869898053618,-0.43658747780046053,0.0,-0.03997656127678947,,
81.60000000000001,5.0559025956691235,-0.969653237635306,8.437773473450777,-0.02329031320463114,-9.07417765615717e-05,-0.04308648705891775,19.819999999999844,0.7550777542315441,1617.2431455740375,596.6018568206314,0.2,-0.809911653099101,0.7007127903966792,-0.4527233936966567,0.0,-0.04086335283042923,,
81.7,5.147834702721471,-0.923221861801693,8.547902147123253,-0.010313438021850632,0.0017077404555124462,-0.02920810146195863,19.839999999999844,0.7509914189485012,1618.6970308043042,597.9533226458573,0.2,-0.8279985838214328,0.7111988330906859,-0.4688047297337612,0.0,-0.04173379958777416,,
81.80000000000001,4.769556504043383,-0.9614943266235818,8.52348820635888,-0.02655212072040429,-0.002032975832920293,-0.029517022480861077,19.859999999999843,0.7468180389897238,1620.1580716707283,599.3000024409854,0.2,-0.8457888101610982,0.7213211722057418,-0.48482417217117035,0.0,-0.04258755338172734,,
81.9,5.1077306258817785,-1.0508354164387113,8.377394441266796,-0.0338645106009014,0.0152278131913798,-0.03573979499190832,19.879999999999843,0.742559283651551,1621.6263670481812,600.6417357660628,0.2,-0.863274541716418,0.7310733155574348,-0.5007741423591586,0.0,-0.04342427272215417,,
82.0,4.951044813495385,-0.7567670063003059,8.522010632051384,-0.005381925628348567,0.011616897381418979,-0.03488071830786023,19.899999999999842,0.7382168563793355,1623.1020120690555,601.9783629212898,0.2,-0.8804480963562404,0.7404491421397347,-0.516646802256492,0.0,-0.04424362293247475,,
82.10000000000001,4.980796359357715,-1.039072474715014,8.458509664421248,-0.031311381173392064,0.021182533647503016,-0.0267635771204233,19.919999999999842,0.733792494086088,1624.5850980646908,603.3097250276747,0.2,-0.897301903567901,0.7494429111919402,-0.5324340607161869,0.0,-0.04504527628352952,,
82.2,5.2614656302411955,-1.0514913916711701,8.521990948653821,-0.01607014561107475,-0.008770143964074632,-0.04594539438137983,19.93999999999984,0.7292879664577351,1626.0757125106725,604.6356641101721,0.2,-0.9138285077658423,0.7580492708713173,-0.5481275805293969,0.0,-0.04582891212466648,,
82.30000000000001,4.895934930866125,-0.9257701385114946,8.306901995784687,-0.01704046508355238,0.005900888401350715,-0.03208319520950628,19.95999999999984,0.7247050752452684,1627.5739389760843,605.956023183226,0.2,-0.9300205715594663,0.7662632665030125,-0.5637187862151922,0.0,-0.04659421701199768,,
82.4,5.226810793520932,-1.0052888559333746,8.38751099905555,-0.02979814537030245,-0.003681679379830031,-0.04036226705467859,19.97999999999984,0.7200456535440686,1629.0798570767965,607.2706463386361,0.2,-0.9458708789787552,0.7740803483788843,-0.579198872541779,0.0,-0.04734088483377191,,
82.5,4.88437667025863,-0.9441490088377426,8.273808877975457,-0.030208167043212757,0.030394272777252852,-0.03357935432492314,19.99999999999984,0.7153115650606914,1630.593542432862,608.5793788356544,0.2,-0.9613723386563128,0.7814963790771636,-0.5945588137626001,0.0,-0.04806861693281602,,
82.60000000000001,4.915255084095648,-0.8963381718956465,8.524386441167191,-0.019331680969751495,0.0035646237775231768,-0.02786745738988535,20.01999999999984,0.7105047033674098,1632.1150666300932,609.8820671932152,0.2,-0.9765179869643812,0.7885076402751239,-0.6097893735485419,0.0,-0.04877712222599346,,
82.7,4.949297100449242,-0.9279011829913799,8.566669739835193,-0.008627975840368013,-0.005311725226158518,-0.05000377610414443,20.03999999999984,0.7056269911448104,1633.6444971858798,611.1785592841929,0.2,-0.9913009911054846,0.7951108390274546,-0.6248811155954174,0.0,-0.049466117320633364,,
82.80000000000001,5.188660428827207,-0.9700791213396319,8.354783812522395,-0.019808551173036978,-0.007243013799095595,-0.0297045428296006,20.05999999999984,0.7006803794127471,1635.1818975193096,612.4687044315771,0.2,-1.0057146521553555,0.8013031134836204,-0.6398244148838211,0.0,-0.05013532662788453,,
82.9,4.768306141283645,-1.0368456091496139,8.70454563320003,0.0031102150350765176,0.010079477040683505,-0.05017522762761476,20.07999999999984,0.6956668467499586,1636.727326925644,613.7523535064455,0.2,-1.019752408056759,0.8070820380181719,-0.654609469566392,0.0,-0.05078448247294658,,
83.0,4.766360595506769,-0.8258449978216205,8.830918969234798,-0.03464117135023949,-0.0029279805067911734,-0.059382163856824884,20.099999999999838,0.690588398502664,1638.280840555195,615.0293590276134,0.2,-1.0334078365629422,0.8124456277488886,-0.6692263134556314,0.0,-0.05141332520213684,,
83.10000000000001,4.815111374215935,-0.9607969465247189,8.467041032663628,-0.01842631484521308,0.001953238716393314,-0.045200691312854334,20.119999999999838,0.6854470659824503,1639.8424893966428,616.2995752628271,0.2,-1.0466746581293653,0.817392342418559,-0.6836648290834663,0.0,-0.0520216032867482,,
83.2,4.816683694804512,-0.8130024615163192,8.501672203100284,-0.04028685190329849,-0.007366753125268815,-0.041281411987011525,20.139999999999837,0.6802449056537755,1641.4123202648311,617.5628583313692,0.2,-1.0595467387524413,0.8219210896173388,-0.6979147613019665,0.0,-0.0526090734236569,,
83.30000000000001,4.674845619088762,-1.2982513145089873,8.340614875668564,-0.022530699146101365,0.011241593569906217,-0.05299494058430268,20.159999999999837,0.6749839983114098,1642.9903757930645,618.8190663079329,0.2,-1.0720180927540375,0.8260312273238679,-0.711965731392901,0.0,-0.05317550063264118,,
83.4,4.937047903816091,-1.0050366820949583,8.485055138261039,-0.033493562511971456,0.006062772442256984,-0.057964559176668734,20.179999999999836,0.6696664482481457,1644.5766944299276,620.0680593276222,0.2,-1.084082885510449,0.8297225657446361,-0.7258072516521167,0.0,-0.05372065835036956,,
83.5,5.04164735703842,-1.1391761448659858,8.579459893730558,-0.03178460051003918,0.012952729474048106,-0.052455500026096696,20.199999999999836,0.6642943824131088,1646.1713104406433,621.3096996919278,0.2,-1.0957354361246692,0.8329953684326109,-0.7394287404132583,0.0,-0.05424432852102367,,
83.60000000000001,5.045929602333702,-1.298179399773495,8.776647854910486,-0.016344852577649123,-0.0045634076306454475,-0.040261392499585186,20.219999999999835,0.6588699495610064,1647.7742539129688,622.543851975524,0.2,-1.1069702200407154,0.8358503526676772,-0.752819537473829,0.0,-0.054746301683517525,,
83.7,4.838045407412939,-0.8095736778185499,8.528469012161397,-0.03576292944130784,-0.011350606214801048,-0.052947413719268144,20.239999999999835,0.6533953193926547,1649.3855507676335,623.7703831337321,0.2,-1.1177818715988348,0.8382886890831432,-0.7659689198853039,0.0,-0.05522637705527885,,
83.80000000000001,4.723335789227672,-1.1550404165898724,8.314599951317296,-0.019543245256112646,-0.006331997747404073,-0.046116238219615066,20.259999999999835,0.6478726816871269,1651.0052227733065,624.9891626104859,0.2,-1.1281651865304565,0.8403120005243789,-0.7788661180678074,0.0,-0.05568436261256001,,
83.9,4.93205887039368,-1.1910684502756832,8.449222245019184,-0.023570686996185565,-0.008279518357710888,-0.04067078927187454,20.279999999999834,0.6423042454258708,1652.6332875660758,626.2000624466392,0.2,-1.138115124391706,0.8419223601274841,-0.7915003322087207,0.0,-0.05612007516724435,,
84.0,4.919190645760068,-1.1380266215579238,8.782456200638899,-0.03205319887309676,-0.006852001918037326,-0.03749785120424382,20.299999999999834,0.6366922379091464,1654.2697586734146,627.4029573884474,0.2,-1.1476268109344163,0.843122288607927,-0.8038607489037077,0.0,-0.0565333404401195,,
84.10000000000001,4.96902267685419,-1.2330443183654272,8.387129156208259,-0.04258582132796872,-0.008794513873901502,-0.04075322424498464,20.319999999999833,0.6310389038651345,1655.9146455426023,628.5977249960547,0.2,-1.1566955404135075,0.843914750751088,-0.8159365579977558,0.0,-0.056923993130586464,,
84.2,4.992462965120851,-0.8904686946132543,8.186483528084203,-0.02114523861634862,0.014332414577434114,-0.06226983664130416,20.339999999999833,0.6253465045520759,1657.5679535735574,629.784245751819,0.2,-1.1653167778296867,0.8443031510988106,-0.8277169695831916,0.0,-0.057291876982777594,,
84.30000000000001,4.626543226137162,-1.1542126702765971,8.516806000532142,-0.025207975486461188,-0.0049863711981095625,-0.05143427525520611,20.359999999999832,0.6196173168537981,1659.2296841560321,630.9624031683014,0.2,-1.1734861611064344,0.8442913288282495,-0.8391912311110891,0.0,-0.05763684484805718,,
84.4,4.81433954022591,-0.8076881840271771,8.669534127707824,-0.043906078561565386,0.002115308350632318,-0.051859856485400466,20.379999999999832,0.6138536323689924,1660.8998347111144,632.1320838957498,0.2,-1.181199503200234,0.8438835518215315,-0.8503486445720698,0.0,-0.0579587587438785,,
84.5,4.650231671821174,-1.4437786890690478,8.596451631335894,-0.027646384063041738,-0.0003592556787084997,-0.04995795085198,20.39999999999983,0.6080577564946045,1662.578398736969,633.2931778289043,0.2,-1.1884527941430891,0.8430845099270857,-0.8611785837023129,0.0,-0.05825748990897544,,
84.60000000000001,5.258356984322091,-1.3425353926316075,8.395498789433884,-0.019008208187726,-0.0002899366370455622,-0.04270159884904228,20.41999999999983,0.602232007503707,1664.2653658587428,634.4455782129513,0.2,-1.195242203016333,0.8418993074157896,-0.8716705111704485,0.0,-0.05853291885486498,,
84.7,5.008208374240278,-0.922292797060978,8.277794700638312,-0.013428249240545202,-0.006267218419547436,-0.04856191794680996,20.43999999999983,0.5963787156182205,1665.9607218825574,635.5891817484573,0.2,-1.2015640798548133,0.8403334546374757,-0.8818139957011284,0.0,-0.05878493541364106,,
84.80000000000001,4.993081000390271,-1.133936008425146,8.744955615555531,-0.025813335460503097,-0.008275841675395865,-0.04498908714817707,20.45999999999983,0.5905002220768564,1667.664448853493,636.7238886951088,0.2,-1.2074149574805366,0.8383928588857079,-0.8915987290912741,0.0,-0.059013438782040406,,
84.9,5.155211045944596,-1.282137293067797,8.493857171168406,-0.030373890265455724,0.017423789265086524,-0.05236731293931584,20.47999999999983,0.5845988781986523,1669.3765251174711,637.8496029740917,0.2,-1.2127915532648812,0.8360838144811236,-0.9010145430753806,0.0,-0.059218337561762265,,
85.0,4.7059617470719175,-1.0366890424895296,8.34491509579827,-0.017762367737852516,0.009359654064739646,-0.04259353109559637,20.49999999999983,0.578677044442476,1671.0969253869296,638.966232268942,0.2,-1.2176907708185376,0.8334129920860415,-0.9100514259968148,0.0,-0.05939954979602672,,
85.10000000000001,4.896200921536919,-1.14193072813797,8.205314200414351,-0.04175297884000012,-0.0011696349174593408,-0.05776829457940373,20.51999999999983,0.5727370894628734,1672.8256208101734,640.0736881247028,0.2,-1.2221097016083398,0.8303874272653897,-0.9186995392427233,0.0,-0.05955700300235624,,
85.2,4.98583980748452,-1.0082782475026553,8.382595211705127,-0.028622950532470392,-0.0019853736615117025,-0.05155351323211932,20.53999999999983,0.5667813891626378,1674.562579044287,641.1718860452261,0.2,-1.2260456265001878,0.8270145083113736,-0.9269492334010181,0.0,-0.059690634201567574,,
85.30000000000001,4.873946107453213,-1.1273073190325225,8.345231671058022,-0.023309281328656496,-0.008698800827723728,-0.03982115967171274,20.559999999999828,0.560812325742481,1676.3077643314762,642.2607455884593,0.2,-1.229496017227305,0.8233019633516195,-0.934791064098911,0.0,-0.05980038994296281,,
85.4,5.077349818600484,-0.9943932159663974,8.531829404569455,-0.0363899126310561,-0.0006972891386030147,-0.05412333419063717,20.579999999999828,0.5548322867481846,1678.061137578706,643.3401904595621,0.2,-1.2324585377830755,0.819257846762805,-0.9422158074835982,0.0,-0.05988622632570874,,
85.5,4.8412227038355535,-1.3877058392345796,8.292322374509345,-0.042014865844059404,0.0017034086354516548,-0.04680250121060704,20.599999999999827,0.5488436641156138,1679.822656440495,644.4101486017007,0.2,-1.234931045737763,0.8148905249140073,-0.9492144753069973,0.0,-0.059948109016396765,,
85.60000000000001,4.965067552556388,-1.0397443907792392,8.478843643217411,-0.021526716814802,-0.015497198731804343,-0.026414511505087203,20.619999999999827,0.5428488532139741,1681.5922754047165,645.470552284373,0.2,-1.2369115934784245,0.8102086612661679,-0.9557783295778469,0.0,-0.0599860132627757,,
85.7,4.938012139494798,-1.2221529741910815,8.45395763017935,-0.027609085346097736,-0.009777451150319964,-0.03703722075224683,20.639999999999826,0.5368502518876965,1683.3699458812528,646.5213381891213,0.2,-1.2383984293713743,0.8052212008561555,-0.9618988967460448,0.0,-0.059999923903652365,,
85.80000000000001,5.193533604824424,-1.1179978451587118,8.33149281478056,-0.03746231183151425,-0.010380115233112608,-0.03948238856015037,20.659999999999826,0.5308502594973313,1685.1556162933437,647.5624474924954,0.2,-1.2393899988465784,0.7999373541959192,-0.9675679813857807,0.0,-0.0599898353749559,,
85.9,4.745766928216224,-1.1422526176349996,8.535108299178194,-0.018052748117688602,0.00524115490008336,-0.054519138405894306,20.679999999999826,0.5248512759598357,1686.9492321714624,648.5938259461325,0.2,-1.2398849454033896,0.794366580619142,-0.9727776793458094,0.0,-0.05995575171196325,,
86.0,5.147540664563057,-1.368051801503567,8.521196724082422,-0.034452315416275976,-0.01430716318600431,-0.04695306035623518,20.699999999999825,0.5188557007886394,1688.7507362495498,649.615423953827,0.2,-1.2398821115370728,0.7885185711096243,-0.9775203903371359,0.0,-0.05989768654768519,,
86.10000000000001,4.996266047997096,-1.4151001533401077,8.475816622757259,-0.04361664985413597,0.0029096120443998165,-0.04014988811736074,20.719999999999825,0.5128659321338709,1690.560068563429,650.6271966454705,0.2,-1.239380539585591,0.782403230647341,-0.9817888299303852,0.0,-0.0598156631074132,,
86.2,4.975438449717385,-1.6802772557924246,8.620649953142635,-0.04889839720819085,-0.008236358638787154,-0.07243153576486007,20.739999999999824,0.5068843658231296,1692.3771665512222,651.6291039477449,0.2,-1.2383794724961639,0.7760306601097241,-0.9855760409372495,0.0,-0.05970971419942981,,
86.30000000000001,5.027800921463105,-1.081629702442441,8.617363658061057,-0.022026747785287012,0.008736489065038692,-0.050419993882896856,20.759999999999824,0.5009133944031866,1694.2019651555847,652.621110651461,0.2,-1.2368783545111335,0.7694111377671952,-0.9888754041525957,0.0,-0.059579882201885544,,
86.4,5.124715419811992,-1.264311774717915,8.38773634805962,-0.03810890504569332,0.001286483895600282,-0.053039902726676386,20.779999999999824,0.49495540618299805,1696.0343969275682,653.6031864754403,0.2,-1.2348768317727188,0.7625551004133413,-0.9916806484360915,0.0,-0.059426219045848376,,
86.5,4.8321648102949935,-1.1017452610109477,8.558924896487275,-0.02994543643450495,0.0005093121797949672,-0.06076370115138551,20.799999999999823,0.4890127842784132,1697.874392131921,654.5753061268447,0.2,-1.2323747528462528,0.7554731241713447,-0.9939858601145443,0.0,-0.05924878619453189,,
86.60000000000001,5.040090204811667,-1.3151035778334186,8.540752897196706,-0.025380373933500514,-0.013186141398436503,-0.044686589901780815,20.819999999999823,0.48308790565896004,1699.7218788536325,655.5374493578648,0.2,-1.2293721691615493,0.7481759050193764,-0.9957854916885516,0.0,-0.059047654618710844,,
86.7,5.059965099203844,-1.08408006129694,8.59869523713272,-0.03552389838542635,-0.0022834619092159387,-0.047239402885990746,20.839999999999822,0.47718314019708896,1701.5767831055236,656.4896010186869,0.2,-1.2258693353720682,0.7406742390786109,-0.9970743698294913,0.0,-0.05882290476833391,,
86.80000000000001,5.1866131082768545,-1.3655166352752248,8.368421826947229,-0.021322694555115977,-0.009190996609055747,-0.03715231129594332,20.859999999999822,0.47130084972025554,1703.4390289366866,657.4317511066625,0.2,-1.221866709631577,0.7329790027083265,-0.997847702655372,0.0,-0.05857462654034455,,
86.9,4.981430876335599,-1.143229219380086,8.420881850829524,-0.022432046655167813,-0.0015254645099767527,-0.052213847916869734,20.87999999999982,0.46544338706622107,1705.30853854157,658.3638948116159,0.2,-1.2173649537880604,0.7251011324532302,-0.9981010862765602,0.0,-0.058302919242723704,,
87.0,5.170577041989496,-1.0408874729828252,8.375831102034194,-0.024457432062159667,-0.00665154568863654,-0.03940825623671032,20.89999999999982,0.4596130951419487,1707.1852323695127,659.2860325572268,0.2,-1.2123649334946334,0.7170516048886447,-0.9978305106049152,0.0,-0.05800789155476765,,
87.10000000000001,4.954024765166232,-1.0334571055240998,8.443089352511215,-0.03125702309810931,-0.004548773120432649,-0.04495888739200385,20.91999999999982,0.45381230598647193,1709.0690292345191,660.1981700384401,0.2,-1.206867718237276,0.7088414164095815,-0.9970323644223928,0.0,-0.0576896614836179,,
87.2,4.93928685785053,-1.2505693288388526,8.269897071273268,-0.022288900744607775,-0.015139865078208508,-0.054644093880518434,20.93999999999982,0.4480433398381101,1710.9598464250785,661.100318254854,0.2,-1.2008745812792254,0.7004815630099297,-0.9957034397076878,0.0,-0.057348356317059965,,
87.30000000000001,5.237110156693403,-1.0673157122332595,8.532747130872298,-0.003833701595944483,-0.006718084909923229,-0.043499669174172,20.95999999999982,0.4423085042064041,1712.857599813823,661.9924935400506,0.2,-1.1943869995218894,0.6919830200980608,-0.9938409352219643,0.0,-0.05698411257260972,,
87.4,5.133027343150081,-1.109168570503108,8.334471751005148,-0.031210459211058396,0.006969804198516501,-0.04299990200085728,20.97999999999982,0.43661009294914316,1714.7622039668242,662.8747175868408,0.2,-1.1874066532822105,0.6833567223950849,-0.9914424593572271,0.0,-0.05659707594290852,,
87.5,4.9577820636546654,-1.1154191869036079,8.48215313383911,-0.02587031212308812,-0.0002992283686286066,-0.054094184266215574,20.99999999999982,0.4309503853548523,1716.6735722523274,663.7470174683967,0.2,-1.1799354259863932,0.6746135439617449,-0.9885060322532515,0.0,-0.05618740123744778,,
87.60000000000001,4.932170374325247,-1.092124354493336,8.400417300781127,-0.026828622957593244,0.012245345370205258,-0.03701854041839796,21.01999999999982,0.4253316452311075,1718.5916169487273,664.609425655261,0.2,-1.1719754037799972,0.6657642783995936,-0.9850300871914299,0.0,-0.055755252320647354,,
87.7,5.086238459713819,-1.424385537840886,8.53111128456349,-0.027604087607579493,-0.006289020730553474,-0.050307080353102086,21.039999999999818,0.4197561199990428,1720.5162493515863,665.46198002822,0.2,-1.1635288750543982,0.6568196192715724,-0.9810134712761595,0.0,-0.05530080204631218,,
87.80000000000001,4.924202667965714,-0.988063236924263,8.1924464592427,-0.029495829530769152,-0.007379608724456759,-0.04637559431692297,21.059999999999818,0.4142260397944116,1722.4473798795023,666.3047238870425,0.2,-1.1545983298896445,0.6477901407864615,-0.9764554454166421,0.0,-0.05482423218849262,,
87.9,5.126880273089902,-1.1601377633129046,8.490698810148787,-0.00944143345340186,-0.009688272037073816,-0.04742547373959334,21.079999999999817,0.4087436165755623,1724.3849181786366,667.1377059550899,0.2,-1.145186459413825,0.6386862787909118,-0.971355683624176,0.0,-0.054325733368777746,,
88.0,5.280175202064861,-1.1282551265769265,8.626466863862168,-0.04190681618331368,0.0018375891242360587,-0.03940905340618958,21.099999999999817,0.4033110432386845,1726.3287732257122,667.9609803798063,0.2,-1.1352961550790202,0.6295183121118313,-0.9657142716420202,0.0,-0.05380550498004882,,
88.10000000000001,4.837442490853668,-1.092064277883391,8.303903369362901,-0.03669096191185202,-0.012682143574088313,-0.03448088835612713,21.119999999999816,0.3979304927406796,1728.2788534293015,668.7746067291123,0.2,-1.1249305078540213,0.6202963442908959,-0.9595317049269693,0.0,-0.05326375510672496,,
88.2,4.945125586722586,-0.9573066158313747,8.50043051175998,-0.01885647393732571,0.011879365299924909,-0.053036829967248185,21.139999999999816,0.3926041172300071,1730.2350667292214,669.5786499837235,0.2,-1.1140928073339857,0.6110302857517855,-0.9528088860035956,0.0,-0.052700700441532425,,
88.30000000000001,4.987223226086813,-1.2528419951854055,8.527355077273908,-0.031094611756402966,0.008638667681609724,-0.026777660196671358,21.159999999999815,0.38733404718585385,1732.1973206938637,670.3731805254272,0.2,-1.1027865407672295,0.6017298364394896,-0.9455471212138808,0.0,-0.052116566198829824,,
88.4,5.204019599841447,-0.9746696460177665,8.595167156223235,-0.03546763327576957,0.010137067508734119,-0.04397885076572999,21.179999999999815,0.38212239056597086,1734.1655226152889,671.1582741213527,0.2,-1.0910153919994523,0.5924044689696787,-0.9377481168866573,0.0,-0.05151158602452605,,
88.5,4.910693085362809,-1.1175435683082025,8.625218430807303,-0.0009388560986238505,0.006365731539582611,-0.03837432627450101,21.199999999999815,0.3769712319635182,1736.1395796019212,671.9340119042796,0.2,-1.0787832403356297,0.5830634123246441,-0.9294139749527026,0.0,-0.05088600190262448,,
88.60000000000001,5.067671095019663,-1.3957543720389913,8.323342332620514,-0.028305621595914106,-0.005575686019668496,-0.03528164901865861,21.219999999999814,0.37188263177325576,1738.1193986686853,672.7004803490288,0.2,-1.0660941593199333,0.5737156361307875,-0.9205471880328142,0.0,-0.05024006405843274,,
88.7,5.109379557645091,-1.2342124443519575,8.188957803535121,-0.015065184883973888,0.0025039026666381597,-0.04878932518174852,21.239999999999814,0.3668586253674125,1740.1048868244316,673.4577712449932,0.2,-1.0529524154340277,0.5643698355509896,-0.911150634027383,0.0,-0.049574030858476316,,
88.80000000000001,5.285425375014605,-0.9268328687324286,8.108058006922976,-0.020681736465561068,-0.0003023616758865783,-0.031016776866763417,21.259999999999813,0.36190122228156485,1742.0959511565056,674.2059816648623,0.2,-1.0393624667140988,0.5550344168234657,-0.9012275702370915,0.0,-0.04888816870715466,,
88.9,5.116522970822423,-1.0641093464154967,8.454366846065316,-0.009688138924340386,0.0005794115466887966,-0.04332684156506507,21.279999999999813,0.3570124054108494,1744.0924989123212,674.9452139296038,0.2,-1.0253289612871024,0.5457174834769701,-0.8907816270454006,0.0,-0.04818275194018381,,
89.0,5.257552483579904,-0.9906649173859068,8.432709680459023,-0.011158064761263254,0.012891984280622763,-0.04686364701642903,21.299999999999812,0.352194130216831,1746.0944375778047,675.6755755697695,0.2,-1.0108567358266154,0.5364268232503309,-0.879816801194202,0.0,-0.04745806271486499,,
89.10000000000001,4.924797526120501,-1.017125086716878,8.366843755149652,-0.023692177418274254,-0.009408111100110268,-0.024102406955525277,21.319999999999812,0.3474483239453445,1748.1016749525872,676.397179283193,0.2,-0.9959508139288467,0.5271698957424438,-0.8683374486848031,0.0,-0.046714390897225865,,
89.2,4.9223019334388125,-1.2044296557458807,8.322766614091572,-0.02295586692855846,0.005412793142356054,-0.04922519374870927,21.33999999999981,0.3427768848556219,1750.1141192218247,677.1101428891553,0.2,-0.9806164044093002,0.5179538208168983,-0.8563482773368559,0.0,-0.045952033946078205,,
89.30000000000001,4.9416232581301225,-1.1151915969840782,8.330433260734702,-0.038429016228823595,0.01063279534058946,-0.03238330666426036,21.35999999999981,0.33818168146101407,1752.1316790245373,677.8145892790925,0.2,-0.9648588995206349,0.508785367783438,-0.8438543390382266,0.0,-0.04517129679403761,,
89.4,5.053475564620265,-0.9158786248378105,8.35866860810485,-0.027921581135128524,0.006506378505160734,-0.03773051404840153,21.37999999999981,0.3336645517816103,1754.1542635183666,678.5106463639268,0.2,-0.9486838730923672,0.49967094537648515,-0.8308610217190986,0.0,-0.044372491725555456,,
89.5,5.027776944110252,-0.9106304450334334,8.48008611426127,-0.022657624886825958,0.007894447546026343,-0.04493985344675765,21.39999999999981,0.32922730260905475,1756.181782440656,679.1984470181011,0.2,-0.9320970785929713,0.49061659254890344,-0.8173740410835514,0.0,-0.04355593825200839,,
89.60000000000001,4.809200619072391,-0.6997651368976203,8.391307434406023,-0.02480902665664126,0.0003915162569924095,-0.026429728878227445,21.41999999999981,0.3248717087838539,1758.2141461657682,679.8781290204025,0.2,-0.9151044471150985,0.4816279700971806,-0.803399432131925,0.0,-0.042721962983898534,,
89.7,4.662808468322029,-0.8593824151477784,8.375111996629897,-0.022637816941305292,-0.0019583082700011835,-0.02141280351922798,21.43999999999981,0.32059951248546403,1760.2512657585642,680.5498349916589,0.2,-0.8977120852845756,0.4727103531321527,-0.7889435405069596,0.0,-0.04187089950021378,,
89.80000000000001,5.126320448079926,-0.6974880263154095,8.634853476087644,-0.02512749946553331,-0.0043798877108051715,-0.03978264818431071,21.45999999999981,0.31641242253544266,1762.2930530239748,681.2137123293979,0.2,-0.8799262730938935,0.4638686244073598,-0.7740130136963674,0.0,-0.04100308821500006,,
89.9,5.109205943219125,-0.9436906194584483,8.32737697344154,-0.027128831361527602,0.0029107096789489214,-0.03646049642787178,21.47999999999981,0.31231211371394263,1764.3394205526033,681.8699131395547,0.2,-0.8617534616609901,0.45510726851511785,-0.758614792124045,0.0,-0.040118876241201015,,
90.0,5.656443159958663,0.013696109986968324,8.045060877999656,0.014488395168617274,0.011090932262361679,0.00741076801294243,21.499999999999808,0.30830022608982255,1766.3928138640981,682.5238251430441,1.0,0.0,0.9528507245916522,0.30343944477467566,0.0,0.0,,
90.10000000000001,5.803099905358743,0.13749790152409788,8.052105334009052,0.0021734459390459226,0.001112975042651298,-0.00522016483007261,21.59999999999981,0.30830022608982255,1768.4557356828388,683.1807715409813,1.0,0.0,0.9528507245916522,0.30343944477467566,0.0,0.0,,
90.2,5.383104071484029,0.3010626640130559,7.763981797136865,-0.011885303375048024,0.014026151153239961,0.0009820292924836425,21.69999999999981,0.30830022608982255,1770.5281860088255,683.8407523333661,1.0,0.0,0.9528507245916522,0.30343944477467566,0.0,0.0,,
90.30000000000001,5.559156794082387,-0.1742019033504111,8.09691075021136,-0.0012161687490895804,0.011874037976349535,-0.0014941926683748634,21.799999999999812,0.30830022608982255,1772.610164842058,684.5037675201987,1.0,0.0,0.9528507245916522,0.30343944477467566,0.0,0.0,,
90.4,5.507072460179909,0.032710412501615764,8.314853090300861,0.004761898853538003,-0.014199540656460464,0.001798666600991869,21.899999999999814,0.30830022608982255,1774.7016721825366,685.1698171014791,1.0,0.0,0.9528507245916522,0.30343944477467566,0.0,0.0,,
90.5,5.436757574397873,-0.03676115760366276,8.125159216222594,0.0008307887458298694,-0.00181250118547821,-0.005908521670184853,21.999999999999815,0.30830022608982255,1776.802708030261,685.8389010772072,1.0,0.0,0.9528507245916522,0.30343944477467566,0.0,0.0,,
90.60000000000001,5.558046172525912,-0.08653816712138343,8.11287387465575,-0.0015889971520675545,0.011207732432639877,0.005802284899791283,22.099999999999817,0.30830022608982255,1778.9132723852315,686.5110194473831,1.0,0.0,0.9528507245916522,0.30343944477467566,0.0,0.0,,
90.7,5.85323103391676,-0.10279951014837849,7.89228069980098,0.014102821186606313,-0.004190135247207235,0.003431473178169688,22.199999999999818,0.30830022608982255,1781.0333652474478,687.1861722120067,1.0,0.0,0.9528507245916522,0.30343944477467566,0.0,0.0,,
90.80000000000001,5.840003010302371,-0.14231467475906986,8.00171503553112,0.006169588000566501,0.006372230956913926,0.004929024885748817,22.29999999999982,0.30830022608982255,1783.16298661691,687.8643593710781,1.0,0.0,0.9528507245916522,0.30343944477467566,0.0,0.0,,
90.9,5.672321308941451,-0.09345720213328884,8.034105098168434,0.0007767226809552878,-0.0012334904919060114,0.0023577498290613635,22.39999999999982,0.30830022608982255,1785.3021364936183,688.5455809245972,1.0,0.0,0.9528507245916522,0.30343944477467566,0.0,0.0,,
91.0,5.256325059820786,0.10380833193613545,7.973617975717433,0.0003253159285973249,0.00696917279743062,0.007388269361516276,22.499999999999822,0.30830022608982255,1787.4508148775724,689.2298368725641,1.0,0.0,0.9528507245916522,0.30343944477467566,0.0,0.0,1789.994387990617,692.1658050376437
91.10000000000001,5.45839651969622,-0.07982699113629674,8.192002528911335,0.0027675343166140075,-0.0009027242061133562,0.0011491983022295185,22.599999999999824,0.30830022608982255,1789.6090217687724,689.9171272149787,1.0,0.0,0.9528507245916522,0.30343944477467566,0.0,0.0,,
91.2,5.7861606933846685,0.11625130196600253,7.642844401335854,0.018412124462673384,0.0027216603289321522,-0.0018079575809695205,22.699999999999825,0.30830022608982255,1791.7767571672184,690.6074519518411,1.0,0.0,0.9528507245916522,0.30343944477467566,0.0,0.0,,
91.30000000000001,5.6606720920344555,-0.01727387524431093,7.958309435842689,-0.023510235536386186,-0.0001485067569291253,0.014915567913316902,22.799999999999827,0.30830022608982255,1793.9540210729103,691.3008110831512,1.0,0.0,0.9528507245916522,0.30343944477467566,0.0,0.0,,
91.4,5.563798858260092,0.05446003011930671,8.080526120695765,-0.003883058500370039,-0.007096042707519339,0.005649116100288808,22.899999999999828,0.30830022608982255,1796.140813485848,691.997204608909,1.0,0.0,0.9528507245916522,0.30343944477467566,0.0,0.0,,
91.5,5.722793783238193,-0.035302041383739866,8.302054896500646,0.0009544900906635606,0.0006081759630239108,0.0021543580994568498,22.99999999999983,0.30830022608982255,1798.3371344060315,692.6966325291146,1.0,0.0,0.9528507245916522,0.30343944477467566,0.0,0.0,,
91.60000000000001,5.826470221850624,-0.055682461314488604,8.200012431387524,-0.0037186569540278744,0.021905043240993495,0.0033845259165531452,23.09999999999983,0.30830022608982255,1800.542983833461,693.3990948437679,1.0,0.0,0.9528507245916522,0.30343944477467566,0.0,0.0,,
91.7,5.642069040785929,0.17001975984495724,8.10267792054156,-0.00862881052893637,-0.008060852357982826,-0.015236656726059259,23.199999999999832,0.30830022608982255,1802.7583617681364,694.104591552869,1.0,0.0,0.9528507245916522,0.30343944477467566,0.0,0.0,,
91.80000000000001,5.9938225782647825,0.07231663209711806,7.995862192337608,-0.0022369451986760376,0.0003169952334153048,-6.008318835219826e-05,23.299999999999834,0.30830022608982255,1804.9832682100578,694.8131226564178,1.0,0.0,0.9528507245916522,0.30343944477467566,0.0,0.0,,
91.9,5.808658584455567,-0.03638566450965175,8.138750637668764,-0.004024176746710717,0.007067807082326246,0.007858526034322046,23.399999999999835,0.30830022608982255,1807.217703159225,695.5246881544144,1.0,0.0,0.9528507245916522,0.30343944477467566,0.0,0.0,,
92.0,6.063099926990184,-0.06127784130772064,8.36915911828221,-0.01237692321723454,0.0133176533378942,0.007078772524057158,23.499999999999837,0.30830022608982255,1809.4616666156383,696.2392880468587,1.0,0.0,0.9528507245916522,0.30343944477467566,0.0,0.0,1810.1242633239879,699.0896066603892
92.10000000000001,5.610808177733615,0.2842421893251896,8.077462197752341,0.0171979314415011,0.0010212380979384148,0.00509163308202071,23.599999999999838,0.30830022608982255,1811.7151585792974,696.9569223337509,1.0,0.0,0.9528507245916522,0.30343944477467566,0.0,0.0,,
92.2,5.741098259588885,-0.0711471126635825,7.9532888169580715,-0.012759612725412655,0.004249711084174449,0.008788934628943998,23.69999999999984,0.30830022608982255,1813.9781790502025,697.6775910150907,1.0,0.0,0.9528507245916522,0.30343944477467566,0.0,0.0,,
92.30000000000001,5.523638130478867,-0.1425393240033103,8.17996898382924,0.007772823210484773,-0.01140743537519406,0.015217587891074327,23.79999999999984,0.30830022608982255,1816.2507280283535,698.4012940908783,1.0,0.0,0.9528507245916522,0.30343944477467566,0.0,0.0,,
92.4,5.842392190766882,0.12544863895087197,8.320969264435695,-0.0005014725706704152,0.010586550362687717,0.008358129558134935,23.899999999999842,0.30830022608982255,1818.5328055137504,699.1280315611136,1.0,0.0,0.9528507245916522,0.30343944477467566,0.0,0.0,,
92.5,5.892898687834491,0.131035427782329,8.30439201278881,0.00619114432038576,0.0015102342557574103,0.017690223360447108,23.999999999999844,0.30830022608982255,1820.8244115063933,699.8578034257966,1.0,0.0,0.9528507245916522,0.30343944477467566,0.0,0.0,,
92.60000000000001,5.720764923939603,0.02217096885962087,8.168099146959214,0.01097938020222321,-0.01731871940847304,0.012216141982476707,24.099999999999845,0.30830022608982255,1823.125546006282,700.5906096849275,1.0,0.0,0.9528507245916522,0.30343944477467566,0.0,0.0,,
92.7,5.746888549419472,0.002647699534518398,8.058715772594885,-0.002462165755790277,-0.0021419441036229633,-0.016777365771848067,24.199999999999847,0.30830022608982255,1825.4362090134168,701.326450338506,1.0,0.0,0.9528507245916522,0.30343944477467566,0.0,0.0,,
92.80000000000001,5.618756983076857,-0.1383217522904195,8.14743658367577,-0.013988773874899692,-0.00448133669333227,0.01282133014098958,24.299999999999848,0.30830022608982255,1827.7564005277973,702.0653253865323,1.0,0.0,0.9528507245916522,0.30343944477467566,0.0,0.0,,
92.9,5.708190162511865,0.28949422502837524,8.155145731456555,0.004257490044036247,0.005699898424472114,0.02001914131975841,24.39999999999985,0.30830022608982255,1830.0861205494236,702.8072348290063,1.0,0.0,0.9528507245916522,0.30343944477467566,0.0,0.0,,
93.0,5.74728310289882,0.024055088843437458,8.086328333036722,-0.011189912684146248,0.01937172253834542,0.0016252879256162226,24.49999999999985,0.30830022608982255,1832.425369078296,703.5521786659282,1.0,0.0,0.9528507245916522,0.30343944477467566,0.0,0.0,1835.701582439282,699.1796960527331
93.10000000000001,5.986553108257987,0.0921636989506685,8.086646953133451,-0.010569494157996136,-0.0037871844782516747,0.0052586387368155395,24.599999999999852,0.30830022608982255,1834.7741461144142,704.3001568972977,1.0,0.0,0.9528507245916522,0.30343944477467566,0.0,0.0,,
93.2,6.091493492526486,-0.10716166011953444,8.316702125257624,0.0030970601382360116,0.003020328413720618,0.0007497464392400349,24.699999999999854,0.30830022608982255,1837.1324516577783,705.051169523115,1.0,0.0,0.9528507245916522,0.30343944477467566,0.0,0.0,,
93.30000000000001,5.535516248721979,-0.16251865168086452,7.949177800685572,0.0007230283352957516,-0.01384537609987803,0.008533275008818824,24.799999999999855,0.30830022608982255,1839.5002857083884,705.8052165433801,1.0,0.0,0.9528507245916522,0.30343944477467566,0.0,0.0,,
93.4,5.458784590937931,-0.14495722542946504,8.15662692408894,0.0067041690263958675,-0.020851589723823,-0.003180620291400575,24.899999999999856,0.30830022608982255,1841.8776482662445,706.5622979580928,1.0,0.0,0.9528507245916522,0.30343944477467566,0.0,0.0,,
93.5,5.621971460113331,0.21057173176628752,8.041749154825787,-0.001596126756954589,-0.00041935137565903615,0.02021322736137296,24.999999999999858,0.30830022608982255,1844.2645393313464,707.3224137672534,1.0,0.0,0.9528507245916522,0.30343944477467566,0.0,0.0,,
93.60000000000001,5.723103334925864,-0.047682929185034986,8.089621604295278,0.0007772785691183137,0.005295324966302826,0.002576300110013499,25.09999999999986,0.30830022608982255,1846.6609589036943,708.0855639708616,1.0,0.0,0.9528507245916522,0.30343944477467566,0.0,0.0,,
93.7,5.636991225978003,0.23176836340577686,8.245241504759832,0.0002872366038654315,0.009265787371587939,-0.009234176059878123,25.19999999999986,0.30830022608982255,1849.0669069832882,708.8517485689176,1.0,0.0,0.9528507245916522,0.30343944477467566,0.0,0.0,,
93.80000000000001,5.610429757143354,0.20565839880919773,8.04242181158188,-0.0003120092794074602,-0.0046375913712963035,-0.007945881248268588,25.299999999999862,0.30830022608982255,1851.482383570128,709.6209675614214,1.0,0.0,0.9528507245916522,0.30343944477467566,0.0,0.0,,
93.9,5.662729923325124,-0.02312745332098404,8.057494196117952,0.0030400392976079826,-0.01151010703414638,0.007997641316659088,25.399999999999864,0.30830022608982255,1853.9073886642136,710.3932209483729,1.0,0.0,0.9528507245916522,0.30343944477467566,0.0,0.0,,
94.0,5.693131242433717,0.012427467280430125,8.115501100923606,-0.009295049005906256,-0.0018628633085466335,-0.008912713023929358,25.499999999999865,0.30830022608982255,1856.3419222655452,711.1685087297722,1.0,0.0,0.9528507245916522,0.30343944477467566,0.0,0.0,1857.6731787768244,713.1783786818754
94.10000000000001,5.6803920894952755,-0.05667301535922753,7.919878550771674,0.0003335066380377852,-0.0016514738643843552,0.008302612358908787,25.599999999999866,0.30830022608982255,1858.7859843741228,711.9468309056192,1.0,0.0,0.9528507245916522,0.30343944477467566,0.0,0.0,,
94.2,5.702258198876085,-0.14473476281528277,8.114882133052157,-0.007569990846529328,0.00939337511258111,0.01880522954464776,25.699999999999868,0.30830022608982255,1861.2395749899463,712.728187475914,1.0,0.0,0.9528507245916522,0.30343944477467566,0.0,0.0,,
94.30000000000001,5.700428734702753,0.12621716412652353,8.210828299017304,0.0016629453816526544,-0.004526348448943061,0.0036678770704081246,25.79999999999987,0.30830022608982255,1863.7026941130155,713.5125784406565,1.0,0.0,0.9528507245916522,0.30343944477467566,0.0,0.0,,
94.4,5.389951846447912,0.00520704667822359,8.112075040601846,0.01479330633514385,-0.01842780539838395,-0.004299866046338725,25.89999999999987,0.30830022608982255,1866.1753417433306,714.3000037998468,1.0,0.0,0.9528507245916522,0.30343944477467566,0.0,0.0,,
94.5,5.485239353080543,0.2546708269345965,8.104702089037994,-0.0009060510173836501,-0.019628088824185805,0.003194847708125552,25.999999999999872,0.30830022608982255,1868.6575178808916,715.0904635534847,1.0,0.0,0.9528507245916522,0.30343944477467566,0.0,0.0,,
94.60000000000001,5.543719335957072,0.08516514949141508,8.379550054285213,-0.0015079183846038711,-0.02272374727170542,0.0036600736093584992,26.099999999999874,0.30830022608982255,1871.1492225256986,715.8839577015705,1.0,0.0,0.9528507245916522,0.30343944477467566,0.0,0.0,,
94.7,5.60971486538913,-0.05886889899291173,8.197569356094794,-0.019865025766237762,0.0004440975128880932,0.026183676932962013,26.199999999999875,0.30830022608982255,1873.6504556777516,716.6804862441039,1.0,0.0,0.9528507245916522,0.30343944477467566,0.0,0.0,,
94.80000000000001,5.547969376498522,0.15776698403358402,7.926964744230608,0.004666582080501381,-0.0216445677255331,0.004802949263438272,26.299999999999876,0.30830022608982255,1876.1612173370504,717.4800491810852,1.0,0.0,0.9528507245916522,0.30343944477467566,0.0,0.0,,
94.9,5.830580269211056,0.04627523954713131,7.833209043079095,-0.023960896185199684,0.010341986270176644,0.005170442809833525,26.399999999999878,0.30830022608982255,1878.6815075035952,718.2826465125141,1.0,0.0,0.9528507245916522,0.30343944477467566,0.0,0.0,,
95.0,5.853185367252257,-0.12736727240084622,7.924342898179287,-0.009931645721108015,0.012803848205089197,0.00517081326339721,26.49999999999988,0.30830022608982255,1881.211326177386,719.0882782383909,1.0,0.0,0.9528507245916522,0.30343944477467566,0.0,0.0,1878.6029966681012,721.300976781642
95.10000000000001,5.6352520330084745,0.07848221618206064,8.236219421105833,0.017170224549171727,0.000695593425712697,-0.009931752580977487,26.59999999999988,0.30830022608982255,1883.7506733584225,719.8969443587154,1.0,0.0,0.9528507245916522,0.30343944477467566,0.0,0.0,,
95.2,5.607619011545112,-0.003470026848725924,8.100454232329698,-0.009488052926412829,0.018443487616102358,0.01911221155649109,26.699999999999882,0.30830022608982255,1886.2995490467051,720.7086448734876,1.0,0.0,0.9528507245916522,0.30343944477467566,0.0,0.0,,
95.30000000000001,5.859518658602797,0.018538626327114487,8.207420091541836,0.010766694513242745,0.02182216224710979,0.005200361564301068,26.799999999999883,0.30830022608982255,1888.8579532422336,721.5233797827076,1.0,0.0,0.9528507245916522,0.30343944477467566,0.0,0.0,,
95.4,5.548062234536849,-0.17896703072118644,8.037647435385374,-0.01947932566877722,0.0038689335948511455,0.006942772374304492,26.899999999999885,0.30830022608982255,1891.425885945008,722.3411490863754,1.0,0.0,0.9528507245916522,0.30343944477467566,0.0,0.0,,
95.5,5.933065362276117,0.08866038551166654,8.193649247859895,-0.007044408529053875,-0.017435450393220767,0.015569066161108123,26.999999999999886,0.30830022608982255,1894.0033471550285,723.1619527844908,1.0,0.0,0.9528507245916522,0.30343944477467566,0.0,0.0,,
95.60000000000001,5.798726649314166,-0.09929625036999064,8.194090127383461,0.001564929555306018,-0.010693101084512949,0.010118871245383246,27.099999999999888,0.30830022608982255,1896.5903368722948,723.985790877054,1.0,0.0,0.9528507245916522,0.30343944477467566,0.0,0.0,,
95.7,5.591587163754341,0.03887770996824426,8.16889740647397,0.012249239123394158,0.010035472261752545,-0.004097572224087292,27.19999999999989,0.30830022608982255,1899.186855096807,724.812663364065,1.0,0.0,0.9528507245916522,0.30343944477467566,0.0,0.0,,
95.80000000000001,5.648022728109115,-0.2054930493815568,7.875122562209778,0.005140978882238755,-0.020769712494811934,0.012884290010820115,27.29999999999989,0.30830022608982255,1901.792901828565,725.6425702455236,1.0,0.0,0.9528507245916522,0.30343944477467566,0.0,0.0,,
95.9,5.723833965428665,0.04591231822847309,8.060990305816793,-0.0014261516326975557,-0.010299435628495137,0.010256894043371316,27.399999999999892,0.30830022608982255,1904.4084770675688,726.4755115214301,1.0,0.0,0.9528507245916522,0.30343944477467566,0.0,0.0,,
96.0,5.772661480931424,0.15971420052331772,7.982878554098646,0.005286963600524829,0.019600647906567813,0.01297830519329116,27.499999999999893,0.30830022608982255,1907.0335808138186,727.3114871917843,1.0,0.0,0.9528507245916522,0.30343944477467566,0.0,0.0,1902.6605200462473,729.9777746128055
96.10000000000001,5.630971197656147,0.0076303228285805064,7.960595679833807,-0.005329833971559806,0.008908797391154926,0.021500607059749623,27.599999999999895,0.30830022608982255,1909.6682130673144,728.1504972565863,1.0,0.0,0.9528507245916522,0.30343944477467566,0.0,0.0,,
96.2,5.739135142869924,0.13727694491364137,7.988919833135586,0.0007488287117063075,0.00026662561764124803,0.022141409092779337,27.699999999999896,0.30830022608982255,1912.312373828056,728.992541715836,1.0,0.0,0.9528507245916522,0.30343944477467566,0.0,0.0,,
96.30000000000001,5.8997884289916875,0.145493472897287,8.16339641010345,-0.014391469878733439,-0.001639209938197658,0.00017892986672381466,27.799999999999898,0.30830022608982255,1914.9660630960436,729.8376205695334,1.0,0.0,0.9528507245916522,0.30343944477467566,0.0,0.0,,
96.4,5.5861414092223605,-0.057493251719287486,8.038982435988853,0.007798835473042216,0.012922674283903368,-0.010764042098871968,27.8999999999999,0.30830022608982255,1917.6292808712772,730.6857338176786,1.0,0.0,0.9528507245916522,0.30343944477467566,0.0,0.0,,
96.5,5.490492881951046,-0.08163074373525382,8.2103814307877,0.01393093585706981,-0.00801024945522938,0.009998046740684118,27.9999999999999,0.30830022608982255,1920.3020271537566,731.5368814602716,1.0,0.0,0.9528507245916522,0.30343944477467566,0.0,0.0,,
96.60000000000001,5.673707237536454,-0.252462543667376,7.999789903588821,0.0017779297835139349,0.0030402228297225433,0.0019386298683286176,28.099999999999902,0.30830022608982255,1922.984301943482,732.3910634973123,1.0,0.0,0.9528507245916522,0.30343944477467566,0.0,0.0,,
96.7,5.397768846737732,-0.06749607557391818,7.810983809984867,0.011087973204421382,0.006231560373408889,-0.004893173746179953,28.199999999999903,0.30830022608982255,1925.6761052404534,733.2482799288007,1.0,0.0,0.9528507245916522,0.30343944477467566,0.0,0.0,,
96.80000000000001,5.47589181595855,-0.08196899740724352,8.267652659454573,0.0019378909399117262,0.01230325170832163,0.006807464484477143,28.299999999999905,0.30830022608982255,1928.3774370446706,734.1085307547369,1.0,0.0,0.9528507245916522,0.30343944477467566,0.0,0.0,,
96.9,5.788310018260531,0.2526991636677591,7.990887434845717,-0.00041919718024131895,-0.013088475193264613,0.004693474503035187,28.399999999999906,0.30830022608982255,1931.0882973561338,734.9718159751208,1.0,0.0,0.9528507245916522,0.30343944477467566,0.0,0.0,,
97.0,5.498260571157612,-0.040226185016132565,8.196769038377312,-0.0010949856070358876,0.010864101630900654,0.0006792234388324058,28.499999999999908,0.30830022608982255,1933.808686174843,735.8381355899525,1.0,0.0,0.9528507245916522,0.30343944477467566,0.0,0.0,1940.6174322652275,735.8245852027853
97.10000000000001,5.801109786521447,-0.2324220526605635,8.004062029473163,0.0033992583441645003,0.0029933522581793077,0.014992687660587367,28.59999999999991,0.30830022608982255,1936.538603500798,736.7074895992318,1.0,0.0,0.9528507245916522,0.30343944477467566,0.0,0.0,,
97.2,5.817485609829352,0.12232750906063876,7.911786546338075,-0.013866921389698311,0.002285632624535002,-0.009436812682891607,28.69999999999991,0.30830022608982255,1939.278049333999,737.579878002959,1.0,0.0,0.9528507245916522,0.30343944477467566,0.0,0.0,,
97.30000000000001,5.765378146797971,0.202510020941732,8.201832559325839,0.000563716221028083,0.010744439534928494,0.014213237641176185,28.799999999999912,0.30830022608982255,1942.0270236744457,738.455300801134,1.0,0.0,0.9528507245916522,0.30343944477467566,0.0,0.0,,
97.4,5.504058010709216,0.12661817076449483,7.893527404179388,0.017783590989610062,-0.009580639813483484,0.00159191631779368,28.899999999999913,0.30830022608982255,1944.7855265221383,739.3337579937566,1.0,0.0,0.9528507245916522,0.30343944477467566,0.0,0.0,,
97.5,5.883202810342557,-0.1113405098198162,8.084340182460267,0.015375400608680848,-0.007878094982251572,0.01214669417889692,28.999999999999915,0.30830022608982255,1947.5535578770769,740.215249580827,1.0,0.0,0.9528507245916522,0.30343944477467566,0.0,0.0,,
97.60000000000001,5.768281460250949,0.30978999308948385,8.191099136679915,-0.002143002522488324,-0.004331110724558545,0.016370461683351163,29.099999999999916,0.30830022608982255,1950.3311177392613,741.0997755623451,1.0,0.0,0.9528507245916522,0.30343944477467566,0.0,0.0,,
97.7,5.657311666103703,-0.24430205211406245,8.010832657341595,-0.017020883442014738,0.0028595085060807756,-0.0002237478903668929,29.199999999999918,0.30830022608982255,1953.1182061086918,741.987335938311,1.0,0.0,0.9528507245916522,0.30343944477467566,0.0,0.0,,
97.80000000000001,5.735788127959236,-0.05136875469802954,7.777031407213314,0.01550511407695802,0.0074245511258641895,0.005248376306447195,29.29999999999992,0.30830022608982255,1955.9148229853681,742.8779307087246,1.0,0.0,0.9528507245916522,0.30343944477467566,0.0,0.0,,
97.9,5.506692927379024,-0.09551591572767434,7.963452152808259,0.003623401824808535,0.002392136571774317,0.008924601254197712,29.39999999999992,0.30830022608982255,1958.7209683692904,743.771559873586,1.0,0.0,0.9528507245916522,0.30343944477467566,0.0,0.0,,
98.0,5.751048322473785,-0.05571825836189222,7.78676898610554,0.00850577305961658,0.019411892215999392,0.010552591878193468,29.499999999999922,0.30830022608982255,1961.5366422604586,744.6682234328952,1.0,0.0,0.9528507245916522,0.30343944477467566,0.0,0.0,1956.4189842129185,740.270215675947
98.10000000000001,5.655816830235326,-0.05509991726587418,8.208535377489268,0.01797514736503339,0.009246695487640573,0.007614666581449721,29.599999999999923,0.30830022608982255,1964.3618446588728,745.5679213866521,1.0,0.0,0.9528507245916522,0.30343944477467566,0.0,0.0,,
98.2,5.754163362453234,0.07026180992577404,8.256980742146036,0.0012090237190439763,-0.012383969012714586,0.00628624294610561,29.699999999999925,0.30830022608982255,1967.1965755645328,746.4706537348567,1.0,0.0,0.9528507245916522,0.30343944477467566,0.0,0.0,,
98.30000000000001,5.835265656630393,-0.022614665461131996,8.127189022783174,0.005332695015142587,0.0066987658141505115,0.008924565876375936,29.799999999999926,0.30830022608982255,1970.0408349774389,747.3764204775091,1.0,0.0,0.9528507245916522,0.30343944477467566,0.0,0.0,,
98.4,5.4382651717242325,-0.21776505694469858,8.112659419052603,0.0003719297580117929,-0.003780900085340855,0.006634137143371636,29.899999999999928,0.30830022608982255,1972.8946228975908,748.2852216146092,1.0,0.0,0.9528507245916522,0.30343944477467566,0.0,0.0,,
98.5,5.8022323078187785,-0.15352487634269274,8.296579171087147,-0.0077426566673891245,0.012753659308678509,0.010295870160798335,29.99999999999993,0.30830022608982255,1975.7579393249887,749.1970571461571,1.0,0.0,0.9528507245916522,0.30343944477467566,0.0,0.0,,
98.60000000000001,5.604298886693935,-0.13250344176602774,8.279088583720975,0.007270243150743906,-0.00109194956138873,0.002099103842159319,30.09999999999993,0.30830022608982255,1978.6307842596325,750.1119270721528,1.0,0.0,0.9528507245916522,0.30343944477467566,0.0,0.0,,
98.7,5.815268620456499,0.06482283155519415,8.15097880607243,-0.01420835369545935,0.009768263017427732,0.0163545066678442,30.199999999999932,0.30830022608982255,1981.5131577015222,751.0298313925961,1.0,0.0,0.9528507245916522,0.30343944477467566,0.0,0.0,,
98.80000000000001,5.432746990121213,0.17031179411530448,8.075622569960643,-0.0025275574399817725,0.011003062802252297,-0.0007753602146392275,30.299999999999933,0.30830022608982255,1984.4050596506577,751.9507701074872,1.0,0.0,0.9528507245916522,0.30343944477467566,0.0,0.0,,
98.9,5.731455639934993,0.11599534780844177,8.069954246855161,-0.008300597945988801,0.006757986128877049,-0.007811990853348757,30.399999999999935,0.30830022608982255,1987.306490107039,752.874743216826,1.0,0.0,0.9528507245916522,0.30343944477467566,0.0,0.0,,
99.0,5.576512052270527,-0.07196645576915556,8.196085790542652,-0.021146557969782924,0.010562937935554073,0.019911380619952,30.499999999999936,0.30830022608982255,1990.2174490706664,753.8017507206126,1.0,0.0,0.9528507245916522,0.30343944477467566,0.0,0.0,1989.013405686553,760.6739670093743
99.10000000000001,5.639408806000443,-0.08668452963134755,8.033942738742642,-0.0005637423815055215,0.01654980806014607,0.003884977548057285,30.599999999999937,0.30830022608982255,1993.1379365415396,754.731792618847,1.0,0.0,0.9528507245916522,0.30343944477467566,0.0,0.0,,
99.2,5.67048868357982,0.13490751407253537,8.043782819132678,0.0025705229180691992,-0.006493981518092994,-0.0025810354717339563,30.69999999999994,0.30830022608982255,1996.0679525196588,755.6648689115291,1.0,0.0,0.9528507245916522,0.30343944477467566,0.0,0.0,,
99.30000000000001,5.531771334926605,-0.35010857987240357,8.195247098292384,0.004366666682427891,0.0035656759534925288,0.00043787552025634224,30.79999999999994,0.30830022608982255,1999.0074970050239,756.6009795986589,1.0,0.0,0.9528507245916522,0.30343944477467566,0.0,0.0,,
99.4,5.708169180783459,-0.07366136005464272,8.079181280211383,-0.00383992278286654,-0.0025103952591615107,-0.007487467638268211,30.89999999999994,0.30830022608982255,2001.956569997635,757.5401246802365,1.0,0.0,0.9528507245916522,0.30343944477467566,0.0,0.0,,
99.5,5.847414701113454,0.17387911130555966,8.015817535654953,-0.009592326438358171,0.015364373309950934,0.0027512564795190517,30.999999999999943,0.30830022608982255,2004.9151714974919,758.4823041562619,1.0,0.0,0.9528507245916522,0.30343944477467566,0.0,0.0,,
99.60000000000001,5.649294905716645,0.14521869434495865,8.103880796386743,-0.02783134943969878,0.00866426248796793,-0.004790701418566141,31.099999999999945,0.30830022608982255,2007.8833015045948,759.427518026735,1.0,0.0,0.9528507245916522,0.30343944477467566,0.0,0.0,,
99.7,6.011490672450983,0.2630488578003722,8.180901667787026,0.006250633291145144,-0.01136134685108469,0.01192991308389332,31.199999999999946,0.30830022608982255,2010.8609600189436,760.3757662916559,1.0,0.0,0.9528507245916522,0.30343944477467566,0.0,0.0,,
99.80000000000001,5.841831568927606,-0.08897199219632043,8.002459753126226,0.004124322293014102,0.00021707971981194785,0.016690185611309333,31.299999999999947,0.30830022608982255,2013.8481470405384,761.3270489510244,1.0,0.0,0.9528507245916522,0.30343944477467566,0.0,0.0,,
99.9,5.549278186742704,0.16559672305914347,8.082601777204932,-0.010273656665258788,0.01239920823091486,0.020579926784030405,31.39999999999995,0.30830022608982255,2016.844862569379,762.2813660048407,1.0,0.0,0.9528507245916522,0.30343944477467566,0.0,0.0,,
100.0,5.553931797495121,0.2646560349319759,7.639549315005011,0.005106796360820862,-0.011585714170225641,-0.004594157876869916,31.49999999999995,0.30830022608982255,2019.8511066054657,763.2387174531048,1.0,0.0,0.9528507245916522,0.30343944477467566,0.0,0.0,2017.7974623005055,762.8638633615988
100.10000000000001,5.619024633710261,0.026828870800767318,7.794319531678405,-0.0022253368654842993,0.003598212284080094,0.01654273911191964,31.59999999999995,0.30830022608982255,2022.8668791487983,764.1991032958166,1.0,0.0,0.9528507245916522,0.30343944477467566,0.0,0.0,,
100.2,5.751802043067106,0.029645825201627292,7.839640928425747,0.0174955383015951,0.0004447924231959521,0.009587536803934583,31.699999999999953,0.30830022608982255,2025.8921801993768,765.1625235329761,1.0,0.0,0.9528507245916522,0.30343944477467566,0.0,0.0,,
100.30000000000001,5.526518183337465,-0.12100288451307852,8.271845184140897,0.004606770542340717,0.021396922357032916,-0.014366937354068642,31.799999999999955,0.30830022608982255,2028.927009757201,766.1289781645835,1.0,0.0,0.9528507245916522,0.30343944477467566,0.0,0.0,,
100.4,5.508773940855221,0.06595031949290242,8.00195448523827,0.01146528650561471,0.006388170988694573,0.014902910549070433,31.899999999999956,0.30830022608982255,2031.971367822271,767.0984671906385,1.0,0.0,0.9528507245916522,0.30343944477467566,0.0,0.0,,
100.5,5.499942910739969,0.11242274104580735,7.984121361759948,-0.0021475022968336483,0.012973937138077676,0.006118182388704298,31.999999999999957,0.30830022608982255,2035.0252543945871,768.0709906111414,1.0,0.0,0.9528507245916522,0.30343944477467566,0.0,0.0,,
100.60000000000001,5.589180315839545,0.017307503253792364,8.46360396407991,0.0030956815555954,0.00032948237358188887,-0.0002413466096868157,32.09999999999996,0.30830022608982255,2038.0886694741491,769.0465484260919,1.0,0.0,0.9528507245916522,0.30343944477467566,0.0,0.0,,
100.7,5.526064535206221,0.16203197044698642,8.036216778609521,-0.008545231931032718,0.012564948533101153,0.011888053404798303,32.19999999999996,0.30830022608982255,2041.161613060957,770.0251406354903,1.0,0.0,0.9528507245916522,0.30343944477467566,0.0,0.0,,
100.80000000000001,5.631169419199344,-0.16593894955011426,8.139532653977879,0.0021097601709556143,0.004436699095480555,0.007961361973018392,32.29999999999996,0.30830022608982255,2044.244085155011,771.0067672393363,1.0,0.0,0.9528507245916522,0.30343944477467566,0.0,0.0,,
100.9,5.795510538325915,0.08998452724213948,7.929077221460252,-0.0007238743407516148,0.003276754852284726,-0.005231874618457112,32.39999999999996,0.30830022608982255,2047.3360857563107,771.9914282376301,1.0,0.0,0.9528507245916522,0.30343944477467566,0.0,0.0,,
101.0,5.624586976746049,0.04803998084081375,8.148127733935349,-0.008549243441259713,-0.010624486326558817,0.002925505028048615,32.499999999999964,0.30830022608982255,2050.437614864856,772.9791236303716,1.0,0.0,0.9528507245916522,0.30343944477467566,0.0,0.0,2046.5428103527252,769.0186357944832
101.10000000000001,5.432078266735638,0.14147354425226388,8.353369030519767,-0.015324692486740399,-0.016954471060442306,-0.0058978137439130015,32.599999999999966,0.30830022608982255,2053.548672480648,773.9698534175609,1.0,0.0,0.9528507245916522,0.30343944477467566,0.0,0.0,,
101.2,5.8293238675818655,0.13181025524647785,8.142346395074217,-0.008899745276006475,0.0046787090012703255,0.009309526314278288,32.69999999999997,0.30830022608982255,2056.669258603685,774.963617599198,1.0,0.0,0.9528507245916522,0.30343944477467566,0.0,0.0,,
101.30000000000001,5.6889461894215945,-0.17963306131656862,8.117903281468159,0.0010563823550589501,-0.0005078295703904889,0.007366026131288584,32.79999999999997,0.30830022608982255,2059.7993732339687,775.9604161752827,1.0,0.0,0.9528507245916522,0.30343944477467566,0.0,0.0,,
101.4,5.983345938825289,-0.04491545403011167,7.97597914115644,0.005119390194034322,-0.002697462550599847,-0.007010840031101182,32.89999999999997,0.30830022608982255,2062.939016371498,776.9602491458153,1.0,0.0,0.9528507245916522,0.30343944477467566,0.0,0.0,,
101.5,5.819594942429442,0.3262860275614295,8.226451082822921,0.006840264714099517,0.000905912276298146,0.015458468830267622,32.99999999999997,0.30830022608982255,2066.0881880162733,777.9631165107955,1.0,0.0,0.9528507245916522,0.30343944477467566,0.0,0.0,,
101.60000000000001,5.7757023720577,-0.13177361482481575,8.351633979338196,0.0027153640331980884,-0.003946658622190087,0.011714594873351167,33.09999999999997,0.30830022608982255,2069.2468881682944,778.9690182702236,1.0,0.0,0.9528507245916522,0.30343944477467566,0.0,0.0,,
101.7,5.479170305152697,0.1352215954129277,7.987062895469808,-0.005031448065581331,0.00156820420675054,0.004045804313532888,33.199999999999974,0.30830022608982255,2072.4151168275616,779.9779544240994,1.0,0.0,0.9528507245916522,0.30343944477467566,0.0,0.0,,
101.80000000000001,5.930667577933936,0.10942717496425679,8.362896991431985,-0.016578650935314125,-0.005720381358545012,0.00814763722041866,33.299999999999976,0.30830022608982255,2075.5928739940746,780.9899249724228,1.0,0.0,0.9528507245916522,0.30343944477467566,0.0,0.0,,
101.9,5.530190292096287,0.12329200588991943,8.029692861346057,-0.005805023725577074,0.00995857117234718,-0.002703014743671227,33.39999999999998,0.30830022608982255,2078.7801596678337,782.0049299151941,1.0,0.0,0.9528507245916522,0.30343944477467566,0.0,0.0,,
102.0,5.605521498486082,-0.026581997260632737,8.019238204222745,0.0044585083819464735,0.0050532380826381505,-0.005639355216820466,33.49999999999998,0.30830022608982255,2081.9769738488385,783.0229692524131,1.0,0.0,0.9528507245916522,0.30343944477467566,0.0,0.0,2080.6095427280234,783.6575475135269
102.10000000000001,5.445114932435515,0.22727970843966316,8.003172389290969,0.014619538763173233,0.00157304785033734,0.009649400407402186,33.59999999999998,0.30830022608982255,2085.1833165370895,784.0440429840799,1.0,0.0,0.9528507245916522,0.30343944477467566,0.0,0.0,,
102.2,5.769716104600947,-0.20002974952650293,8.038146207969042,0.009749150547785133,1.79226131221894e-06,-0.00033553544773063,33.69999999999998,0.30830022608982255,2088.399187732586,785.0681511101943,1.0,0.0,0.9528507245916522,0.30343944477467566,0.0,0.0,,
102.30000000000001,5.5792925313212525,0.1105342690745412,8.187484653506662,0.0137582748564248,-0.00780557944087897,0.010808767075445527,33.79999999999998,0.30830022608982255,2091.624587435329,786.0952936307566,1.0,0.0,0.9528507245916522,0.30343944477467566,0.0,0.0,,
102.4,5.744174291732161,-0.03522769632320079,7.953106035508964,-0.006768606492023861,0.0032937469071724506,0.003079734439295321,33.899999999999984,0.30830022608982255,2094.8595156453175,787.1254705457666,1.0,0.0,0.9528507245916522,0.30343944477467566,0.0,0.0,,
102.5,5.366092605080138,-0.003853452665347607,8.125796358303862,-0.019745128384295093,-0.0012302870406616538,-0.005834267370679761,33.999999999999986,0.30830022608982255,2098.1039723625518,788.1586818552244,1.0,0.0,0.9528507245916522,0.30343944477467566,0.0,0.0,,
102.60000000000001,5.759692178620327,0.20190240957928354,8.223714308593177,0.005442152528046116,0.00664817446353932,0.011689452922452095,34.09999999999999,0.30830022608982255,2101.357957587032,789.1949275591298,1.0,0.0,0.9528507245916522,0.30343944477467566,0.0,0.0,,
102.7,5.8206135790182865,0.1619902498513208,8.117683664723204,0.011768832174424527,0.0126613072255584,0.018329365791628797,34.19999999999999,0.30830022608982255,2104.6214713187583,790.2342076574831,1.0,0.0,0.9528507245916522,0.30343944477467566,0.0,0.0,,
102.80000000000001,5.432742464145911,0.24037424572265978,8.016012981227519,0.013218645810559964,0.00489488816681636,0.029917745168479566,34.29999999999999,0.30830022608982255,2107.8945135577305,791.2765221502841,1.0,0.0,0.9528507245916522,0.30343944477467566,0.0,0.0,,
102.9,5.7216962727839125,0.06558646034366321,7.923771265459697,0.017626519968330007,0.002911137419564262,-0.006962712221262106,34.39999999999999,0.30830022608982255,2111.1770843039485,792.3218710375328,1.0,0.0,0.9528507245916522,0.30343944477467566,0.0,0.0,,
103.0,5.720260092253319,-0.0879767892363859,8.143970709208567,-0.0014470057286267068,-0.0043887977387056226,0.011105815502601896,34.49999999999999,0.30830022608982255,2114.4691835574126,793.3702543192293,1.0,0.0,0.9528507245916522,0.30343944477467566,0.0,0.0,2121.381965856494,798.1904426297616
103.10000000000001,5.918352726699908,-0.13774416812134116,8.205345423171865,0.009416788598395091,0.004044535258351446,0.004053093691884203,34.599999999999994,0.30830022608982255,2117.7708113181225,794.4216719953735,1.0,0.0,0.9528507245916522,0.30343944477467566,0.0,0.0,,
103.2,5.586100269793824,-0.05494434832060634,8.146945740218214,-0.003237939321867246,-0.011134324413511199,-0.004168458157466931,34.699999999999996,0.30830022608982255,2121.0819675860785,795.4761240659655,1.0,0.0,0.9528507245916522,0.30343944477467566,0.0,0.0,,
103.30000000000001,5.70503663822809,0.0987612883026096,8.050513289745066,-0.004101267835704918,-0.003135313474915869,0.006546434585337991,34.8,0.30830022608982255,2124.40265236128,796.5336105310051,1.0,0.0,0.9528507245916522,0.30343944477467566,0.0,0.0,,
103.4,5.64592558503348,0.1455525745634295,8.258220133548141,-0.008378315608942415,0.0033340102565793815,-0.012570416692335988,34.9,0.30830022608982255,2127.732865643728,797.5941313904926,1.0,0.0,0.9528507245916522,0.30343944477467566,0.0,0.0,,
103.5,5.679906213811385,-0.07392034738763104,7.537140211219091,0.0022707612071531068,0.006094087327868765,-0.0018142627995837417,35.0,0.30830022608982255,2131.0726074334216,798.6576866444278,1.0,0.0,0.9528507245916522,0.30343944477467566,0.0,0.0,,
103.60000000000001,5.701308644111035,-0.11387363800483373,8.186144103914826,0.005945136532219278,-0.0009747228093728939,0.010668802804072171,35.1,0.30830022608982255,2134.4218777303613,799.7242762928108,1.0,0.0,0.9528507245916522,0.30343944477467566,0.0,0.0,,
103.7,5.533323243250528,0.1456664074900473,8.212368247423269,-0.00798762346560169,0.00426685379325336,0.00949223129630534,35.2,0.30830022608982255,2137.7806765345467,800.7939003356415,1.0,0.0,0.9528507245916522,0.30343944477467566,0.0,0.0,,
103.80000000000001,5.824765284801109,-0.20706622907342448,8.004476053695248,-0.009533244615550088,0.006784432336263225,0.0028267323885905163,35.300000000000004,0.30830022608982255,2141.1490038459783,801.86655877292,1.0,0.0,0.9528507245916522,0.30343944477467566,0.0,0.0,,
103.9,5.528570641588109,-0.04862161607947098,7.948366025219199,0.0036576248699412917,0.0178251217822566,0.01231228937414626,35.400000000000006,0.30830022608982255,2144.5268596646556,802.9422516046462,1.0,0.0,0.9528507245916522,0.30343944477467566,0.0,0.0,,
104.0,5.468245672249909,-0.025719497092925394,8.123062372919156,0.006497240714995297,0.006030722658045121,0.003927545690118218,35.50000000000001,0.30830022608982255,2147.9142439905786,804.0209788308201,1.0,0.0,0.9528507245916522,0.30343944477467566,0.0,0.0,2148.551529348387,803.5451943211743
104.10000000000001,5.758186434874881,0.030187009127324173,8.252584558255464,-0.0009401539027626208,-0.009395545764364499,0.0003773426854144007,35.60000000000001,0.30830022608982255,2151.3111568237478,805.1027404514418,1.0,0.0,0.9528507245916522,0.30343944477467566,0.0,0.0,,
104.2,5.364381633216604,-0.012834850934235805,7.80644858188636,0.0029988066055794027,0.012214693169850075,-0.009760802412669835,35.70000000000001,0.30830022608982255,2154.7175981641626,806.1875364665112,1.0,0.0,0.9528507245916522,0.30343944477467566,0.0,0.0,,
104.30000000000001,5.752178470460285,0.2559208393396958,8.198867956763326,0.004347160998190239,-0.0012277621788286878,0.01757874630107591,35.80000000000001,0.30830022608982255,2158.1335680118236,807.2753668760284,1.0,0.0,0.9528507245916522,0.30343944477467566,0.0,0.0,,
104.4,5.634497542091789,0.3093289746773403,8.163766569207542,-0.02278688201568913,-0.006870682101500018,-0.015503283878327497,35.90000000000001,0.30830022608982255,2161.5590663667303,808.3662316799933,1.0,0.0,0.9528507245916522,0.30343944477467566,0.0,0.0,,
104.5,5.548285794793009,0.12254121515073135,8.19827092422867,0.01387755674156762,-0.011869475536511654,0.004447427912646077,36.000000000000014,0.30830022608982255,2164.9940932288832,809.4601308784061,1.0,0.0,0.9528507245916522,0.30343944477467566,0.0,0.0,,
104.60000000000001,5.664314339002112,0.07127306366412206,8.095033734841431,0.008095649979766438,-0.00896232461084625,-0.012641097964226907,36.100000000000016,0.30830022608982255,2168.438648598282,810.5570644712665,1.0,0.0,0.9528507245916522,0.30343944477467566,0.0,0.0,,
104.7,5.762233527746955,0.039881085645293676,8.155976026128158,-0.008744557598961334,0.007377267107803888,0.0061291676399330055,36.20000000000002,0.30830022608982255,2171.8927324749266,811.6570324585747,1.0,0.0,0.9528507245916522,0.30343944477467566,0.0,0.0,,
104.80000000000001,6.0808187830543075,-0.07104704483091792,8.159872695327236,-0.0030648053058627573,-0.0010769339647779782,-0.014840010424560214,36.30000000000002,0.30830022608982255,2175.356344858817,812.7600348403306,1.0,0.0,0.9528507245916522,0.30343944477467566,0.0,0.0,,
104.9,5.810672414169157,-0.09518495831779468,8.196644103831948,0.0014637080942382112,-0.010033872885559103,0.01035361523556765,36.40000000000002,0.30830022608982255,2178.8294857499536,813.8660716165343,1.0,0.0,0.9528507245916522,0.30343944477467566,0.0,0.0,,
105.0,5.868641931777176,0.05873086538053639,8.029101826027627,0.020070949042536857,-0.009465808559309423,0.0024937558088185497,36.50000000000002,0.30830022608982255,2182.312155148336,814.9751427871857,1.0,0.0,0.9528507245916522,0.30343944477467566,0.0,0.0,2187.592932945033,811.8834524939964
105.10000000000001,5.7316316595434715,-0.07571891772396072,8.196529004072001,-0.013488820817803298,-0.007688988702202111,0.003536234448382158,36.60000000000002,0.30830022608982255,2185.8043530539644,816.0872483522849,1.0,0.0,0.9528507245916522,0.30343944477467566,0.0,0.0,,
105.2,5.564104126856599,0.11732713440357768,7.9872334939565715,0.008876496319712324,-0.004492882522008188,-0.0038919700301924846,36.700000000000024,0.30830022608982255,2189.3060794668386,817.2023883118318,1.0,0.0,0.9528507245916522,0.30343944477467566,0.0,0.0,,
105.30000000000001,5.615052284355827,0.0855119631538159,8.361062731920537,0.003939096779893802,-0.018520414988583315,0.024510538473774417,36.800000000000026,0.30830022608982255,2192.817334386959,818.3205626658264,1.0,0.0,0.9528507245916522,0.30343944477467566,0.0,0.0,,
105.4,5.651801718034137,0.2242543673835776,7.764156056383953,0.0014798471292790858,-0.0015809020543762018,0.006215232033446312,36.90000000000003,0.30830022608982255,2196.338117814325,819.4417714142688,1.0,0.0,0.9528507245916522,0.30343944477467566,0.0,0.0,,
105.5,5.541713094645669,0.45384926002625364,8.006600126199572,-0.008127774475731979,0.00042296928281113755,0.014423433195715204,37.00000000000003,0.30830022608982255,2199.8684297489367,820.566014557159,1.0,0.0,0.9528507245916522,0.30343944477467566,0.0,0.0,,
105.60000000000001,5.647092537496093,0.06926189637134998,8.095144353865594,-0.0003412166156815566,0.004497876904657609,0.0032027721930503513,37.10000000000003,0.30830022608982255,2203.4082701907946,821.6932920944969,1.0,0.0,0.9528507245916522,0.30343944477467566,0.0,0.0,,
105.7,5.545538333244459,0.1480321304892058,7.9245275423608605,-0.005001339050928807,-0.00860450481630805,-0.00036399765906962745,37.20000000000003,0.30830022608982255,2206.957639139898,822.8236040262825,1.0,0.0,0.9528507245916522,0.30343944477467566,0.0,0.0,,
105.80000000000001,5.796535021894763,0.18828932009587057,8.183219798112333,0.010140427899037675,0.018604551576532038,0.010615526271038837,37.30000000000003,0.30830022608982255,2210.516536596248,823.956950352516,1.0,0.0,0.9528507245916522,0.30343944477467566,0.0,0.0,,
105.9,5.774015251801399,-0.0753838805324657,7.905605366821744,-0.006948475850087183,0.005191176176133201,-0.0017621989993327853,37.400000000000034,0.30830022608982255,2214.0849625598435,825.0933310731971,1.0,0.0,0.9528507245916522,0.30343944477467566,0.0,0.0,,
106.0,5.868641609466918,0.04640095589988624,8.348919812456709,-0.011181695478732838,0.006037504274693034,0.023518529982013415,37.500000000000036,0.30830022608982255,2217.662917030685,826.2327461883259,1.0,0.0,0.9528507245916522,0.30343944477467566,0.0,0.0,2217.697042421552,826.6836249552658
106.10000000000001,5.5887403543550604,0.13389787581022167,7.979064009090713,-0.0005385040354547007,-0.0062116410413191984,0.0027436709241467684,37.60000000000004,0.30830022608982255,2221.2504000087724,827.3751956979025,1.0,0.0,0.9528507245916522,0.30343944477467566,0.0,0.0,,
106.2,5.651557261418355,-0.06607932281662154,7.867162758337649,0.02797617315700446,0.018898290000861663,0.0057788268515536045,37.70000000000004,0.30830022608982255,2224.847411494106,828.5206796019269,1.0,0.0,0.9528507245916522,0.30343944477467566,0.0,0.0,,
106.30000000000001,5.669529236685342,-0.08214855674624894,7.96596640688085,-0.004793438569427893,0.00845857774496347,0.006926942224198573,37.80000000000004,0.30830022608982255,2228.453951486685,829.669197900399,1.0,0.0,0.9528507245916522,0.30343944477467566,0.0,0.0,,
106.4,5.729486641303542,0.1423721931716424,8.2684688061566,-0.002537756446276109,-0.001104629062810005,0.0012800943262622436,37.90000000000004,0.30830022608982255,2232.0700199865105,830.8207505933188,1.0,0.0,0.9528507245916522,0.30343944477467566,0.0,0.0,,
106.5,5.541835336877465,0.043539017967231405,8.06398529004619,0.014524255902226372,0.0012710436331180317,0.009326190965886064,38.00000000000004,0.30830022608982255,2235.6956169935816,831.9753376806865,1.0,0.0,0.9528507245916522,0.30343944477467566,0.0,0.0,,
106.60000000000001,5.591577334566547,0.08620236017240905,8.331698608467462,-0.0002125262363931468,0.008125383904777916,0.003086122828500187,38.100000000000044,0.30830022608982255,2239.330742507899,833.1329591625018,1.0,0.0,0.9528507245916522,0.30343944477467566,0.0,0.0,,
106.7,5.849139359343647,-0.10337797933203166,8.119045256862151,-0.007536569418311324,-0.006370768090151639,0.0012035995602628288,38.200000000000045,0.30830022608982255,2242.9753965294617,834.293615038765,1.0,0.0,0.9528507245916522,0.30343944477467566,0.0,0.0,,
106.80000000000001,5.451510550991492,0.40869839377757344,8.35443665110124,0.010349707591294452,-0.0004800062220728467,-0.00012255792511577015,38.30000000000005,0.30830022608982255,2246.629579058271,835.4573053094758,1.0,0.0,0.9528507245916522,0.30343944477467566,0.0,0.0,,
106.9,5.493972846597512,0.13326174079377226,8.443102637636043,-0.013215585527813536,-0.006671116125540922,0.00514515919336062,38.40000000000005,0.30830022608982255,2250.2932900943256,836.6240299746345,1.0,0.0,0.9528507245916522,0.30343944477467566,0.0,0.0,,
107.0,5.6685935848098765,-0.08834833146193284,7.773740053653974,-0.00411699528408851,0.010977319403111347,0.028102258379876708,38.50000000000005,0.30830022608982255,2253.966529637626,837.7937890342408,1.0,0.0,0.9528507245916522,0.30343944477467566,0.0,0.0,2255.251407879704,848.0818711896924
107.10000000000001,5.715790024381182,-0.3079329774621779,7.845771165582594,-0.020833474124503936,-0.0066259047102327755,0.011579071233285849,38.60000000000005,0.30830022608982255,2257.6492976881727,838.9665824882949,1.0,0.0,0.9528507245916522,0.30343944477467566,0.0,0.0,,
107.2,5.601733496918769,0.24583200803261798,8.091712879053873,-0.0020194427800970297,0.010379420493852811,-0.008115914172406452,38.70000000000005,0.30830022608982255,2261.341594245965,840.1424103367967,1.0,0.0,0.9528507245916522,0.30343944477467566,0.0,0.0,,
107.30000000000001,5.5897754914711255,0.19205832248939403,8.10673880922201,0.0015510765241039323,0.011777499898380792,0.013876313175662146,38.800000000000054,0.30830022608982255,2265.0434193110036,841.3212725797463,1.0,0.0,0.9528507245916522,0.30343944477467566,0.0,0.0,,
107.4,5.47173944449422,-0.1503276650318788,8.042530284380275,-0.010303233490268413,-0.004023614563817687,0.0022420976763382686,38.900000000000055,0.30830022608982255,2268.754772883288,842.5031692171436,1.0,0.0,0.9528507245916522,0.30343944477467566,0.0,0.0,,
107.5,5.589295340765186,-0.08641499006527817,7.999576492618623,-0.03533771962460151,0.011715341906083917,-5.894621963514757e-06,39.00000000000006,0.30830022608982255,2272.475654962818,843.6881002489887,1.0,0.0,0.9528507245916522,0.30343944477467566,0.0,0.0,,
107.60000000000001,5.762163786626331,0.009544369642155177,8.218157148750352,0.005975950849235141,0.0007031868142683648,0.009460223937610188,39.10000000000006,0.30830022608982255,2276.2060655495943,844.8760656752816,1.0,0.0,0.9528507245916522,0.30343944477467566,0.0,0.0,,
107.7,5.8401602332619085,-0.03899896974909513,8.198775209309755,0.007110917553279082,0.014196947408160299,-0.010032256762639621,39.20000000000006,0.30830022608982255,2279.9460046436166,846.0670654960221,1.0,0.0,0.9528507245916522,0.30343944477467566,0.0,0.0,,
107.80000000000001,5.656526243464887,-0.03896524808245341,8.190628375952995,-0.01679776996127431,0.00583994641304094,0.006749805308702501,39.30000000000006,0.30830022608982255,2283.6954722448845,847.2610997112105,1.0,0.0,0.9528507245916522,0.30343944477467566,0.0,0.0,,
107.9,5.40981169107839,0.06762069493612341,8.038712239843292,-0.013951233207517967,-0.0066269505674860845,0.008472458596663374,39.40000000000006,0.30830022608982255,2287.4544683533986,848.4581683208465,1.0,0.0,0.9528507245916522,0.30343944477467566,0.0,0.0,,
108.0,5.817910025289583,-0.2753594776233484,8.133393928816005,-0.012056573245504637,-0.01976364765827102,0.009291551833902085,39.500000000000064,0.30830022608982255,2291.2229929691584,849.6582713249304,1.0,0.0,0.9528507245916522,0.30343944477467566,0.0,0.0,2279.906835931465,852.1711899467301
108.10000000000001,5.653481507504027,0.13682460831723012,7.97565059360457,-0.019095461434602574,-0.0024278060896144654,0.026231038594853484,39.600000000000065,0.30830022608982255,2295.0010460921644,850.861408723462,1.0,0.0,0.9528507245916522,0.30343944477467566,0.0,0.0,,
108.2,5.589378548794604,-0.2357173856454651,8.21318093570985,-0.013367609563021344,-0.006362784059268993,-0.008289854237626581,39.70000000000007,0.30830022608982255,2298.788627722416,852.0675805164412,1.0,0.0,0.9528507245916522,0.30343944477467566,0.0,0.0,,
108.30000000000001,5.7561968430969905,0.15103255606609567,8.213965852151865,-0.005484290620219163,0.01380922101448628,0.00698785700408903,39.80000000000007,0.30830022608982255,2302.585737859914,853.2767867038683,1.0,0.0,0.9528507245916522,0.30343944477467566,0.0,0.0,,
108.4,5.602245001299861,0.2628862318861892,8.304876621214103,0.016132526288271293,0.0012148825400014255,0.00635650317378325,39.90000000000007,0.30830022608982255,2306.3923765046575,854.4890272857431,1.0,0.0,0.9528507245916522,0.30343944477467566,0.0,0.0,,
108.5,5.668703419470486,-0.062223905710857536,8.084222581805589,-0.008478681570778602,0.016417565379057943,0.009334204051141493,40.00000000000007,0.30830022608982255,2310.2085436566467,855.7043022620657,1.0,0.0,0.9528507245916522,0.30343944477467566,0.0,0.0,,
108.60000000000001,5.905300668519425,-0.14718402282698964,8.018617313490067,-0.013018496121986354,-0.0024516373075987147,-0.000835675958989022,40.10000000000007,0.30830022608982255,2314.034239315882,856.9226116328359,1.0,0.0,0.9528507245916522,0.30343944477467566,0.0,0.0,,
108.7,5.709718534746585,0.08100230671104058,8.055048151366645,-0.00915106581228793,0.013165351328760594,-0.01810473181104296,40.200000000000074,0.30830022608982255,2317.8694634823632,858.143955398054,1.0,0.0,0.9528507245916522,0.30343944477467566,0.0,0.0,,
108.80000000000001,5.992535930902884,-0.09394756039677447,8.010732241782822,-0.011081033837552568,-0.023395874823768783,0.005365727522092883,40.300000000000075,0.30830022608982255,2321.7142161560905,859.3683335577198,1.0,0.0,0.9528507245916522,0.30343944477467566,0.0,0.0,,
108.9,5.772772020753614,-0.08038660428886416,7.822610575971465,-0.008224120210957777,0.014617766792552276,0.008254103622231125,40.40000000000008,0.30830022608982255,2325.5684973370635,860.5957461118334,1.0,0.0,0.9528507245916522,0.30343944477467566,0.0,0.0,,
109.0,5.819022094099268,0.004370586585574203,8.227688504965085,-0.01948015880162737,0.025699564393509507,0.005542480768080777,40.50000000000008,0.30830022608982255,2329.4323070252826,861.8261930603946,1.0,0.0,0.9528507245916522,0.30343944477467566,0.0,0.0,2337.028720765632,857.1926522269151
109.10000000000001,5.740564478891814,-0.01943538557437741,8.08101241008527,-0.01984012853768366,-0.011246976510912284,0.005429959282349658,40.60000000000008,0.30830022608982255,2333.3056452207475,863.0596744034037,1.0,0.0,0.9528507245916522,0.30343944477467566,0.0,0.0,,
109.2,5.467457331326257,-0.2848469084390606,7.985521581230592,-0.017775219601344806,0.013990581983845974,0.015409296130732216,40.70000000000008,0.30830022608982255,2337.1885119234585,864.2961901408605,1.0,0.0,0.9528507245916522,0.30343944477467566,0.0,0.0,,
109.30000000000001,5.650280431246864,0.132982545972517,7.986262597050067,-0.0005950052471408204,0.0105251756019896,-0.0013072847124342831,40.80000000000008,0.30830022608982255,2341.080907133415,865.535740272765,1.0,0.0,0.9528507245916522,0.30343944477467566,0.0,0.0,,
109.4,5.72082332806789,0.03760074563698562,8.21373104988077,-0.0012760345483236167,-0.011342757610404229,0.008277890904669481,40.900000000000084,0.30830022608982255,2344.982830850618,866.7783247991173,1.0,0.0,0.9528507245916522,0.30343944477467566,0.0,0.0,,
109.5,5.340398069172651,-0.008552994594220667,8.152592525039893,-0.0032926897380662003,-0.00692471640404363,0.006971799631439672,41.000000000000085,0.30830022608982255,2348.8942830750666,868.0239437199173,1.0,0.0,0.9528507245916522,0.30343944477467566,0.0,0.0,,
109.60000000000001,5.685391903516053,-0.01517053461665058,8.16220516121556,0.01047652242039618,0.011017551031212823,0.0012460163609000104,41.10000000000009,0.30830022608982255,2352.8152638067613,869.2725970351651,1.0,0.0,0.9528507245916522,0.30343944477467566,0.0,0.0,,
109.7,5.416391386593754,0.0997993077558667,8.12925303864512,-0.00020218964256874653,-0.0036056590822792496,0.0029890078010983883,41.20000000000009,0.30830022608982255,2356.7457730457018,870.5242847448606,1.0,0.0,0.9528507245916522,0.30343944477467566,0.0,0.0,,
109.80000000000001,5.6805907983632,-0.14571891157758873,7.8780539948403545,0.008796213742099655,0.007834180519114638,-0.007882711118012736,41.30000000000009,0.30830022608982255,2360.6858107918883,871.7790068490038,1.0,0.0,0.9528507245916522,0.30343944477467566,0.0,0.0,,
109.9,5.516336808500677,-0.08434095626686504,8.261341707157174,-0.011083044547070976,0.004959235557988446,0.00025437134656452424,41.40000000000009,0.30830022608982255,2364.6353770453206,873.0367633475948,1.0,0.0,0.9528507245916522,0.30343944477467566,0.0,0.0,,
110.0,5.3852026509494,-0.008960525375196857,8.210349191919049,0.014486813934285294,-0.008103972873942149,0.008630234670273,41.50000000000009,0.30830022608982255,2368.5944718059986,874.2975542406336,1.0,0.0,0.9528507245916522,0.30343944477467566,0.0,0.0,2370.132805779202,863.6019199700527
110.10000000000001,5.545497544343565,0.0902827008872495,8.235453969643826,-0.007795313403752251,0.008467130831333047,0.019908274073829085,41.600000000000094,0.30830022608982255,2372.563095073923,875.5613795281201,1.0,0.0,0.9528507245916522,0.30343944477467566,0.0,0.0,,
110.2,5.569624128079203,-0.1309077194662629,7.866523393772598,0.012450022187735062,0.007011247744239672,0.0013867792774040042,41.700000000000095,0.30830022608982255,2376.5412468490927,876.8282392100543,1.0,0.0,0.9528507245916522,0.30343944477467566,0.0,0.0,,
110.30000000000001,5.615859896146692,0.10747171782786398,8.023408386555536,0.008436883816295657,-0.027052175245936238,0.0005964159890185288,41.8000000000001,0.30830022608982255,2380.5289271315087,878.0981332864363,1.0,0.0,0.9528507245916522,0.30343944477467566,0.0,0.0,,
110.4,5.55336059337886,-0.034186503417368605,8.03083816968656,0.002216064112731006,0.012679675912914088,-0.004273133982116637,41.9000000000001,0.30830022608982255,2384.5261359211704,879.371061757266,1.0,0.0,0.9528507245916522,0.30343944477467566,0.0,0.0,,
110.5,5.6679514553875325,0.00433008415079756,8.411934518253643,0.008494548079504886,0.027005425618903907,0.014829328791474257,42.0000000000001,0.30830022608982255,2388.5328732180783,880.6470246225435,1.0,0.0,0.9528507245916522,0.30343944477467566,0.0,0.0,,
110.60000000000001,5.3888520239508155,-0.09097688351161817,7.916787721562458,0.006356265569025925,0.018150646151833497,0.013348227314542209,42.1000000000001,0.30830022608982255,2392.549139022232,881.9260218822687,1.0,0.0,0.9528507245916522,0.30343944477467566,0.0,0.0,,
110.7,5.663466865413324,-0.009953048872477652,8.042285337477297,3.4174554738820054e-05,0.011499461525669927,0.01671085968551419,42.2000000000001,0.30830022608982255,2396.5749333336316,883.2080535364418,1.0,0.0,0.9528507245916522,0.30343944477467566,0.0,0.0,,
110.80000000000001,5.663880587490076,-0.14148108893810146,8.040452122897454,-0.005654376818819595,-0.0011962687717089649,0.0014057430865381778,42.300000000000104,0.30830022608982255,2400.610256152277,884.4931195850625,1.0,0.0,0.9528507245916522,0.30343944477467566,0.0,0.0,,
110.9,5.753147378475125,0.48895077318475544,8.020842875904023,-0.009081542995035023,-0.011419568508635451,0.011377377838303757,42.400000000000105,0.30830022608982255,2404.6551074781687,885.781220028131,1.0,0.0,0.9528507245916522,0.30343944477467566,0.0,0.0,,
111.0,5.3820771510133385,0.030195118095414957,8.470363148098892,-0.004807125930233298,0.0007362085957544973,0.0171640148391433,42.50000000000011,0.30830022608982255,2408.709487311306,887.0723548656472,1.0,0.0,0.9528507245916522,0.30343944477467566,0.0,0.0,2401.384928506512,883.7625179726449
111.10000000000001,5.5191634738065956,-0.07834132253684764,8.336789521415742,0.01901353768622288,-0.0068548484088587274,0.0009301750385068133,42.60000000000011,0.30830022608982255,2412.7733956516895,888.3665240976112,1.0,0.0,0.9528507245916522,0.30343944477467566,0.0,0.0,,
111.2,5.677690831919676,-0.08767796165057261,8.09806641459792,-0.0030235214564525398,0.012082205196776927,-0.0016516177074531527,42.70000000000011,0.30830022608982255,2416.8468324993187,889.6637277240229,1.0,0.0,0.9528507245916522,0.30343944477467566,0.0,0.0,,
111.30000000000001,6.0033936380037405,0.008979656901621088,8.064061922685216,0.014451686655016796,0.01075567246576748,0.016314970752386432,42.80000000000011,0.30830022608982255,2420.929797854194,890.9639657448823,1.0,0.0,0.9528507245916522,0.30343944477467566,0.0,0.0,,
111.4,5.674458413805622,0.22576987131999765,7.959251774042315,-0.00905812181976415,0.011640970225168374,0.008559452636834662,42.90000000000011,0.30830022608982255,2425.022291716315,892.2672381601895,1.0,0.0,0.9528507245916522,0.30343944477467566,0.0,0.0,,
111.5,5.70571446021348,0.011230768859209175,7.996142077858809,0.011892920363145772,0.0018667007668250243,-0.003515107623262538,43.000000000000114,0.30830022608982255,2429.124314085682,893.5735449699445,1.0,0.0,0.9528507245916522,0.30343944477467566,0.0,0.0,,
111.60000000000001,5.570161492658911,-0.04394669374714262,7.971807390963766,0.0005708342487337702,-0.021585357209348253,-0.0038309415996973734,43.100000000000115,0.30830022608982255,2433.2358649622947,894.8828861741472,1.0,0.0,0.9528507245916522,0.30343944477467566,0.0,0.0,,
111.7,5.651101356039753,0.06276280425861831,8.049224432448392,0.001971644784101028,0.013956082799466139,0.02018508171494533,43.20000000000012,0.30830022608982255,2437.3569443461533,896.1952617727976,1.0,0.0,0.9528507245916522,0.30343944477467566,0.0,0.0,,
111.80000000000001,5.844756546981562,-0.10706687202324232,8.247814226398244,1.8573043771993605e-05,-0.008482249149609898,0.002183514634567401,43.30000000000012,0.30830022608982255,2441.487552237258,897.5106717658958,1.0,0.0,0.9528507245916522,0.30343944477467566,0.0,0.0,,
111.9,5.676313287661981,0.10893623214929486,8.368076699811505,-0.0022575572738314908,0.004597844653151557,0.02557799145612908,43.40000000000012,0.30830022608982255,2445.6276886356086,898.8291161534418,1.0,0.0,0.9528507245916522,0.30343944477467566,0.0,0.0,,
112.0,5.726281849906649,-0.0190202284848239,8.087570569225878,-0.01394322378864842,-0.015958358509398207,0.008628415815431662,43.50000000000012,0.30830022608982255,2449.7773535412052,900.1505949354355,1.0,0.0,0.9528507245916522,0.30343944477467566,0.0,0.0,2447.733823881415,902.1095151761035
112.10000000000001,5.768278290806554,0.01989751819665848,8.164066393539235,-0.015748730595697445,0.002879962382069966,-0.0015890188311981487,43.60000000000012,0.30830022608982255,2453.9365469540476,901.4751081118769,1.0,0.0,0.9528507245916522,0.30343944477467566,0.0,0.0,,
112.2,5.748487673603405,0.04604044223396079,7.987531541133399,-0.013902610677781249,-0.0013866023116848969,-0.009405931486873548,43.700000000000124,0.30830022608982255,2458.105268874136,902.8026556827662,1.0,0.0,0.9528507245916522,0.30343944477467566,0.0,0.0,,
112.30000000000001,5.753490234900215,-0.26791983213806986,8.13183125649284,-0.010617326938296178,-0.005628963644619542,-0.011232567143413436,43.800000000000125,0.30830022608982255,2462.2835193014703,904.1332376481031,1.0,0.0,0.9528507245916522,0.30343944477467566,0.0,0.0,,
112.4,5.632196241824005,-0.08670982329247622,8.224646120487547,-0.010261766415719291,0.004263248242056006,0.0065326892465412045,43.90000000000013,0.30830022608982255,2466.4712982360506,905.4668540078877,1.0,0.0,0.9528507245916522,0.30343944477467566,0.0,0.0,,
112.5,5.63024692838302,-0.03460319176436935,8.246969925471378,0.01492661412275061,-0.00927730211529154,0.012709605134534816,44.00000000000013,0.30830022608982255,2470.6686056778767,906.8035047621202,1.0,0.0,0.9528507245916522,0.30343944477467566,0.0,0.0,,
112.60000000000001,5.610853099190666,-0.19924556364620377,7.992487581117608,0.009959569004012613,-0.0054209237907028645,0.007159203565488211,44.10000000000013,0.30830022608982255,2474.875441626949,908.1431899108003,1.0,0.0,0.9528507245916522,0.30343944477467566,0.0,0.0,,
112.7,5.744623075055649,0.08438579002597105,7.850084671875043,-0.007695499939963282,-0.00655322669139508,0.00010237235961639037,44.20000000000013,0.30830022608982255,2479.091806083267,909.4859094539282,1.0,0.0,0.9528507245916522,0.30343944477467566,0.0,0.0,,
112.80000000000001,5.641354602526626,-0.07239520707065031,8.306961200456625,-0.00777670023614424,-0.011089142636138447,-0.013037658076419156,44.30000000000013,0.30830022608982255,2483.317699046831,910.8316633915039,1.0,0.0,0.9528507245916522,0.30343944477467566,0.0,0.0,,
112.9,5.876943352236227,-0.17264830530125116,8.108626329173466,-0.009872189436580747,0.013558128165637487,0.016473425054583265,44.400000000000134,0.30830022608982255,2487.5531205176408,912.1804517235273,1.0,0.0,0.9528507245916522,0.30343944477467566,0.0,0.0,,
113.0,5.573887854697575,-0.11727118490876796,8.017241732571678,-0.01070488335769473,0.0009480887191355582,0.01338767311683214,44.500000000000135,0.30830022608982255,2491.7980704956963,913.5322744499985,1.0,0.0,0.9528507245916522,0.30343944477467566,0.0,0.0,2498.340673662822,908.2572768269554
113.10000000000001,5.541945505620102,-0.04634298688338151,8.070776366049287,0.010595615401649308,-0.004970681856037571,0.010874566635912276,44.600000000000136,0.30830022608982255,2496.052548980998,914.8871315709174,1.0,0.0,0.9528507245916522,0.30343944477467566,0.0,0.0,,
113.2,5.612990102282819,0.09124728174992223,8.125409369681575,-0.015431334464464644,-0.014730709102656659,0.005925466421469433,44.70000000000014,0.30830022608982255,2500.3165559735453,916.245023086284,1.0,0.0,0.9528507245916522,0.30343944477467566,0.0,0.0,,
113.30000000000001,5.446441976102572,-0.14855673980167455,8.027950597753204,-0.005321257876014307,-0.00020603603302412469,0.02310072664545906,44.80000000000014,0.30830022608982255,2504.590091473339,917.6059489960985,1.0,0.0,0.9528507245916522,0.30343944477467566,0.0,0.0,,
113.4,5.5829891879579465,-0.21728369834093866,7.999996127921708,-0.020374726024189955,0.010087362366294341,0.011301317079396102,44.90000000000014,0.30830022608982255,2508.873155480378,918.9699093003607,1.0,0.0,0.9528507245916522,0.30343944477467566,0.0,0.0,,
113.5,5.868413497450718,-0.0648766115114729,7.983952682813803,-0.009996394927820692,-0.014787598124477276,-0.00018291258473377217,45.00000000000014,0.30830022608982255,2513.1657479946634,920.3369039990705,1.0,0.0,0.9528507245916522,0.30343944477467566,0.0,0.0,,
113.60000000000001,5.462234609125765,0.301863944414751,8.175613799759088,0.011069555077112402,-0.03276227653806994,0.00459290970757447,45.10000000000014,0.30830022608982255,2517.4678690161945,921.7069330922282,1.0,0.0,0.9528507245916522,0.30343944477467566,0.0,0.0,,
113.7,5.415723895924378,-0.050286489827951475,7.975232217388633,-0.01471143069276525,0.011358271641568874,0.005169645115061205,45.200000000000145,0.30830022608982255,2521.779518544972,923.0799965798335,1.0,0.0,0.9528507245916522,0.30343944477467566,0.0,0.0,,
113.80000000000001,5.658486708463248,0.023769741584043165,8.31843844745265,-0.002114512818213447,-0.0031730249250922454,0.006556981040733413,45.300000000000146,0.30830022608982255,2526.1006965809947,924.4560944618867,1.0,0.0,0.9528507245916522,0.30343944477467566,0.0,0.0,,
113.9,5.485843928206939,0.13921412263078514,8.082792679850726,-0.009107099676301229,0.002971990273077883,0.008314135273995566,45.40000000000015,0.30830022608982255,2530.431403124264,925.8352267383875,1.0,0.0,0.9528507245916522,0.30343944477467566,0.0,0.0,,
114.0,5.42754309395795,0.0018283836602568694,8.061746538468979,-0.019400844472941776,-0.009395949950531534,0.0163725292202807,45.50000000000015,0.30830022608982255,2534.7716381747787,927.2173934093362,1.0,0.0,0.9528507245916522,0.30343944477467566,0.0,0.0,2529.174826124322,922.2646356859825
114.10000000000001,5.624950241575607,-0.012314266497087726,7.8662029224445345,-0.008162556732904882,-0.0062099012039760725,-0.0016703057157074815,45.60000000000015,0.30830022608982255,2539.1214017325397,928.6025944747325,1.0,0.0,0.9528507245916522,0.30343944477467566,0.0,0.0,,
114.2,5.625259881667251,-0.007234685652779713,8.103004521580953,0.004959373664137081,0.004867241392732204,0.010065664044399106,45.70000000000015,0.30830022608982255,2543.4806937975463,929.9908299345767,1.0,0.0,0.9528507245916522,0.30343944477467566,0.0,0.0,,
114.30000000000001,5.595791816218307,-0.10614328541402941,8.130475061248442,-0.001307126013348707,0.014775876073173601,0.014047010206378961,45.80000000000015,0.30830022608982255,2547.849514369799,931.3820997888686,1.0,0.0,0.9528507245916522,0.30343944477467566,0.0,0.0,,
114.4,5.7209209277546105,0.10777827224620441,7.995564802840147,0.009822583770107498,-0.013270967014818705,0.006119108900685207,45.900000000000155,0.30830022608982255,2552.2278634492977,932.7764040376081,1.0,0.0,0.9528507245916522,0.30343944477467566,0.0,0.0,,
114.5,5.734557585905144,-0.16847697384791016,8.148228807741122,0.008943872866255774,0.0008222738568433104,0.026773125323849123,46.000000000000156,0.30830022608982255,2556.615741036042,934.1737426807955,1.0,0.0,0.9528507245916522,0.30343944477467566,0.0,0.0,,
114.60000000000001,5.745663349729345,0.22996329054233905,7.773837206775285,-0.005328543552928891,0.006665600178309385,0.00383502324911735,46.10000000000016,0.30830022608982255,2561.0131471300324,935.5741157184306,1.0,0.0,0.9528507245916522,0.30343944477467566,0.0,0.0,,
114.7,5.7119506787574315,0.15066749528362683,8.120944537658879,-0.009379898345305912,-0.010195114186622582,0.003785549959675247,46.20000000000016,0.30830022608982255,2565.4200817312685,936.9775231505134,1.0,0.0,0.9528507245916522,0.30343944477467566,0.0,0.0,,
114.80000000000001,5.687121830428754,0.24429155741592973,7.990812807909636,0.008897778175970922,-0.0031149235112909153,0.00491722984841087,46.30000000000016,0.30830022608982255,2569.836544839751,938.383964977044,1.0,0.0,0.9528507245916522,0.30343944477467566,0.0,0.0,,
114.9,5.748303230848574,-0.060171398141395785,7.923165310214551,0.00777437346769439,0.006123581085043316,0.008727171508987906,46.40000000000016,0.30830022608982255,2574.2625364554788,939.7934411980224,1.0,0.0,0.9528507245916522,0.30343944477467566,0.0,0.0,,
115.0,5.776956107253401,0.20349752159540402,7.876221839732149,0.013238801349011165,-0.004845838940484551,-0.004919562432188306,46.50000000000016,0.30830022608982255,2578.698056578453,941.2059518134485,1.0,0.0,0.9528507245916522,0.30343944477467566,0.0,0.0,2576.4979276673375,940.5903877997185
115.10000000000001,5.826969934651278,0.16824549766781596,7.914872474233101,-0.014851010298979256,-0.0046539573123033605,0.002017867635811568,46.600000000000165,0.30830022608982255,2583.1431052086728,942.6214968233223,1.0,0.0,0.9528507245916522,0.30343944477467566,0.0,0.0,,
115.2,5.685599315954643,-0.15329156023783017,7.91312578365034,0.014161026856890486,1.6956623181530501e-07,0.008429778073323286,46.700000000000166,0.30830022608982255,2587.5976823461388,944.0400762276439,1.0,0.0,0.9528507245916522,0.30343944477467566,0.0,0.0,,
115.30000000000001,5.676874633897778,-0.19239535487705214,8.009667727044802,-0.016670795159111653,0.004676284984685813,0.001983903591800716,46.80000000000017,0.30830022608982255,2592.0617879908505,945.4616900264133,1.0,0.0,0.9528507245916522,0.30343944477467566,0.0,0.0,,
115.4,5.817175163016131,0.22135155407972573,7.8577566187660075,-0.00451350324037694,-0.011290837791495964,0.006254566518857439,46.90000000000017,0.30830022608982255,2596.5354221428083,946.8863382196304,1.0,0.0,0.9528507245916522,0.30343944477467566,0.0,0.0,,
115.5,5.596619562275643,0.2739052412636884,7.855223561567854,0.00039624185018326285,0.01659565665806399,0.00657092003524937,47.00000000000017,0.30830022608982255,2601.018584802012,948.3140208072952,1.0,0.0,0.9528507245916522,0.30343944477467566,0.0,0.0,,
115.60000000000001,5.640338726407298,0.05618816411530404,7.809020787489214,-0.010281346137364684,-0.010158692893641595,-0.010504901297200966,47.10000000000017,0.30830022608982255,2605.5112759684616,949.7447377894077,1.0,0.0,0.9528507245916522,0.30343944477467566,0.0,0.0,,
115.7,5.654380319969617,-0.019591857668188637,8.481360212225272,0.01157300431922218,0.014221011691283985,0.012360485983202319,47.20000000000017,0.30830022608982255,2610.013495642157,951.178489165968,1.0,0.0,0.9528507245916522,0.30343944477467566,0.0,0.0,,
115.80000000000001,5.617962744177825,-0.15416912939114527,8.222986024355393,-0.007702435384451689,-0.0008933237788666411,0.007642446443788852,47.300000000000175,0.30830022608982255,2614.5252438230987,952.6152749369761,1.0,0.0,0.9528507245916522,0.30343944477467566,0.0,0.0,,
115.9,5.821085176033177,-0.012860492513051183,8.118564326997301,-0.0032795856633325766,-0.0030833425477638085,0.0019275289025700196,47.400000000000176,0.30830022608982255,2619.046520511286,954.0550951024319,1.0,0.0,0.9528507245916522,0.30343944477467566,0.0,0.0,,
116.0,5.340455697940546,-0.025576123591104397,8.169973676648514,-0.0035154006135552497,0.00462276967989729,0.008457057477435241,47.50000000000018,0.30830022608982255,2623.577325706719,955.4979496623355,1.0,0.0,0.9528507245916522,0.30343944477467566,0.0,0.0,2618.448414022921,951.4302689530966
116.10000000000001,5.7909034554931855,0.08834827016227137,7.977687307321326,-0.006971761096035086,-0.013059565174933877,0.03995574311612749,47.60000000000018,0.30830022608982255,2628.117659409398,956.9438386166868,1.0,0.0,0.9528507245916522,0.30343944477467566,0.0,0.0,,
116.2,5.794445453051368,0.02707825430682817,8.008471651271485,0.011300820842542138,-0.005652477306670357,-0.007338790169837346,47.70000000000018,0.30830022608982255,2632.667521619323,958.3927619654859,1.0,0.0,0.9528507245916522,0.30343944477467566,0.0,0.0,,
116.30000000000001,5.678259848995767,0.18502750515503877,8.1035163347111,-0.0005930263314440062,-0.016747415504813356,0.0070473479415940204,47.80000000000018,0.30830022608982255,2637.226912336494,959.8447197087327,1.0,0.0,0.9528507245916522,0.30343944477467566,0.0,0.0,,
116.4,5.774833978415125,0.09945877827660997,8.134667747217698,0.00806632687960758,0.014685511288792662,-0.013150999913204994,47.90000000000018,0.30830022608982255,2641.7958315609108,961.2997118464273,1.0,0.0,0.9528507245916522,0.30343944477467566,0.0,0.0,,
116.5,5.773051413663273,0.0921890271928172,8.035899662717148,0.0025675308484707222,0.002654626632421596,0.014805082166504831,48.000000000000185,0.30830022608982255,2646.3742792925736,962.7577383785696,1.0,0.0,0.9528507245916522,0.30343944477467566,0.0,0.0,,
116.60000000000001,5.614591074454561,-0.08424518742376032,8.057154611046291,0.025039638860116266,-0.001678675000920218,0.003338617969310129,48.100000000000186,0.30830022608982255,2650.9622555314822,964.2187993051596,1.0,0.0,0.9528507245916522,0.30343944477467566,0.0,0.0,,
116.7,5.677559364771544,-0.05414296119334047,8.018647175539911,0.008943606867014226,0.0006072225709470956,0.0021430359622511648,48.20000000000019,0.30830022608982255,2655.559760277637,965.6828946261974,1.0,0.0,0.9528507245916522,0.30343944477467566,0.0,0.0,,
116.80000000000001,5.649502925722504,0.11059128412722026,8.06287024799541,-0.015488019082964445,-0.004607505576457844,0.002332465941902118,48.30000000000019,0.30830022608982255,2660.1667935310375,967.1500243416829,1.0,0.0,0.9528507245916522,0.30343944477467566,0.0,0.0,,
116.9,5.961326179348747,-0.09526122030042944,8.096834788229756,-0.008959691767794032,0.01914129405927918,0.0086914036962579,48.40000000000019,0.30830022608982255,2664.783355291684,968.6201884516162,1.0,0.0,0.9528507245916522,0.30343944477467566,0.0,0.0,,
117.0,5.538011723775287,-0.010018994336060648,8.021810213857524,0.0027005741291048664,0.007565406602319418,0.0009744938943575775,48.50000000000019,0.30830022608982255,2669.4094455595764,970.0933869559972,1.0,0.0,0.9528507245916522,0.30343944477467566,0.0,0.0,2665.2786304575366,966.9288894954927
117.10000000000001,5.7751604802562975,-0.14279296035704772,8.137968699674168,-0.004544875437029643,-0.004044237816056475,0.0029543285402554697,48.60000000000019,0.30830022608982255,2674.045064334715,971.569619854826,1.0,0.0,0.9528507245916522,0.30343944477467566,0.0,0.0,,
117.2,5.617269544830849,0.1449785983688779,8.334180858673387,0.01746547350819144,0.008207132074677933,0.008900555261825501,48.700000000000195,0.30830022608982255,2678.690211617099,973.0488871481025,1.0,0.0,0.9528507245916522,0.30343944477467566,0.0,0.0,,
117.30000000000001,5.805202682129419,-0.06183351281407207,7.934578748751797,0.003747296519979196,0.0005001034576167006,-0.005862038881255892,48.800000000000196,0.30830022608982255,2683.3448874067294,974.5311888358268,1.0,0.0,0.9528507245916522,0.30343944477467566,0.0,0.0,,
117.4,5.59183085512336,-0.09951047980625201,8.228883742626294,-0.0024654809010365058,0.011068861200539822,0.006926917779607907,48.9000000000002,0.30830022608982255,2688.0090917036055,976.0165249179988,1.0,0.0,0.9528507245916522,0.30343944477467566,0.0,0.0,,
117.5,5.613649891669879,0.21754032480388383,7.923730084025097,0.004231026048300121,0.0011365830571626841,0.011585358308496323,49.0000000000002,0.30830022608982255,2692.682824507727,977.5048953946186,1.0,0.0,0.9528507245916522,0.30343944477467566,0.0,0.0,,
117.60000000000001,5.187534251999261,-0.1895463170478438,8.035820580413123,-0.015559820200802823,0.0027079789622971536,0.00723263114921456,49.1000000000002,0.30830022608982255,2697.366085819095,978.9963002656862,1.0,0.0,0.9528507245916522,0.30343944477467566,0.0,0.0,,
117.7,5.42897887611384,0.05145026685354513,8.049394249378203,-0.003521955873781049,0.01293374764736529,0.0016961135806724463,49.2000000000002,0.30830022608982255,2702.0588756377088,980.4907395312014,1.0,0.0,0.9528507245916522,0.30343944477467566,0.0,0.0,,
117.80000000000001,5.805122797265327,0.1473667834879785,7.953078623996354,0.015985191580744677,0.007218470747897368,-0.01276402770631507,49.3000000000002,0.30830022608982255,2706.7611939635685,981.9882131911644,1.0,0.0,0.9528507245916522,0.30343944477467566,0.0,0.0,,
117.9,5.686579680037925,0.07160961394386971,8.28718907670614,-0.0018014885253452506,-0.014529045288237868,0.01576021137323853,49.400000000000205,0.30830022608982255,2711.473040796674,983.4887212455751,1.0,0.0,0.9528507245916522,0.30343944477467566,0.0,0.0,,
118.0,5.620662347083029,-0.16553901705155918,7.998242072289006,0.004343369269407404,-0.0016156360466040864,-0.005906520099781915,49.500000000000206,0.30830022608982255,2716.1944161370257,984.9922636944336,1.0,0.0,0.9528507245916522,0.30343944477467566,0.0,0.0,2716.812818865288,982.8792829993449
118.10000000000001,5.572179515103764,0.06819004996870964,7.92034061428682,0.006940839479420701,-0.013066357719866367,-0.0010028517491754143,49.60000000000021,0.30830022608982255,2720.925319984623,986.4988405377399,1.0,0.0,0.9528507245916522,0.30343944477467566,0.0,0.0,,
118.2,5.64834476460551,0.27350686265046165,7.9468634968621625,0.006759690263051413,0.010826086368777185,-0.01873155503182669,49.70000000000021,0.30830022608982255,2725.6657523394665,988.0084517754939,1.0,0.0,0.9528507245916522,0.30343944477467566,0.0,0.0,,
118.30000000000001,5.7607082028193695,0.26148986857381246,8.080773836952446,-0.011774233205637492,0.00039797115415570686,-0.01641228284237206,49.80000000000021,0.30830022608982255,2730.4157132015557,989.5210974076956,1.0,0.0,0.9528507245916522,0.30343944477467566,0.0,0.0,,
118.4,5.799134351495626,-0.07109990331600502,7.983163955409743,-0.005438852961321445,0.0031937500268809237,0.007423933811891912,49.90000000000021,0.30830022608982255,2735.175202570891,991.0367774343451,1.0,0.0,0.9528507245916522,0.30343944477467566,0.0,0.0,,
118.5,5.561847442596279,-0.3715403668199549,8.14942418508413,0.0022025193182745556,-0.004211021682318436,0.014073404466258908,50.00000000000021,0.30830022608982255,2739.944220447472,992.5554918554424,1.0,0.0,0.9528507245916522,0.30343944477467566,0.0,0.0,,
118.60000000000001,5.865100416242822,-0.08218036817313316,8.019135982131745,0.016715981656095745,0.004828901007044182,0.0004238194915229124,50.100000000000215,0.30830022608982255,2744.7227668312994,994.0772406709873,1.0,0.0,0.9528507245916522,0.30343944477467566,0.0,0.0,,
118.7,5.8194550675619725,0.05482665921534935,8.247591387809177,0.005678362939011508,0.018832840054631195,0.0017928931853546824,50.200000000000216,0.30830022608982255,2749.5108417223723,995.60202388098,1.0,0.0,0.9528507245916522,0.30343944477467566,0.0,0.0,,
118.80000000000001,5.582267204377505,-0.14268558571284207,8.10253468543143,0.006806668922183889,0.011519319896006136,-0.002027330463400522,50.30000000000022,0.30830022608982255,2754.3084451206914,997.1298414854205,1.0,0.0,0.9528507245916522,0.30343944477467566,0.0,0.0,,
118.9,5.854367908040028,-0.0429985096497264,7.771649359031585,-0.02057879750077799,-0.003488595913808841,0.0050949845906857315,50.40000000000022,0.30830022608982255,2759.1155770262562,998.6606934843087,1.0,0.0,0.9528507245916522,0.30343944477467566,0.0,0.0,,
119.0,5.772054619450238,-0.20122328121240185,8.121488949315994,0.015187616403212935,0.0007903300852254645,-0.004232285619216617,50.50000000000022,0.30830022608982255,2763.9322374390667,1000.1945798776446,1.0,0.0,0.9528507245916522,0.30343944477467566,0.0,0.0,2763.1184312646974,998.0106822708824
119.10000000000001,5.664384655360481,-0.03785876499020234,8.059739812164382,-0.006738831164755264,-0.0057137896347163285,0.0025880957250741287,50.60000000000022,0.30830022608982255,2768.7584263591234,1001.7315006654284,1.0,0.0,0.9528507245916522,0.30343944477467566,0.0,0.0,,
119.2,5.815271966122264,-0.10183680797016009,7.992571766282136,-0.006893700852714761,-0.00045090793098205415,0.015970175946674502,50.70000000000022,0.30830022608982255,2773.594143786426,1003.2714558476598,1.0,0.0,0.9528507245916522,0.30343944477467566,0.0,0.0,,
119.30000000000001,5.48916732556757,0.16747084430520467,8.273343557473535,-0.004790307076715852,0.006739052675304168,0.00016906190943028355,50.800000000000225,0.30830022608982255,2778.4393897209743,1004.814445424339,1.0,0.0,0.9528507245916522,0.30343944477467566,0.0,0.0,,
119.4,5.628759197531007,0.11966461057689992,8.170620048447308,0.006584510834426106,0.0034085027952123516,0.013690690587251642,50.900000000000226,0.30830022608982255,2783.2941641627685,1006.360469395466,1.0,0.0,0.9528507245916522,0.30343944477467566,0.0,0.0,,
119.5,5.422847610693193,0.04853695134670159,7.857729974794741,0.007404903818321432,0.007630246856533229,0.026625254972351266,51.00000000000023,0.30830022608982255,2788.158467111809,1007.9095277610407,1.0,0.0,0.9528507245916522,0.30343944477467566,0.0,0.0,,
119.60000000000001,5.594271388358985,0.2628896841135008,8.190262238239095,-0.012166759896825544,0.002707946688512853,0.0004004964404561769,51.10000000000023,0.30830022608982255,2793.032298568095,1009.4616205210632,1.0,0.0,0.9528507245916522,0.30343944477467566,0.0,0.0,,
119.7,5.573783297330878,-0.03869683860534312,8.334615728204485,-0.02258189751875618,0.012643460577457924,-0.002574573225687193,51.20000000000023,0.30830022608982255,2797.9156585316273,1011.0167476755333,1.0,0.0,0.9528507245916522,0.30343944477467566,0.0,0.0,,
119.80000000000001,6.103367747390482,-0.13574248632213665,7.998021782210217,-0.001683244079268383,0.0013933618133073063,0.008853672408028724,51.30000000000023,0.30830022608982255,2802.8085470024052,1012.5749092244513,1.0,0.0,0.9528507245916522,0.30343944477467566,0.0,0.0,,
119.9,5.6335208797379055,-0.017893787182222957,8.148959982056367,0.02116626846792776,0.016862109289332135,-0.01157435259655678,51.40000000000023,0.30830022608982255,2807.7109639804294,1014.1361051678169,1.0,0.0,0.9528507245916522,0.30343944477467566,0.0,0.0,,
120.0,5.837471103471177,0.1740242470685731,8.136676372254014,0.004380877856094475,0.0248362154595768,0.015997140230402322,51.500000000000234,0.30830022608982255,2812.622909465699,1015.7003355056304,1.0,0.0,0.9528507245916522,0.30343944477467566,0.0,0.0,2807.927681121376,1019.7717570184149
