time,accel_x,accel_y,accel_z,gyro_x,gyro_y,gyro_z,true_speed,true_heading,true_x,true_y,true_accel_x_vehicle,true_accel_y_vehicle,true_accel_x_world,true_accel_y_world,true_accel_z_world,true_yaw_rate,gnss_x,gnss_y
0.0,6.526375941814957,0.16887927239581862,7.802148222393146,0.01658712250810118,0.004963892095501743,0.014471105763967266,0.0,0.0,0.0,0.0,1.2,0.0,1.2,0.0,0.0,0.0,3.8243443022929857,-0.9471908449350744
0.1,6.138114845453082,0.22496226985471213,7.693126158080366,-0.0022376460077357806,0.030186691356342325,0.010118777165333308,0.12,0.0,0.018000000000000002,0.0,1.2,0.0,1.2,0.0,0.0,0.0,,
0.2,6.199688952330453,-0.10546483778129642,7.623946250306336,0.002532578745833075,0.005984278942160792,0.004985603576103834,0.24,0.0,0.048,0.0,1.2,0.0,1.2,0.0,0.0,0.0,,
0.30000000000000004,5.940435173823513,0.17597473212964626,7.639820984406176,-0.006493952968586342,0.006420429407666631,0.01693041849924166,0.36,0.0,0.09,0.0,1.2,0.0,1.2,0.0,0.0,0.0,,
0.4,6.203426534486411,-0.13638965366819245,7.55960249146865,-0.012320137779050345,-0.006715193327066135,0.005359918097209244,0.48,0.0,0.14400000000000002,0.0,1.2,0.0,1.2,0.0,0.0,0.0,,
0.5,6.432523683510027,-0.2268394057693308,7.663866689105722,-0.005992985234231724,0.007117000853815905,0.025484447676080962,0.6,0.0,0.21000000000000002,0.0,1.2,0.0,1.2,0.0,0.0,0.0,,
0.6000000000000001,6.20649909915483,0.037646975901790815,7.860633512925145,-0.007855477055018302,0.0009143814914241216,0.02454629582231309,0.72,0.0,0.28800000000000003,0.0,1.2,0.0,1.2,0.0,0.0,0.0,,
0.7000000000000001,6.365136468996209,-0.08334235244083675,7.549373876145485,-0.001693067965445213,-0.002419255306479721,0.01912243291701636,0.84,0.0,0.37800000000000006,0.0,1.2,0.0,1.2,0.0,0.0,0.0,,
0.8,6.408770930291595,0.05440766331163487,7.268026776389058,-0.008856169605186783,0.010054695681433605,0.005107078673551853,0.96,0.0,0.4800000000000001,0.0,1.2,0.0,1.2,0.0,0.0,0.0,,
0.9,6.337784346107449,0.13931256094213448,7.647819735846041,-0.012913006573400315,0.014400090923832024,-0.00647451723610535,1.08,0.0,0.5940000000000001,0.0,1.2,0.0,1.2,0.0,0.0,0.0,,
1.0,6.232507828748426,0.07714396162250571,7.793027158611246,0.0032965586725783157,-0.02098829330544868,-0.011082260990996582,1.2000000000000002,0.0,0.7200000000000001,0.0,1.2,0.0,1.2,0.0,0.0,0.0,5.81743038979704,-1.6120737531035723
1.1,6.790450137595695,-0.05678510240657454,7.612824255366208,-0.006963109905160761,-0.010372625599159066,-5.641320893551988e-06,1.3200000000000003,0.0,0.8580000000000001,0.0,1.2,0.0,1.2,0.0,0.0,0.0,,
1.2000000000000002,5.996090398945745,0.24651509186755963,7.703955711522378,-0.011163989252093226,0.022278726057096326,0.0074997547944674284,1.4400000000000004,0.0,1.0080000000000002,0.0,1.2,0.0,1.2,0.0,0.0,0.0,,
1.3,6.172550887485198,0.20584311952432455,7.407779445628521,0.006369775090507535,-0.015153477645827597,0.014825952941160162,1.5600000000000005,0.0,1.1700000000000004,0.0,1.2,0.0,1.2,0.0,0.0,0.0,,
1.4000000000000001,6.396464543898714,-0.05579592929625109,7.876457763016515,0.015154953483694528,0.0020107634870976665,-0.00606525990710087,1.6800000000000006,0.0,1.3440000000000005,0.0,1.2,0.0,1.2,0.0,0.0,0.0,,
1.5,6.381348694420665,0.18224890157942797,7.625742411538796,0.00814754644351842,-0.007215487143342292,0.011258057515221975,1.8000000000000007,0.0,1.5300000000000007,0.0,1.2,0.0,1.2,0.0,0.0,0.0,,
1.6,6.116582055405502,0.20650368007649023,7.845591622126886,0.013472768234500443,0.01473622389029729,0.013476083589792286,1.9200000000000008,0.0,1.7280000000000009,0.0,1.2,0.0,1.2,0.0,0.0,0.0,,
1.7000000000000002,6.157020690860349,-0.16199145469809656,7.726961620595037,0.014740398502698324,0.0024721172313125006,-0.003811942912498468,2.040000000000001,0.0,1.938000000000001,0.0,1.2,0.0,1.2,0.0,0.0,0.0,,
1.8,6.268905139343711,0.0651546462062772,7.495900142937327,-0.007714183260169197,0.0025563308209123666,0.003391472514767201,2.160000000000001,0.0,2.160000000000001,0.0,1.2,0.0,1.2,0.0,0.0,0.0,,
1.9000000000000001,6.440116455817882,-0.15769440431988438,7.865688677552739,-0.0036003786446938035,-0.006387224390905809,0.01724227701158159,2.280000000000001,0.0,2.394000000000001,0.0,1.2,0.0,1.2,0.0,0.0,0.0,,
2.0,6.24207173711608,0.02043297530019246,7.617020939956738,0.01208102292437118,0.0014089041768573416,0.009431102267990706,2.4000000000000012,0.0,2.640000000000001,0.0,1.2,0.0,1.2,0.0,0.0,0.0,4.182165228162694,-2.135168581970704
2.1,5.950264606905424,-0.208343584757736,7.449501484100171,0.008073037445278474,-0.014869458314324688,0.018982614755525616,2.5200000000000014,0.0,2.898000000000001,0.0,1.2,0.0,1.2,0.0,0.0,0.0,,
2.2,6.194050972801476,0.028680509702952873,7.571667671602385,0.005283556636824758,0.005152591566140219,0.00368503907058576,2.6400000000000015,0.0,3.168000000000001,0.0,1.2,0.0,1.2,0.0,0.0,0.0,,
2.3000000000000003,6.222261347420141,0.12137264754031454,7.799252770769886,-0.0019122917488999054,0.004840765976929361,0.0029713832709541525,2.7600000000000016,0.0,3.450000000000001,0.0,1.2,0.0,1.2,0.0,0.0,0.0,,
2.4000000000000004,6.290992205748424,-0.13647261291844182,7.530291062137472,-0.0005168416031249769,-0.001767051749479169,0.015889368108507825,2.8800000000000017,0.0,3.744000000000001,0.0,1.2,0.0,1.2,0.0,0.0,0.0,,
2.5,6.428731546279185,-0.2324857165932596,7.4408627394227915,0.008065828983875124,0.005003820321822829,0.005377936751548299,3.0000000000000018,0.0,4.050000000000002,0.0,1.2,0.0,1.2,0.0,0.0,0.0,,
2.6,6.281252507975679,0.09366705825766666,7.579038250584994,0.00794328944344707,0.009334077960213849,-0.009103202236080401,3.120000000000002,0.0,4.368000000000002,0.0,1.2,0.0,1.2,0.0,0.0,0.0,,
2.7,6.24269025965006,0.0647382894215967,7.509141920396935,-0.0010968420574476842,0.007432745657725337,0.012162168962919565,3.240000000000002,0.0,4.698000000000002,0.0,1.2,0.0,1.2,0.0,0.0,0.0,,
2.8000000000000003,6.126051829763185,0.20540549283008025,7.761477671729871,-0.0027795152100710814,-0.018033829416758552,0.006067169296398617,3.360000000000002,0.0,5.040000000000003,0.0,1.2,0.0,1.2,0.0,0.0,0.0,,
2.9000000000000004,6.360616617836812,-0.16050984936666646,7.600723251749736,-0.00792577826667962,0.016878673274086705,-0.00028362481453005333,3.480000000000002,0.0,5.394000000000003,0.0,1.2,0.0,1.2,0.0,0.0,0.0,,
3.0,6.316446841659998,-0.08257613827131563,7.715448953586687,-0.007448983903995446,0.011392598258459438,0.026244923644995158,3.6000000000000023,0.0,5.760000000000003,0.0,1.2,0.0,1.2,0.0,0.0,0.0,11.7069326825373,0.7857150072066832
3.1,6.566868571394176,-0.07562898886723388,7.6089128620565525,-0.015050504348398554,-0.01871603124562332,0.012920752305287346,3.7200000000000024,0.0,6.1380000000000035,0.0,1.2,0.0,1.2,0.0,0.0,0.0,,
3.2,6.274138331195487,-0.04358910146304265,7.666885710955581,-0.0007375790949617135,-0.001859629882929736,0.027409106018027013,3.8400000000000025,0.0,6.528000000000004,0.0,1.2,0.0,1.2,0.0,0.0,0.0,,
3.3000000000000003,6.215792714677118,0.07184138220199462,7.63379053204353,0.0131432511053399,0.008862608410152923,0.011335349486264589,3.9600000000000026,0.0,6.930000000000004,0.0,1.2,0.0,1.2,0.0,0.0,0.0,,
3.4000000000000004,6.467412617700153,0.1668754881806352,7.615486960882052,0.022907107830102948,0.012682940924179226,-0.01241843850334849,4.080000000000003,0.0,7.344000000000005,0.0,1.2,0.0,1.2,0.0,0.0,0.0,,
3.5,6.284981636625208,0.14842266158416845,7.790422466637357,0.0022296126854722343,-0.0011374800612244447,0.0005533994500869213,4.200000000000003,0.0,7.770000000000005,0.0,1.2,0.0,1.2,0.0,0.0,0.0,,
3.6,5.878540472088765,-0.01594045350465037,7.535489284201437,0.015342847493772259,0.019976775051118986,0.004860523904737488,4.320000000000003,0.0,8.208000000000006,0.0,1.2,0.0,1.2,0.0,0.0,0.0,,
3.7,6.293774855480141,-0.03936615694643983,7.502367205713541,-0.009104090099552738,-0.012369517510396968,0.004128400518077568,4.440000000000003,0.0,8.658000000000007,0.0,1.2,0.0,1.2,0.0,0.0,0.0,,
3.8000000000000003,6.009317804467759,0.10940808576658408,7.768151493576921,0.014799910854289763,0.018562473876374476,-0.010151288225761225,4.560000000000003,0.0,9.120000000000006,0.0,1.2,0.0,1.2,0.0,0.0,0.0,,
3.9000000000000004,6.237368875981349,0.05509109926520497,7.554364969447496,0.005907266058667805,0.0063067771834682896,0.0036161670913009165,4.680000000000003,0.0,9.594000000000007,0.0,1.2,0.0,1.2,0.0,0.0,0.0,,
4.0,6.191705184685381,0.1624207850827914,7.690172902663601,0.015351671279906876,-0.002009888190237748,0.01053063505136393,4.800000000000003,0.0,10.080000000000007,0.0,1.2,0.0,1.2,0.0,0.0,0.0,4.893003241259703,-0.15893078643662406
4.1000000000000005,6.149521004237014,0.15509434913264475,7.852237379029512,0.005454862342790971,0.00960654032134519,0.0053738266393251735,4.9200000000000035,0.0,10.578000000000008,0.0,1.2,0.0,1.2,0.0,0.0,0.0,,
4.2,6.340914554602695,0.11665205091788754,7.723401245623789,-0.007327322437626879,0.0077637516906047446,0.0036187620800824886,5.040000000000004,0.0,11.088000000000008,0.0,1.2,0.0,1.2,0.0,0.0,0.0,,
4.3,6.383392791407845,-0.010084185380954076,7.823206649419762,-0.008378466251420726,-0.0010019845655824268,0.012995149570032538,5.160000000000004,0.0,11.610000000000008,0.0,1.2,0.0,1.2,0.0,0.0,0.0,,
4.4,6.571844922624055,-0.00967594282259971,7.599542215963789,-0.0018699718598526901,-0.0010424633339752665,-0.006961134242430092,5.280000000000004,0.0,12.144000000000009,0.0,1.2,0.0,1.2,0.0,0.0,0.0,,
4.5,6.039855998365098,0.09584766460421044,7.613568225274709,-0.0167027206168781,-0.009440710326869951,0.005211015045659007,5.400000000000004,0.0,12.69000000000001,0.0,1.2,0.0,1.2,0.0,0.0,0.0,,
4.6000000000000005,6.30005828443558,0.22555565423565918,7.643721275931822,-0.015005881429420298,-0.003799075446352599,0.0038573417622704297,5.520000000000004,0.0,13.24800000000001,0.0,1.2,0.0,1.2,0.0,0.0,0.0,,
4.7,5.784996071914777,0.12031307092817349,7.616466002383573,0.012941636911416515,-0.004053480245737212,0.00537865494501549,5.640000000000004,0.0,13.81800000000001,0.0,1.2,0.0,1.2,0.0,0.0,0.0,,
4.800000000000001,6.050330194994571,0.07115112789624355,7.863742476226332,-0.021254359919467274,0.0087257750189938,-0.000919833466644677,5.760000000000004,0.0,14.400000000000011,0.0,1.2,0.0,1.2,0.0,0.0,0.0,,
4.9,6.444335506849651,0.29997614391879024,7.99620998707004,-0.009782348884917797,-0.011422621342542943,-0.01731462256499866,5.880000000000004,0.0,14.994000000000012,0.0,1.2,0.0,1.2,0.0,0.0,0.0,,
5.0,6.389687754012541,0.011094771767853003,7.785230149243105,0.006441089795237423,-0.018819345659591615,-0.006014614987124195,6.000000000000004,0.0,15.600000000000012,0.0,1.2,0.0,1.2,0.0,0.0,0.0,7.527539225665855,-3.105756280743357
5.1000000000000005,6.40430350337532,-0.2356196293129282,7.823211426360137,-0.00010491301518942389,-0.003980931714899756,0.01231691519621364,6.1200000000000045,0.0,16.218000000000014,0.0,1.2,0.0,1.2,0.0,0.0,0.0,,
5.2,6.079773209794635,0.22730374281834656,7.78191333385035,-0.013019618008213352,-0.0015827562330304155,0.004869374809263679,6.240000000000005,0.0,16.848000000000013,0.0,1.2,0.0,1.2,0.0,0.0,0.0,,
5.300000000000001,6.300766100520208,0.15811515333421572,7.447308890067005,0.0011419024071565808,-0.005159425901906932,-0.010370151922029345,6.360000000000005,0.0,17.490000000000013,0.0,1.2,0.0,1.2,0.0,0.0,0.0,,
5.4,6.053272904635257,0.16061188207034596,7.729704348457279,0.025702986527600957,-0.0022857530365049126,0.009368342006102034,6.480000000000005,0.0,18.144000000000013,0.0,1.2,0.0,1.2,0.0,0.0,0.0,,
5.5,6.313212535040019,-0.060280910362601386,7.573678994604669,-0.006307662236950134,-0.007649363078230756,0.013272759199631005,6.600000000000005,0.0,18.810000000000013,0.0,1.2,0.0,1.2,0.0,0.0,0.0,,
5.6000000000000005,6.303666476645,0.1540019573842595,7.43913294559093,0.01891333872176365,-0.017059427937275672,-0.0028290045702650604,6.720000000000005,0.0,19.488000000000014,0.0,1.2,0.0,1.2,0.0,0.0,0.0,,
5.7,6.243763251840621,0.06095290081755649,7.39728120211357,-0.004090282383152071,0.003575725985381013,-0.006599661439929887,6.840000000000005,0.0,20.178000000000015,0.0,1.2,0.0,1.2,0.0,0.0,0.0,,
5.800000000000001,6.026167132214904,0.03518508467869917,7.594066170532865,0.00799188430611637,0.001742252790676766,0.0031544286175700744,6.960000000000005,0.0,20.880000000000017,0.0,1.2,0.0,1.2,0.0,0.0,0.0,,
5.9,6.416585570987096,0.13898521638261863,7.740428559312667,0.006771970502063524,0.014140564699508803,-0.0013642016079415085,7.080000000000005,0.0,21.59400000000002,0.0,1.2,0.0,1.2,0.0,0.0,0.0,,
6.0,6.328680300352267,0.38740263600565894,7.724219088433145,-0.0047605039582631695,-0.003441141600969255,0.017765750116674108,7.2000000000000055,0.0,22.32000000000002,0.0,1.2,0.0,1.2,0.0,0.0,0.0,24.21589654375128,4.481059677802011
6.1000000000000005,6.111154874353836,0.01859055103778834,7.891744522283908,-0.00299553426337249,-0.01923146730918578,-0.00881058933798758,7.320000000000006,0.0,23.05800000000002,0.0,1.2,0.0,1.2,0.0,0.0,0.0,,
6.2,6.41004608957499,0.10439102353645015,7.9059534738574335,0.011765331878208255,-0.0001373071096324918,0.002588804149336357,7.440000000000006,0.0,23.80800000000002,0.0,1.2,0.0,1.2,0.0,0.0,0.0,,
6.300000000000001,6.333837220728604,0.2104396960177482,7.5889726278367835,-0.0008454613207707588,-0.0033266593614070354,-0.011954968749125503,7.560000000000006,0.0,24.57000000000002,0.0,1.2,0.0,1.2,0.0,0.0,0.0,,
6.4,6.344191719599732,0.141072830900209,7.51933149964568,0.010234414213442096,-0.003040317760109273,-0.004068661999152344,7.680000000000006,0.0,25.344000000000023,0.0,1.2,0.0,1.2,0.0,0.0,0.0,,
6.5,6.0279032016785195,-0.19582561392988765,7.495955990961049,0.005852475744689045,-0.0012856966384530897,-0.00043280995212290584,7.800000000000006,0.0,26.130000000000024,0.0,1.2,0.0,1.2,0.0,0.0,0.0,,
6.6000000000000005,6.406176905348676,-0.018172579880224714,7.672329673175232,0.019235161394326898,-0.0022371766879965543,0.010964056724360849,7.920000000000006,0.0,26.928000000000026,0.0,1.2,0.0,1.2,0.0,0.0,0.0,,
6.7,6.182903586936752,0.007271521452508128,7.69585877412244,-0.011082772394164712,-0.0025459720549766297,0.011657251500214297,8.040000000000006,0.0,27.738000000000028,0.0,1.2,0.0,1.2,0.0,0.0,0.0,,
6.800000000000001,6.171482465274502,-0.008472310624327607,7.614999439272686,0.00019484591191545084,-0.0038722095445097573,-0.0013653983272700681,8.160000000000005,0.0,28.560000000000027,0.0,1.2,0.0,1.2,0.0,0.0,0.0,,
6.9,6.183814052811412,-0.029375830476755876,7.682336614961687,-0.007438945935866206,-0.008322550099642443,8.208561131849406e-05,8.280000000000005,0.0,29.394000000000027,0.0,1.2,0.0,1.2,0.0,0.0,0.0,,
7.0,5.867924568626205,0.2355886587404934,7.9450717631593175,-0.005602485909475892,-0.01689244541713209,-0.011234332146185173,8.400000000000004,0.0,30.240000000000027,0.0,1.2,0.0,1.2,0.0,0.0,0.0,27.648771443134976,0.4094713988990695
7.1000000000000005,6.249782705498923,-0.11603639975297353,7.602958125632414,-0.010833507528471358,0.007887411044169243,-0.008821960017241554,8.520000000000003,0.0,31.098000000000027,0.0,1.2,0.0,1.2,0.0,0.0,0.0,,
7.2,6.368004295939425,0.11731460487602177,7.376994796019469,0.0016150220312096432,0.0025750983162241953,-0.00019000770705170002,8.640000000000002,0.0,31.96800000000003,0.0,1.2,0.0,1.2,0.0,0.0,0.0,,
7.300000000000001,6.29120491772908,-0.00538365235721238,7.8425644865188096,-0.009784918353818565,0.0006366240475083831,0.0005899375078683581,8.760000000000002,0.0,32.85000000000003,0.0,1.2,0.0,1.2,0.0,0.0,0.0,,
7.4,6.134770199110036,0.0958512167641496,7.518811067791322,-0.00010544240595682,-0.008068653794037997,0.006858328505164629,8.88,0.0,33.74400000000003,0.0,1.2,0.0,1.2,0.0,0.0,0.0,,
7.5,6.17300360239889,-0.007744888082911766,7.749121457819017,0.013618225607440785,-0.013526776868373813,0.009287609555295425,9.0,0.0,34.65000000000003,0.0,1.2,0.0,1.2,0.0,0.0,0.0,,
7.6000000000000005,6.426273857132332,-0.17426065303611044,7.427783559749492,0.004946071621458949,0.0027352714545754585,0.013064310600326829,9.12,0.0,35.568000000000026,0.0,1.2,0.0,1.2,0.0,0.0,0.0,,
7.7,6.133180819184797,0.15525418904013114,7.519455908768304,-0.0036914450660861593,-0.009002552156732438,0.02273369778885638,9.239999999999998,0.0,36.498000000000026,0.0,1.2,0.0,1.2,0.0,0.0,0.0,,
7.800000000000001,6.493092986458126,-0.3281064835441636,7.624305385266774,-0.008940280909267982,0.007088040243466002,0.011505180663392695,9.359999999999998,0.0,37.440000000000026,0.0,1.2,0.0,1.2,0.0,0.0,0.0,,
7.9,6.268580135754405,-0.019060889562494736,7.6533821369589585,-0.0029610128035570953,0.002867001492159696,0.006973739595279636,9.479999999999997,0.0,38.39400000000003,0.0,1.2,0.0,1.2,0.0,0.0,0.0,,
8.0,6.486406439046986,-0.07418883341097025,7.6128119818547075,-0.003817309300442063,-0.009435871880726861,-0.006440382753016026,9.599999999999996,0.0,39.36000000000003,0.0,1.2,0.0,1.2,0.0,0.0,0.0,39.08134275506383,-7.088878838018083
8.1,6.21153111359581,-0.14121058975596426,7.833842022567025,-3.069613038296414e-05,0.023938515966123328,0.015990540270432247,9.719999999999995,0.0,40.33800000000003,0.0,1.2,0.0,1.2,0.0,0.0,0.0,,
8.200000000000001,6.425752781025065,-0.011357676545864809,7.655499731544729,0.006751321949564452,-0.0010294547385568073,0.014858471023494774,9.839999999999995,0.0,41.32800000000003,0.0,1.2,0.0,1.2,0.0,0.0,0.0,,
8.3,6.480220077008125,-0.10912091715517744,7.673068339144844,0.0024117764784776182,-0.005225083313932918,0.0020273335438107773,9.959999999999994,0.0,42.330000000000034,0.0,1.2,0.0,1.2,0.0,0.0,0.0,,
8.4,6.384769030986468,-0.14647417261517426,7.567460894354629,0.00588176322846882,0.005750752699596185,0.009630961170445847,10.079999999999993,0.0,43.34400000000004,0.0,1.2,0.0,1.2,0.0,0.0,0.0,,
8.5,6.206971269519728,-0.16294348530802494,7.611142231532691,-0.005895235584135453,0.007177168028483824,0.012843003097818993,10.199999999999992,0.0,44.37000000000003,0.0,1.2,0.0,1.2,0.0,0.0,0.0,,
8.6,6.281995069931786,-0.08818102998230326,7.813205256307932,-0.008452986265938803,-0.023748923070406075,0.008917129136871017,10.319999999999991,0.0,45.40800000000003,0.0,1.2,0.0,1.2,0.0,0.0,0.0,,
8.700000000000001,6.345423234725875,0.12202576383817752,7.711453304865162,-0.010779997083701776,-0.0029985397506235184,0.010093358103497879,10.43999999999999,0.0,46.45800000000003,0.0,1.2,0.0,1.2,0.0,0.0,0.0,,
8.8,6.502640168849903,0.003653649815158748,7.619126050907128,-0.0010554059021668843,-0.0030174096514634886,0.01588752333628806,10.55999999999999,0.0,47.520000000000024,0.0,1.2,0.0,1.2,0.0,0.0,0.0,,
8.9,6.0192249449584105,0.13687096504858703,7.60977272842215,0.004242489808582522,-0.01296955691774259,0.004152179914201857,10.679999999999989,0.0,48.59400000000002,0.0,1.2,0.0,1.2,0.0,0.0,0.0,,
9.0,6.284678614705316,0.05943297993737048,7.615556279796959,-0.020668771415853562,-0.002574326202229599,-0.0011470508121852185,10.799999999999988,0.0,49.68000000000002,0.0,1.2,0.0,1.2,0.0,0.0,0.0,44.761010270475865,-3.4309923879019792
9.1,6.470838871866931,-0.046708630851681074,7.469686068810568,-0.00844007525983301,-0.006824015611999649,0.0028137609435145775,10.919999999999987,0.0,50.77800000000002,0.0,1.2,0.0,1.2,0.0,0.0,0.0,,
9.200000000000001,6.233495003642397,-0.10885588054954948,7.601015540109877,-0.013105322056805993,-0.0033774967057524164,-0.006572174940330694,11.039999999999987,0.0,51.88800000000002,0.0,1.2,0.0,1.2,0.0,0.0,0.0,,
9.3,6.3201092066435605,0.0897340235877719,7.776752392461729,0.00799622427016024,0.00956080585220845,-0.0019695640300878992,11.159999999999986,0.0,53.01000000000002,0.0,1.2,0.0,1.2,0.0,0.0,0.0,,
9.4,6.637742847970645,-0.15051466617704556,7.610305947238671,0.0054875531176460145,0.005112041413632904,0.0008222444861328993,11.279999999999985,0.0,54.14400000000002,0.0,1.2,0.0,1.2,0.0,0.0,0.0,,
9.5,6.383942453523155,-0.025122475901321245,7.716932591807195,-0.017321240654782192,0.003038740497252059,0.0034471596672101465,11.399999999999984,0.0,55.29000000000002,0.0,1.2,0.0,1.2,0.0,0.0,0.0,,
9.600000000000001,6.050528375751245,0.041302655380262655,7.991137889306044,0.014944951583212436,0.004003391405164642,-0.006213889049734541,11.519999999999984,0.0,56.44800000000002,0.0,1.2,0.0,1.2,0.0,0.0,0.0,,
9.700000000000001,6.224109297428335,-0.01636612959244741,7.790761507198576,-0.0027718343790619523,-0.004454001007143432,0.011119863271936719,11.639999999999983,0.0,57.61800000000002,0.0,1.2,0.0,1.2,0.0,0.0,0.0,,
9.8,6.4236407963276685,0.3049234957337221,7.887910775069233,-0.010921770345762952,-0.019547614630263888,0.019336956441318942,11.759999999999982,0.0,58.80000000000002,0.0,1.2,0.0,1.2,0.0,0.0,0.0,,
9.9,6.346384459512513,0.35513661179623357,7.398530169453088,-0.002185899695509015,-0.011882277666881071,-0.0007525387925590545,11.879999999999981,0.0,59.994000000000014,0.0,1.2,0.0,1.2,0.0,0.0,0.0,,
10.0,6.27869148330507,0.23279149596819326,7.678019449671803,0.004286501185182907,0.014792220190520731,0.0110478439009924,11.99999999999998,0.0,61.20000000000001,0.0,1.2,0.0,1.2,0.0,0.0,0.0,58.61644716499771,4.348919148549088
10.100000000000001,6.332087509677162,0.17325867191312055,7.692808438086951,0.008478665549829874,0.012814595964865958,0.015751810013469834,12.11999999999998,0.0,62.418000000000006,0.0,1.2,0.0,1.2,0.0,0.0,0.0,,
10.200000000000001,6.311571661217457,0.08800726236715298,7.563993240708073,-0.002706979031811424,-0.005384934458016712,-0.008692094461229196,12.239999999999979,0.0,63.648,0.0,1.2,0.0,1.2,0.0,0.0,0.0,,
10.3,6.229519686763138,0.25519269630713015,7.485166616674267,-0.013550819044847371,0.004011005343902584,0.004247965431151919,12.359999999999978,0.0,64.89,0.0,1.2,0.0,1.2,0.0,0.0,0.0,,
10.4,6.2711766516029055,-0.005973633758993728,7.746450160376346,-0.011792400358703983,-0.0005567770673519265,0.0069867056185404135,12.479999999999977,0.0,66.144,0.0,1.2,0.0,1.2,0.0,0.0,0.0,,
10.5,6.280305585379513,0.14744627298075907,7.586013586071534,0.0002996951608033538,-0.005521794087421006,0.027394802192145677,12.599999999999977,0.0,67.41,0.0,1.2,0.0,1.2,0.0,0.0,0.0,,
10.600000000000001,6.340927618913867,-0.09154598996114291,7.553449621910683,0.007054748044196183,0.013036709309516894,-0.012767797813884695,12.719999999999976,0.0,68.68799999999999,0.0,1.2,0.0,1.2,0.0,0.0,0.0,,
10.700000000000001,6.385788837847171,0.19146719215933025,7.9853854314870665,0.004656587100429023,-0.015720047857326763,-0.021910676780924572,12.839999999999975,0.0,69.97799999999998,0.0,1.2,0.0,1.2,0.0,0.0,0.0,,
10.8,6.2333671403660205,0.11959185960497151,7.620328199598897,-0.011992343096499674,0.006102206393752887,0.008751376826188982,12.959999999999974,0.0,71.27999999999997,0.0,1.2,0.0,1.2,0.0,0.0,0.0,,
10.9,6.227350113881089,-0.1518778237037585,7.578595280798445,-0.0013885163109978351,0.003581888024083994,0.006260875231385241,13.079999999999973,0.0,72.59399999999997,0.0,1.2,0.0,1.2,0.0,0.0,0.0,,
11.0,6.181175467288231,0.09559606160630636,7.617917362502852,-2.7116729073056036e-05,-0.03079691292983378,0.0017674886670469656,13.199999999999973,0.0,73.91999999999996,0.0,1.2,0.0,1.2,0.0,0.0,0.0,67.80388203542445,-2.184729034203138
11.100000000000001,6.316708644555469,-0.21777178582273485,7.598165534710597,0.008140839357443584,0.004469914053812543,0.008876951092489347,13.319999999999972,0.0,75.25799999999995,0.0,1.2,0.0,1.2,0.0,0.0,0.0,,
11.200000000000001,6.173413246218271,-0.04550592640404086,7.731293457533084,-0.002829790107234839,-0.007769647054554584,-0.016451756178527496,13.439999999999971,0.0,76.60799999999995,0.0,1.2,0.0,1.2,0.0,0.0,0.0,,
11.3,6.321630474636647,-0.07334357562272421,7.335562024079666,0.01000568746007363,0.01562780050827591,0.0046289469850988255,13.55999999999997,0.0,77.96999999999994,0.0,1.2,0.0,1.2,0.0,0.0,0.0,,
11.4,6.267585311079405,-0.11599741595152649,7.525457014598049,-0.003966811541492908,-0.0031203908995504916,-0.0035026853900804924,13.67999999999997,0.0,79.34399999999994,0.0,1.2,0.0,1.2,0.0,0.0,0.0,,
11.5,6.237985397022188,0.010704535721898903,7.483275077712908,0.025214158905572187,-0.00488863230851623,0.008262631133930106,13.799999999999969,0.0,80.72999999999993,0.0,1.2,0.0,1.2,0.0,0.0,0.0,,
11.600000000000001,6.1700543962634855,0.20657285349425422,7.565078093295364,-0.0008182862208511674,-0.0013454288782900016,0.010633695392378635,13.919999999999968,0.0,82.12799999999993,0.0,1.2,0.0,1.2,0.0,0.0,0.0,,
11.700000000000001,6.39046911201472,0.27004174133693315,7.558115500885558,0.004194339067213111,-0.0012215083950311272,0.004966061368334662,14.039999999999967,0.0,83.53799999999993,0.0,1.2,0.0,1.2,0.0,0.0,0.0,,
11.8,6.422130048303459,-0.10231502361296108,7.686316183642239,0.005001795657409391,-0.006464220056405923,0.014653711893157272,14.159999999999966,0.0,84.95999999999992,0.0,1.2,0.0,1.2,0.0,0.0,0.0,,
11.9,6.294753136625755,0.016220274977671492,7.5988355950846085,0.016950026554572332,0.0008158254289939924,-0.0037500814442173267,14.279999999999966,0.0,86.39399999999992,0.0,1.2,0.0,1.2,0.0,0.0,0.0,,
12.0,6.271466700712779,-0.06657789228440111,7.5365163662304635,-0.008836683457713882,-0.006928116451167206,0.0010760538100227333,14.399999999999965,0.0,87.83999999999992,0.0,1.2,0.0,1.2,0.0,0.0,0.0,92.11946555783798,-3.757733973519317
12.100000000000001,6.527592522347256,-0.05080660806760949,7.8686413157559,-0.0006835323258266603,-0.0015025503836045041,-0.0032150698431243525,14.519999999999964,0.0,89.29799999999992,0.0,1.2,0.0,1.2,0.0,0.0,0.0,,
12.200000000000001,6.200948303966328,0.04799185244234225,7.814655218071579,-0.0038441504451275994,0.001241348428979668,0.006024562911384005,14.639999999999963,0.0,90.76799999999992,0.0,1.2,0.0,1.2,0.0,0.0,0.0,,
12.3,6.39799026260008,-0.13970253092411022,7.555623390101453,-0.0022893885280405434,0.0004489515621332142,0.01631239482257192,14.759999999999962,0.0,92.24999999999991,0.0,1.2,0.0,1.2,0.0,0.0,0.0,,
12.4,6.107605936849638,0.27561553212621603,7.635384577779586,-0.01053973456297434,-0.006120254673980068,-7.503288132624641e-05,14.879999999999962,0.0,93.74399999999991,0.0,1.2,0.0,1.2,0.0,0.0,0.0,,
12.5,6.348832559455801,-0.15916697969478916,7.827323866483646,-0.029061436465841427,0.0024734647136892577,0.030326137826044645,14.999999999999961,0.0,95.24999999999991,0.0,1.2,0.0,1.2,0.0,0.0,0.0,,
12.600000000000001,6.121747135519254,0.20751174410362233,7.5776464594654085,-0.0036822982689187363,-0.005204164404838714,0.018294205071660602,15.11999999999996,0.0,96.76799999999992,0.0,1.2,0.0,1.2,0.0,0.0,0.0,,
12.700000000000001,6.410570504766247,0.23602859057520376,7.589597815856292,0.012861748531011524,-0.017116336025752105,-0.012009432095811378,15.23999999999996,0.0,98.29799999999992,0.0,1.2,0.0,1.2,0.0,0.0,0.0,,
12.8,6.223696890710779,-0.09067982690243462,7.809850357612622,-0.028160439706149606,-0.013853212542942637,0.0021837161585301465,15.359999999999959,0.0,99.83999999999992,0.0,1.2,0.0,1.2,0.0,0.0,0.0,,
12.9,6.382849299996978,-0.07117636597090844,7.392054375745405,-0.012326181564145007,-0.01553502578632476,0.004826923132058713,15.479999999999958,0.0,101.39399999999992,0.0,1.2,0.0,1.2,0.0,0.0,0.0,,
13.0,6.0200600303060865,-0.030863814045403407,7.435244531586163,0.0127257209081186,0.006354583922491278,0.010544550784450907,15.599999999999957,0.0,102.95999999999992,0.0,1.2,0.0,1.2,0.0,0.0,0.0,99.11368345407972,-2.4562098787188877
13.100000000000001,6.182808443466839,0.15607513153900285,7.9619868484612395,-0.008951944420105181,0.007535744273443806,-0.007429356616349622,15.719999999999956,0.0,104.53799999999993,0.0,1.2,0.0,1.2,0.0,0.0,0.0,,
13.200000000000001,6.1706602412687515,-0.2960533498350275,7.624639380825898,0.010101259692297427,0.011305128577938443,0.008184296372791678,15.839999999999955,0.0,106.12799999999991,0.0,1.2,0.0,1.2,0.0,0.0,0.0,,
13.3,5.9772545941260455,-0.10982763950241459,7.612725875931765,-0.002943167830709405,0.015149917576481532,0.01059322555347378,15.959999999999955,0.0,107.7299999999999,0.0,1.2,0.0,1.2,0.0,0.0,0.0,,
13.4,6.267438471660554,0.08011033741024537,7.804889261202181,0.0065618577052051,-0.015258483022790233,-0.010248171312917975,16.079999999999956,0.0,109.3439999999999,0.0,1.2,0.0,1.2,0.0,0.0,0.0,,
13.5,6.329441745253643,-0.18086667839302994,7.672291568595354,-0.006350642889929211,0.006432729442751996,0.0007812777972050038,16.199999999999957,0.0,110.96999999999989,0.0,1.2,0.0,1.2,0.0,0.0,0.0,,
13.600000000000001,6.2662251319200974,-0.1298364743100947,7.832075256556426,-0.0033833101660664267,-0.011759539583595727,0.020504804214022558,16.319999999999958,0.0,112.60799999999988,0.0,1.2,0.0,1.2,0.0,0.0,0.0,,
13.700000000000001,6.213381486937019,-0.0975633537903598,7.537986523872799,0.01485300515491705,-0.0093492191643255,0.004725108067910994,16.43999999999996,0.0,114.25799999999987,0.0,1.2,0.0,1.2,0.0,0.0,0.0,,
13.8,6.231896144699394,0.026491887757207313,7.483808684299376,-0.002160584924019905,-0.006740814494959288,0.009165242752573459,16.55999999999996,0.0,115.91999999999986,0.0,1.2,0.0,1.2,0.0,0.0,0.0,,
13.9,6.313136780354072,0.07960913515868508,7.590402677552417,-0.02291275916184148,-0.013790152498320565,0.007245331279264667,16.67999999999996,0.0,117.59399999999985,0.0,1.2,0.0,1.2,0.0,0.0,0.0,,
14.0,6.295370704842857,0.12646278762780477,7.700772545007508,0.009000103361833357,0.007876620821017479,0.014210078434281556,16.79999999999996,0.0,119.27999999999984,0.0,1.2,0.0,1.2,0.0,0.0,0.0,125.96987846904086,-7.1922626087684645
14.100000000000001,6.136446454069764,0.017345765339734157,7.760681267310344,-0.001435445811521186,-0.004451357762888649,0.0019439780853932427,16.919999999999963,0.0,120.97799999999984,0.0,1.2,0.0,1.2,0.0,0.0,0.0,,
14.200000000000001,6.413220137159734,-0.07047814507750537,7.46565092069037,-0.0030045817239403422,-0.0016824634091040084,-0.0017766575010565583,17.039999999999964,0.0,122.68799999999983,0.0,1.2,0.0,1.2,0.0,0.0,0.0,,
14.3,6.300297715704169,-0.06757109701446533,7.634477750471981,-0.0023338769909354885,-0.006592199992663715,0.030413442772853405,17.159999999999965,0.0,124.40999999999983,0.0,1.2,0.0,1.2,0.0,0.0,0.0,,
14.4,6.234403448622867,0.03678059879266129,7.611066503489169,0.0029605776104480157,-0.0007184836842144639,-0.0018578176104079025,17.279999999999966,0.0,126.14399999999982,0.0,1.2,0.0,1.2,0.0,0.0,0.0,,
14.5,6.345921855081474,0.39254866000686917,7.423086987146955,-0.0017807827234668338,-0.0006258652389670065,0.013414789972453045,17.399999999999967,0.0,127.88999999999982,0.0,1.2,0.0,1.2,0.0,0.0,0.0,,
14.600000000000001,6.053643919435768,0.043179193051652555,7.68472563069275,-0.0034819160469002713,-0.00012361808485227653,-0.007067729186348886,17.519999999999968,0.0,129.64799999999983,0.0,1.2,0.0,1.2,0.0,0.0,0.0,,
14.700000000000001,6.563415368404254,-0.3017019539160898,7.712464832278095,0.00508791589817125,-0.0015063705511984128,-0.008769459291646367,17.63999999999997,0.0,131.41799999999984,0.0,1.2,0.0,1.2,0.0,0.0,0.0,,
14.8,6.332824216789465,0.09438739314080215,7.423288075325964,-0.002638366218015223,0.0015124742968169336,0.0032101446401328598,17.75999999999997,0.0,133.19999999999985,0.0,1.2,0.0,1.2,0.0,0.0,0.0,,
14.9,6.349856453011894,0.20629732713474241,7.486368402798123,0.028237251192739277,-0.010141073757435781,0.0012624860400425996,17.87999999999997,0.0,134.99399999999986,0.0,1.2,0.0,1.2,0.0,0.0,0.0,,
15.0,6.540430120770792,-0.04563712449116138,7.625135425819462,-1.7212580728793897e-05,0.001427993343939657,0.027917410324747177,17.99999999999997,0.0,136.79999999999987,0.0,1.2,0.0,1.2,0.0,0.0,0.0,130.82825607106886,-1.849131621802743
15.100000000000001,6.330876013546489,0.07603743910459798,7.426244712254078,7.617685011815489e-05,0.006366355482072468,0.01075960942066228,18.119999999999973,0.0,138.61799999999985,0.0,1.2,0.0,1.2,0.0,0.0,0.0,,
15.200000000000001,6.3312778421945985,0.20490008430764867,7.828717587611246,0.0070283538883881514,0.010349705334412096,0.0033272249304584713,18.239999999999974,0.0,140.44799999999984,0.0,1.2,0.0,1.2,0.0,0.0,0.0,,
15.3,6.299571056820583,0.17466185914419308,7.619277659908895,0.012869669056809412,0.0012909684541363774,0.004625191577299648,18.359999999999975,0.0,142.28999999999982,0.0,1.2,0.0,1.2,0.0,0.0,0.0,,
15.4,6.381427661985248,0.2272666351967629,8.015160539462597,-0.009861913115668239,0.004227964950902789,0.02139401485223935,18.479999999999976,0.0,144.1439999999998,0.0,1.2,0.0,1.2,0.0,0.0,0.0,,
15.5,6.30932685931271,0.07774319573447994,7.493803649433261,-0.0021214376335232017,-0.009066377416122042,-0.012226632739065263,18.599999999999977,0.0,146.0099999999998,0.0,1.2,0.0,1.2,0.0,0.0,0.0,,
15.600000000000001,6.171378436385781,0.1906228253431177,7.826210603534542,0.006504288968426017,0.011084476612407362,-0.01086415914312087,18.719999999999978,0.0,147.88799999999978,0.0,1.2,0.0,1.2,0.0,0.0,0.0,,
15.700000000000001,6.103326554228666,0.057563317763350524,7.627377172021488,-0.002980087895755378,-0.01862220389393771,0.013897958294012695,18.83999999999998,0.0,149.77799999999976,0.0,1.2,0.0,1.2,0.0,0.0,0.0,,
15.8,6.334507087426753,0.1698786716266149,7.65775404351913,-0.005550675072093333,0.01574212631455904,0.021479297495843347,18.95999999999998,0.0,151.67999999999975,0.0,1.2,0.0,1.2,0.0,0.0,0.0,,
15.9,6.11497247957404,0.038021091340963764,7.7779089153629775,0.0013842228911532682,-0.011716622119193632,0.024061118005911063,19.07999999999998,0.0,153.59399999999974,0.0,1.2,0.0,1.2,0.0,0.0,0.0,,
16.0,6.3156407081354065,0.020061696039120613,7.583559740193988,-0.0003847523758711146,-0.02034242733873719,0.003098077488985404,19.19999999999998,0.0,155.51999999999973,0.0,1.2,0.0,1.2,0.0,0.0,0.0,150.54726088216853,1.083980496699
16.1,6.156795468342866,0.14010570067303774,7.6081459026081495,-0.0004114526854865486,-0.009852916443588265,-0.0017103078446849525,19.319999999999983,0.0,157.4579999999997,0.0,1.2,0.0,1.2,0.0,0.0,0.0,,
16.2,6.26377066619699,-0.09643959392769896,7.854533520976141,0.006959343385559068,0.008984246274455683,0.01613562947027125,19.439999999999984,0.0,159.4079999999997,0.0,1.2,0.0,1.2,0.0,0.0,0.0,,
16.3,6.271241349417656,-0.05866627881128027,7.782233972886514,-0.009273898198742282,-0.007404303851735643,-0.007487953328935825,19.559999999999985,0.0,161.3699999999997,0.0,1.2,0.0,1.2,0.0,0.0,0.0,,
16.400000000000002,6.171377029860409,0.3592852170851839,7.881237559891067,-0.02941550313073192,0.013832853347965177,0.01305403944005883,19.679999999999986,0.0,163.34399999999968,0.0,1.2,0.0,1.2,0.0,0.0,0.0,,
16.5,6.305249101738632,-0.0377612798697847,7.5794908169162305,0.00912746931286126,-0.00014653319540272844,-0.009061400044447082,19.799999999999986,0.0,165.32999999999967,0.0,1.2,0.0,1.2,0.0,0.0,0.0,,
16.6,6.287941757398356,0.2118333727836835,7.610263059305943,-0.01240748365234078,-0.0039019066726537076,-0.005945802680965232,19.919999999999987,0.0,167.32799999999966,0.0,1.2,0.0,1.2,0.0,0.0,0.0,,
16.7,6.336441585193363,-0.07005824822286844,7.765711043730303,0.00019698540052874054,-0.006074385042050231,0.005210704528167605,20.03999999999999,0.0,169.33799999999965,0.0,1.2,0.0,1.2,0.0,0.0,0.0,,
16.8,6.168560962871595,0.06064271551223954,7.537119045791836,0.0017447748542087544,-0.007980538775876126,0.011589860264480934,20.15999999999999,0.0,171.35999999999964,0.0,1.2,0.0,1.2,0.0,0.0,0.0,,
16.900000000000002,6.222803751062885,0.16126737651847686,7.8260055112940545,-0.016039446610743576,-0.015084030064776084,0.0032059571270020306,20.27999999999999,0.0,173.39399999999964,0.0,1.2,0.0,1.2,0.0,0.0,0.0,,
17.0,6.292059825189547,0.4251358885227089,7.670518253235437,0.006540389428131725,-0.0012436341109339274,0.002644726296362386,20.39999999999999,0.0,175.43999999999963,0.0,1.2,0.0,1.2,0.0,0.0,0.0,180.9327085671836,0.49565343013668156
17.1,6.290261527586499,0.23399702604687717,7.580879707310197,0.008480828676961073,0.002778513577506943,0.0011437853720225894,20.519999999999992,0.0,177.49799999999962,0.0,1.2,0.0,1.2,0.0,0.0,0.0,,
17.2,6.153922517854391,0.1358661315625248,7.573724234690165,0.003945384888355432,0.007259166843092084,-0.011674778074382339,20.639999999999993,0.0,179.5679999999996,0.0,1.2,0.0,1.2,0.0,0.0,0.0,,
17.3,6.498311001058458,0.12745656745835643,7.709404028558172,0.00945042883543565,0.0009014532385116618,-0.00021582979453652583,20.759999999999994,0.0,181.6499999999996,0.0,1.2,0.0,1.2,0.0,0.0,0.0,,
17.400000000000002,6.373542745141864,-0.09453481028453344,7.462820696993767,-0.006835626036579882,-0.012271473223647704,0.012194425684412022,20.879999999999995,0.0,183.7439999999996,0.0,1.2,0.0,1.2,0.0,0.0,0.0,,
17.5,6.149568479985196,-0.04110142479601038,7.343808665561094,-0.00426663079757342,0.0008180560134650035,0.010233083993181792,20.999999999999996,0.0,185.8499999999996,0.0,1.2,0.0,1.2,0.0,0.0,0.0,,
17.6,6.144974423217121,-0.12353895475209647,7.4442562146192355,0.0004780285535690981,3.538244077917799e-05,0.005354546975649443,21.119999999999997,0.0,187.9679999999996,0.0,1.2,0.0,1.2,0.0,0.0,0.0,,
17.7,6.085443804811014,-0.07476778511976478,7.778661033284991,-0.009333537681820537,0.011799149761706255,0.01998861906344464,21.24,0.0,190.0979999999996,0.0,1.2,0.0,1.2,0.0,0.0,0.0,,
17.8,6.392276928808336,0.13914340996716537,8.117361540937555,-0.00219578143982092,0.00964204474658792,0.010272234907690095,21.36,0.0,192.23999999999958,0.0,1.2,0.0,1.2,0.0,0.0,0.0,,
17.900000000000002,6.417810295664068,0.20326808500860438,7.8411909798406185,-0.00041200301272359353,-0.007909099164199471,0.007066264456842829,21.48,0.0,194.39399999999958,0.0,1.2,0.0,1.2,0.0,0.0,0.0,,
18.0,6.287238457596302,0.11036301449823545,7.5957778786973424,0.011506367429954213,-0.0026000736794978365,-0.0008720372451323484,21.6,0.0,196.55999999999958,0.0,1.2,0.0,1.2,0.0,0.0,0.0,196.65581107111873,-6.320414633175288
18.1,6.363041431993443,-0.34039318317445133,7.696237175825457,-0.013173332571648141,-0.0032789299743886495,-0.01497719868007621,21.720000000000002,0.0,198.73799999999957,0.0,1.2,0.0,1.2,0.0,0.0,0.0,,
18.2,6.306588718697327,-0.5018519273770263,7.80255345094399,0.010733010074569485,0.02339666599882481,0.005071992412464488,21.840000000000003,0.0,200.92799999999957,0.0,1.2,0.0,1.2,0.0,0.0,0.0,,
18.3,6.423281668349117,-0.19192241389960973,7.356959526077078,0.011213061951817142,0.0019134357145265768,-0.008377183605046766,21.960000000000004,0.0,203.12999999999957,0.0,1.2,0.0,1.2,0.0,0.0,0.0,,
18.400000000000002,6.408797263480533,-0.08479226053882541,7.3970490719276585,-0.009974188198631393,0.005564474058524499,-0.0005399707611061901,22.080000000000005,0.0,205.34399999999957,0.0,1.2,0.0,1.2,0.0,0.0,0.0,,
18.5,6.073932524335653,-0.08287557457905968,7.902390859553133,-0.0006689713754138388,0.0015342772912804621,-0.012498365140148808,22.200000000000006,0.0,207.56999999999957,0.0,1.2,0.0,1.2,0.0,0.0,0.0,,
18.6,6.272545235588442,-0.018243163222011367,7.652698981194695,-0.002711817848970264,-0.004570105302339365,0.014010288621408285,22.320000000000007,0.0,209.80799999999957,0.0,1.2,0.0,1.2,0.0,0.0,0.0,,
18.7,6.353710821781229,-0.12442807081175628,7.912828345366966,-0.0007131365465462376,-0.010184259006695706,0.007311680606586541,22.44000000000001,0.0,212.05799999999957,0.0,1.2,0.0,1.2,0.0,0.0,0.0,,
18.8,6.239516068007654,-0.06135795679762428,7.582405824522552,-0.01100483742357075,-0.0034483420936334557,0.007822257749868881,22.56000000000001,0.0,214.31999999999957,0.0,1.2,0.0,1.2,0.0,0.0,0.0,,
18.900000000000002,6.265799324931342,-0.12028526553955193,7.82656496434044,-0.012162674113684773,-0.004417839464056972,0.016734398604782354,22.68000000000001,0.0,216.59399999999957,0.0,1.2,0.0,1.2,0.0,0.0,0.0,,
19.0,6.069850831696449,0.3330967407375597,7.91100068677154,0.006269882573550679,-0.009313241977907005,-0.00041802526861039763,22.80000000000001,0.0,218.87999999999957,0.0,1.2,0.0,1.2,0.0,0.0,0.0,225.48777218139077,4.476737901490781
19.1,5.990272844111092,0.21359697719763093,7.9032135325303985,0.016303831446624787,-0.005510985501298681,0.01039111038859043,22.920000000000012,0.0,221.17799999999957,0.0,1.2,0.0,1.2,0.0,0.0,0.0,,
19.200000000000003,6.202369613614105,0.23064777174505618,7.619404096846447,-0.012082061741977792,-0.012046441109101507,-0.008978323792558576,23.040000000000013,0.0,223.48799999999957,0.0,1.2,0.0,1.2,0.0,0.0,0.0,,
19.3,6.460491307146799,-0.03752870645073869,7.619283178432471,0.0027263912303488905,0.013278297622967832,-0.0008198596449292472,23.160000000000014,0.0,225.80999999999958,0.0,1.2,0.0,1.2,0.0,0.0,0.0,,
19.400000000000002,6.3094860076378705,-0.13643396288677398,7.6827743213001,0.005961198623085562,0.012514480437177341,0.010934969316029466,23.280000000000015,0.0,228.14399999999958,0.0,1.2,0.0,1.2,0.0,0.0,0.0,,
19.5,6.233021808559669,-0.05756739812582756,7.59082386528537,-0.016605350614779676,-0.0014453177284939164,0.023449092225280986,23.400000000000016,0.0,230.48999999999958,0.0,1.2,0.0,1.2,0.0,0.0,0.0,,
19.6,6.18348743509502,-0.07210641357895602,7.4876147198186835,0.013416571629968673,-0.007103965041615335,0.010004726089897286,23.520000000000017,0.0,232.8479999999996,0.0,1.2,0.0,1.2,0.0,0.0,0.0,,
19.700000000000003,6.39012096690928,0.12425176779018028,7.724941642081181,0.009564413019024061,0.0043746021017744404,0.0075759870009848825,23.64000000000002,0.0,235.2179999999996,0.0,1.2,0.0,1.2,0.0,0.0,0.0,,
19.8,6.308736030162519,-0.013112274068566472,7.478277389501822,0.0017156622970234572,0.005783009065117659,-0.00035947934999693357,23.76000000000002,0.0,237.5999999999996,0.0,1.2,0.0,1.2,0.0,0.0,0.0,,
19.900000000000002,6.4009181170478415,0.14143826361867937,7.5356990859238415,0.0019033491619009255,-0.002293625334575859,-0.0010033997614935126,23.88000000000002,0.0,239.9939999999996,0.0,1.2,0.0,1.2,0.0,0.0,0.0,,
20.0,6.520432240833148,-0.15972161998309561,7.820912740555032,-0.0016043412856535577,-0.016756450620399346,0.009827304924720885,24.00000000000002,0.0,242.3999999999996,0.0,1.2,0.0,1.2,0.0,0.0,0.0,238.50845254064268,4.269005255232359
20.1,6.105169185203459,-0.003301446342675103,7.324947283024561,0.012244734075193693,0.0034191050302136666,0.004708904595434178,24.120000000000022,0.0,244.8179999999996,0.0,1.2,0.0,1.2,0.0,0.0,0.0,,
20.200000000000003,6.331797042840591,0.06553665501973707,7.4536770534707255,0.005025039038347369,0.015219433839116432,0.0141512921173118,24.240000000000023,0.0,247.24799999999962,0.0,1.2,0.0,1.2,0.0,0.0,0.0,,
20.3,6.199340825828368,-0.047759681583793026,7.834978082322422,-0.0011667629335536227,-0.0015189427473311266,-0.0003247679980625919,24.360000000000024,0.0,249.68999999999963,0.0,1.2,0.0,1.2,0.0,0.0,0.0,,
20.400000000000002,6.352077548699371,-0.012049075566043628,7.798593735510975,-0.015940230555988328,0.005096431158236332,-0.002443616162586546,24.480000000000025,0.0,252.14399999999964,0.0,1.2,0.0,1.2,0.0,0.0,0.0,,
20.5,6.160615080111761,0.1430557014734184,7.693745167375433,-0.01875898947119979,-0.007989561728506057,0.0010250238923238493,24.600000000000026,0.0,254.60999999999964,0.0,1.2,0.0,1.2,0.0,0.0,0.0,,
20.6,6.198769334926843,-0.26221511576023204,7.6838971347793645,0.0042133041511763685,0.006324055783730103,0.0062053249030037195,24.720000000000027,0.0,257.0879999999996,0.0,1.2,0.0,1.2,0.0,0.0,0.0,,
20.700000000000003,6.169465450337491,0.09996118505005555,7.677509550155453,-0.00885020190029558,-0.008258895124416129,0.0023021983253508423,24.84000000000003,0.0,259.5779999999996,0.0,1.2,0.0,1.2,0.0,0.0,0.0,,
20.8,5.948638770242231,0.03302571290510096,7.617377929968348,-0.008775888285210759,0.00827302688860631,0.0036880737640411845,24.96000000000003,0.0,262.07999999999953,0.0,1.2,0.0,1.2,0.0,0.0,0.0,,
20.900000000000002,6.507790757184466,-0.133464705692225,7.361255649176537,-0.005961582598412131,-0.003821652263544002,0.022039541168919263,25.08000000000003,0.0,264.5939999999995,0.0,1.2,0.0,1.2,0.0,0.0,0.0,,
21.0,6.035451616205506,0.21724792209818405,7.522202831650877,0.00034117516478103147,-0.004278819302273871,0.0145093903869206,25.20000000000003,0.0,267.11999999999944,0.0,1.2,0.0,1.2,0.0,0.0,0.0,261.57069802445085,0.675580747533596
21.1,6.8352543201658085,-0.1318939069888433,7.58871207497137,-0.02446975603050721,0.011007387854492907,-0.000997741006027347,25.320000000000032,0.0,269.6579999999994,0.0,1.2,0.0,1.2,0.0,0.0,0.0,,
21.200000000000003,6.161739718129159,-0.08895268064458191,7.786892530801417,0.0050871226817244255,0.013344133260912685,0.011007589056261119,25.440000000000033,0.0,272.20799999999934,0.0,1.2,0.0,1.2,0.0,0.0,0.0,,
21.3,6.223779305267706,0.20033553390752804,7.893413447073854,-0.0015443165663097784,0.009073421654405655,0.014848598350855304,25.560000000000034,0.0,274.7699999999993,0.0,1.2,0.0,1.2,0.0,0.0,0.0,,
21.400000000000002,6.332004951887568,0.07749388073256819,7.791865927946637,-0.016444577241993063,-4.7258324639080965e-05,-0.008020771558243395,25.680000000000035,0.0,277.34399999999926,0.0,1.2,0.0,1.2,0.0,0.0,0.0,,
21.5,6.312649324632741,0.3155151500863017,7.5757859046994644,0.014885174269179161,-0.0060576603789179,0.01560136418466054,25.800000000000036,0.0,279.9299999999992,0.0,1.2,0.0,1.2,0.0,0.0,0.0,,
21.6,6.360944706740368,-0.11762111484908289,7.712908340377007,0.012833787539919832,-0.01004106497676923,0.00027790395670592057,25.920000000000037,0.0,282.52799999999917,0.0,1.2,0.0,1.2,0.0,0.0,0.0,,
21.700000000000003,6.286762673905579,-0.06392017736579894,7.571893080465721,0.012429265584172004,0.007871460512778674,0.017735657944964563,26.04000000000004,0.0,285.1379999999991,0.0,1.2,0.0,1.2,0.0,0.0,0.0,,
21.8,6.367073279170701,0.05050807031126372,8.021539722940954,0.0037755687786831223,0.017245837532208583,0.015473156355617593,26.16000000000004,0.0,287.7599999999991,0.0,1.2,0.0,1.2,0.0,0.0,0.0,,
21.900000000000002,6.245926540950017,-0.15751853609562116,7.6955205548655545,0.001523862284229163,0.021602091734831123,-0.007751289535981797,26.28000000000004,0.0,290.39399999999904,0.0,1.2,0.0,1.2,0.0,0.0,0.0,,
22.0,6.410419678105079,-0.027194855373101234,7.686891844605178,-0.0012509547234946102,0.006695031723340424,0.00227602697561303,26.40000000000004,0.0,293.039999999999,0.0,1.2,0.0,1.2,0.0,0.0,0.0,291.8776941198324,7.21705780156191
22.1,6.166188660330996,-0.11304594642198504,7.824774799101401,-0.005016908901082767,-0.004348889280818178,0.00938559083974925,26.520000000000042,0.0,295.69799999999896,0.0,1.2,0.0,1.2,0.0,0.0,0.0,,
22.200000000000003,6.169052228928226,-0.12259764263596062,7.468463700372053,0.005279133966026628,0.0031239357185124713,-0.007069110974028424,26.640000000000043,0.0,298.3679999999989,0.0,1.2,0.0,1.2,0.0,0.0,0.0,,
22.3,6.224401313013126,0.38361704483580594,7.6512730895145635,0.0030716615428787054,-0.0024582682848225423,0.0035511964558463133,26.760000000000044,0.0,301.0499999999989,0.0,1.2,0.0,1.2,0.0,0.0,0.0,,
22.400000000000002,6.302326182474739,-0.05411777567151674,7.601194978187672,0.0013528831754701018,0.0006751955690388751,0.020758919981983457,26.880000000000045,0.0,303.74399999999883,0.0,1.2,0.0,1.2,0.0,0.0,0.0,,
22.5,6.330314200486414,-0.06820489898807806,7.80847321626084,0.00927121297936957,0.01069152594589428,0.011031223790672557,27.000000000000046,0.0,306.4499999999988,0.0,1.2,0.0,1.2,0.0,0.0,0.0,,
22.6,6.364209265853763,-0.10155310094325726,7.545230581383483,0.008812890471738858,-0.0008634425034016803,0.007690013499582343,27.120000000000047,0.0,309.16799999999876,0.0,1.2,0.0,1.2,0.0,0.0,0.0,,
22.700000000000003,6.322399476260513,0.15545967685778142,7.607261735454085,-0.002585318503279151,-0.0028482345144653838,-0.00737683418542457,27.240000000000048,0.0,311.8979999999987,0.0,1.2,0.0,1.2,0.0,0.0,0.0,,
22.8,6.192838901338661,-0.0811079111018266,7.576938961341152,-0.012414460759346633,-0.00332228695523375,0.005760383519791299,27.36000000000005,0.0,314.6399999999987,0.0,1.2,0.0,1.2,0.0,0.0,0.0,,
22.900000000000002,6.292775682147518,0.13225590498049322,7.398628263571616,0.00867620844744619,0.00501281076004664,0.00850012231914614,27.48000000000005,0.0,317.39399999999864,0.0,1.2,0.0,1.2,0.0,0.0,0.0,,
23.0,6.194313308858842,0.04820009424121249,7.6332719391860175,-0.009770425314030778,0.01620363255911232,-0.007633073946770033,27.60000000000005,0.0,320.1599999999986,0.0,1.2,0.0,1.2,0.0,0.0,0.0,329.74451399226257,1.1593277424934019
23.1,6.378509736134491,0.17991298529782954,7.642573444977897,0.0015660504820653354,0.005120262082959537,0.009810495264424166,27.720000000000052,0.0,322.93799999999857,0.0,1.2,0.0,1.2,0.0,0.0,0.0,,
23.200000000000003,6.274939434410016,0.09337566729350512,7.405092302361957,-0.005957868658725982,0.003273938352247089,-0.008832126086467997,27.840000000000053,0.0,325.72799999999853,0.0,1.2,0.0,1.2,0.0,0.0,0.0,,
23.3,6.248241417246503,0.10200355226417598,7.677224849169919,-0.009954953647832518,0.004478659786572468,-1.2266252429780564e-06,27.960000000000054,0.0,328.5299999999985,0.0,1.2,0.0,1.2,0.0,0.0,0.0,,
23.400000000000002,6.273348345726699,-0.02599398401170288,7.738366618851948,0.00275737860793671,-0.006032173155479297,0.010447996814884423,28.080000000000055,0.0,331.34399999999846,0.0,1.2,0.0,1.2,0.0,0.0,0.0,,
23.5,6.275035976777511,-0.009056203889756365,7.703634334218168,-0.0024677088452927302,-0.0038990018911673158,0.01408699277215224,28.200000000000056,0.0,334.1699999999984,0.0,1.2,0.0,1.2,0.0,0.0,0.0,,
23.6,6.172008130970729,0.18088151009132242,7.7609846563175084,0.006924022938375017,-0.002767872835309522,0.008771707653486895,28.320000000000057,0.0,337.0079999999984,0.0,1.2,0.0,1.2,0.0,0.0,0.0,,
23.700000000000003,6.279054622470311,-0.09113820645048942,7.610526393618946,0.004520337527843109,-0.012277065789152474,-0.004516232130120493,28.440000000000058,0.0,339.85799999999836,0.0,1.2,0.0,1.2,0.0,0.0,0.0,,
23.8,6.317321190555184,-0.10281090655855438,7.53645036520945,-0.018478952872355885,-0.00899673094028678,0.0013570339966036014,28.56000000000006,0.0,342.7199999999983,0.0,1.2,0.0,1.2,0.0,0.0,0.0,,
23.900000000000002,6.241706088942045,0.035898630355220715,7.72938112675389,0.0038709640083097,0.0025143353367681567,0.009868164852223069,28.68000000000006,0.0,345.5939999999983,0.0,1.2,0.0,1.2,0.0,0.0,0.0,,
24.0,6.526269681400912,-0.06938827722227302,7.906097686653728,0.0027799459210829584,0.0021811388351249037,-0.005678899540622423,28.80000000000006,0.0,348.47999999999826,0.0,1.2,0.0,1.2,0.0,0.0,0.0,348.9959908993463,-5.801796935533942
24.1,6.200598243516583,-0.05462981825855484,7.75326031582676,-0.00033211291056084924,-0.013666456860199882,0.001240781741211238,28.920000000000062,0.0,351.3779999999982,0.0,1.2,0.0,1.2,0.0,0.0,0.0,,
24.200000000000003,6.17399115878112,-0.0568941031579657,7.721928950401281,0.012945487361536195,-0.015902702279868237,0.0015780162500798533,29.040000000000063,0.0,354.2879999999982,0.0,1.2,0.0,1.2,0.0,0.0,0.0,,
24.3,6.125217345316508,0.10566426680716763,7.712719210529294,-0.0005377817663407995,0.010846915601721789,0.0026906525258808827,29.160000000000064,0.0,357.20999999999816,0.0,1.2,0.0,1.2,0.0,0.0,0.0,,
24.400000000000002,6.272341919384276,-0.2918479129189495,7.915831550327522,-0.000961797935494194,0.0024528419989296086,0.01684173852918635,29.280000000000065,0.0,360.14399999999813,0.0,1.2,0.0,1.2,0.0,0.0,0.0,,
24.5,6.209992191920123,0.23145041858985274,7.548716638021982,-0.0036843372288291234,0.007145294928476178,0.01726456177739567,29.400000000000066,0.0,363.0899999999981,0.0,1.2,0.0,1.2,0.0,0.0,0.0,,
24.6,6.11574698677422,0.40301542180190253,7.4357026354403954,-0.0005314958512864956,-4.3177060206819006e-05,0.005622730197947737,29.520000000000067,0.0,366.04799999999807,0.0,1.2,0.0,1.2,0.0,0.0,0.0,,
24.700000000000003,6.46456504575606,-0.006696652953001897,7.618018377541428,0.0035976267509907705,-0.0004826203010393468,-0.0035215119904976853,29.640000000000068,0.0,369.01799999999804,0.0,1.2,0.0,1.2,0.0,0.0,0.0,,
24.8,6.231504008627483,0.10861932973039486,7.5530621255455115,0.005057701709707576,0.01042332341822286,-0.00929201507368151,29.76000000000007,0.0,371.999999999998,0.0,1.2,0.0,1.2,0.0,0.0,0.0,,
24.900000000000002,6.516397363809885,-0.23218566869159138,7.575073915825057,0.0026120461344931968,-0.005312636255407336,0.012575706884425646,29.88000000000007,0.0,374.993999999998,0.0,1.2,0.0,1.2,0.0,0.0,0.0,,
25.0,5.346001240642877,0.21301409462898735,8.437023309138652,0.009045974334993928,0.0029448327002851793,0.012891756832140056,30.00000000000007,0.0,377.993999999998,0.0,0.0,0.0,0.0,0.0,0.0,0.0,372.9262870111715,-7.353218850809624
25.1,5.144985572979715,-0.03152551965680321,8.253219758985209,-0.0100186935726947,0.016120557547698037,-0.003248851563084549,30.00000000000007,0.0,380.993999999998,8.999662503797004e-05,0.0,0.017999325007594005,0.0,0.017999325007594005,0.0,0.0005999775002531321,,
25.200000000000003,5.166809108171249,-0.06311324078495348,8.586070194497703,-0.0003603045704345595,-0.003791216983148769,-0.002941986423460146,30.00000000000007,5.9997750025313214e-05,383.9939999838004,0.0004499628758969722,0.0,0.035994600242995396,-2.159595026344656e-06,0.035994600178209976,0.0,0.0011998200080998436,,
25.3,5.497823381174188,-0.09696832119293186,8.35069889572855,0.012569843778016137,-0.012945964568121499,-0.0025193567345939347,30.00000000000007,0.0001799797508352976,386.99399988663316,0.0012598110053422726,0.0,0.053981776845192536,-9.715626693791809e-06,0.0539817759708845,0.0,0.0017993925615064135,,
25.400000000000002,5.300003627058172,0.03502774923779793,8.132250862849562,-0.011213726106781344,0.004475790156374693,0.008523108473240726,30.00000000000007,0.00035991900698593895,389.9939995628275,0.0026993520185609877,0.0,0.07195680777533407,-2.5898622241217765e-05,0.07195680311463082,0.0,0.0023985602591777965,,
25.5,5.546895957668199,0.2695914645403567,8.410296189652382,0.010489811279306486,0.029557827727596454,0.006092930972858169,30.00000000000007,0.0005997750329037186,392.9939987535866,0.004948255172166633,0.0,0.08991564872729102,-5.392915794064657e-05,0.0899156325546093,0.0,0.0029971882909096935,,
25.6,5.270763154109821,0.017445240493318484,8.428576309364322,0.006360229125925456,-0.005967811689191372,0.008212130738075722,30.00000000000007,0.000899493861994688,395.99399705488173,0.00818600747129412,0.0,0.10785425903761375,-9.701423091212291e-05,0.1078542154057582,0.0,0.00359514196792045,,
25.700000000000003,5.055424926790172,-0.03848982029774159,8.28577316477722,0.014998101664655273,-0.0046959225865233515,0.019303193455750135,30.00000000000007,0.0012590080587867331,398.9939938855119,0.012591873164410187,0.0,0.1257686025946598,-0.00015834364237722964,0.12576850291668573,0.0,0.004192286753155317,,
25.8,5.190625992082267,0.14806701196729657,8.226011623379655,0.0025896047799554545,-0.0031103940381187675,0.010430904871266907,30.00000000000007,0.0016782367341022647,401.9939884553631,0.018344853235591624,0.0,0.1436546487467037,-0.00024108639538212917,0.1436544464466338,0.0,0.004788488291556778,,
25.900000000000002,4.9962411667327915,-0.03199073249594611,8.21515199085378,-0.011465428692712451,0.004656255288908073,0.013320467057323187,30.00000000000007,0.0021570855632579424,404.9939797339031,0.025623644894178874,0.0,0.16150837320881872,-0.0003483871100186157,0.1615079974582703,0.0,0.005383612440293945,,
26.0,5.164501205288678,0.21889847218004657,8.236567044742447,-0.0020647603328557934,-0.014994220338495024,0.0027817896439231733,30.00000000000007,0.002695446807287337,407.99396641894714,0.034606601061894844,0.0,0.17932575896831948,-0.00048336245916873926,0.1793251075290264,0.0,0.0059775252989439686,409.9308868364468,-8.435027071749873
26.1,5.189106912155021,0.1082978303591451,8.307192028122515,4.448857774586815e-06,0.012359994408040947,-0.006737265290542738,30.00000000000007,0.003293199337181734,410.9939469057309,0.045471689857728176,0.0,0.19710279718857787,-0.0006490976277951316,0.1971017283836731,0.0,0.006570093239619247,,
26.200000000000003,5.421584920597644,0.48215066513329363,8.18215195869247,-0.005697925159528047,-0.008497408853545023,0.005034725452431685,30.00000000000007,0.003950208661143659,413.99391925632466,0.05839645408111573,0.0,0.21483548811098999,-0.0008486427987950024,0.2148338119507434,0.0,0.007161182937032983,,
26.3,5.460029826536504,0.21839657128112736,8.359671111868396,0.016880070532876486,-0.0021002952891229806,0.01822827321408163,30.00000000000007,0.004666326954846958,416.9938811694247,0.07355797069422049,0.0,0.232519841954907,-0.0010850096684310354,0.2325173104453824,0.0,0.007750661398496881,,
26.400000000000002,5.254790523053756,0.4616076756872752,8.1766361152152,0.011917199268693331,-0.004421696193540194,0.009993499509450351,30.00000000000007,0.005441393094696646,419.9938299505561,0.09113281030438745,0.0,0.25015187981532044,-0.0013611679943467923,0.25014817648112025,0.0,0.008338395993843995,,
26.5,5.34178792876005,0.27329253700378103,7.9521831062616375,0.002138835119191731,0.005956886216419819,0.026234241165038755,30.00000000000007,0.006275232694081045,422.993762482721,0.11129699664817119,0.0,0.2677276345580951,-0.001680042179167756,0.26772236321299187,0.0,0.008924254485269817,,
26.6,5.072059518689818,0.24706081863938492,8.063662350830146,0.0010176343241893046,-0.013060024343992517,0.012720191174170085,30.00000000000007,0.0071676581426080264,425.9936751975266,0.13422596607866313,0.0,0.2852431517125625,-0.0020445078926818175,0.28523582451437035,0.0,0.009508105057085393,,
26.700000000000003,5.149401852147511,0.5081607852702725,8.325827297271987,0.02406478597836547,-0.014442707980213229,0.01982661361135736,30.00000000000007,0.008118468648316566,428.9935640468262,0.16009452705820396,0.0,0.30269449036125484,-0.0024573887355843634,0.30268451518976325,0.0,0.010089816345375138,,
26.8,5.1704512609980675,0.7433456218186751,8.283643985276589,0.012569490321080252,0.006913150495841399,0.014027617140511109,30.00000000000007,0.00912745028285408,431.993424474906,0.1890768196589461,0.0,0.3200777240265982,-0.0029214529477636433,0.32006439122576746,0.0,0.010669257467553248,,
26.900000000000002,5.312185528700787,0.2565450117256022,8.386034649110202,-0.007319429716186049,0.0018254381229652118,0.002531143792913512,30.00000000000007,0.010194376029609403,434.99325139125136,0.22134627507413124,0.0,0.33738894155435395,-0.003439410164090981,0.337371410082257,0.0,0.011246298051811772,,
27.0,5.111928081577458,0.4674908804201534,8.225398474273415,0.011704327437501702,-0.0027388973639451354,-0.00032109206582717903,30.00000000000007,0.01131900583479058,437.99303914392243,0.2570755751433682,0.0,0.3546242479936083,-0.004013908220668035,0.35460153102578146,0.0,0.011820808266453582,440.5284621374099,-10.439397863507443
27.1,5.199189440968412,0.41151704098745945,8.48400310125178,0.007737314360653559,0.0024412369419545567,-0.001545859880341241,30.00000000000007,0.012501086661435939,440.9927814935736,0.29643661189563575,0.0,0.3717797654731246,-0.004647530014469534,0.3717507155070668,0.0,0.012392658849104123,,
27.200000000000003,5.044896716596232,0.4047783389318687,8.273860497960081,0.020345320922169733,-0.022788447396490597,0.015599017715801487,30.00000000000007,0.013740352546346351,443.9924715881449,0.3396004471141917,0.0,0.3888516340738434,-0.005342790419304047,0.3888149275843632,0.0,0.012961721135794748,,
27.3,5.390735976322657,0.25334096671281126,8.330130359875918,-0.01589344045199369,-0.010852752383556043,0.0101638367892069,30.00000000000007,0.015036524659925825,446.99210193825775,0.3867372719280441,0.0,0.4058360126973506,-0.006102133260998273,0.4057901343943062,0.0,0.013527867089911653,,
27.400000000000002,5.309196922824886,0.4448954795434652,8.347309241544783,0.02136570778720648,0.005439280981321934,0.0048401539401031375,30.00000000000007,0.01638931136891699,449.991664393344,0.43801636643512815,0.0,0.42272907993010933,-0.006927928354690723,0.4226723066718105,0.0,0.014090969331003612,,
27.5,5.19694469392678,0.8205429171995415,8.29221988534767,0.012311394842642737,-0.004117553647498202,0.03546084512499609,30.00000000000007,0.01779840830201735,452.9911501185377,0.49360605936283725,0.0,0.4395270349032581,-0.007822468607099292,0.4394574193203943,0.0,0.014650901163441903,,
27.6,5.296050799630076,0.5181643714043641,8.321501254729853,0.009017185338773907,0.0012501531053461146,0.03165507150828061,30.00000000000007,0.01926349841836154,455.9905495723574,0.5536736877720717,0.0,0.45622609814779497,-0.008787967186603799,0.4561414520342222,0.0,0.015207536604926464,,
27.700000000000003,5.325609357409675,0.6491488908033232,8.205742375329395,0.008709561198813841,0.005175833233070061,0.019207373168585718,30.00000000000007,0.020784252078854187,458.9898524852079,0.6183855568114981,0.0,0.4728225124449381,-0.009826554763958134,0.47272038997298876,0.0,0.015760750414831232,,
27.8,5.543948721318906,0.21782070539204235,8.352289630906364,0.030656847603018917,0.004283735832025222,0.025385553150162908,30.00000000000007,0.02236032712033731,461.98904783872786,0.6879068995292481,0.0,0.4893125436714855,-0.010940276826418514,0.48919022449065835,0.0,0.016310418122382812,,
27.900000000000002,5.249314397704692,0.4361107688054459,8.089167431996868,0.008917112144970091,0.009874097355688647,0.01871061048514006,30.00000000000007,0.02399136893257559,464.9881238460092,0.7624018367498355,0.0,0.5056924816399793,-0.012131091068043099,0.505546953918921,0.0,0.016856416054665934,,
28.0,5.187898165439164,0.5402312255589345,8.14161645975147,0.0003574808903281934,-0.004512496485177395,0.02186236243662639,30.00000000000007,0.02567701053804218,467.98706793271447,0.8420333370246219,0.0,0.5219586409334774,-0.013400864858883896,0.5217865844060738,0.0,0.017398621364449206,474.69959330923024,-1.5687437252906418
28.1,5.152605972671779,0.29783820518648596,8.279068590473047,0.011592727390529611,0.0020110960763944884,0.03519274358375357,30.00000000000007,0.0274168726744871,470.98586671911664,0.9269631766647234,0.0,0.5381073617347628,-0.014751372795755805,0.5379051308119188,0.0,0.017936912057825386,,
28.200000000000003,5.247207011335813,0.6288434211980114,8.180735690155345,0.013736729820921584,0.017563766191026238,0.01143921813872581,30.00000000000007,0.029210563880269637,473.984506003085,1.0173518998658153,0.0,0.5541350106497812,-0.016184294337226676,0.5538986176590796,0.0,0.01847116702165933,,
28.3,5.338711733112366,0.4635691749876786,8.41804648480981,0.01952392033515203,-0.00786729051992728,0.016343248861293687,30.00000000000007,0.03105768058243557,476.9829707440406,1.1133587789348598,0.0,0.5700379815251424,-0.01770121152543023,0.5697630801410272,0.0,0.019001266050838034,,
28.400000000000002,5.304357842849048,0.7386244700977399,8.324458322856604,0.010303660758244976,-0.012204783076174881,0.013053899013091787,30.00000000000007,0.032957807187519374,479.98124504790275,1.2151417746293491,0.0,0.5858126962594908,-0.019303606797256515,0.5854945651869293,0.0,0.019527089875316313,,
28.5,5.421651489249111,0.6397708085446615,8.26117877544226,0.02136807354138447,-0.0002309605968564755,0.01624691459148031,30.00000000000007,0.034910516175051004,482.9793121530485,1.3228574966202291,0.0,0.6014556056085588,-0.020992860887424872,0.6010891325832796,0.0,0.020048520186951913,,
28.6,5.153294822817055,0.7105526899478947,8.161665291488926,-0.0006829224943596061,-0.011494456251238133,0.030323988929906665,30.00000000000007,0.0369153681937462,485.9771544173046,1.436661164090232,0.0,0.6169631899837373,-0.022770250825891562,0.6165428561521374,0.0,0.02056543966612453,,
28.700000000000003,5.220290475308643,0.6483208993145678,8.380351049188741,-0.004048104213185775,-0.0024944306920061665,0.018824580815111413,30.00000000000007,0.03897191216035865,488.9747533059916,1.5567065664799142,0.0,0.6323319602439635,-0.024636948031986197,0.6318518249856074,0.0,0.02107773200813207,,
28.8,5.205260736378963,0.8677109892754427,8.243936339596404,0.02092661862975148,0.010621791070719564,0.03283203124302032,30.00000000000007,0.041079685361171854,491.97208938103915,1.6831460243942529,0.0,0.6475584584807648,-0.02659401650761144,0.6470121447360763,0.0,0.021585281949358773,,
28.900000000000002,5.291102695989488,0.5874894436148345,8.260114779906303,0.0059718261065146265,0.010321366089743138,0.023671176465150955,30.00000000000007,0.043238213556107734,494.9691422911879,1.8161303506832076,0.0,0.6626392587962749,-0.028642411131775188,0.6620199389615354,0.0,0.022087975293209113,,
29.0,5.514110526122226,0.5553239071432483,8.431082414050092,0.007685126336130422,-0.005477511249346366,0.041524802058110946,30.00000000000007,0.045447011085428646,497.96589076329656,1.9558088117102013,0.0,0.6775709680740442,-0.030782976058655924,0.6768713505251714,0.0,0.022585698935801417,501.19193996828824,0.36487050835451385
29.1,5.182582055751249,0.8966481068831154,8.354530422009343,0.0016401912544730564,0.004332928291308413,0.02809197568785662,30.00000000000007,0.04770558097900879,500.9623125947675,2.1023290888230064,0.0,0.692350226742478,-0.0330164432213302,0.6915625430482578,0.0,0.02307834089141588,,
29.200000000000003,5.367386135484066,0.7773403040175486,8.087082952499978,0.025970848263337412,-0.012509452340003686,0.01878809165474945,30.00000000000007,0.05001341506815038,503.95838464710624,2.25583724004205,0.0,0.7069737095307255,-0.03534343094321367,0.706089702415208,0.0,0.023565790317690793,,
29.3,5.385598422998461,0.6702793766089733,8.086717937450214,-0.005706399056845144,-0.004793908718903439,0.030890599645563035,30.00000000000007,0.05236999409991946,506.95408284062694,2.4164776619816632,0.0,0.721438126216851,-0.03776444265918762,0.7204490383295142,0.0,0.024047937540561642,,
29.400000000000002,5.221423745852792,0.6590021482900386,8.396830467876658,0.007361348499362931,0.013441356857193353,0.02119196152437218,30.00000000000007,0.054774787853975625,509.9493821503171,2.584393052020294,0.0,0.7357402223681225,-0.040279865748297394,0.7346367859191326,0.0,0.02452467407893736,,
29.5,5.365115420304169,0.7967864226483529,8.464141118567593,0.007824641073088202,-0.01033021963118943,0.040009245906909865,30.00000000000007,0.057227255261869364,512.9442566028705,2.759724370736189,0.0,0.7498767800732414,-0.042889970479820565,0.7486492073897177,0.0,0.02499589266910799,,
29.6,5.396301647284277,0.7174690209773092,8.360339758625393,0.012236723630540958,-0.006008816009303255,0.01931457644665718,30.00000000000007,0.05972684452878016,515.9386792749,2.9426108046255184,0.0,0.7638446186663636,-0.045594909074410404,0.762482593723987,0.0,0.025461487288878724,,
29.700000000000003,5.2845687925389315,0.8378204565655832,8.15554956805254,0.021841227451170703,-0.002356944803020174,0.023377383581838312,30.00000000000007,0.06227299325766803,518.9326222923372,3.133189729120348,0.0,0.7776405954427309,-0.048394714881921555,0.7761332664253109,0.0,0.0259213531814243,,
29.8,5.3027712540172045,0.7031832052588854,8.053180333845019,0.020770994570418692,-0.00030696355685062057,0.019602481982203955,30.00000000000007,0.06486512857581046,521.9260568310269,3.331596671924314,0.0,0.7912616063657698,-0.051289301677425445,0.7895975793035213,0.0,0.02637538687885893,,
29.900000000000002,5.205395085433403,0.7923714662834443,8.227900525453013,0.006167310621842002,-0.016077264405135162,0.018346399838721588,30.00000000000007,0.06750266726369636,524.9189531185227,3.537965276684239,0.0,0.8047045867654866,-0.05427846307681623,0.8028719203007608,0.0,0.02682348622551616,,
30.0,5.491752123672695,1.0695309072525823,8.449845601377245,0.022859145813349392,0.009164932164350199,0.027644262655581658,30.00000000000007,0.07018501588624798,527.9112804370883,3.752427267016315,0.0,0.817966512028003,-0.05736187207329896,0.8159527133550716,0.0,0.027265550400933366,523.6442076354507,1.5583724686089475
30.1,5.352322822529266,0.9056303411390297,8.127125998300599,0.012498027046740611,0.019661337056992374,0.035376383647418644,30.00000000000007,0.07291157092634132,530.9030071279077,3.97511241090585,0.0,0.8310443982760837,-0.06053908069593903,0.8288364202992944,0.0,0.027701479942536057,,
30.200000000000003,5.583106353368812,0.8593738991344159,8.406224940973916,0.034110784308272364,0.007250583617877201,0.04908686017238651,30.00000000000007,0.07568171892059493,533.8941005965085,4.206148485499891,0.0,0.8439353030404946,-0.0638095197913336,0.8415195427927095,0.0,0.02813117676801642,,
30.3,5.491354210617663,0.8726890747962311,8.225942445179681,0.012776296153936991,0.007642113220519514,0.04444620451231458,30.00000000000007,0.07849483659739658,536.8845273193974,4.4456612423123385,0.0,0.8566363259220463,-0.0671724989293451,0.8539986242827382,0.0,0.028554544197401475,,
30.400000000000002,5.337004777159348,0.6163006508848625,8.16637217027082,0.014300999788732236,-0.005532196889213248,0.016144533292887703,30.00000000000007,0.08135029101713673,539.8742528519101,4.693774372861481,0.0,0.8691446092441732,-0.07062720643371234,0.8662702519939008,0.0,0.028971486974805706,,
30.5,5.231288617879108,1.0988471205865753,8.406268554964418,0.019387903421665457,-0.005129449729201975,0.0363364664444566,30.00000000000007,0.0842474397146173,542.8632418372711,4.950609474760067,0.0,0.8814573386958964,-0.07417270953822523,0.8783310589411092,0.0,0.029381911289863144,,
30.6,5.2060369641060005,0.9903862957446361,8.1503429418074,0.022218111026828493,-0.01255926091733063,0.032701783579373665,30.00000000000007,0.08718563084360362,545.8514580168647,5.2162860182783115,0.0,0.8935717439650335,-0.07780795466901859,0.8901777259642791,0.0,0.029785724798834377,,
30.700000000000003,5.396621464320051,0.7084199083105946,8.274897750498951,0.02646462968885165,0.003932423347981414,0.036390542306487396,30.00000000000007,0.09016420332348705,548.8388642417117,5.49092131340038,0.0,0.905485099361506,-0.08153176785340388,0.9018069837811277,0.0,0.030182836645383463,,
30.8,5.420229560263944,0.9812151189826963,8.294275225415925,0.0018860997733949041,-0.0052240569903552105,0.022713290216699804,30.00000000000007,0.0931824869880254,551.825422485145,5.774630477395062,0.0,0.9171947244306085,-0.08534285525552011,0.9132156150549415,0.0,0.03057315748102021,,
30.900000000000002,5.526190106916764,0.8380758107861567,8.156191835825473,0.014415827380269364,-0.013211347415338779,0.032812926429866926,30.00000000000007,0.09623980273612742,554.8110938566809,6.0675264029214855,0.0,0.9286979845561004,-0.0892398038389437,0.9244004564740056,0.0,0.030956599485203275,,
31.0,5.0696336293631,0.803242171379859,8.131929180513174,0.019409231679479333,0.003475793210886634,0.031286214868165865,30.00000000000007,0.09933546268464775,557.7958386170762,6.369719726690766,0.0,0.9399922915529823,-0.09322108215625206,0.9353584008392954,0.0,0.031333076385099336,550.8803957974336,9.448053606077535
31.1,5.462828959331626,0.7654766901790916,8.274134988599554,0.026331469996138782,0.01409233166502122,0.033168251872969526,30.00000000000007,0.10246877032315768,560.7796161945637,6.681318798704603,0.0,0.9510751042498278,-0.09728504126539014,0.9460863991569756,0.0,0.03170250347499418,,
31.200000000000003,5.060079737671884,1.0501002862555018,8.103144213974735,0.018390294776779535,0.007181856425316739,0.019127801411096476,30.00000000000007,0.1056390206706571,563.7623852022543,7.00242965209179,0.0,0.9619439290605352,-0.10142991577253858,0.9565814627321583,0.0,0.0320647976353511,,
31.3,5.358783957096437,0.950257163476825,8.069492618286299,0.02326885165887671,-0.005242867358344213,0.049085407585286234,30.00000000000007,0.10884550043419221,566.7441034566968,7.333155973563638,0.0,0.9725963205453739,-0.10565382500103217,0.966840665260337,0.0,0.03241987735151239,,
31.400000000000002,5.065257394185081,0.8482717498902805,8.55462466374109,0.029374864181219994,0.013421657054851386,0.019726686581213085,30.00000000000007,0.11208748816934344,569.7247279975796,7.673599074509232,0.0,0.9830298819612004,-0.10995477428572327,0.9768611449128414,0.0,0.03276766273203994,,
31.5,5.310471334095991,1.0248189205716611,8.340754835419917,-0.0016969764158657925,-0.013056069741080749,0.04996597861339645,30.00000000000007,0.11536425444254743,572.7042151085626,8.023857862751342,0.0,0.9932422658007114,-0.11433065639202966,0.9866401064126161,0.0,0.0331080755266903,,
31.6,5.404702646190109,1.0188605558605541,8.371546962738686,0.01476973591250082,-0.0029904148834314936,0.017554924435648267,30.00000000000007,0.11867506199521646,575.6825203392244,8.38402881498373,0.0,1.0032311743206273,-0.11877925305875206,0.9961748230966038,0.0,0.03344103914402083,,
31.700000000000003,5.232456561119874,1.2121435223667116,8.146807927701023,0.020858445631295106,0.007054572686332631,0.0392244071123386,30.00000000000007,0.12201916590961855,578.6595985281064,8.75420594991035,0.0,1.0129943600586704,-0.12329823666358587,1.0054626389609538,0.0,0.033766478668622264,,
31.8,5.271188720338124,1.1744445585946526,8.125952253906831,0.0019287159186675458,0.001862475768804245,0.01807869295070113,30.00000000000007,0.12539581377648076,581.6354038268378,9.134480802106829,0.0,1.022529626339238,-0.12788517201009802,1.0145009706852968,0.0,0.03408432087797452,,
31.900000000000002,5.372595082933015,1.01830699418034,8.311542781530374,-0.012314403134388047,-0.013973628611476767,0.02721881310545332,30.00000000000007,0.12880424586427822,584.6098897253225,9.524942396624276,0.0,1.0318348277676441,-0.13253751823477714,1.0232873096322703,0.0,0.03439449425892139,,
32.0,5.047070190030561,1.0457800179624013,8.19811089873043,0.02899046515039859,-0.006328485738879745,0.03348283509892208,30.00000000000007,0.13224369529017035,587.5830090779677,9.925677224355285,0.0,1.040907870712823,-0.1372526308326087,1.031819223818509,0.0,0.03469692902376068,594.9762059406506,7.935595393596981
32.1,5.292770448684961,0.8462753172022801,8.471148373098185,0.014799858147976104,0.01220003422020757,0.04014921757203072,30.00000000000007,0.1357133881925464,590.5547141309324,10.336769218181605,0.0,1.0497467137783885,-0.14202776379946855,1.0400943598533012,0.0,0.0349915571259462,,
32.2,5.017050054093723,1.2275715807480454,8.165961737760604,0.02688923339384612,-0.01054643048321397,0.03162471589546986,30.00000000000007,0.13921254390514104,593.524956550375,10.758299729922623,0.0,1.0583493682619396,-0.14686007188946862,1.0481104448411278,0.0,0.035278312275397905,,
32.300000000000004,5.041828145178627,1.0106248341383002,8.167173757413877,0.029007077348944435,0.0009900089879590415,0.034999556854853224,30.00000000000007,0.14274037513268084,596.4936874516749,11.190347508103438,0.0,1.06671389860251,-0.15174661298523204,1.0558652882443271,0.0,0.035557129953416915,,
32.4,5.532430843280032,1.1904952926441987,8.345323158587554,0.02462538391720772,-0.00039600445209825953,0.057757856339337554,30.00000000000007,0.14629608812802253,599.4608574296046,11.632988676560814,0.0,1.0748384228160597,-0.15668435057891855,1.0633567837021483,0.0,0.035827947427201905,,
32.5,5.332314406294062,0.8307307298213947,8.401780844189648,0.02687115362008983,-0.0062921816186690726,0.03885303501478594,30.00000000000007,0.14987888287074272,602.4264165894267,12.086296713904904,0.0,1.082721112918917,-0.1616701563616674,1.0705829108025087,0.0,0.03609070376396381,,
32.6,5.15256061244886,1.0977129118194549,8.0977811635105,0.006316515255363895,-0.004636455899307198,0.037240357902856534,30.00000000000007,0.1534879532471391,605.3903145788877,12.550342433854077,0.0,1.0903601953390625,-0.16670081291896813,1.0775417368027995,0.0,0.03634533984463533,,
32.7,5.096871715336192,1.0021586823456738,8.130722451783974,0.0051944127084688155,0.0020256834112651607,0.03719852242340914,30.00000000000007,0.15712248723160263,608.3525006210829,13.025193966459662,0.0,1.0977539513151797,-0.1717730165293251,1.0842314182961617,0.0,0.03659179837717257,,
32.800000000000004,5.374766752519165,1.039155523707131,8.194288590860458,0.02493525477364056,-0.0028182619379947212,0.043815572836144005,30.00000000000007,0.1607816670693199,611.3129235481616,13.510916740236851,0.0,1.1049007172833658,-0.1768833800634263,1.0906502028196914,0.0,0.03683002390944544,,
32.9,5.038940518390675,1.107379353807674,8.032082398418009,0.012488454995671226,0.006488503636628395,0.03743428219244696,30.00000000000007,0.16446466946026445,614.2715318358453,14.0075734652174,0.0,1.1117988852514273,-0.18202843598088617,1.0967964304011337,0.0,0.03705996284171416,,
33.0,5.125970343503069,1.0950043935560838,8.192678389585405,0.01165493739735766,-0.0042368979813184075,0.024692973100139223,30.00000000000007,0.16817066574443587,617.2282736387244,14.515224116939082,0.0,1.1184469031606743,-0.18720463942148882,1.1026685350406862,0.0,0.037281563438689054,617.6512357257499,13.875349297773298
33.1,5.439342283412999,1.053378231992762,8.195296380838126,0.022939804473088347,-0.004925566697095727,0.013030904447065637,30.00000000000007,0.1718988220883048,620.1830968263066,15.033925921386238,0.0,1.1248432752351225,-0.19240837138771602,1.108265046124619,0.0,0.03749477584117066,,
33.2,5.199993962215964,1.2047983041042671,8.111484302874736,0.006053007835488074,0.0106505964516486,0.040548364810975304,30.00000000000007,0.17564829967242185,623.1359490197797,15.563733340894997,0.0,1.13098656231804,-0.19763594201521414,1.1135845897675383,0.0,0.03769955207726791,,
33.300000000000004,5.512096860342517,1.2324610975030237,8.355416044935156,0.006519293739571823,0.013956732804180647,0.03437603793749053,30.00000000000007,0.17941825488014865,626.0867776294593,16.10469806103603,0.0,1.1368753821957494,-0.2028835939277189,1.1186258900801929,0.0,0.037895846073191554,,
33.4,5.332611412546683,1.1559905793659084,8.425962721147497,0.02555961947178711,0.005654579639401432,0.03232296363118149,30.00000000000007,0.1832078394874678,629.035529892885,16.656868978486937,0.0,1.1425084099086216,-0.20814750567283286,1.1233877703598631,0.0,0.038083613663620626,,
33.5,5.14209077658207,1.00945892789809,8.113283201232813,0.006646619458001294,-0.008021398928755469,0.02650469734774067,30.00000000000007,0.18701620085382986,631.9821529135306,17.220292189905553,0.0,1.1478843780491856,-0.21342379523492705,1.1278691542004708,0.0,0.03826281260163943,,
33.6,5.303837536223269,1.1492054998712617,8.451653176339592,0.012854247666221005,-0.009075031286836425,0.042054105145481135,30.00000000000007,0.1908424821139938,634.9265937000929,17.795010981814617,0.0,1.15300207704729,-0.21870852362132331,1.1320690665196829,0.0,0.03843340256824291,,
33.7,5.222448719407122,1.1790449494725097,8.339146481815948,0.01236061694630199,-0.0030962169802494733,0.03257396339841387,30.00000000000007,0.19468582237081808,637.8687992063225,18.38106582150746,0.0,1.1578603554422495,-0.2239976985178003,1.1359866345004157,0.0,0.038595345181408225,,
33.800000000000004,5.131435470286859,0.9877044021408653,8.32278251452217,0.006646650452258493,-0.006418745602371603,0.023561887025973532,30.00000000000007,0.1985453568889589,640.8087163713597,18.97849434898339,0.0,1.1624581201419213,-0.2292872780093632,1.1396210884442892,0.0,0.03874860400473062,,
33.9,5.299359766717569,1.5513719486788622,8.095492891948659,0.021798050574827012,-0.002767706927171586,0.04247613665011568,30.00000000000007,0.20242021728943196,643.7462921605371,19.587331369920676,0.0,1.1667943366686442,-0.23457317436211456,1.1429717625347102,0.0,0.03889314455562138,,
34.0,5.390361496937247,1.0428776253424852,8.192516275869297,0.01623983786347428,-0.014914800568569872,0.04201238830036624,30.00000000000007,0.2063095317449941,646.6814736066125,20.207608849693976,0.0,1.1708680293919937,-0.23985125786197314,1.1460380955074398,0.0,0.039028934313066366,646.0651309942414,22.56593215224388
34.1,5.3849589331624355,1.075310783222935,8.5771078592443,0.015372542374358672,-0.0021855082254657165,0.030179053603540014,30.00000000000007,0.21021242517630076,649.6142078513898,20.839355908442226,0.0,1.1746782817482924,-0.2451173607058968,1.1488196312266326,0.0,0.03915594272494299,,
34.2,5.35938606065655,1.5218307753339744,8.258590270233066,0.026189268187443847,0.015179216588225294,0.04319515620655621,30.00000000000007,0.21412801944879506,652.5444421876933,21.48259881719198,0.0,1.1782242364468345,-0.2503672809411905,1.1513160191645218,0.0,0.03927414121489439,,
34.300000000000004,5.25997134083047,1.4999210568875316,8.213332606615575,0.024379707330453793,-0.007733260924982587,0.03940736557996594,30.00000000000007,0.2180554335702845,655.4721241016513,22.13736099504023,0.0,1.1815050956627724,-0.25559678644840056,1.153527014783073,0.0,0.03938350318875899,,
34.4,5.187274371502507,1.2198265103191757,8.270930704814441,-0.002558971710581212,-0.0032790059805317302,0.017455862240007048,30.00000000000007,0.2219937838891604,658.3972013152516,22.80366300739974,0.0,1.1845201212166232,-0.2608016189632357,1.1554524798161103,0.0,0.039484004040554015,,
34.5,5.2816589921693256,1.2054994148455416,8.313129693488897,0.004177420883994788,0.014266768019617028,0.04575824002475884,30.00000000000007,0.2259421842932158,661.3196218291272,23.481522565308964,0.0,1.1872686347403574,-0.26597749813289245,1.1570923824505972,0.0,0.03957562115801182,,
34.6,5.238527931802739,1.1625875613851486,8.382348992028527,0.03057879118856925,0.008342179988250544,0.03047441392924951,30.00000000000007,0.22989974640901698,664.2393339655322,24.170954525807467,0.0,1.1897500178300267,-0.27112012560211224,1.1584467974059247,0.0,0.03965833392766746,,
34.7,5.257075371871,1.4842309475442197,8.269208510012927,0.019707074780367744,0.018623322925704927,0.029864295307278257,30.00000000000007,0.2338655798017837,667.1562864114657,24.87197089337695,0.0,1.1919637121849045,-0.2762251891242549,1.1595159059102584,0.0,0.03973212373949672,,
34.800000000000004,5.183265533362134,1.2968609482183835,8.275849741249663,0.00742523484477901,-0.006436109420437673,0.03697552119724055,30.00000000000007,0.2378387921757334,670.0704282619033,25.58458082244673,0.0,1.1939092197331,-0.2812883666926333,1.1602999955731665,0.0,0.03979697399110324,,
34.9,5.5443715547527805,1.4233670696280667,8.295563408010883,0.03334242839522872,-0.006823101136367103,0.02739801360250575,30.00000000000007,0.24181848957484373,672.9817090630952,26.30879062096161,0.0,1.1955861027436223,-0.28630533068732933,1.1607994601539502,0.0,0.03985287009145398,,
35.0,5.607472182684005,1.029828801173105,8.321942934944175,0.026478327037281323,-0.002800707278650802,0.04697186691346779,30.00000000000007,0.24580377658398914,675.8900788558877,27.04460375500903,0.0,1.1969939839248682,-0.2912717520326888,1.161014799225288,0.0,0.03989979946416218,677.5911888576204,30.400164948166065
35.1,5.43635937635634,1.287434988245022,8.111113003438952,-0.0021274920553482415,0.006070566465855051,0.05004117699237934,30.00000000000007,0.24979375653040536,678.7954882190286,27.792020854501253,0.0,1.1981325465095116,-0.29618330436068036,1.1609466177319936,0.0,0.03993775155031696,,
35.2,5.221112844412495,1.3148601462930496,8.032420450241208,0.00789756699858335,-0.011380874230058258,0.050753253578326996,30.00000000000007,0.25378753168543705,681.6978883124125,28.551039719907337,0.0,1.199001534325774,-0.3010356681753001,1.1605956254448881,0.0,0.03996671781085904,,
35.300000000000004,5.436830080103859,1.400021132665768,8.253404842520569,0.018598176213067356,0.008882355060068578,0.013853616675414442,30.00000000000007,0.257784203466523,684.5972309202266,29.321655330028694,0.0,1.199600751855063,-0.3058245350132059,1.1599626363099758,0.0,0.03998669172850201,,
35.4,5.29530086297279,1.078156192057869,8.393895377823013,0.00990614481761002,0.00447710121108553,0.03722360739241473,30.00000000000007,0.26178287263937317,687.4934684939543,30.103859850810778,0.0,1.1999300642759625,-0.31054561159577865,1.1590485676933127,0.0,0.03999766880919865,,
35.5,5.274041735154924,1.214587577005339,8.22246860026182,0.035570820295824555,-0.010252148792562261,0.037948435797679314,30.00000000000007,0.265782639520293,690.3865541951949,30.89764264518262,0.0,1.1999893974945666,-0.3151946239678261,1.1578544395221506,0.0,0.039999646583152124,,
35.6,5.113364258799797,1.2451106000886993,8.446783136919473,0.020996275702305736,0.012606153530373199,0.04870273645509477,30.00000000000007,0.2697826041786082,693.2764419382594,31.70299028391477,0.0,1.1997787381611518,-0.319767321618174,1.1563813733231372,0.0,0.03999262460537163,,
35.7,5.323352333831121,1.1223164011801576,8.4789869452013,0.02098146736275684,0.017525345569940756,0.034656136472364554,30.00000000000007,0.2737818666391454,696.1630864324997,32.51988655748517,0.0,1.1992981336731794,-0.3242594815774239,1.1546305911585366,0.0,0.03997660445577255,,
35.800000000000004,5.327583560798954,1.2130035657803142,8.289981404381697,0.035231768861077456,-0.007125768481577547,0.026902553650140264,30.00000000000007,0.27777952708472264,699.0464432243318,33.34831248894168,0.0,1.1985476921646316,-0.3286669124882025,1.1526034144616424,0.0,0.03995158973882096,,
35.9,5.416617742535758,1.1161135274998082,8.314057088545692,0.009156578258711072,0.0035845269922399727,0.04549591651537202,30.00000000000007,0.28177468605860473,701.9264687389128,34.18824634774855,0.0,1.197527582481682,-0.33298545864327717,1.1503012627727347,0.0,0.03991758608272264,,
36.0,5.184890858998614,1.2485834223312755,8.18066245120247,0.00028664279670970183,0.0032217996963644843,0.04006979287042504,30.00000000000007,0.285766444666877,704.8031203214293,35.039663664603744,0.0,1.1962380341447056,-0.3372110039869732,1.1477256523771207,0.0,0.03987460113815676,704.8671258357483,32.369773734013606
36.1,5.080544267088407,0.9268642267956442,8.135536790331246,0.02884293296312341,-0.006048049484808795,0.030114261195784465,30.00000000000007,0.2897539047806927,707.6763562779605,35.90253724721242,0.0,1.1946793372966378,-0.34133947607539367,1.144878194846993,0.0,0.039822644576554496,,
36.2,5.40555573480157,1.2444126019387098,8.426406975447458,0.026812889188494952,-0.006955304938280927,0.0314995427451818,30.00000000000007,0.2937361692383481,710.5461359158746,36.77683719700151,0.0,1.192851842637694,-0.34536684999101985,1.1417605954890115,0.0,0.03976172808792304,,
36.300000000000004,5.184087045099786,1.212640987001024,8.32275225784689,0.029293686074982755,-0.00946193826997039,0.0418020793939119,30.00000000000007,0.2977123420471404,713.412419583721,37.66253092675893,0.0,1.1907559613464627,-0.34928915220734735,1.138374651699699,0.0,0.03969186537821533,,
36.4,5.18699284195934,1.245416935382512,8.194886609634082,0.00260139932431867,-0.0022952656661831415,0.027739188758791455,30.00000000000007,0.30168152858496194,716.2751687105787,38.559583179180365,0.0,1.1883921649873925,-0.3531024643993069,1.134722251230916,0.0,0.03961307216624632,,
36.5,5.269719051048854,1.4555443350233377,8.354237611060208,0.02328270496399094,0.011662684884963392,0.04440021190205777,30.00000000000007,0.3056428358015866,719.1343458448252,39.46795604630557,0.0,1.185760985404692,-0.35680292719530915,1.1308053703678476,0.0,0.039525366180156306,,
36.6,5.029675285850581,1.1455503034752748,8.187087980846725,0.009754221794855933,-0.004971000268350842,0.03800230024645283,30.00000000000007,0.3095953724196022,721.9899146922878,40.38760898982532,0.0,1.182863014602667,-0.3603867438668598,1.1266260720221024,0.0,0.03942876715342214,,
36.7,5.34109701084797,1.381288881059071,8.2746352047023,0.024562295006331128,0.0061003809865868295,0.03143341779407044,30.00000000000007,0.31353824913494444,724.8418401537392,41.31849886223922,0.0,1.1796989046125224,-0.3638501839517945,1.1221865037426846,0.0,0.03932329682041732,,
36.800000000000004,5.257656630287449,1.371593782088458,8.239372668610269,0.025715965803337525,-0.005462424234528718,0.023005343908942988,30.00000000000007,0.31747057881698615,727.6900883617059,42.260579928843896,0.0,1.1762693673456572,-0.36718958680730285,1.117488895647753,0.0,0.039208978911521815,,
36.9,5.116851384818497,1.15840256533453,8.538781816743686,0.03242615943985731,-0.009151006745478403,0.034135103621447706,30.00000000000007,0.32139147670813834,730.5346267165502,43.21380389053033,0.0,1.1725751744334887,-0.37040136508902594,1.1125355582802343,0.0,0.039085839147782866,,
37.0,5.096251083667965,1.0186123127759708,8.11547573254655,0.014378485638677113,-0.0034001171222585143,0.048806897046644294,30.00000000000007,0.3253000606229166,733.3754239217941,44.1781199073682,0.0,1.168617157053837,-0.3734820081526418,1.1073288803904928,0.0,0.03895390523512781,726.1617243457497,43.338757589563535
37.1,5.4561917306616285,1.2451212723654235,8.217763309117224,0.025722374448133172,-0.022392832399612476,0.04436442085996142,30.00000000000007,0.3291954511464294,736.2124500186509,45.15347462295465,0.0,1.1643962057439146,-0.37642808537448186,1.101871326649408,0.0,0.038813206858130396,,
37.2,5.1145635652711015,1.1984004001164892,8.446970397800664,0.012268841407247953,0.0015436432387220375,0.04107937077621064,30.00000000000007,0.33307677183224244,739.0456764197321,46.13981218950393,0.0,1.1599132701999597,-0.3792362493878574,1.0961654352953278,0.0,0.0386637756733319,,
37.300000000000004,5.229301291647567,0.9348041559135987,8.749687046643531,0.021704635029488887,-2.655968862205712e-05,0.03141739405341542,30.00000000000007,0.33694314939957565,741.8750759418979,47.13707429365405,0.0,1.1551693590635572,-0.3819032392319157,1.0902138157184946,0.0,0.03850564530211848,,
37.4,5.3045314267615735,1.065093023592343,8.324223466768569,0.02657322428446874,-0.005548823398912965,0.02971545079347222,30.00000000000007,0.3407937139297875,744.7006228382206,48.14520018296575,0.0,1.1501655396947,-0.38442588340999145,1.0840191459866602,0.0,0.03833885132315657,,
37.5,5.282902007105092,1.0628275126621025,8.225581136814181,0.02087987979674358,-0.00207145115440409,0.046623956704537804,30.00000000000007,0.34462759906210316,747.5222928290306,49.16412669308854,0.0,1.1449029379316353,-0.386801102854564,1.0775841703157034,0.0,0.03816343126438775,,
37.6,5.142786804642473,0.8581958025169325,8.271063454837922,0.03237201384548133,-0.0005374182395900877,0.03287377437889521,30.00000000000007,0.3484439421885419,750.3400631320168,50.19378827556827,0.0,1.1393827378375592,-0.38902591379608753,1.0709116964891787,0.0,0.03797942459458522,,
37.7,5.257239788591895,1.1598212768306688,8.251559196321699,0.025489626499554052,-0.008522463791331529,0.025287191591380084,30.00000000000007,0.35224188464800044,753.1539124913531,51.23411702626994,0.0,1.1336061814342047,-0.3910974305331118,1.0640045932307984,0.0,0.037786872714473396,,
37.800000000000004,5.117673340098745,1.1668193831086415,8.240316256044812,0.021971597890778186,0.0002218100035796317,0.027150008844751973,30.00000000000007,0.3560205719194478,755.9638212058243,52.28504271438923,0.0,1.1275745684223923,-0.39301286810127073,1.0568657875339507,0.0,0.03758581894741299,,
37.9,5.166891565220721,1.2445955519253742,8.125708579880108,0.02751551270039692,-0.010400876313658628,0.02229528716659959,30.00000000000007,0.3597791538141891,758.7697711559244,53.34649281202561,0.0,1.121289255889605,-0.3947695448388785,1.0494982619524287,0.0,0.037376308529653415,,
38.0,5.509457415299585,1.1085514421587355,8.257765809210849,0.008806870143487345,0.0011613142987793143,0.028544470833208276,30.00000000000007,0.3635167846671545,761.5717458299052,54.41839252428987,0.0,1.114751658004646,-0.396364884847029,1.041905051856602,0.0,0.037158388600154774,767.6744547561035,54.97514367455516
38.1,5.3156641799230115,1.3345517423567275,8.124063339075933,0.013694875125953496,-0.011836764444562211,0.04178760848384032,30.00000000000007,0.36723262352716995,764.3697303487472,55.50066481991823,0.0,1.1079632456994588,-0.3977964203422659,1.0340892426593358,0.0,0.036932108189981876,,
38.2,5.415945443278467,1.0108615237413812,8.367302137935564,-0.004719646782834132,0.021193417613002145,0.02045411228170312,30.00000000000007,0.37092583434616816,767.1637114900349,56.59323046236515,0.0,1.1009255463381742,-0.3990617939000483,1.0260539670160058,0.0,0.03669751821127239,,
38.300000000000004,5.415040334332739,1.073406143450592,8.264420374222652,0.021960988636033987,-0.011359252933648409,0.03874293697208065,30.00000000000007,0.3745955861672954,769.9536777107111,57.69600804134676,0.0,1.0936401433734586,-0.4001587605874061,1.0178024020029968,0.0,0.036454671445781864,,
38.400000000000006,5.2061413116131705,1.0902755749393598,8.256825065036955,0.026502239491187768,0.005835760550530617,0.050665125243838656,30.00000000000007,0.3782410533118736,772.739619168692,58.80891400480644,0.0,1.0861086759902434,-0.40108518998334625,1.0093377662791096,0.0,0.036203622533008024,,
38.5,5.490790019019819,0.9635628056802953,8.249058305291094,0.012973672694200574,0.008593142197899644,0.03398120993836287,30.00000000000007,0.3818614155651744,775.5215277433226,59.9318626912742,0.0,1.0783328387369175,-0.4018390680857355,1.0006633172343267,0.0,0.035944427957897165,,
38.6,5.4888234802674525,0.9906003515991999,8.17439755873587,0.0072523175294412524,0.014690743356698467,0.020870190213961796,30.00000000000007,0.38545585836096413,778.2993970546543,61.06476636259121,0.0,1.070314381144058,-0.4024184991035503,0.9917823481303919,0.0,0.03567714603813518,,
38.7,5.338137544724115,0.9783045368192856,7.987678925158779,0.01686736274843493,0.0030929656821466578,0.04313754789979679,30.00000000000007,0.38902357296477763,781.0732224815287,62.20753523697092,0.0,1.0620551073307962,-0.40282170713355314,0.9826981852376848,0.0,0.035401836911026455,,
38.800000000000004,5.297242926963683,1.0816969109375827,8.073998155224022,0.024846059044223445,-0.022022018071681537,0.03517144287690227,30.00000000000007,0.3925637566558803,783.8430011784507,63.3600775223682,0.0,1.0535568755988958,-0.40304703772061456,0.9734141849728433,0.0,0.035118562519963106,,
38.900000000000006,5.288274661018422,0.9556883610441814,8.295032616809495,0.021663931571286668,-0.009082752048788199,0.027431096267630874,30.00000000000007,0.3960756129078766,786.6087320912364,64.52229945012779,0.0,1.0448215980146456,-0.40309295930106653,0.9639337310416035,0.0,0.034827386600488106,,
39.0,5.020854143185433,1.1578150418779456,8.151562691294961,0.038993217275220295,0.0059951576277166,0.02260532992208402,30.00000000000007,0.3995583515679254,789.3704159714226,65.69410530888382,0.0,1.035851239978651,-0.4029580645286308,0.9542602315912828,0.0,0.03452837466595495,783.044282254246,62.29367802501636
39.1,5.4833324483696675,1.2007337906758278,8.342191665622659,0.025056047919020552,0.01096531671569423,0.029979423056221418,30.00000000000007,0.4030111890345209,792.1280553894245,66.8753974786818,0.0,1.026647819783625,-0.40264107148262546,0.9443971163773183,0.0,0.03422159399278742,,
39.2,5.505851568605786,1.1406617417776788,8.080367705212675,0.023518386987243782,-0.0016194399839532289,0.044302727041943685,30.00000000000007,0.40643334843379963,794.8816547464326,68.06607646529518,0.0,1.0172134081602857,-0.4021408247583138,0.9343478339482396,0.0,0.03390711360534278,,
39.300000000000004,5.285077204930447,1.0260910620113752,8.315757664410997,0.0371200594700817,-0.014573202332981547,0.03208391380334855,30.00000000000007,0.4098240597943339,797.6312202850364,69.26604093470824,0.0,1.0075501278114474,-0.40145629643940367,0.92411584885339,0.0,0.0335850042603815,,
39.400000000000006,5.555269100224121,1.1293320273231557,8.348581694005874,-0.0008831615704904747,-0.013238617004480749,0.04017064945156405,30.00000000000007,0.41318256022037203,800.3767600985676,70.47518774773796,0.0,0.9976601529344218,-0.40058658695286464,0.9137046388776785,0.0,0.033255338431147315,,
39.5,5.444368239012385,1.1637661889722222,8.082259618223725,0.025624205118468392,-0.001079814590379007,0.04518322758832067,30.00000000000007,0.41650809406348677,803.1182841391541,71.69341199476713,0.0,0.9875457087318337,-0.3995309258063754,0.9031176923075752,0.0,0.03291819029106104,,
39.6,5.136115385408658,0.9188113312491599,8.459103288524595,0.009689109068000315,-0.017021085497982244,0.01956817892877745,30.00000000000007,0.41979991309259285,805.8558042244795,72.920607030562,0.0,0.9772090709109574,-0.39828867220885233,0.8923585052324912,0.0,0.03257363569703184,,
39.7,5.564236423284332,1.0793658860140352,8.189609324306995,0.008022425730340234,0.010939026967382626,0.04168635585740008,30.00000000000007,0.42305727666229603,808.5893340432416,74.15666450914766,0.0,0.9666525651716957,-0.39685931557466037,0.8814305788856157,0.0,0.03222175217238978,,
39.800000000000004,5.195852142843946,0.8526758822842977,8.537007024481394,0.018466658651461746,0.0034508852279731346,0.03986623468075061,30.00000000000007,0.42627945187953503,811.3188891593071,75.40147441871488,0.0,0.9558785666833058,-0.3952424759122288,0.8703374170281905,0.0,0.03186261888944345,,
39.900000000000006,5.012494965974472,0.7237370651832175,8.168286835645503,0.018788916665980277,-0.01207515544894667,0.04286165740414287,30.00000000000007,0.42946571376847936,814.0444870145571,76.65492511653281,0.0,0.9448894995499943,-0.39343790409793694,0.8590825233811135,0.0,0.031496316651666405,,
40.0,5.281510463634235,1.1117420834207299,8.196012702644643,0.010240316831685919,-0.007595674066419628,0.03461591361231126,30.00000000000007,0.432615345433646,816.7661469304251,77.91690336384214,0.0,0.9336878362655077,-0.3914454820362587,0.8476693991076748,0.0,0.031122927875516848,814.0821063315004,77.39546948216324
40.1,5.442271845013139,0.8891386584486793,8.191871981952604,0.025914642688623687,0.01441699278308401,0.037908387315967546,30.00000000000007,0.4357276382211977,819.4838901081226,79.18729436070421,0.0,0.9222760971568266,-0.38926522270726865,0.836101540351104,0.0,0.030742536571894147,,
40.2,5.327363658642748,0.9737355023589751,8.439547334617332,0.02192501962165809,0.007459337064326541,0.026729237217034046,30.00000000000007,0.43880189187838714,822.1977396275569,80.4659817807817,0.0,0.9106568498171083,-0.3868972701027434,0.8243824358305216,0.0,0.03035522832723687,,
40.300000000000004,5.281361560546818,1.2406718918253834,8.328028796521208,-0.003860925253503008,0.006886782207025165,0.034770708704676585,30.00000000000007,0.4418374147111108,824.907720444938,81.75284780602755,0.0,0.8988327085279859,-0.3843418990521871,0.8125155644987447,0.0,0.029961090284266127,,
40.400000000000006,5.249238285664466,0.9402074819146057,8.519959556802297,0.008918017379295234,-0.0017551432789356875,0.0454218697308973,30.00000000000007,0.44483352373953744,827.6138593890824,83.04777316125922,0.0,0.8868063336713664,-0.38159951494022815,0.8005043932652921,0.0,0.02956021112237881,,
40.5,5.1032518607967035,0.8811889351516338,8.094888865821217,0.019543802501158367,0.014960350298741695,0.025628400496555973,30.00000000000007,0.4477895448517753,830.3161851564121,84.35063714859605,0.0,0.8745804311308584,-0.37867065331693045,0.7883523747878021,0.0,0.02915268103769521,,
40.6,5.0837777452063815,0.9282897667722703,8.330508771898037,0.013922247247666573,-0.007229280284379897,0.0407441327860235,30.00000000000007,0.4507048129555448,833.0147283046574,85.6613176817383,0.0,0.8621577516829532,-0.37555597940265195,0.7760629453349256,0.0,0.028738591722765036,,
40.7,5.611611081819359,0.8163929234234526,8.230298773889176,-9.474242342984857e-05,0.005689547410532213,0.032869927549306274,30.00000000000007,0.4535786721278213,835.7095212452675,86.97969132006698,0.0,0.8495410903781203,-0.3722562874891875,0.763639522723656,0.0,0.028318036345937277,,
40.800000000000004,5.198242568443711,0.6743394689830022,8.033126236492647,0.023533414045596536,-0.010349781873690704,0.03945429163743043,30.00000000000007,0.45641047576241506,838.4005982345354,88.30563330254475,0.0,0.8367332859119269,-0.36877250023899566,0.751085504333861,0.0,0.027891109530397497,,
40.900000000000006,5.350432825315207,0.8359343240986341,8.139094730765077,0.01556859883136983,-0.013328768015913739,0.023792886349600702,30.00000000000007,0.4591995867154548,841.0879953634468,89.63901758139845,0.0,0.8237372199863454,-0.36510566788440574,0.7384042652026834,0.0,0.027457907332878114,,
41.0,5.37727907592226,0.9429862481024973,8.273023711534922,0.008747760796169143,0.011060115260541282,0.03582269731459381,30.00000000000007,0.4619453774487426,843.7717505462583,90.97971685556502,0.0,0.8105558166613831,-0.3612569673287621,0.7255991562012923,0.0,0.02701852722204604,846.4000389436592,91.24959968463259
41.1,5.1320690419174895,0.859603656195342,8.509264820511504,0.01595517432409,0.00706065494635112,0.02129668103165813,30.00000000000007,0.46464723017094717,846.4519035078184,92.3276026038833,0.0,0.7971920416971779,-0.3572277011515302,0.7126735022963238,0.0,0.026573068056572537,,
41.2,5.351604354051857,0.7775926375802922,8.290667482082647,0.027747690785134272,0.0018078901715082155,0.02872974482923,30.00000000000007,0.4673045369766044,849.1284957696391,93.68254511801504,0.0,0.7836489018867197,-0.3530192965194559,0.6996306008981954,0.0,0.026121630062890592,,
41.300000000000004,5.092510397855751,0.4367518521462968,8.593151303098146,0.02565137721912405,0.001642587228909738,0.03731648414946327,30.00000000000007,0.4699166999828935,851.8015706347312,95.04441353507923,0.0,0.7699294443793304,-0.3486333040059116,0.6864737202982982,0.0,0.025664314812644286,,
41.400000000000006,5.273746319466682,0.7379082999521304,8.355102921051824,0.035686220714130204,-0.006856238199142627,0.01692842124918645,30.00000000000007,0.47248313146415793,854.4711731712148,96.41307586998506,0.0,0.7560367559950717,-0.34407139632062217,0.6732060981969258,0.0,0.025201225199835663,,
41.5,5.486312044632408,0.7001410949154772,8.309527705904335,0.014693047747085753,0.016637545310564265,0.04216891940090481,30.00000000000007,0.4750032539841415,857.1373501947193,97.78839904744953,0.0,0.741973962530221,-0.3393353669520001,0.6598309403236174,0.0,0.024732465417673974,,
41.6,5.046657224875529,0.6504281098953402,8.24904968334109,-0.00425379153447368,0.012817321895631475,0.03574352130621266,30.00000000000007,0.4774765005259089,859.8001502495861,99.17024893368648,0.0,0.7277442280539794,-0.3344271287243579,0.6463514191514274,0.0,0.02425814093513259,,
41.7,5.096236026543423,0.7916677364176057,8.409580215944233,0.0272207190517552,-0.0022494852907083995,0.020927861160469814,30.00000000000007,0.4799023146194222,862.4596235888898,100.55849036775533,0.0,0.7133507541965735,-0.32934871227229934,0.6327706727064699,0.0,0.02377835847321906,,
41.800000000000004,5.227889831136833,0.6867963085813581,8.036894978840758,0.014065269919590988,0.006716638827501053,0.04001321021466851,30.00000000000007,0.4822801504667441,865.1158221532933,101.95298719255814,0.0,0.6987967794288995,-0.32410226443461054,0.6190918034738949,0.0,0.023293225980963263,,
41.900000000000006,5.070425457116584,0.7251246479004223,8.529567800392858,0.006569032643254794,0.009223192394105004,0.03254214904246598,30.00000000000007,0.4846094730648404,867.7687995487531,103.35360228547499,0.0,0.6840855783338807,-0.3186900465699993,0.605317877401297,0.0,0.022802852611129302,,
42.0,5.009801532112521,0.7547604734370877,8.364142244934618,0.006767260605923592,-0.011773951034700664,0.016310369074850194,30.00000000000007,0.4868897583259534,870.4186110230937,104.76019758862857,0.0,0.669220460869702,-0.31311443279704254,0.5914519230003761,0.0,0.02230734869565668,870.223870045346,102.33794487936571
42.1,5.233716430514075,0.5293528370149901,7.903213743439748,0.010572070169369317,-0.006506396501766584,0.03856782250457604,30.00000000000007,0.48912049319551903,873.065313441467,106.17263413876962,0.0,0.6542047716250795,-0.3073779081607104,0.5774969305474864,0.0,0.02180682572083593,,
42.2,5.475025437457848,0.48141198576948774,8.449819007435064,0.009176116607723333,-0.005917909372674298,0.026760139849707543,30.00000000000007,0.4913011757676026,875.7089652607169,107.5907720967764,0.0,0.6390418890667464,-0.3014830667278473,0.5634558513835562,0.0,0.02130139630222483,,
42.300000000000004,5.308856525024529,0.7060422482183243,8.230995755382565,0.011119996412449297,-0.021620050548549676,0.020572319784613803,30.00000000000007,0.4934313153978251,878.3496265026693,109.01447077676161,0.0,0.6237352247793116,-0.29543260961398005,0.5493315973136554,0.0,0.02079117415931034,,
42.400000000000006,5.0506727672179235,0.5446847545330042,8.581293995990519,0.0022167532242165135,0.0036077877016663295,0.03341424209222916,30.00000000000007,0.4955104328137561,880.9873587263648,110.44358867478194,0.0,0.6082882226976646,-0.2892293429438263,0.5351270401063342,0.0,0.020276274089922105,,
42.5,5.326036836392744,0.5169077465878043,8.46356140840682,0.01759263029651793,-0.017235950815463946,0.021982247273948843,30.00000000000007,0.4975380602227483,883.6222249992594,111.87798349714578,0.0,0.5927043583321084,-0.2828761757478693,0.5208450110926829,0.0,0.01975681194440357,,
42.6,5.413282424200815,0.5095017381083597,8.240763570998038,0.015684103139656597,0.009165696434981899,0.009623801382159347,30.00000000000007,0.4995137414171887,886.2542898674097,113.31751218831624,0.0,0.5769871379863794,-0.2763761177973419,0.5064883008648698,0.0,0.019232904599545932,,
42.7,5.204715665612038,0.642435001651487,8.253852526091414,-0.002427409025667543,-0.010056815845568712,0.039133590070098506,30.00000000000007,0.5014370318771433,888.8836193246689,114.76203095840694,0.0,0.5611400979687494,-0.26973227737996247,0.49205965907377197,0.0,0.0187046699322916,,
42.800000000000004,5.496435159142002,0.5586203767225798,8.329152867771263,0.009689460639153784,-0.00109279182584643,0.016997642837325827,30.00000000000007,0.5033074988703724,891.5102807809135,116.2113953102695,0.0,0.5451668037963685,-0.2629478590187242,0.4775617943251086,0.0,0.018172226793212242,,
42.900000000000006,5.42719957317947,0.7194328633568579,8.135739250875595,-0.0015504106081423424,0.014161518657927781,0.038272368472860585,30.00000000000007,0.5051247215496937,894.1343430293251,117.66546006617274,0.0,0.5290708493930383,-0.25602616113603355,0.4629973741733497,0.0,0.017635694979767903,,
43.0,5.408582614291512,0.6410916385551392,8.32729317653288,0.019049074501398783,0.003761588729418867,0.028561574520048382,30.00000000000007,0.5068882910476704,896.7558762127508,119.12407939407385,0.0,0.5128558562805974,-0.24897057366545722,0.44836902521248934,0.0,0.017095195209353205,891.9754917904421,122.263974935195
43.1,5.234874255738062,0.5849218431729798,8.50111727513836,0.01738409091425864,-0.012129837340688397,0.020846973081420552,30.00000000000007,0.5085978105686058,899.3749517891656,120.58710683348366,0.0,0.49652547276408593,-0.2417845756133023,0.4336793332626013,0.0,0.01655084909213616,,
43.2,5.2469453109608395,0.42028156410319323,8.213982814064776,0.009634217216568115,-0.00398637022059577,0.02406475189380853,30.00000000000007,0.5102528954778194,901.9916424962636,122.05439532092852,0.0,0.4800833731109041,-0.23447173257224133,0.4189308436509717,0.0,0.016002779103696765,,
43.300000000000004,5.363721523321278,0.28311793715392797,8.129236410186138,0.019938490254029995,0.009716724342208896,0.034125941205206914,30.00000000000007,0.511853173388189,904.6060223152003,123.52579721501223,0.0,0.4635332567241089,-0.22703569418912545,0.4041260615863824,0.0,0.015451108557470259,,
43.400000000000006,5.119952177023857,0.7802050847768643,8.12245200709419,0.014747443510587962,-0.004595132400516472,0.014733749868813482,30.00000000000007,0.5133982842439361,907.2181664335144,125.00116432108278,0.0,0.44687884731006694,-0.21948019158912466,0.389267452625024,0.0,0.014895961577002195,,
43.5,5.311484479316667,0.5775303700297619,8.129995010416856,0.01815107575369588,0.005741138545383024,0.012805489303334052,30.00000000000007,0.5148878804016362,909.8281512072524,126.48034791550907,0.0,0.4301238920406373,-0.21180903475827267,0.3743574432263297,0.0,0.014337463068021208,,
43.6,5.295578527276278,0.21260875903031357,8.09685500634681,0.006153809376582063,0.005305807469514051,0.030418536505857078,30.00000000000007,0.5163216267084384,912.4360541223252,127.96319876957406,0.0,0.413272160710069,-0.2040261098864586,0.3593984213968779,0.0,0.0137757386903356,,
43.7,5.2643955423427045,0.618946437831863,8.382571770544667,0.017190131394073018,-0.002023454591010374,0.022837573523793796,30.00000000000007,0.517699200577472,915.0419537551217,129.44956717299144,0.0,0.3963274448868198,-0.19613537667287223,0.34439273742038423,0.0,0.01321091482956063,,
43.800000000000004,5.142726429598279,0.5694122263110594,8.416828589908429,0.0168100037934729,-0.014791958551343512,0.024313472152596396,30.00000000000007,0.5190202920604281,917.6459297324061,130.93930295705383,0.0,0.37929355706046447,-0.1881408655958491,0.3293427046716299,0.0,0.012643118568682119,,
43.900000000000006,5.146865089981289,0.5447771385867527,8.151634639633194,0.012796413958656008,0.007285388270009071,0.006850254664790601,30.00000000000007,0.5202846039172964,920.2480626905289,132.43225551742125,0.0,0.3621743297839037,-0.18004667514903547,0.31425060051207143,0.0,0.012072477659463428,,
44.0,5.491323859609543,0.3647285430360619,8.23786488768914,-0.005594042453203472,-0.0007770860446948706,0.022449116360007917,30.00000000000007,0.5214918516832427,922.8484342339765,133.9282738365596,0.0,0.3449736148110541,-0.17185696904573217,0.2991186672647158,0.0,0.011499120493701775,917.3700196853127,138.43017113762312
44.1,5.397452576146476,0.28152292514879945,8.49053643322466,0.015622189191312738,-0.007557108279690377,0.029172844622511525,30.00000000000007,0.522641763732613,925.44712689329,135.42720650583954,0.0,0.3276952822302175,-0.16357597339324026,0.2839491132657326,0.0,0.010923176074340558,,
44.2,5.3305744724891815,0.2399754499047615,8.177793480477387,-0.01739980927135706,-0.001402543159675287,0.0308418090784554,30.00000000000007,0.523734081340047,928.0442240823799,136.92890174730658,0.0,0.3103432195933332,-0.15520797383898569,0.26874411399015347,0.0,0.010344773986444416,,
44.300000000000004,5.66438472246027,0.3389109682088881,7.991006168335479,-0.0017335782338024682,-0.0013280765784241659,0.005330018287522527,30.00000000000007,0.5247685587386914,930.6398100552653,138.43320743513485,0.0,0.29292133104129103,-0.14675731269014203,0.2535058132488671,0.0,0.00976404436804301,,
44.400000000000006,5.2846280566880885,0.2666992372935195,8.315660830981335,0.003354605033348259,0.009020557479575331,0.004619726022606881,30.00000000000007,0.5257449631754957,933.2339698622696,139.93997111677643,0.0,0.2754335364255172,-0.13822838600844248,0.23823632445403398,0.0,0.009181117880850551,,
44.5,5.531232611508041,0.0032646075029458266,8.5984759747003,0.0006154909075688246,0.019906591114025422,-0.0037797099966800085,30.00000000000007,0.5266630749635808,935.8267893056968,141.44904003381984,0.0,0.25788377042602517,-0.12962564068181476,0.22293773194991448,0.0,0.008596125680867485,,
44.6,5.307064299409909,0.38666321707363455,8.441197736001094,0.017344851357593533,0.006119049916303577,0.029395255910530726,30.00000000000007,0.5275226875316675,938.4183548950226,142.96026114257137,0.0,0.24027598166612518,-0.12095357147443188,0.20761209240600514,0.0,0.00800919938887082,,
44.7,5.093560842023151,0.3152558219193011,8.321647374267892,-0.006474726850552132,0.0053074891499095625,0.0025952671461312304,30.00000000000007,0.5283236074705546,941.0087538016269,144.47348113437369,0.0,0.22261413182400658,-0.11221671805673684,0.19226143626929193,0.0,0.007420471060800201,,
44.800000000000004,5.249087413831418,-0.07086922666377785,8.297828804583704,0.01376112831947787,0.008822062812369134,0.018492047731749024,30.00000000000007,0.5290656545766347,943.5980738130985,145.98854645567684,0.0,0.20490219474137433,-0.10341966201694179,0.17688776927230898,0.0,0.006830073158045795,,
44.900000000000006,5.46902236894166,0.008810181993222366,8.271936742467528,0.017400995870567666,0.00041601796553409845,-0.003115928215853249,30.00000000000007,0.5297486618924393,946.186403287143,147.50530332787687,0.0,0.18714415552935,-0.09456702385547681,0.1614930739936274,0.0,0.006238138517644985,,
45.0,4.867879851932108,-0.1688298748762486,8.459541538060469,-0.00804409328727194,-0.013407231750937996,-0.0022344975360790017,30.00000000000007,0.5303724757442038,948.7721028756421,149.02160273367898,-0.5,0.0,-0.43130935587974467,-0.2529273404173613,0.0,0.0,946.8862259743947,153.82135725478645
45.1,4.882755907658733,0.12496710481120721,8.500631708892852,-0.0006565855869446127,0.014684223463346057,0.016769145877628205,29.95000000000007,0.5303724757442038,951.3534893705823,150.5353728660769,-0.5,0.0,-0.43130935587974467,-0.2529273404173613,0.0,0.0,,
45.2,4.97704351426404,-0.2508694481422393,8.66072886138108,-0.0003743526764534862,-0.007341737232417517,-0.008031935879817341,29.90000000000007,0.5303724757442038,953.9305627719639,152.04661372507064,-0.5,0.0,-0.43130935587974467,-0.2529273404173613,0.0,0.0,,
45.300000000000004,4.819538057813487,0.4639194081462916,8.588471217633469,0.004286432614271266,0.012020036342675301,0.015723279856359948,29.85000000000007,0.5303724757442038,956.5033230797866,153.5553253106602,-0.5,0.0,-0.43130935587974467,-0.2529273404173613,0.0,0.0,,
45.400000000000006,4.543753877600565,-0.11122425497778493,8.531325903559143,0.001537443957379112,0.008436762144736208,0.008401727706425794,29.800000000000068,0.5303724757442038,959.0717702940505,155.0615076228456,-0.5,0.0,-0.43130935587974467,-0.2529273404173613,0.0,0.0,,
45.5,4.626018356960561,0.11565949312552955,8.647418557897046,0.0021709658700744035,0.008806058730828287,-0.009244063403891542,29.750000000000068,0.5303724757442038,961.6359044147556,156.56516066162683,-0.5,0.0,-0.43130935587974467,-0.2529273404173613,0.0,0.0,,
45.6,4.9282406522978075,0.20904523253403606,8.48168784523827,0.004033782834572578,0.0059120373867011505,0.0038620859635558145,29.700000000000067,0.5303724757442038,964.1957254419019,158.0662844270039,-0.5,0.0,-0.43130935587974467,-0.2529273404173613,0.0,0.0,,
45.7,4.880242544792619,0.06840960730704063,8.346574593232534,0.008669001230837279,0.011400516483776338,-0.008788332633421358,29.650000000000066,0.5303724757442038,966.7512333754894,159.56487891897677,-0.5,0.0,-0.43130935587974467,-0.2529273404173613,0.0,0.0,,
45.800000000000004,4.9463286264433055,0.08129952569170737,8.50297906765919,-0.001370899176068895,0.015502735313388208,0.011478604414255796,29.600000000000065,0.5303724757442038,969.3024282155181,161.06094413754548,-0.5,0.0,-0.43130935587974467,-0.2529273404173613,0.0,0.0,,
45.900000000000006,4.716566311104672,0.023811931454027303,8.436660271341642,0.004400940635462166,-0.0025232595148534432,0.01649896709714093,29.550000000000065,0.5303724757442038,971.8493099619881,162.55448008271,-0.5,0.0,-0.43130935587974467,-0.2529273404173613,0.0,0.0,,
46.0,4.972846458359923,0.06533472228663,8.60911694721918,0.009765893252277736,0.006959363031553797,-0.007294904619785058,29.500000000000064,0.5303724757442038,974.3918786148992,164.04548675447037,-0.5,0.0,-0.43130935587974467,-0.2529273404173613,0.0,0.0,973.5481116948633,162.47231863896778
46.1,4.746848107523286,0.0910918713399904,8.505543433164364,0.010208334884697417,0.002535673680827809,0.027659525963139996,29.450000000000063,0.5303724757442038,976.9301341742515,165.53396415282657,-0.5,0.0,-0.43130935587974467,-0.2529273404173613,0.0,0.0,,
46.2,4.67879481542422,0.24431934992377088,8.43087996190861,-0.010009669894269472,-0.01290235521959009,0.008465378280676334,29.400000000000063,0.5303724757442038,979.464076640045,167.0199122777786,-0.5,0.0,-0.43130935587974467,-0.2529273404173613,0.0,0.0,,
46.300000000000004,4.860778177688044,-0.011004748970996306,8.79905958529545,-0.02473918640299197,-0.0002253007111052404,0.012600628165563406,29.350000000000062,0.5303724757442038,981.9937060122797,168.50333112932643,-0.5,0.0,-0.43130935587974467,-0.2529273404173613,0.0,0.0,,
46.400000000000006,4.780392398975445,0.06587590077442547,8.597717663515349,-0.005361440647322903,0.015675382158204722,0.010179251110664025,29.30000000000006,0.5303724757442038,984.5190222909557,169.9842207074701,-0.5,0.0,-0.43130935587974467,-0.2529273404173613,0.0,0.0,,
46.5,4.587424561814671,-0.20026833357550572,8.362884453269135,0.013515439104446287,-0.006336017095283339,0.007863623864556302,29.25000000000006,0.5303724757442038,987.0400254760729,171.46258101220957,-0.5,0.0,-0.43130935587974467,-0.2529273404173613,0.0,0.0,,
46.6,4.897218792197899,0.04118010195198821,8.76414976814063,-0.0013689076952663889,-0.007108660997658093,0.013534834338935719,29.20000000000006,0.5303724757442038,989.5567155676312,172.9384120435449,-0.5,0.0,-0.43130935587974467,-0.2529273404173613,0.0,0.0,,
46.7,5.045540126298552,-7.63150431355962e-05,8.65148942664246,0.01076799730219655,-0.004713234264930573,0.00198801430378412,29.15000000000006,0.5303724757442038,992.0690925656307,174.41171380147605,-0.5,0.0,-0.43130935587974467,-0.2529273404173613,0.0,0.0,,
46.800000000000004,5.012788278802333,0.11944741071962586,8.820499404199946,0.002825712754362648,0.0013823976329892429,-0.012515958111512895,29.10000000000006,0.5303724757442038,994.5771564700715,175.88248628600303,-0.5,0.0,-0.43130935587974467,-0.2529273404173613,0.0,0.0,,
46.900000000000006,4.803802217294539,0.15226988282565723,8.318347616976913,-0.0045199567141002255,0.00065811779775883,-0.006719607108917499,29.050000000000058,0.5303724757442038,997.0809072809534,177.35072949712583,-0.5,0.0,-0.43130935587974467,-0.2529273404173613,0.0,0.0,,
47.0,4.8268526508218805,0.045496409233781177,8.215283673977991,0.010617422776508659,0.002320545538786089,0.010698662966627671,29.000000000000057,0.5303724757442038,999.5803449982766,178.81644343484444,-0.5,0.0,-0.43130935587974467,-0.2529273404173613,0.0,0.0,1000.1019649085371,174.9412250455875
47.1,4.930047082011782,-0.047418164490057105,8.59330007396942,0.005739233635884003,0.007999837107798582,0.0022713089282162015,28.950000000000056,0.5303724757442038,1002.0754696220409,180.27962809915888,-0.5,0.0,-0.43130935587974467,-0.2529273404173613,0.0,0.0,,
47.2,4.8644276562552005,0.019247486197946667,8.617588149400342,-0.0060273711893595264,0.0022214628929569714,-0.008654019585791336,28.900000000000055,0.5303724757442038,1004.5662811522465,181.74028349006917,-0.5,0.0,-0.43130935587974467,-0.2529273404173613,0.0,0.0,,
47.300000000000004,4.763129078900642,0.2694067230079461,8.531611204159729,-0.009974112871647171,-0.017394063729989973,0.009656088320759267,28.850000000000055,0.5303724757442038,1007.0527795888933,183.1984096075753,-0.5,0.0,-0.43130935587974467,-0.2529273404173613,0.0,0.0,,
47.400000000000006,4.988826405851449,0.18059885555764194,8.719720094514344,-0.004857614471962069,-0.002830367795100602,0.013299309504360361,28.800000000000054,0.5303724757442038,1009.5349649319812,184.65400645167722,-0.5,0.0,-0.43130935587974467,-0.2529273404173613,0.0,0.0,,
47.5,4.76382083278485,0.16942902335432639,8.40453199873996,-0.001574284457938102,0.011710362748082024,0.002110872448010511,28.750000000000053,0.5303724757442038,1012.0128371815103,186.10707402237497,-0.5,0.0,-0.43130935587974467,-0.2529273404173613,0.0,0.0,,
47.6,4.962752908165826,0.10496111621713698,8.603656191474014,0.00559490385731144,0.006351786204108031,0.013145743166941337,28.700000000000053,0.5303724757442038,1014.4863963374808,187.55761231966855,-0.5,0.0,-0.43130935587974467,-0.2529273404173613,0.0,0.0,,
47.7,4.872095007411196,0.008229284162116997,8.655249265719018,0.007473155483517992,0.01281028624238901,0.004635254902403911,28.650000000000052,0.5303724757442038,1016.9556423998923,189.00562134355795,-0.5,0.0,-0.43130935587974467,-0.2529273404173613,0.0,0.0,,
47.800000000000004,4.89399043059296,-0.04358781226789574,8.684651464395818,0.01721288387213398,-0.004749630555841661,0.018461430556213278,28.60000000000005,0.5303724757442038,1019.4205753687451,190.4511010940432,-0.5,0.0,-0.43130935587974467,-0.2529273404173613,0.0,0.0,,
47.900000000000006,4.986151739740542,-0.13999400755633715,8.624128743577701,0.008708058038373705,0.01459870800142397,0.017241677273494873,28.55000000000005,0.5303724757442038,1021.8811952440391,191.89405157112427,-0.5,0.0,-0.43130935587974467,-0.2529273404173613,0.0,0.0,,
48.0,4.945616600800794,0.4088199023059591,8.554098895304802,-0.008371978658474406,0.0063106838924182505,0.004078272434095313,28.50000000000005,0.5303724757442038,1024.3375020257743,193.33447277480116,-0.5,0.0,-0.43130935587974467,-0.2529273404173613,0.0,0.0,1022.1646084410244,193.48938971798734
48.1,4.978934144516562,-0.008793778512907018,8.539937962210972,-0.0025086548021141515,-0.003064744621634496,0.007701682701896117,28.45000000000005,0.5303724757442038,1026.7894957139506,194.77236470507387,-0.5,0.0,-0.43130935587974467,-0.2529273404173613,0.0,0.0,,
48.2,5.046615092445893,0.1730177484838371,8.71730237053737,-0.005553872594110395,0.011670478277539276,-0.0037192089956520884,28.40000000000005,0.5303724757442038,1029.2371763085682,196.2077273619424,-0.5,0.0,-0.43130935587974467,-0.2529273404173613,0.0,0.0,,
48.300000000000004,4.438743815013572,-0.04403199516903954,8.355200649637556,0.011019509134657301,0.000796818037689672,0.002701763191856062,28.350000000000048,0.5303724757442038,1031.6805438096271,197.64056074540676,-0.5,0.0,-0.43130935587974467,-0.2529273404173613,0.0,0.0,,
48.400000000000006,4.9653120505495,-0.0027266395610832522,8.215815066519967,0.003601530280635009,-0.0060134990106154775,-0.0014029630306164644,28.300000000000047,0.5303724757442038,1034.119598217127,199.07086485546697,-0.5,0.0,-0.43130935587974467,-0.2529273404173613,0.0,0.0,,
48.5,4.717311261009718,0.05778227836014793,8.753634439735436,0.016606093836167197,0.007869301942632656,0.0011179077010961807,28.250000000000046,0.5303724757442038,1036.5543395310683,200.498639692123,-0.5,0.0,-0.43130935587974467,-0.2529273404173613,0.0,0.0,,
48.6,4.593456761103249,-0.2945288365552613,8.55157781566982,-0.0033641254461168517,0.012157396358628681,0.005523664569041285,28.200000000000045,0.5303724757442038,1038.9847677514508,201.92388525537484,-0.5,0.0,-0.43130935587974467,-0.2529273404173613,0.0,0.0,,
48.7,4.750368467151741,-0.11032412507305447,8.450770520498763,0.014265158849746017,0.004616591999911163,0.0249851972544946,28.150000000000045,0.5303724757442038,1041.4108828782744,203.3466015452225,-0.5,0.0,-0.43130935587974467,-0.2529273404173613,0.0,0.0,,
48.800000000000004,5.1962528792377745,-0.06897067566390508,8.56362660568299,-0.003118735131368192,-0.0017287225041655641,7.983276031967631e-05,28.100000000000044,0.5303724757442038,1043.8326849115392,204.766788561666,-0.5,0.0,-0.43130935587974467,-0.2529273404173613,0.0,0.0,,
48.900000000000006,4.99486318730341,0.04037205188615356,8.404198239656811,0.005696856452888076,-0.008246119715965606,0.0016091631927637354,28.050000000000043,0.5303724757442038,1046.2501738512453,206.18444630470532,-0.5,0.0,-0.43130935587974467,-0.2529273404173613,0.0,0.0,,
49.0,4.868333996439939,0.2430809627036869,8.63272087919584,0.001123732251968473,-0.006754322381944637,0.007107144603801244,28.000000000000043,0.5303724757442038,1048.6633496973925,207.59957477434048,-0.5,0.0,-0.43130935587974467,-0.2529273404173613,0.0,0.0,1050.4576481919723,211.97040281997823
49.1,4.847905571880883,-0.036044973887006865,8.53721398233544,-0.0031774543833009857,-0.006557277473237525,0.0154749602187737,27.950000000000042,0.5303724757442038,1051.072212449981,209.01217397057147,-0.5,0.0,-0.43130935587974467,-0.2529273404173613,0.0,0.0,,
49.2,4.773720200752783,0.010413371794075938,8.607349060064996,-0.005317045758070154,-0.0022988615295428533,-0.006904338397704001,27.90000000000004,0.5303724757442038,1053.4767621090107,210.42224389339827,-0.5,0.0,-0.43130935587974467,-0.2529273404173613,0.0,0.0,,
49.300000000000004,4.772180936049199,0.2150428300109124,8.792857031246953,0.0021944290578845786,0.0031502592802153916,0.005446356301854625,27.85000000000004,0.5303724757442038,1055.8769986744815,211.8297845428209,-0.5,0.0,-0.43130935587974467,-0.2529273404173613,0.0,0.0,,
49.400000000000006,4.916659812935354,0.30595238608618547,8.46881780951343,-0.00202567292300192,-0.004506279327989403,0.013020674103654581,27.80000000000004,0.5303724757442038,1058.2729221463935,213.23479591883935,-0.5,0.0,-0.43130935587974467,-0.2529273404173613,0.0,0.0,,
49.5,4.842654290987711,-0.08239489007330365,8.256583798203588,-0.0014407340916385001,-0.008357506829501267,0.001054112628761041,27.75000000000004,0.5303724757442038,1060.6645325247468,214.63727802145362,-0.5,0.0,-0.43130935587974467,-0.2529273404173613,0.0,0.0,,
49.6,4.8482987394625345,0.28069409658633426,8.666256843321172,0.0054311098144197364,-0.00013644662963776898,0.0032643022147535016,27.70000000000004,0.5303724757442038,1063.0518298095412,216.03723085066375,-0.5,0.0,-0.43130935587974467,-0.2529273404173613,0.0,0.0,,
49.7,4.9519358424373845,0.12489004024249177,8.523278833535368,0.018721923131546567,0.0056094604976469785,0.014200808279702869,27.650000000000038,0.5303724757442038,1065.434814000777,217.4346544064697,-0.5,0.0,-0.43130935587974467,-0.2529273404173613,0.0,0.0,,
49.800000000000004,4.989282177954992,-0.013690552828015061,8.73631285009932,-0.0053792778585887695,0.0019287254666870489,0.009453646150213145,27.600000000000037,0.5303724757442038,1067.8134850984538,218.82954868887145,-0.5,0.0,-0.43130935587974467,-0.2529273404173613,0.0,0.0,,
49.900000000000006,4.782251723580902,-0.2379910245129526,8.525177630695103,-6.071220506322782e-05,0.005693401005307266,0.013653484789910563,27.550000000000036,0.5303724757442038,1070.1878431025718,220.22191369786904,-0.5,0.0,-0.43130935587974467,-0.2529273404173613,0.0,0.0,,
50.0,4.861419315830096,0.061461630983761575,8.503667257013538,-0.008405668378332037,-0.001666414082993124,0.0013732174822182067,27.500000000000036,0.5303724757442038,1072.557888013131,221.61174943346245,-0.5,0.0,-0.43130935587974467,-0.2529273404173613,0.0,0.0,1073.396055062217,217.63297581977005
50.1,4.854647210129228,0.27591905593916544,8.76863609172798,-0.007917252374196248,0.02252800223934741,0.011606773279689706,27.450000000000035,0.5303724757442038,1074.9236198301317,222.99905589565168,-0.5,0.0,-0.43130935587974467,-0.2529273404173613,0.0,0.0,,
50.2,4.795708563707622,0.03435972286771227,8.651470985705814,-0.01099405639802079,0.005164535399977146,0.017301216075058683,27.400000000000034,0.5303724757442038,1077.2850385535733,224.38383308443676,-0.5,0.0,-0.43130935587974467,-0.2529273404173613,0.0,0.0,,
50.300000000000004,4.708035518828097,0.06067713825747209,8.646359577359588,9.648679191353453e-05,0.018769045430407517,-0.007370040184600704,27.350000000000033,0.5303724757442038,1079.6421441834561,225.76608099981766,-0.5,0.0,-0.43130935587974467,-0.2529273404173613,0.0,0.0,,
50.400000000000006,4.793059517317982,-0.11435197284303311,8.553639056990397,0.014753743816145486,-0.008580882466399832,0.0036296586407613095,27.300000000000033,0.5303724757442038,1081.9949367197803,227.14579964179438,-0.5,0.0,-0.43130935587974467,-0.2529273404173613,0.0,0.0,,
50.5,4.832198027505636,0.06418680350439958,8.568225611619614,-0.004211400597323138,-0.013137453332336225,0.0034109482141478943,27.250000000000032,0.5303724757442038,1084.3434161625455,228.52298901036693,-0.5,0.0,-0.43130935587974467,-0.2529273404173613,0.0,0.0,,
50.6,4.74567344206693,0.017676075746573865,8.637637642078259,0.01845527939208414,0.018398274928435134,0.009211218328114489,27.20000000000003,0.5303724757442038,1086.687582511752,229.8976491055353,-0.5,0.0,-0.43130935587974467,-0.2529273404173613,0.0,0.0,,
50.7,4.737778908269287,-0.07682322409887282,8.327109166938712,-0.008430484600353023,-0.001461511528878942,0.00045410360913746527,27.15000000000003,0.5303724757442038,1089.0274357673998,231.26977992729948,-0.5,0.0,-0.43130935587974467,-0.2529273404173613,0.0,0.0,,
50.800000000000004,4.852314845995697,-0.20072052053278625,8.550045792736677,0.005231944091175702,-0.0094280679965524,0.022772873581272814,27.10000000000003,0.5303724757442038,1091.3629759294886,232.63938147565952,-0.5,0.0,-0.43130935587974467,-0.2529273404173613,0.0,0.0,,
50.900000000000006,4.7237793641116035,0.1174351343332397,8.793449827429608,0.0009419857266768673,0.01800677791307684,0.003881833528098984,27.05000000000003,0.5303724757442038,1093.6942029980187,234.00645375061538,-0.5,0.0,-0.43130935587974467,-0.2529273404173613,0.0,0.0,,
51.0,4.549170604689977,-0.09093194439899058,8.673935524579775,0.011284149876876844,0.0008618696992222654,0.011541768642773707,27.00000000000003,0.5303724757442038,1096.02111697299,235.37099675216706,-0.5,0.0,-0.43130935587974467,-0.2529273404173613,0.0,0.0,1087.2477446579899,235.07538305062576
51.1,4.797901642573055,-0.06005526283821663,8.56570179245393,0.013766890094813924,0.001488311759294774,-0.009130124860108852,26.950000000000028,0.5303724757442038,1098.3437178544025,236.73301048031456,-0.5,0.0,-0.43130935587974467,-0.2529273404173613,0.0,0.0,,
51.2,4.948288721813526,-0.1541594493485314,8.355899835543918,0.014053769875456399,0.0011748772902245887,0.008518215642702722,26.900000000000027,0.5303724757442038,1100.6620056422562,238.09249493505789,-0.5,0.0,-0.43130935587974467,-0.2529273404173613,0.0,0.0,,
51.300000000000004,4.9170110097212625,0.3329817738855061,8.471749614456416,-0.02443429083383548,0.00331289627408453,-0.0007888974491524056,26.850000000000026,0.5303724757442038,1102.9759803365512,239.44945011639703,-0.5,0.0,-0.43130935587974467,-0.2529273404173613,0.0,0.0,,
51.400000000000006,4.7349897867743005,-0.005963530443890232,8.426286377134716,0.019718609231212603,0.0008275418500348278,0.012786844442563243,26.800000000000026,0.5303724757442038,1105.2856419372872,240.80387602433203,-0.5,0.0,-0.43130935587974467,-0.2529273404173613,0.0,0.0,,
51.5,4.739373048011038,-0.011527899386321427,8.609772719386285,0.02201305889430768,0.007987427784824266,-0.0036698382086970197,26.750000000000025,0.5303724757442038,1107.5909904444645,242.15577265886284,-0.5,0.0,-0.43130935587974467,-0.2529273404173613,0.0,0.0,,
51.6,4.784593932783294,-0.03844727831809107,8.583423676559041,-0.0068733726337025305,-0.0035317548564819906,-0.00982005335986655,26.700000000000024,0.5303724757442038,1109.892025858083,243.50514001998948,-0.5,0.0,-0.43130935587974467,-0.2529273404173613,0.0,0.0,,
51.7,4.936221044968527,-0.23884284811461212,8.604535540861026,0.01685456304913804,0.01252041565341122,0.018018465602772808,26.650000000000023,0.5303724757442038,1112.1887481781425,244.85197810771194,-0.5,0.0,-0.43130935587974467,-0.2529273404173613,0.0,0.0,,
51.800000000000004,4.855987189066176,0.04991821754510482,8.520639399927282,0.012262235803065203,-0.00924494478978422,0.012684723127535073,26.600000000000023,0.5303724757442038,1114.4811574046435,246.19628692203023,-0.5,0.0,-0.43130935587974467,-0.2529273404173613,0.0,0.0,,
51.900000000000006,5.1071547274261615,-0.032950804833715264,8.71180047726583,-0.004755137581872477,-0.011296921683158814,-0.0038710800887314725,26.550000000000022,0.5303724757442038,1116.7692535375854,247.53806646294433,-0.5,0.0,-0.43130935587974467,-0.2529273404173613,0.0,0.0,,
52.0,4.942153694058455,0.20062759617389503,8.4194823293171,-0.008464632725022058,0.003158233239518847,0.005911068949325782,26.50000000000002,0.5303724757442038,1119.0530365769687,248.87731673045428,-0.5,0.0,-0.43130935587974467,-0.2529273404173613,0.0,0.0,1120.8522875458762,250.8452898840824
52.1,4.850662432586443,0.13666385860365643,8.630062695735862,0.009876441832226952,-0.005823809946834212,0.012782289244294696,26.45000000000002,0.5303724757442038,1121.3325065227932,250.21403772456006,-0.5,0.0,-0.43130935587974467,-0.2529273404173613,0.0,0.0,,
52.2,5.032424647273423,0.19861834557828917,8.728185112908195,-0.007963008963912895,-0.006994172509127998,0.007808440104643349,26.40000000000002,0.5303724757442038,1123.6076633750588,251.54822944526165,-0.5,0.0,-0.43130935587974467,-0.2529273404173613,0.0,0.0,,
52.300000000000004,4.7662708491436945,0.01952722662472002,8.639302100458728,0.009850355333475136,0.009631097313140189,0.006421172691263351,26.35000000000002,0.5303724757442038,1125.8785071337657,252.87989189255907,-0.5,0.0,-0.43130935587974467,-0.2529273404173613,0.0,0.0,,
52.400000000000006,5.182797907478398,-0.1007547348212903,8.58171591507472,0.0133993767692286,-0.010893386957718361,-0.0008056925839728434,26.30000000000002,0.5303724757442038,1128.1450377989138,254.2090250664523,-0.5,0.0,-0.43130935587974467,-0.2529273404173613,0.0,0.0,,
52.5,4.735286997622985,0.18189639227312782,8.667065384042473,0.0003416739703641299,-0.00017930925677058765,-0.0036607746594046267,26.250000000000018,0.5303724757442038,1130.407255370503,255.53562896694137,-0.5,0.0,-0.43130935587974467,-0.2529273404173613,0.0,0.0,,
52.6,4.695033979725372,0.1425441729473303,8.446736691897097,0.0010156604285634346,0.005945643472515932,0.010822358468592346,26.200000000000017,0.5303724757442038,1132.6651598485334,256.85970359402626,-0.5,0.0,-0.43130935587974467,-0.2529273404173613,0.0,0.0,,
52.7,4.7980535558990445,0.18056459976589007,8.483277160506363,-0.0027776655073796473,0.01049998719821537,-0.0017440600100257792,26.150000000000016,0.5303724757442038,1134.9187512330052,258.18124894770693,-0.5,0.0,-0.43130935587974467,-0.2529273404173613,0.0,0.0,,
52.800000000000004,4.878384115520017,0.0032305412797037428,8.446188473624074,0.008464841403445887,-0.011885915460807066,0.007451509473115509,26.100000000000016,0.5303724757442038,1137.168029523918,259.50026502798346,-0.5,0.0,-0.43130935587974467,-0.2529273404173613,0.0,0.0,,
52.900000000000006,4.874515134142149,0.023634178798173543,8.397966904561935,0.005774519414530308,-0.0014369453358994057,0.02158526788753496,26.050000000000015,0.5303724757442038,1139.412994721272,260.81675183485584,-0.5,0.0,-0.43130935587974467,-0.2529273404173613,0.0,0.0,,
53.0,5.017661545366329,0.0311882675365706,8.597788413030345,0.0021906100227082697,-0.002539806522850718,0.00512380004780401,26.000000000000014,0.5303724757442038,1141.6536468250674,262.130709368324,-0.5,0.0,-0.43130935587974467,-0.2529273404173613,0.0,0.0,1136.7598758102672,258.6747413220077
53.1,4.717133019168805,0.3691118511345065,8.29438660105699,0.010480231172818268,0.019856186537022744,0.0038805088256999585,25.950000000000014,0.5303724757442038,1143.8899858353038,263.442137628388,-0.5,0.0,-0.43130935587974467,-0.2529273404173613,0.0,0.0,,
53.2,4.847497259949088,-0.09987870003338947,8.52426030115203,-0.020726888959719143,0.020071291084219216,-0.002731580757800221,25.900000000000013,0.5303724757442038,1146.1220117519815,264.75103661504784,-0.5,0.0,-0.43130935587974467,-0.2529273404173613,0.0,0.0,,
53.300000000000004,4.596159088733556,0.07524366114135544,8.51185669734672,-0.0010878408507459735,-0.0005365218530008728,0.004141257962963667,25.850000000000012,0.5303724757442038,1148.3497245751005,266.0574063283035,-0.5,0.0,-0.43130935587974467,-0.2529273404173613,0.0,0.0,,
53.400000000000006,4.8769828939570345,-0.2750224123526136,8.686407703802423,0.009063210272053425,0.008806528051105829,0.006072290029110389,25.80000000000001,0.5303724757442038,1150.5731243046605,267.36124676815496,-0.5,0.0,-0.43130935587974467,-0.2529273404173613,0.0,0.0,,
53.5,4.991592222423737,-0.14316608351474827,8.699103957486027,0.009297533548526924,0.012182759405442688,0.005328395545005272,25.75000000000001,0.5303724757442038,1152.7922109406618,268.66255793460226,-0.5,0.0,-0.43130935587974467,-0.2529273404173613,0.0,0.0,,
53.6,4.792447299790096,0.043639170347369076,8.760350897476776,0.0019921795037634803,0.027862900320883434,0.002834238067428338,25.70000000000001,0.5303724757442038,1155.0069844831044,269.9613398276454,-0.5,0.0,-0.43130935587974467,-0.2529273404173613,0.0,0.0,,
53.7,5.1536163892103595,0.125747391014344,8.363584038019784,0.015036674200228004,0.01918706289705483,0.018994995848804486,25.65000000000001,0.5303724757442038,1157.217444931988,271.25759244728437,-0.5,0.0,-0.43130935587974467,-0.2529273404173613,0.0,0.0,,
53.800000000000004,4.683506433648029,-0.017730683628906424,8.369940735419494,0.0009851846749727772,0.020189367356291593,0.022541992832350442,25.60000000000001,0.5303724757442038,1159.4235922873129,272.55131579351917,-0.5,0.0,-0.43130935587974467,-0.2529273404173613,0.0,0.0,,
53.900000000000006,4.75934295939641,-0.3099128670556841,8.57999546150585,0.01039874099040683,-0.012070673512040756,-0.0011531102004502846,25.550000000000008,0.5303724757442038,1161.625426549079,273.84250986634976,-0.5,0.0,-0.43130935587974467,-0.2529273404173613,0.0,0.0,,
54.0,4.703568867698276,-0.054494404563818724,8.650904073420978,0.007299808244329596,0.006031638209917849,0.011890344295359827,25.500000000000007,0.5303724757442038,1163.8229477172863,275.1311746657762,-0.5,0.0,-0.43130935587974467,-0.2529273404173613,0.0,0.0,1172.17725955769,279.5249269256471
54.1,4.852430827460645,0.2045987393454119,8.63347173461927,0.009007809478595818,-0.00027816293540224344,0.014025322141227752,25.450000000000006,0.5303724757442038,1166.0161557919348,276.4173101917985,-0.5,0.0,-0.43130935587974467,-0.2529273404173613,0.0,0.0,,
54.2,4.530635795860993,0.23122066878227024,8.442897538342015,0.003141829035054774,0.01169248748366207,0.013451297288358558,25.400000000000006,0.5303724757442038,1168.2050507730246,277.7009164444166,-0.5,0.0,-0.43130935587974467,-0.2529273404173613,0.0,0.0,,
54.300000000000004,5.000224976171592,0.006659580849116494,8.477464268313827,-0.0020045784741777213,0.015774424533018347,0.0003030222751522508,25.350000000000005,0.5303724757442038,1170.3896326605554,278.9819934236305,-0.5,0.0,-0.43130935587974467,-0.2529273404173613,0.0,0.0,,
54.400000000000006,4.886171691371695,-0.06910971655189681,8.326026418150704,-0.004589800961887655,0.014700563145184012,0.012867033857517753,25.300000000000004,0.5303724757442038,1172.5699014545276,280.26054112944024,-0.5,0.0,-0.43130935587974467,-0.2529273404173613,0.0,0.0,,
54.5,4.848984821609053,-0.08417114262282495,8.676029317080358,0.003982834804552895,0.0030628187887989993,0.00429673147739249,25.250000000000004,0.5303724757442038,1174.745857154941,281.5365595618458,-0.5,0.0,-0.43130935587974467,-0.2529273404173613,0.0,0.0,,
54.6,4.680065037056345,-0.17836778926498412,8.549852625414596,0.0014127626718281438,-0.002383093049257152,0.007864851781480485,25.200000000000003,0.5303724757442038,1176.9174997617954,282.8100487208472,-0.5,0.0,-0.43130935587974467,-0.2529273404173613,0.0,0.0,,
54.7,4.74404002461993,0.08305144825840902,8.737665094725577,-0.008044034886904175,-0.016708232048562532,0.0040964041266051895,25.150000000000002,0.5303724757442038,1179.0848292750911,284.0810086064444,-0.5,0.0,-0.43130935587974467,-0.2529273404173613,0.0,0.0,,
54.800000000000004,4.788252902438568,0.04129432779246928,8.739913407566958,-0.02023394180634137,0.003587160685229079,0.006089818129453169,25.1,0.5303724757442038,1181.2478456948281,285.3494392186375,-0.5,0.0,-0.43130935587974467,-0.2529273404173613,0.0,0.0,,
54.900000000000006,4.799641022660059,0.3723693262802811,8.563997449266044,0.0027438456337985384,0.0032041299799647448,0.011446200906316213,25.05,0.5303724757442038,1183.4065490210062,286.61534055742635,-0.5,0.0,-0.43130935587974467,-0.2529273404173613,0.0,0.0,,
55.0,4.735436276876634,0.1598767406435722,8.66741956470364,-0.005965509203661879,0.0025051762871990883,0.015669527141998103,25.0,0.5303724757442038,1185.5609392536255,287.87871262281107,-0.5,0.0,-0.43130935587974467,-0.2529273404173613,0.0,0.0,1179.8456064049549,279.9263337643094
55.1,4.654974644112052,-0.2185821056534831,8.566755590080225,0.0008762808092699446,0.00104174566665426,0.012636101790459275,24.95,0.5303724757442038,1187.7110163926861,289.1395554147916,-0.5,0.0,-0.43130935587974467,-0.2529273404173613,0.0,0.0,,
55.2,4.778158387535024,-0.02141928218497771,8.5907363554342,-0.01124656011754426,-0.02251057843841906,0.015387297269312067,24.9,0.5303724757442038,1189.8567804381878,290.39786893336793,-0.5,0.0,-0.43130935587974467,-0.2529273404173613,0.0,0.0,,
55.300000000000004,4.691989131820429,0.08848350280708434,8.542794432863806,-0.0030576491997484595,0.012085253590772583,-0.007456350212184697,24.849999999999998,0.5303724757442038,1191.9982313901307,291.65365317854014,-0.5,0.0,-0.43130935587974467,-0.2529273404173613,0.0,0.0,,
55.400000000000006,4.683754278643045,0.3231213973468482,8.312298488690267,0.0036898144309213993,-0.008258660975299469,0.004427786979991124,24.799999999999997,0.5303724757442038,1194.135369248515,292.90690815030814,-0.5,0.0,-0.43130935587974467,-0.2529273404173613,0.0,0.0,,
55.5,4.935741282474391,0.02797305349138089,8.513889622247419,0.004767236018102839,0.0033713070887409196,-0.0025231300961940477,24.749999999999996,0.5303724757442038,1196.2681940133402,294.157633848672,-0.5,0.0,-0.43130935587974467,-0.2529273404173613,0.0,0.0,,
55.6,4.963588394028323,0.1574093110960479,8.07892758915786,0.0016214433982697132,-0.012470071777483929,-0.0015956658113695493,24.699999999999996,0.5303724757442038,1198.3967056846068,295.40583027363164,-0.5,0.0,-0.43130935587974467,-0.2529273404173613,0.0,0.0,,
55.7,4.9739843623642965,-0.179421066342973,8.639694079326729,0.005933772032499902,0.010040685116739046,0.019503480932884114,24.649999999999995,0.5303724757442038,1200.5209042623146,296.65149742518713,-0.5,0.0,-0.43130935587974467,-0.2529273404173613,0.0,0.0,,
55.800000000000004,4.910389269596042,-0.062116932685904444,8.416328609145793,-0.000404297678315041,-0.01212944128368571,0.012531330387728004,24.599999999999994,0.5303724757442038,1202.6407897464635,297.8946353033384,-0.5,0.0,-0.43130935587974467,-0.2529273404173613,0.0,0.0,,
55.900000000000006,4.917342015548856,0.07525824057263136,8.791096628282046,0.004903594642162238,0.004094879044498704,0.01172151263081687,24.549999999999994,0.5303724757442038,1204.7563621370537,299.13524390808556,-0.5,0.0,-0.43130935587974467,-0.2529273404173613,0.0,0.0,,
56.0,4.963706748322491,-0.003599009461505445,8.547742003660773,-0.0065625339592894055,-0.01765599446809712,0.015597625624019408,24.499999999999993,0.5303724757442038,1206.867621434085,300.37332323942854,-0.5,0.0,-0.43130935587974467,-0.2529273404173613,0.0,0.0,1211.0080551973308,302.7026949410089
56.1,4.506599364344795,0.05791995740510868,8.603436793310038,0.022201100533091697,0.00014017532310850236,-0.0047857061625365994,24.449999999999992,0.5303724757442038,1208.9745676375576,301.6088732973673,-0.5,0.0,-0.43130935587974467,-0.2529273404173613,0.0,0.0,,
56.2,4.866230941526144,-0.10832088295607914,8.463936463050569,0.0010265855124348823,0.011034777899708205,-0.006709455771332357,24.39999999999999,0.5303724757442038,1211.0772007474714,302.84189408190196,-0.5,0.0,-0.43130935587974467,-0.2529273404173613,0.0,0.0,,
56.300000000000004,4.797321616661955,-0.25419465152966725,8.778245485613992,0.005650869279577113,0.003036261185614453,0.010047036307840176,24.34999999999999,0.5303724757442038,1213.1755207638264,304.0723855930324,-0.5,0.0,-0.43130935587974467,-0.2529273404173613,0.0,0.0,,
56.400000000000006,4.55870184487692,-0.021350052383028506,8.626692917370818,-0.005446710733049682,0.005061493770196559,0.003068364810487069,24.29999999999999,0.5303724757442038,1215.2695276866225,305.30034783075865,-0.5,0.0,-0.43130935587974467,-0.2529273404173613,0.0,0.0,,
56.5,4.841221133760827,0.08345788786141145,8.343516386778536,-0.019306398794693987,0.0042057697564577235,0.00680043802538045,24.24999999999999,0.5303724757442038,1217.3592215158599,306.5257807950808,-0.5,0.0,-0.43130935587974467,-0.2529273404173613,0.0,0.0,,
56.6,4.8769851863305,-0.09450554156584741,8.539070255479968,-0.0017478394774474023,0.010661574349975438,0.018226048274561268,24.19999999999999,0.5303724757442038,1219.4446022515385,307.7486844859987,-0.5,0.0,-0.43130935587974467,-0.2529273404173613,0.0,0.0,,
56.7,4.762527986457247,-0.04684963157847702,8.73085433952649,0.008602477395320378,0.019518176457742484,0.012858891946270611,24.149999999999988,0.5303724757442038,1221.5256698936582,308.96905890351246,-0.5,0.0,-0.43130935587974467,-0.2529273404173613,0.0,0.0,,
56.800000000000004,4.716427484842454,0.07188512425121046,8.648275816194017,0.009426733639669059,-0.013773592399994187,-0.0028819993773553203,24.099999999999987,0.5303724757442038,1223.6024244422192,310.186904047622,-0.5,0.0,-0.43130935587974467,-0.2529273404173613,0.0,0.0,,
56.900000000000006,4.838609199331137,-0.08567181615400396,8.519309732641238,0.004712168055632719,0.005808625708106161,-0.004292461095426761,24.049999999999986,0.5303724757442038,1225.6748658972215,311.40221991832743,-0.5,0.0,-0.43130935587974467,-0.2529273404173613,0.0,0.0,,
57.0,4.651588502415363,-0.03508720093292504,8.371307482827246,0.007704308294167219,0.02022709850706749,0.041558477902680344,23.999999999999986,0.5303724757442038,1227.7429942586648,312.61500651562864,-0.5,0.0,-0.43130935587974467,-0.2529273404173613,0.0,0.0,1221.8438161560448,314.11215001280453
57.1,4.756192847026599,0.07315568966029837,8.843672683440081,-0.019337664641659078,0.014474772400402887,-0.002381593081369952,23.949999999999985,0.5303724757442038,1229.8068095265494,313.8252638395257,-0.5,0.0,-0.43130935587974467,-0.2529273404173613,0.0,0.0,,
57.2,4.796524125578806,0.23625600533220212,8.300906935809426,0.0006229629318830841,0.0029466409603214633,0.008291886836006124,23.899999999999984,0.5303724757442038,1231.8663117008753,315.0329918900186,-0.5,0.0,-0.43130935587974467,-0.2529273404173613,0.0,0.0,,
57.300000000000004,4.664729311246428,0.005535852419800653,8.381465248440449,0.001524014009855408,-0.005453259088632166,0.001288897315421855,23.849999999999984,0.5303724757442038,1233.9215007816422,316.2381906671073,-0.5,0.0,-0.43130935587974467,-0.2529273404173613,0.0,0.0,,
57.400000000000006,5.058343896914781,0.04202763702726967,8.683500003613238,0.007866466616210563,0.004596048862705512,-0.0012904234301312377,23.799999999999983,0.5303724757442038,1235.9723767688504,317.44086017079184,-0.5,0.0,-0.43130935587974467,-0.2529273404173613,0.0,0.0,,
57.5,4.918266375592728,0.08251641413894231,8.323424550685077,-0.006319225858471971,-0.016118876383137283,-0.001663266104855514,23.749999999999982,0.5303724757442038,1238.0189396624999,318.6410004010722,-0.5,0.0,-0.43130935587974467,-0.2529273404173613,0.0,0.0,,
57.6,4.755808846635284,0.002442908855878643,8.41560019549436,-0.0057865646192341805,-0.007726631113947636,0.022424657619663516,23.69999999999998,0.5303724757442038,1240.0611894625904,319.83861135794837,-0.5,0.0,-0.43130935587974467,-0.2529273404173613,0.0,0.0,,
57.7,4.740664085667639,-0.2065420037972431,8.540100078558913,-0.003564249749980006,0.0020594101995421465,0.0005103204341906364,23.64999999999998,0.5303724757442038,1242.0991261691222,321.0336930414204,-0.5,0.0,-0.43130935587974467,-0.2529273404173613,0.0,0.0,,
57.800000000000004,4.797247891602421,-0.2122158711209608,8.652964935218721,-0.012252897825808844,-0.0028778035230845314,0.021768351988001748,23.59999999999998,0.5303724757442038,1244.1327497820953,322.22624545148824,-0.5,0.0,-0.43130935587974467,-0.2529273404173613,0.0,0.0,,
57.900000000000006,4.7255019652760515,-0.06417951735886894,8.549735038922716,-0.006393194146654095,-0.0022504774223910543,-0.014466782418016475,23.54999999999998,0.5303724757442038,1246.1620603015094,323.4162685881519,-0.5,0.0,-0.43130935587974467,-0.2529273404173613,0.0,0.0,,
58.0,4.883632413585308,0.04450794129657417,8.36712742183712,-0.010972883109043714,-0.007380242767130245,0.005928786330464129,23.49999999999998,0.5303724757442038,1248.1870577273648,324.6037624514114,-0.5,0.0,-0.43130935587974467,-0.2529273404173613,0.0,0.0,1249.9391194765421,326.97214637401015
58.1,4.604603761493346,0.041669658618710526,8.44412583243055,-0.015874505347237396,-0.008295856451119039,0.012503688082715908,23.449999999999978,0.5303724757442038,1250.2077420596615,325.7887270412667,-0.5,0.0,-0.43130935587974467,-0.2529273404173613,0.0,0.0,,
58.2,4.825483824555423,-0.14361874277835754,8.719635476036618,-0.015864533803986364,0.014026550674308753,0.008239166722724293,23.399999999999977,0.5303724757442038,1252.2241132983993,326.97116235771784,-0.5,0.0,-0.43130935587974467,-0.2529273404173613,0.0,0.0,,
58.300000000000004,4.967092439269113,0.17356050497934858,8.416292339207843,0.005441906041153005,0.000755865063877103,0.014999972941301445,23.349999999999977,0.5303724757442038,1254.2361714435783,328.1510684007648,-0.5,0.0,-0.43130935587974467,-0.2529273404173613,0.0,0.0,,
58.400000000000006,4.88104681306723,0.020070181509797065,8.643888816398725,-0.01894159057121891,0.01748339008098127,0.020977599712053277,23.299999999999976,0.5303724757442038,1256.2439164951986,329.32844517040763,-0.5,0.0,-0.43130935587974467,-0.2529273404173613,0.0,0.0,,
58.5,5.020090776018575,0.2392250777954158,8.495361579189904,0.006775893025700474,0.0068539958865844975,-0.015178753376536286,23.249999999999975,0.5303724757442038,1258.24734845326,330.50329266664625,-0.5,0.0,-0.43130935587974467,-0.2529273404173613,0.0,0.0,,
58.6,4.735082739795076,-0.08241830323656933,8.312733537298994,0.01208931878129464,0.007020525264247706,-0.0007070751526769732,23.199999999999974,0.5303724757442038,1260.2464673177626,331.6756108894807,-0.5,0.0,-0.43130935587974467,-0.2529273404173613,0.0,0.0,,
58.7,4.631508163833136,0.08944939620813724,8.479012186203844,-0.008121908281644306,-0.00931615036038797,0.0006577097233317905,23.149999999999974,0.5303724757442038,1262.2412730887065,332.84539983891096,-0.5,0.0,-0.43130935587974467,-0.2529273404173613,0.0,0.0,,
58.800000000000004,4.8579508825257705,0.06950742800077299,8.677364181425677,0.008167699385561285,-0.022576166236141698,-0.005780049608109138,23.099999999999973,0.5303724757442038,1264.2317657660915,334.01265951493707,-0.5,0.0,-0.43130935587974467,-0.2529273404173613,0.0,0.0,,
58.900000000000006,4.804065309124684,-0.18280716726583407,8.648714641465402,-0.01511571243665033,0.023466132255046054,0.0071732801980751125,23.049999999999972,0.5303724757442038,1266.2179453499177,335.177389917559,-0.5,0.0,-0.43130935587974467,-0.2529273404173613,0.0,0.0,,
59.0,4.95974615521979,0.056060276125009176,8.759015851424175,0.007244176666352769,0.013028217645443277,-0.005711661005453667,22.99999999999997,0.5303724757442038,1268.1998118401852,336.3395910467768,-0.5,0.0,-0.43130935587974467,-0.2529273404173613,0.0,0.0,1265.5701555094734,337.65904535576124
59.1,4.938300686109651,-0.1578645747472982,8.569388712413136,0.005433377981186801,-0.002503109209484344,0.009851270871608177,22.94999999999997,0.5303724757442038,1270.1773652368938,337.4992629025904,-0.5,0.0,-0.43130935587974467,-0.2529273404173613,0.0,0.0,,
59.2,4.909682424156346,-0.11151603140691577,8.77177523871284,0.0019248355919159572,0.016869054481816224,0.016507505747401695,22.89999999999997,0.5303724757442038,1272.1506055400437,338.65640548499977,-0.5,0.0,-0.43130935587974467,-0.2529273404173613,0.0,0.0,,
59.300000000000004,4.852663530635563,-0.06706335171502484,8.712734860167908,0.02224367522926074,0.004523393322830458,0.007857165722620655,22.84999999999997,0.5303724757442038,1274.1195327496348,339.811018794005,-0.5,0.0,-0.43130935587974467,-0.2529273404173613,0.0,0.0,,
59.400000000000006,4.814728738541687,-0.26529262226701844,8.457499820959592,0.013658126523700794,-0.006345945535531122,0.016398787186222813,22.79999999999997,0.5303724757442038,1276.084146865667,340.96310282960604,-0.5,0.0,-0.43130935587974467,-0.2529273404173613,0.0,0.0,,
59.5,4.974457976428498,0.44527108336339316,8.314745504868812,0.004710176278595783,-0.009641866640926243,-0.012372991840944222,22.749999999999968,0.5303724757442038,1278.0444478881404,342.11265759180293,-0.5,0.0,-0.43130935587974467,-0.2529273404173613,0.0,0.0,,
59.6,4.588549457317086,-0.010351204755338086,8.788264915229172,-0.015747741895295958,0.01613116564967939,0.007543320869894412,22.699999999999967,0.5303724757442038,1280.0004358170552,343.25968308059566,-0.5,0.0,-0.43130935587974467,-0.2529273404173613,0.0,0.0,,
59.7,4.905639366942396,0.17014440735441896,8.673340568322221,-0.010244575305886917,0.0005602909691025928,0.008332706891640604,22.649999999999967,0.5303724757442038,1281.952110652411,344.4041792959842,-0.5,0.0,-0.43130935587974467,-0.2529273404173613,0.0,0.0,,
59.800000000000004,5.04535063927898,-0.014005760471990106,8.624388672893044,0.015209830311430883,0.007922340879558032,0.013036349266224411,22.599999999999966,0.5303724757442038,1283.899472394208,345.54614623796857,-0.5,0.0,-0.43130935587974467,-0.2529273404173613,0.0,0.0,,
59.900000000000006,4.944753505361238,0.07180340743033456,8.405333764483471,-0.014145120656740243,-0.006215465303344661,0.0018694098585980848,22.549999999999965,0.5303724757442038,1285.8425210424464,346.68558390654874,-0.5,0.0,-0.43130935587974467,-0.2529273404173613,0.0,0.0,,
60.0,4.894627703622333,0.07897382853268839,8.474248467349003,-0.01673485228096145,-0.0005485976385855173,-0.0021549271516301894,22.499999999999964,0.5303724757442038,1287.7812565971258,347.82249230172476,-0.5,0.0,-0.43130935587974467,-0.2529273404173613,0.0,0.0,1286.2718943110438,342.17936387250455
60.1,4.965575643694341,-0.06826655945024179,8.495713021742723,0.004495070282560992,0.00514030327037522,0.011491914769705052,22.449999999999964,0.5303724757442038,1289.7156790582465,348.95687142349664,-0.5,0.0,-0.43130935587974467,-0.2529273404173613,0.0,0.0,,
60.2,4.9045437334831234,0.023741165852368934,8.581692185311999,0.0065592587173866216,0.007428448363120145,-0.0016245301221033282,22.399999999999963,0.5303724757442038,1291.6457884258084,350.0887212718643,-0.5,0.0,-0.43130935587974467,-0.2529273404173613,0.0,0.0,,
60.300000000000004,4.810916840994704,0.07199741073333604,8.419006713143267,-0.005731608479255207,-0.00026855259121232473,0.01795900003115654,22.349999999999962,0.5303724757442038,1293.5715846998114,351.2180418468278,-0.5,0.0,-0.43130935587974467,-0.2529273404173613,0.0,0.0,,
60.400000000000006,4.673952198800164,-0.12042648166554643,8.552893243492704,0.015413317474369297,-0.01106220135658221,0.013363375188578792,22.29999999999996,0.5303724757442038,1295.4930678802557,352.3448331483871,-0.5,0.0,-0.43130935587974467,-0.2529273404173613,0.0,0.0,,
60.5,5.0028561772548565,0.2886297015063023,8.424096157213647,-0.0019528476693772077,-0.003370800935606225,0.017178619405357094,22.24999999999996,0.5303724757442038,1297.4102379671413,353.4690951765423,-0.5,0.0,-0.43130935587974467,-0.2529273404173613,0.0,0.0,,
60.6,4.778545945583364,-0.137986774170039,8.586122371478824,-0.011287179155131206,-0.00026033433109871716,-0.012605557441718323,22.19999999999996,0.5303724757442038,1299.3230949604679,354.59082793129323,-0.5,0.0,-0.43130935587974467,-0.2529273404173613,0.0,0.0,,
60.7,4.9444264177356,-0.1428979457385403,8.41022900256213,0.007254024379405655,0.009513683322888614,0.015129408239528417,22.14999999999996,0.5303724757442038,1301.2316388602358,355.71003141264003,-0.5,0.0,-0.43130935587974467,-0.2529273404173613,0.0,0.0,,
60.800000000000004,4.766489918254106,0.24854474057273596,8.533643277156107,-0.010413674051624642,-0.007745123624013952,0.012273297971148513,22.09999999999996,0.5303724757442038,1303.135869666445,356.8267056205827,-0.5,0.0,-0.43130935587974467,-0.2529273404173613,0.0,0.0,,
60.900000000000006,4.989392079139458,0.12124899003423809,8.330051456374173,0.006740562007870371,0.005187698615336688,-0.0020093372969645362,22.049999999999958,0.5303724757442038,1305.0357873790952,357.94085055512113,-0.5,0.0,-0.43130935587974467,-0.2529273404173613,0.0,0.0,,
61.0,4.646862408792027,-0.15165000193465708,8.527615999769479,-0.005492813053301221,-0.016324365275385548,-0.0013663170407239274,21.999999999999957,0.5303724757442038,1306.9313919981867,359.0524662162554,-0.5,0.0,-0.43130935587974467,-0.2529273404173613,0.0,0.0,1312.9588079107705,356.3204696723233
61.1,4.7220530850598825,0.12443852520473699,8.48046902863465,0.013885591926521265,0.0013173868591128224,0.011181489967050899,21.949999999999957,0.5303724757442038,1308.8226835237194,360.1615526039855,-0.5,0.0,-0.43130935587974467,-0.2529273404173613,0.0,0.0,,
61.2,4.460004101746475,0.14621384916005928,8.68503227650089,-0.007199717776701427,0.0041429142614545665,0.010716497467546443,21.899999999999956,0.5303724757442038,1310.7096619556933,361.26810971831145,-0.5,0.0,-0.43130935587974467,-0.2529273404173613,0.0,0.0,,
61.300000000000004,4.697502849542613,0.0715527453942853,8.44405269243741,0.004765448147109977,0.007914978242912376,-0.00023245291685088099,21.849999999999955,0.5303724757442038,1312.5923272941084,362.37213755923324,-0.5,0.0,-0.43130935587974467,-0.2529273404173613,0.0,0.0,,
61.400000000000006,4.655664220792939,0.2325174236575,8.554250543589687,-0.008753188220316522,0.0011256885883103283,0.010205654040763262,21.799999999999955,0.5303724757442038,1314.4706795389648,363.4736361267508,-0.5,0.0,-0.43130935587974467,-0.2529273404173613,0.0,0.0,,
61.5,4.847176141585789,0.10210279397251402,8.66827976596244,-0.008103475503329282,0.010685379517443803,0.00042278859943758844,21.749999999999954,0.5303724757442038,1316.3447186902622,364.57260542086425,-0.5,0.0,-0.43130935587974467,-0.2529273404173613,0.0,0.0,,
61.6,4.929366258209603,0.020946820208347414,8.622533520737127,0.007809428885105249,-0.00977281110610669,-0.002687719785853594,21.699999999999953,0.5303724757442038,1318.214444748001,365.6690454415735,-0.5,0.0,-0.43130935587974467,-0.2529273404173613,0.0,0.0,,
61.7,4.81729562411432,0.07095239606743248,8.470079080722094,-0.008395722333051673,0.0027108327607226045,0.010393071891410968,21.649999999999952,0.5303724757442038,1320.079857712181,366.76295618887855,-0.5,0.0,-0.43130935587974467,-0.2529273404173613,0.0,0.0,,
61.800000000000004,4.82157206688083,0.0386501665300001,8.53316901718028,0.012461785008790463,0.0059714919801853086,0.0034634534004909234,21.59999999999995,0.5303724757442038,1321.940957582802,367.8543376627794,-0.5,0.0,-0.43130935587974467,-0.2529273404173613,0.0,0.0,,
61.900000000000006,5.161540352264597,0.10299147725300901,8.380453438275389,-0.004597479994714564,-0.007799241457797226,0.006796917218473123,21.54999999999995,0.5303724757442038,1323.7977443598643,368.94318986327613,-0.5,0.0,-0.43130935587974467,-0.2529273404173613,0.0,0.0,,
62.0,4.705158447871765,0.099150357588832,8.42093622616643,-0.0020385481009503074,-0.005011500370174896,-0.0032263525666211806,21.49999999999995,0.5303724757442038,1325.6502180433679,370.0295127903687,-0.5,0.0,-0.43130935587974467,-0.2529273404173613,0.0,0.0,1325.0627929369302,368.33813604997385
62.1,4.669374175506504,0.018542961327838368,8.357322632243832,-0.002188237707812174,-0.001612829487116364,0.012365909524358981,21.44999999999995,0.5303724757442038,1327.4983786333125,371.11330644405706,-0.5,0.0,-0.43130935587974467,-0.2529273404173613,0.0,0.0,,
62.2,4.861068611563565,0.006269073010306072,8.650872326162315,0.01072785553093098,0.005851271796271008,0.002568414818843694,21.39999999999995,0.5303724757442038,1329.3422261296985,372.19457082434127,-0.5,0.0,-0.43130935587974467,-0.2529273404173613,0.0,0.0,,
62.300000000000004,5.000419262355484,0.13710381178717718,8.474000031094127,0.01689975660182738,-0.00462372558046702,0.0125699864572541,21.349999999999948,0.5303724757442038,1331.1817605325257,373.2733059312213,-0.5,0.0,-0.43130935587974467,-0.2529273404173613,0.0,0.0,,
62.400000000000006,4.866544871045361,0.11926812526576906,8.465953489665875,0.004634449912980059,-0.0004709835213229135,0.024272905780105068,21.299999999999947,0.5303724757442038,1333.016981841794,374.3495117646971,-0.5,0.0,-0.43130935587974467,-0.2529273404173613,0.0,0.0,,
62.5,4.929063929363519,-0.03120251352054975,8.53190184465507,0.0007342472086524143,-0.0037324903898100425,0.006109598623367615,21.249999999999947,0.5303724757442038,1334.8478900575035,375.42318832476883,-0.5,0.0,-0.43130935587974467,-0.2529273404173613,0.0,0.0,,
62.6,4.669360729362229,-0.17357069847102155,8.691207473116924,-0.005918379773738437,-0.003933661569833512,0.015099657421618843,21.199999999999946,0.5303724757442038,1336.6744851796543,376.4943356114363,-0.5,0.0,-0.43130935587974467,-0.2529273404173613,0.0,0.0,,
62.7,4.766033709947092,0.10092040037433746,8.59665205667253,-0.008542819866106588,0.013399508485475784,-0.00014514956964281622,21.149999999999945,0.5303724757442038,1338.4967672082462,377.5629536246997,-0.5,0.0,-0.43130935587974467,-0.2529273404173613,0.0,0.0,,
62.800000000000004,4.835178252127261,0.21057681593325686,8.360725831207166,-0.013665517516015142,0.014471091667566,0.024807866759640446,21.099999999999945,0.5303724757442038,1340.3147361432793,378.6290423645588,-0.5,0.0,-0.43130935587974467,-0.2529273404173613,0.0,0.0,,
62.900000000000006,4.9625713328484355,0.08855417833132756,8.601083235852427,-0.007207568382934958,-0.019980576030521703,0.006768155939642249,21.049999999999944,0.5303724757442038,1342.1283919847538,379.6926018310138,-0.5,0.0,-0.43130935587974467,-0.2529273404173613,0.0,0.0,,
63.0,4.909469856453285,0.1507013885715336,8.627101793392363,-0.019281290293803766,-0.013097719598949564,-0.0014989223000794003,20.999999999999943,0.5303724757442038,1343.9377347326692,380.7536320240646,-0.5,0.0,-0.43130935587974467,-0.2529273404173613,0.0,0.0,1338.0960549228912,383.4400778488795
63.1,4.674560519959982,0.25003023857151735,8.631215463156378,-0.027691131202992606,0.007426402144001008,0.006547652439721611,20.949999999999942,0.5303724757442038,1345.742764387026,381.8121329437112,-0.5,0.0,-0.43130935587974467,-0.2529273404173613,0.0,0.0,,
63.2,4.532605719116962,0.10012833509259332,8.24767502777453,0.02298661289355348,0.006782358652901969,0.00986280516279824,20.89999999999994,0.5303724757442038,1347.543480947824,382.8681045899537,-0.5,0.0,-0.43130935587974467,-0.2529273404173613,0.0,0.0,,
63.300000000000004,5.019385975733908,-0.0729415852775354,8.376950195595086,0.007719402052407912,-0.01642928175535757,0.009258383506111627,20.84999999999994,0.5303724757442038,1349.3398844150631,383.921546962792,-0.5,0.0,-0.43130935587974467,-0.2529273404173613,0.0,0.0,,
63.400000000000006,4.772875042286377,0.0602738173852073,8.578290122631195,0.012863558035042114,-0.0016404085886647538,0.013486718663030141,20.79999999999994,0.5303724757442038,1351.1319747887435,384.9724600622261,-0.5,0.0,-0.43130935587974467,-0.2529273404173613,0.0,0.0,,
63.5,4.911819138936821,0.17969294579717143,8.570364323480314,-0.0033359253003707435,0.0008929737015557532,0.013269598946647355,20.74999999999994,0.5303724757442038,1352.9197520688651,386.020843888256,-0.5,0.0,-0.43130935587974467,-0.2529273404173613,0.0,0.0,,
63.6,4.91311865571613,0.08393961562150384,8.345239007856632,-0.007573212616054006,0.0032475712096933012,0.002874091916323767,20.69999999999994,0.5303724757442038,1354.7032162554278,387.0666984408818,-0.5,0.0,-0.43130935587974467,-0.2529273404173613,0.0,0.0,,
63.7,5.059741689240854,-0.11017597341084573,8.765061955232397,-0.0031271514805877136,-0.013250321533646452,0.02337189620855546,20.649999999999938,0.5303724757442038,1356.4823673484318,388.1100237201034,-0.5,0.0,-0.43130935587974467,-0.2529273404173613,0.0,0.0,,
63.800000000000004,4.887934325414561,0.04326688785463268,8.508494641286749,-0.003568277243600003,0.014149386653540959,0.0008662796858003828,20.599999999999937,0.5303724757442038,1358.257205347877,389.1508197259208,-0.5,0.0,-0.43130935587974467,-0.2529273404173613,0.0,0.0,,
63.900000000000006,4.962829446734869,0.005812861582428972,8.839148474717504,0.010875944018149737,-0.011451873791083882,0.0018063038269281787,20.549999999999937,0.5303724757442038,1360.0277302537634,390.1890864583341,-0.5,0.0,-0.43130935587974467,-0.2529273404173613,0.0,0.0,,
64.0,4.8201835932225485,0.08452021706791032,8.660295509689805,0.0013064738533265388,0.009812997311726097,0.005380772003471739,20.499999999999936,0.5303724757442038,1361.793942066091,391.22482391734314,-0.5,0.0,-0.43130935587974467,-0.2529273404173613,0.0,0.0,1368.8734989435536,396.8389392242226
64.10000000000001,5.033634388098586,0.3387986853388222,8.534958889607037,-0.0013630787895021867,0.009391539652051922,0.004166658723388501,20.449999999999935,0.5303724757442038,1363.5558407848598,392.25803210294805,-0.5,0.0,-0.43130935587974467,-0.2529273404173613,0.0,0.0,,
64.2,5.068253663862437,0.0060079885702604,8.731363817388651,-0.0010020982711117627,-0.008166232547598531,0.015366321026306678,20.399999999999935,0.5303724757442038,1365.3134264100697,393.2887110151488,-0.5,0.0,-0.43130935587974467,-0.2529273404173613,0.0,0.0,,
64.3,4.761089791578879,0.09502466998463613,8.598293815836218,-0.010013480185572663,0.0037262199849888195,0.00410433746675873,20.349999999999934,0.5303724757442038,1367.066698941721,394.31686065394535,-0.5,0.0,-0.43130935587974467,-0.2529273404173613,0.0,0.0,,
64.4,4.764939912150785,0.03967324750162624,8.550309172954064,0.0052104434022028825,-0.0004481468550751567,0.013055140701559352,20.299999999999933,0.5303724757442038,1368.8156583798134,395.34248101933775,-0.5,0.0,-0.43130935587974467,-0.2529273404173613,0.0,0.0,,
64.5,4.769980100502399,0.15761432746674017,8.560446551710257,0.005687600555120911,-0.0027707664073642374,-0.005495328419271134,20.249999999999932,0.5303724757442038,1370.560304724347,396.36557211132595,-0.5,0.0,-0.43130935587974467,-0.2529273404173613,0.0,0.0,,
64.60000000000001,4.906753820789182,0.08098801336682185,8.641917035913792,8.101632429540458e-07,0.0026852993414551224,0.01447912386969111,20.199999999999932,0.5303724757442038,1372.3006379753217,397.38613392991,-0.5,0.0,-0.43130935587974467,-0.2529273404173613,0.0,0.0,,
64.7,5.231869469103289,-0.16979933581740395,8.443908477337832,0.004427046785851244,-0.006118941097434151,0.0026870905675830635,20.14999999999993,0.5303724757442038,1374.0366581327378,398.4041664750898,-0.5,0.0,-0.43130935587974467,-0.2529273404173613,0.0,0.0,,
64.8,4.8897180133510725,0.10189304877477351,8.847145861704053,0.004090841843748955,0.003443254828005116,0.006264359911077749,20.09999999999993,0.5303724757442038,1375.768365196595,399.4196697468655,-0.5,0.0,-0.43130935587974467,-0.2529273404173613,0.0,0.0,,
64.9,4.973778702861369,0.24567551461330253,8.583855347218424,-0.004115632787155396,0.016802002339198513,0.006127450339768213,20.04999999999993,0.5303724757442038,1377.4957591668933,400.43264374523704,-0.5,0.0,-0.43130935587974467,-0.2529273404173613,0.0,0.0,,
65.0,4.955311590750233,-0.1205889124717659,8.644183708632594,-0.008296295499931031,-0.004341821030547498,-0.00776751800590514,19.99999999999993,0.5303724757442038,1379.218840043633,401.4430884702044,-0.5,0.0,-0.43130935587974467,-0.2529273404173613,0.0,0.0,1382.437427620244,398.46144271930774
65.10000000000001,4.790365453967866,-0.027850538102463185,8.710267204098733,-0.004269985299294316,0.0016017593318067062,-0.0013039372086174669,19.94999999999993,0.5303724757442038,1380.9376078268137,402.45100392176755,-0.5,0.0,-0.43130935587974467,-0.2529273404173613,0.0,0.0,,
65.2,4.963970876321671,-0.06726239967007074,8.794074801841317,-0.011978938211190922,0.010399059397336468,0.017519632499709722,19.899999999999928,0.5303724757442038,1382.6520625164358,403.4563900999265,-0.5,0.0,-0.43130935587974467,-0.2529273404173613,0.0,0.0,,
65.3,4.852512276992769,0.21264803873989235,8.520641465013322,0.008906119874303503,-0.0033838939882035236,-0.0010635426683899482,19.849999999999927,0.5303724757442038,1384.362204112499,404.45924700468134,-0.5,0.0,-0.43130935587974467,-0.2529273404173613,0.0,0.0,,
65.4,4.685876734487513,0.15168084526006537,8.723940033808967,-0.006286232891579036,0.003883183331793401,-0.0011952248688319612,19.799999999999926,0.5303724757442038,1386.0680326150034,405.459574636032,-0.5,0.0,-0.43130935587974467,-0.2529273404173613,0.0,0.0,,
65.5,4.798060980882819,0.2667849859102823,8.557401220129515,0.0059007030039093305,0.0006012121551896426,0.0008532287114152853,19.749999999999925,0.5303724757442038,1387.769548023949,406.4573729939785,-0.5,0.0,-0.43130935587974467,-0.2529273404173613,0.0,0.0,,
65.60000000000001,4.810297412605245,-0.005720579171792264,8.63767522995812,0.010674868626896896,0.015141080964088827,0.00027124512416140233,19.699999999999925,0.5303724757442038,1389.466750339336,407.4526420785208,-0.5,0.0,-0.43130935587974467,-0.2529273404173613,0.0,0.0,,
65.7,4.749808245820679,0.0861358788766243,8.549012469897566,-0.000725137381965405,-0.0038232723818081038,0.013494034528913287,19.649999999999924,0.5303724757442038,1391.1596395611639,408.4453818896589,-0.5,0.0,-0.43130935587974467,-0.2529273404173613,0.0,0.0,,
65.8,4.647201313473078,-0.0463190142798902,8.702463029367534,0.001840015460865911,-8.009540194453668e-05,0.01075897610870414,19.599999999999923,0.5303724757442038,1392.8482156894331,409.43559242739286,-0.5,0.0,-0.43130935587974467,-0.2529273404173613,0.0,0.0,,
65.9,4.984573016091919,-0.1155420352612476,8.398683612468384,-0.009763685748879937,-0.002973820701414377,-0.003305261027507141,19.549999999999923,0.5303724757442038,1394.5324787241436,410.4232736917226,-0.5,0.0,-0.43130935587974467,-0.2529273404173613,0.0,0.0,,
66.0,4.701122383881669,0.00898012807942294,8.63122670516174,0.013979137063336616,-0.0007119145782851591,-0.009740315156054483,19.499999999999922,0.5303724757442038,1396.2124286652952,411.4084256826482,-0.5,0.0,-0.43130935587974467,-0.2529273404173613,0.0,0.0,1402.0642408953845,407.29338689614923
66.10000000000001,4.8889479949885,0.12625004949900454,8.65876967094598,0.0014366910087441598,-0.02550364132049985,-0.0005799204071158769,19.44999999999992,0.5303724757442038,1397.888065512888,412.39104840016967,-0.5,0.0,-0.43130935587974467,-0.2529273404173613,0.0,0.0,,
66.2,4.8081725625087115,-0.04431811417838133,8.413836661230139,-0.006536506433665466,0.005084942764439343,0.011329330291050758,19.39999999999992,0.5303724757442038,1399.5593892669222,413.3711418442869,-0.5,0.0,-0.43130935587974467,-0.2529273404173613,0.0,0.0,,
66.3,5.06384347870148,-0.014317915656429099,8.488235958180997,0.010019095139753981,0.0032779139976207407,0.004812325512523808,19.34999999999992,0.5303724757442038,1401.2263999273973,414.348706015,-0.5,0.0,-0.43130935587974467,-0.2529273404173613,0.0,0.0,,
66.4,5.055832784127013,0.17499494460924697,8.509772174772298,-0.005660758785334592,0.009035721882607735,0.009221087294966138,19.29999999999992,0.5303724757442038,1402.8890974943138,415.3237409123089,-0.5,0.0,-0.43130935587974467,-0.2529273404173613,0.0,0.0,,
66.5,4.562535133788699,0.0697917739205431,8.68854525832709,-0.0035125128928725673,-0.01238574489180253,-0.004279651702827207,19.24999999999992,0.5303724757442038,1404.5474819676715,416.29624653621363,-0.5,0.0,-0.43130935587974467,-0.2529273404173613,0.0,0.0,,
66.60000000000001,4.665682674995862,-0.07541906980736304,8.661521256412813,0.0024648627404611776,0.005768348322593537,-0.01867601418011692,19.199999999999918,0.5303724757442038,1406.2015533474703,417.2662228867142,-0.5,0.0,-0.43130935587974467,-0.2529273404173613,0.0,0.0,,
66.7,4.686311509512727,0.02240367124246319,8.524709477392864,-0.0007017128135248716,-0.009061015845284685,0.020569126648911265,19.149999999999917,0.5303724757442038,1407.8513116337103,418.2336699638106,-0.5,0.0,-0.43130935587974467,-0.2529273404173613,0.0,0.0,,
66.8,4.844387632275668,0.1159901388341628,8.428693590559687,0.0017116977183465093,-0.014013502450869741,-0.00040088828424238946,19.099999999999916,0.5303724757442038,1409.4967568263917,419.19858776750283,-0.5,0.0,-0.43130935587974467,-0.2529273404173613,0.0,0.0,,
66.9,4.853445585896247,0.1494298550230373,8.52136088168638,0.004446684870369022,-0.014188350727899254,-0.008366855352783316,19.049999999999915,0.5303724757442038,1411.137888925514,420.16097629779085,-0.5,0.0,-0.43130935587974467,-0.2529273404173613,0.0,0.0,,
67.0,5.053567689494611,-0.09717430378531075,8.441493204361882,0.001976835911986774,-0.0018076480289086906,0.0049914532207471505,18.999999999999915,0.5303724757442038,1412.7747079310777,421.1208355546747,-0.5,0.0,-0.43130935587974467,-0.2529273404173613,0.0,0.0,1416.6416063225722,419.28155752343895
67.10000000000001,4.986686171226012,0.03868929868362028,8.46315847541436,-0.008643905249123496,-0.0007505255115593933,0.0253792361583855,18.949999999999914,0.5303724757442038,1414.4072138430827,422.0781655381544,-0.5,0.0,-0.43130935587974467,-0.2529273404173613,0.0,0.0,,
67.2,5.0284900780490505,0.3476724299192143,8.42908075420214,0.01792082719331218,0.002155666608170003,-0.012837677308447768,18.899999999999913,0.5303724757442038,1416.0354066615287,423.0329662482299,-0.5,0.0,-0.43130935587974467,-0.2529273404173613,0.0,0.0,,
67.3,4.828856549931639,-0.10173371568891468,8.543854807082063,-0.002945407800204061,-0.0021179438608128214,0.009950500504547212,18.849999999999913,0.5303724757442038,1417.659286386416,423.9852376849013,-0.5,0.0,-0.43130935587974467,-0.2529273404173613,0.0,0.0,,
67.4,5.051327654835379,-0.16541320683567437,8.422395785269956,0.0026901657041005643,-0.008488456715646412,-0.010333741645563223,18.799999999999912,0.5303724757442038,1419.2788530177445,424.93497984816844,-0.5,0.0,-0.43130935587974467,-0.2529273404173613,0.0,0.0,,
67.5,4.926540939614838,0.09190110331192,8.632821839263832,0.003656413845851987,-0.009019919003229168,0.007502576435741175,18.74999999999991,0.5303724757442038,1420.894106555514,425.88219273803145,-0.5,0.0,-0.43130935587974467,-0.2529273404173613,0.0,0.0,,
67.60000000000001,4.936736201549973,0.163479776001677,8.420022254413992,-0.011907809993165054,-0.007229157241402996,0.006442678537811924,18.69999999999991,0.5303724757442038,1422.505046999725,426.82687635449025,-0.5,0.0,-0.43130935587974467,-0.2529273404173613,0.0,0.0,,
67.7,4.643329489527379,0.1419843630093217,8.28556405636432,0.006390637684530978,0.006109519537042668,-0.009392100840001399,18.64999999999991,0.5303724757442038,1424.1116743503771,427.7690306975449,-0.5,0.0,-0.43130935587974467,-0.2529273404173613,0.0,0.0,,
67.8,4.904743433822602,-0.0885233127348697,8.361601636612697,0.0016950599220614793,0.0073537096479818495,0.0073844553028399535,18.59999999999991,0.5303724757442038,1425.7139886074704,428.7086557671954,-0.5,0.0,-0.43130935587974467,-0.2529273404173613,0.0,0.0,,
67.9,4.988651239900358,0.1578776227371246,8.480587752106912,-0.009873508878297427,0.009588795286738066,0.0087382410368381,18.54999999999991,0.5303724757442038,1427.3119897710048,429.6457515634417,-0.5,0.0,-0.43130935587974467,-0.2529273404173613,0.0,0.0,,
68.0,5.007099447403812,-0.1462771868248613,8.583692065181312,0.002624036647301339,0.0030101374514245167,0.005000433451006881,18.499999999999908,0.5303724757442038,1428.9056778409806,430.58031808628385,-0.5,0.0,-0.43130935587974467,-0.2529273404173613,0.0,0.0,1431.411841821545,430.31187083866075
68.10000000000001,4.746630521484099,0.18495110575675777,8.354114754307245,0.0054188880400047705,-0.0016843177520973166,-0.0044613332635292016,18.449999999999907,0.5303724757442038,1430.4950528173974,431.5123553357218,-0.5,0.0,-0.43130935587974467,-0.2529273404173613,0.0,0.0,,
68.2,4.866257546655533,-0.06256306004253184,8.516946471481704,-0.018151462482422047,-0.005940939937239927,0.011996529665773182,18.399999999999906,0.5303724757442038,1432.0801147002555,432.4418633117556,-0.5,0.0,-0.43130935587974467,-0.2529273404173613,0.0,0.0,,
68.3,4.76782089803307,-0.006938930247471789,8.170835373639159,0.01154616779165181,-0.004491953264376142,0.003807224898228339,18.349999999999905,0.5303724757442038,1433.660863489555,433.36884201438517,-0.5,0.0,-0.43130935587974467,-0.2529273404173613,0.0,0.0,,
68.4,4.748380238637436,-0.06674567543227869,8.754161663412267,0.007050137517923334,-0.0019513736130094923,0.008953323730140164,18.299999999999905,0.5303724757442038,1435.2372991852953,434.2932914436106,-0.5,0.0,-0.43130935587974467,-0.2529273404173613,0.0,0.0,,
68.5,4.871748670657924,0.11040782466326172,8.640944838633969,0.004058666444331669,0.007561195838684919,0.02577311265555246,18.249999999999904,0.5303724757442038,1436.809421787477,435.2152115994319,-0.5,0.0,-0.43130935587974467,-0.2529273404173613,0.0,0.0,,
68.60000000000001,5.003537461043895,-0.03080208797032774,8.846701225174547,0.009129395315769158,-0.005922140393389064,0.005230841030736959,18.199999999999903,0.5303724757442038,1438.3772312961,436.13460248184896,-0.5,0.0,-0.43130935587974467,-0.2529273404173613,0.0,0.0,,
68.7,4.883162953002057,0.03862954256956263,8.480013899729355,-0.00357620517393792,0.0012834304930330704,0.012127487281390945,18.149999999999903,0.5303724757442038,1439.940727711164,437.0514640908619,-0.5,0.0,-0.43130935587974467,-0.2529273404173613,0.0,0.0,,
68.8,4.764185867772208,0.3437498829864959,8.630852141657467,0.005550598246763842,0.006630545298155364,0.006122749964556036,18.099999999999902,0.5303724757442038,1441.4999110326694,437.9657964264706,-0.5,0.0,-0.43130935587974467,-0.2529273404173613,0.0,0.0,,
68.9,4.960614391496953,0.22521695441927192,8.780884661570118,0.0020656483761272364,0.0035798847829723018,0.0015042016255201584,18.0499999999999,0.5303724757442038,1443.054781260616,438.8775994886752,-0.5,0.0,-0.43130935587974467,-0.2529273404173613,0.0,0.0,,
69.0,4.758873697074373,0.11033527322817822,8.400766484955568,-0.008875304777885791,9.688735976883142e-05,0.023677431724820702,17.9999999999999,0.5303724757442038,1444.6053383950036,439.7868732774756,-0.5,0.0,-0.43130935587974467,-0.2529273404173613,0.0,0.0,1440.5267367917372,448.8639492833824
69.10000000000001,4.70458091683969,0.21170222980966338,8.51686332223382,0.0009532016839034711,-0.006384141344141847,-0.013255660652843124,17.9499999999999,0.5303724757442038,1446.1515824358326,440.6936177928718,-0.5,0.0,-0.43130935587974467,-0.2529273404173613,0.0,0.0,,
69.2,5.0508594208680755,-0.09656990388115139,8.378128823987227,0.016760995803946563,-0.0007636564453491498,0.010090269438100064,17.8999999999999,0.5303724757442038,1447.6935133831028,441.59783303486387,-0.5,0.0,-0.43130935587974467,-0.2529273404173613,0.0,0.0,,
69.3,5.089673754855947,0.055352929973152706,8.888813898932264,-0.02768335307584136,0.016088725146144737,0.013306829708526959,17.8499999999999,0.5303724757442038,1449.231131236814,442.4995190034517,-0.5,0.0,-0.43130935587974467,-0.2529273404173613,0.0,0.0,,
69.4,5.024935413528881,-0.1994345333076856,8.546683723677976,-0.004748773009478133,-0.008461861715910502,0.0005520592184223138,17.799999999999898,0.5303724757442038,1450.7644359969665,443.39867569863543,-0.5,0.0,-0.43130935587974467,-0.2529273404173613,0.0,0.0,,
69.5,4.8597942349096295,0.22764792081494375,8.464449414920699,0.001305721573241536,0.007834233870236794,-0.007296813265607317,17.749999999999897,0.5303724757442038,1452.2934276635604,444.2953031204149,-0.5,0.0,-0.43130935587974467,-0.2529273404173613,0.0,0.0,,
69.60000000000001,4.795180868756993,-0.04718490128974247,8.681707393927175,-0.005459849485663344,-0.0033957124110900517,0.015804026225144083,17.699999999999896,0.5303724757442038,1453.8181062365952,445.1894012687903,-0.5,0.0,-0.43130935587974467,-0.2529273404173613,0.0,0.0,,
69.7,4.733524825238192,0.0966202656842327,8.540807990452286,-0.010189391482023039,0.009005971888382765,0.016021799360513157,17.649999999999896,0.5303724757442038,1455.3384717160714,446.0809701437615,-0.5,0.0,-0.43130935587974467,-0.2529273404173613,0.0,0.0,,
69.8,4.770389328376083,0.0717101134468235,8.593587203080538,0.003671086630467839,0.003145363061448194,0.01571698066747953,17.599999999999895,0.5303724757442038,1456.8545241019888,446.97000974532847,-0.5,0.0,-0.43130935587974467,-0.2529273404173613,0.0,0.0,,
69.9,4.705855394372063,0.18564176270232685,8.488390120458751,-0.003737574740635217,0.0042103256918460405,0.0035753745950580346,17.549999999999894,0.5303724757442038,1458.3662633943472,447.8565200734913,-0.5,0.0,-0.43130935587974467,-0.2529273404173613,0.0,0.0,,
70.0,5.408820222518484,1.053269941802207,8.146595333014917,0.03281862839311315,-0.0007811892666398966,0.04011875187787354,17.499999999999893,0.5303724757442038,1459.8740530215637,448.74680036786964,0.2,1.0499999999999936,-0.3586236725245577,1.0069205835144028,0.0,0.06,,
70.10000000000001,5.314335002042622,1.3012740032914207,8.014545198047742,0.04205824397891796,-0.0038683171918761183,0.04423411350041706,17.519999999999893,0.5363724757442038,1461.3781904661219,449.6471376171077,0.2,1.0509897670079,-0.36516449655004324,1.0056015019950366,0.0,0.05998800039999466,,
70.2,5.190269344439225,1.0510117737041405,8.016262531719148,0.030436191438988108,-0.0008205195144227938,0.07693231822219276,17.539999999999893,0.5423712757842032,1462.8786114435911,450.55751640351235,0.2,1.0515581922500066,-0.37148369554049887,1.0038797216976125,0.0,0.05995200639965867,,
70.3,5.618334289168883,1.200578762671834,7.914860925119295,0.047006908688144916,0.0007429815719510592,0.05630032595921111,17.559999999999892,0.548366476424169,1464.375253960102,451.4779173106224,0.2,1.0517040888757248,-0.3775714988669744,1.0017590797199019,0.0,0.05989203239611225,,
70.4,5.437916408168399,0.9471089459214324,7.883474358157171,0.025759699164575177,-0.012166179074378123,0.05025894752999743,17.57999999999989,0.5543556796637803,1465.8680584091896,452.4083169635796,0.2,1.0514264398079964,-0.3834182766513643,0.9992437057380028,0.0,0.05980810237815716,,
70.5,5.5035353749595926,1.5615100320094766,8.062248319887244,0.0361185800265835,-0.0017208893666850833,0.04605253428339948,17.59999999999989,0.560336489901596,1467.356967667108,453.34868807236006,0.2,1.0507243985335888,-0.38901455581402977,0.9963380134465336,0.0,0.05970024991668155,,
70.60000000000001,5.641316176673037,0.97114016833824,8.165888227356618,0.026020245238502868,-0.01962914470660038,0.045731880471042,17.61999999999989,0.5663065148932642,1468.841927186455,454.29899947777557,0.2,1.0495972898247006,-0.3943510358277335,0.9930466914244013,0.0,0.05956851815123196,,
70.7,5.41764996661612,0.7521379445529564,7.9821062194616,0.03158815602249362,0.0011054741177932528,0.041606787983599944,17.63999999999989,0.5722633667083874,1470.3228850879536,455.2592162001493,0.2,1.0480446103914487,-0.39941860414514624,0.9893746934469804,0.0,0.05941295977275823,,
70.8,5.44425698114402,1.255268446533293,7.9329903178659755,0.0410229964081444,-0.0028270940339096278,0.05351512693203329,17.65999999999989,0.5782046626856632,1471.799792250239,456.229299490565,0.2,1.0460660294648079,-0.40420835126837873,0.9853272282674255,0.0,0.05923363700253762,,
70.9,5.578837468738007,1.1654904670562416,8.039963569989578,0.043735777485851536,0.013642487494107599,0.05062942639940856,17.67999999999989,0.584128026385917,1473.2726023975008,457.2092068845825,0.2,1.0436613893096325,-0.4087115854302996,0.9809097488916925,0.0,0.05903062156728727,,
71.0,5.3682094252170565,1.195246182868957,8.277318936446218,0.029127178552516352,-0.017635635241803015,0.04379562100812736,17.69999999999989,0.5900310885426457,1474.7412721848407,458.19889225830957,0.2,1.040830705667392,-0.4129198468587833,0.9761279413735682,0.0,0.058803994670474494,,
71.10000000000001,5.487057919412367,1.2428889725972252,8.282247094268266,0.03180547942467367,-0.0015956746643717892,0.04471334418061863,17.71999999999989,0.5959114880096932,1476.2057612812032,459.1983058867131,0.2,1.0375741681282926,-0.4168249215965202,0.970987713157676,0.0,0.0585538469598363,,
71.2,5.191694502459134,1.0910651872129629,8.050062234555204,0.027986474455655424,-0.0015185016340014102,0.06535181194030744,17.73999999999989,0.6017668727056769,1477.6660324497482,460.20739450405057,0.2,1.0338921404324937,-0.4204188548505829,0.9654951809999922,0.0,0.058280278491121766,,
71.3,5.5940582981506735,0.8127373556879868,8.269820336868364,0.0367756823473573,0.005142279575288259,0.028594771720079053,17.759999999999888,0.607594900554789,1479.1220516255314,461.22610136629737,0.2,1.029785160700131,-0.4236939638475664,0.9596566584968457,0.0,0.0579833986880708,,
71.4,5.5623953064026255,1.0223279286129467,8.283617190698582,0.03380881760826329,-0.009438031191462706,0.041688728713425494,17.779999999999887,0.6133932404235961,1480.573787990372,462.2543663154426,0.2,1.0252539415899236,-0.42664285017183934,0.9534786432547525,0.0,0.05766332629864624,,
71.5,5.386577599821632,0.9489762965761133,8.241261176736446,0.04076138594241771,0.010902760936119449,0.04647138499516215,17.799999999999887,0.6191595730534607,1482.021214044787,463.2921258455218,0.2,1.0202993703861407,-0.42925841156618494,0.9469678037346523,0.0,0.057320189347536354,,
71.60000000000001,5.438037240432401,1.088855133133265,7.957852333568414,0.03431164164924903,-0.014218547947418388,0.033437553622027764,17.819999999999887,0.6248915919882143,1483.464305676879,464.33931317025355,0.2,1.0149225090137386,-0.43153385317592197,0.940130965805235,0.0,0.05695412508494641,,
71.7,5.3361606536839465,1.1498716273660383,8.14049528083076,0.028874779247212875,-0.01834561769187438,0.05395943707177411,17.839999999999886,0.6305870044967089,1484.9030422280666,465.3958582921425,0.2,1.0091245939815352,-0.43346269821946143,0.9329750990410743,0.0,0.05656527993170076,,
71.8,5.364946751294505,1.1961702029957793,8.44996647339904,0.026096163663680505,-0.009808826153175276,0.05291568992738567,17.859999999999886,0.636243532489879,1486.3374065555618,466.46168807291076,0.2,1.0029070362532686,-0.43503879807010537,0.9255073028021081,0.0,0.0561538094206761,,
71.9,5.411387079724209,0.855058274828463,8.175401707703791,0.04518834019517734,0.01858008778618833,0.055860625672732145,17.879999999999885,0.6418589134319466,1487.7673850914898,467.53672630511613,0.2,0.9962714210464734,-0.4362563417358408,0.9177347921318122,0.0,0.05571987813459059,,
72.0,5.036088703652762,0.9439822831581525,8.159182586311955,0.04672837637191919,0.002277821077830536,0.05658071082477033,17.899999999999885,0.6474309012454056,1489.1929678985696,468.6208937848161,0.2,0.9892195075590922,-0.4371098647257692,0.9096648835119847,0.0,0.0552636596401731,,
72.10000000000001,5.515186443653886,1.0501793276591007,8.402384390951543,0.038512319964059016,-0.01718796132559426,0.0529571793547686,17.919999999999884,0.6529572672094229,1490.6141487222649,469.71410838513293,0.2,0.9817532286237867,-0.4375942572937565,0.9013049805125648,0.0,0.05478533641873845,,
72.2,5.16037545845931,1.1230556988357807,8.129574578888226,0.0267196211856983,-0.0035910971025667135,0.04743272266446606,17.939999999999884,0.6584358008512968,1492.0309250393314,470.8162851305769,0.2,0.973874690289962,-0.437704772051827,0.8926625593752812,0.0,0.05428509979319779,,
72.3,5.499213444174549,0.9965700335606065,8.156043793867902,0.03893726733746809,0.01220758484014828,0.04557704557577057,17.959999999999884,0.6638643108306166,1493.4432981026887,471.9273362719826,0.2,0.9655861713335,-0.43743703094770836,0.8837451545701062,0.0,0.05376314985153153,,
72.4,5.1577157533688505,0.9173886742848751,8.078173319027204,0.03522775806026163,0.00198962205659001,0.057602546709172885,17.979999999999883,0.6692406258157697,1494.8512729825516,473.0471713619145,0.2,0.956890122694285,-0.4367870316028709,0.8745603443636331,0.0,0.05321969536675702,,
72.5,5.2484655662833015,0.7299704871764828,8.133802980626234,0.017241189832150727,0.006368086141171609,0.03718684568885015,17.999999999999883,0.6745625953524454,1496.254858603762,474.1756973303969,0.2,0.9477891668415963,-0.43575115300925216,0.8651157364384228,0.0,0.05265495371342236,,
72.60000000000001,5.609854666283085,0.7350008771998617,8.01236831191937,0.027466126234412917,0.007675919540632537,0.052302251439846605,18.019999999999882,0.6798280907237877,1497.65406777927,475.31281856082654,0.2,0.938286097067468,-0.4343261605846831,0.8554189536021926,0.0,0.05206915078065894,,
72.7,5.483930465957126,1.1135625631591972,7.969907815089027,0.02566415794948143,0.016200691031676408,0.053306921859658574,18.039999999999882,0.6850350058018536,1499.0489172397192,476.45843696592505,0.2,0.9283838767081968,-0.4325092105888625,0.8454776196254631,0.0,0.05146252088182943,,
72.8,5.2288267588698485,0.8438483666740965,8.335105858587031,0.024485349528409733,0.0005286386466252063,0.04056959323527411,18.05999999999988,0.6901812578900366,1500.4394276590947,477.6124520635905,0.2,0.918085638294132,-0.43029785390341535,0.835299345245798,0.0,0.050835306660804984,,
72.9,5.639432869176993,0.918626597770911,8.106928016332652,0.02765167161913892,0.003588130284566435,0.04705453941882872,18.07999999999988,0.6952647885561171,1501.8256236764032,478.77476105251134,0.2,0.9073946826279881,-0.4276900391812976,0.8248917143762853,0.0,0.05018775899491117,,
73.0,5.294748430320564,1.173168488902236,7.87719498524691,0.012766468912207994,0.002107001529071367,0.036800862626801184,18.09999999999988,0.7002835644556081,1503.2075339133578,479.9452588874052,0.2,0.8963144777919047,-0.4246841153724099,0.8142622705552116,0.0,0.049520136894580694,,
73.10000000000001,5.470498834689223,1.0094671317016,8.024016073919976,0.017546784020468525,-0.0013995661451431311,0.05829388605903531,18.11999999999988,0.7052355781450662,1504.5851909880462,481.1238383537501,0.2,0.8848486580834999,-0.4212788336338066,0.8034185036730919,0.0,0.04883270739975197,,
73.2,5.483997234363091,1.1137802067431453,8.285691728143663,0.02781443779264938,-0.004511308737672715,0.05755163265491445,18.13999999999988,0.7101188488850414,1505.9586315245679,482.3103901418776,0.2,0.8730010228812579,-0.417473348634415,0.7923678370123883,0.0,0.048125745473057535,,
73.3,5.544450795912312,1.0011164911890937,8.28615784051398,0.03069975135400755,-0.02770219611710028,0.05282150243265173,18.15999999999988,0.7149314234323472,1507.3278961586332,483.5048029203011,0.2,0.8607755354395236,-0.41326721926549004,0.781117614634165,0.0,0.04739953388984192,,
73.4,5.261633782769752,0.765175269210952,8.356855702572908,0.02644443305093995,0.00032198249355789384,0.02476476561402486,18.17999999999988,0.7196713768213313,1508.6930295391187,484.7069634081566,0.2,0.8481763216135056,-0.4086604087693998,0.7696750891449222,0.0,0.04665436312505563,,
73.5,5.569319892906711,1.019287800231134,8.101703453430071,0.04013949069435824,0.013316349165891424,0.044190537040813244,18.19999999999988,0.7243368131338369,1510.0540803255856,485.9167564466361,0.2,0.8352076685146557,-0.40365328430049874,0.7580474098756012,0.0,0.0458905312370693,,
73.60000000000001,5.530719512701021,0.8106884201618944,8.253247055316354,0.007158027980504383,0.005903421457394982,0.030971770523298036,18.219999999999878,0.7289258662575439,1511.4111011817668,487.13406506930005,0.2,0.8218740230968196,-0.39824661593295985,0.7462416115034708,0.0,0.04510834374845363,,
73.7,5.317413438544833,0.6942586051696351,8.200264904028788,0.024272941639172756,0.004484543060001062,0.03488570513482518,18.239999999999878,0.7334367006323892,1512.7641487650362,488.35877057115795,0.2,0.8081799906736551,-0.39244157513148936,0.7342646031462942,0.0,0.04430811352377525,,
73.8,5.329653389359994,0.7964078430410261,8.389628426678325,0.02753422621305559,-0.011354729261562557,0.05846777583543395,18.259999999999877,0.7378675119847667,1514.1132837118828,489.59075257641285,0.2,0.7941303333677308,-0.38623973270168965,0.72212315795664,0.0,0.04349016064445433,,
73.9,5.311352422773987,0.7790167867017675,8.080075411500731,0.022226507421403602,0.0044846494360081335,0.03214566854580546,18.279999999999877,0.7422165280492122,1515.4585706194093,490.8298891047695,0.2,0.7797299684918596,-0.37964305623771,0.7098239032427742,0.0,0.04265481228073659,,
74.0,5.17303281139672,0.8398712697561784,8.012008683178598,0.009598936815771002,-0.00800704818259602,0.04022944579047743,18.299999999999876,0.7464820092772859,1516.8000780228886,492.0760566362121,0.2,0.7649839668631824,-0.37265390708548257,0.6973733111409233,0.0,0.04180240256082992,,
74.10000000000001,5.396878774369543,0.9837299845736942,8.217881694401283,0.02228068087481131,0.00040406809763042723,0.032322129017956815,18.319999999999876,0.7506622495333689,1518.1378783694074,493.32913017416286,0.2,0.7498975510505383,-0.3652750368404291,0.6847776898620588,0.0,0.04093327243725674,,
74.2,5.572000161672414,0.9490247117222893,7.9270800451526044,0.027927134833850883,-0.013390264984399616,0.04450405363942585,18.339999999999876,0.7547555767770946,1519.4720479876396,494.5889833069385,0.2,0.7344760935557699,-0.3575095833990601,0.6720431755347082,0.0,0.04004776955047846,,
74.3,5.540098828724575,0.5282101792666654,8.230221169031134,0.03175073355201935,-0.0010707336998194842,0.05303657911749398,18.359999999999875,0.7587603537321425,1520.8026670537881,495.85548826742877,0.2,0.7187251149295151,-0.34936106658418964,0.6591757246634633,0.0,0.039146248089843134,,
74.4,5.43239752326149,0.6311546168713175,8.044105793934406,0.006033020914293646,0.011542908861483526,0.028676313384451646,18.379999999999875,0.7626749785411268,1522.1298195537452,497.12851599092625,0.2,0.7026502818221885,-0.34083338336383595,0.6461811072211576,0.0,0.038229068651914756,,
74.5,5.368955068780574,0.7275332154606698,8.026373717047719,0.023392635624812936,0.01333933400089486,0.03875696371914369,18.399999999999874,0.7664978854063182,1523.453593241518,498.4079361710433,0.2,0.6862574049708088,-0.3319308026840012,0.6330649003908078,0.0,0.037296598096239864,,
74.60000000000001,5.443311969443062,0.6011550498836598,8.147990293042273,0.02634681170298276,0.0022136528905610233,0.029610583252061548,18.419999999999874,0.7702275452159423,1524.7740795939776,499.69361731365973,0.2,0.669552437122349,-0.3226579599355771,0.6198324829715596,0.0,0.03634920939860769,,
74.7,5.4812829950468664,1.01346023386781,8.2410671308365,0.019029267334839135,0.0055905663511205865,0.04572356124366443,18.439999999999873,0.773862466155803,1526.091373761985,500.9854267888503,0.2,0.652541470894402,-0.3130198510756475,0.6064890304610704,0.0,0.03538728150186586,,
74.8,5.3237027916828925,0.8498115054895404,8.175814377193293,0.006594803830597474,-0.011667898203743518,0.016233861858355857,18.459999999999873,0.7774011943059896,1527.4055745179598,502.28323088074853,0.2,0.635230736573849,-0.3030218264232337,0.5930395108247699,0.0,0.03441119916434742,,
74.9,5.48767599647443,0.5618467790890338,8.306053378242172,0.026328543100612938,-0.013342690668494441,0.03557617687750482,18.479999999999873,0.7808423142224243,1528.7167841999494,503.5868948353099,0.2,0.6176265998543764,-0.29266958414938393,0.5794886809606419,0.0,0.03342135280597298,,
75.0,5.583968113992725,0.6604159483491039,8.065232560513648,0.027024627719984404,-0.006589029905118635,0.05145530247713726,18.499999999999872,0.7841844495030217,1530.0251086522721,504.8962829059457,0.2,0.599735559513631,-0.28196916348113654,0.5658410838662,0.0,0.032418138352088385,,
75.10000000000001,5.215287620883451,0.6025040834985809,8.03717126675206,0.03963066255550156,-0.0018141484390109908,0.04192274669091404,18.51999999999987,0.7874262633382305,1531.3306571628,506.21125839700363,0.2,0.5815642450308273,-0.2709269376384694,0.552101046512427,0.0,0.03140195707509888,,
75.2,5.474281022343154,0.7059622025258059,8.206082884882555,0.017563947728826072,-0.010474566587961129,0.016802601318630615,18.53999999999987,0.7905664590457404,1532.633542396954,507.5316837050806,0.2,0.5631194141457381,-0.25954960652292713,0.5382726784276097,0.0,0.030373215433966663,,
75.3,5.215532359308679,0.6797668747253903,8.146608090978233,0.005806339025659461,-0.002201587894065892,0.026220879543531583,18.55999999999987,0.793603780589137,1533.9338803284872,508.8574203581592,0.2,0.5444079503598803,-0.24784418917594536,0.5243598709920164,0.0,0.029332324911631687,,
75.4,5.476281376580512,0.3265074350689281,8.026392837188165,0.031118893930904952,0.021675563695070416,0.02206829924837873,18.57999999999987,0.7965370130803002,1535.2317901671313,510.18832905256636,0.2,0.5254368603808804,-0.23581801602435892,0.5103662974425839,0.0,0.028279701850424336,,
75.5,5.383891130561939,0.3924948803435616,7.993590402442177,0.01740257802133678,0.014877561656768859,0.0066989528910113075,18.59999999999987,0.7993649832653427,1536.527394283185,511.5242696877601,0.2,0.5062132715109408,-0.22347872092981189,0.4962954135848776,0.0,0.02721576728553464,,
75.60000000000001,5.548511150942228,0.6998222748814854,8.297707032717314,0.011657718345983961,0.020258762654243107,0.037189423092780456,18.61999999999987,0.8020865599938961,1537.8208181291272,512.865101398957,0.2,0.4867444289803377,-0.21083423305801335,0.4821504592077398,0.0,0.026140946776602638,,
75.7,5.373717138491345,0.3229070893376854,8.188371445327489,0.00013080654726200548,-0.016199135375457495,0.04365799048529363,18.63999999999987,0.8047006546715564,1539.1121901583347,514.2106825876208,0.2,0.4670376932270238,-0.1978927685830479,0.4679344601943266,0.0,0.025055670237501455,,
75.8,5.386841259838897,0.31047817416703294,8.415948014207448,0.019930133782421144,0.004818308665856219,0.03220762909966593,18.65999999999987,0.8072062216953065,1540.4016417409875,515.560870949838,0.2,0.4471005371232608,-0.1846628222409645,0.4536502313213454,0.0,0.023960371764376417,,
75.9,5.560577138422776,0.39877195097817647,7.999038096490662,0.007326799253797179,-0.017135684936984207,0.024918422299397124,18.67999999999987,0.8096022588717442,1541.6893070772499,516.9155235026145,0.2,0.4269405431503967,-0.17115315874607656,0.43930037973668545,0.0,0.022855489462012834,,
76.0,5.63197626805361,0.49906227964788913,8.35097049622598,0.03389577476955866,-0.00410163517801488,0.016316210446443043,18.699999999999868,0.8118878078179455,1542.9753231078107,518.2744966081342,0.2,0.4065654005228247,-0.1573728040823991,0.4248873091038702,0.0,0.021741465268600404,,
76.10000000000001,5.367777118740835,0.39580737952996425,8.147473966158527,0.020716692470517203,0.015527551662067983,0.02640787722192875,18.719999999999867,0.8140619543448054,1544.2598294218728,519.637645996024,0.2,0.3859829022621794,-0.143331036681676,0.4104132244001053,0.0,0.020618744778962722,,
76.2,5.513491078416562,0.566583890112396,8.492612842520867,0.015349816102129776,0.0024838449746405196,0.02956416419489592,18.739999999999867,0.8161238288227017,1545.5429681626774,521.0048267836813,0.2,0.3652009422229567,-0.1290373784985447,0.3958801373531623,0.0,0.019487777066326536,,
76.3,5.309944682521019,0.14388304529271584,8.129420795709411,0.02372792650814466,0.012450716206058443,0.009410235874404684,18.759999999999867,0.8180726065293343,1546.824883930656,522.3758934947215,0.2,0.3442275120706005,-0.11450158599226676,0.3812898725006618,0.0,0.018349014502697384,,
76.4,5.483138785387754,0.15207637850383254,8.182929510045254,0.004311904799729136,-0.000576219042674555,0.024156433787188968,18.779999999999866,0.8199075079796041,1548.1057236842976,523.7507000756112,0.2,0.3230706982132839,-0.0997336410235671,0.36664407385392306,0.0,0.017202912577917263,,
76.5,5.6621146684948105,0.3648339656919891,8.182891508956821,0.021447579321056898,0.006405529085337009,0.017079921736631892,18.799999999999866,0.8216277992373958,1549.3856366388252,525.1290999105605,0.2,0.3017386786885324,-0.08474374167404536,0.3519442121470163,0.0,0.01604992971747524,,
76.60000000000001,5.428032680356386,0.364146740839523,8.03172445878568,0.0030273501067144193,0.003953776297328514,0.03205295207202836,18.819999999999865,0.8232327922091434,1550.6647741627703,526.5109458347478,0.2,0.2802397200058555,-0.06954229299462927,0.337191592650246,0.0,0.01489052709914227,,
76.7,5.268985804905001,0.19550178063690632,7.951273032609793,0.003671189647862506,0.016231303610380114,0.011389551015675015,18.839999999999865,0.8247218449190575,1551.9432896725418,527.8960901459632,0.2,0.25858217394667987,-0.054139897688633365,0.3223873635260156,0.0,0.013725168468507524,,
76.80000000000001,5.272645824670968,0.47860327285178245,8.299526356764774,0.012652467073040602,-0.0072027796803034155,0.024109847056458515,18.859999999999864,0.8260943617659083,1553.221338525079,529.2843846147565,0.2,0.23677447432272586,-0.03854734673390367,0.30753252470361464,0.0,0.012554319953485025,,
76.9,5.439851279336494,0.156360766017551,7.759599443782436,0.02222755613970334,-0.012312579300843299,0.014124590543895643,18.879999999999864,0.8273497937612568,1554.4990779086854,530.6756804931834,0.2,0.21482513369418385,-0.02277560994773989,0.2926279372483639,0.0,0.011378449877869989,,
77.0,5.427745003284123,0.39931847643023644,7.823721409728866,-0.013674973590332056,0.017653866243891533,0.023806507072970863,18.899999999999864,0.8284876387490439,1555.7766667321353,532.0698285222466,0.2,0.19274274004887168,-0.006835826497245734,0.27767433319924706,0.0,0.010198028574014448,,
77.10000000000001,5.388322275539359,0.30154190629323807,8.13252158058994,0.011136264827486787,0.0176359576385655,0.017871400088585343,18.919999999999863,0.8295074416064453,1557.054265512151,533.4666789381341,0.2,0.17053595344374253,0.009260704642974377,0.2626723258481599,0.0,0.009013528194701045,,
77.2,5.264385180243947,0.22523641187692092,8.189201129964442,0.003152592341982395,0.020436252885810954,0.013787923426521482,18.939999999999863,0.8304087944259154,1558.3320362593445,534.8660814773623,0.2,0.14821350261002678,0.02550253428474207,0.24762242043277902,0.0,0.007825422524288693,,
77.30000000000001,5.537494080233149,0.11443150761167173,8.221027686013132,-0.01351850793537739,-0.0010065412920352795,0.01980270532197971,18.959999999999862,0.8311913366783443,1559.6101423627179,536.2678853809311,0.2,0.12578418152330748,0.04187807267158798,0.23252502521406498,0.0,0.00663418678920403,,
77.4,5.49861842197888,-0.018635035385240084,8.167692793720775,-0.010052778507955929,-0.011964235435112719,0.028282540999550215,18.979999999999862,0.8318547553572647,1560.8887484728243,537.6719393976084,0.2,0.10325684593995359,0.05837559917574717,0.21738046290856,0.0,0.0054402974678585,,
77.5,5.4687056116785175,-0.05701069370443991,8.203552708731518,0.012589480094058218,0.00451099799752009,0.010431335638736746,18.99999999999986,0.8323987851040505,1562.1680203836813,539.0780917864569,0.2,0.08064040990118072,0.07498327204799342,0.20218898244466005,0.0,0.004244232100062174,,
77.60000000000001,5.46050651903786,0.1229927071557664,8.089957183425398,1.7669694686227267e-05,0.007829081255578544,0.0011295214687257627,19.01999999999986,0.8328232083140568,1563.4481249135363,540.4861903187272,0.2,0.05794384220619811,0.09168913822188857,0.18695077101136598,0.0,0.003046469096014644,,
77.7,5.3942801931064555,0.08153988693530427,8.158002058159214,-0.011974997147645959,0.007540071086999768,0.013738012597451813,19.03999999999986,0.8331278552236582,1564.7292297845845,541.896082279237,0.2,0.035176162855808275,0.10848114317460923,0.1716659663672106,0.0,0.0018474875449479271,,
77.80000000000001,5.431726540350582,-0.2586501089755091,8.058959329237537,-0.006235216740972587,-0.00020980933594101026,-0.006866604144265184,19.05999999999986,0.833312603978153,1566.0115035017348,543.3076144673631,0.2,0.012346439467831958,0.12534714084695564,0.15633466937639362,0.0,0.0006477670234959102,,
77.9,5.292322834195349,-0.20779467675824728,8.126736985273677,-0.008761197719258063,-0.008027631216405682,-0.004987682659698013,19.07999999999986,0.8333773806805026,1567.2951152305254,544.7206331977721,0.2,-0.010536216334132978,0.14227490362541387,0.1409569567386401,0.0,-0.0005522125961285668,,
78.0,5.305572421719248,-0.16580661964903304,8.190410288950963,0.0077668297509093116,-0.010876854365851032,0.008420149292341405,19.09999999999986,0.8333221594208897,1568.580234674288,546.1349843010195,0.2,-0.033462652557276734,0.15925213238955555,0.12553289387865038,0.0,-0.0017519713380773289,,
78.10000000000001,5.524633842439205,0.18923564637993878,8.060618368942704,-0.011584399821767878,0.01525333279026755,-0.0006092864385148027,19.11999999999986,0.833146962287082,1569.8670319506646,547.5505131241457,0.2,-0.056423680499938074,0.17626646662812628,0.11006254796066975,0.0,-0.0029510293148503394,,
78.2,5.540188469598816,0.013198164624664763,8.288806622241594,-0.005612214913133,-0.0014349999052521054,0.02009404091250677,19.13999999999986,0.8328518593555969,1571.1556774675728,548.9670645314025,0.2,-0.07941007843432492,0.1933054946273669,0.09454600099324481,0.0,-0.004148906919243757,,
78.30000000000001,5.528025876291409,-0.18875123847664813,8.270998654502351,0.003178888194471364,0.002278923635991629,0.0037945122006966233,19.159999999999858,0.8324369686636726,1572.4463417987297,550.3844829052384,0.2,-0.10241259531015526,0.21035676373514384,0.07898336298891376,0.0,-0.005345125016187683,,
78.4,5.394388149440799,-0.12180270961379848,7.895292885701676,0.0025324805100678505,0.016101701726206803,0.010989712229130227,19.179999999999858,0.8319024561620538,1573.7391955588298,551.8026121476778,0.2,-0.12542195447764426,0.22740779070431688,0.06337478514341392,0.0,-0.0065392051343923455,,
78.5,5.396464185612241,-0.1513173516389799,8.183837800675873,-0.00970152301145158,-0.026117315722499323,0.010053159153961776,19.199999999999857,0.8312485356486146,1575.0344092784874,553.2212956822227,0.2,-0.14842885742844353,0.24444607211876931,0.04772047299868955,0.0,-0.007730669657731492,,
78.60000000000001,5.6535688981739085,0.08101209561491185,8.068902591887548,-0.004758269819185744,-0.0018818820593666337,-0.017269987387666476,19.219999999999857,0.8304754686828414,1576.332153279045,554.6403764564112,0.2,-0.1714239875529373,0.2614590949051522,0.03202069955401121,0.0,-0.008919042016281924,,
78.7,5.390203829931952,-0.24730841424144995,8.110789243206986,-0.013382224206224943,-0.004567311994639284,0.009220275736619595,19.239999999999856,0.8295835644812132,1577.6325975473546,556.0596969451612,0.2,-0.1943980139124138,0.2784343469331705,0.016275818289409966,0.0,-0.010103846876944659,,
78.80000000000001,5.258590994084951,-0.319973589456318,8.116336058797312,-0.004721541035874612,0.012456939040128014,0.005791220079962561,19.259999999999856,0.8285731797935187,1578.9359116106386,557.4790991550301,0.2,-0.21734159502461342,0.2953593277068307,0.00048627606568490966,0.0,-0.011284610333572951,,
78.9,5.421935388398524,-0.37605321990353313,8.087569174146305,-0.011077430791921758,-0.019165339897403922,-0.010039637611142377,19.279999999999855,0.8274447187601615,1580.242264411539,558.8984246295164,0.2,-0.24024538266104054,0.31222155914850525,-0.015347374134561748,0.0,-0.012460860096527093,,
79.0,5.357986109804747,-0.357567698501503,8.408032991270602,0.008470498310138947,0.008373663340615694,-0.025789645608122108,19.299999999999855,0.8261986327505088,1581.5518241834618,560.3175144555323,0.2,-0.2631000256545929,0.3290085964772341,-0.03122446066032189,0.0,-0.013632125681585226,,
79.10000000000001,5.270998752244416,-0.202866693640599,8.266935923434094,-0.019097434929135744,-0.011727699591524086,-0.003558436419288498,19.319999999999855,0.8248354201823502,1582.864758326329,561.7362092711672,0.2,-0.2858961737158722,0.3457080391819011,-0.04714418087507033,0.0,-0.014797938598130144,,
79.2,5.459551010513029,-0.4961827930248487,8.00754137022857,-0.010180368108184682,0.016798721003944507,0.006872437120632693,19.339999999999854,0.8233556263225372,1584.181233282845,563.1543492748667,0.2,-0.30862448125665926,0.3623075420892975,-0.06310558910392916,0.0,-0.01595783253653886,,
79.30000000000001,5.310176611340011,-0.4612416347329237,8.172737489429135,-0.012723083132727204,-0.005560011313116229,0.006912665335900256,19.359999999999854,0.8217598430688834,1585.5014144153943,564.5717742361428,0.2,-0.33127561121901616,0.37879482652627877,-0.07910758487944836,0.0,-0.017111343554701376,,
79.4,5.484665927696945,-0.3965777864679211,8.191195044183358,-0.01590959434968462,-0.009810737080976349,0.005226648408177407,19.379999999999853,0.8200487087134133,1586.8254658836786,565.9883235079323,0.2,-0.35384023890837285,0.3951576915742854,-0.09514890151975641,0.0,-0.018258010263590068,,
79.5,5.385020590085657,0.006672182428033968,7.947323210460257,-0.0048286683859394336,-0.011711174810398288,-0.0017648201615790681,19.399999999999853,0.8182229076870543,1588.153550523208,567.4038360407127,0.2,-0.37630905582911534,0.41138402541369556,-0.11122809507235201,0.0,-0.019397374011810214,,
79.60000000000001,5.617655577478425,-0.42792539236942817,7.969035072861728,0.008019405784765,0.004561440718906136,-9.546720740639947e-05,19.419999999999852,0.8162831702858733,1589.4858297247633,568.8181503984855,0.2,-0.3986727735210255,0.42746181675436856,-0.1273435336560184,0.0,-0.02052897906905399,,
79.7,5.520407337601282,-0.7574316027896502,8.269862729785334,-0.0020668926836736583,0.006183682475386155,-0.016972919705828815,19.439999999999852,0.8142302723789678,1590.8224633149418,570.2311047767272,0.2,-0.42092212739502194,0.4433791663477774,-0.14349338723265612,0.0,-0.021652372808386066,,
79.80000000000001,5.2269383747963065,-0.474850886192429,8.237680158736147,-0.01182052085519919,0.0035505333996011922,-0.0178415843332776,19.45999999999985,0.8120650350981292,1592.1636094379028,571.6425370224099,0.2,-0.44304788056664846,0.45912429857503484,-0.15967561783998666,0.0,-0.022767105887289404,,
79.9,5.4053417309659215,-0.37867805167490937,8.186139969082245,-0.009161746883304858,-0.013861125296160714,-0.020257989942009745,19.47999999999985,0.8097883245094003,1593.5094244384313,573.0522846561821,0.2,-0.4650408276856517,0.47468557310391607,-0.1758879703150921,0.0,-0.023872732427395033,,
80.0,5.726717956369027,-0.35284273168974484,8.076538981284498,-0.010827141732313392,0.005425493975353068,-0.025110166212719984,19.49999999999985,0.8074010512666608,1594.8600627464377,574.4601848968016,0.2,-0.48689179876015287,0.4900514966069283,-0.19212796353786427,0.0,-0.024968810192828542,,
80.10000000000001,5.550017199396294,-0.326884576043612,7.996471145906008,-0.010232490731508108,-0.007415560059041874,-0.020883439206970077,19.51999999999985,0.804904170247378,1596.2156767630079,575.8660746879003,0.2,-0.5085916629737514,0.5052107345311592,-0.2083928822222401,0.0,-0.02605490076709812,,
80.2,5.075216188781784,-0.7123348141889279,8.294300464124953,-0.0200669293287232,0.015549084358180528,-0.007957778594200915,19.53999999999985,0.8022986801706682,1597.5764167481263,577.269790727162,0.2,-0.5301313324940016,0.5201521229094903,-0.2246797692820075,0.0,-0.02713056972845474,,
80.30000000000001,5.34019444932246,-0.2470633390115991,8.390119371742031,-0.004566636968396914,0.025285530700365627,-0.04057611044834815,19.55999999999985,0.7995856231978227,1598.9424307101895,578.6711694979814,0.2,-0.5515017662707119,0.5348646802015262,-0.2409854187967274,0.0,-0.028195386823656247,,
80.4,5.486130212915421,-0.5782433037825627,8.057046829018475,-0.014763387018044215,-0.006703939257481956,-0.029703340540567016,19.57999999999985,0.796766084515457,1600.3138642974275,580.0700473036726,0.2,-0.5726939738224024,0.5493376191512611,-0.25730636960191755,0.0,-0.029248926140061634,,
80.5,5.626889073226637,-0.8967774768713332,8.465095867645532,-0.026791819361016468,0.0027191705085165365,-0.008066385533581534,19.59999999999985,0.7938411919014509,1601.6908606913544,581.4662603042838,0.2,-0.5936990190094279,0.5635603586473772,-0.2736388995263588,0.0,-0.030290766275991452,,
80.60000000000001,5.52390832488056,-0.7550223258502065,8.12356219789808,-0.032676495132493384,-0.00988332656573365,-0.031863412971689625,19.61999999999985,0.7908121152738518,1603.0735605023658,582.8596445560721,0.2,-0.6145080237921186,0.5775225355707103,-0.2899790202978013,0.0,-0.03132049050928253,,
80.7,5.479609893192481,-0.5093084476162224,8.091918478819128,-0.010063480959278679,-0.024297425525173104,-0.020848477087516023,19.639999999999848,0.7876800662229235,1604.462101667603,584.2500360536826,0.2,-0.6351121719723799,0.5912140166122527,-0.30632247313685756,0.0,-0.03233768696397071,,
80.80000000000001,5.324849622944934,-0.6440090480278563,8.101629076241142,-0.006956048788925908,0.00410036716695396,-0.02160850232903493,19.659999999999847,0.7844462975265265,1605.8566193512013,585.6372707750717,0.2,-0.6555027129172198,0.6046249100438685,-0.32266472505726285,0.0,-0.03334194877503687,,
80.9,5.337424517635311,-0.6285828667273372,8.171674518600058,-0.011889394728900007,0.00954738641923491,-0.02240189822584557,19.679999999999847,0.7811121026490229,1607.2572458470383,587.0211847292034,0.2,-0.6756709652625529,0.6177455774226297,-0.3390009658889067,0.0,-0.03433287425114625,,
81.0,5.326619625745196,-0.7432506652943015,8.30969525326288,-0.028265345974988254,0.014052264098013151,-0.029078789100789114,19.699999999999847,0.7776788152239082,1608.664110484105,588.4016140065457,0.2,-0.6956083205958133,0.6305666452086653,-0.35532610603840664,0.0,-0.03531006703532075,,
81.10000000000001,5.192670731606642,-0.40084717192167896,7.901419904559855,-0.005748145218219142,-0.013664123057822821,-0.04102754735288955,19.719999999999846,0.7741478085203761,1610.0773395346089,589.7783948323811,0.2,-0.7153062471157384,0.6430790162751899,-0.3716347750000474,0.0,-0.036273136263475864,,
81.2,5.40503812724083,-0.7250454590835007,7.943901499142341,-0.03317084163716078,0.02328623811876083,-0.014102004003062036,19.739999999999846,0.7705204948940285,1611.4970561249265,591.1513636229392,0.2,-0.7347562932678126,0.6552738812884228,-0.38792132062811613,0.0,-0.037221696720760804,,
81.30000000000001,5.406172380920431,-0.5733615364960393,8.2781365470117,-0.009016285347731922,0.02081227531125941,-0.02499111614836134,19.759999999999845,0.7667983252219525,1612.9233801495204,592.520357044357,0.2,-0.7539500913538456,0.667142729934099,-0.40417980917971397,0.0,-0.03815536899564026,,
81.4,5.366356412736746,-0.7553969059124446,8.146163006877478,-0.023141969625326907,-0.001607575629970254,-0.05180590658387213,19.779999999999845,0.7629827883223884,1614.356428187928,593.8852120744532,0.2,-0.7728793611140861,0.6786773619663041,-0.42040402613506933,0.0,-0.03907377963165279,,
81.5,5.478572434988544,-0.6318056460729985,8.317436403952168,-0.010596220297766398,0.0073829864474841975,-0.03098818953081767,19.799999999999844,0.7590754103592231,1615.7963134249346,595.2457660673098,0.2,-0.7915359132804253,0.689869898053618,-0.43658747780046053,0.0,-0.03997656127678947,,
81.60000000000001,5.55146904926603,-0.9031861916664818,8.252166281064225,-0.014283262734273265,0.006066247962442815,-0.027656764412874155,19.819999999999844,0.7550777542315441,1617.2431455740375,596.6018568206314,0.2,-0.809911653099101,0.7007127903966792,-0.4527233936966567,0.0,-0.04086335283042923,,
81.7,5.404934407942004,-1.0281441865607894,8.206646568276996,-0.01849419450560471,0.009305642611651505,-0.01883835515229806,19.839999999999844,0.7509914189485012,1618.6970308043042,597.9533226458573,0.2,-0.8279985838214328,0.7111988330906859,-0.4688047297337612,0.0,-0.04173379958777416,,
81.80000000000001,5.628159894744757,-0.7595890252165819,8.164934380829566,-0.013841429904015906,-0.026257478829380503,-0.025895648159480346,19.859999999999843,0.7468180389897238,1620.1580716707283,599.3000024409854,0.2,-0.8457888101610982,0.7213211722057418,-0.48482417217117035,0.0,-0.04258755338172734,,
81.9,5.254200248440317,-1.1104301928763212,8.14395027215607,-0.04293741965255683,-0.0131074474557676,-0.0321742584602235,19.879999999999843,0.742559283651551,1621.6263670481812,600.6417357660628,0.2,-0.863274541716418,0.7310733155574348,-0.5007741423591586,0.0,-0.04342427272215417,,
82.0,5.289376984792525,-0.6850895094839533,8.090640595142908,-0.03389896707781114,0.009120973460344933,-0.030634364072479582,19.899999999999842,0.7382168563793355,1623.1020120690555,601.9783629212898,0.2,-0.8804480963562404,0.7404491421397347,-0.516646802256492,0.0,-0.04424362293247475,,
82.10000000000001,5.399110072000617,-0.8153382228158141,8.086576641519704,-0.018564535078340372,0.009766304725944221,-0.04331108600750693,19.919999999999842,0.733792494086088,1624.5850980646908,603.3097250276747,0.2,-0.897301903567901,0.7494429111919402,-0.5324340607161869,0.0,-0.04504527628352952,,
82.2,4.934720376402943,-0.86827489842737,7.854250418726525,-0.006472183133956394,0.004879419984117992,-0.03520667241857613,19.93999999999984,0.7292879664577351,1626.0757125106725,604.6356641101721,0.2,-0.9138285077658423,0.7580492708713173,-0.5481275805293969,0.0,-0.04582891212466648,,
82.30000000000001,5.154408222833602,-0.8196005862703356,8.315268875662293,-0.0157835300050252,-0.006194441701985316,-0.03906967431878909,19.95999999999984,0.7247050752452684,1627.5739389760843,605.956023183226,0.2,-0.9300205715594663,0.7662632665030125,-0.5637187862151922,0.0,-0.04659421701199768,,
82.4,5.455958333710948,-1.075025038453756,8.20740262701039,-0.029308661488683996,0.00020715952105404195,-0.029240400930481945,19.97999999999984,0.7200456535440686,1629.0798570767965,607.2706463386361,0.2,-0.9458708789787552,0.7740803483788843,-0.579198872541779,0.0,-0.04734088483377191,,
82.5,5.088791412428811,-1.0769972085881452,8.257063810659425,-0.023326307252677734,-0.008769784441711847,-0.03609389455981194,19.99999999999984,0.7153115650606914,1630.593542432862,608.5793788356544,0.2,-0.9613723386563128,0.7814963790771636,-0.5945588137626001,0.0,-0.04806861693281602,,
82.60000000000001,5.559625312404628,-0.832355185430884,8.071194158211002,-0.02381772769356746,0.011306746966088507,-0.025571108554323395,20.01999999999984,0.7105047033674098,1632.1150666300932,609.8820671932152,0.2,-0.9765179869643812,0.7885076402751239,-0.6097893735485419,0.0,-0.04877712222599346,,
82.7,5.3049310770621565,-1.1011875032996583,8.388920655159799,-0.029060400731400114,0.01988705590309993,-0.03934812121655891,20.03999999999984,0.7056269911448104,1633.6444971858798,611.1785592841929,0.2,-0.9913009911054846,0.7951108390274546,-0.6248811155954174,0.0,-0.049466117320633364,,
82.80000000000001,5.521051844439012,-1.0830359624172146,8.160645927660743,-0.035152752446490486,0.0014967121118169336,-0.02757153971824828,20.05999999999984,0.7006803794127471,1635.1818975193096,612.4687044315771,0.2,-1.0057146521553555,0.8013031134836204,-0.6398244148838211,0.0,-0.05013532662788453,,
82.9,5.366605520064633,-0.7894851040100629,8.34595533880787,-0.024753589070062074,-0.005388841918922014,-0.06213557525815699,20.07999999999984,0.6956668467499586,1636.727326925644,613.7523535064455,0.2,-1.019752408056759,0.8070820380181719,-0.654609469566392,0.0,-0.05078448247294658,,
83.0,5.369143456153758,-1.1013446493556498,7.99928666101327,-0.02006139678099339,-0.0036919467287914154,-0.009563662106494678,20.099999999999838,0.690588398502664,1638.280840555195,615.0293590276134,0.2,-1.0334078365629422,0.8124456277488886,-0.6692263134556314,0.0,-0.05141332520213684,,
83.10000000000001,5.413687665026098,-0.7570451232119803,8.316387238691505,-0.02614562018328588,-0.003073027469013017,-0.04533329676257915,20.119999999999838,0.6854470659824503,1639.8424893966428,616.2995752628271,0.2,-1.0466746581293653,0.817392342418559,-0.6836648290834663,0.0,-0.0520216032867482,,
83.2,5.413050955237183,-0.9834337030252153,8.084732683595972,-0.03243059374157394,-0.01581261635905219,-0.03670503646736191,20.139999999999837,0.6802449056537755,1641.4123202648311,617.5628583313692,0.2,-1.0595467387524413,0.8219210896173388,-0.6979147613019665,0.0,-0.0526090734236569,,
83.30000000000001,5.488249901405773,-1.0584121676475549,8.040935282023407,-0.038711667084104937,-0.009607120166991475,-0.03232396124600501,20.159999999999837,0.6749839983114098,1642.9903757930645,618.8190663079329,0.2,-1.0720180927540375,0.8260312273238679,-0.711965731392901,0.0,-0.05317550063264118,,
83.4,5.260849202073834,-1.0347312605989585,8.392171254676851,-0.022061644729696937,-0.005246739638705582,-0.05081851814280005,20.179999999999836,0.6696664482481457,1644.5766944299276,620.0680593276222,0.2,-1.084082885510449,0.8297225657446361,-0.7258072516521167,0.0,-0.05372065835036956,,
83.5,5.418068271076402,-1.3372898818799097,8.49639754152323,-0.03673123952172247,0.02003373397323179,-0.034339114638469184,20.199999999999836,0.6642943824131088,1646.1713104406433,621.3096996919278,0.2,-1.0957354361246692,0.8329953684326109,-0.7394287404132583,0.0,-0.05424432852102367,,
83.60000000000001,5.52447672238371,-0.9870272844324129,8.147466777432824,-0.024133602279727356,0.004829781563796727,-0.030482378429986107,20.219999999999835,0.6588699495610064,1647.7742539129688,622.543851975524,0.2,-1.1069702200407154,0.8358503526676772,-0.752819537473829,0.0,-0.054746301683517525,,
83.7,5.033230010178413,-0.964010416348314,8.39170321256168,-0.031213702995340896,0.01022324361932733,-0.02461776351386788,20.239999999999835,0.6533953193926547,1649.3855507676335,623.7703831337321,0.2,-1.1177818715988348,0.8382886890831432,-0.7659689198853039,0.0,-0.05522637705527885,,
83.80000000000001,5.353998761232764,-1.079589827921603,8.142065767647221,-0.020171355908502348,0.005506339048577078,-0.04226682040281404,20.259999999999835,0.6478726816871269,1651.0052227733065,624.9891626104859,0.2,-1.1281651865304565,0.8403120005243789,-0.7788661180678074,0.0,-0.05568436261256001,,
83.9,5.538549155219551,-0.9655357224163535,8.189198075117096,-0.021874105842411024,-0.0010420751793143966,-0.04781913114368473,20.279999999999834,0.6423042454258708,1652.6332875660758,626.2000624466392,0.2,-1.138115124391706,0.8419223601274841,-0.7915003322087207,0.0,-0.05612007516724435,,
84.0,5.328294373717527,-1.1501833608486574,8.16596426521248,-0.026774271971351512,-0.0026245921080107937,-0.024004278433054294,20.299999999999834,0.6366922379091464,1654.2697586734146,627.4029573884474,0.2,-1.1476268109344163,0.843122288607927,-0.8038607489037077,0.0,-0.0565333404401195,,
84.10000000000001,5.318366004022486,-0.8170324728145297,8.179424694667729,-0.05067690828480716,-0.012675009923658727,-0.052368175451379916,20.319999999999833,0.6310389038651345,1655.9146455426023,628.5977249960547,0.2,-1.1566955404135075,0.843914750751088,-0.8159365579977558,0.0,-0.056923993130586464,,
84.2,5.431203864526021,-1.0481376565384624,8.175529307037747,-0.03078748369556898,-0.0021132161056706847,-0.059690200025642466,20.339999999999833,0.6253465045520759,1657.5679535735574,629.784245751819,0.2,-1.1653167778296867,0.8443031510988106,-0.8277169695831916,0.0,-0.057291876982777594,,
84.30000000000001,5.3101201865518775,-0.9727932294947912,8.043983152314915,-0.035750954658208885,0.004742116186442969,-0.03149846223789872,20.359999999999832,0.6196173168537981,1659.2296841560321,630.9624031683014,0.2,-1.1734861611064344,0.8442913288282495,-0.8391912311110891,0.0,-0.05763684484805718,,
84.4,5.437528251285137,-1.136102852385423,7.953861828282409,-0.03984082920744282,-0.005490991977591786,-0.04005378354397289,20.379999999999832,0.6138536323689924,1660.8998347111144,632.1320838957498,0.2,-1.181199503200234,0.8438835518215315,-0.8503486445720698,0.0,-0.0579587587438785,,
84.5,5.410237770686448,-1.1470483962756655,8.183280861187889,-0.01625894235858094,-0.014898154293029769,-0.05387242961447773,20.39999999999983,0.6080577564946045,1662.578398736969,633.2931778289043,0.2,-1.1884527941430891,0.8430845099270857,-0.8611785837023129,0.0,-0.05825748990897544,,
84.60000000000001,5.6183063358023295,-1.2580243979477412,8.39277989192054,-0.03852865723123804,0.00033105406168953435,-0.05313779353942494,20.41999999999983,0.602232007503707,1664.2653658587428,634.4455782129513,0.2,-1.195242203016333,0.8418993074157896,-0.8716705111704485,0.0,-0.05853291885486498,,
84.7,5.693467083396917,-1.3318355337533991,8.042094472774249,-0.025158532710066205,0.002396071998656721,-0.053976481640099036,20.43999999999983,0.5963787156182205,1665.9607218825574,635.5891817484573,0.2,-1.2015640798548133,0.8403334546374757,-0.8818139957011284,0.0,-0.05878493541364106,,
84.80000000000001,5.170938845434838,-1.2052203641021242,8.513000316216182,-0.04771702458137022,-0.007034101454257915,-0.05018235448838314,20.45999999999983,0.5905002220768564,1667.664448853493,636.7238886951088,0.2,-1.2074149574805366,0.8383928588857079,-0.8915987290912741,0.0,-0.059013438782040406,,
84.9,5.272229308622823,-1.2537496007484268,8.14364543149057,-0.030390804398057924,0.004826263006782737,-0.04442998575257493,20.47999999999983,0.5845988781986523,1669.3765251174711,637.8496029740917,0.2,-1.2127915532648812,0.8360838144811236,-0.9010145430753806,0.0,-0.059218337561762265,,
85.0,5.396402411587304,-0.9025766993734183,8.093814033730144,-0.0289765217741843,0.016635205367031818,-0.050081500397324064,20.49999999999983,0.578677044442476,1671.0969253869296,638.966232268942,0.2,-1.2176907708185376,0.8334129920860415,-0.9100514259968148,0.0,-0.05939954979602672,,
85.10000000000001,5.372779916941655,-1.341562339615241,8.224326295971755,-0.01077487141980506,0.0008155511673108467,-0.05207921148941492,20.51999999999983,0.5727370894628734,1672.8256208101734,640.0736881247028,0.2,-1.2221097016083398,0.8303874272653897,-0.9186995392427233,0.0,-0.05955700300235624,,
85.2,5.241156228848886,-1.3699895709751213,8.161598330710557,-0.029365652085054983,0.002172975292994111,-0.046982467260241606,20.53999999999983,0.5667813891626378,1674.562579044287,641.1718860452261,0.2,-1.2260456265001878,0.8270145083113736,-0.9269492334010181,0.0,-0.059690634201567574,,
85.30000000000001,5.473203227225977,-1.056524991717931,8.000858035536988,-0.02554273273410102,0.006837967002774684,-0.05638429523059455,20.559999999999828,0.560812325742481,1676.3077643314762,642.2607455884593,0.2,-1.229496017227305,0.8233019633516195,-0.934791064098911,0.0,-0.05980038994296281,,
85.4,5.448418804753238,-1.269412810522851,7.980784569855196,-0.04646729730535387,-0.003359902864811638,-0.034002321547003576,20.579999999999828,0.5548322867481846,1678.061137578706,643.3401904595621,0.2,-1.2324585377830755,0.819257846762805,-0.9422158074835982,0.0,-0.05988622632570874,,
85.5,5.510162289260172,-1.382936164210169,8.320210921152867,-0.02467625367851711,-0.013815937543274289,-0.05300335950201668,20.599999999999827,0.5488436641156138,1679.822656440495,644.4101486017007,0.2,-1.234931045737763,0.8148905249140073,-0.9492144753069973,0.0,-0.059948109016396765,,
85.60000000000001,5.75097838880252,-1.2191999532059639,8.170471594562349,-0.04076495380067159,-0.011797432245299793,-0.04581544744299189,20.619999999999827,0.5428488532139741,1681.5922754047165,645.470552284373,0.2,-1.2369115934784245,0.8102086612661679,-0.9557783295778469,0.0,-0.0599860132627757,,
85.7,5.582173396586537,-1.3792618471179354,8.099665779013415,-0.03195203142900098,0.002050366761838621,-0.03966782370155177,20.639999999999826,0.5368502518876965,1683.3699458812528,646.5213381891213,0.2,-1.2383984293713743,0.8052212008561555,-0.9618988967460448,0.0,-0.059999923903652365,,
85.80000000000001,5.424145503789819,-1.4122082918779513,8.068561084224795,-0.0295749150873409,0.0009941508367392615,-0.04056193858631009,20.659999999999826,0.5308502594973313,1685.1556162933437,647.5624474924954,0.2,-1.2393899988465784,0.7999373541959192,-0.9675679813857807,0.0,-0.0599898353749559,,
85.9,5.382912083799738,-1.035271636698399,8.129802907774929,-0.012197157810150395,-0.0003962815499264556,-0.046723430905847,20.679999999999826,0.5248512759598357,1686.9492321714624,648.5938259461325,0.2,-1.2398849454033896,0.794366580619142,-0.9727776793458094,0.0,-0.05995575171196325,,
86.0,5.4163307260079545,-1.3922922535332876,8.149279343702778,-0.02636207476873648,0.003766899162121412,-0.049453764068356325,20.699999999999825,0.5188557007886394,1688.7507362495498,649.615423953827,0.2,-1.2398821115370728,0.7885185711096243,-0.9775203903371359,0.0,-0.05989768654768519,,
86.10000000000001,5.5467519954502436,-1.0865562370832151,8.071686675887031,-0.02783284701911486,0.013267651981071096,-0.05399567603046417,20.719999999999825,0.5128659321338709,1690.560068563429,650.6271966454705,0.2,-1.239380539585591,0.782403230647341,-0.9817888299303852,0.0,-0.0598156631074132,,
86.2,5.465271076362638,-1.1206238553528276,7.8446166262202475,-0.02439418777820016,0.01594349887142459,-0.051546249112992396,20.739999999999824,0.5068843658231296,1692.3771665512222,651.6291039477449,0.2,-1.2383794724961639,0.7760306601097241,-0.9855760409372495,0.0,-0.05970971419942981,,
86.30000000000001,5.387396896907576,-1.2505701747348095,8.23514368297856,-0.02182110492767967,0.001959680867900851,-0.03856778574391755,20.759999999999824,0.5009133944031866,1694.2019651555847,652.621110651461,0.2,-1.2368783545111335,0.7694111377671952,-0.9888754041525957,0.0,-0.059579882201885544,,
86.4,5.587053158536317,-1.2501995774850978,8.377610621024496,-0.0403519933391596,0.018302932687122644,-0.04474481628960539,20.779999999999824,0.49495540618299805,1696.0343969275682,653.6031864754403,0.2,-1.2348768317727188,0.7625551004133413,-0.9916806484360915,0.0,-0.059426219045848376,,
86.5,5.278369415522568,-1.278632329506566,8.228089562826824,-0.054644142819678596,-0.00022451249243609796,-0.039307424025516444,20.799999999999823,0.4890127842784132,1697.874392131921,654.5753061268447,0.2,-1.2323747528462528,0.7554731241713447,-0.9939858601145443,0.0,-0.05924878619453189,,
86.60000000000001,5.480146186104395,-1.4495098507124353,8.112671934484748,-0.048825731062606376,-0.009570812990060948,-0.030362525767553376,20.819999999999823,0.48308790565896004,1699.7218788536325,655.5374493578648,0.2,-1.2293721691615493,0.7481759050193764,-0.9957854916885516,0.0,-0.059047654618710844,,
86.7,5.135809089643372,-1.3106959758958918,8.139931143089012,-0.018168092757408202,0.007660628586580734,-0.058677436320126286,20.839999999999822,0.47718314019708896,1701.5767831055236,656.4896010186869,0.2,-1.2258693353720682,0.7406742390786109,-0.9970743698294913,0.0,-0.05882290476833391,,
86.80000000000001,5.495363257368377,-1.0840248232540215,7.806532551311582,-0.03474474168097004,-0.0035641830627163376,-0.03584156818381196,20.859999999999822,0.47130084972025554,1703.4390289366866,657.4317511066625,0.2,-1.221866709631577,0.7329790027083265,-0.997847702655372,0.0,-0.05857462654034455,,
86.9,5.6063019136810865,-1.2565695736209392,8.058256896605341,-0.01715482372590753,0.010584386508894072,-0.039582563323484934,20.87999999999982,0.46544338706622107,1705.30853854157,658.3638948116159,0.2,-1.2173649537880604,0.7251011324532302,-0.9981010862765602,0.0,-0.058302919242723704,,
87.0,5.305824218418505,-1.201806744296519,8.347360645157623,-0.03307649343563136,0.009969675417411318,-0.06374762854768139,20.89999999999982,0.4596130951419487,1707.1852323695127,659.2860325572268,0.2,-1.2123649334946334,0.7170516048886447,-0.9978305106049152,0.0,-0.05800789155476765,,
87.10000000000001,5.377031261111123,-1.0343548177455393,7.9898401271191855,-0.03670806621632737,-0.017855986477837673,-0.03726141363203494,20.91999999999982,0.45381230598647193,1709.0690292345191,660.1981700384401,0.2,-1.206867718237276,0.7088414164095815,-0.9970323644223928,0.0,-0.0576896614836179,,
87.2,5.460146379820947,-1.2918321080418764,7.890817186600542,-0.018476113139793127,0.0015670368064575123,-0.03856163480393894,20.93999999999982,0.4480433398381101,1710.9598464250785,661.100318254854,0.2,-1.2008745812792254,0.7004815630099297,-0.9957034397076878,0.0,-0.057348356317059965,,
87.30000000000001,5.4930719026274355,-1.1038759508654148,7.989485523951143,-0.030591167763387495,0.008201896746268434,-0.0552987724234917,20.95999999999982,0.4423085042064041,1712.857599813823,661.9924935400506,0.2,-1.1943869995218894,0.6919830200980608,-0.9938409352219643,0.0,-0.05698411257260972,,
87.4,5.446031718189021,-1.3001900473227843,8.098826280518317,-0.043082990049231135,0.0003367208344788456,-0.048637979505627295,20.97999999999982,0.43661009294914316,1714.7622039668242,662.8747175868408,0.2,-1.1874066532822105,0.6833567223950849,-0.9914424593572271,0.0,-0.05659707594290852,,
87.5,5.428762037215684,-1.123444106301725,8.273297599663044,-0.031653613463715605,-0.008354320694531783,-0.034958173263378,20.99999999999982,0.4309503853548523,1716.6735722523274,663.7470174683967,0.2,-1.1799354259863932,0.6746135439617449,-0.9885060322532515,0.0,-0.05618740123744778,,
87.60000000000001,5.269706968883478,-1.1479463518897766,8.154425008337613,-0.03695933790618384,0.0025123390119360166,-0.04214349619415435,21.01999999999982,0.4253316452311075,1718.5916169487273,664.609425655261,0.2,-1.1719754037799972,0.6657642783995936,-0.9850300871914299,0.0,-0.055755252320647354,,
87.7,5.606615261711659,-1.133164892163734,8.193093004271798,-0.02344095089031184,0.019841305823805867,-0.044188430989764965,21.039999999999818,0.4197561199990428,1720.5162493515863,665.46198002822,0.2,-1.1635288750543982,0.6568196192715724,-0.9810134712761595,0.0,-0.05530080204631218,,
87.80000000000001,5.588260176530074,-1.1191574629758052,8.167306253868228,-0.015237825173969386,-0.00018480382039707724,-0.056857176840421846,21.059999999999818,0.4142260397944116,1722.4473798795023,666.3047238870425,0.2,-1.1545983298896445,0.6477901407864615,-0.9764554454166421,0.0,-0.05482423218849262,,
87.9,5.52547459803649,-1.310055954767844,8.081575427271732,-0.018987625365022492,-0.009458342162588382,-0.033957270481166,21.079999999999817,0.4087436165755623,1724.3849181786366,667.1377059550899,0.2,-1.145186459413825,0.6386862787909118,-0.971355683624176,0.0,-0.054325733368777746,,
88.0,5.473643310906696,-1.1014847325673895,8.063844258734365,-0.019918263096046142,-0.0037531590931036197,-0.03902054182893862,21.099999999999817,0.4033110432386845,1726.3287732257122,667.9609803798063,0.2,-1.1352961550790202,0.6295183121118313,-0.9657142716420202,0.0,-0.05380550498004882,,
88.10000000000001,5.276661373867035,-0.9146699356578043,8.26974194119418,-0.02443686671235171,-0.0116540333163536,-0.024793291958317074,21.119999999999816,0.3979304927406796,1728.2788534293015,668.7746067291123,0.2,-1.1249305078540213,0.6202963442908959,-0.9595317049269693,0.0,-0.05326375510672496,,
88.2,5.386111096255525,-1.4145741018797304,8.148480305564407,-0.022443710322559172,0.009838652311656409,-0.055905728059494036,21.139999999999816,0.3926041172300071,1730.2350667292214,669.5786499837235,0.2,-1.1140928073339857,0.6110302857517855,-0.9528088860035956,0.0,-0.052700700441532425,,
88.30000000000001,5.233711712404394,-1.3132891307469665,8.310664457021664,-0.009896831372716412,0.012938733857400074,-0.049675633857429596,21.159999999999815,0.38733404718585385,1732.1973206938637,670.3731805254272,0.2,-1.1027865407672295,0.6017298364394896,-0.9455471212138808,0.0,-0.052116566198829824,,
88.4,5.561200678846128,-1.0268234533156777,8.255896298265151,-0.0258689752552648,0.014988055808488257,-0.046208039408113626,21.179999999999815,0.38212239056597086,1734.1655226152889,671.1582741213527,0.2,-1.0910153919994523,0.5924044689696787,-0.9377481168866573,0.0,-0.05151158602452605,,
88.5,5.470154358192682,-1.1461546919703294,7.967210079582887,-0.03511909049050304,0.00876720726759336,-0.0393958816362098,21.199999999999815,0.3769712319635182,1736.1395796019212,671.9340119042796,0.2,-1.0787832403356297,0.5830634123246441,-0.9294139749527026,0.0,-0.05088600190262448,,
88.60000000000001,5.428169952357238,-1.081627992315444,8.202515428232987,-0.036761372186907386,0.011947682017892898,-0.0339249067694691,21.219999999999814,0.37188263177325576,1738.1193986686853,672.7004803490288,0.2,-1.0660941593199333,0.5737156361307875,-0.9205471880328142,0.0,-0.05024006405843274,,
88.7,5.337121561999429,-1.0331548975084304,7.985725211915777,-0.025500647386297037,-0.020045289966956963,-0.04919095111265413,21.239999999999814,0.3668586253674125,1740.1048868244316,673.4577712449932,0.2,-1.0529524154340277,0.5643698355509896,-0.911150634027383,0.0,-0.049574030858476316,,
88.80000000000001,5.470025034410963,-1.1860878494608142,8.296520614743722,-0.028829263870032047,0.007532886820365911,-0.03678248880973206,21.259999999999813,0.36190122228156485,1742.0959511565056,674.2059816648623,0.2,-1.0393624667140988,0.5550344168234657,-0.9012275702370915,0.0,-0.04888816870715466,,
88.9,5.508296806295762,-1.1539905986530892,8.02857853176523,-0.04063766767581861,-0.006807618764377083,-0.0300639547794632,21.279999999999813,0.3570124054108494,1744.0924989123212,674.9452139296038,0.2,-1.0253289612871024,0.5457174834769701,-0.8907816270454006,0.0,-0.04818275194018381,,
89.0,5.481561741413751,-0.877397328090225,8.018430958128233,-0.04573724419735709,0.024055681666447618,-0.04986318254277785,21.299999999999812,0.352194130216831,1746.0944375778047,675.6755755697695,0.2,-1.0108567358266154,0.5364268232503309,-0.879816801194202,0.0,-0.04745806271486499,,
89.10000000000001,5.370682388164978,-1.0038443909209773,8.206967804158316,-0.01261177551832755,-0.012726102819567651,-0.02699895428256021,21.319999999999812,0.3474483239453445,1748.1016749525872,676.397179283193,0.2,-0.9959508139288467,0.5271698957424438,-0.8683374486848031,0.0,-0.046714390897225865,,
89.2,5.405744105952591,-1.0455526869368637,7.984180476320082,-0.028840166179799516,0.006612993692059302,-0.04799897033317008,21.33999999999981,0.3427768848556219,1750.1141192218247,677.1101428891553,0.2,-0.9806164044093002,0.5179538208168983,-0.8563482773368559,0.0,-0.045952033946078205,,
89.30000000000001,5.41923490250396,-1.2566627727611397,8.157652897192142,-0.03606103506004497,0.0011123644152402144,-0.044897116771350824,21.35999999999981,0.33818168146101407,1752.1316790245373,677.8145892790925,0.2,-0.9648588995206349,0.508785367783438,-0.8438543390382266,0.0,-0.04517129679403761,,
89.4,5.332341990662082,-0.7026861496864059,8.270820494549199,-0.008048235610260544,0.0054382239290865836,-0.020264906719909166,21.37999999999981,0.3336645517816103,1754.1542635183666,678.5106463639268,0.2,-0.9486838730923672,0.49967094537648515,-0.8308610217190986,0.0,-0.044372491725555456,,
89.5,5.37678272200431,-0.9418379129522697,8.207572348379252,-0.04086112915776594,0.010165313682075246,-0.05414969065403737,21.39999999999981,0.32922730260905475,1756.181782440656,679.1984470181011,0.2,-0.9320970785929713,0.49061659254890344,-0.8173740410835514,0.0,-0.04355593825200839,,
89.60000000000001,5.488045529277083,-1.211656425185117,8.086591769026171,-0.0075402249938094235,-0.0015985491896633667,-0.035279369047265745,21.41999999999981,0.3248717087838539,1758.2141461657682,679.8781290204025,0.2,-0.9151044471150985,0.4816279700971806,-0.803399432131925,0.0,-0.042721962983898534,,
89.7,5.371637833571578,-0.8289069705109853,8.02516030849151,-0.03273381072922592,0.005296039178979992,-0.03070075332893754,21.43999999999981,0.32059951248546403,1760.2512657585642,680.5498349916589,0.2,-0.8977120852845756,0.4727103531321527,-0.7889435405069596,0.0,-0.04187089950021378,,
89.80000000000001,5.5227264909228815,-0.7450764703556931,8.340956617804753,-0.034542202656486325,0.0062497300113917255,-0.02733241463257554,21.45999999999981,0.31641242253544266,1762.2930530239748,681.2137123293979,0.2,-0.8799262730938935,0.4638686244073598,-0.7740130136963674,0.0,-0.04100308821500006,,
89.9,5.6015926172517965,-0.8626785358928892,8.273011167019934,-0.022861441875432126,0.017428989298719968,-0.018139494257336027,21.47999999999981,0.31231211371394263,1764.3394205526033,681.8699131395547,0.2,-0.8617534616609901,0.45510726851511785,-0.758614792124045,0.0,-0.040118876241201015,,
90.0,6.151498596597625,0.05915532905112736,7.545534809788408,-0.0023635042906624427,-0.010061872893478768,-0.003555231095660756,21.499999999999808,0.30830022608982255,1766.3928138640981,682.5238251430441,1.0,0.0,0.9528507245916522,0.30343944477467566,0.0,0.0,,
90.10000000000001,6.00005240615833,0.0966454377093945,7.966111919020663,-0.003396943774252297,0.005425534610278385,0.006068204266499554,21.59999999999981,0.30830022608982255,1768.4557356828388,683.1807715409813,1.0,0.0,0.9528507245916522,0.30343944477467566,0.0,0.0,,
90.2,5.906291331750427,0.09305487577827766,7.707195111164028,0.005878563042039315,-0.009227795902891507,0.00012584866459655532,21.69999999999981,0.30830022608982255,1770.5281860088255,683.8407523333661,1.0,0.0,0.9528507245916522,0.30343944477467566,0.0,0.0,,
90.30000000000001,6.227303172466368,-0.09746061570601575,7.733348690183731,0.008115218952043795,0.023190869347204185,0.019791635272397537,21.799999999999812,0.30830022608982255,1772.610164842058,684.5037675201987,1.0,0.0,0.9528507245916522,0.30343944477467566,0.0,0.0,,
90.4,5.785206172166243,0.13698006400768548,7.834681289607069,0.01207040583201853,-0.004774263601695436,-0.0034924368725459416,21.899999999999814,0.30830022608982255,1774.7016721825366,685.1698171014791,1.0,0.0,0.9528507245916522,0.30343944477467566,0.0,0.0,,
90.5,6.114592998770341,0.21150117537994517,7.486638068275825,-0.010418252719219425,-0.0026974303587397764,-0.00011889897602350603,21.999999999999815,0.30830022608982255,1776.802708030261,685.8389010772072,1.0,0.0,0.9528507245916522,0.30343944477467566,0.0,0.0,,
90.60000000000001,6.209235113382392,-0.03311282532222162,7.6975029333566445,0.00044665404503929954,-0.004755838379211903,-0.011255795453304447,22.099999999999817,0.30830022608982255,1778.9132723852315,686.5110194473831,1.0,0.0,0.9528507245916522,0.30343944477467566,0.0,0.0,,
90.7,5.954646954041038,0.07848268679673963,7.452578008339371,0.005568996027695089,-0.004319683272982796,0.014289292633630409,22.199999999999818,0.30830022608982255,1781.0333652474478,687.1861722120067,1.0,0.0,0.9528507245916522,0.30343944477467566,0.0,0.0,,
90.80000000000001,6.290391792957985,0.03514095100582037,7.640252075409068,0.0016252163704419508,-0.022007885417317314,0.013509610770552037,22.29999999999982,0.30830022608982255,1783.16298661691,687.8643593710781,1.0,0.0,0.9528507245916522,0.30343944477467566,0.0,0.0,,
90.9,6.318464150592402,0.2123801060984455,7.686573091308195,-0.0037805249848006568,0.0002698203281413689,0.00459360456630754,22.39999999999982,0.30830022608982255,1785.3021364936183,688.5455809245972,1.0,0.0,0.9528507245916522,0.30343944477467566,0.0,0.0,,
91.0,6.3592857306623864,0.11725440030290905,7.7401940323328065,-0.016196141547723256,0.014743320207888549,0.018374671700919675,22.499999999999822,0.30830022608982255,1787.4508148775724,689.2298368725641,1.0,0.0,0.9528507245916522,0.30343944477467566,0.0,0.0,1790.8021932016122,686.1934515794363
91.10000000000001,6.469649806268418,0.03564182232042535,7.790115152198647,0.01996105638207255,0.0007708856180788374,-0.004714492011988114,22.599999999999824,0.30830022608982255,1789.6090217687724,689.9171272149787,1.0,0.0,0.9528507245916522,0.30343944477467566,0.0,0.0,,
91.2,6.200846010519743,-0.22239249806620312,7.683415858558965,0.017957455735244873,0.01040623532501064,0.011585117620268056,22.699999999999825,0.30830022608982255,1791.7767571672184,690.6074519518411,1.0,0.0,0.9528507245916522,0.30343944477467566,0.0,0.0,,
91.30000000000001,6.089467584489353,-0.0064331633180267425,7.910982173280228,-0.0027500528063068882,-0.003116086010150743,0.01424438987202588,22.799999999999827,0.30830022608982255,1793.9540210729103,691.3008110831512,1.0,0.0,0.9528507245916522,0.30343944477467566,0.0,0.0,,
91.4,6.240531108730602,-0.0730769823864579,7.963831103429256,-0.015019767347843873,-0.0028051899319775993,0.02138933392536585,22.899999999999828,0.30830022608982255,1796.140813485848,691.997204608909,1.0,0.0,0.9528507245916522,0.30343944477467566,0.0,0.0,,
91.5,6.281845937858275,-0.09594039415983627,7.75530708393666,0.0046294827793948255,0.006592702669557823,0.01503518103944282,22.99999999999983,0.30830022608982255,1798.3371344060315,692.6966325291146,1.0,0.0,0.9528507245916522,0.30343944477467566,0.0,0.0,,
91.60000000000001,6.132242615752368,0.14764847602024683,7.864628598433314,-0.0017012824440872643,0.0095804667460917,0.017401735170978705,23.09999999999983,0.30830022608982255,1800.542983833461,693.3990948437679,1.0,0.0,0.9528507245916522,0.30343944477467566,0.0,0.0,,
91.7,6.498253233113505,-0.02179622144884289,7.690846296482793,-0.00741215924060347,-3.540502588535496e-05,0.0015103498912683207,23.199999999999832,0.30830022608982255,1802.7583617681364,694.104591552869,1.0,0.0,0.9528507245916522,0.30343944477467566,0.0,0.0,,
91.80000000000001,6.271541750456522,0.0998731513487865,7.9632263638393965,-0.008091594501052611,-0.0032505004679791866,-0.003800176602046606,23.299999999999834,0.30830022608982255,1804.9832682100578,694.8131226564178,1.0,0.0,0.9528507245916522,0.30343944477467566,0.0,0.0,,
91.9,5.742953773915751,0.16963392744514616,7.794994393683649,0.01458737715777289,0.007767224302027645,0.006105043638222709,23.399999999999835,0.30830022608982255,1807.217703159225,695.5246881544144,1.0,0.0,0.9528507245916522,0.30343944477467566,0.0,0.0,,
92.0,6.091324118925973,-0.0939978373697599,7.717764692223095,0.004245431644836333,-0.005438371522928239,-0.0006894124510309994,23.499999999999837,0.30830022608982255,1809.4616666156383,696.2392880468587,1.0,0.0,0.9528507245916522,0.30343944477467566,0.0,0.0,1811.2994221281945,697.8426148564032
92.10000000000001,5.995768211478174,-0.03826203024833673,7.813234207761341,-0.010813703028292956,0.005081698651068998,-0.016963759433028067,23.599999999999838,0.30830022608982255,1811.7151585792974,696.9569223337509,1.0,0.0,0.9528507245916522,0.30343944477467566,0.0,0.0,,
92.2,6.2405569227488025,0.2922843475658402,7.686086231245474,0.004657515858310956,-0.000131474193441725,-0.005248171986667912,23.69999999999984,0.30830022608982255,1813.9781790502025,697.6775910150907,1.0,0.0,0.9528507245916522,0.30343944477467566,0.0,0.0,,
92.30000000000001,6.0525215321828085,0.0011287598781652558,7.95811440147342,0.00605939125698614,-0.013171552545080664,0.002229947237511171,23.79999999999984,0.30830022608982255,1816.2507280283535,698.4012940908783,1.0,0.0,0.9528507245916522,0.30343944477467566,0.0,0.0,,
92.4,6.233873701458307,-0.02068060356892918,7.972150712404958,0.0011609876601169646,-0.01265424667712207,0.007516971321050202,23.899999999999842,0.30830022608982255,1818.5328055137504,699.1280315611136,1.0,0.0,0.9528507245916522,0.30343944477467566,0.0,0.0,,
92.5,6.303938671236868,0.23369499816436656,7.6711906771943665,-0.013288535422063649,0.0035963732088146252,0.007541026227936881,23.999999999999844,0.30830022608982255,1820.8244115063933,699.8578034257966,1.0,0.0,0.9528507245916522,0.30343944477467566,0.0,0.0,,
92.60000000000001,6.132539083317577,-0.12809860056100564,7.525584856258716,-0.0066807328374927965,0.01239852667924545,0.005847696610495961,24.099999999999845,0.30830022608982255,1823.125546006282,700.5906096849275,1.0,0.0,0.9528507245916522,0.30343944477467566,0.0,0.0,,
92.7,6.26148671898872,0.17009474971008806,7.890101678099227,0.009245976927882895,-0.008752189268159169,0.018874325812485257,24.199999999999847,0.30830022608982255,1825.4362090134168,701.326450338506,1.0,0.0,0.9528507245916522,0.30343944477467566,0.0,0.0,,
92.80000000000001,5.879522367583286,0.20164392638226925,7.760635567584262,0.011161067825851847,0.004519433778125035,0.015084566065721172,24.299999999999848,0.30830022608982255,1827.7564005277973,702.0653253865323,1.0,0.0,0.9528507245916522,0.30343944477467566,0.0,0.0,,
92.9,5.832017739796413,-0.014771640550912131,7.677273127074129,-0.004761622846819215,0.0024111023048443985,-0.007997423425234242,24.39999999999985,0.30830022608982255,1830.0861205494236,702.8072348290063,1.0,0.0,0.9528507245916522,0.30343944477467566,0.0,0.0,,
93.0,6.109133157490291,-0.08367787391564294,7.817377435768264,0.004577457375740879,0.009095405676684175,0.0015675263268607924,24.49999999999985,0.30830022608982255,1832.425369078296,703.5521786659282,1.0,0.0,0.9528507245916522,0.30343944477467566,0.0,0.0,1833.2399749861731,706.0487344940844
93.10000000000001,6.29038703746738,-0.1690477602512639,7.859667108724991,-0.004412553738538375,0.001251098148396706,-0.0063231043061457385,24.599999999999852,0.30830022608982255,1834.7741461144142,704.3001568972977,1.0,0.0,0.9528507245916522,0.30343944477467566,0.0,0.0,,
93.2,6.093092634609862,0.21008718855777606,7.793514472145817,-0.006874476280401054,0.0031349202975047407,-0.0006633157218666275,24.699999999999854,0.30830022608982255,1837.1324516577783,705.051169523115,1.0,0.0,0.9528507245916522,0.30343944477467566,0.0,0.0,,
93.30000000000001,6.15500987931976,0.053238931737864245,7.782685831681857,-0.007231444878772424,0.010871114733792915,0.02366849526299558,24.799999999999855,0.30830022608982255,1839.5002857083884,705.8052165433801,1.0,0.0,0.9528507245916522,0.30343944477467566,0.0,0.0,,
93.4,6.2775442545796425,-0.13650942379778044,7.740452734558241,-0.009439146145115727,0.00730120723538535,0.018976002473954805,24.899999999999856,0.30830022608982255,1841.8776482662445,706.5622979580928,1.0,0.0,0.9528507245916522,0.30343944477467566,0.0,0.0,,
93.5,6.306242955292402,-0.09449574442198068,7.748794696646291,0.015349947115075653,0.004062336070850233,0.0008855449478443744,24.999999999999858,0.30830022608982255,1844.2645393313464,707.3224137672534,1.0,0.0,0.9528507245916522,0.30343944477467566,0.0,0.0,,
93.60000000000001,6.000531183911459,-0.16225724891828874,7.8010619736096585,0.01390002310868204,-0.004176318703624595,0.012201828571403797,25.09999999999986,0.30830022608982255,1846.6609589036943,708.0855639708616,1.0,0.0,0.9528507245916522,0.30343944477467566,0.0,0.0,,
93.7,5.938687012744103,0.004924097607004893,7.5284592542155755,0.0066034515314636845,0.0034765384680549324,-0.00037936405975243573,25.19999999999986,0.30830022608982255,1849.0669069832882,708.8517485689176,1.0,0.0,0.9528507245916522,0.30343944477467566,0.0,0.0,,
93.80000000000001,6.51675485122426,0.11542575326455283,7.9052086339473435,-0.0044571971148942915,0.00970357348661814,0.00540573082040096,25.299999999999862,0.30830022608982255,1851.482383570128,709.6209675614214,1.0,0.0,0.9528507245916522,0.30343944477467566,0.0,0.0,,
93.9,6.450363185374895,0.16021883085612054,7.850942273822487,0.0013581527840774617,-0.002489725396949875,0.01567703468215693,25.399999999999864,0.30830022608982255,1853.9073886642136,710.3932209483729,1.0,0.0,0.9528507245916522,0.30343944477467566,0.0,0.0,,
94.0,5.9931013840734515,0.09751605807254445,8.113531743732294,-0.006604499267806326,0.0015105829499563498,0.02957008860654891,25.499999999999865,0.30830022608982255,1856.3419222655452,711.1685087297722,1.0,0.0,0.9528507245916522,0.30343944477467566,0.0,0.0,1859.2170904291415,710.129828345398
94.10000000000001,5.911566161839143,0.1315658241602295,7.655651705501891,0.0016196525846862689,-0.0027014769289755657,0.008157997688060938,25.599999999999866,0.30830022608982255,1858.7859843741228,711.9468309056192,1.0,0.0,0.9528507245916522,0.30343944477467566,0.0,0.0,,
94.2,6.087682707392439,-0.3730727011054663,7.7001365702005895,-0.006907217400528579,-0.004226663132942177,0.02494121170526653,25.699999999999868,0.30830022608982255,1861.2395749899463,712.728187475914,1.0,0.0,0.9528507245916522,0.30343944477467566,0.0,0.0,,
94.30000000000001,6.055882446820818,0.1362208292190712,7.786636992455641,0.0010168282825100338,0.00809571398345604,-0.006746757044861246,25.79999999999987,0.30830022608982255,1863.7026941130155,713.5125784406565,1.0,0.0,0.9528507245916522,0.30343944477467566,0.0,0.0,,
94.4,6.061451509029717,-0.3361930210957518,7.82261506636516,-0.0068613827500181935,-0.006670327613744136,0.0038011516952948824,25.89999999999987,0.30830022608982255,1866.1753417433306,714.3000037998468,1.0,0.0,0.9528507245916522,0.30343944477467566,0.0,0.0,,
94.5,6.022038476951373,-0.07813625181305782,7.880356765640563,0.017803408878012066,-0.004284469560107408,0.008034708854349329,25.999999999999872,0.30830022608982255,1868.6575178808916,715.0904635534847,1.0,0.0,0.9528507245916522,0.30343944477467566,0.0,0.0,,
94.60000000000001,6.318775899274214,0.14667869812575243,7.706624659158259,-0.009476721748938025,-0.007410823667736607,0.00020669390681458174,26.099999999999874,0.30830022608982255,1871.1492225256986,715.8839577015705,1.0,0.0,0.9528507245916522,0.30343944477467566,0.0,0.0,,
94.7,5.987894248065232,-0.05800433643702495,7.721190606937547,-0.008947408655646841,0.0030510554442748023,0.015239285862284286,26.199999999999875,0.30830022608982255,1873.6504556777516,716.6804862441039,1.0,0.0,0.9528507245916522,0.30343944477467566,0.0,0.0,,
94.80000000000001,6.190033415646986,0.010333765723252467,7.726473958853773,-0.0010774877854727203,0.004306776041527423,0.00585693504207321,26.299999999999876,0.30830022608982255,1876.1612173370504,717.4800491810852,1.0,0.0,0.9528507245916522,0.30343944477467566,0.0,0.0,,
94.9,6.260540438108041,0.021893499230128264,7.87869783504021,0.006013284427416882,0.012049574282719758,0.014119798594709859,26.399999999999878,0.30830022608982255,1878.6815075035952,718.2826465125141,1.0,0.0,0.9528507245916522,0.30343944477467566,0.0,0.0,,
95.0,6.127363518898625,-0.21956417143012547,7.73927102651066,0.004386440223082306,-0.023699888748659897,0.013338843372536503,26.49999999999988,0.30830022608982255,1881.211326177386,719.0882782383909,1.0,0.0,0.9528507245916522,0.30343944477467566,0.0,0.0,1873.8397383172755,714.7605803234358
95.10000000000001,5.969249556742183,0.13311226655668912,7.704713144828856,-0.0026357194315801574,-0.006219108695099111,0.007082692407639306,26.59999999999988,0.30830022608982255,1883.7506733584225,719.8969443587154,1.0,0.0,0.9528507245916522,0.30343944477467566,0.0,0.0,,
95.2,6.292405130723914,0.01263372845873283,7.82828639399255,-0.007676570215851456,0.0018216949556721321,0.011658863187520501,26.699999999999882,0.30830022608982255,1886.2995490467051,720.7086448734876,1.0,0.0,0.9528507245916522,0.30343944477467566,0.0,0.0,,
95.30000000000001,6.226439584063631,-0.14100996419953044,7.603530697413604,-0.0021931992010097096,0.015305948979237607,0.0018015798690680525,26.799999999999883,0.30830022608982255,1888.8579532422336,721.5233797827076,1.0,0.0,0.9528507245916522,0.30343944477467566,0.0,0.0,,
95.4,6.118610113197636,0.1756804212233552,7.772159952521864,-0.007035006332035938,0.013437857674980347,0.004838473615635366,26.899999999999885,0.30830022608982255,1891.425885945008,722.3411490863754,1.0,0.0,0.9528507245916522,0.30343944477467566,0.0,0.0,,
95.5,6.175967046584565,0.016213048403020368,7.8438536681267035,0.013062331053492944,-0.007458951228777079,-8.758242964912542e-05,26.999999999999886,0.30830022608982255,1894.0033471550285,723.1619527844908,1.0,0.0,0.9528507245916522,0.30343944477467566,0.0,0.0,,
95.60000000000001,5.784939129607639,-0.04440068973405771,7.800583573111373,-0.010091420759731282,-0.001306675527232179,0.013512922617773655,27.099999999999888,0.30830022608982255,1896.5903368722948,723.985790877054,1.0,0.0,0.9528507245916522,0.30343944477467566,0.0,0.0,,
95.7,6.315777431610844,0.11484726682612474,7.682007502637466,0.007157914892768291,-0.012396694568629,0.003466970083991379,27.19999999999989,0.30830022608982255,1899.186855096807,724.812663364065,1.0,0.0,0.9528507245916522,0.30343944477467566,0.0,0.0,,
95.80000000000001,5.998121201938954,0.09114888452185016,7.6349962448958015,-0.0024788466172307785,0.01496210516141241,0.009881202148148515,27.29999999999989,0.30830022608982255,1901.792901828565,725.6425702455236,1.0,0.0,0.9528507245916522,0.30343944477467566,0.0,0.0,,
95.9,5.952928694784989,0.1382677805279368,7.921381867281988,0.012613331873076306,0.004618116189534753,-0.01691915744918114,27.399999999999892,0.30830022608982255,1904.4084770675688,726.4755115214301,1.0,0.0,0.9528507245916522,0.30343944477467566,0.0,0.0,,
96.0,6.100025994928836,-0.268188646241452,7.737981925929041,0.003998592712372373,-0.00741219367004772,0.005026281125925646,27.499999999999893,0.30830022608982255,1907.0335808138186,727.3114871917843,1.0,0.0,0.9528507245916522,0.30343944477467566,0.0,0.0,1908.594691847821,724.3951450873124
96.10000000000001,6.029399017892024,-0.25767196460742914,7.756359931659191,0.009773782333447043,-0.012664029436585634,0.017892796626657312,27.599999999999895,0.30830022608982255,1909.6682130673144,728.1504972565863,1.0,0.0,0.9528507245916522,0.30343944477467566,0.0,0.0,,
96.2,6.2207120855427895,-0.019832365071732312,7.731749259897491,0.002734735910954312,0.011661206199826484,0.015798125719390446,27.699999999999896,0.30830022608982255,1912.312373828056,728.992541715836,1.0,0.0,0.9528507245916522,0.30343944477467566,0.0,0.0,,
96.30000000000001,6.182690386363218,-0.0340204152237019,7.442090901872653,-0.00038859115223659224,-0.007289968327386521,0.011998647313942238,27.799999999999898,0.30830022608982255,1914.9660630960436,729.8376205695334,1.0,0.0,0.9528507245916522,0.30343944477467566,0.0,0.0,,
96.4,5.965141777169564,0.09120306542904344,7.871130746660084,-0.01147167652892287,-0.017204070413846098,0.011971502507648904,27.8999999999999,0.30830022608982255,1917.6292808712772,730.6857338176786,1.0,0.0,0.9528507245916522,0.30343944477467566,0.0,0.0,,
96.5,6.064539413466454,-0.2596362034560714,7.903543735947434,0.004013621562359167,-0.021711379266601855,0.008663508909119152,27.9999999999999,0.30830022608982255,1920.3020271537566,731.5368814602716,1.0,0.0,0.9528507245916522,0.30343944477467566,0.0,0.0,,
96.60000000000001,6.282888320292296,-0.138206843941152,7.6576514565787255,0.006495770139519022,0.014314080130057012,-0.004677610171211101,28.099999999999902,0.30830022608982255,1922.984301943482,732.3910634973123,1.0,0.0,0.9528507245916522,0.30343944477467566,0.0,0.0,,
96.7,6.088161962948197,-0.07272351175472754,7.9224800638543735,-0.010588178896400433,0.006929301122355669,-0.009468440766199791,28.199999999999903,0.30830022608982255,1925.6761052404534,733.2482799288007,1.0,0.0,0.9528507245916522,0.30343944477467566,0.0,0.0,,
96.80000000000001,6.110596980926852,0.16497669006885882,7.668310835589086,-0.006878020416127695,0.000727574545840909,-0.004039019019250734,28.299999999999905,0.30830022608982255,1928.3774370446706,734.1085307547369,1.0,0.0,0.9528507245916522,0.30343944477467566,0.0,0.0,,
96.9,5.920181763672743,0.10044001394100331,7.697381761081975,0.01162544505337014,0.008109275175741363,0.0023027133231754066,28.399999999999906,0.30830022608982255,1931.0882973561338,734.9718159751208,1.0,0.0,0.9528507245916522,0.30343944477467566,0.0,0.0,,
97.0,6.052803574478634,0.18021021553996058,7.730506170371898,0.006556216071480896,0.004168201152548368,0.007508578976256107,28.499999999999908,0.30830022608982255,1933.808686174843,735.8381355899525,1.0,0.0,0.9528507245916522,0.30343944477467566,0.0,0.0,1933.0641733835935,738.3002518037082
97.10000000000001,5.825233263692742,0.07372326500429102,7.705636512286058,-0.0018109618251214133,0.0009547570605586141,-0.013057830502021693,28.59999999999991,0.30830022608982255,1936.538603500798,736.7074895992318,1.0,0.0,0.9528507245916522,0.30343944477467566,0.0,0.0,,
97.2,6.387266526732717,0.0784223169564284,7.717985563589257,-0.013947185250333213,-0.0009768027747340355,0.00045331674389619166,28.69999999999991,0.30830022608982255,1939.278049333999,737.579878002959,1.0,0.0,0.9528507245916522,0.30343944477467566,0.0,0.0,,
97.30000000000001,5.924181536575766,0.292963927475564,7.774121267474605,-0.0009236567795006002,-0.009613044471931209,0.004556082019042174,28.799999999999912,0.30830022608982255,1942.0270236744457,738.455300801134,1.0,0.0,0.9528507245916522,0.30343944477467566,0.0,0.0,,
97.4,5.986115288730868,0.2933337946635092,7.587800401842494,0.005768753580600572,-0.018575934636412265,-0.0047769615780318565,28.899999999999913,0.30830022608982255,1944.7855265221383,739.3337579937566,1.0,0.0,0.9528507245916522,0.30343944477467566,0.0,0.0,,
97.5,6.145806768629428,-0.10007494079249293,7.681947337850171,0.0005594399739408649,-0.0003261404738342844,0.004195072923124808,28.999999999999915,0.30830022608982255,1947.5535578770769,740.215249580827,1.0,0.0,0.9528507245916522,0.30343944477467566,0.0,0.0,,
97.60000000000001,6.157507332701388,0.17217894646967571,7.849472566554678,0.021252170140313918,-0.0034499551621682807,0.0035438616446394,29.099999999999916,0.30830022608982255,1950.3311177392613,741.0997755623451,1.0,0.0,0.9528507245916522,0.30343944477467566,0.0,0.0,,
97.7,6.114284103912998,0.1496753772719407,7.658245267632053,-0.002842344774978845,-0.007148082485541634,0.010432955593071867,29.199999999999918,0.30830022608982255,1953.1182061086918,741.987335938311,1.0,0.0,0.9528507245916522,0.30343944477467566,0.0,0.0,,
97.80000000000001,6.297514897396795,0.15178725477723937,7.77612627797227,-0.003955174407489326,0.003423858553005912,0.013112379166837926,29.29999999999992,0.30830022608982255,1955.9148229853681,742.8779307087246,1.0,0.0,0.9528507245916522,0.30343944477467566,0.0,0.0,,
97.9,6.187125849878063,-0.14466481822344576,7.6803002707017045,-0.0066292061553770085,-0.00047112289428576505,0.012788165091233358,29.39999999999992,0.30830022608982255,1958.7209683692904,743.771559873586,1.0,0.0,0.9528507245916522,0.30343944477467566,0.0,0.0,,
98.0,6.147259819024291,-0.011963275200864543,7.648315673649386,0.0001911364742399347,-0.00040480171491631516,-0.0023902609434337287,29.499999999999922,0.30830022608982255,1961.5366422604586,744.6682234328952,1.0,0.0,0.9528507245916522,0.30343944477467566,0.0,0.0,1968.4137421959656,745.8851211144563
98.10000000000001,6.123342913101167,0.12722849755211507,7.7970724389397095,0.009941717366189933,-0.008484327137289945,-0.002299867192056473,29.599999999999923,0.30830022608982255,1964.3618446588728,745.5679213866521,1.0,0.0,0.9528507245916522,0.30343944477467566,0.0,0.0,,
98.2,5.916660444872506,0.19606081551054638,7.707728465152311,0.005013471767241556,-0.012790730186703276,-0.012158375400082409,29.699999999999925,0.30830022608982255,1967.1965755645328,746.4706537348567,1.0,0.0,0.9528507245916522,0.30343944477467566,0.0,0.0,,
98.30000000000001,5.912139466616026,0.0973283797866766,7.6697284030623765,-0.03086558145947945,-0.004859678429227165,0.008020988959662852,29.799999999999926,0.30830022608982255,1970.0408349774389,747.3764204775091,1.0,0.0,0.9528507245916522,0.30343944477467566,0.0,0.0,,
98.4,6.18875098736581,0.3960236920209288,7.903774764382533,-0.006292813754523313,0.0031621898936808404,0.004259578568409233,29.899999999999928,0.30830022608982255,1972.8946228975908,748.2852216146092,1.0,0.0,0.9528507245916522,0.30343944477467566,0.0,0.0,,
98.5,6.241565212257093,0.03613322199372784,8.021383780082015,-0.003779623461727284,0.004959223938349249,-0.011167038377775789,29.99999999999993,0.30830022608982255,1975.7579393249887,749.1970571461571,1.0,0.0,0.9528507245916522,0.30343944477467566,0.0,0.0,,
98.60000000000001,5.897652621789494,0.27400672361458395,7.86753786029871,0.0040887692981264835,0.0014149831530619853,0.015522924186939197,30.09999999999993,0.30830022608982255,1978.6307842596325,750.1119270721528,1.0,0.0,0.9528507245916522,0.30343944477467566,0.0,0.0,,
98.7,6.101472031191022,-0.12155902547091674,7.729053491531378,-0.0020638898823258887,0.007965567551076887,0.010550992973660453,30.199999999999932,0.30830022608982255,1981.5131577015222,751.0298313925961,1.0,0.0,0.9528507245916522,0.30343944477467566,0.0,0.0,,
98.80000000000001,6.1353399061795875,-0.03381209016058695,7.571059113263069,0.007461941592594731,0.010790014228124761,0.020836562539305756,30.299999999999933,0.30830022608982255,1984.4050596506577,751.9507701074872,1.0,0.0,0.9528507245916522,0.30343944477467566,0.0,0.0,,
98.9,5.9852326604922705,0.05821680061277695,7.819998596459448,0.001387643255681224,0.01820805582915427,-0.006932551299623365,30.399999999999935,0.30830022608982255,1987.306490107039,752.874743216826,1.0,0.0,0.9528507245916522,0.30343944477467566,0.0,0.0,,
99.0,5.806662156244915,-0.051830666362711636,7.858210866486565,0.017902224204689187,-0.0031877917428376748,5.1671221523082525e-05,30.499999999999936,0.30830022608982255,1990.2174490706664,753.8017507206126,1.0,0.0,0.9528507245916522,0.30343944477467566,0.0,0.0,1985.0102266688803,753.1056239878162
99.10000000000001,6.087667980426026,-0.14529901733763456,7.603545131008041,0.014939635437074588,-0.003584071196123323,0.028412623384176737,30.599999999999937,0.30830022608982255,1993.1379365415396,754.731792618847,1.0,0.0,0.9528507245916522,0.30343944477467566,0.0,0.0,,
99.2,6.2479596590148665,0.018529568381717505,7.928904148890535,-0.003895126221067652,-5.7603177367402196e-05,0.0009401229734928634,30.69999999999994,0.30830022608982255,1996.0679525196588,755.6648689115291,1.0,0.0,0.9528507245916522,0.30343944477467566,0.0,0.0,,
99.30000000000001,5.685681262142827,0.12335323236646728,7.885999675969312,-0.005241686566752925,-0.004415279300176299,0.01635484647917773,30.79999999999994,0.30830022608982255,1999.0074970050239,756.6009795986589,1.0,0.0,0.9528507245916522,0.30343944477467566,0.0,0.0,,
99.4,6.07208835554206,0.09424272967786185,7.698759554375545,0.005209299655403786,-0.007657491145679552,0.023805823790620587,30.89999999999994,0.30830022608982255,2001.956569997635,757.5401246802365,1.0,0.0,0.9528507245916522,0.30343944477467566,0.0,0.0,,
99.5,6.019972082208024,0.09824932624672968,7.9042720899682,0.0032851254695808207,-0.003637245650477687,0.001814647707827194,30.999999999999943,0.30830022608982255,2004.9151714974919,758.4823041562619,1.0,0.0,0.9528507245916522,0.30343944477467566,0.0,0.0,,
99.60000000000001,5.848802273318255,0.09079045910722995,7.565438459267191,-0.01236132458838797,-0.004058372731076494,0.024115185621559627,31.099999999999945,0.30830022608982255,2007.8833015045948,759.427518026735,1.0,0.0,0.9528507245916522,0.30343944477467566,0.0,0.0,,
99.7,6.18182602823357,0.0524918302100356,7.828871934332368,0.010905581860477824,0.004804163750095631,0.008510920888443659,31.199999999999946,0.30830022608982255,2010.8609600189436,760.3757662916559,1.0,0.0,0.9528507245916522,0.30343944477467566,0.0,0.0,,
99.80000000000001,6.083411338792256,0.26926358261320565,7.943933492894071,-0.001680829494815266,0.008585226274688882,0.0040544045872097515,31.299999999999947,0.30830022608982255,2013.8481470405384,761.3270489510244,1.0,0.0,0.9528507245916522,0.30343944477467566,0.0,0.0,,
99.9,5.878717122308358,0.13522080592378535,7.61630374767916,-0.003885040052498732,0.005381578915442648,0.012192486953452993,31.39999999999995,0.30830022608982255,2016.844862569379,762.2813660048407,1.0,0.0,0.9528507245916522,0.30343944477467566,0.0,0.0,,
100.0,5.984552488624598,0.15620808873041508,7.786149376984099,-0.00040101000815876624,-0.006619534317583307,-0.0015335403082416994,31.49999999999995,0.30830022608982255,2019.8511066054657,763.2387174531048,1.0,0.0,0.9528507245916522,0.30343944477467566,0.0,0.0,2020.6516421617164,763.7210284247142
100.10000000000001,6.174804175800426,0.05236478974971514,7.903900675641738,-0.008569276335727778,0.0019545105731907262,0.006174960194900099,31.59999999999995,0.30830022608982255,2022.8668791487983,764.1991032958166,1.0,0.0,0.9528507245916522,0.30343944477467566,0.0,0.0,,
100.2,6.24253860144181,0.06473079008302546,7.7590433827365235,-0.016442721370173753,0.002261442629958808,0.005325901824763119,31.699999999999953,0.30830022608982255,2025.8921801993768,765.1625235329761,1.0,0.0,0.9528507245916522,0.30343944477467566,0.0,0.0,,
100.30000000000001,6.108543420428422,0.27155430066382036,7.26510907636099,-0.009038554830669447,0.003181807050905057,0.003383748686742454,31.799999999999955,0.30830022608982255,2028.927009757201,766.1289781645835,1.0,0.0,0.9528507245916522,0.30343944477467566,0.0,0.0,,
100.4,6.192658853993206,0.09343836380204497,7.78962183844463,-0.014241211565341909,-0.007067115149572152,-7.428192783985165e-05,31.899999999999956,0.30830022608982255,2031.971367822271,767.0984671906385,1.0,0.0,0.9528507245916522,0.30343944477467566,0.0,0.0,,
100.5,6.151091087755959,-0.028575053276597304,7.51879866381578,0.0001772878054806399,-0.008556445840280652,0.013201568437442045,31.999999999999957,0.30830022608982255,2035.0252543945871,768.0709906111414,1.0,0.0,0.9528507245916522,0.30343944477467566,0.0,0.0,,
100.60000000000001,6.4877391329359675,0.021548501933237027,7.687683931911865,-0.0071403514819770395,-0.004056962747160609,-0.0002085328021639559,32.09999999999996,0.30830022608982255,2038.0886694741491,769.0465484260919,1.0,0.0,0.9528507245916522,0.30343944477467566,0.0,0.0,,
100.7,5.7391186769444165,0.019807325724375963,7.595117410798472,-0.014793158993428382,0.016369940203447744,0.006116681186990133,32.19999999999996,0.30830022608982255,2041.161613060957,770.0251406354903,1.0,0.0,0.9528507245916522,0.30343944477467566,0.0,0.0,,
100.80000000000001,6.263833643027526,0.14706835663908485,7.623560909580005,0.02069443235809865,-0.0120769270915204,0.015413292429484441,32.29999999999996,0.30830022608982255,2044.244085155011,771.0067672393363,1.0,0.0,0.9528507245916522,0.30343944477467566,0.0,0.0,,
100.9,6.208552626424789,0.05790556442445144,7.708904154006844,0.006001177676657618,-0.0008256165236920099,0.0021824140610760055,32.39999999999996,0.30830022608982255,2047.3360857563107,771.9914282376301,1.0,0.0,0.9528507245916522,0.30343944477467566,0.0,0.0,,
101.0,6.139835664875935,0.23763736397888513,7.691321013515927,0.01744754740794839,0.0060317560382178404,0.012222417518826339,32.499999999999964,0.30830022608982255,2050.437614864856,772.9791236303716,1.0,0.0,0.9528507245916522,0.30343944477467566,0.0,0.0,2054.4729032860632,771.8281958639355
101.10000000000001,6.102113473820527,0.16914581675419485,7.771549267183583,-0.008570890347794697,0.017332430025807307,-0.0037192548255777468,32.599999999999966,0.30830022608982255,2053.548672480648,773.9698534175609,1.0,0.0,0.9528507245916522,0.30343944477467566,0.0,0.0,,
101.2,5.989082136571482,-0.2898126353681545,7.7549385900192345,0.008595165031971157,-0.0036292149512774834,-0.008855030913211345,32.69999999999997,0.30830022608982255,2056.669258603685,774.963617599198,1.0,0.0,0.9528507245916522,0.30343944477467566,0.0,0.0,,
101.30000000000001,6.27611154300196,0.24205681028384435,7.436388306820233,0.002681718599643192,0.0024414721328500804,-0.0021992265964777347,32.79999999999997,0.30830022608982255,2059.7993732339687,775.9604161752827,1.0,0.0,0.9528507245916522,0.30343944477467566,0.0,0.0,,
101.4,6.149110315563536,-0.03718869422784589,7.652486483241229,-0.003254151758671971,-0.004448441871272938,0.024775551296872596,32.89999999999997,0.30830022608982255,2062.939016371498,776.9602491458153,1.0,0.0,0.9528507245916522,0.30343944477467566,0.0,0.0,,
101.5,6.1085301330224695,0.06777194581120521,7.860836641011791,-0.009682350175435863,0.004216220763602221,-0.006045485192228427,32.99999999999997,0.30830022608982255,2066.0881880162733,777.9631165107955,1.0,0.0,0.9528507245916522,0.30343944477467566,0.0,0.0,,
101.60000000000001,6.276275756174658,-0.042531543838625036,7.666264626154864,0.005204362257739882,-0.0019050147597908635,0.00787051742212347,33.09999999999997,0.30830022608982255,2069.2468881682944,778.9690182702236,1.0,0.0,0.9528507245916522,0.30343944477467566,0.0,0.0,,
101.7,5.968062366247668,0.056889099685533975,7.515865417625992,-0.010889324962409111,0.015498150187480889,0.004922733878608773,33.199999999999974,0.30830022608982255,2072.4151168275616,779.9779544240994,1.0,0.0,0.9528507245916522,0.30343944477467566,0.0,0.0,,
101.80000000000001,6.411727496305064,-0.1975893934424431,7.757336084348324,0.00891182487484038,0.0003149627334424515,0.01741332843309939,33.299999999999976,0.30830022608982255,2075.5928739940746,780.9899249724228,1.0,0.0,0.9528507245916522,0.30343944477467566,0.0,0.0,,
101.9,6.192772414367497,-0.021971309111756987,7.8045203085455315,-0.008190613262364341,0.002300531074136965,0.008299237428348805,33.39999999999998,0.30830022608982255,2078.7801596678337,782.0049299151941,1.0,0.0,0.9528507245916522,0.30343944477467566,0.0,0.0,,
102.0,6.049140432368867,-0.13461657988800513,7.52865451434611,-0.006919349431620587,0.003606176733689261,0.006404623089790186,33.49999999999998,0.30830022608982255,2081.9769738488385,783.0229692524131,1.0,0.0,0.9528507245916522,0.30343944477467566,0.0,0.0,2084.1677495279937,779.4966959245801
102.10000000000001,6.149486297786443,-0.2239580868521717,7.528395228386862,-0.015557812293008032,0.007938295828265437,-0.006482151431876894,33.59999999999998,0.30830022608982255,2085.1833165370895,784.0440429840799,1.0,0.0,0.9528507245916522,0.30343944477467566,0.0,0.0,,
102.2,6.119217349760004,0.21430743388558798,7.6836852562632645,-0.003588426852584296,0.007592496082628125,0.01474980701902078,33.69999999999998,0.30830022608982255,2088.399187732586,785.0681511101943,1.0,0.0,0.9528507245916522,0.30343944477467566,0.0,0.0,,
102.30000000000001,6.127226893495203,0.3415628368873349,7.5928442353124295,-0.011356655576481432,-0.004484868980906194,-0.010221757071078861,33.79999999999998,0.30830022608982255,2091.624587435329,786.0952936307566,1.0,0.0,0.9528507245916522,0.30343944477467566,0.0,0.0,,
102.4,6.017261363708932,-0.19354647392232574,7.66183174858038,-0.0019246836024922696,0.009535285031058625,0.009429402356597243,33.899999999999984,0.30830022608982255,2094.8595156453175,787.1254705457666,1.0,0.0,0.9528507245916522,0.30343944477467566,0.0,0.0,,
102.5,5.9787362872114125,-0.03172314708470296,7.762617699292774,0.0051047812568735555,0.0003897723940728546,0.013663913532231817,33.999999999999986,0.30830022608982255,2098.1039723625518,788.1586818552244,1.0,0.0,0.9528507245916522,0.30343944477467566,0.0,0.0,,
102.60000000000001,6.0771953674969295,-0.05087930160689405,7.9392913841667525,-0.01266540477237832,-0.006473687996784891,0.007332496611982162,34.09999999999999,0.30830022608982255,2101.357957587032,789.1949275591298,1.0,0.0,0.9528507245916522,0.30343944477467566,0.0,0.0,,
102.7,5.904401146841739,-0.006707759291887758,7.789834508748112,-0.0008022431922049496,0.0062206740864737455,0.008527330561192627,34.19999999999999,0.30830022608982255,2104.6214713187583,790.2342076574831,1.0,0.0,0.9528507245916522,0.30343944477467566,0.0,0.0,,
102.80000000000001,6.010962751944435,0.18951646092427854,7.8042398567344415,-0.005067520681165708,0.00135276532772965,0.00900158482180732,34.29999999999999,0.30830022608982255,2107.8945135577305,791.2765221502841,1.0,0.0,0.9528507245916522,0.30343944477467566,0.0,0.0,,
102.9,6.116485047516821,-0.14822039308061338,7.480335466745124,-0.009383152604091451,-0.006060753971736443,-0.00015367269013843998,34.39999999999999,0.30830022608982255,2111.1770843039485,792.3218710375328,1.0,0.0,0.9528507245916522,0.30343944477467566,0.0,0.0,,
103.0,6.0673704329195255,0.014766427215749568,7.645216593732516,-0.009170239310398206,0.002420965285821286,0.015023980519851737,34.49999999999999,0.30830022608982255,2114.4691835574126,793.3702543192293,1.0,0.0,0.9528507245916522,0.30343944477467566,0.0,0.0,2121.3163898773687,795.3472141322876
103.10000000000001,6.248832128486035,0.07556095669454638,7.757263926035669,0.0009357940621474163,-0.0046253594142078545,0.003352748505694469,34.599999999999994,0.30830022608982255,2117.7708113181225,794.4216719953735,1.0,0.0,0.9528507245916522,0.30343944477467566,0.0,0.0,,
103.2,6.30432865426171,0.08019584453170353,7.810276119451373,-0.01790627100437034,-0.021831043466532436,0.0251322887028214,34.699999999999996,0.30830022608982255,2121.0819675860785,795.4761240659655,1.0,0.0,0.9528507245916522,0.30343944477467566,0.0,0.0,,
103.30000000000001,5.960397696601338,0.19328392520155022,7.75536609709247,0.015738840885018285,0.008794816234996778,-0.02138995644816606,34.8,0.30830022608982255,2124.40265236128,796.5336105310051,1.0,0.0,0.9528507245916522,0.30343944477467566,0.0,0.0,,
103.4,5.980874049617751,0.1177776444793459,7.665633441977699,-0.008790058640244586,0.00199350173461613,0.016334447927305797,34.9,0.30830022608982255,2127.732865643728,797.5941313904926,1.0,0.0,0.9528507245916522,0.30343944477467566,0.0,0.0,,
103.5,5.760392219619727,-0.03535113277470027,7.864776479573437,0.004866057028426316,0.00792732478252469,0.03066528833472045,35.0,0.30830022608982255,2131.0726074334216,798.6576866444278,1.0,0.0,0.9528507245916522,0.30343944477467566,0.0,0.0,,
103.60000000000001,6.216197700793363,0.048116201211449036,7.9601427288898545,-0.004764702561890785,-0.02819446862134186,0.0241187142237766,35.1,0.30830022608982255,2134.4218777303613,799.7242762928108,1.0,0.0,0.9528507245916522,0.30343944477467566,0.0,0.0,,
103.7,5.9951177834864335,-0.06364853973890197,7.399002529412667,-0.016076102529106788,0.005073427737972256,0.020651891777016342,35.2,0.30830022608982255,2137.7806765345467,800.7939003356415,1.0,0.0,0.9528507245916522,0.30343944477467566,0.0,0.0,,
103.80000000000001,6.107017561727418,-0.029265097013626395,7.891377294445614,0.01132140144750248,0.002604433060604512,0.003278092962703688,35.300000000000004,0.30830022608982255,2141.1490038459783,801.86655877292,1.0,0.0,0.9528507245916522,0.30343944477467566,0.0,0.0,,
103.9,6.093118772999451,0.20578127749809885,7.520411977530917,-0.010193827542697613,0.00048108834229042106,0.019892946568175696,35.400000000000006,0.30830022608982255,2144.5268596646556,802.9422516046462,1.0,0.0,0.9528507245916522,0.30343944477467566,0.0,0.0,,
104.0,6.214762513221419,0.22203594507360558,7.593015300704657,-0.02485532542311671,0.007419987008220548,0.022132504092222123,35.50000000000001,0.30830022608982255,2147.9142439905786,804.0209788308201,1.0,0.0,0.9528507245916522,0.30343944477467566,0.0,0.0,2150.3844023116444,803.01173231333
104.10000000000001,5.953482325335953,0.06730246339639638,7.6052594537759095,0.00742307717098414,0.0010204480137240928,-0.001562679848071723,35.60000000000001,0.30830022608982255,2151.3111568237478,805.1027404514418,1.0,0.0,0.9528507245916522,0.30343944477467566,0.0,0.0,,
104.2,6.246863545594673,0.11317937104289612,7.64141399258029,-0.0010073295355591326,-0.007394549151181508,-0.004140426185727054,35.70000000000001,0.30830022608982255,2154.7175981641626,806.1875364665112,1.0,0.0,0.9528507245916522,0.30343944477467566,0.0,0.0,,
104.30000000000001,6.286357457614647,0.029825000989569514,8.151950695164036,0.011666397819474995,-0.01074315619058354,-0.003013774364621004,35.80000000000001,0.30830022608982255,2158.1335680118236,807.2753668760284,1.0,0.0,0.9528507245916522,0.30343944477467566,0.0,0.0,,
104.4,6.057321733234241,-0.09662260569888764,7.686817359259766,0.00334627225100408,0.011349085277192692,-0.0015842503154025024,35.90000000000001,0.30830022608982255,2161.5590663667303,808.3662316799933,1.0,0.0,0.9528507245916522,0.30343944477467566,0.0,0.0,,
104.5,6.089149921252066,0.14683324435421374,7.704009628680875,0.0027921802255454113,-0.005990263220695892,0.008775404654466797,36.000000000000014,0.30830022608982255,2164.9940932288832,809.4601308784061,1.0,0.0,0.9528507245916522,0.30343944477467566,0.0,0.0,,
104.60000000000001,5.960397685526003,0.12226721392885657,8.013250273927707,0.022655532492744494,-0.021274084977894507,0.012530264323587042,36.100000000000016,0.30830022608982255,2168.438648598282,810.5570644712665,1.0,0.0,0.9528507245916522,0.30343944477467566,0.0,0.0,,
104.7,6.094934591358568,0.005793125704706113,7.744944718029988,-0.01892878954672796,-0.0047185606933335044,0.01060006618792457,36.20000000000002,0.30830022608982255,2171.8927324749266,811.6570324585747,1.0,0.0,0.9528507245916522,0.30343944477467566,0.0,0.0,,
104.80000000000001,6.195589597323736,0.16046136541558895,7.794621867432775,-0.0048713532305472,-0.007835882849491325,0.014400786244378658,36.30000000000002,0.30830022608982255,2175.356344858817,812.7600348403306,1.0,0.0,0.9528507245916522,0.30343944477467566,0.0,0.0,,
104.9,6.085824463256122,-0.030495337573626824,7.861911495908012,0.0012733024800139425,-0.005547293646747445,-0.0033391149954687324,36.40000000000002,0.30830022608982255,2178.8294857499536,813.8660716165343,1.0,0.0,0.9528507245916522,0.30343944477467566,0.0,0.0,,
105.0,6.199701377405875,-0.28282888041176035,7.619369098112598,-0.0029068971911718196,-0.0032790232755532233,0.008640100895320487,36.50000000000002,0.30830022608982255,2182.312155148336,814.9751427871857,1.0,0.0,0.9528507245916522,0.30343944477467566,0.0,0.0,2185.4518996212996,814.3739350532998
105.10000000000001,6.0634052694394835,-0.10939943811715094,7.788559523011251,0.004327726619530441,-0.027263848169261085,0.011196398753952806,36.60000000000002,0.30830022608982255,2185.8043530539644,816.0872483522849,1.0,0.0,0.9528507245916522,0.30343944477467566,0.0,0.0,,
105.2,6.168264505971003,0.023767836033083915,7.827551448688232,-0.009606465857614401,0.009236653658402654,0.01760860204815965,36.700000000000024,0.30830022608982255,2189.3060794668386,817.2023883118318,1.0,0.0,0.9528507245916522,0.30343944477467566,0.0,0.0,,
105.30000000000001,6.351479839898062,0.02925986095241078,7.564565271766175,0.004980226237375924,0.005813472222456663,0.005698150099397611,36.800000000000026,0.30830022608982255,2192.817334386959,818.3205626658264,1.0,0.0,0.9528507245916522,0.30343944477467566,0.0,0.0,,
105.4,5.95099674822561,-0.15238712160701176,7.883352012261666,0.010543494966518772,0.0009330194839383939,-0.004113321628662764,36.90000000000003,0.30830022608982255,2196.338117814325,819.4417714142688,1.0,0.0,0.9528507245916522,0.30343944477467566,0.0,0.0,,
105.5,6.119429587716907,0.2758503697752398,8.00224940278845,0.0027132583180392873,0.004495724162406308,-0.016784124838021115,37.00000000000003,0.30830022608982255,2199.8684297489367,820.566014557159,1.0,0.0,0.9528507245916522,0.30343944477467566,0.0,0.0,,
105.60000000000001,6.1110218619841525,0.20605426064880505,7.573042639319754,0.006615500961862281,0.010317040388695796,0.006584818276549764,37.10000000000003,0.30830022608982255,2203.4082701907946,821.6932920944969,1.0,0.0,0.9528507245916522,0.30343944477467566,0.0,0.0,,
105.7,6.177728442033569,-0.020073968945233965,7.929062210382895,0.00023467090671033512,0.016241035843116623,0.0037223527014439923,37.20000000000003,0.30830022608982255,2206.957639139898,822.8236040262825,1.0,0.0,0.9528507245916522,0.30343944477467566,0.0,0.0,,
105.80000000000001,6.337642498520346,-0.003943842945233325,7.518850403894379,-0.006064465794042796,-0.004216691945415531,0.012673593634192579,37.30000000000003,0.30830022608982255,2210.516536596248,823.956950352516,1.0,0.0,0.9528507245916522,0.30343944477467566,0.0,0.0,,
105.9,6.1060681905983145,-0.01385617004003515,7.742121186050655,0.005093666689141242,-0.01823844606835905,-0.004341798903612394,37.400000000000034,0.30830022608982255,2214.0849625598435,825.0933310731971,1.0,0.0,0.9528507245916522,0.30343944477467566,0.0,0.0,,
106.0,6.05061097685985,-0.07167043450586832,7.6919323876280625,-0.008107199100096319,-0.01224869585580486,0.009911909535049949,37.500000000000036,0.30830022608982255,2217.662917030685,826.2327461883259,1.0,0.0,0.9528507245916522,0.30343944477467566,0.0,0.0,2212.371685995101,823.8837441534253
106.10000000000001,6.106078371125052,-0.11491959498254548,7.64826309085308,-0.011002651031236226,-0.009703304027414837,0.008774510652513218,37.60000000000004,0.30830022608982255,2221.2504000087724,827.3751956979025,1.0,0.0,0.9528507245916522,0.30343944477467566,0.0,0.0,,
106.2,6.022106746256097,0.14022898564278952,7.635683308598202,0.0017653601668171498,-0.0011970354742002955,0.00391646199275405,37.70000000000004,0.30830022608982255,2224.847411494106,828.5206796019269,1.0,0.0,0.9528507245916522,0.30343944477467566,0.0,0.0,,
106.30000000000001,6.34150382891714,0.05929742022610254,7.913861784237962,0.009375775947831282,0.00142023403631194,0.013054028384817423,37.80000000000004,0.30830022608982255,2228.453951486685,829.669197900399,1.0,0.0,0.9528507245916522,0.30343944477467566,0.0,0.0,,
106.4,6.06154965624636,-0.08415906887215936,7.821959440788486,-0.003662199684611083,0.0024961128537851654,0.0064959457665637104,37.90000000000004,0.30830022608982255,2232.0700199865105,830.8207505933188,1.0,0.0,0.9528507245916522,0.30343944477467566,0.0,0.0,,
106.5,5.93848518684643,0.08867615065971543,7.877256850257187,-0.011347464032880932,0.01716143156237796,-0.0069020420792719975,38.00000000000004,0.30830022608982255,2235.6956169935816,831.9753376806865,1.0,0.0,0.9528507245916522,0.30343944477467566,0.0,0.0,,
106.60000000000001,5.952917004867352,0.21043841699650082,7.724726505953807,-0.004052019891970911,-0.021144076127622213,0.01210909401976308,38.100000000000044,0.30830022608982255,2239.330742507899,833.1329591625018,1.0,0.0,0.9528507245916522,0.30343944477467566,0.0,0.0,,
106.7,6.087774733523606,0.001709211360029085,7.9008172115317485,-0.008348672192403735,-0.0012284788701771106,0.00967475604079867,38.200000000000045,0.30830022608982255,2242.9753965294617,834.293615038765,1.0,0.0,0.9528507245916522,0.30343944477467566,0.0,0.0,,
106.80000000000001,6.131537752002443,0.301622951985025,7.7479773257447375,0.017125557867672593,0.0071121498999493025,-0.008253743071527507,38.30000000000005,0.30830022608982255,2246.629579058271,835.4573053094758,1.0,0.0,0.9528507245916522,0.30343944477467566,0.0,0.0,,
106.9,6.097773409544058,0.0037555862265952374,7.888378086580954,-0.010751680152486459,-0.01618878776816896,0.01940682026441338,38.40000000000005,0.30830022608982255,2250.2932900943256,836.6240299746345,1.0,0.0,0.9528507245916522,0.30343944477467566,0.0,0.0,,
107.0,6.267093377343303,-0.07473447772095668,7.784842730514004,-0.014319633101330116,0.006815763577675918,0.0005083893515154857,38.50000000000005,0.30830022608982255,2253.966529637626,837.7937890342408,1.0,0.0,0.9528507245916522,0.30343944477467566,0.0,0.0,2245.6382595377986,845.0857288960575
107.10000000000001,5.791605777873002,0.1128791063918385,7.828807180129583,0.012574141039154338,-0.008224852429947603,0.006444201651486331,38.60000000000005,0.30830022608982255,2257.6492976881727,838.9665824882949,1.0,0.0,0.9528507245916522,0.30343944477467566,0.0,0.0,,
107.2,6.193282596288304,-0.03868261079694851,7.587437593862157,0.003670387191104345,-0.0030555376417817437,0.010700326614836008,38.70000000000005,0.30830022608982255,2261.341594245965,840.1424103367967,1.0,0.0,0.9528507245916522,0.30343944477467566,0.0,0.0,,
107.30000000000001,6.346511132323248,0.033446388679597615,7.509838182886183,-0.003098780714476816,-0.012711096679877788,0.0024766837687486627,38.800000000000054,0.30830022608982255,2265.0434193110036,841.3212725797463,1.0,0.0,0.9528507245916522,0.30343944477467566,0.0,0.0,,
107.4,5.977047029857252,0.09030310612867376,7.633055835896536,-0.008672417459226976,0.011902792549502723,0.017227138148557183,38.900000000000055,0.30830022608982255,2268.754772883288,842.5031692171436,1.0,0.0,0.9528507245916522,0.30343944477467566,0.0,0.0,,
107.5,6.15942031046386,-0.15963694001147113,7.708065356272074,-0.0002247536213020101,-0.0005415079675308374,-0.0023685447206833223,39.00000000000006,0.30830022608982255,2272.475654962818,843.6881002489887,1.0,0.0,0.9528507245916522,0.30343944477467566,0.0,0.0,,
107.60000000000001,6.157126421902881,0.02617874088127873,7.762172294334832,-0.00556044689587983,-0.010484241288409156,0.00941604286068605,39.10000000000006,0.30830022608982255,2276.2060655495943,844.8760656752816,1.0,0.0,0.9528507245916522,0.30343944477467566,0.0,0.0,,
107.7,6.256071921325358,0.08548193400143958,7.8282683076472015,-0.014788404534500933,-0.005395952724351395,0.005560762573168311,39.20000000000006,0.30830022608982255,2279.9460046436166,846.0670654960221,1.0,0.0,0.9528507245916522,0.30343944477467566,0.0,0.0,,
107.80000000000001,6.112561457436304,-0.01691512792147523,7.674528826572482,-0.00011915966707485221,0.0005731722100430227,-0.01203302345852504,39.30000000000006,0.30830022608982255,2283.6954722448845,847.2610997112105,1.0,0.0,0.9528507245916522,0.30343944477467566,0.0,0.0,,
107.9,6.298621907371005,-0.19088613487370995,7.661278431309814,-0.010662029868159992,-0.0002684809203272516,0.021974547510358648,39.40000000000006,0.30830022608982255,2287.4544683533986,848.4581683208465,1.0,0.0,0.9528507245916522,0.30343944477467566,0.0,0.0,,
108.0,5.921985741650856,0.07775932558760122,8.079188836660988,-0.007523632484373551,-0.008894859773298907,-0.005087619726050626,39.500000000000064,0.30830022608982255,2291.2229929691584,849.6582713249304,1.0,0.0,0.9528507245916522,0.30343944477467566,0.0,0.0,2296.4509270177714,860.346194331707
108.10000000000001,5.9849543353576875,-0.03762440686933205,7.929023328119675,-0.0003974412633956917,-0.01999271114666706,0.006324122487633841,39.600000000000065,0.30830022608982255,2295.0010460921644,850.861408723462,1.0,0.0,0.9528507245916522,0.30343944477467566,0.0,0.0,,
108.2,5.831506886540353,0.15082654463899559,7.749026013841056,0.02074066552547798,0.014577201882629802,0.013147103997161867,39.70000000000007,0.30830022608982255,2298.788627722416,852.0675805164412,1.0,0.0,0.9528507245916522,0.30343944477467566,0.0,0.0,,
108.30000000000001,6.142438118863946,-0.11131817016414389,7.879009062771764,0.0006743865691790048,-0.0034503530050680638,0.016341519786587308,39.80000000000007,0.30830022608982255,2302.585737859914,853.2767867038683,1.0,0.0,0.9528507245916522,0.30343944477467566,0.0,0.0,,
108.4,5.996329538396853,0.16500950289151703,7.7589661708550794,0.0007627048104472602,0.014184894156623874,0.03309426530064678,39.90000000000007,0.30830022608982255,2306.3923765046575,854.4890272857431,1.0,0.0,0.9528507245916522,0.30343944477467566,0.0,0.0,,
108.5,5.876409953560324,-0.05252947675015647,7.416044409037288,-0.014382043399327311,-0.027097126741565673,0.004793739459523627,40.00000000000007,0.30830022608982255,2310.2085436566467,855.7043022620657,1.0,0.0,0.9528507245916522,0.30343944477467566,0.0,0.0,,
108.60000000000001,6.0397707571137795,0.07456851413334267,7.802949446206257,0.01780901113466118,-0.011259112244887617,0.0224726118285538,40.10000000000007,0.30830022608982255,2314.034239315882,856.9226116328359,1.0,0.0,0.9528507245916522,0.30343944477467566,0.0,0.0,,
108.7,6.149175648807266,0.044651950518062235,7.672052602260957,0.0135115550919468,0.006665236889886208,0.017452399593549668,40.200000000000074,0.30830022608982255,2317.8694634823632,858.143955398054,1.0,0.0,0.9528507245916522,0.30343944477467566,0.0,0.0,,
108.80000000000001,6.0632683883060565,0.12779580927453427,7.6981424067615185,0.005399096942979942,-0.002391881013396371,-0.008215648751590489,40.300000000000075,0.30830022608982255,2321.7142161560905,859.3683335577198,1.0,0.0,0.9528507245916522,0.30343944477467566,0.0,0.0,,
108.9,6.242167501039974,0.09672514510795635,7.5825586634864495,-0.010470386599713782,0.005157922691096772,0.0005558145745876838,40.40000000000008,0.30830022608982255,2325.5684973370635,860.5957461118334,1.0,0.0,0.9528507245916522,0.30343944477467566,0.0,0.0,,
109.0,6.208971154409698,-0.03864990042160389,7.694663468087542,-0.0029472311999827576,-0.002937082465072619,-0.0053100891876568315,40.50000000000008,0.30830022608982255,2329.4323070252826,861.8261930603946,1.0,0.0,0.9528507245916522,0.30343944477467566,0.0,0.0,2332.3689459452494,859.4395390802677
109.10000000000001,6.088247950334534,0.18632955045446858,7.679430173536842,-0.017031265960663376,0.008271780662488102,0.002493301952380163,40.60000000000008,0.30830022608982255,2333.3056452207475,863.0596744034037,1.0,0.0,0.9528507245916522,0.30343944477467566,0.0,0.0,,
109.2,5.856144032764889,-0.02174375346691615,7.657222638808365,0.009821382722472398,0.02089067785699383,-0.003949806108195869,40.70000000000008,0.30830022608982255,2337.1885119234585,864.2961901408605,1.0,0.0,0.9528507245916522,0.30343944477467566,0.0,0.0,,
109.30000000000001,5.921432828144068,0.21071244113007892,7.769572292263488,-0.013719409149774183,-0.001898787757327847,0.010706229397226933,40.80000000000008,0.30830022608982255,2341.080907133415,865.535740272765,1.0,0.0,0.9528507245916522,0.30343944477467566,0.0,0.0,,
109.4,6.175779377613999,-0.13676511062381483,7.869356092431791,0.016246326709915836,0.007592839910524958,-0.005116211004955282,40.900000000000084,0.30830022608982255,2344.982830850618,866.7783247991173,1.0,0.0,0.9528507245916522,0.30343944477467566,0.0,0.0,,
109.5,6.140063446250906,0.04854099988042402,7.6343209747625576,0.005406780732989823,-0.007618498990121725,0.0023906739440191123,41.000000000000085,0.30830022608982255,2348.8942830750666,868.0239437199173,1.0,0.0,0.9528507245916522,0.30343944477467566,0.0,0.0,,
109.60000000000001,6.151741744008315,0.09635340628885902,7.465869559513487,-0.00028935518917235983,-0.007778276785495803,0.005981924926034156,41.10000000000009,0.30830022608982255,2352.8152638067613,869.2725970351651,1.0,0.0,0.9528507245916522,0.30343944477467566,0.0,0.0,,
109.7,5.941653857805093,0.08958909519919621,7.770185199790377,-0.006481353934631858,-0.007190501958272983,0.028536299439504725,41.20000000000009,0.30830022608982255,2356.7457730457018,870.5242847448606,1.0,0.0,0.9528507245916522,0.30343944477467566,0.0,0.0,,
109.80000000000001,6.1614311030366,-0.25873170376010624,7.794951117054485,0.008471530688146984,0.015278770528076838,0.016836987336049034,41.30000000000009,0.30830022608982255,2360.6858107918883,871.7790068490038,1.0,0.0,0.9528507245916522,0.30343944477467566,0.0,0.0,,
109.9,6.413568631378363,0.020144188746571468,7.666525414834553,0.0021198633212431133,0.0105447541962601,0.013276108856870819,41.40000000000009,0.30830022608982255,2364.6353770453206,873.0367633475948,1.0,0.0,0.9528507245916522,0.30343944477467566,0.0,0.0,,
110.0,6.013269540520526,-0.21476282911096398,7.64012479552852,0.006572469049930956,0.007443768106054028,0.019465041636456095,41.50000000000009,0.30830022608982255,2368.5944718059986,874.2975542406336,1.0,0.0,0.9528507245916522,0.30343944477467566,0.0,0.0,2368.4613621525154,871.4559406575222
110.10000000000001,6.159180057760058,0.12114680867280432,7.687341459453214,0.006235516856759093,0.0013188885956598904,-0.003019065277885178,41.600000000000094,0.30830022608982255,2372.563095073923,875.5613795281201,1.0,0.0,0.9528507245916522,0.30343944477467566,0.0,0.0,,
110.2,5.841482119538,0.08746247298561045,7.536133536196543,-0.012173950998229965,0.0075813701554167424,-0.005483330308966292,41.700000000000095,0.30830022608982255,2376.5412468490927,876.8282392100543,1.0,0.0,0.9528507245916522,0.30343944477467566,0.0,0.0,,
110.30000000000001,5.951439649584156,-0.07417122895091303,7.596547492280387,0.010505516120049564,0.0018503296922952773,-0.005627782342413375,41.8000000000001,0.30830022608982255,2380.5289271315087,878.0981332864363,1.0,0.0,0.9528507245916522,0.30343944477467566,0.0,0.0,,
110.4,5.815413993446599,-0.13506378770396943,7.849228181443063,-0.005345832475514321,-0.0042338607386543485,0.006097334505539988,41.9000000000001,0.30830022608982255,2384.5261359211704,879.371061757266,1.0,0.0,0.9528507245916522,0.30343944477467566,0.0,0.0,,
110.5,6.166905852065129,0.08679466201207889,7.808827474788538,-0.008612655308391823,-0.010722068316634494,0.012768299280312409,42.0000000000001,0.30830022608982255,2388.5328732180783,880.6470246225435,1.0,0.0,0.9528507245916522,0.30343944477467566,0.0,0.0,,
110.60000000000001,5.924154772918935,0.12254331846169783,7.684556852117783,0.011020708075007855,-0.0061397343616680965,-0.012774208575620399,42.1000000000001,0.30830022608982255,2392.549139022232,881.9260218822687,1.0,0.0,0.9528507245916522,0.30343944477467566,0.0,0.0,,
110.7,5.976247120201497,0.05380444508633722,7.582300206073806,0.003023632429819137,0.006297646646656682,0.006215231188673905,42.2000000000001,0.30830022608982255,2396.5749333336316,883.2080535364418,1.0,0.0,0.9528507245916522,0.30343944477467566,0.0,0.0,,
110.80000000000001,6.222221214474076,-0.0017461696856009082,7.777302429246364,0.007162642110089322,0.006296474238404292,0.02668039892978962,42.300000000000104,0.30830022608982255,2400.610256152277,884.4931195850625,1.0,0.0,0.9528507245916522,0.30343944477467566,0.0,0.0,,
110.9,6.331148909210056,-0.06810535099560638,7.730493208189804,0.015711470883703883,-0.025296589722323258,0.0010305699129796236,42.400000000000105,0.30830022608982255,2404.6551074781687,885.781220028131,1.0,0.0,0.9528507245916522,0.30343944477467566,0.0,0.0,,
111.0,6.155016756334013,-0.002960330907398938,7.374985967876699,0.004703868693207332,0.014114459016722933,0.010863785476483302,42.50000000000011,0.30830022608982255,2408.709487311306,887.0723548656472,1.0,0.0,0.9528507245916522,0.30343944477467566,0.0,0.0,2408.9694556719737,884.865236478553
111.10000000000001,6.1581129069128,-0.08799473721608989,7.64118885529742,-0.021505229199763484,-0.020282122609340435,-0.0017048818247627938,42.60000000000011,0.30830022608982255,2412.7733956516895,888.3665240976112,1.0,0.0,0.9528507245916522,0.30343944477467566,0.0,0.0,,
111.2,6.2317872918812185,0.030681595489352172,7.765410605652205,-0.01508206557635677,-0.0006151000851646258,0.0056870864460823725,42.70000000000011,0.30830022608982255,2416.8468324993187,889.6637277240229,1.0,0.0,0.9528507245916522,0.30343944477467566,0.0,0.0,,
111.30000000000001,5.915248595736894,0.027926973919338627,7.67237769702338,0.007968486533722719,0.012861452139467837,0.0003192750330492239,42.80000000000011,0.30830022608982255,2420.929797854194,890.9639657448823,1.0,0.0,0.9528507245916522,0.30343944477467566,0.0,0.0,,
111.4,6.195897769529569,0.09746457352956177,7.814954597606459,-0.0018090949461256104,-0.0038699614932073095,0.003807866947060437,42.90000000000011,0.30830022608982255,2425.022291716315,892.2672381601895,1.0,0.0,0.9528507245916522,0.30343944477467566,0.0,0.0,,
111.5,5.937602986745949,0.2917710695426755,7.785549496238357,-0.0006754419663628983,0.003861881658758522,0.0023639522154919215,43.000000000000114,0.30830022608982255,2429.124314085682,893.5735449699445,1.0,0.0,0.9528507245916522,0.30343944477467566,0.0,0.0,,
111.60000000000001,6.114119309707563,-0.13305205231174094,8.05000738218992,0.02185707019700007,-0.0056996012154068645,-0.006985532842406824,43.100000000000115,0.30830022608982255,2433.2358649622947,894.8828861741472,1.0,0.0,0.9528507245916522,0.30343944477467566,0.0,0.0,,
111.7,6.120378288630714,-0.09246206905755147,7.559342643597998,-0.01067805959992805,-0.0028203184517400677,-0.008480392953360857,43.20000000000012,0.30830022608982255,2437.3569443461533,896.1952617727976,1.0,0.0,0.9528507245916522,0.30343944477467566,0.0,0.0,,
111.80000000000001,5.7603512528698335,0.11562831219565241,7.649406989585616,-0.0015957029900596656,-0.01007899151413608,0.011702849158074135,43.30000000000012,0.30830022608982255,2441.487552237258,897.5106717658958,1.0,0.0,0.9528507245916522,0.30343944477467566,0.0,0.0,,
111.9,5.884400643603532,0.3125851983770883,7.745362614399964,-0.0057020229784015995,0.007343063885745336,0.006482710235411223,43.40000000000012,0.30830022608982255,2445.6276886356086,898.8291161534418,1.0,0.0,0.9528507245916522,0.30343944477467566,0.0,0.0,,
112.0,6.311803627253418,0.07148060572036097,7.559782136455364,0.001998728697198619,-0.008814914698211268,0.0012523766686264124,43.50000000000012,0.30830022608982255,2449.7773535412052,900.1505949354355,1.0,0.0,0.9528507245916522,0.30343944477467566,0.0,0.0,2452.745311781267,903.7537997302231
112.10000000000001,5.968076740364209,0.11549521917230803,7.60850814882193,-0.009932450128736265,0.0010579256890437107,0.005894870337113629,43.60000000000012,0.30830022608982255,2453.9365469540476,901.4751081118769,1.0,0.0,0.9528507245916522,0.30343944477467566,0.0,0.0,,
112.2,6.231459281232388,0.054935736236565176,7.621055494632524,-0.014531082967694635,-0.007608190042583332,0.012358831554050162,43.700000000000124,0.30830022608982255,2458.105268874136,902.8026556827662,1.0,0.0,0.9528507245916522,0.30343944477467566,0.0,0.0,,
112.30000000000001,6.139241918886616,-0.005837500261619943,7.624683548735787,-0.0075161737989668425,-0.000413887640271655,-0.0010197218670601515,43.800000000000125,0.30830022608982255,2462.2835193014703,904.1332376481031,1.0,0.0,0.9528507245916522,0.30343944477467566,0.0,0.0,,
112.4,6.072198908297509,0.16682490835226413,7.772041893173492,0.01919339670100194,-0.005908068057685833,-0.007553646251928918,43.90000000000013,0.30830022608982255,2466.4712982360506,905.4668540078877,1.0,0.0,0.9528507245916522,0.30343944477467566,0.0,0.0,,
112.5,5.968428742694369,-0.13697236136758692,7.877645956891016,-0.0065761496559202225,0.003442563984850998,-0.008071497429652411,44.00000000000013,0.30830022608982255,2470.6686056778767,906.8035047621202,1.0,0.0,0.9528507245916522,0.30343944477467566,0.0,0.0,,
112.60000000000001,6.365065142457588,0.16134320013588116,7.581051329539996,0.010448666338693997,0.005878856870996135,0.007557723895207304,44.10000000000013,0.30830022608982255,2474.875441626949,908.1431899108003,1.0,0.0,0.9528507245916522,0.30343944477467566,0.0,0.0,,
112.7,6.345220863556924,0.1651371323904492,7.786224152695539,0.00011815975084103003,-0.004397843937188746,0.018906657497084308,44.20000000000013,0.30830022608982255,2479.091806083267,909.4859094539282,1.0,0.0,0.9528507245916522,0.30343944477467566,0.0,0.0,,
112.80000000000001,6.078481652060417,-0.19123498198436717,7.53516751680505,-0.002609883435753115,0.028532523635704972,-0.0001715059020769745,44.30000000000013,0.30830022608982255,2483.317699046831,910.8316633915039,1.0,0.0,0.9528507245916522,0.30343944477467566,0.0,0.0,,
112.9,6.451457325983223,0.15868140642026368,7.660780142500412,-0.01130183667575426,0.011838291225221396,0.026131050496413656,44.400000000000134,0.30830022608982255,2487.5531205176408,912.1804517235273,1.0,0.0,0.9528507245916522,0.30343944477467566,0.0,0.0,,
113.0,6.262169147145276,-0.2094016186553038,7.785196225182982,-0.01172920977785701,0.02046890324787722,-0.0017216280752193232,44.500000000000135,0.30830022608982255,2491.7980704956963,913.5322744499985,1.0,0.0,0.9528507245916522,0.30343944477467566,0.0,0.0,2498.2930674252366,915.588283938517
113.10000000000001,6.124473279159158,0.15208084400473304,7.466946548983167,0.009146839949500319,-0.0065852325801397825,0.01146859616932264,44.600000000000136,0.30830022608982255,2496.052548980998,914.8871315709174,1.0,0.0,0.9528507245916522,0.30343944477467566,0.0,0.0,,
113.2,6.20092456784003,-0.020626289430636935,7.531683489280502,0.00544349007095543,-0.014545401266237856,0.008322457932997298,44.70000000000014,0.30830022608982255,2500.3165559735453,916.245023086284,1.0,0.0,0.9528507245916522,0.30343944477467566,0.0,0.0,,
113.30000000000001,6.130154879298396,0.10942550906970114,7.728596989398772,-0.013142432433480115,-0.0014489999398455999,-0.010083409066414277,44.80000000000014,0.30830022608982255,2504.590091473339,917.6059489960985,1.0,0.0,0.9528507245916522,0.30343944477467566,0.0,0.0,,
113.4,5.978181986633951,0.14181127519121028,7.67225450467759,-0.006441682843728309,0.005222997837809863,-0.030516050170873665,44.90000000000014,0.30830022608982255,2508.873155480378,918.9699093003607,1.0,0.0,0.9528507245916522,0.30343944477467566,0.0,0.0,,
113.5,6.030868032778901,0.09675951158515902,7.652494899844963,-0.010636719886059116,-0.004271262536250935,0.004592977143783025,45.00000000000014,0.30830022608982255,2513.1657479946634,920.3369039990705,1.0,0.0,0.9528507245916522,0.30343944477467566,0.0,0.0,,
113.60000000000001,6.21036573954903,-0.03623913504453638,7.598466132409914,-0.004950451401730905,-0.0029922886242730855,0.003598617907952074,45.10000000000014,0.30830022608982255,2517.4678690161945,921.7069330922282,1.0,0.0,0.9528507245916522,0.30343944477467566,0.0,0.0,,
113.7,6.000632341268857,-0.14227226609782617,7.770611596339661,-0.00388091368221706,-0.0024583048275315694,0.006827439364637996,45.200000000000145,0.30830022608982255,2521.779518544972,923.0799965798335,1.0,0.0,0.9528507245916522,0.30343944477467566,0.0,0.0,,
113.80000000000001,6.0063220231661605,0.1547150883032612,7.862663599574792,-0.000158186516270096,0.0005140070062343891,0.021613136956197862,45.300000000000146,0.30830022608982255,2526.1006965809947,924.4560944618867,1.0,0.0,0.9528507245916522,0.30343944477467566,0.0,0.0,,
113.9,6.386477994971842,0.128859515423701,7.698450648961038,-0.0029482752473594213,0.009418397246127098,0.0039002218568009494,45.40000000000015,0.30830022608982255,2530.431403124264,925.8352267383875,1.0,0.0,0.9528507245916522,0.30343944477467566,0.0,0.0,,
114.0,6.038325470920338,0.028188357659445797,7.94049052239924,0.00543983141863353,-0.002739996382853201,0.006484664478462162,45.50000000000015,0.30830022608982255,2534.7716381747787,927.2173934093362,1.0,0.0,0.9528507245916522,0.30343944477467566,0.0,0.0,2537.721750162505,926.8837305716577
114.10000000000001,6.258199518415213,0.04064675130819402,8.044577986294678,0.019382709918062974,0.0031515028953480414,0.015080635936674955,45.60000000000015,0.30830022608982255,2539.1214017325397,928.6025944747325,1.0,0.0,0.9528507245916522,0.30343944477467566,0.0,0.0,,
114.2,6.193446933280578,0.04821195475170621,7.650759850330046,0.005941514073711955,0.004670524442404462,0.0026820084866764093,45.70000000000015,0.30830022608982255,2543.4806937975463,929.9908299345767,1.0,0.0,0.9528507245916522,0.30343944477467566,0.0,0.0,,
114.30000000000001,5.941711734648212,-0.02127899924227534,7.6744531813389285,-0.015688216221603303,0.013878509505202733,-0.0017750427987191742,45.80000000000015,0.30830022608982255,2547.849514369799,931.3820997888686,1.0,0.0,0.9528507245916522,0.30343944477467566,0.0,0.0,,
114.4,6.211065695241032,0.14416684249258316,7.908603358980007,0.007847816417754724,-0.008416778796853392,-0.01610954763862253,45.900000000000155,0.30830022608982255,2552.2278634492977,932.7764040376081,1.0,0.0,0.9528507245916522,0.30343944477467566,0.0,0.0,,
114.5,5.971653130176198,-0.3464085271951578,7.7612510021790895,0.01534275229455391,-0.012788193516720954,0.006077642739652182,46.000000000000156,0.30830022608982255,2556.615741036042,934.1737426807955,1.0,0.0,0.9528507245916522,0.30343944477467566,0.0,0.0,,
114.60000000000001,6.431784667390825,0.05041956251409073,7.597525686630327,0.004424273894293756,0.009733873428835103,0.016093171631619684,46.10000000000016,0.30830022608982255,2561.0131471300324,935.5741157184306,1.0,0.0,0.9528507245916522,0.30343944477467566,0.0,0.0,,
114.7,6.221938920993183,0.09682501565926994,7.590231362395229,-0.0015843980466370155,0.00293948789876211,0.006322664326196341,46.20000000000016,0.30830022608982255,2565.4200817312685,936.9775231505134,1.0,0.0,0.9528507245916522,0.30343944477467566,0.0,0.0,,
114.80000000000001,5.995178855473214,-0.15817018514064235,7.6912193879707855,0.007447054502193074,0.0017252869340087954,-0.0006629266186673416,46.30000000000016,0.30830022608982255,2569.836544839751,938.383964977044,1.0,0.0,0.9528507245916522,0.30343944477467566,0.0,0.0,,
114.9,5.9614961844087055,0.0798020885597536,7.623518927068272,-0.00034698564768573053,-0.006510043321546083,-0.005864761127522575,46.40000000000016,0.30830022608982255,2574.2625364554788,939.7934411980224,1.0,0.0,0.9528507245916522,0.30343944477467566,0.0,0.0,,
115.0,6.156064284378628,0.05270842632383445,7.7383836013792155,0.004902764849963666,0.024887530304280578,0.010216895122344314,46.50000000000016,0.30830022608982255,2578.698056578453,941.2059518134485,1.0,0.0,0.9528507245916522,0.30343944477467566,0.0,0.0,2584.834454635534,942.2058468703348
115.10000000000001,6.018455882857345,0.20710331463748946,7.939683871637886,-0.013314742137673618,0.007096539241984383,0.0083751257653249,46.600000000000165,0.30830022608982255,2583.1431052086728,942.6214968233223,1.0,0.0,0.9528507245916522,0.30343944477467566,0.0,0.0,,
115.2,6.3643819777225765,-0.23543793070914967,7.826711517554563,0.007873768849071544,-0.0403483756481202,0.015744829998957766,46.700000000000166,0.30830022608982255,2587.5976823461388,944.0400762276439,1.0,0.0,0.9528507245916522,0.30343944477467566,0.0,0.0,,
115.30000000000001,6.1165331514289605,0.2462032761551718,7.702376877669728,0.010930987629514813,-0.0070159116422436885,-0.004218114073585794,46.80000000000017,0.30830022608982255,2592.0617879908505,945.4616900264133,1.0,0.0,0.9528507245916522,0.30343944477467566,0.0,0.0,,
115.4,6.117820395186447,-0.295226586199829,7.681361673891031,-0.011390305979493223,-0.0046584470193302445,-0.007750893275717846,46.90000000000017,0.30830022608982255,2596.5354221428083,946.8863382196304,1.0,0.0,0.9528507245916522,0.30343944477467566,0.0,0.0,,
115.5,6.3053759134894,0.13281233284171307,7.836989522451202,0.01625268495725488,0.004049781019160242,0.03034377278102128,47.00000000000017,0.30830022608982255,2601.018584802012,948.3140208072952,1.0,0.0,0.9528507245916522,0.30343944477467566,0.0,0.0,,
115.60000000000001,6.098770231498885,0.2130436597438762,7.692140037499448,0.0053468016473831115,0.010275212457640905,-0.009789761844138265,47.10000000000017,0.30830022608982255,2605.5112759684616,949.7447377894077,1.0,0.0,0.9528507245916522,0.30343944477467566,0.0,0.0,,
115.7,6.119544790985413,0.18551779459322598,7.8259536543695,0.012875380211111596,-0.0021811093998900513,0.010756893483600862,47.20000000000017,0.30830022608982255,2610.013495642157,951.178489165968,1.0,0.0,0.9528507245916522,0.30343944477467566,0.0,0.0,,
115.80000000000001,5.961395597008282,-0.07519997269894185,7.569785448585194,-0.008049137095172947,0.0008356170815273249,-0.0033490846253537293,47.300000000000175,0.30830022608982255,2614.5252438230987,952.6152749369761,1.0,0.0,0.9528507245916522,0.30343944477467566,0.0,0.0,,
115.9,6.085046587837254,0.07748808143194524,7.824426096786964,-0.006068805305428525,0.0015939556871400868,0.03372935907069676,47.400000000000176,0.30830022608982255,2619.046520511286,954.0550951024319,1.0,0.0,0.9528507245916522,0.30343944477467566,0.0,0.0,,
116.0,6.048974341832553,0.08235959871059817,7.434652112829533,0.028262376348194982,-0.006767228969105606,0.0018839811244630595,47.50000000000018,0.30830022608982255,2623.577325706719,955.4979496623355,1.0,0.0,0.9528507245916522,0.30343944477467566,0.0,0.0,2625.9248289689913,954.4176720174382
116.10000000000001,6.213236419340221,-0.03388448821927001,7.935186992120232,-0.006935482765141828,-0.0031554622630226127,0.005106788541656751,47.60000000000018,0.30830022608982255,2628.117659409398,956.9438386166868,1.0,0.0,0.9528507245916522,0.30343944477467566,0.0,0.0,,
116.2,6.304539522813216,-0.045029752877313034,7.814519703136097,0.0008052740511094779,0.0023714671406023023,0.014234242191530059,47.70000000000018,0.30830022608982255,2632.667521619323,958.3927619654859,1.0,0.0,0.9528507245916522,0.30343944477467566,0.0,0.0,,
116.30000000000001,5.8215883969192275,-0.0287672861624051,7.825305661697984,0.012724408341829627,-0.004459226407205108,0.024521006035930736,47.80000000000018,0.30830022608982255,2637.226912336494,959.8447197087327,1.0,0.0,0.9528507245916522,0.30343944477467566,0.0,0.0,,
116.4,6.166729562133011,0.17365375329722635,7.720250043637323,-0.002384870071105722,0.0033392349724130545,0.008397900368337367,47.90000000000018,0.30830022608982255,2641.7958315609108,961.2997118464273,1.0,0.0,0.9528507245916522,0.30343944477467566,0.0,0.0,,
116.5,6.0319958344342695,-0.027532719650679244,7.877664084541128,-0.015493053228593156,-0.021156113421532497,-0.013621580044978978,48.000000000000185,0.30830022608982255,2646.3742792925736,962.7577383785696,1.0,0.0,0.9528507245916522,0.30343944477467566,0.0,0.0,,
116.60000000000001,6.060387682348618,-0.06049446502494195,7.620046746352688,-0.016250574862038285,0.010883339445807343,0.0030751524211179277,48.100000000000186,0.30830022608982255,2650.9622555314822,964.2187993051596,1.0,0.0,0.9528507245916522,0.30343944477467566,0.0,0.0,,
116.7,6.150699874631209,-0.08891363481574478,7.915522860588269,-0.006864621893152232,-0.0037535644893948593,-0.0010792120303267623,48.20000000000019,0.30830022608982255,2655.559760277637,965.6828946261974,1.0,0.0,0.9528507245916522,0.30343944477467566,0.0,0.0,,
116.80000000000001,6.068800545616175,-0.10413862351739045,7.935871430698593,-0.008956687541660272,0.012497376626698465,-0.008974168975814762,48.30000000000019,0.30830022608982255,2660.1667935310375,967.1500243416829,1.0,0.0,0.9528507245916522,0.30343944477467566,0.0,0.0,,
116.9,6.092879148110961,0.17863762677529277,7.502079804022662,0.014462588900751333,0.00527093183994987,0.003643195809216709,48.40000000000019,0.30830022608982255,2664.783355291684,968.6201884516162,1.0,0.0,0.9528507245916522,0.30343944477467566,0.0,0.0,,
117.0,6.129868491171852,0.17140504978458465,7.577860028394188,-0.003698953566329862,-0.01267257946737506,-0.0013018650580093388,48.50000000000019,0.30830022608982255,2669.4094455595764,970.0933869559972,1.0,0.0,0.9528507245916522,0.30343944477467566,0.0,0.0,2665.2302245738774,969.6970577816214
117.10000000000001,6.304667433448614,-0.005435777163858839,7.850539321959217,0.001651946564487665,0.004557685643089565,0.006439039798939584,48.60000000000019,0.30830022608982255,2674.045064334715,971.569619854826,1.0,0.0,0.9528507245916522,0.30343944477467566,0.0,0.0,,
117.2,6.051819132190769,0.07872944790922853,7.481047113094582,-0.025708571463027498,-0.004942728646829991,-0.005243295057984735,48.700000000000195,0.30830022608982255,2678.690211617099,973.0488871481025,1.0,0.0,0.9528507245916522,0.30343944477467566,0.0,0.0,,
117.30000000000001,6.232589232299425,0.1785396053941529,7.704885617239998,0.023917850140890772,0.0006276602328962976,0.003738349280180658,48.800000000000196,0.30830022608982255,2683.3448874067294,974.5311888358268,1.0,0.0,0.9528507245916522,0.30343944477467566,0.0,0.0,,
117.4,5.995697178428431,0.008042288723915016,7.591405843236183,-0.00866502248639167,-0.000813359623276111,0.01287531808112906,48.9000000000002,0.30830022608982255,2688.0090917036055,976.0165249179988,1.0,0.0,0.9528507245916522,0.30343944477467566,0.0,0.0,,
117.5,6.024726774064221,-0.14720200091306776,7.950068033150938,0.0021345297342877483,0.016566198706832153,0.01375396581152359,49.0000000000002,0.30830022608982255,2692.682824507727,977.5048953946186,1.0,0.0,0.9528507245916522,0.30343944477467566,0.0,0.0,,
117.60000000000001,6.04635832333729,0.007531979434064678,7.981609125905279,-0.011078901972042898,0.015356829091117645,-0.00970281711499536,49.1000000000002,0.30830022608982255,2697.366085819095,978.9963002656862,1.0,0.0,0.9528507245916522,0.30343944477467566,0.0,0.0,,
117.7,5.923989577060136,0.10630674464094783,7.733324879239345,0.0038079721014719838,-0.002965570936207271,0.025413446953809586,49.2000000000002,0.30830022608982255,2702.0588756377088,980.4907395312014,1.0,0.0,0.9528507245916522,0.30343944477467566,0.0,0.0,,
117.80000000000001,6.241053478023493,-0.004106692151561599,7.823131971485766,0.009000340278645175,0.015801455734425363,0.022101613275761156,49.3000000000002,0.30830022608982255,2706.7611939635685,981.9882131911644,1.0,0.0,0.9528507245916522,0.30343944477467566,0.0,0.0,,
117.9,6.025633074433652,-0.1896941162780765,7.721713744354584,0.007357065687400143,0.0040696998829881925,0.005658478599239339,49.400000000000205,0.30830022608982255,2711.473040796674,983.4887212455751,1.0,0.0,0.9528507245916522,0.30343944477467566,0.0,0.0,,
118.0,6.048928381326072,0.008993439434273484,7.671552544948607,-0.0050032108365506076,0.01925355363622125,0.005059422917909624,49.500000000000206,0.30830022608982255,2716.1944161370257,984.9922636944336,1.0,0.0,0.9528507245916522,0.30343944477467566,0.0,0.0,2712.5259507892606,990.9353407057546
118.10000000000001,6.222287177663852,-0.026594091513105475,7.560551688426052,0.00623551417543194,0.004051913838611055,0.008802811506285283,49.60000000000021,0.30830022608982255,2720.925319984623,986.4988405377399,1.0,0.0,0.9528507245916522,0.30343944477467566,0.0,0.0,,
118.2,6.108230856057273,0.07377639733473834,7.662970617146248,-0.004379850879844409,-0.012515744594907183,0.01121077868066903,49.70000000000021,0.30830022608982255,2725.6657523394665,988.0084517754939,1.0,0.0,0.9528507245916522,0.30343944477467566,0.0,0.0,,
118.30000000000001,6.058584513888898,0.13988620505527277,7.82314700183492,0.008239277633743674,0.0025217331738057974,-0.004863558297678606,49.80000000000021,0.30830022608982255,2730.4157132015557,989.5210974076956,1.0,0.0,0.9528507245916522,0.30343944477467566,0.0,0.0,,
118.4,6.099868212201237,0.1756939480143488,7.622204081811027,-0.0037972483204918098,0.004139008055800733,0.007795142365517949,49.90000000000021,0.30830022608982255,2735.175202570891,991.0367774343451,1.0,0.0,0.9528507245916522,0.30343944477467566,0.0,0.0,,
118.5,5.884441307381656,0.1995050841343922,7.519731708432658,-0.018380011804730617,0.01827483214163282,0.009616614386921359,50.00000000000021,0.30830022608982255,2739.944220447472,992.5554918554424,1.0,0.0,0.9528507245916522,0.30343944477467566,0.0,0.0,,
118.60000000000001,5.962591467638653,0.04595556736904555,7.617014207999445,-0.005525838810738718,-0.0014669681883209484,0.022103329494808144,50.100000000000215,0.30830022608982255,2744.7227668312994,994.0772406709873,1.0,0.0,0.9528507245916522,0.30343944477467566,0.0,0.0,,
118.7,6.0140055580008696,0.04093778539237186,7.6769825814679,0.009074298241089405,0.004446896713459625,-0.008956732447551824,50.200000000000216,0.30830022608982255,2749.5108417223723,995.60202388098,1.0,0.0,0.9528507245916522,0.30343944477467566,0.0,0.0,,
118.80000000000001,5.89517063185319,-0.12857313241055046,7.716086698060546,0.01978901343228184,-0.006018639956645998,0.017870911643706848,50.30000000000022,0.30830022608982255,2754.3084451206914,997.1298414854205,1.0,0.0,0.9528507245916522,0.30343944477467566,0.0,0.0,,
118.9,5.951323217479578,0.0013016602680033934,7.912011592253539,0.0011225367533015424,-0.00482847480704967,0.006243977537047756,50.40000000000022,0.30830022608982255,2759.1155770262562,998.6606934843087,1.0,0.0,0.9528507245916522,0.30343944477467566,0.0,0.0,,
119.0,6.141010798864527,0.04693074735707048,7.567352848418883,-0.005738950601689924,0.0026253676636143115,-0.007412500335398217,50.50000000000022,0.30830022608982255,2763.9322374390667,1000.1945798776446,1.0,0.0,0.9528507245916522,0.30343944477467566,0.0,0.0,2768.967003267503,999.9449047081451
119.10000000000001,6.065466151879773,0.2255593161662539,8.006091238304634,0.008151657664717728,-0.0016579043435811164,-0.0006798981494569069,50.60000000000022,0.30830022608982255,2768.7584263591234,1001.7315006654284,1.0,0.0,0.9528507245916522,0.30343944477467566,0.0,0.0,,
119.2,6.329892016397837,0.0631139295441309,7.8830758136873165,0.014617518291189154,-0.011827278281076978,0.0037599423708606344,50.70000000000022,0.30830022608982255,2773.594143786426,1003.2714558476598,1.0,0.0,0.9528507245916522,0.30343944477467566,0.0,0.0,,
119.30000000000001,5.832615189587277,-0.1519273080978601,7.751844311904757,-0.008676845254355492,-0.010890835364815115,0.017327183045239405,50.800000000000225,0.30830022608982255,2778.4393897209743,1004.814445424339,1.0,0.0,0.9528507245916522,0.30343944477467566,0.0,0.0,,
119.4,6.234791821343184,-0.08001625425355653,7.876265348657778,-0.014726515510709446,0.018692027989901615,0.009119866341570766,50.900000000000226,0.30830022608982255,2783.2941641627685,1006.360469395466,1.0,0.0,0.9528507245916522,0.30343944477467566,0.0,0.0,,
119.5,5.909101606953679,-0.014948326380032344,7.736666828735834,0.008191819894008759,-0.009033625664862167,0.0057338162526287114,51.00000000000023,0.30830022608982255,2788.158467111809,1007.9095277610407,1.0,0.0,0.9528507245916522,0.30343944477467566,0.0,0.0,,
119.60000000000001,6.029507416244478,-0.1575579186749481,7.77130467916256,0.019804897305264853,-0.0033437361303770225,-0.015895132097416123,51.10000000000023,0.30830022608982255,2793.032298568095,1009.4616205210632,1.0,0.0,0.9528507245916522,0.30343944477467566,0.0,0.0,,
119.7,6.099125934500709,0.05497934908195039,7.7996871544506075,-0.014874320309700068,0.0005157879746896632,0.016296888373009667,51.20000000000023,0.30830022608982255,2797.9156585316273,1011.0167476755333,1.0,0.0,0.9528507245916522,0.30343944477467566,0.0,0.0,,
119.80000000000001,6.0608742080726286,-0.0006741034296219306,8.010552411033432,0.00907387655563647,0.017634529982785627,0.01722491347833146,51.30000000000023,0.30830022608982255,2802.8085470024052,1012.5749092244513,1.0,0.0,0.9528507245916522,0.30343944477467566,0.0,0.0,,
119.9,6.138141907029142,-0.17747112163567685,7.690785399869187,0.023479790868464506,0.004832483265963457,-0.0071290642041988445,51.40000000000023,0.30830022608982255,2807.7109639804294,1014.1361051678169,1.0,0.0,0.9528507245916522,0.30343944477467566,0.0,0.0,,
120.0,6.393789502395352,-0.2892859447228513,7.873596406379104,-0.014754282554966682,0.0036140560016931734,0.012354343536790855,51.500000000000234,0.30830022608982255,2812.622909465699,1015.7003355056304,1.0,0.0,0.9528507245916522,0.30343944477467566,0.0,0.0,2815.074586211608,1016.7302602214182
