time,accel_x,accel_y,accel_z,gyro_x,gyro_y,gyro_z,true_speed,true_heading,true_x,true_y,true_accel_x_vehicle,true_accel_y_vehicle,true_accel_x_world,true_accel_y_world,true_accel_z_world,true_yaw_rate,gnss_x,gnss_y
0.0,6.642968443694794,-0.05200282913277154,7.1885746495429625,0.013136314291828877,-0.027465794630227643,0.015127963403102306,0.0,0.0,0.0,0.0,1.2,0.0,1.2,0.0,0.0,0.0,3.4883453665994746,6.380377813727257
0.1,6.68867220546383,0.1908370344745786,7.278368886105229,-0.0033164433837532935,-0.005544581431663336,0.008367062450005607,0.12,0.0,0.018000000000000002,0.0,1.2,0.0,1.2,0.0,0.0,0.0,,
0.2,6.449668420980674,0.11060650638395905,7.214293141795234,0.027714891673998113,-0.019776798602718436,0.00387078891997671,0.24,0.0,0.048,0.0,1.2,0.0,1.2,0.0,0.0,0.0,,
0.30000000000000004,6.649059863887842,0.29571443896581673,7.683666680993012,0.0076453911928404,0.007712068818453083,0.011541592694539004,0.36,0.0,0.09,0.0,1.2,0.0,1.2,0.0,0.0,0.0,,
0.4,6.763112765772236,0.1825973968826981,7.086747802588041,-0.006394663246432075,0.012271927498659867,0.005308716821358897,0.48,0.0,0.14400000000000002,0.0,1.2,0.0,1.2,0.0,0.0,0.0,,
0.5,6.8928155848928965,-0.153034144334249,7.318915924137615,-0.001026742517895728,-0.000882582244945235,0.026878469882928444,0.6,0.0,0.21000000000000002,0.0,1.2,0.0,1.2,0.0,0.0,0.0,,
0.6000000000000001,6.783239810782846,-0.005341732230071089,7.06132775437241,-0.006341961633292004,0.011579228197464922,0.01182899930581743,0.72,0.0,0.28800000000000003,0.0,1.2,0.0,1.2,0.0,0.0,0.0,,
0.7000000000000001,6.724015255788854,0.17420166970983794,7.038030424469849,0.009523203766170591,0.024259167055479352,-0.005213743209105279,0.84,0.0,0.37800000000000006,0.0,1.2,0.0,1.2,0.0,0.0,0.0,,
0.8,6.6659295952982776,0.25693479511397505,7.572876974276533,0.02244276040635543,-0.01608045853456303,0.00886890092760389,0.96,0.0,0.4800000000000001,0.0,1.2,0.0,1.2,0.0,0.0,0.0,,
0.9,6.912506182097347,0.13257016049842069,7.396741555999105,-0.0028748413604417246,0.005876849165706485,0.01997762202075204,1.08,0.0,0.5940000000000001,0.0,1.2,0.0,1.2,0.0,0.0,0.0,,
1.0,6.700879913143815,0.35342627380216407,7.104549266922511,0.015514365185000914,0.010303739258652862,0.018215631866298487,1.2000000000000002,0.0,0.7200000000000001,0.0,1.2,0.0,1.2,0.0,0.0,0.0,-2.1088289251054997,-3.1802204957679563
1.1,6.701243490624232,0.13461737560332684,7.338330260449363,0.013109167540846114,-0.0014686507035740932,0.017194561683571565,1.3200000000000003,0.0,0.8580000000000001,0.0,1.2,0.0,1.2,0.0,0.0,0.0,,
1.2000000000000002,6.4790502783236885,0.06255641947348009,7.319807863396794,-0.001433909064037761,0.006419916108008089,0.0003109557648032996,1.4400000000000004,0.0,1.0080000000000002,0.0,1.2,0.0,1.2,0.0,0.0,0.0,,
1.3,6.551996584010459,-0.01217483655427555,7.347005219933195,0.009132202774771937,0.011436842444081528,0.006579143738669288,1.5600000000000005,0.0,1.1700000000000004,0.0,1.2,0.0,1.2,0.0,0.0,0.0,,
1.4000000000000001,6.577883423758812,0.07961842214510834,7.5890876998956385,-0.002280867040065574,-0.007356795713421682,-0.002296566703882552,1.6800000000000006,0.0,1.3440000000000005,0.0,1.2,0.0,1.2,0.0,0.0,0.0,,
1.5,6.517742977171647,0.01693583104191011,7.5307197478532855,-0.006377624493564032,-0.0011415628111175252,0.004962098191023033,1.8000000000000007,0.0,1.5300000000000007,0.0,1.2,0.0,1.2,0.0,0.0,0.0,,
1.6,6.536637796492883,-0.08533608884307678,7.333152353142674,-0.004184863821111253,0.005392589557827581,0.02525211504717309,1.9200000000000008,0.0,1.7280000000000009,0.0,1.2,0.0,1.2,0.0,0.0,0.0,,
1.7000000000000002,6.623572233353015,0.2522431402306001,7.3153612705950986,0.005935057522283317,0.014543119851979805,0.0047488838849730035,2.040000000000001,0.0,1.938000000000001,0.0,1.2,0.0,1.2,0.0,0.0,0.0,,
1.8,6.819950774393723,-0.18698001259796557,6.941819573899385,0.0024651515133731687,0.003776117799948155,0.012183049322981192,2.160000000000001,0.0,2.160000000000001,0.0,1.2,0.0,1.2,0.0,0.0,0.0,,
1.9000000000000001,6.858667304770318,-0.05332226941855945,7.1014446805599425,0.01351531463735217,-0.004857228313699955,0.004407752810039448,2.280000000000001,0.0,2.394000000000001,0.0,1.2,0.0,1.2,0.0,0.0,0.0,,
2.0,6.7184816773058555,-0.08465914543757352,6.985009781869678,-0.0019039139295590072,-0.005145370559771079,0.005570114838499195,2.4000000000000012,0.0,2.640000000000001,0.0,1.2,0.0,1.2,0.0,0.0,0.0,10.239490767122376,1.5905324925960458
2.1,6.418717177557418,-0.015660860859080784,7.0058751738473335,-0.002218042724822277,0.005194716027441,0.011625666662677253,2.5200000000000014,0.0,2.898000000000001,0.0,1.2,0.0,1.2,0.0,0.0,0.0,,
2.2,6.4645545272672775,0.42878829884270786,7.293128955631312,-0.017370580461994176,-0.000859596923892887,0.001156787892531123,2.6400000000000015,0.0,3.168000000000001,0.0,1.2,0.0,1.2,0.0,0.0,0.0,,
2.3000000000000003,6.7724522884734,0.16801132004837796,7.070952261868173,0.002501479800382817,-0.0019999401086067594,0.015170802076958066,2.7600000000000016,0.0,3.450000000000001,0.0,1.2,0.0,1.2,0.0,0.0,0.0,,
2.4000000000000004,6.382882337057452,0.06519781827200087,7.034949301242948,0.013866575286224751,0.010167372271883149,0.015137900436197439,2.8800000000000017,0.0,3.744000000000001,0.0,1.2,0.0,1.2,0.0,0.0,0.0,,
2.5,7.029976733101503,0.35452992705017977,7.252034189225508,-0.014591438910221927,0.03590185165644869,0.0024322549357278043,3.0000000000000018,0.0,4.050000000000002,0.0,1.2,0.0,1.2,0.0,0.0,0.0,,
2.6,6.481962259983842,0.024454759125601952,7.545314842477394,-0.0026438265067196837,-0.008424701273234544,0.0024751083054869952,3.120000000000002,0.0,4.368000000000002,0.0,1.2,0.0,1.2,0.0,0.0,0.0,,
2.7,6.908035769534938,0.25482527824979,7.381381549720776,-0.005212614994103657,0.0033208932696799595,2.9062804101699126e-05,3.240000000000002,0.0,4.698000000000002,0.0,1.2,0.0,1.2,0.0,0.0,0.0,,
2.8000000000000003,6.635269343322821,0.006128082567569686,7.148698598452103,-0.0031548423270900384,0.0016467107701956766,-0.006369967592721426,3.360000000000002,0.0,5.040000000000003,0.0,1.2,0.0,1.2,0.0,0.0,0.0,,
2.9000000000000004,6.6858491617884,-0.20018923871687763,7.12250203178331,0.012655855156592366,-0.01167881292279909,0.006363388730179113,3.480000000000002,0.0,5.394000000000003,0.0,1.2,0.0,1.2,0.0,0.0,0.0,,
3.0,6.5667091159411415,0.16638252609299395,7.318276800509427,-0.005337851433803554,0.004147811032142291,-0.003486424179964364,3.6000000000000023,0.0,5.760000000000003,0.0,1.2,0.0,1.2,0.0,0.0,0.0,9.53935673759274,-4.192807821323839
3.1,6.667841703305629,-0.13107273872482483,7.233469734753998,-0.005713903764717691,0.004704467229747443,0.0010301952848818779,3.7200000000000024,0.0,6.1380000000000035,0.0,1.2,0.0,1.2,0.0,0.0,0.0,,
3.2,6.566062955819764,-0.10047360861652033,7.195039667925804,-0.0003122792389493256,-0.00876806588704985,-0.00019445730153655211,3.8400000000000025,0.0,6.528000000000004,0.0,1.2,0.0,1.2,0.0,0.0,0.0,,
3.3000000000000003,6.916860902513563,0.08674989031056404,7.4425741090491595,0.018732431519862612,-0.0036495427108415245,0.0022595267836573755,3.9600000000000026,0.0,6.930000000000004,0.0,1.2,0.0,1.2,0.0,0.0,0.0,,
3.4000000000000004,6.418162039695151,0.09320568151603559,7.20560126025848,0.013867259635083154,0.00250196481030518,0.005412870724836109,4.080000000000003,0.0,7.344000000000005,0.0,1.2,0.0,1.2,0.0,0.0,0.0,,
3.5,6.5252774028809695,-0.03302723124895666,7.223891511692635,0.009302888918269065,0.008807922603307063,-0.004119619331963067,4.200000000000003,0.0,7.770000000000005,0.0,1.2,0.0,1.2,0.0,0.0,0.0,,
3.6,6.71241387788486,0.17130686701950038,7.220385436811681,0.005051128578280627,-0.012019696754019267,-0.018426259814264618,4.320000000000003,0.0,8.208000000000006,0.0,1.2,0.0,1.2,0.0,0.0,0.0,,
3.7,6.880446552476153,0.13135838633909888,7.298062814701745,-0.008472648931359808,-0.008734636819231069,0.0035183283264591547,4.440000000000003,0.0,8.658000000000007,0.0,1.2,0.0,1.2,0.0,0.0,0.0,,
3.8000000000000003,6.917844747540775,0.14336896018721557,7.460569322017487,0.006204914561274839,-0.010322414261423185,0.01215831973783283,4.560000000000003,0.0,9.120000000000006,0.0,1.2,0.0,1.2,0.0,0.0,0.0,,
3.9000000000000004,6.58695034087974,0.14683207806830653,7.562450691040448,-0.0025463192411025602,0.002333055077245033,0.005734392192877245,4.680000000000003,0.0,9.594000000000007,0.0,1.2,0.0,1.2,0.0,0.0,0.0,,
4.0,6.64917727155438,0.0013716908597484478,7.027700447169344,0.01181873050903949,-0.0017562054738482612,-0.0031144037681656205,4.800000000000003,0.0,10.080000000000007,0.0,1.2,0.0,1.2,0.0,0.0,0.0,11.637849340296352,-3.044798445426802
4.1000000000000005,6.73572689491413,0.2849716789833109,7.2916072416770294,-0.0028187949632002864,-0.00643841412492202,-0.0059973152206994765,4.9200000000000035,0.0,10.578000000000008,0.0,1.2,0.0,1.2,0.0,0.0,0.0,,
4.2,6.563749543549327,-0.07488125484826255,7.2204500160869385,0.005156696127937794,-0.005228290490604971,0.014885156870962223,5.040000000000004,0.0,11.088000000000008,0.0,1.2,0.0,1.2,0.0,0.0,0.0,,
4.3,6.979485942675062,0.09874305554805893,7.428121487238261,-0.008000923176090162,0.01450932830898537,0.013369917951834483,5.160000000000004,0.0,11.610000000000008,0.0,1.2,0.0,1.2,0.0,0.0,0.0,,
4.4,6.3421716898786915,0.05983178312936345,7.361546037458673,-0.000626223431877197,0.0032214251913167086,0.01636957642920165,5.280000000000004,0.0,12.144000000000009,0.0,1.2,0.0,1.2,0.0,0.0,0.0,,
4.5,6.701449895928592,0.04501963709412207,7.521935870497922,-0.009418847491483773,0.0009325519426232774,0.01233577786108007,5.400000000000004,0.0,12.69000000000001,0.0,1.2,0.0,1.2,0.0,0.0,0.0,,
4.6000000000000005,6.672128795249387,-0.13689414797586022,7.486979718960581,0.013572123334755283,-0.0030616002295740727,0.006723954063887659,5.520000000000004,0.0,13.24800000000001,0.0,1.2,0.0,1.2,0.0,0.0,0.0,,
4.7,6.630535530647057,0.11281336151405447,7.487072344400042,-0.009465479709164155,-0.00114340593219437,0.016609186729588735,5.640000000000004,0.0,13.81800000000001,0.0,1.2,0.0,1.2,0.0,0.0,0.0,,
4.800000000000001,6.605421811696787,0.08612214991075276,7.065481490292473,-0.004961660735421525,-0.015729144774372407,0.0029405308264735825,5.760000000000004,0.0,14.400000000000011,0.0,1.2,0.0,1.2,0.0,0.0,0.0,,
4.9,6.6617513056615625,-0.12027336278884518,7.443691520348328,0.005501312265814074,0.007679455804418473,0.006800633261942962,5.880000000000004,0.0,14.994000000000012,0.0,1.2,0.0,1.2,0.0,0.0,0.0,,
5.0,6.845486816210168,-0.09744143298530444,7.0152450895473475,0.004769769439235231,-0.008033890517199854,0.004043707854147869,6.000000000000004,0.0,15.600000000000012,0.0,1.2,0.0,1.2,0.0,0.0,0.0,9.134621980598848,-1.8507321264466936
5.1000000000000005,6.421049683038851,-0.0046505618426030265,7.438943073490725,-0.00320006203678583,0.005097713515243961,0.018906947040184877,6.1200000000000045,0.0,16.218000000000014,0.0,1.2,0.0,1.2,0.0,0.0,0.0,,
5.2,6.847799465271657,0.1310340529186029,7.376601479904948,0.015624432771284358,0.003340139148877829,0.0018272927981210106,6.240000000000005,0.0,16.848000000000013,0.0,1.2,0.0,1.2,0.0,0.0,0.0,,
5.300000000000001,6.651605838091234,0.2351879794607096,7.36399328225908,-0.003489741694853953,0.007782884910108692,-0.007501465242264408,6.360000000000005,0.0,17.490000000000013,0.0,1.2,0.0,1.2,0.0,0.0,0.0,,
5.4,6.939090115602366,0.057568611452299696,7.146239956462504,0.0012095989651514337,0.003724080095561174,0.02105146767636351,6.480000000000005,0.0,18.144000000000013,0.0,1.2,0.0,1.2,0.0,0.0,0.0,,
5.5,6.69996395363422,0.24956126477947993,7.4546426153963266,-0.005989465729091474,-0.013294880926741937,0.002215240347989594,6.600000000000005,0.0,18.810000000000013,0.0,1.2,0.0,1.2,0.0,0.0,0.0,,
5.6000000000000005,6.826470050244439,0.23741812473118568,7.428310132262466,-0.013835361719487325,0.0036579549044402143,0.020212745164019604,6.720000000000005,0.0,19.488000000000014,0.0,1.2,0.0,1.2,0.0,0.0,0.0,,
5.7,6.5857413264266365,-0.03065140719014752,7.217775954304256,-0.004673454277108955,-0.016632026282264328,-0.01313864835322234,6.840000000000005,0.0,20.178000000000015,0.0,1.2,0.0,1.2,0.0,0.0,0.0,,
5.800000000000001,6.622635416878212,-0.20876049128306393,7.275433632007097,-0.0002656684549296719,-0.0021166982764155924,0.006889466701729698,6.960000000000005,0.0,20.880000000000017,0.0,1.2,0.0,1.2,0.0,0.0,0.0,,
5.9,6.767469823017267,0.005482113473745401,7.448107679110347,-0.01870081873349713,0.021458416376414498,0.002184268511221152,7.080000000000005,0.0,21.59400000000002,0.0,1.2,0.0,1.2,0.0,0.0,0.0,,
6.0,6.937893596448771,-0.25291895133118675,7.26647324292525,0.006956567007275582,-0.009970433276887326,0.00652925116993872,7.2000000000000055,0.0,22.32000000000002,0.0,1.2,0.0,1.2,0.0,0.0,0.0,26.23922137085946,6.675485613854649
6.1000000000000005,6.982638572752385,0.14271372263875343,7.39544522192,0.0017158109066395168,-0.0027870593376275073,0.008194843342118681,7.320000000000006,0.0,23.05800000000002,0.0,1.2,0.0,1.2,0.0,0.0,0.0,,
6.2,6.822510407733485,0.2185863821699745,7.247065125461292,-0.017266018864703345,-0.000630063624209876,-0.007887221137618392,7.440000000000006,0.0,23.80800000000002,0.0,1.2,0.0,1.2,0.0,0.0,0.0,,
6.300000000000001,6.81333145930312,0.14627774845487507,7.399299083828988,-0.013916465798835003,-0.008486089923505092,0.014812919973783915,7.560000000000006,0.0,24.57000000000002,0.0,1.2,0.0,1.2,0.0,0.0,0.0,,
6.4,6.675249180612929,0.05750083502784614,7.132363671114068,-0.007610015110812475,-0.0018666552238348622,0.007771142906615071,7.680000000000006,0.0,25.344000000000023,0.0,1.2,0.0,1.2,0.0,0.0,0.0,,
6.5,6.540307189591518,0.28446306637236873,7.457122195216942,0.008686163143849075,0.014865271133114177,-0.02243127742675927,7.800000000000006,0.0,26.130000000000024,0.0,1.2,0.0,1.2,0.0,0.0,0.0,,
6.6000000000000005,6.5271745358641455,-0.19048871867346898,7.494697835155743,-0.0021525059118972685,0.007309195171054224,0.0037769527146216445,7.920000000000006,0.0,26.928000000000026,0.0,1.2,0.0,1.2,0.0,0.0,0.0,,
6.7,6.7986921177469455,0.06915161740328353,7.47280940697221,-0.0005138843644025596,-0.008021504609153143,-0.0018265093509883196,8.040000000000006,0.0,27.738000000000028,0.0,1.2,0.0,1.2,0.0,0.0,0.0,,
6.800000000000001,6.53203630026112,0.009863602702860463,7.236164749154565,-0.004475934292744055,-0.026302260222511628,-0.0020996253221620296,8.160000000000005,0.0,28.560000000000027,0.0,1.2,0.0,1.2,0.0,0.0,0.0,,
6.9,6.6347807912884855,-0.13215583686098503,7.362038741091326,-0.01318367419694644,-0.0007634862426805262,0.010378514230336248,8.280000000000005,0.0,29.394000000000027,0.0,1.2,0.0,1.2,0.0,0.0,0.0,,
7.0,6.534938737713159,-0.06800701814914026,7.4988462887952405,0.004666977007643955,-0.005101893674326166,0.017652186656513767,8.400000000000004,0.0,30.240000000000027,0.0,1.2,0.0,1.2,0.0,0.0,0.0,25.838260929508436,1.933815337853495
7.1000000000000005,6.51781620527673,0.1309628480859285,7.359586015279977,0.008168291015616743,0.0004033187063969314,0.014648892855418521,8.520000000000003,0.0,31.098000000000027,0.0,1.2,0.0,1.2,0.0,0.0,0.0,,
7.2,7.060416983672311,0.001150272332262968,7.21718025519453,0.011952029203684284,-0.012347233382992102,-0.003339642335463287,8.640000000000002,0.0,31.96800000000003,0.0,1.2,0.0,1.2,0.0,0.0,0.0,,
7.300000000000001,6.497916320907494,0.10360085263278956,7.424606473742627,-0.013107167067500342,0.006335167042178016,-0.013581172087881947,8.760000000000002,0.0,32.85000000000003,0.0,1.2,0.0,1.2,0.0,0.0,0.0,,
7.4,6.649390190912932,0.098752484442104,7.37603555302291,0.0038247343709858854,0.005451173118880433,0.006999904117708684,8.88,0.0,33.74400000000003,0.0,1.2,0.0,1.2,0.0,0.0,0.0,,
7.5,6.887051082080332,0.15833721415997518,7.173004779735328,0.005094022694928302,-0.011069886984747312,0.025211108513521062,9.0,0.0,34.65000000000003,0.0,1.2,0.0,1.2,0.0,0.0,0.0,,
7.6000000000000005,6.553671926738242,0.09164954450583232,7.377367191077104,-0.010920064697934021,0.003648175640757558,0.014517236529030423,9.12,0.0,35.568000000000026,0.0,1.2,0.0,1.2,0.0,0.0,0.0,,
7.7,6.736376463960715,0.07290329935828714,7.418221577042715,0.0021200835264205036,0.013707922261117061,0.009989073208200153,9.239999999999998,0.0,36.498000000000026,0.0,1.2,0.0,1.2,0.0,0.0,0.0,,
7.800000000000001,6.623624675298738,-0.1528046414740049,7.535316288863928,0.0003038890320974059,-0.0016480509909842051,0.009890915719525634,9.359999999999998,0.0,37.440000000000026,0.0,1.2,0.0,1.2,0.0,0.0,0.0,,
7.9,6.697981637109617,-0.09475256280257077,7.145472471573865,-0.011420024692858253,0.012858581338737752,0.0019257912543443204,9.479999999999997,0.0,38.39400000000003,0.0,1.2,0.0,1.2,0.0,0.0,0.0,,
8.0,6.7564568039485735,0.19100191235874828,7.147017835700239,-0.0024106727728775415,-0.0028033771713221294,0.0036067252807175073,9.599999999999996,0.0,39.36000000000003,0.0,1.2,0.0,1.2,0.0,0.0,0.0,49.69759175804108,-5.209127578800481
8.1,6.6099812776506655,0.019954151283182765,7.243862825143848,0.012594404947397093,-0.008478199327897264,0.006823348620281184,9.719999999999995,0.0,40.33800000000003,0.0,1.2,0.0,1.2,0.0,0.0,0.0,,
8.200000000000001,6.65432455328343,0.24480579221663043,7.355619333948466,0.003346848413489048,-0.009610502383792031,-0.006426673882372906,9.839999999999995,0.0,41.32800000000003,0.0,1.2,0.0,1.2,0.0,0.0,0.0,,
8.3,6.743527157032339,0.1528916393820228,7.158488992484392,0.011546531456928473,0.0007961049600186815,0.027947443508194156,9.959999999999994,0.0,42.330000000000034,0.0,1.2,0.0,1.2,0.0,0.0,0.0,,
8.4,6.668492213134537,0.1327539269083363,7.365178722075133,0.007820853629964914,-0.014214445003380476,0.012732998613419637,10.079999999999993,0.0,43.34400000000004,0.0,1.2,0.0,1.2,0.0,0.0,0.0,,
8.5,6.656147107889861,-0.001205493208865288,7.515164528629335,-0.008540763302082546,-0.006026662091711799,0.031456516279045686,10.199999999999992,0.0,44.37000000000003,0.0,1.2,0.0,1.2,0.0,0.0,0.0,,
8.6,6.551460358882238,-0.030515215537760106,7.232659226926262,-0.007841596960662072,0.00413773826474139,0.012961364636764752,10.319999999999991,0.0,45.40800000000003,0.0,1.2,0.0,1.2,0.0,0.0,0.0,,
8.700000000000001,6.778877005784615,0.17838138927505512,7.032892632281163,0.007067692773587549,0.007608501819902247,0.006158529220694122,10.43999999999999,0.0,46.45800000000003,0.0,1.2,0.0,1.2,0.0,0.0,0.0,,
8.8,6.765896344712035,0.03349857157112997,7.115658772000831,0.0058172894018509455,-0.00947802351794055,0.0014463469607472555,10.55999999999999,0.0,47.520000000000024,0.0,1.2,0.0,1.2,0.0,0.0,0.0,,
8.9,6.519500670409249,0.4452521052658133,7.02566078418461,-0.006065261570081817,-0.01722988527898128,0.012276426605319312,10.679999999999989,0.0,48.59400000000002,0.0,1.2,0.0,1.2,0.0,0.0,0.0,,
9.0,6.7027581652969435,0.0624232261172417,7.344057117074638,0.008707886911178448,0.006494398384375463,-0.003761998846674083,10.799999999999988,0.0,49.68000000000002,0.0,1.2,0.0,1.2,0.0,0.0,0.0,40.092410059358194,-5.267897318887128
9.1,6.732979488681716,0.06108707567535166,7.062504767718016,0.022513877028176678,-0.0047592165797067446,0.004917988755921363,10.919999999999987,0.0,50.77800000000002,0.0,1.2,0.0,1.2,0.0,0.0,0.0,,
9.200000000000001,6.817097954579831,-0.19761934903003708,7.266596343725367,-0.007491958714836876,-0.0346628730253359,0.011993829260381686,11.039999999999987,0.0,51.88800000000002,0.0,1.2,0.0,1.2,0.0,0.0,0.0,,
9.3,6.896342849291783,0.10284093415923967,7.107705894771778,-0.00561215773116806,0.0037274911946378548,0.015393289632172381,11.159999999999986,0.0,53.01000000000002,0.0,1.2,0.0,1.2,0.0,0.0,0.0,,
9.4,6.675493166169326,0.0030589169014431233,7.018600004058386,-0.02225557375186897,-0.0023195018118362005,0.00453861519588458,11.279999999999985,0.0,54.14400000000002,0.0,1.2,0.0,1.2,0.0,0.0,0.0,,
9.5,6.7276796650683375,0.1925294444823908,7.320767101247334,-0.0002885459236133455,0.00787261287956225,0.0019151013397451797,11.399999999999984,0.0,55.29000000000002,0.0,1.2,0.0,1.2,0.0,0.0,0.0,,
9.600000000000001,6.905576393184415,-0.06918641705526837,7.362535649171159,0.010419776401077652,0.015766937452050392,0.011714703170198685,11.519999999999984,0.0,56.44800000000002,0.0,1.2,0.0,1.2,0.0,0.0,0.0,,
9.700000000000001,6.841472320814037,-0.18094622683352227,7.36168417909649,0.004299136408583183,-0.0015926592708240927,0.0008601695096467615,11.639999999999983,0.0,57.61800000000002,0.0,1.2,0.0,1.2,0.0,0.0,0.0,,
9.8,6.35370412412818,0.2544009595087145,7.3063411752194956,0.0072787052739459596,0.004609025733407991,-0.017658740583879295,11.759999999999982,0.0,58.80000000000002,0.0,1.2,0.0,1.2,0.0,0.0,0.0,,
9.9,6.723294351345911,-0.28257696470256577,7.578170216352328,0.004255937790710975,-0.011581608207512818,0.021596155999912697,11.879999999999981,0.0,59.994000000000014,0.0,1.2,0.0,1.2,0.0,0.0,0.0,,
10.0,6.726751242751633,0.01707466623505152,7.392036910954856,0.0049314596119511365,0.0031283840847638696,-0.0029453748469512086,11.99999999999998,0.0,61.20000000000001,0.0,1.2,0.0,1.2,0.0,0.0,0.0,65.52239187575992,-2.391502123747242
10.100000000000001,6.836461497621519,0.21324356034223627,7.491675169532338,0.008729134959602671,-0.007942166861013344,0.018483436939147727,12.11999999999998,0.0,62.418000000000006,0.0,1.2,0.0,1.2,0.0,0.0,0.0,,
10.200000000000001,6.81498122348073,0.31039616007879084,7.603195487206192,-0.010157299636544301,-0.01745421641721348,0.02705703262938232,12.239999999999979,0.0,63.648,0.0,1.2,0.0,1.2,0.0,0.0,0.0,,
10.3,6.605183965571338,0.09784296756705407,7.461051959029369,0.0007826624448327922,-0.002718011551401914,0.016268120878418862,12.359999999999978,0.0,64.89,0.0,1.2,0.0,1.2,0.0,0.0,0.0,,
10.4,6.671862367690884,0.08463025531555725,7.3390360302305515,0.013164447483592539,-0.010868905628540574,0.014228370665684791,12.479999999999977,0.0,66.144,0.0,1.2,0.0,1.2,0.0,0.0,0.0,,
10.5,6.804013156318078,-0.006161119962218874,7.542314891228504,0.0064643980261277125,-0.012324079667006929,0.018297267407859735,12.599999999999977,0.0,67.41,0.0,1.2,0.0,1.2,0.0,0.0,0.0,,
10.600000000000001,6.395581150007769,0.12705189903565628,7.414637283042548,0.002515752708771189,0.011903511591481546,0.029511119773912423,12.719999999999976,0.0,68.68799999999999,0.0,1.2,0.0,1.2,0.0,0.0,0.0,,
10.700000000000001,6.511003807503199,0.10106003383739587,7.229637376013843,-0.0020590104830485938,-0.007474684834565495,0.014884334974238796,12.839999999999975,0.0,69.97799999999998,0.0,1.2,0.0,1.2,0.0,0.0,0.0,,
10.8,6.534618052285272,-0.08698292343794753,7.221750472503202,-0.006389194262452657,0.003383424750581862,0.009216025960345979,12.959999999999974,0.0,71.27999999999997,0.0,1.2,0.0,1.2,0.0,0.0,0.0,,
10.9,6.728696282210392,0.15495036572343787,7.468840784159831,0.007636243534761884,-0.003207035737745358,0.019341661353662973,13.079999999999973,0.0,72.59399999999997,0.0,1.2,0.0,1.2,0.0,0.0,0.0,,
11.0,6.604003689333694,-0.0645256216183577,7.571049005824333,0.001327096390276409,0.012097010101312852,-0.0039713124670900735,13.199999999999973,0.0,73.91999999999996,0.0,1.2,0.0,1.2,0.0,0.0,0.0,77.59406877190844,-0.5941942026709014
11.100000000000001,6.877735599363105,-0.22346616567456004,7.51143533469282,-0.00335909305749882,0.001996352379518126,-0.002023475224449245,13.319999999999972,0.0,75.25799999999995,0.0,1.2,0.0,1.2,0.0,0.0,0.0,,
11.200000000000001,6.461614175640701,0.10074181490706285,7.221383230785371,-0.0009352198385225718,-0.009053780318435503,0.000606566966043766,13.439999999999971,0.0,76.60799999999995,0.0,1.2,0.0,1.2,0.0,0.0,0.0,,
11.3,6.709939220127783,0.010775239407514941,7.225446655869084,0.006881060665229936,-0.00679957882425979,0.011674777627070422,13.55999999999997,0.0,77.96999999999994,0.0,1.2,0.0,1.2,0.0,0.0,0.0,,
11.4,6.918482177805659,0.06244402757129439,7.400805501368351,0.000816833256678761,0.021134626736818908,0.014569846413764447,13.67999999999997,0.0,79.34399999999994,0.0,1.2,0.0,1.2,0.0,0.0,0.0,,
11.5,6.923971890597844,0.08563897575925014,7.135801055815043,0.0016398995384191862,0.00267788599288246,0.010481535943219121,13.799999999999969,0.0,80.72999999999993,0.0,1.2,0.0,1.2,0.0,0.0,0.0,,
11.600000000000001,6.593199472165103,-0.057301994742790206,7.343253481207217,0.013477221655074652,-0.010941500263847704,0.005800510114502816,13.919999999999968,0.0,82.12799999999993,0.0,1.2,0.0,1.2,0.0,0.0,0.0,,
11.700000000000001,6.6161076108968,-0.07633992364665709,7.2670689334696394,0.01507142436454375,0.004686474627713085,0.004584382477881188,14.039999999999967,0.0,83.53799999999993,0.0,1.2,0.0,1.2,0.0,0.0,0.0,,
11.8,6.446432233317003,-0.1582367983888595,7.23344621324906,0.008065747491736807,-0.00799806188635671,0.02400640523462963,14.159999999999966,0.0,84.95999999999992,0.0,1.2,0.0,1.2,0.0,0.0,0.0,,
11.9,6.910644256867176,0.008141596276987552,7.253423153835068,0.0010135327812515439,0.005548828544947394,-0.007996161305578831,14.279999999999966,0.0,86.39399999999992,0.0,1.2,0.0,1.2,0.0,0.0,0.0,,
12.0,6.818850887387994,0.14422455596613967,7.256623771363765,0.011437956042356508,-0.007556590087588847,0.0017001877104441156,14.399999999999965,0.0,87.83999999999992,0.0,1.2,0.0,1.2,0.0,0.0,0.0,85.3084178013833,8.042717937547579
12.100000000000001,6.563959861703179,-0.12221068489728559,7.374036515453416,0.0001499923317447665,0.0006025087594560933,0.0047806731630523945,14.519999999999964,0.0,89.29799999999992,0.0,1.2,0.0,1.2,0.0,0.0,0.0,,
12.200000000000001,6.763669829659009,-0.007254740300070429,7.325112825909501,0.00751890716171516,0.0005411345205796654,-0.0067978376444682775,14.639999999999963,0.0,90.76799999999992,0.0,1.2,0.0,1.2,0.0,0.0,0.0,,
12.3,6.274492654326636,0.0663245789649165,7.370727788442196,0.000433118917072115,-0.0016886135470775949,0.010575448060067463,14.759999999999962,0.0,92.24999999999991,0.0,1.2,0.0,1.2,0.0,0.0,0.0,,
12.4,6.743716141504542,0.19651898664134562,7.188459879289318,0.004205253922680015,0.0020259040828924262,-0.0009955206821922911,14.879999999999962,0.0,93.74399999999991,0.0,1.2,0.0,1.2,0.0,0.0,0.0,,
12.5,6.588002504223932,0.0075260094768116875,7.5669014010912585,-0.003018461152919629,0.005547663111207974,0.007418745802549203,14.999999999999961,0.0,95.24999999999991,0.0,1.2,0.0,1.2,0.0,0.0,0.0,,
12.600000000000001,6.570592471489639,-0.13499188606762577,7.263891704334759,-0.009481743889135403,-0.0015107058234023313,0.014752405658986854,15.11999999999996,0.0,96.76799999999992,0.0,1.2,0.0,1.2,0.0,0.0,0.0,,
12.700000000000001,6.612474616599904,-0.004373939839760088,7.457590479153251,-0.001781019071689331,0.002351757238543998,0.011575899819242268,15.23999999999996,0.0,98.29799999999992,0.0,1.2,0.0,1.2,0.0,0.0,0.0,,
12.8,6.653280330745215,0.07949608025631709,7.170173735270367,-0.0042911035894037655,-0.01440830643198254,-0.007518648753454162,15.359999999999959,0.0,99.83999999999992,0.0,1.2,0.0,1.2,0.0,0.0,0.0,,
12.9,6.675356878297065,0.08042179229231544,7.3745096351635455,0.01650455255945213,0.008358837538561514,0.010810750105788278,15.479999999999958,0.0,101.39399999999992,0.0,1.2,0.0,1.2,0.0,0.0,0.0,,
13.0,6.9087406380316825,0.1987173602557272,7.552904547190435,-0.003303038117658892,0.008932858377666915,-0.0127991908886715,15.599999999999957,0.0,102.95999999999992,0.0,1.2,0.0,1.2,0.0,0.0,0.0,102.39231063521021,-5.169961541439043
13.100000000000001,6.555568143331394,0.08573905881917576,7.2853464806106025,-0.009578145074594415,4.513671694796646e-05,-0.006278444923112783,15.719999999999956,0.0,104.53799999999993,0.0,1.2,0.0,1.2,0.0,0.0,0.0,,
13.200000000000001,6.724388522999706,0.1489774227717712,7.338577043634378,0.0012915370077892197,-0.022386565810763925,0.013411354763959396,15.839999999999955,0.0,106.12799999999991,0.0,1.2,0.0,1.2,0.0,0.0,0.0,,
13.3,6.83231466322053,0.045794563279051285,7.363417102590386,-0.013134093779544227,0.008947649408045466,0.004003400886096917,15.959999999999955,0.0,107.7299999999999,0.0,1.2,0.0,1.2,0.0,0.0,0.0,,
13.4,6.6163210479649965,0.014035452500958855,7.472316517284872,0.0017309930019755062,0.014465401123265087,0.009013345043161152,16.079999999999956,0.0,109.3439999999999,0.0,1.2,0.0,1.2,0.0,0.0,0.0,,
13.5,6.497097409411523,0.09666645830410842,7.140546065554033,-0.0008010346720977047,0.009604689305754498,0.012648476034281136,16.199999999999957,0.0,110.96999999999989,0.0,1.2,0.0,1.2,0.0,0.0,0.0,,
13.600000000000001,6.714433707700904,0.26627110973486434,7.221899115008403,-0.003966352339233334,-0.00043106358596006235,0.0056047509641889755,16.319999999999958,0.0,112.60799999999988,0.0,1.2,0.0,1.2,0.0,0.0,0.0,,
13.700000000000001,6.90480791842298,0.006228753178402886,7.422048657118748,0.0034343242294432477,0.0010580466912822504,0.0065418932174714966,16.43999999999996,0.0,114.25799999999987,0.0,1.2,0.0,1.2,0.0,0.0,0.0,,
13.8,6.801059481959582,0.09113754981930985,7.345097524617347,0.00015250801790715122,0.005896154701449754,0.006483215860242549,16.55999999999996,0.0,115.91999999999986,0.0,1.2,0.0,1.2,0.0,0.0,0.0,,
13.9,6.9063078408684815,-0.26857451287759737,7.396713833118039,-0.004715554664362334,-0.007869893904287132,0.026874883063550268,16.67999999999996,0.0,117.59399999999985,0.0,1.2,0.0,1.2,0.0,0.0,0.0,,
14.0,6.6067717326334305,0.12236150444096947,7.21272168627718,0.01981896307227873,0.008474051878802718,0.011099227674656955,16.79999999999996,0.0,119.27999999999984,0.0,1.2,0.0,1.2,0.0,0.0,0.0,113.57341339580061,3.5873758600981507
14.100000000000001,6.578745677495571,-0.38168323620477185,7.241603574486543,0.002317424261212438,-0.014822521595193303,0.004156168319790219,16.919999999999963,0.0,120.97799999999984,0.0,1.2,0.0,1.2,0.0,0.0,0.0,,
14.200000000000001,6.547581030547631,0.02958542623881816,7.185673772093317,0.014148114619385586,-0.006941837854527641,0.0069775284456786825,17.039999999999964,0.0,122.68799999999983,0.0,1.2,0.0,1.2,0.0,0.0,0.0,,
14.3,6.8695245956714315,-0.1816153482794713,7.466164863879289,0.002051428235440337,0.007612942277165147,-0.008651072122699114,17.159999999999965,0.0,124.40999999999983,0.0,1.2,0.0,1.2,0.0,0.0,0.0,,
14.4,6.578850933988309,-0.20078020026921325,7.444702417442316,0.02244233190429043,-0.0002784314727957003,-0.014364254694990215,17.279999999999966,0.0,126.14399999999982,0.0,1.2,0.0,1.2,0.0,0.0,0.0,,
14.5,6.647400584799156,-0.061476680558028136,7.364415374073158,-0.006966747451574601,-0.002056338516196536,-0.00921756270568638,17.399999999999967,0.0,127.88999999999982,0.0,1.2,0.0,1.2,0.0,0.0,0.0,,
14.600000000000001,6.36188291838691,0.1312094679783776,7.444403269121535,0.00673160081841312,-0.009628210334013291,0.017626425683598342,17.519999999999968,0.0,129.64799999999983,0.0,1.2,0.0,1.2,0.0,0.0,0.0,,
14.700000000000001,6.847824792979596,-0.13584249565104142,7.459246047057458,0.0072838533061207675,-0.01567657443981553,0.01691356906911861,17.63999999999997,0.0,131.41799999999984,0.0,1.2,0.0,1.2,0.0,0.0,0.0,,
14.8,6.854415881602975,0.0052617723221812795,7.334186210731904,0.02182221042199271,0.0005477346787470561,0.0006744168814797188,17.75999999999997,0.0,133.19999999999985,0.0,1.2,0.0,1.2,0.0,0.0,0.0,,
14.9,6.76122052349589,0.09875728136599343,7.28167619152797,-0.00908518362544777,0.017439588783318728,-0.0010413358526001042,17.87999999999997,0.0,134.99399999999986,0.0,1.2,0.0,1.2,0.0,0.0,0.0,,
15.0,6.622492015372175,-0.015849668238201997,7.306913474386419,0.0001358066422247955,0.00400258759748779,0.018627918711184206,17.99999999999997,0.0,136.79999999999987,0.0,1.2,0.0,1.2,0.0,0.0,0.0,130.8653754823762,1.211241680490556
15.100000000000001,6.691418630244858,0.027507458050822657,7.324249014494503,6.3928915404499e-05,-0.006364240199924704,-0.003965359741982797,18.119999999999973,0.0,138.61799999999985,0.0,1.2,0.0,1.2,0.0,0.0,0.0,,
15.200000000000001,6.614883638916837,0.13205075410728095,7.373615211193275,-0.011848172643781468,0.0058810105078981965,0.022081799088893978,18.239999999999974,0.0,140.44799999999984,0.0,1.2,0.0,1.2,0.0,0.0,0.0,,
15.3,6.6285514610941725,0.28575811061094625,7.447497207485779,-0.0237258796271713,0.0018477739493966432,0.01137038875804231,18.359999999999975,0.0,142.28999999999982,0.0,1.2,0.0,1.2,0.0,0.0,0.0,,
15.4,6.814089094030159,-0.024425884374686242,7.298512456922912,-0.00588410595713336,-0.023403802432990128,0.017548079682553983,18.479999999999976,0.0,144.1439999999998,0.0,1.2,0.0,1.2,0.0,0.0,0.0,,
15.5,6.467959165768355,0.03602616449924029,7.101794026639321,0.023003505855123105,0.006086100543063197,0.008895669650093422,18.599999999999977,0.0,146.0099999999998,0.0,1.2,0.0,1.2,0.0,0.0,0.0,,
15.600000000000001,6.5298372011766315,0.1441832587422787,7.165715993123183,0.006228641572853691,-0.0041259563002699244,0.003680578297954003,18.719999999999978,0.0,147.88799999999978,0.0,1.2,0.0,1.2,0.0,0.0,0.0,,
15.700000000000001,6.910818012046957,0.16728972530757924,7.376739124870476,0.0030293804351721985,-0.012186558997759262,0.00218910444595249,18.83999999999998,0.0,149.77799999999976,0.0,1.2,0.0,1.2,0.0,0.0,0.0,,
15.8,6.699569351405011,0.04785162694697351,7.612068654438006,-0.0030971511665196195,0.006021714312197393,0.008624185591331133,18.95999999999998,0.0,151.67999999999975,0.0,1.2,0.0,1.2,0.0,0.0,0.0,,
15.9,6.534119397833018,-0.0333957782727884,7.285444122650474,-0.00920442375641248,0.012851069397359445,0.012926514040682239,19.07999999999998,0.0,153.59399999999974,0.0,1.2,0.0,1.2,0.0,0.0,0.0,,
16.0,6.88508940278926,-0.13378589461846158,7.013138877942372,0.001456274521462244,-0.0014587574214137726,0.00704969984779095,19.19999999999998,0.0,155.51999999999973,0.0,1.2,0.0,1.2,0.0,0.0,0.0,159.04601389500274,3.2351682544717333
16.1,6.385836988341598,0.19315813820733566,7.380556862791561,0.012040782183397988,-0.0009210278315573565,0.005524146870964525,19.319999999999983,0.0,157.4579999999997,0.0,1.2,0.0,1.2,0.0,0.0,0.0,,
16.2,6.737134274609089,-0.1509263377848327,7.317247045668285,-0.0072505851489235,-0.004995530434884463,0.007236343469505966,19.439999999999984,0.0,159.4079999999997,0.0,1.2,0.0,1.2,0.0,0.0,0.0,,
16.3,6.63840162502724,0.020806452620776815,7.377732381758651,-0.008167331610714734,0.0015756042033884103,2.6429768222597204e-05,19.559999999999985,0.0,161.3699999999997,0.0,1.2,0.0,1.2,0.0,0.0,0.0,,
16.400000000000002,6.824407094886612,-0.15156604613536495,7.002854262265905,-0.013496557609452259,-0.014700448601944121,0.006072442426584312,19.679999999999986,0.0,163.34399999999968,0.0,1.2,0.0,1.2,0.0,0.0,0.0,,
16.5,6.42381072445028,0.12480040559535038,7.43738745217801,0.0005147164257091156,-0.004872543063037273,-0.005885557427628948,19.799999999999986,0.0,165.32999999999967,0.0,1.2,0.0,1.2,0.0,0.0,0.0,,
16.6,6.57044215973083,0.08498651450164389,7.141150579072581,0.0110907576945491,0.013921880043111049,0.017253478693594924,19.919999999999987,0.0,167.32799999999966,0.0,1.2,0.0,1.2,0.0,0.0,0.0,,
16.7,6.852127736845497,0.17408672702994193,7.23678180713253,-0.018467369099022097,-0.0016890636236725329,0.014881252593641179,20.03999999999999,0.0,169.33799999999965,0.0,1.2,0.0,1.2,0.0,0.0,0.0,,
16.8,6.603201922065534,-0.015062646701431148,7.062257602862778,0.006598119236313408,0.0031710152998798455,-0.0007868249278835801,20.15999999999999,0.0,171.35999999999964,0.0,1.2,0.0,1.2,0.0,0.0,0.0,,
16.900000000000002,6.965393608515147,0.04825751804787867,7.292356516742773,-0.00239384390099705,0.0049670699806814034,-0.00023212905674733619,20.27999999999999,0.0,173.39399999999964,0.0,1.2,0.0,1.2,0.0,0.0,0.0,,
17.0,7.098280838427894,0.15633869773726106,7.11834016821598,-0.005894823688198655,0.020856465919686373,0.016714713642088545,20.39999999999999,0.0,175.43999999999963,0.0,1.2,0.0,1.2,0.0,0.0,0.0,175.57453946056543,-0.9315980399349671
17.1,6.560676641922645,0.329483382316808,7.4146010223722305,0.020497757331581684,0.01669105544481489,0.008493076433998176,20.519999999999992,0.0,177.49799999999962,0.0,1.2,0.0,1.2,0.0,0.0,0.0,,
17.2,6.8575139348344285,0.03231506737806674,6.986238237310128,-0.0074869778306427305,0.015160764084467539,0.01449263254372592,20.639999999999993,0.0,179.5679999999996,0.0,1.2,0.0,1.2,0.0,0.0,0.0,,
17.3,6.714757512079921,-0.4306013805137327,7.024161044767199,-0.0030038277524436635,-0.007258339630082701,0.008981341064080675,20.759999999999994,0.0,181.6499999999996,0.0,1.2,0.0,1.2,0.0,0.0,0.0,,
17.400000000000002,6.614594755681713,0.06825313157661252,7.48081842187098,0.0002950846190368754,-0.006020140583934542,-0.0006608802011345101,20.879999999999995,0.0,183.7439999999996,0.0,1.2,0.0,1.2,0.0,0.0,0.0,,
17.5,6.668090877229298,-0.17224593782231723,7.450549475815058,-0.001460084290107374,0.002010977596747032,-0.014649167638792565,20.999999999999996,0.0,185.8499999999996,0.0,1.2,0.0,1.2,0.0,0.0,0.0,,
17.6,6.4321189479086485,-0.04787633682162764,7.219198371550363,0.007249800928177461,-0.024532320055166194,0.002717019674614373,21.119999999999997,0.0,187.9679999999996,0.0,1.2,0.0,1.2,0.0,0.0,0.0,,
17.7,6.669970304464405,-0.19600842242714936,7.575480162420207,0.003609978943198408,-0.013032380589678386,0.020030751151663452,21.24,0.0,190.0979999999996,0.0,1.2,0.0,1.2,0.0,0.0,0.0,,
17.8,6.7422316332850025,-0.04277246191352543,7.546516247229708,0.007231189536523855,0.021890089549619778,0.008447067537559517,21.36,0.0,192.23999999999958,0.0,1.2,0.0,1.2,0.0,0.0,0.0,,
17.900000000000002,6.733450494594338,0.2587241727331504,7.23275827268988,0.009417427019494261,0.000587793463981552,0.01580403868270277,21.48,0.0,194.39399999999958,0.0,1.2,0.0,1.2,0.0,0.0,0.0,,
18.0,6.688619024870907,0.12370598447877143,7.110771554576826,0.00296323635908638,0.0036931180725278874,0.017796108991259885,21.6,0.0,196.55999999999958,0.0,1.2,0.0,1.2,0.0,0.0,0.0,197.80658428176994,-7.1238324718019035
18.1,6.687234906294118,0.07905376020711768,7.4258063433266415,-0.03148284026579491,0.009377820016849432,-0.004017236248671125,21.720000000000002,0.0,198.73799999999957,0.0,1.2,0.0,1.2,0.0,0.0,0.0,,
18.2,6.5188845778087225,0.07219476067350675,7.52034282082485,0.01241418626074475,0.007650390015266187,0.0027608513020187485,21.840000000000003,0.0,200.92799999999957,0.0,1.2,0.0,1.2,0.0,0.0,0.0,,
18.3,6.822958469695683,0.08508016640454205,7.161030917673115,-0.012053246810431843,0.0037784089020159203,-0.0005291163452212574,21.960000000000004,0.0,203.12999999999957,0.0,1.2,0.0,1.2,0.0,0.0,0.0,,
18.400000000000002,6.803722578498073,0.025418757518416452,7.318591367033631,0.0030736000671471465,0.008827891296685967,0.0038881429612196133,22.080000000000005,0.0,205.34399999999957,0.0,1.2,0.0,1.2,0.0,0.0,0.0,,
18.5,6.729275680991158,0.13217660161770478,7.352240107484533,0.009782411255927312,0.008136016613991085,0.017187938377271318,22.200000000000006,0.0,207.56999999999957,0.0,1.2,0.0,1.2,0.0,0.0,0.0,,
18.6,6.680901992227776,0.2562268414307846,7.331570051977663,-0.0007035783453867978,-0.009600704529937821,-0.0018790111373645996,22.320000000000007,0.0,209.80799999999957,0.0,1.2,0.0,1.2,0.0,0.0,0.0,,
18.7,6.598046558971344,0.12632014032120703,7.37988915094195,0.008947869397081958,-0.023688816522234053,0.00502948678472857,22.44000000000001,0.0,212.05799999999957,0.0,1.2,0.0,1.2,0.0,0.0,0.0,,
18.8,6.714111308736165,0.0935929993797582,7.3572543418071685,0.005027162236951433,-0.02047075127493961,0.016029064102370153,22.56000000000001,0.0,214.31999999999957,0.0,1.2,0.0,1.2,0.0,0.0,0.0,,
18.900000000000002,6.693266062873875,-0.046425021154472466,7.397957369383691,-0.0005699475826713893,0.01087029427086651,0.015371845527693682,22.68000000000001,0.0,216.59399999999957,0.0,1.2,0.0,1.2,0.0,0.0,0.0,,
19.0,6.880106240781163,-0.1321909587814145,7.1280909770915555,-0.003528566847731684,0.008801632771252713,0.003653241232397498,22.80000000000001,0.0,218.87999999999957,0.0,1.2,0.0,1.2,0.0,0.0,0.0,212.9542392424927,4.1556359910720175
19.1,6.693788368615153,-0.09636791281851628,6.888962909357596,0.0069687275470766445,0.0008862344257479638,0.012325973717355245,22.920000000000012,0.0,221.17799999999957,0.0,1.2,0.0,1.2,0.0,0.0,0.0,,
19.200000000000003,6.674924025453261,0.06509209901589703,7.515958701493051,0.011004596981203539,-0.0005081140532573977,0.028548186507939805,23.040000000000013,0.0,223.48799999999957,0.0,1.2,0.0,1.2,0.0,0.0,0.0,,
19.3,6.540298002670531,0.2061037645999807,7.388437646727371,-0.002078695001321948,0.014642490270436577,-0.0046050482998033155,23.160000000000014,0.0,225.80999999999958,0.0,1.2,0.0,1.2,0.0,0.0,0.0,,
19.400000000000002,6.731037575601659,0.11290713261640303,7.273678343947911,-0.0011526076241634635,0.0011337404422420054,0.015321877709442405,23.280000000000015,0.0,228.14399999999958,0.0,1.2,0.0,1.2,0.0,0.0,0.0,,
19.5,6.537451590034367,0.07272547725714061,7.337809306064241,-0.005514288387217333,-0.008250209689437146,0.01939354737560769,23.400000000000016,0.0,230.48999999999958,0.0,1.2,0.0,1.2,0.0,0.0,0.0,,
19.6,6.415537229497176,-0.3391569406560281,7.279740111516714,0.020330614056121857,0.0018984760100854176,0.02092901658056415,23.520000000000017,0.0,232.8479999999996,0.0,1.2,0.0,1.2,0.0,0.0,0.0,,
19.700000000000003,6.634749087860117,0.011148082450589354,6.9927165496474375,0.02645910517487118,0.01436246099475406,0.00693136695121174,23.64000000000002,0.0,235.2179999999996,0.0,1.2,0.0,1.2,0.0,0.0,0.0,,
19.8,6.7575491347833205,-0.40703596417296745,7.3341453229936295,-0.00020455560211805543,0.007095914497366069,0.012426129201600883,23.76000000000002,0.0,237.5999999999996,0.0,1.2,0.0,1.2,0.0,0.0,0.0,,
19.900000000000002,6.58641976572027,-0.2495652192085183,7.431570882882495,0.002348084686073391,8.605901383742381e-05,0.016118645785087465,23.88000000000002,0.0,239.9939999999996,0.0,1.2,0.0,1.2,0.0,0.0,0.0,,
20.0,6.723111311567814,0.028205273189047912,7.343947751660626,0.0004750939573386396,0.006214559240853065,0.0034914686027348657,24.00000000000002,0.0,242.3999999999996,0.0,1.2,0.0,1.2,0.0,0.0,0.0,238.83112825399664,4.242437471685143
20.1,6.739370714406129,0.07838611986786785,6.893087047776317,0.0006694970894039516,0.006715000411459533,0.008638875273143741,24.120000000000022,0.0,244.8179999999996,0.0,1.2,0.0,1.2,0.0,0.0,0.0,,
20.200000000000003,6.8020490260464275,0.1644615968803241,7.043105107394022,-0.01984843160193748,0.004115209981983302,0.007506819333403231,24.240000000000023,0.0,247.24799999999962,0.0,1.2,0.0,1.2,0.0,0.0,0.0,,
20.3,6.686676994567703,0.08638041220278717,7.594058430850394,0.01822155832990939,-0.005865657594186782,0.008007555573529829,24.360000000000024,0.0,249.68999999999963,0.0,1.2,0.0,1.2,0.0,0.0,0.0,,
20.400000000000002,6.90164258628574,-0.10277997384322898,7.425133991853097,-0.0032608989961774057,-0.00359203450282974,0.014157834174373402,24.480000000000025,0.0,252.14399999999964,0.0,1.2,0.0,1.2,0.0,0.0,0.0,,
20.5,6.5709328915692025,-0.17678280424242337,7.225041599865053,-0.0038332695005998804,-0.0024737830610779016,0.014654725484835745,24.600000000000026,0.0,254.60999999999964,0.0,1.2,0.0,1.2,0.0,0.0,0.0,,
20.6,6.768365809888113,0.10273720202678469,7.124965159715473,-0.0013438042448237477,-0.01644820506814028,0.014085238931728857,24.720000000000027,0.0,257.0879999999996,0.0,1.2,0.0,1.2,0.0,0.0,0.0,,
20.700000000000003,6.5129282236520085,0.01767521316573503,7.188040994395056,0.00028501452808551536,-0.01392180983388707,0.0068134429800318025,24.84000000000003,0.0,259.5779999999996,0.0,1.2,0.0,1.2,0.0,0.0,0.0,,
20.8,6.795424928167837,0.17985778516839795,7.3871482719275265,0.0010699537084282982,0.014809797110398868,0.0014414706940298156,24.96000000000003,0.0,262.07999999999953,0.0,1.2,0.0,1.2,0.0,0.0,0.0,,
20.900000000000002,6.712432267617539,0.2819199498142451,7.3780947595126944,-0.002208001245021239,0.0066695588757433154,-0.004997903410615183,25.08000000000003,0.0,264.5939999999995,0.0,1.2,0.0,1.2,0.0,0.0,0.0,,
21.0,6.341048128992063,0.15164078480087012,7.241495514692945,0.004187180590925082,-0.003423899269656218,0.01561849520701324,25.20000000000003,0.0,267.11999999999944,0.0,1.2,0.0,1.2,0.0,0.0,0.0,264.4426949142604,3.9047512735758443
21.1,6.854887280926086,0.22244458967329067,7.476730976984829,0.020983410297239997,-0.01738817516606509,0.022361713940191118,25.320000000000032,0.0,269.6579999999994,0.0,1.2,0.0,1.2,0.0,0.0,0.0,,
21.200000000000003,6.518497395362939,0.19261978689183934,6.967670240879338,0.0023877568017021573,0.007718924539829177,-0.00137073165804926,25.440000000000033,0.0,272.20799999999934,0.0,1.2,0.0,1.2,0.0,0.0,0.0,,
21.3,6.694776299434305,-0.02699142056615788,7.328722406853348,0.002408758157802969,-0.0031494943803962085,-0.004869528865135313,25.560000000000034,0.0,274.7699999999993,0.0,1.2,0.0,1.2,0.0,0.0,0.0,,
21.400000000000002,6.810842835611716,-0.14780722950667674,7.367256517172212,-0.004893415056761764,-0.011722756247544645,0.011053835202212986,25.680000000000035,0.0,277.34399999999926,0.0,1.2,0.0,1.2,0.0,0.0,0.0,,
21.5,6.782899646525897,-0.19408909504840482,7.36789642999018,0.016213414565989064,-0.0175179800384549,0.0178948964861183,25.800000000000036,0.0,279.9299999999992,0.0,1.2,0.0,1.2,0.0,0.0,0.0,,
21.6,6.524465580973163,0.24933675135485273,7.103559419251173,0.003673325472449528,-0.004935704364414911,-0.0003391620707978143,25.920000000000037,0.0,282.52799999999917,0.0,1.2,0.0,1.2,0.0,0.0,0.0,,
21.700000000000003,6.706543593452401,-0.2637489472418607,6.953110848706039,-0.010717350560819038,0.010690873349276082,0.003909845148122604,26.04000000000004,0.0,285.1379999999991,0.0,1.2,0.0,1.2,0.0,0.0,0.0,,
21.8,6.612321632759686,0.03133772085222411,7.368274699726039,0.0035634758782412284,-0.008398993224831921,0.010018738744430109,26.16000000000004,0.0,287.7599999999991,0.0,1.2,0.0,1.2,0.0,0.0,0.0,,
21.900000000000002,6.879306627941442,-0.22638014421302313,7.373684514909424,0.016806304431590816,-0.001152540473698233,0.009287536494546987,26.28000000000004,0.0,290.39399999999904,0.0,1.2,0.0,1.2,0.0,0.0,0.0,,
22.0,6.536987786586816,-0.1964918844442367,7.228367844194593,-0.01041034164268426,-0.00833264573678409,0.01234585160721604,26.40000000000004,0.0,293.039999999999,0.0,1.2,0.0,1.2,0.0,0.0,0.0,287.7236365076427,0.2959282557655684
22.1,6.5161150708710815,0.1642941019083546,7.353895167437832,0.01378739855408385,-0.011539874977710432,0.033653855062332504,26.520000000000042,0.0,295.69799999999896,0.0,1.2,0.0,1.2,0.0,0.0,0.0,,
22.200000000000003,6.543494267882035,0.08485446313550654,7.2507957864867,0.008001141977171,0.0006141959546903122,0.002541686513348765,26.640000000000043,0.0,298.3679999999989,0.0,1.2,0.0,1.2,0.0,0.0,0.0,,
22.3,6.6444428725722755,-0.03424416140570644,6.855919862471098,0.006436080564384955,0.00973346697805651,-0.009950920803052647,26.760000000000044,0.0,301.0499999999989,0.0,1.2,0.0,1.2,0.0,0.0,0.0,,
22.400000000000002,6.370484262138237,-0.3319485390701542,7.070082798551824,0.016696121642892036,-0.008422568396686808,0.013556092180179927,26.880000000000045,0.0,303.74399999999883,0.0,1.2,0.0,1.2,0.0,0.0,0.0,,
22.5,6.519025552221576,-0.07886011336629484,7.271069352781396,0.017912025325067943,0.0015596740289526127,0.010322094822645504,27.000000000000046,0.0,306.4499999999988,0.0,1.2,0.0,1.2,0.0,0.0,0.0,,
22.6,6.901754185999625,0.13901187141871793,7.371322116483416,0.01197660076351298,-0.0006988201406087298,0.010642353547426257,27.120000000000047,0.0,309.16799999999876,0.0,1.2,0.0,1.2,0.0,0.0,0.0,,
22.700000000000003,6.6958211798392355,0.24360245176207296,7.297052334322762,0.0019545814362512187,0.011184415398699288,0.0183526685268709,27.240000000000048,0.0,311.8979999999987,0.0,1.2,0.0,1.2,0.0,0.0,0.0,,
22.8,6.75491763215684,0.10878977076513788,7.2644854954872216,0.01080626063002797,0.010542059401284427,-0.0015989998552806963,27.36000000000005,0.0,314.6399999999987,0.0,1.2,0.0,1.2,0.0,0.0,0.0,,
22.900000000000002,6.689432649295775,-0.05634410855581514,7.3936430691283865,0.007328931634237621,-0.0032648817266401893,0.015273379506009207,27.48000000000005,0.0,317.39399999999864,0.0,1.2,0.0,1.2,0.0,0.0,0.0,,
23.0,6.40362070803878,-0.12557623214922423,7.228340068869989,-0.0015354421482134985,-0.004069350376607982,-0.004851272190887574,27.60000000000005,0.0,320.1599999999986,0.0,1.2,0.0,1.2,0.0,0.0,0.0,322.99113335921237,-6.184621047822638
23.1,6.663258705567171,-0.027026770188375453,7.450566350967105,-0.008011009708175715,0.0017509101584328363,0.01652875794505933,27.720000000000052,0.0,322.93799999999857,0.0,1.2,0.0,1.2,0.0,0.0,0.0,,
23.200000000000003,6.322193185761866,0.0057244921077163335,7.36814227783639,0.00496153753112296,0.0017051704559651085,0.007896162114928404,27.840000000000053,0.0,325.72799999999853,0.0,1.2,0.0,1.2,0.0,0.0,0.0,,
23.3,6.8207775000339,0.12418584589708645,7.064996339532387,0.013025086021224094,-0.014375217980185135,0.0032330206457631045,27.960000000000054,0.0,328.5299999999985,0.0,1.2,0.0,1.2,0.0,0.0,0.0,,
23.400000000000002,6.767566271289361,0.2463989396019135,7.287189802933366,0.019754150844770033,-0.009402230145484148,0.014104470319452295,28.080000000000055,0.0,331.34399999999846,0.0,1.2,0.0,1.2,0.0,0.0,0.0,,
23.5,6.915244840645242,0.10828083194775048,7.257993572282251,-0.013253932199374237,-0.01291425970470977,0.009450572789262729,28.200000000000056,0.0,334.1699999999984,0.0,1.2,0.0,1.2,0.0,0.0,0.0,,
23.6,6.704123755822724,0.08201013250702205,7.477505069564789,0.013195233912500872,0.0011448688519998663,-0.00931822710029133,28.320000000000057,0.0,337.0079999999984,0.0,1.2,0.0,1.2,0.0,0.0,0.0,,
23.700000000000003,6.72692204340264,0.14990181124535065,7.2519250228742544,0.017038045281201383,-0.005137459398595052,0.012750164862878527,28.440000000000058,0.0,339.85799999999836,0.0,1.2,0.0,1.2,0.0,0.0,0.0,,
23.8,6.579686416788059,0.24834101294746608,7.365582281079687,0.004011766205574558,0.01605867206630734,-0.00035174762145940165,28.56000000000006,0.0,342.7199999999983,0.0,1.2,0.0,1.2,0.0,0.0,0.0,,
23.900000000000002,6.663625253324584,-0.044095331213658294,7.171258664242228,0.006137219090236825,0.007638710262294534,0.0023968446339494324,28.68000000000006,0.0,345.5939999999983,0.0,1.2,0.0,1.2,0.0,0.0,0.0,,
24.0,6.742836665793261,-0.01312095782949791,7.516905030417032,-0.012678851784473352,-0.0007885563123948229,0.014570591121902208,28.80000000000006,0.0,348.47999999999826,0.0,1.2,0.0,1.2,0.0,0.0,0.0,348.2881630707349,0.6985333192266824
24.1,6.811653885656198,0.08578020799152716,7.069362555838702,-0.016139220233158263,0.009688300544383077,0.0250587058547143,28.920000000000062,0.0,351.3779999999982,0.0,1.2,0.0,1.2,0.0,0.0,0.0,,
24.200000000000003,6.752206672647895,0.17781647516496182,7.572417448916852,-0.0026199576460765716,0.011260145644983592,0.01209993901654672,29.040000000000063,0.0,354.2879999999982,0.0,1.2,0.0,1.2,0.0,0.0,0.0,,
24.3,6.6559128541159165,-0.02851112767356962,7.172887760464309,-0.002637166699063157,0.005018235496676558,0.009180947886795065,29.160000000000064,0.0,357.20999999999816,0.0,1.2,0.0,1.2,0.0,0.0,0.0,,
24.400000000000002,6.896708135297637,-0.023175214831997977,7.242626418097382,0.009906674926957584,-0.009760499623586117,0.011083954437612018,29.280000000000065,0.0,360.14399999999813,0.0,1.2,0.0,1.2,0.0,0.0,0.0,,
24.5,6.593960867378008,-0.028115726860244557,7.445603656200701,0.007536676422343143,0.016035868614521602,0.019235921158324162,29.400000000000066,0.0,363.0899999999981,0.0,1.2,0.0,1.2,0.0,0.0,0.0,,
24.6,6.422544978578318,-0.2360508890678751,7.276981600375875,0.004949335523947161,0.020528230553046298,-0.014453813669795371,29.520000000000067,0.0,366.04799999999807,0.0,1.2,0.0,1.2,0.0,0.0,0.0,,
24.700000000000003,6.675793006817374,0.2845059107443462,7.194690994328968,-0.005022675600122536,-0.0027101185039635533,0.0130671927773119,29.640000000000068,0.0,369.01799999999804,0.0,1.2,0.0,1.2,0.0,0.0,0.0,,
24.8,6.7476259541665184,0.337941265391971,7.388202210557568,0.005447677969530623,0.00505406881696844,-0.006681742359436888,29.76000000000007,0.0,371.999999999998,0.0,1.2,0.0,1.2,0.0,0.0,0.0,,
24.900000000000002,6.474144648583568,-0.11835819105117651,7.262855284792616,0.015768433395474443,0.005426782221588098,0.006026372756433775,29.88000000000007,0.0,374.993999999998,0.0,1.2,0.0,1.2,0.0,0.0,0.0,,
25.0,5.733609238953629,0.27873930392332624,8.006525543326763,-0.013734368199516326,-0.002094324284764246,-0.0020666336520334403,30.00000000000007,0.0,377.993999999998,0.0,0.0,0.0,0.0,0.0,0.0,0.0,377.1920270474837,-1.189013510813969
25.1,5.819491992073357,0.17408717042905134,7.532952261323501,0.004221553593380128,-0.01527639866622265,-0.0031727864491668447,30.00000000000007,0.0,380.993999999998,8.999662503797004e-05,0.0,0.017999325007594005,0.0,0.017999325007594005,0.0,0.0005999775002531321,,
25.200000000000003,5.836769409840444,-0.08844492317936103,8.227076209985857,-0.004994217491835579,-0.007811141362782027,0.020101684845388268,30.00000000000007,5.9997750025313214e-05,383.9939999838004,0.0004499628758969722,0.0,0.035994600242995396,-2.159595026344656e-06,0.035994600178209976,0.0,0.0011998200080998436,,
25.3,5.4793088015597196,0.25886764956941877,8.120522949535408,0.011140532153349491,-0.005466322612987078,0.019883809697043467,30.00000000000007,0.0001799797508352976,386.99399988663316,0.0012598110053422726,0.0,0.053981776845192536,-9.715626693791809e-06,0.0539817759708845,0.0,0.0017993925615064135,,
25.400000000000002,5.984249530726382,0.19483907859985805,7.892502853938021,-0.0003542870518578405,-0.02327103380689792,0.008926315557846513,30.00000000000007,0.00035991900698593895,389.9939995628275,0.0026993520185609877,0.0,0.07195680777533407,-2.5898622241217765e-05,0.07195680311463082,0.0,0.0023985602591777965,,
25.5,5.7144047857222136,-0.10071162097324349,7.758698229723057,0.0012182406495545124,-0.010416489245259534,0.02494187948025296,30.00000000000007,0.0005997750329037186,392.9939987535866,0.004948255172166633,0.0,0.08991564872729102,-5.392915794064657e-05,0.0899156325546093,0.0,0.0029971882909096935,,
25.6,5.345600009301976,0.04870977805767342,8.088448621604659,0.009476777250348964,0.007517673955142455,0.009021602129886766,30.00000000000007,0.000899493861994688,395.99399705488173,0.00818600747129412,0.0,0.10785425903761375,-9.701423091212291e-05,0.1078542154057582,0.0,0.00359514196792045,,
25.700000000000003,5.729094885885393,0.11238359709388654,8.131753228674055,0.012640136760410411,-0.0020241287885878027,-0.013417130621298396,30.00000000000007,0.0012590080587867331,398.9939938855119,0.012591873164410187,0.0,0.1257686025946598,-0.00015834364237722964,0.12576850291668573,0.0,0.004192286753155317,,
25.8,5.539186190800338,-0.09041678959876279,8.15248620655334,0.020929254817293883,0.019931490527076785,0.004834749482619986,30.00000000000007,0.0016782367341022647,401.9939884553631,0.018344853235591624,0.0,0.1436546487467037,-0.00024108639538212917,0.1436544464466338,0.0,0.004788488291556778,,
25.900000000000002,5.532922142363578,0.2668389589230549,7.900312912318669,-0.00802954605972423,0.00016487450963994542,0.00016575060706169702,30.00000000000007,0.0021570855632579424,404.9939797339031,0.025623644894178874,0.0,0.16150837320881872,-0.0003483871100186157,0.1615079974582703,0.0,0.005383612440293945,,
26.0,5.97861925556592,0.30382784985791794,7.965097052819456,0.008388469778236388,0.0018758389239349497,0.016499607798162178,30.00000000000007,0.002695446807287337,407.99396641894714,0.034606601061894844,0.0,0.17932575896831948,-0.00048336245916873926,0.1793251075290264,0.0,0.0059775252989439686,413.37462271953393,-7.135620524220899
26.1,5.686978729151942,0.4321857351750389,7.9827643830680906,0.005349696053751918,0.007736203000090332,0.008212995501596083,30.00000000000007,0.003293199337181734,410.9939469057309,0.045471689857728176,0.0,0.19710279718857787,-0.0006490976277951316,0.1971017283836731,0.0,0.006570093239619247,,
26.200000000000003,5.526249970400498,0.24412488586032913,7.744925552494805,-0.006651679214454718,0.003901956636895457,0.022236561796472893,30.00000000000007,0.003950208661143659,413.99391925632466,0.05839645408111573,0.0,0.21483548811098999,-0.0008486427987950024,0.2148338119507434,0.0,0.007161182937032983,,
26.3,5.80300729793052,0.3575755256901002,7.890540426039766,-0.008394542084327994,-0.008753026935011224,0.02948563612557045,30.00000000000007,0.004666326954846958,416.9938811694247,0.07355797069422049,0.0,0.232519841954907,-0.0010850096684310354,0.2325173104453824,0.0,0.007750661398496881,,
26.400000000000002,5.594198657848424,0.12991478917787633,7.898145525296054,-0.002635395853514009,-0.017535016340259908,0.013407322081208286,30.00000000000007,0.005441393094696646,419.9938299505561,0.09113281030438745,0.0,0.25015187981532044,-0.0013611679943467923,0.25014817648112025,0.0,0.008338395993843995,,
26.5,5.640823426037345,0.5821718088342157,7.899327105443507,0.0011052084591587933,0.011581445037145713,0.0029887281753101895,30.00000000000007,0.006275232694081045,422.993762482721,0.11129699664817119,0.0,0.2677276345580951,-0.001680042179167756,0.26772236321299187,0.0,0.008924254485269817,,
26.6,5.589673728856285,0.4261493646686935,7.748164767629751,-0.00424985381446208,0.004558120923081078,0.021915679405988417,30.00000000000007,0.0071676581426080264,425.9936751975266,0.13422596607866313,0.0,0.2852431517125625,-0.0020445078926818175,0.28523582451437035,0.0,0.009508105057085393,,
26.700000000000003,5.672751075286376,0.485642604121317,7.920168295209714,-0.0021397109790906995,0.009318877988001139,0.0318177974796878,30.00000000000007,0.008118468648316566,428.9935640468262,0.16009452705820396,0.0,0.30269449036125484,-0.0024573887355843634,0.30268451518976325,0.0,0.010089816345375138,,
26.8,5.598387155533835,0.3635200908154368,7.898283000294705,0.001544513425972914,-0.0067926311324251545,0.018920427788708456,30.00000000000007,0.00912745028285408,431.993424474906,0.1890768196589461,0.0,0.3200777240265982,-0.0029214529477636433,0.32006439122576746,0.0,0.010669257467553248,,
26.900000000000002,5.334025041254652,0.3599523715404799,8.216421433658981,0.002055591830821729,-0.0020213205100983143,0.002624214571954416,30.00000000000007,0.010194376029609403,434.99325139125136,0.22134627507413124,0.0,0.33738894155435395,-0.003439410164090981,0.337371410082257,0.0,0.011246298051811772,,
27.0,5.6822168648674225,0.20523338282727502,7.942190355394239,0.0024636198315751492,0.009821729285621526,-0.0025202009019308184,30.00000000000007,0.01131900583479058,437.99303914392243,0.2570755751433682,0.0,0.3546242479936083,-0.004013908220668035,0.35460153102578146,0.0,0.011820808266453582,437.15886632659436,-3.560438511866157
27.1,5.849366470783258,0.7808796524305636,8.27674329836015,0.010088503606771685,0.020015028932084004,0.029771114228472312,30.00000000000007,0.012501086661435939,440.9927814935736,0.29643661189563575,0.0,0.3717797654731246,-0.004647530014469534,0.3717507155070668,0.0,0.012392658849104123,,
27.200000000000003,5.560321093031556,0.2830875501078964,8.359593450975561,0.008194923362837633,-0.00721386744962882,0.03304052730434076,30.00000000000007,0.013740352546346351,443.9924715881449,0.3396004471141917,0.0,0.3888516340738434,-0.005342790419304047,0.3888149275843632,0.0,0.012961721135794748,,
27.3,5.644644571506985,0.22159925430798774,7.982025596382945,0.01374071689858838,-0.006811535885955031,0.005988958847101482,30.00000000000007,0.015036524659925825,446.99210193825775,0.3867372719280441,0.0,0.4058360126973506,-0.006102133260998273,0.4057901343943062,0.0,0.013527867089911653,,
27.400000000000002,5.5468831771995575,0.22295713655668273,7.700613647620906,-0.007590045504480841,-0.015833511024995424,0.0063418500872949365,30.00000000000007,0.01638931136891699,449.991664393344,0.43801636643512815,0.0,0.42272907993010933,-0.006927928354690723,0.4226723066718105,0.0,0.014090969331003612,,
27.5,5.925260456847852,0.5885881291762545,8.064865692947684,0.010011808366839658,-0.004632948837672873,0.01278991369211311,30.00000000000007,0.01779840830201735,452.9911501185377,0.49360605936283725,0.0,0.4395270349032581,-0.007822468607099292,0.4394574193203943,0.0,0.014650901163441903,,
27.6,5.755580647043296,0.587816627102211,7.850108621975963,0.007013735317455564,-0.005650048695610989,0.015479870784327079,30.00000000000007,0.01926349841836154,455.9905495723574,0.5536736877720717,0.0,0.45622609814779497,-0.008787967186603799,0.4561414520342222,0.0,0.015207536604926464,,
27.700000000000003,5.804048894269745,0.6739695325913901,7.973144266158059,0.023079327421339717,-0.009348523234754155,0.0050317838292892395,30.00000000000007,0.020784252078854187,458.9898524852079,0.6183855568114981,0.0,0.4728225124449381,-0.009826554763958134,0.47272038997298876,0.0,0.015760750414831232,,
27.8,5.778062230289137,0.30730831082912335,7.610612474312001,0.004135950627782301,-0.010233493325695156,0.022820143585029005,30.00000000000007,0.02236032712033731,461.98904783872786,0.6879068995292481,0.0,0.4893125436714855,-0.010940276826418514,0.48919022449065835,0.0,0.016310418122382812,,
27.900000000000002,5.704513998795074,0.5271215729598198,7.80726253773196,0.02279002004733604,-0.008171760445600923,0.023249573276177115,30.00000000000007,0.02399136893257559,464.9881238460092,0.7624018367498355,0.0,0.5056924816399793,-0.012131091068043099,0.505546953918921,0.0,0.016856416054665934,,
28.0,5.812175957228491,0.539618902180093,8.058228551623037,0.00642016611782343,-0.00880586564430756,0.02308544786046906,30.00000000000007,0.02567701053804218,467.98706793271447,0.8420333370246219,0.0,0.5219586409334774,-0.013400864858883896,0.5217865844060738,0.0,0.017398621364449206,468.5764052674484,6.426777399416615
28.1,5.376949772752518,0.7795134462185657,7.9529805157016495,0.004860802212321232,0.0074919867441998415,0.018495892552260508,30.00000000000007,0.0274168726744871,470.98586671911664,0.9269631766647234,0.0,0.5381073617347628,-0.014751372795755805,0.5379051308119188,0.0,0.017936912057825386,,
28.200000000000003,5.405807837934709,0.598350603905293,7.900706784069422,0.012644538240657598,0.010367081352094094,-0.0025971552587084022,30.00000000000007,0.029210563880269637,473.984506003085,1.0173518998658153,0.0,0.5541350106497812,-0.016184294337226676,0.5538986176590796,0.0,0.01847116702165933,,
28.3,5.6237786829678225,0.5589642056687965,7.935202463147605,0.021500076175649502,-0.01837722237225374,0.02180359219870267,30.00000000000007,0.03105768058243557,476.9829707440406,1.1133587789348598,0.0,0.5700379815251424,-0.01770121152543023,0.5697630801410272,0.0,0.019001266050838034,,
28.400000000000002,5.672448061759505,0.6784399122261172,8.103941424395227,0.018172269155782426,-0.0017567546573453716,0.048833496963120254,30.00000000000007,0.032957807187519374,479.98124504790275,1.2151417746293491,0.0,0.5858126962594908,-0.019303606797256515,0.5854945651869293,0.0,0.019527089875316313,,
28.5,5.5531455860443115,0.8862799209843089,7.792918446032325,0.012164539997940206,-0.0025940802590751415,0.016770571659593912,30.00000000000007,0.034910516175051004,482.9793121530485,1.3228574966202291,0.0,0.6014556056085588,-0.020992860887424872,0.6010891325832796,0.0,0.020048520186951913,,
28.6,5.575540261843587,0.575788115671853,7.875807385037324,-0.0018189506109680207,0.010418388938342878,0.01570314649959005,30.00000000000007,0.0369153681937462,485.9771544173046,1.436661164090232,0.0,0.6169631899837373,-0.022770250825891562,0.6165428561521374,0.0,0.02056543966612453,,
28.700000000000003,5.666481136104895,0.6604725383075348,7.814497363391407,0.013838806875209733,-0.0016765474836306618,0.016513081973402025,30.00000000000007,0.03897191216035865,488.9747533059916,1.5567065664799142,0.0,0.6323319602439635,-0.024636948031986197,0.6318518249856074,0.0,0.02107773200813207,,
28.8,5.894129538407022,0.7422474689926548,7.929496404687315,0.012488746804078426,-0.013823877580693492,0.047907233146204806,30.00000000000007,0.041079685361171854,491.97208938103915,1.6831460243942529,0.0,0.6475584584807648,-0.02659401650761144,0.6470121447360763,0.0,0.021585281949358773,,
28.900000000000002,5.547575651588779,0.8223230084550944,8.129985971225928,0.016513991700894536,0.0012911099803483387,0.04522251366277617,30.00000000000007,0.043238213556107734,494.9691422911879,1.8161303506832076,0.0,0.6626392587962749,-0.028642411131775188,0.6620199389615354,0.0,0.022087975293209113,,
29.0,5.7067104293148985,0.8330002501803777,8.010058825972726,0.014136032679422917,-0.019465353391643434,0.03280169736522251,30.00000000000007,0.045447011085428646,497.96589076329656,1.9558088117102013,0.0,0.6775709680740442,-0.030782976058655924,0.6768713505251714,0.0,0.022585698935801417,494.83098742829605,1.1099203760865244
29.1,5.556237943579863,0.4904332809028836,8.188996678139711,-0.004299905516288295,0.010429277413691025,0.02614776988095897,30.00000000000007,0.04770558097900879,500.9623125947675,2.1023290888230064,0.0,0.692350226742478,-0.0330164432213302,0.6915625430482578,0.0,0.02307834089141588,,
29.200000000000003,5.835049742169153,0.8108603613444306,8.110607136851419,0.012103008047546802,-0.007033194436047951,0.025127932402909635,30.00000000000007,0.05001341506815038,503.95838464710624,2.25583724004205,0.0,0.7069737095307255,-0.03534343094321367,0.706089702415208,0.0,0.023565790317690793,,
29.3,6.0274354421146406,0.8559358339889196,8.066624491610975,0.01856432739917173,0.0074276255411913975,0.010529271636679018,30.00000000000007,0.05236999409991946,506.95408284062694,2.4164776619816632,0.0,0.721438126216851,-0.03776444265918762,0.7204490383295142,0.0,0.024047937540561642,,
29.400000000000002,5.643619068865604,0.829129470577391,8.271516933433206,0.007703528892993164,0.0031322818599604143,0.0206864837629584,30.00000000000007,0.054774787853975625,509.9493821503171,2.584393052020294,0.0,0.7357402223681225,-0.040279865748297394,0.7346367859191326,0.0,0.02452467407893736,,
29.5,5.8199696463630115,0.7411501030268701,8.060402761619809,0.026424158026140808,0.003907077137581762,0.030923389454605113,30.00000000000007,0.057227255261869364,512.9442566028705,2.759724370736189,0.0,0.7498767800732414,-0.042889970479820565,0.7486492073897177,0.0,0.02499589266910799,,
29.6,5.6690566738703945,1.0858672873303847,7.870327765942456,0.02529518640713916,-0.0064338059541411185,0.02498060377039159,30.00000000000007,0.05972684452878016,515.9386792749,2.9426108046255184,0.0,0.7638446186663636,-0.045594909074410404,0.762482593723987,0.0,0.025461487288878724,,
29.700000000000003,5.963138288091112,0.9008779871594702,8.010606857595763,0.03260253988700003,-0.007928315075813512,0.015604808402124411,30.00000000000007,0.06227299325766803,518.9326222923372,3.133189729120348,0.0,0.7776405954427309,-0.048394714881921555,0.7761332664253109,0.0,0.0259213531814243,,
29.8,5.5637551209070315,0.7937464213080055,7.840349149617134,0.014540582028994069,-0.01139037802545847,0.010454955831668507,30.00000000000007,0.06486512857581046,521.9260568310269,3.331596671924314,0.0,0.7912616063657698,-0.051289301677425445,0.7895975793035213,0.0,0.02637538687885893,,
29.900000000000002,5.699231148253692,0.6460521998942944,8.228662679439172,0.029432285724574632,0.02292007064768469,0.033115187291313346,30.00000000000007,0.06750266726369636,524.9189531185227,3.537965276684239,0.0,0.8047045867654866,-0.05427846307681623,0.8028719203007608,0.0,0.02682348622551616,,
30.0,5.896164811987666,0.9025710502029651,8.120026911483674,0.010317937190359424,0.004944953309064793,0.04837286066557524,30.00000000000007,0.07018501588624798,527.9112804370883,3.752427267016315,0.0,0.817966512028003,-0.05736187207329896,0.8159527133550716,0.0,0.027265550400933366,529.3019607036111,2.9174277768109285
30.1,5.66665285645031,0.8187427897032817,7.874327700855277,0.028216984694719827,0.0016533957205133285,0.024488052504645055,30.00000000000007,0.07291157092634132,530.9030071279077,3.97511241090585,0.0,0.8310443982760837,-0.06053908069593903,0.8288364202992944,0.0,0.027701479942536057,,
30.200000000000003,5.790122046817264,1.0751670913389755,8.108411112495276,0.05153021231946278,0.003900221270014292,0.030813627802485092,30.00000000000007,0.07568171892059493,533.8941005965085,4.206148485499891,0.0,0.8439353030404946,-0.0638095197913336,0.8415195427927095,0.0,0.02813117676801642,,
30.3,5.528763063610908,0.8556917065941474,8.175582480481626,0.00230823142812496,0.005506967783432883,0.032514434709667965,30.00000000000007,0.07849483659739658,536.8845273193974,4.4456612423123385,0.0,0.8566363259220463,-0.0671724989293451,0.8539986242827382,0.0,0.028554544197401475,,
30.400000000000002,5.685811516944653,0.8385886311092943,7.96026083408505,0.020933148548488226,0.007168326415577254,0.038649766560345085,30.00000000000007,0.08135029101713673,539.8742528519101,4.693774372861481,0.0,0.8691446092441732,-0.07062720643371234,0.8662702519939008,0.0,0.028971486974805706,,
30.5,5.533597802019029,0.9940048881752046,7.771691985350889,0.0052467377764783205,-0.003360867539812202,0.03648715920243067,30.00000000000007,0.0842474397146173,542.8632418372711,4.950609474760067,0.0,0.8814573386958964,-0.07417270953822523,0.8783310589411092,0.0,0.029381911289863144,,
30.6,5.698239056806036,1.0512260285572415,7.598236739077429,0.03484639237226175,-0.007940968295312385,0.04669445217582822,30.00000000000007,0.08718563084360362,545.8514580168647,5.2162860182783115,0.0,0.8935717439650335,-0.07780795466901859,0.8901777259642791,0.0,0.029785724798834377,,
30.700000000000003,5.6550100287311675,1.0824983621016644,8.081357962400178,0.03816779172981616,-0.0040265737975564994,0.045589415608883625,30.00000000000007,0.09016420332348705,548.8388642417117,5.49092131340038,0.0,0.905485099361506,-0.08153176785340388,0.9018069837811277,0.0,0.030182836645383463,,
30.8,5.668259578619191,0.650178378504892,8.029512289501055,0.023064383105281576,4.8003685341073966e-05,0.041288616540194806,30.00000000000007,0.0931824869880254,551.825422485145,5.774630477395062,0.0,0.9171947244306085,-0.08534285525552011,0.9132156150549415,0.0,0.03057315748102021,,
30.900000000000002,5.655566244739977,1.2392674614694394,8.048251033669851,0.010303128355660888,-0.01111443590055162,0.03188470599517558,30.00000000000007,0.09623980273612742,554.8110938566809,6.0675264029214855,0.0,0.9286979845561004,-0.0892398038389437,0.9244004564740056,0.0,0.030956599485203275,,
31.0,5.617998057188502,1.06515168623964,8.009904107516471,0.036495987191014816,-0.0011966712507887902,0.042224119933399744,30.00000000000007,0.09933546268464775,557.7958386170762,6.369719726690766,0.0,0.9399922915529823,-0.09322108215625206,0.9353584008392954,0.0,0.031333076385099336,565.1878626410487,5.920490546018436
31.1,5.563844515480474,1.1804618323994784,7.890260854286978,0.01077930511073591,-0.002843081700441256,0.04277558470223988,30.00000000000007,0.10246877032315768,560.7796161945637,6.681318798704603,0.0,0.9510751042498278,-0.09728504126539014,0.9460863991569756,0.0,0.03170250347499418,,
31.200000000000003,5.730352720960625,1.0904893167564764,7.995389690148809,0.0021569222740843337,0.0002471921815899415,0.025629883247894395,30.00000000000007,0.1056390206706571,563.7623852022543,7.00242965209179,0.0,0.9619439290605352,-0.10142991577253858,0.9565814627321583,0.0,0.0320647976353511,,
31.3,5.8060455337753245,0.9628212312953381,7.894288500556827,0.020206396530093946,-0.004822940067516238,0.024462935925505434,30.00000000000007,0.10884550043419221,566.7441034566968,7.333155973563638,0.0,0.9725963205453739,-0.10565382500103217,0.966840665260337,0.0,0.03241987735151239,,
31.400000000000002,5.89388786386005,1.0911824181653436,7.982704872742755,0.006057974111138802,0.0018257363261414516,0.04739293398492949,30.00000000000007,0.11208748816934344,569.7247279975796,7.673599074509232,0.0,0.9830298819612004,-0.10995477428572327,0.9768611449128414,0.0,0.03276766273203994,,
31.5,5.659404078709007,1.0498968368811077,8.076841723007792,0.026629735635058417,-7.256341618170354e-05,0.05327056692349168,30.00000000000007,0.11536425444254743,572.7042151085626,8.023857862751342,0.0,0.9932422658007114,-0.11433065639202966,0.9866401064126161,0.0,0.0331080755266903,,
31.6,5.771542802727867,1.0274990816598044,7.934011026287917,0.01851374656123374,-0.00801147503076013,0.03698592571982264,30.00000000000007,0.11867506199521646,575.6825203392244,8.38402881498373,0.0,1.0032311743206273,-0.11877925305875206,0.9961748230966038,0.0,0.03344103914402083,,
31.700000000000003,5.6786089303627625,0.9280287015087486,7.950365039418005,0.028880375998342818,-0.009060394206342129,0.03876476232341197,30.00000000000007,0.12201916590961855,578.6595985281064,8.75420594991035,0.0,1.0129943600586704,-0.12329823666358587,1.0054626389609538,0.0,0.033766478668622264,,
31.8,5.596579535552427,1.16180405566539,8.03694584227245,0.029944337696680878,-0.00013843768829801569,0.05190120916227872,30.00000000000007,0.12539581377648076,581.6354038268378,9.134480802106829,0.0,1.022529626339238,-0.12788517201009802,1.0145009706852968,0.0,0.03408432087797452,,
31.900000000000002,5.58155579401627,0.9985376102441103,7.8525741185826625,0.029253176019407183,-0.011622510785900706,0.025581558001015952,30.00000000000007,0.12880424586427822,584.6098897253225,9.524942396624276,0.0,1.0318348277676441,-0.13253751823477714,1.0232873096322703,0.0,0.03439449425892139,,
32.0,5.812767016430744,1.0281418656776775,8.032195660702127,0.021662457258555076,0.012467168567563592,0.031808750590233664,30.00000000000007,0.13224369529017035,587.5830090779677,9.925677224355285,0.0,1.040907870712823,-0.1372526308326087,1.031819223818509,0.0,0.03469692902376068,588.0692855663373,7.2137821971636615
32.1,5.862093435528585,0.9792949029790712,7.817360500294821,0.010648213820315815,0.006758643824952909,0.044320959331199436,30.00000000000007,0.1357133881925464,590.5547141309324,10.336769218181605,0.0,1.0497467137783885,-0.14202776379946855,1.0400943598533012,0.0,0.0349915571259462,,
32.2,5.823955332078346,1.0470941599198083,7.8796907526230235,0.02302191492636374,-0.015609151444274477,0.04100832474529134,30.00000000000007,0.13921254390514104,593.524956550375,10.758299729922623,0.0,1.0583493682619396,-0.14686007188946862,1.0481104448411278,0.0,0.035278312275397905,,
32.300000000000004,5.72324511544932,1.0318602236523762,8.050452689226196,0.03132099707817028,-0.025326039757259392,0.024682071526572636,30.00000000000007,0.14274037513268084,596.4936874516749,11.190347508103438,0.0,1.06671389860251,-0.15174661298523204,1.0558652882443271,0.0,0.035557129953416915,,
32.4,5.577936947495313,1.1793463411318872,7.980550678276848,0.03159983902857621,-0.001432467704094122,0.03445906457732353,30.00000000000007,0.14629608812802253,599.4608574296046,11.632988676560814,0.0,1.0748384228160597,-0.15668435057891855,1.0633567837021483,0.0,0.035827947427201905,,
32.5,5.619397925110697,1.0626135221838333,8.10533079281513,0.03649402097282187,-0.015227958670345352,0.03352492413087105,30.00000000000007,0.14987888287074272,602.4264165894267,12.086296713904904,0.0,1.082721112918917,-0.1616701563616674,1.0705829108025087,0.0,0.03609070376396381,,
32.6,5.807432526338224,1.0955600072300526,8.270392247358162,0.018030415032990334,-0.014988438761778062,0.023884910064177263,30.00000000000007,0.1534879532471391,605.3903145788877,12.550342433854077,0.0,1.0903601953390625,-0.16670081291896813,1.0775417368027995,0.0,0.03634533984463533,,
32.7,5.697731823245399,0.9584493181573012,8.210019501125904,0.008882905124336864,-0.0014017272910671545,0.025253494561222032,30.00000000000007,0.15712248723160263,608.3525006210829,13.025193966459662,0.0,1.0977539513151797,-0.1717730165293251,1.0842314182961617,0.0,0.03659179837717257,,
32.800000000000004,5.704513270430451,1.2739371581862307,7.90768553365101,0.021821156609433588,0.012988240768295505,0.035304215297982236,30.00000000000007,0.1607816670693199,611.3129235481616,13.510916740236851,0.0,1.1049007172833658,-0.1768833800634263,1.0906502028196914,0.0,0.03683002390944544,,
32.9,5.8468543028391045,1.275034853412909,7.6607722545433745,0.013111516879626334,0.003973637582690606,0.03451523003477408,30.00000000000007,0.16446466946026445,614.2715318358453,14.0075734652174,0.0,1.1117988852514273,-0.18202843598088617,1.0967964304011337,0.0,0.03705996284171416,,
33.0,5.584328129518625,1.2247593402740589,8.185386200753156,0.0455847969077173,0.0009231344714168357,0.03666973644055495,30.00000000000007,0.16817066574443587,617.2282736387244,14.515224116939082,0.0,1.1184469031606743,-0.18720463942148882,1.1026685350406862,0.0,0.037281563438689054,615.8242349391802,21.796207665249
33.1,5.714389322109171,1.1764282725367996,8.123077654700406,0.03392839329667491,-0.0004909605371415648,0.04110026528666871,30.00000000000007,0.1718988220883048,620.1830968263066,15.033925921386238,0.0,1.1248432752351225,-0.19240837138771602,1.108265046124619,0.0,0.03749477584117066,,
33.2,5.63395020581761,1.034201562405183,7.818776302338218,0.015021557493912107,-0.016913381045304078,0.04375583717461883,30.00000000000007,0.17564829967242185,623.1359490197797,15.563733340894997,0.0,1.13098656231804,-0.19763594201521414,1.1135845897675383,0.0,0.03769955207726791,,
33.300000000000004,5.743242416294658,1.2052881752267615,8.142763626544232,0.0267156652526844,-0.0008867742540748202,0.032252517914863776,30.00000000000007,0.17941825488014865,626.0867776294593,16.10469806103603,0.0,1.1368753821957494,-0.2028835939277189,1.1186258900801929,0.0,0.037895846073191554,,
33.4,5.694719704226154,1.3433162268868815,8.025598353182321,0.011416256329427166,-0.004586363664579819,0.04872609933122379,30.00000000000007,0.1832078394874678,629.035529892885,16.656868978486937,0.0,1.1425084099086216,-0.20814750567283286,1.1233877703598631,0.0,0.038083613663620626,,
33.5,5.881147649640091,0.9120507734159006,7.811730355163426,0.03578121278289836,-0.003509628761580714,0.040126507141267295,30.00000000000007,0.18701620085382986,631.9821529135306,17.220292189905553,0.0,1.1478843780491856,-0.21342379523492705,1.1278691542004708,0.0,0.03826281260163943,,
33.6,5.586272488012072,0.8806948363793305,8.297565703557114,0.021347679238756852,-0.011280368653887487,0.03019838214294856,30.00000000000007,0.1908424821139938,634.9265937000929,17.795010981814617,0.0,1.15300207704729,-0.21870852362132331,1.1320690665196829,0.0,0.03843340256824291,,
33.7,5.8374703835474575,1.2585744931623508,7.943066188370187,0.026836004860166036,-0.013521649027202416,0.038326728944247636,30.00000000000007,0.19468582237081808,637.8687992063225,18.38106582150746,0.0,1.1578603554422495,-0.2239976985178003,1.1359866345004157,0.0,0.038595345181408225,,
33.800000000000004,5.637114818442178,0.9199876741132826,7.8823014946210455,0.024707186349017606,0.015122692617175564,0.05408886368841457,30.00000000000007,0.1985453568889589,640.8087163713597,18.97849434898339,0.0,1.1624581201419213,-0.2292872780093632,1.1396210884442892,0.0,0.03874860400473062,,
33.9,5.751875405718176,1.3608207776644448,7.9556126232376885,0.022169302752611652,0.01009986109634309,0.04126149237927988,30.00000000000007,0.20242021728943196,643.7462921605371,19.587331369920676,0.0,1.1667943366686442,-0.23457317436211456,1.1429717625347102,0.0,0.03889314455562138,,
34.0,5.745185941409515,1.1025155814725505,7.918910934578629,0.020864142645856194,-0.0061466245274390124,0.03835710654986516,30.00000000000007,0.2063095317449941,646.6814736066125,20.207608849693976,0.0,1.1708680293919937,-0.23985125786197314,1.1460380955074398,0.0,0.039028934313066366,643.8658938429605,17.06478090986865
34.1,5.908455490527634,1.271233707059745,8.10796440931402,0.03184005705841781,0.00017318633469341817,0.03619640960645058,30.00000000000007,0.21021242517630076,649.6142078513898,20.839355908442226,0.0,1.1746782817482924,-0.2451173607058968,1.1488196312266326,0.0,0.03915594272494299,,
34.2,5.72608027412484,1.1961218569675476,7.788840418299139,0.027831980480175444,0.004503540323891513,0.039137252446081974,30.00000000000007,0.21412801944879506,652.5444421876933,21.48259881719198,0.0,1.1782242364468345,-0.2503672809411905,1.1513160191645218,0.0,0.03927414121489439,,
34.300000000000004,5.777051665619056,1.3210812109839816,8.223428035125217,0.024888422426467636,0.014333249809219024,0.02883971093414652,30.00000000000007,0.2180554335702845,655.4721241016513,22.13736099504023,0.0,1.1815050956627724,-0.25559678644840056,1.153527014783073,0.0,0.03938350318875899,,
34.4,5.680212295895659,1.5250491488079059,7.964765202757008,0.006724131456223938,0.014401919539055858,0.042428233929023326,30.00000000000007,0.2219937838891604,658.3972013152516,22.80366300739974,0.0,1.1845201212166232,-0.2608016189632357,1.1554524798161103,0.0,0.039484004040554015,,
34.5,5.6655647826133855,1.146475019614963,7.864428598428969,0.022021200949538876,-0.0076725957967646394,0.04466730124566109,30.00000000000007,0.2259421842932158,661.3196218291272,23.481522565308964,0.0,1.1872686347403574,-0.26597749813289245,1.1570923824505972,0.0,0.03957562115801182,,
34.6,5.783404822891807,1.2739289953694954,7.931897448996273,0.010027403765570476,0.014906872155332243,0.036565290573538564,30.00000000000007,0.22989974640901698,664.2393339655322,24.170954525807467,0.0,1.1897500178300267,-0.27112012560211224,1.1584467974059247,0.0,0.03965833392766746,,
34.7,5.668849639109586,1.1413376144084888,8.07696929164045,0.05883668313411884,-0.0013027839307276278,0.03257363679981774,30.00000000000007,0.2338655798017837,667.1562864114657,24.87197089337695,0.0,1.1919637121849045,-0.2762251891242549,1.1595159059102584,0.0,0.03973212373949672,,
34.800000000000004,5.5815280892072225,1.0683951532319251,8.108644186001206,0.01891471697507096,-0.006346092290433656,0.026337812609648518,30.00000000000007,0.2378387921757334,670.0704282619033,25.58458082244673,0.0,1.1939092197331,-0.2812883666926333,1.1602999955731665,0.0,0.03979697399110324,,
34.9,5.632180157602566,1.1648283956195464,7.944488579287984,0.022781072887510124,-0.01569310939234656,0.035264784681344225,30.00000000000007,0.24181848957484373,672.9817090630952,26.30879062096161,0.0,1.1955861027436223,-0.28630533068732933,1.1607994601539502,0.0,0.03985287009145398,,
35.0,5.8006260382724015,1.319561709388266,8.16092079088662,0.01307988488248002,-0.005544361712033553,0.043060894472380144,30.00000000000007,0.24580377658398914,675.8900788558877,27.04460375500903,0.0,1.1969939839248682,-0.2912717520326888,1.161014799225288,0.0,0.03989979946416218,678.0056697884397,23.55072550757521
35.1,5.722308156592355,1.3326118862372005,8.140276925447026,0.02626757543408017,0.0052808081794349085,0.054825970994644924,30.00000000000007,0.24979375653040536,678.7954882190286,27.792020854501253,0.0,1.1981325465095116,-0.29618330436068036,1.1609466177319936,0.0,0.03993775155031696,,
35.2,5.854212792686974,1.2799223138130265,7.955072019750453,0.0141898537496576,-0.004603207001490291,0.02716159796411724,30.00000000000007,0.25378753168543705,681.6978883124125,28.551039719907337,0.0,1.199001534325774,-0.3010356681753001,1.1605956254448881,0.0,0.03996671781085904,,
35.300000000000004,5.8710780723051075,1.2181059035811255,7.897810055217936,0.016022961403510234,0.009938216049137756,0.04689826182545358,30.00000000000007,0.257784203466523,684.5972309202266,29.321655330028694,0.0,1.199600751855063,-0.3058245350132059,1.1599626363099758,0.0,0.03998669172850201,,
35.4,5.9042975036073075,1.2556436878339725,7.7481594670247524,0.03456116595930797,-0.0009328403534157241,0.050155875954489254,30.00000000000007,0.26178287263937317,687.4934684939543,30.103859850810778,0.0,1.1999300642759625,-0.31054561159577865,1.1590485676933127,0.0,0.03999766880919865,,
35.5,5.712830984954478,1.2828980085269648,8.113720794784557,0.03394324389884132,-0.019132793542537427,0.03125677816871189,30.00000000000007,0.265782639520293,690.3865541951949,30.89764264518262,0.0,1.1999893974945666,-0.3151946239678261,1.1578544395221506,0.0,0.039999646583152124,,
35.6,5.663834633943982,1.0639770265517292,8.063911804990681,0.02643138524904423,-0.00017733241981489245,0.03415330916888,30.00000000000007,0.2697826041786082,693.2764419382594,31.70299028391477,0.0,1.1997787381611518,-0.319767321618174,1.1563813733231372,0.0,0.03999262460537163,,
35.7,5.611251320924752,1.1745712191262179,8.022843777475778,0.035249393661068724,-0.006377813268687101,0.03338778644358123,30.00000000000007,0.2737818666391454,696.1630864324997,32.51988655748517,0.0,1.1992981336731794,-0.3242594815774239,1.1546305911585366,0.0,0.03997660445577255,,
35.800000000000004,5.812001358135743,1.0781399477583375,8.020656246208281,0.012816618271294438,0.018888588971676955,0.06160136239994679,30.00000000000007,0.27777952708472264,699.0464432243318,33.34831248894168,0.0,1.1985476921646316,-0.3286669124882025,1.1526034144616424,0.0,0.03995158973882096,,
35.9,6.013223167137634,1.2194392481092156,7.9819202131287454,0.03831697866083505,-0.0007835438997133001,0.03851437692139684,30.00000000000007,0.28177468605860473,701.9264687389128,34.18824634774855,0.0,1.197527582481682,-0.33298545864327717,1.1503012627727347,0.0,0.03991758608272264,,
36.0,5.795503414694152,1.2289930509036842,7.854070686724436,0.014182933587918856,-0.01113041106664898,0.048877824323598315,30.00000000000007,0.285766444666877,704.8031203214293,35.039663664603744,0.0,1.1962380341447056,-0.3372110039869732,1.1477256523771207,0.0,0.03987460113815676,708.8505678272338,36.73888319728068
36.1,5.46924458495905,1.2242417379901365,7.921940554329903,0.005913641369293999,-0.007180454848478839,0.03651793931539457,30.00000000000007,0.2897539047806927,707.6763562779605,35.90253724721242,0.0,1.1946793372966378,-0.34133947607539367,1.144878194846993,0.0,0.039822644576554496,,
36.2,5.822762602207392,1.343565656372679,8.115311679021495,0.01677891711999426,-0.010384675660211713,0.03356211238548093,30.00000000000007,0.2937361692383481,710.5461359158746,36.77683719700151,0.0,1.192851842637694,-0.34536684999101985,1.1417605954890115,0.0,0.03976172808792304,,
36.300000000000004,5.4377015819813055,1.1032931117133418,7.961046416258706,0.023452950951541197,0.007866560769384896,0.0245760857827639,30.00000000000007,0.2977123420471404,713.412419583721,37.66253092675893,0.0,1.1907559613464627,-0.34928915220734735,1.138374651699699,0.0,0.03969186537821533,,
36.4,5.81769729557124,1.3790114181079298,8.099428119565529,0.015517541560199195,0.0044991610877149315,0.04606226361114368,30.00000000000007,0.30168152858496194,716.2751687105787,38.559583179180365,0.0,1.1883921649873925,-0.3531024643993069,1.134722251230916,0.0,0.03961307216624632,,
36.5,5.6854279122744185,1.1144512389681263,7.946419305797654,0.02298283133616166,0.0031404217895283555,0.03781354957525066,30.00000000000007,0.3056428358015866,719.1343458448252,39.46795604630557,0.0,1.185760985404692,-0.35680292719530915,1.1308053703678476,0.0,0.039525366180156306,,
36.6,5.760636278833619,1.151735355046461,7.9507801828575575,0.015357728770196494,-0.01581843699424306,0.04562767257307347,30.00000000000007,0.3095953724196022,721.9899146922878,40.38760898982532,0.0,1.182863014602667,-0.3603867438668598,1.1266260720221024,0.0,0.03942876715342214,,
36.7,5.504143767397891,1.2457279876232004,7.988330381646459,0.04888343851778614,-0.0007412763667150302,0.02322477214006077,30.00000000000007,0.31353824913494444,724.8418401537392,41.31849886223922,0.0,1.1796989046125224,-0.3638501839517945,1.1221865037426846,0.0,0.03932329682041732,,
36.800000000000004,5.8950054724473295,1.0358037944866259,7.874291510439475,0.021121741023331066,0.022187602288991908,0.02831216919968377,30.00000000000007,0.31747057881698615,727.6900883617059,42.260579928843896,0.0,1.1762693673456572,-0.36718958680730285,1.117488895647753,0.0,0.039208978911521815,,
36.9,5.809387863962071,1.0273117453737612,7.856982945340437,0.03444554585155721,0.023402109029169664,0.0330040276024417,30.00000000000007,0.32139147670813834,730.5346267165502,43.21380389053033,0.0,1.1725751744334887,-0.37040136508902594,1.1125355582802343,0.0,0.039085839147782866,,
37.0,5.806518938408579,1.2973431630017869,8.14866829115436,0.025842038612003067,0.003160527359362112,0.034634930760447116,30.00000000000007,0.3253000606229166,733.3754239217941,44.1781199073682,0.0,1.168617157053837,-0.3734820081526418,1.1073288803904928,0.0,0.03895390523512781,733.1551756160875,41.18774498248694
37.1,5.692744142585769,1.2235439519335791,7.94901528352695,0.008827163906366755,-0.0226216366485255,0.01683105550137187,30.00000000000007,0.3291954511464294,736.2124500186509,45.15347462295465,0.0,1.1643962057439146,-0.37642808537448186,1.101871326649408,0.0,0.038813206858130396,,
37.2,5.525286034870568,1.3226887960469706,7.665803396929808,0.024623627847765853,-0.0025608444777950163,0.026244995933523946,30.00000000000007,0.33307677183224244,739.0456764197321,46.13981218950393,0.0,1.1599132701999597,-0.3792362493878574,1.0961654352953278,0.0,0.0386637756733319,,
37.300000000000004,5.543106848854001,1.1625056790648731,8.011282650374593,0.016285720612002317,-0.0035433592429513477,0.03238795230541858,30.00000000000007,0.33694314939957565,741.8750759418979,47.13707429365405,0.0,1.1551693590635572,-0.3819032392319157,1.0902138157184946,0.0,0.03850564530211848,,
37.4,5.707284463658377,0.8702970770249279,7.8638099059852,0.017766057074315486,-0.002583774748227015,0.04726148570601358,30.00000000000007,0.3407937139297875,744.7006228382206,48.14520018296575,0.0,1.1501655396947,-0.38442588340999145,1.0840191459866602,0.0,0.03833885132315657,,
37.5,5.711703509243785,1.4600746823228294,8.048512043687754,0.01461009213200105,0.005517165256052461,0.04842020256929268,30.00000000000007,0.34462759906210316,747.5222928290306,49.16412669308854,0.0,1.1449029379316353,-0.386801102854564,1.0775841703157034,0.0,0.03816343126438775,,
37.6,5.58659947545375,1.2748254705551125,8.025570146482758,0.021902857477103962,0.005604841296526264,0.05081455043783245,30.00000000000007,0.3484439421885419,750.3400631320168,50.19378827556827,0.0,1.1393827378375592,-0.38902591379608753,1.0709116964891787,0.0,0.03797942459458522,,
37.7,5.483149743095961,1.1101045714983502,8.004601980246385,0.023946555524996253,-0.0081620653028601,0.044146223470700456,30.00000000000007,0.35224188464800044,753.1539124913531,51.23411702626994,0.0,1.1336061814342047,-0.3910974305331118,1.0640045932307984,0.0,0.037786872714473396,,
37.800000000000004,6.020962974812962,1.3380219278367216,7.908486967006051,0.008246298702064801,-0.0016964182989914435,0.040528467999115546,30.00000000000007,0.3560205719194478,755.9638212058243,52.28504271438923,0.0,1.1275745684223923,-0.39301286810127073,1.0568657875339507,0.0,0.03758581894741299,,
37.9,5.66066831512611,1.3580632371155825,7.857697089981584,0.030282983115017304,0.00852186831185067,0.03680664353259573,30.00000000000007,0.3597791538141891,758.7697711559244,53.34649281202561,0.0,1.121289255889605,-0.3947695448388785,1.0494982619524287,0.0,0.037376308529653415,,
38.0,5.743609384315756,1.2186700287110703,7.670155478134831,0.02324661347399702,-0.012571838237682478,0.041580613876226566,30.00000000000007,0.3635167846671545,761.5717458299052,54.41839252428987,0.0,1.114751658004646,-0.396364884847029,1.041905051856602,0.0,0.037158388600154774,761.5873725525346,51.99177904042231
38.1,5.72342665997978,1.1821492170952366,8.214549692862047,0.027102792309761918,-0.0014923632346230049,0.034472650573082034,30.00000000000007,0.36723262352716995,764.3697303487472,55.50066481991823,0.0,1.1079632456994588,-0.3977964203422659,1.0340892426593358,0.0,0.036932108189981876,,
38.2,5.6305798459740615,1.051286707470504,7.840089727767676,0.023412150760159893,-0.009107942795002473,0.049844447125266235,30.00000000000007,0.37092583434616816,767.1637114900349,56.59323046236515,0.0,1.1009255463381742,-0.3990617939000483,1.0260539670160058,0.0,0.03669751821127239,,
38.300000000000004,5.699084495704561,1.2052421502592543,8.128712671220883,0.028727019917739717,-0.0003404882968546088,0.02042339745370696,30.00000000000007,0.3745955861672954,769.9536777107111,57.69600804134676,0.0,1.0936401433734586,-0.4001587605874061,1.0178024020029968,0.0,0.036454671445781864,,
38.400000000000006,5.484553159445423,1.3094643116813967,7.96831759714135,0.01849129032812137,0.019677057983056603,0.03711291332219723,30.00000000000007,0.3782410533118736,772.739619168692,58.80891400480644,0.0,1.0861086759902434,-0.40108518998334625,1.0093377662791096,0.0,0.036203622533008024,,
38.5,5.6791136457262805,1.2735897164111507,7.931838786911562,0.018025380028600345,0.006244243335064315,0.03724130564672682,30.00000000000007,0.3818614155651744,775.5215277433226,59.9318626912742,0.0,1.0783328387369175,-0.4018390680857355,1.0006633172343267,0.0,0.035944427957897165,,
38.6,5.65610573895814,1.3160242249123248,8.146940038004509,0.015081857605928617,-0.010772652416744756,0.05154075143297762,30.00000000000007,0.38545585836096413,778.2993970546543,61.06476636259121,0.0,1.070314381144058,-0.4024184991035503,0.9917823481303919,0.0,0.03567714603813518,,
38.7,5.732374040486405,1.29869258035849,7.967452328902511,0.031157202817514273,-0.0017449828573485946,0.03576275053548354,30.00000000000007,0.38902357296477763,781.0732224815287,62.20753523697092,0.0,1.0620551073307962,-0.40282170713355314,0.9826981852376848,0.0,0.035401836911026455,,
38.800000000000004,5.753734983844729,1.3540119814403497,7.9121477548586645,0.0289647208112823,-0.0015008666292833522,0.024010206982521043,30.00000000000007,0.3925637566558803,783.8430011784507,63.3600775223682,0.0,1.0535568755988958,-0.40304703772061456,0.9734141849728433,0.0,0.035118562519963106,,
38.900000000000006,5.717101783392575,0.8236854676392538,8.070312194622218,0.02929458706005255,-0.002965956737234391,0.02860551976580618,30.00000000000007,0.3960756129078766,786.6087320912364,64.52229945012779,0.0,1.0448215980146456,-0.40309295930106653,0.9639337310416035,0.0,0.034827386600488106,,
39.0,5.5119421710620475,1.1993622902086807,7.908439199757593,0.020954824170723505,0.01194482558700809,0.04016464550757144,30.00000000000007,0.3995583515679254,789.3704159714226,65.69410530888382,0.0,1.035851239978651,-0.4029580645286308,0.9542602315912828,0.0,0.03452837466595495,794.0772327152328,64.20151958743959
39.1,5.9627482029002,0.969910415056806,7.8078089233270855,0.011698566457902832,-0.011907296504014698,0.03302313846923799,30.00000000000007,0.4030111890345209,792.1280553894245,66.8753974786818,0.0,1.026647819783625,-0.40264107148262546,0.9443971163773183,0.0,0.03422159399278742,,
39.2,5.683082914776628,0.8472341239089921,7.9388689364857346,0.022374859497524116,-0.01056704068697143,0.02444970539397607,30.00000000000007,0.40643334843379963,794.8816547464326,68.06607646529518,0.0,1.0172134081602857,-0.4021408247583138,0.9343478339482396,0.0,0.03390711360534278,,
39.300000000000004,5.652754448435803,0.7086280605593349,7.9720915269898285,0.03026280501749974,-0.0015328620724154108,0.024956208936164546,30.00000000000007,0.4098240597943339,797.6312202850364,69.26604093470824,0.0,1.0075501278114474,-0.40145629643940367,0.92411584885339,0.0,0.0335850042603815,,
39.400000000000006,5.663262904221661,1.1435833253315189,7.927794765983015,0.015114742398114486,0.005582720344658972,0.033578054770139865,30.00000000000007,0.41318256022037203,800.3767600985676,70.47518774773796,0.0,0.9976601529344218,-0.40058658695286464,0.9137046388776785,0.0,0.033255338431147315,,
39.5,5.557961825668693,0.7898474097184995,8.036510954038604,0.021139237739181336,0.005654107222730443,0.03557501542199719,30.00000000000007,0.41650809406348677,803.1182841391541,71.69341199476713,0.0,0.9875457087318337,-0.3995309258063754,0.9031176923075752,0.0,0.03291819029106104,,
39.6,5.348070020013347,1.0874605025502655,7.868382681207488,0.025677609263748957,0.00736977476239412,0.03273611536838358,30.00000000000007,0.41979991309259285,805.8558042244795,72.920607030562,0.0,0.9772090709109574,-0.39828867220885233,0.8923585052324912,0.0,0.03257363569703184,,
39.7,5.965013781675588,0.6350609734244121,8.033439747751547,0.005848389156845962,-0.005337746813164067,0.021278936688635855,30.00000000000007,0.42305727666229603,808.5893340432416,74.15666450914766,0.0,0.9666525651716957,-0.39685931557466037,0.8814305788856157,0.0,0.03222175217238978,,
39.800000000000004,5.51895537139486,0.9589007009341218,7.9785209892004225,0.0387748816468622,-0.006046773647405648,0.025133348455404346,30.00000000000007,0.42627945187953503,811.3188891593071,75.40147441871488,0.0,0.9558785666833058,-0.3952424759122288,0.8703374170281905,0.0,0.03186261888944345,,
39.900000000000006,5.540428067813373,0.7176658058345415,7.699215442481712,0.035264461230050045,0.005719557496101655,0.02023904286658884,30.00000000000007,0.42946571376847936,814.0444870145571,76.65492511653281,0.0,0.9448894995499943,-0.39343790409793694,0.8590825233811135,0.0,0.031496316651666405,,
40.0,5.617033288734136,1.069169037474615,7.970370811472545,0.013700095358592942,-0.007911795541032676,0.030639443098044603,30.00000000000007,0.432615345433646,816.7661469304251,77.91690336384214,0.0,0.9336878362655077,-0.3914454820362587,0.8476693991076748,0.0,0.031122927875516848,811.5265732276289,70.60724602152379
40.1,5.569531614173416,1.1003506435788841,8.305442115048628,0.03447794176728536,-0.005186809083863152,0.04479875085120012,30.00000000000007,0.4357276382211977,819.4838901081226,79.18729436070421,0.0,0.9222760971568266,-0.38926522270726865,0.836101540351104,0.0,0.030742536571894147,,
40.2,5.628507586854089,1.1779934233671006,8.048378418024676,0.0008059454935127608,-0.0037414402060968925,0.037731810419450805,30.00000000000007,0.43880189187838714,822.1977396275569,80.4659817807817,0.0,0.9106568498171083,-0.3868972701027434,0.8243824358305216,0.0,0.03035522832723687,,
40.300000000000004,5.957557208453524,0.8974015328918649,7.967112567228489,0.008492765333536748,-0.01712710610952228,0.035404766524067904,30.00000000000007,0.4418374147111108,824.907720444938,81.75284780602755,0.0,0.8988327085279859,-0.3843418990521871,0.8125155644987447,0.0,0.029961090284266127,,
40.400000000000006,5.792396643777895,1.0133678916963036,7.928570162531434,0.021287584727550497,0.0011901971569225783,0.02006657084789435,30.00000000000007,0.44483352373953744,827.6138593890824,83.04777316125922,0.0,0.8868063336713664,-0.38159951494022815,0.8005043932652921,0.0,0.02956021112237881,,
40.5,5.687363948450578,1.1162640163296733,8.087091266110905,0.008202993698802489,0.01044349766211001,0.015589961188432616,30.00000000000007,0.4477895448517753,830.3161851564121,84.35063714859605,0.0,0.8745804311308584,-0.37867065331693045,0.7883523747878021,0.0,0.02915268103769521,,
40.6,5.9136343452641364,0.825858616661473,7.833426920405585,0.01577711682819377,-0.0006393514133582446,0.039671277293462946,30.00000000000007,0.4507048129555448,833.0147283046574,85.6613176817383,0.0,0.8621577516829532,-0.37555597940265195,0.7760629453349256,0.0,0.028738591722765036,,
40.7,5.693830683064678,0.763334416518608,7.675037216438781,0.019283582410091486,9.227216082835115e-05,0.0413151462279786,30.00000000000007,0.4535786721278213,835.7095212452675,86.97969132006698,0.0,0.8495410903781203,-0.3722562874891875,0.763639522723656,0.0,0.028318036345937277,,
40.800000000000004,5.874387474139447,0.7712058852698283,8.332334963384978,0.02210893543626305,0.003874019206994689,0.01493702750923688,30.00000000000007,0.45641047576241506,838.4005982345354,88.30563330254475,0.0,0.8367332859119269,-0.36877250023899566,0.751085504333861,0.0,0.027891109530397497,,
40.900000000000006,5.869321419940213,0.9884836150017301,7.747624591253313,0.0058962486383233766,-0.029617986897913492,0.031788384082868715,30.00000000000007,0.4591995867154548,841.0879953634468,89.63901758139845,0.0,0.8237372199863454,-0.36510566788440574,0.7384042652026834,0.0,0.027457907332878114,,
41.0,5.617006993197136,1.092865823843576,8.0097109245774,0.0051650673626046015,0.0003556789034851916,0.03941157469825893,30.00000000000007,0.4619453774487426,843.7717505462583,90.97971685556502,0.0,0.8105558166613831,-0.3612569673287621,0.7255991562012923,0.0,0.02701852722204604,842.9671017952746,89.56671817972833
41.1,5.7555371383850735,0.7864380203290268,8.2095212986117,0.017567965156809633,0.0016567678186487453,0.023464220036746915,30.00000000000007,0.46464723017094717,846.4519035078184,92.3276026038833,0.0,0.7971920416971779,-0.3572277011515302,0.7126735022963238,0.0,0.026573068056572537,,
41.2,5.778208995255766,0.876931788662741,8.14615665256721,0.02531481629173726,0.007710666983179067,0.031093535885663076,30.00000000000007,0.4673045369766044,849.1284957696391,93.68254511801504,0.0,0.7836489018867197,-0.3530192965194559,0.6996306008981954,0.0,0.026121630062890592,,
41.300000000000004,5.8742036330573315,0.8428273261441523,7.81259782290368,0.01799359396013143,-0.010970953066887125,0.03074025182946699,30.00000000000007,0.4699166999828935,851.8015706347312,95.04441353507923,0.0,0.7699294443793304,-0.3486333040059116,0.6864737202982982,0.0,0.025664314812644286,,
41.400000000000006,5.74759944600648,0.6875051195156094,7.981808244839467,0.015649618862392016,-0.0018252306769226915,0.034844473517776114,30.00000000000007,0.47248313146415793,854.4711731712148,96.41307586998506,0.0,0.7560367559950717,-0.34407139632062217,0.6732060981969258,0.0,0.025201225199835663,,
41.5,5.7635149403824135,0.9017541235079727,7.66613295666062,0.0014384505572739518,-0.005519394282036575,0.008152731077386864,30.00000000000007,0.4750032539841415,857.1373501947193,97.78839904744953,0.0,0.741973962530221,-0.3393353669520001,0.6598309403236174,0.0,0.024732465417673974,,
41.6,5.882076944379469,0.5847438966713803,7.85035760094245,0.0032286252945414318,-0.0061946872344930395,0.036604194550069635,30.00000000000007,0.4774765005259089,859.8001502495861,99.17024893368648,0.0,0.7277442280539794,-0.3344271287243579,0.6463514191514274,0.0,0.02425814093513259,,
41.7,5.8425085594346235,0.6509961674230396,7.92833318419186,0.012369891621530972,0.013565651411025342,0.025528043107413714,30.00000000000007,0.4799023146194222,862.4596235888898,100.55849036775533,0.0,0.7133507541965735,-0.32934871227229934,0.6327706727064699,0.0,0.02377835847321906,,
41.800000000000004,5.742742746172685,0.7224141819588272,7.943085507011101,0.00305289540453332,0.0030315943066898782,0.02517667759718746,30.00000000000007,0.4822801504667441,865.1158221532933,101.95298719255814,0.0,0.6987967794288995,-0.32410226443461054,0.6190918034738949,0.0,0.023293225980963263,,
41.900000000000006,5.620658318677186,1.0268255641784065,7.981599326057594,0.022958173459213072,0.0042224479120327235,0.02639561975768461,30.00000000000007,0.4846094730648404,867.7687995487531,103.35360228547499,0.0,0.6840855783338807,-0.3186900465699993,0.605317877401297,0.0,0.022802852611129302,,
42.0,5.802710615669688,0.6785060824069848,8.107860367224195,0.019093857668709833,0.01868574480874814,0.030405020707066646,30.00000000000007,0.4868897583259534,870.4186110230937,104.76019758862857,0.0,0.669220460869702,-0.31311443279704254,0.5914519230003761,0.0,0.02230734869565668,873.137964038224,111.19835139082
42.1,5.625723255164345,0.6711815373361547,7.798228109378793,0.015891141595922784,-0.0060803206218095415,0.027169516555477877,30.00000000000007,0.48912049319551903,873.065313441467,106.17263413876962,0.0,0.6542047716250795,-0.3073779081607104,0.5774969305474864,0.0,0.02180682572083593,,
42.2,5.459801813859335,0.771558848319582,7.913706997900179,0.025896614954821658,0.008599909092093454,0.025956795069453947,30.00000000000007,0.4913011757676026,875.7089652607169,107.5907720967764,0.0,0.6390418890667464,-0.3014830667278473,0.5634558513835562,0.0,0.02130139630222483,,
42.300000000000004,5.735269324975108,0.5895237688311777,8.16184548108607,0.00465533188227629,0.0029632594919767083,0.007341778441507369,30.00000000000007,0.4934313153978251,878.3496265026693,109.01447077676161,0.0,0.6237352247793116,-0.29543260961398005,0.5493315973136554,0.0,0.02079117415931034,,
42.400000000000006,5.713526236647427,0.722398395111734,7.9201522008274985,0.0012199048411317016,-0.007652894090372049,0.026623314618488714,30.00000000000007,0.4955104328137561,880.9873587263648,110.44358867478194,0.0,0.6082882226976646,-0.2892293429438263,0.5351270401063342,0.0,0.020276274089922105,,
42.5,5.685684776566081,0.5524391086470912,7.90947655278683,0.010407226782687058,-0.00040464259672888005,0.029046855929661768,30.00000000000007,0.4975380602227483,883.6222249992594,111.87798349714578,0.0,0.5927043583321084,-0.2828761757478693,0.5208450110926829,0.0,0.01975681194440357,,
42.6,5.638964962310547,0.8891962022435999,7.9358139247087465,0.02298475252512566,0.00038117147505044324,0.0028967359620994046,30.00000000000007,0.4995137414171887,886.2542898674097,113.31751218831624,0.0,0.5769871379863794,-0.2763761177973419,0.5064883008648698,0.0,0.019232904599545932,,
42.7,5.6528324337977365,0.6183052979228711,7.96239190628675,0.01657545515906632,-0.003345958642925964,0.00963868263956676,30.00000000000007,0.5014370318771433,888.8836193246689,114.76203095840694,0.0,0.5611400979687494,-0.26973227737996247,0.49205965907377197,0.0,0.0187046699322916,,
42.800000000000004,5.446355119219621,0.5237077377480834,8.043771494983666,-0.002567131030741873,0.0024883147283937183,0.012051203871156995,30.00000000000007,0.5033074988703724,891.5102807809135,116.2113953102695,0.0,0.5451668037963685,-0.2629478590187242,0.4775617943251086,0.0,0.018172226793212242,,
42.900000000000006,5.66753201725542,0.402617114197357,8.062120892970215,0.025565734457676105,-0.009082366563607624,0.022208656815055957,30.00000000000007,0.5051247215496937,894.1343430293251,117.66546006617274,0.0,0.5290708493930383,-0.25602616113603355,0.4629973741733497,0.0,0.017635694979767903,,
43.0,5.249744469062547,0.6048056933033519,8.196978744794388,0.002444920478049154,0.00756337085204998,0.029573476717192383,30.00000000000007,0.5068882910476704,896.7558762127508,119.12407939407385,0.0,0.5128558562805974,-0.24897057366545722,0.44836902521248934,0.0,0.017095195209353205,895.9555461360139,115.34628297148774
43.1,5.862191632994032,0.6191442225216944,7.942189831710735,0.011894046300844204,0.017533978039537216,0.02394922794192036,30.00000000000007,0.5085978105686058,899.3749517891656,120.58710683348366,0.0,0.49652547276408593,-0.2417845756133023,0.4336793332626013,0.0,0.01655084909213616,,
43.2,5.643666964894385,0.700182092033378,7.816237800412505,-0.0029744342663144355,-0.005746049795151565,0.004880681079747661,30.00000000000007,0.5102528954778194,901.9916424962636,122.05439532092852,0.0,0.4800833731109041,-0.23447173257224133,0.4189308436509717,0.0,0.016002779103696765,,
43.300000000000004,5.87990775578869,0.5136058752403365,8.142658040897778,0.024139894758361216,0.006104659660698408,0.019397816110731287,30.00000000000007,0.511853173388189,904.6060223152003,123.52579721501223,0.0,0.4635332567241089,-0.22703569418912545,0.4041260615863824,0.0,0.015451108557470259,,
43.400000000000006,5.66956663739919,0.3824595145828563,7.962344180595199,0.00641168031934153,0.007081864583163998,0.0032602542100967895,30.00000000000007,0.5133982842439361,907.2181664335144,125.00116432108278,0.0,0.44687884731006694,-0.21948019158912466,0.389267452625024,0.0,0.014895961577002195,,
43.5,5.643139568374306,0.4908414808508366,7.838180534913863,0.01484745415950699,0.018384671473888087,0.007614128531567593,30.00000000000007,0.5148878804016362,909.8281512072524,126.48034791550907,0.0,0.4301238920406373,-0.21180903475827267,0.3743574432263297,0.0,0.014337463068021208,,
43.6,5.723506284578758,0.3936951758194052,7.616985303272934,0.006358891824359048,4.2878071821806096e-05,0.022407082466517986,30.00000000000007,0.5163216267084384,912.4360541223252,127.96319876957406,0.0,0.413272160710069,-0.2040261098864586,0.3593984213968779,0.0,0.0137757386903356,,
43.7,5.83830746979584,0.4170464088570206,7.903890788811041,0.008727202160758242,0.016765934917833986,0.03508361903289829,30.00000000000007,0.517699200577472,915.0419537551217,129.44956717299144,0.0,0.3963274448868198,-0.19613537667287223,0.34439273742038423,0.0,0.01321091482956063,,
43.800000000000004,5.687961933302245,0.5181224567429318,8.21632151979298,-0.004064500747866062,-0.0057251668515886965,0.031233105459388823,30.00000000000007,0.5190202920604281,917.6459297324061,130.93930295705383,0.0,0.37929355706046447,-0.1881408655958491,0.3293427046716299,0.0,0.012643118568682119,,
43.900000000000006,6.014677071296224,0.36612907608985423,8.045765933281533,0.005750449419798319,0.004343083962703215,0.02018987531035326,30.00000000000007,0.5202846039172964,920.2480626905289,132.43225551742125,0.0,0.3621743297839037,-0.18004667514903547,0.31425060051207143,0.0,0.012072477659463428,,
44.0,5.883589961775073,0.39606365277540223,7.937799174481878,0.008751166248786343,-0.002063840030141201,0.019805391229652084,30.00000000000007,0.5214918516832427,922.8484342339765,133.9282738365596,0.0,0.3449736148110541,-0.17185696904573217,0.2991186672647158,0.0,0.011499120493701775,919.7126231619012,134.49281310303752
44.1,5.545152886834071,0.6960842266236693,8.121594297196223,0.01951029103372961,-0.0019930796287468276,0.029236197130308318,30.00000000000007,0.522641763732613,925.44712689329,135.42720650583954,0.0,0.3276952822302175,-0.16357597339324026,0.2839491132657326,0.0,0.010923176074340558,,
44.2,5.762827550750767,0.4943308251055332,7.903617823940445,0.003882164509779859,0.01015519012055255,0.030576161951051027,30.00000000000007,0.523734081340047,928.0442240823799,136.92890174730658,0.0,0.3103432195933332,-0.15520797383898569,0.26874411399015347,0.0,0.010344773986444416,,
44.300000000000004,5.8782635717423215,0.4307562005213743,7.831925163299373,0.009118138985228372,0.0022462661453702556,0.014056206331115614,30.00000000000007,0.5247685587386914,930.6398100552653,138.43320743513485,0.0,0.29292133104129103,-0.14675731269014203,0.2535058132488671,0.0,0.00976404436804301,,
44.400000000000006,5.612600798267364,0.4189988267676099,7.872336964421004,0.00879660443314257,-0.004582794288434634,0.0076118421628052525,30.00000000000007,0.5257449631754957,933.2339698622696,139.93997111677643,0.0,0.2754335364255172,-0.13822838600844248,0.23823632445403398,0.0,0.009181117880850551,,
44.5,5.60567200860832,0.36640448165205913,7.735824528754189,-0.00767815661167355,-0.012057059491842255,0.02462949919686874,30.00000000000007,0.5266630749635808,935.8267893056968,141.44904003381984,0.0,0.25788377042602517,-0.12962564068181476,0.22293773194991448,0.0,0.008596125680867485,,
44.6,5.8929373188447665,0.24562985392120307,7.748641145133869,0.009933501956101501,-0.008504530526373127,0.0076435906733616716,30.00000000000007,0.5275226875316675,938.4183548950226,142.96026114257137,0.0,0.24027598166612518,-0.12095357147443188,0.20761209240600514,0.0,0.00800919938887082,,
44.7,6.125176316483722,0.22660318707327404,7.863196386831155,-0.005070248108422622,0.003806176627390178,0.01839887509166583,30.00000000000007,0.5283236074705546,941.0087538016269,144.47348113437369,0.0,0.22261413182400658,-0.11221671805673684,0.19226143626929193,0.0,0.007420471060800201,,
44.800000000000004,6.043440230593157,0.35003443764481446,7.842904383269385,0.0009593759511378765,-0.00988049486337198,0.03179552202025527,30.00000000000007,0.5290656545766347,943.5980738130985,145.98854645567684,0.0,0.20490219474137433,-0.10341966201694179,0.17688776927230898,0.0,0.006830073158045795,,
44.900000000000006,5.924836001469091,0.14846668737952495,7.8114379845851545,0.007763039063519285,0.007998477902352428,0.007007785056620028,30.00000000000007,0.5297486618924393,946.186403287143,147.50530332787687,0.0,0.18714415552935,-0.09456702385547681,0.1614930739936274,0.0,0.006238138517644985,,
45.0,5.344048230378143,0.2553516119102262,8.00040771580899,-0.0035172061618053245,0.009595733557850044,0.0025818286664626216,30.00000000000007,0.5303724757442038,948.7721028756421,149.02160273367898,-0.5,0.0,-0.43130935587974467,-0.2529273404173613,0.0,0.0,948.0192749339649,147.66460980336186
45.1,5.4314601409253065,0.2574459680644948,8.388956228444384,0.002680691067642352,0.011658985985510413,0.0013126146930767437,29.95000000000007,0.5303724757442038,951.3534893705823,150.5353728660769,-0.5,0.0,-0.43130935587974467,-0.2529273404173613,0.0,0.0,,
45.2,5.363579670007196,-0.031563623296159395,8.303344614536057,0.013867069814941718,-0.014114880946544554,-0.005619366421442155,29.90000000000007,0.5303724757442038,953.9305627719639,152.04661372507064,-0.5,0.0,-0.43130935587974467,-0.2529273404173613,0.0,0.0,,
45.300000000000004,5.2996207325836995,0.37905310154413785,8.2699484181822,-0.008286358074144289,-0.0008152393959949342,0.008851710686812182,29.85000000000007,0.5303724757442038,956.5033230797866,153.5553253106602,-0.5,0.0,-0.43130935587974467,-0.2529273404173613,0.0,0.0,,
45.400000000000006,5.300639676743843,0.29881483582393575,8.49466916728234,-0.011803637489342562,0.00288862126185841,9.29100143972246e-05,29.800000000000068,0.5303724757442038,959.0717702940505,155.0615076228456,-0.5,0.0,-0.43130935587974467,-0.2529273404173613,0.0,0.0,,
45.5,5.303926928762363,-0.04187177872641542,8.512180515327051,0.011811352427085971,-0.011602629501615485,-0.014155322660790542,29.750000000000068,0.5303724757442038,961.6359044147556,156.56516066162683,-0.5,0.0,-0.43130935587974467,-0.2529273404173613,0.0,0.0,,
45.6,5.274056271831447,-0.14306181243946256,8.329651344171664,-0.004842865106392727,-0.009287944363234301,0.008530150745274493,29.700000000000067,0.5303724757442038,964.1957254419019,158.0662844270039,-0.5,0.0,-0.43130935587974467,-0.2529273404173613,0.0,0.0,,
45.7,5.577767734917569,-0.23733135448391493,8.57176057744889,0.0003611344443960082,0.0029560019689726497,0.01635854576336561,29.650000000000066,0.5303724757442038,966.7512333754894,159.56487891897677,-0.5,0.0,-0.43130935587974467,-0.2529273404173613,0.0,0.0,,
45.800000000000004,5.20393086796659,-0.03262818442911849,8.146605574449037,0.006110602845429584,-0.00961139137246464,0.014183729019995438,29.600000000000065,0.5303724757442038,969.3024282155181,161.06094413754548,-0.5,0.0,-0.43130935587974467,-0.2529273404173613,0.0,0.0,,
45.900000000000006,5.271143166859692,0.05140643322505464,8.287298385691265,0.01025949731074202,-0.014675741348737484,0.0021048676104173745,29.550000000000065,0.5303724757442038,971.8493099619881,162.55448008271,-0.5,0.0,-0.43130935587974467,-0.2529273404173613,0.0,0.0,,
46.0,5.336323067682908,-0.08764734461944473,8.057519991842806,-0.0016999905223599489,0.005081741399924423,0.017687668564358577,29.500000000000064,0.5303724757442038,974.3918786148992,164.04548675447037,-0.5,0.0,-0.43130935587974467,-0.2529273404173613,0.0,0.0,967.5424149019165,166.39424919984398
46.1,5.124982543662817,-0.04546360662303462,8.15798001466511,0.008203100858636615,-0.008185782094263398,0.0031764219296848313,29.450000000000063,0.5303724757442038,976.9301341742515,165.53396415282657,-0.5,0.0,-0.43130935587974467,-0.2529273404173613,0.0,0.0,,
46.2,5.1936658503132636,0.17387981180846226,8.382461064112398,0.013642379395992273,-0.0061727031009774815,0.015602872918800692,29.400000000000063,0.5303724757442038,979.464076640045,167.0199122777786,-0.5,0.0,-0.43130935587974467,-0.2529273404173613,0.0,0.0,,
46.300000000000004,5.167223666663859,0.14596495779297344,7.947409258893014,0.016787816113958166,-0.01018667458457169,0.0053760042889147265,29.350000000000062,0.5303724757442038,981.9937060122797,168.50333112932643,-0.5,0.0,-0.43130935587974467,-0.2529273404173613,0.0,0.0,,
46.400000000000006,5.358372557050898,0.03347016850810186,8.337775817435004,-0.0033156174946515856,-0.02351499657032553,0.004029522581460831,29.30000000000006,0.5303724757442038,984.5190222909557,169.9842207074701,-0.5,0.0,-0.43130935587974467,-0.2529273404173613,0.0,0.0,,
46.5,5.455833377254495,-0.19963052683749813,8.215748101625358,0.003780558298465948,-0.002088661986775525,0.015278064285943988,29.25000000000006,0.5303724757442038,987.0400254760729,171.46258101220957,-0.5,0.0,-0.43130935587974467,-0.2529273404173613,0.0,0.0,,
46.6,5.365392348597737,-0.278480822288562,8.010812295495391,0.006187329888565252,0.0036069908979035514,0.030269226813125417,29.20000000000006,0.5303724757442038,989.5567155676312,172.9384120435449,-0.5,0.0,-0.43130935587974467,-0.2529273404173613,0.0,0.0,,
46.7,5.3229883859268226,0.10008175267959556,8.048414784732916,-0.007598719166084137,0.007435388679151854,0.011894620334446633,29.15000000000006,0.5303724757442038,992.0690925656307,174.41171380147605,-0.5,0.0,-0.43130935587974467,-0.2529273404173613,0.0,0.0,,
46.800000000000004,5.58613033072591,-0.04752299018794993,8.321405157897864,-0.004166361340037187,-0.00234041738469905,0.008424744144316425,29.10000000000006,0.5303724757442038,994.5771564700715,175.88248628600303,-0.5,0.0,-0.43130935587974467,-0.2529273404173613,0.0,0.0,,
46.900000000000006,5.459517633173721,-0.13642716894787574,8.349445395840199,0.002978343571096261,-0.01114242049630237,0.015715918582691783,29.050000000000058,0.5303724757442038,997.0809072809534,177.35072949712583,-0.5,0.0,-0.43130935587974467,-0.2529273404173613,0.0,0.0,,
47.0,5.518175811630503,-0.07897662912184145,8.166378879216108,-0.003933188967710011,-0.010628252187551339,0.012729839951737286,29.000000000000057,0.5303724757442038,999.5803449982766,178.81644343484444,-0.5,0.0,-0.43130935587974467,-0.2529273404173613,0.0,0.0,998.7794811578583,182.36017840892586
47.1,5.081251167635974,0.05649397534258467,8.287981406049687,-0.01817249191000508,0.0011732782666994026,0.006082027343364106,28.950000000000056,0.5303724757442038,1002.0754696220409,180.27962809915888,-0.5,0.0,-0.43130935587974467,-0.2529273404173613,0.0,0.0,,
47.2,5.181963816862735,0.17479661487524797,8.355934679586646,0.015099547279951485,0.005484790775607941,0.019954263085250532,28.900000000000055,0.5303724757442038,1004.5662811522465,181.74028349006917,-0.5,0.0,-0.43130935587974467,-0.2529273404173613,0.0,0.0,,
47.300000000000004,5.3127737583382775,0.05624187680043105,8.351381638432988,0.003808130083860051,0.02151467711443167,0.006602752826596831,28.850000000000055,0.5303724757442038,1007.0527795888933,183.1984096075753,-0.5,0.0,-0.43130935587974467,-0.2529273404173613,0.0,0.0,,
47.400000000000006,5.651092899367354,-0.19542443383576508,8.273354659901898,0.002629376407813587,-0.008668865552920372,0.003981316935693542,28.800000000000054,0.5303724757442038,1009.5349649319812,184.65400645167722,-0.5,0.0,-0.43130935587974467,-0.2529273404173613,0.0,0.0,,
47.5,5.159659593309339,-0.09472561913894997,8.17133822139339,-0.01422968121127573,0.0248513619031311,0.0037647333362736783,28.750000000000053,0.5303724757442038,1012.0128371815103,186.10707402237497,-0.5,0.0,-0.43130935587974467,-0.2529273404173613,0.0,0.0,,
47.6,5.270134928484171,-0.12428120418390368,7.89713316971225,0.0012668466145801043,0.0021524097442107634,-0.010659972205927338,28.700000000000053,0.5303724757442038,1014.4863963374808,187.55761231966855,-0.5,0.0,-0.43130935587974467,-0.2529273404173613,0.0,0.0,,
47.7,5.443748718055752,-0.11060219824954615,8.36793489183155,6.181792441823655e-05,-0.00398084706899576,0.004522831300062133,28.650000000000052,0.5303724757442038,1016.9556423998923,189.00562134355795,-0.5,0.0,-0.43130935587974467,-0.2529273404173613,0.0,0.0,,
47.800000000000004,5.325716994539189,-0.24927778061448927,8.197762652487562,0.002022304411569801,0.0049427265004555075,-0.0013966810877821091,28.60000000000005,0.5303724757442038,1019.4205753687451,190.4511010940432,-0.5,0.0,-0.43130935587974467,-0.2529273404173613,0.0,0.0,,
47.900000000000006,5.437656968653561,-0.24941913584615097,8.373275206182544,-0.0029492204179289534,0.004320177956455357,0.019584857008740783,28.55000000000005,0.5303724757442038,1021.8811952440391,191.89405157112427,-0.5,0.0,-0.43130935587974467,-0.2529273404173613,0.0,0.0,,
48.0,5.190244222477585,0.075020761411072,8.157236667696827,0.008525136773757509,-0.0001700859677495481,0.010236139485919105,28.50000000000005,0.5303724757442038,1024.3375020257743,193.33447277480116,-0.5,0.0,-0.43130935587974467,-0.2529273404173613,0.0,0.0,1019.886395437188,196.26038988279555
48.1,5.478971504961727,0.16605502184135057,8.379464775061226,-0.0017884662072131469,0.008089574068482383,-0.006363139783702951,28.45000000000005,0.5303724757442038,1026.7894957139506,194.77236470507387,-0.5,0.0,-0.43130935587974467,-0.2529273404173613,0.0,0.0,,
48.2,5.230724263071228,-0.10208973413404282,8.089777821412076,-0.0039337446386989985,0.017505425938464804,-0.004160105538758772,28.40000000000005,0.5303724757442038,1029.2371763085682,196.2077273619424,-0.5,0.0,-0.43130935587974467,-0.2529273404173613,0.0,0.0,,
48.300000000000004,5.21430306025468,0.14954804946059452,8.58180575574184,-0.011924844638079087,-0.001243262441164804,0.014570237662481122,28.350000000000048,0.5303724757442038,1031.6805438096271,197.64056074540676,-0.5,0.0,-0.43130935587974467,-0.2529273404173613,0.0,0.0,,
48.400000000000006,5.060299214639664,0.07055407322209223,8.24558711610575,-0.0031230695629065786,-0.0074404431747001325,0.015160459926939325,28.300000000000047,0.5303724757442038,1034.119598217127,199.07086485546697,-0.5,0.0,-0.43130935587974467,-0.2529273404173613,0.0,0.0,,
48.5,5.302009106753038,-0.16947963370915248,8.179378223067761,-0.0014635161330597845,0.006653419303427944,-0.00043135544416619473,28.250000000000046,0.5303724757442038,1036.5543395310683,200.498639692123,-0.5,0.0,-0.43130935587974467,-0.2529273404173613,0.0,0.0,,
48.6,5.304468384126452,-0.34314444569510805,8.390265096755508,-0.006809384639577297,0.00099014164452714,-0.00041571940936163416,28.200000000000045,0.5303724757442038,1038.9847677514508,201.92388525537484,-0.5,0.0,-0.43130935587974467,-0.2529273404173613,0.0,0.0,,
48.7,5.377833140728859,0.14019290687162028,8.293650320540934,0.003805003235260649,-0.006351573591054284,0.003243442390521466,28.150000000000045,0.5303724757442038,1041.4108828782744,203.3466015452225,-0.5,0.0,-0.43130935587974467,-0.2529273404173613,0.0,0.0,,
48.800000000000004,5.184078305103399,0.12145697445339038,8.123954425924323,-0.010223459435206236,0.014115737270484999,0.0006644398042636801,28.100000000000044,0.5303724757442038,1043.8326849115392,204.766788561666,-0.5,0.0,-0.43130935587974467,-0.2529273404173613,0.0,0.0,,
48.900000000000006,5.156334286067778,-0.10894070652490723,8.24446079632066,0.001061751463610645,-0.003082744849140175,0.009743260084947096,28.050000000000043,0.5303724757442038,1046.2501738512453,206.18444630470532,-0.5,0.0,-0.43130935587974467,-0.2529273404173613,0.0,0.0,,
49.0,5.478419097853562,0.06510708074230567,8.074498324873591,0.0011370577212128374,0.002543163131070134,0.009162055833058548,28.000000000000043,0.5303724757442038,1048.6633496973925,207.59957477434048,-0.5,0.0,-0.43130935587974467,-0.2529273404173613,0.0,0.0,1050.930445627826,201.51872368594724
49.1,5.21431605336102,-0.04949734233197423,8.24724730036225,0.004719996985552739,-0.003962499961106124,0.009902931769123114,27.950000000000042,0.5303724757442038,1051.072212449981,209.01217397057147,-0.5,0.0,-0.43130935587974467,-0.2529273404173613,0.0,0.0,,
49.2,5.295345682535558,0.3159547284555248,8.080106828059291,0.0068043858964431025,-0.010358120556647478,0.010661039196572915,27.90000000000004,0.5303724757442038,1053.4767621090107,210.42224389339827,-0.5,0.0,-0.43130935587974467,-0.2529273404173613,0.0,0.0,,
49.300000000000004,5.487193849840458,-0.1730624920672379,8.441717430940189,0.00325232143729492,-0.01967786852775586,-0.0006788283161655046,27.85000000000004,0.5303724757442038,1055.8769986744815,211.8297845428209,-0.5,0.0,-0.43130935587974467,-0.2529273404173613,0.0,0.0,,
49.400000000000006,5.118871457731403,-0.22137098623310794,8.204204580002978,0.016253212044353857,0.006288700627781564,-0.008805428489306263,27.80000000000004,0.5303724757442038,1058.2729221463935,213.23479591883935,-0.5,0.0,-0.43130935587974467,-0.2529273404173613,0.0,0.0,,
49.5,5.166097323340691,-0.028068808819583922,8.424787138783735,0.008294703295364783,0.0027005771914453435,-0.0004083906662439669,27.75000000000004,0.5303724757442038,1060.6645325247468,214.63727802145362,-0.5,0.0,-0.43130935587974467,-0.2529273404173613,0.0,0.0,,
49.6,5.212999017224046,-0.19826406227336266,8.298806893596693,-0.00046587452405187825,0.010771532077457145,-5.495167446259962e-05,27.70000000000004,0.5303724757442038,1063.0518298095412,216.03723085066375,-0.5,0.0,-0.43130935587974467,-0.2529273404173613,0.0,0.0,,
49.7,5.481602838148719,-0.052166916814898844,8.168166582842623,0.0026141922761976195,0.008538155666469063,0.014220142383669608,27.650000000000038,0.5303724757442038,1065.434814000777,217.4346544064697,-0.5,0.0,-0.43130935587974467,-0.2529273404173613,0.0,0.0,,
49.800000000000004,5.481249412752719,-0.33499324840251643,8.32681471188804,0.0030001681534661396,0.029977591455924494,0.004708492531528819,27.600000000000037,0.5303724757442038,1067.8134850984538,218.82954868887145,-0.5,0.0,-0.43130935587974467,-0.2529273404173613,0.0,0.0,,
49.900000000000006,5.49843091566954,0.3815971317669916,8.185355619916677,-0.0016428141451936935,0.012628763899294671,0.0083008403997121,27.550000000000036,0.5303724757442038,1070.1878431025718,220.22191369786904,-0.5,0.0,-0.43130935587974467,-0.2529273404173613,0.0,0.0,,
50.0,5.611353658446737,0.07344960326676128,8.197693355562592,-0.0064817109086552725,0.0055468633887162866,0.01749402529768948,27.500000000000036,0.5303724757442038,1072.557888013131,221.61174943346245,-0.5,0.0,-0.43130935587974467,-0.2529273404173613,0.0,0.0,1075.058631155012,213.83493400589353
50.1,5.416580228949653,0.013439771438342116,8.484374779739943,-0.007669661226973813,0.0006696507737328606,0.02023696651297388,27.450000000000035,0.5303724757442038,1074.9236198301317,222.99905589565168,-0.5,0.0,-0.43130935587974467,-0.2529273404173613,0.0,0.0,,
50.2,5.387921463904911,0.09654554167092833,8.347921926049972,-0.018091852914185955,-0.0007118990426492909,-0.018451143497247996,27.400000000000034,0.5303724757442038,1077.2850385535733,224.38383308443676,-0.5,0.0,-0.43130935587974467,-0.2529273404173613,0.0,0.0,,
50.300000000000004,5.262329625591204,0.14455559386831157,8.490437305633305,0.018679097708773244,-0.00455906150328763,-0.0031156786084145056,27.350000000000033,0.5303724757442038,1079.6421441834561,225.76608099981766,-0.5,0.0,-0.43130935587974467,-0.2529273404173613,0.0,0.0,,
50.400000000000006,5.263637406868603,-0.009198905462776075,8.388029899334088,0.013882563108074572,0.0005205400838855659,0.013289188242729299,27.300000000000033,0.5303724757442038,1081.9949367197803,227.14579964179438,-0.5,0.0,-0.43130935587974467,-0.2529273404173613,0.0,0.0,,
50.5,4.990517432255837,0.014885061088574462,8.230589973097043,-0.01783485030154583,0.011552688364670185,-0.0030879312500265666,27.250000000000032,0.5303724757442038,1084.3434161625455,228.52298901036693,-0.5,0.0,-0.43130935587974467,-0.2529273404173613,0.0,0.0,,
50.6,5.221553651811492,0.1121757434015942,8.231757503250465,-0.00329008344834672,0.016899998165343343,-0.0038185417248802955,27.20000000000003,0.5303724757442038,1086.687582511752,229.8976491055353,-0.5,0.0,-0.43130935587974467,-0.2529273404173613,0.0,0.0,,
50.7,5.249159693310567,-0.09722034626904433,8.391784701001725,-0.013833990568054226,0.008969414927653963,0.0038060827744737296,27.15000000000003,0.5303724757442038,1089.0274357673998,231.26977992729948,-0.5,0.0,-0.43130935587974467,-0.2529273404173613,0.0,0.0,,
50.800000000000004,5.326883578927806,0.14557186498462707,8.242307196870792,-0.0044989822075600285,0.014475605877438305,0.009170990300128721,27.10000000000003,0.5303724757442038,1091.3629759294886,232.63938147565952,-0.5,0.0,-0.43130935587974467,-0.2529273404173613,0.0,0.0,,
50.900000000000006,5.022675088042044,0.20530824852937582,8.122175043195682,-0.004135397615289619,-0.005631312524672667,0.017928990899489912,27.05000000000003,0.5303724757442038,1093.6942029980187,234.00645375061538,-0.5,0.0,-0.43130935587974467,-0.2529273404173613,0.0,0.0,,
51.0,5.262444044141129,0.15654133844904608,8.148255575759046,-0.0017478431899619108,-0.005204185435267781,0.012008536367825822,27.00000000000003,0.5303724757442038,1096.02111697299,235.37099675216706,-0.5,0.0,-0.43130935587974467,-0.2529273404173613,0.0,0.0,1084.5117478906989,231.33948174339483
51.1,5.543083234949072,-0.08145554841678884,8.594776920609114,-0.0023914556729018824,-0.018369350719341246,0.02002165918413547,26.950000000000028,0.5303724757442038,1098.3437178544025,236.73301048031456,-0.5,0.0,-0.43130935587974467,-0.2529273404173613,0.0,0.0,,
51.2,5.321913349095604,-0.07228557792922366,8.565361935202828,0.002862121881489973,0.005823150110743814,-0.011549862865636397,26.900000000000027,0.5303724757442038,1100.6620056422562,238.09249493505789,-0.5,0.0,-0.43130935587974467,-0.2529273404173613,0.0,0.0,,
51.300000000000004,5.447710853350431,0.37191918594042017,8.001305377498376,-0.011545770050306181,-0.0037255946395542733,0.01734578437368723,26.850000000000026,0.5303724757442038,1102.9759803365512,239.44945011639703,-0.5,0.0,-0.43130935587974467,-0.2529273404173613,0.0,0.0,,
51.400000000000006,5.257288294527467,0.014021463853057907,8.331619406256607,-0.02140903668382457,0.0007945301622898014,0.014611853293329053,26.800000000000026,0.5303724757442038,1105.2856419372872,240.80387602433203,-0.5,0.0,-0.43130935587974467,-0.2529273404173613,0.0,0.0,,
51.5,5.503137144326226,0.12139317631897487,8.128835862677107,-0.0008720323692124663,-0.0008163228091632861,0.014790213040888796,26.750000000000025,0.5303724757442038,1107.5909904444645,242.15577265886284,-0.5,0.0,-0.43130935587974467,-0.2529273404173613,0.0,0.0,,
51.6,5.262678187347221,-0.07379096100623822,8.171131540209645,-0.011289322917765202,-0.004882544823841773,0.0036846842405443324,26.700000000000024,0.5303724757442038,1109.892025858083,243.50514001998948,-0.5,0.0,-0.43130935587974467,-0.2529273404173613,0.0,0.0,,
51.7,5.513692498709428,0.24262535225350856,8.270720185891623,0.004037252176765213,0.005895007313751432,0.013634349863368825,26.650000000000023,0.5303724757442038,1112.1887481781425,244.85197810771194,-0.5,0.0,-0.43130935587974467,-0.2529273404173613,0.0,0.0,,
51.800000000000004,5.16225819230715,0.09646986789982576,8.194192231679049,-0.01296405700737458,-0.011174816892960628,0.01869850938589796,26.600000000000023,0.5303724757442038,1114.4811574046435,246.19628692203023,-0.5,0.0,-0.43130935587974467,-0.2529273404173613,0.0,0.0,,
51.900000000000006,5.41939762445824,-0.2520416160002243,7.989327335665736,-0.01216963353418455,-0.009568600231141772,0.0004445433167111516,26.550000000000022,0.5303724757442038,1116.7692535375854,247.53806646294433,-0.5,0.0,-0.43130935587974467,-0.2529273404173613,0.0,0.0,,
52.0,5.49271285970153,0.019067779778162725,8.328821564048742,-0.0031898940274552555,-0.002843591145023381,0.006854841788919182,26.50000000000002,0.5303724757442038,1119.0530365769687,248.87731673045428,-0.5,0.0,-0.43130935587974467,-0.2529273404173613,0.0,0.0,1112.5189633491334,253.94679700692353
52.1,5.3992018489641165,-0.02207307684189328,8.33099943640533,0.025513805147033934,0.010498545557330619,0.0024042766729723787,26.45000000000002,0.5303724757442038,1121.3325065227932,250.21403772456006,-0.5,0.0,-0.43130935587974467,-0.2529273404173613,0.0,0.0,,
52.2,5.429921667770285,0.167973446186612,8.273890467363398,0.012540446405870691,-0.0037474610795774,0.008586777239022745,26.40000000000002,0.5303724757442038,1123.6076633750588,251.54822944526165,-0.5,0.0,-0.43130935587974467,-0.2529273404173613,0.0,0.0,,
52.300000000000004,5.150267919424714,0.10738219837611998,8.402339315559402,-0.003984319146819679,-0.016675326023466608,0.006859803329868068,26.35000000000002,0.5303724757442038,1125.8785071337657,252.87989189255907,-0.5,0.0,-0.43130935587974467,-0.2529273404173613,0.0,0.0,,
52.400000000000006,5.3066149850653375,0.00010897875287575742,8.373613209742665,-0.013146810777522909,0.010868902020979745,0.014116494059697126,26.30000000000002,0.5303724757442038,1128.1450377989138,254.2090250664523,-0.5,0.0,-0.43130935587974467,-0.2529273404173613,0.0,0.0,,
52.5,5.431488899105357,0.176052414203868,8.159819054504496,-0.0021013299075712424,0.0210040135537818,-0.001856245552418906,26.250000000000018,0.5303724757442038,1130.407255370503,255.53562896694137,-0.5,0.0,-0.43130935587974467,-0.2529273404173613,0.0,0.0,,
52.6,5.32081755411694,0.04907268722654633,8.17908777085062,0.008208024909357476,0.01770764460765174,-1.651817532686596e-05,26.200000000000017,0.5303724757442038,1132.6651598485334,256.85970359402626,-0.5,0.0,-0.43130935587974467,-0.2529273404173613,0.0,0.0,,
52.7,5.149293184436476,0.2529887045391715,8.457533602471855,-0.0007471948739036445,0.011769620042540807,0.00615375696623637,26.150000000000016,0.5303724757442038,1134.9187512330052,258.18124894770693,-0.5,0.0,-0.43130935587974467,-0.2529273404173613,0.0,0.0,,
52.800000000000004,5.285374421546736,0.023671019497645475,8.354619590310312,-0.01675505439087805,-0.00102782948871823,-0.0011330599837825472,26.100000000000016,0.5303724757442038,1137.168029523918,259.50026502798346,-0.5,0.0,-0.43130935587974467,-0.2529273404173613,0.0,0.0,,
52.900000000000006,5.424812816652644,0.15214635859518627,8.235158621330989,0.0032101161768711434,0.020480368504691242,-0.0018901776338033438,26.050000000000015,0.5303724757442038,1139.412994721272,260.81675183485584,-0.5,0.0,-0.43130935587974467,-0.2529273404173613,0.0,0.0,,
53.0,5.477810961702698,-0.010662479264896413,8.07694543709376,-0.0018286788325761957,0.0010283859499401137,0.012171835145097624,26.000000000000014,0.5303724757442038,1141.6536468250674,262.130709368324,-0.5,0.0,-0.43130935587974467,-0.2529273404173613,0.0,0.0,1146.1398847765092,268.5052886314683
53.1,5.031798617008397,-0.20485111534227404,8.357442299418002,-0.021930240796784115,-0.004461603771367302,0.008868017443198392,25.950000000000014,0.5303724757442038,1143.8899858353038,263.442137628388,-0.5,0.0,-0.43130935587974467,-0.2529273404173613,0.0,0.0,,
53.2,5.182367862516483,-0.08117490999655416,8.074384511229114,0.016054832405489047,0.018010748989159647,0.006799728106426104,25.900000000000013,0.5303724757442038,1146.1220117519815,264.75103661504784,-0.5,0.0,-0.43130935587974467,-0.2529273404173613,0.0,0.0,,
53.300000000000004,5.146007345399148,0.052693862953500765,8.271804563525787,-0.01438803963970643,-0.01571762994340596,0.008268646895807271,25.850000000000012,0.5303724757442038,1148.3497245751005,266.0574063283035,-0.5,0.0,-0.43130935587974467,-0.2529273404173613,0.0,0.0,,
53.400000000000006,5.257988126769649,-0.005204730990704419,8.12568229475353,-0.0031263836859496677,-0.011591100721148861,0.006383416619393453,25.80000000000001,0.5303724757442038,1150.5731243046605,267.36124676815496,-0.5,0.0,-0.43130935587974467,-0.2529273404173613,0.0,0.0,,
53.5,4.960928285753557,0.030085795801559227,8.340349266327923,-0.008704780300440333,0.0006244894310033582,0.00032608033902960156,25.75000000000001,0.5303724757442038,1152.7922109406618,268.66255793460226,-0.5,0.0,-0.43130935587974467,-0.2529273404173613,0.0,0.0,,
53.6,4.989881765891079,-0.3397221084543172,8.268720471173241,0.012574183582655742,0.001234923790156682,-0.0029065107982873288,25.70000000000001,0.5303724757442038,1155.0069844831044,269.9613398276454,-0.5,0.0,-0.43130935587974467,-0.2529273404173613,0.0,0.0,,
53.7,5.306570593775906,0.0460515087574809,8.20300653698199,0.004278615188776555,0.008818027612724225,0.002993374894060617,25.65000000000001,0.5303724757442038,1157.217444931988,271.25759244728437,-0.5,0.0,-0.43130935587974467,-0.2529273404173613,0.0,0.0,,
53.800000000000004,5.231464861128744,0.12558742808199488,8.518873181440368,0.004552827649909234,-0.007618437637035328,-0.0029008688695136954,25.60000000000001,0.5303724757442038,1159.4235922873129,272.55131579351917,-0.5,0.0,-0.43130935587974467,-0.2529273404173613,0.0,0.0,,
53.900000000000006,5.3111526887705205,-0.1008489733985159,8.354778222084079,-0.007181200836841124,0.01467915221658991,0.03062239071190357,25.550000000000008,0.5303724757442038,1161.625426549079,273.84250986634976,-0.5,0.0,-0.43130935587974467,-0.2529273404173613,0.0,0.0,,
54.0,5.155733321105441,0.197764555707323,8.096300622105687,0.006343140962194801,0.0033972138842370413,-0.0034548402343976834,25.500000000000007,0.5303724757442038,1163.8229477172863,275.1311746657762,-0.5,0.0,-0.43130935587974467,-0.2529273404173613,0.0,0.0,1171.2802316460065,284.854643105155
54.1,5.20504773908575,-0.35534730309407253,8.385437402625811,0.01034692701642313,0.0008786921028067771,0.014799498477762105,25.450000000000006,0.5303724757442038,1166.0161557919348,276.4173101917985,-0.5,0.0,-0.43130935587974467,-0.2529273404173613,0.0,0.0,,
54.2,5.345824556168833,0.1799161764800932,8.359144839014997,0.018636895681205058,-0.013145822838473249,0.0199311824664819,25.400000000000006,0.5303724757442038,1168.2050507730246,277.7009164444166,-0.5,0.0,-0.43130935587974467,-0.2529273404173613,0.0,0.0,,
54.300000000000004,5.303269567552034,0.25089200026836794,8.056884155124159,0.008043097283859862,0.0028673560487612777,0.0037072362880801167,25.350000000000005,0.5303724757442038,1170.3896326605554,278.9819934236305,-0.5,0.0,-0.43130935587974467,-0.2529273404173613,0.0,0.0,,
54.400000000000006,5.250562981793077,0.19646112310812283,8.018239487305575,0.0014386571574030009,-0.01152424550731038,-0.0019484077065494805,25.300000000000004,0.5303724757442038,1172.5699014545276,280.26054112944024,-0.5,0.0,-0.43130935587974467,-0.2529273404173613,0.0,0.0,,
54.5,5.297006358570775,0.1725002681003483,8.332022919989646,0.016963042923556607,0.002529159085580569,0.017680107862126364,25.250000000000004,0.5303724757442038,1174.745857154941,281.5365595618458,-0.5,0.0,-0.43130935587974467,-0.2529273404173613,0.0,0.0,,
54.6,5.5232563878290435,-0.21621484487908285,8.185661916420226,-6.0369880551640315e-05,-0.006283326643443731,-0.010919053517270488,25.200000000000003,0.5303724757442038,1176.9174997617954,282.8100487208472,-0.5,0.0,-0.43130935587974467,-0.2529273404173613,0.0,0.0,,
54.7,5.466998193421322,-0.17336844540163107,8.460253071880409,-0.0031254066581878443,-0.012283660861823585,-0.0018148966245982645,25.150000000000002,0.5303724757442038,1179.0848292750911,284.0810086064444,-0.5,0.0,-0.43130935587974467,-0.2529273404173613,0.0,0.0,,
54.800000000000004,5.194394270968953,-0.0907741903727852,8.107378973675464,-0.006106499321738005,0.005521037127093459,0.019557989901978413,25.1,0.5303724757442038,1181.2478456948281,285.3494392186375,-0.5,0.0,-0.43130935587974467,-0.2529273404173613,0.0,0.0,,
54.900000000000006,5.309333629507633,0.009253543021356447,8.488983980563406,-0.002369984919727416,-0.008101912578491287,-0.006016330970824493,25.05,0.5303724757442038,1183.4065490210062,286.61534055742635,-0.5,0.0,-0.43130935587974467,-0.2529273404173613,0.0,0.0,,
55.0,5.373179643889923,-0.1553783158093223,8.149302884207543,0.0027255038404125887,0.006815489489354652,0.0039170106166999084,25.0,0.5303724757442038,1185.5609392536255,287.87871262281107,-0.5,0.0,-0.43130935587974467,-0.2529273404173613,0.0,0.0,1191.0011505962655,292.7180443271368
55.1,5.173856635759352,0.12891683581831062,8.429085502069693,-0.0041437795076721025,-0.007775272115212316,0.007143915419367637,24.95,0.5303724757442038,1187.7110163926861,289.1395554147916,-0.5,0.0,-0.43130935587974467,-0.2529273404173613,0.0,0.0,,
55.2,5.486676360576583,0.005283494835091121,8.211055479310888,0.01847654441559158,-0.001938446553914139,0.017491348203811843,24.9,0.5303724757442038,1189.8567804381878,290.39786893336793,-0.5,0.0,-0.43130935587974467,-0.2529273404173613,0.0,0.0,,
55.300000000000004,5.397189316449163,0.06550822151233741,8.370876447575105,-0.004417788471596881,-0.003661390760754118,0.00803964279263876,24.849999999999998,0.5303724757442038,1191.9982313901307,291.65365317854014,-0.5,0.0,-0.43130935587974467,-0.2529273404173613,0.0,0.0,,
55.400000000000006,5.206121365285939,0.0008024548070100154,8.187439299319418,0.0008526676908210258,0.004962964831180798,0.0012563912518704576,24.799999999999997,0.5303724757442038,1194.135369248515,292.90690815030814,-0.5,0.0,-0.43130935587974467,-0.2529273404173613,0.0,0.0,,
55.5,5.201279793177096,-0.012758011864827279,8.342594711722997,0.008903272310686878,-0.02088139419102569,0.0063280257859708805,24.749999999999996,0.5303724757442038,1196.2681940133402,294.157633848672,-0.5,0.0,-0.43130935587974467,-0.2529273404173613,0.0,0.0,,
55.6,5.382514356947904,-0.13930041044102145,8.235052580755802,0.014630003598796406,0.0011752527630414734,-0.006144054601022229,24.699999999999996,0.5303724757442038,1198.3967056846068,295.40583027363164,-0.5,0.0,-0.43130935587974467,-0.2529273404173613,0.0,0.0,,
55.7,5.137597270665005,0.0022085334249945313,7.99799595169228,0.0023795245276756936,-0.0022025040986460207,0.010689189395803479,24.649999999999995,0.5303724757442038,1200.5209042623146,296.65149742518713,-0.5,0.0,-0.43130935587974467,-0.2529273404173613,0.0,0.0,,
55.800000000000004,5.209566628888269,0.1625938353894271,8.443347849837815,-0.011877684219259778,0.010515212006082608,0.014267272988617956,24.599999999999994,0.5303724757442038,1202.6407897464635,297.8946353033384,-0.5,0.0,-0.43130935587974467,-0.2529273404173613,0.0,0.0,,
55.900000000000006,5.16517698817258,0.25975808465891265,8.078245829721117,0.004297276441154544,0.0012367686724432815,0.008098782118259484,24.549999999999994,0.5303724757442038,1204.7563621370537,299.13524390808556,-0.5,0.0,-0.43130935587974467,-0.2529273404173613,0.0,0.0,,
56.0,5.4771080575223925,-0.024915089691334776,8.31040988500534,-0.004394035463901176,-0.018285762243567375,0.014164849916572403,24.499999999999993,0.5303724757442038,1206.867621434085,300.37332323942854,-0.5,0.0,-0.43130935587974467,-0.2529273404173613,0.0,0.0,1206.9793270792131,296.60628423903756
56.1,5.265865973911859,0.05987680369901024,8.17606954476667,0.007585608539531751,0.013625405663018767,-0.007229561415359337,24.449999999999992,0.5303724757442038,1208.9745676375576,301.6088732973673,-0.5,0.0,-0.43130935587974467,-0.2529273404173613,0.0,0.0,,
56.2,5.2794485670772024,-0.025887738673547357,7.94188273540628,0.0030993090307788445,0.0018459327434148865,-0.0024654101821909415,24.39999999999999,0.5303724757442038,1211.0772007474714,302.84189408190196,-0.5,0.0,-0.43130935587974467,-0.2529273404173613,0.0,0.0,,
56.300000000000004,5.359521608081791,-0.17773635423186587,8.379858073479864,-0.000385730677608164,0.006911243375444541,0.007277257414021629,24.34999999999999,0.5303724757442038,1213.1755207638264,304.0723855930324,-0.5,0.0,-0.43130935587974467,-0.2529273404173613,0.0,0.0,,
56.400000000000006,5.323283927387062,-0.030336997624834695,8.333554270987264,-0.0025393997839216593,0.0035965843563923114,0.009504440324976066,24.29999999999999,0.5303724757442038,1215.2695276866225,305.30034783075865,-0.5,0.0,-0.43130935587974467,-0.2529273404173613,0.0,0.0,,
56.5,5.26050597445582,-0.20983860519844097,8.398850645248654,-0.007732718905439584,-0.009478213925968372,0.019899952291686014,24.24999999999999,0.5303724757442038,1217.3592215158599,306.5257807950808,-0.5,0.0,-0.43130935587974467,-0.2529273404173613,0.0,0.0,,
56.6,5.282012783911174,0.05140761826639072,8.41275584495244,-0.0018334462351422543,0.0015383442546997436,0.020982996394534905,24.19999999999999,0.5303724757442038,1219.4446022515385,307.7486844859987,-0.5,0.0,-0.43130935587974467,-0.2529273404173613,0.0,0.0,,
56.7,5.332568412587191,0.16563513100702076,8.089101846360983,-0.0010618090264533707,-0.015069540616170302,0.010080143769913227,24.149999999999988,0.5303724757442038,1221.5256698936582,308.96905890351246,-0.5,0.0,-0.43130935587974467,-0.2529273404173613,0.0,0.0,,
56.800000000000004,5.4393490640807896,0.032515423853800976,8.401641882842709,0.004032262430099157,0.010837923236142095,0.02783816527872298,24.099999999999987,0.5303724757442038,1223.6024244422192,310.186904047622,-0.5,0.0,-0.43130935587974467,-0.2529273404173613,0.0,0.0,,
56.900000000000006,5.397633941386535,-0.04253682843348371,8.19653403446659,0.003922107166144611,0.007342001505944848,-0.01428418044538754,24.049999999999986,0.5303724757442038,1225.6748658972215,311.40221991832743,-0.5,0.0,-0.43130935587974467,-0.2529273404173613,0.0,0.0,,
57.0,5.017544034516191,0.08807973541772744,8.664709970885122,-0.0008567611530941269,0.005792162865228446,0.008493756413026396,23.999999999999986,0.5303724757442038,1227.7429942586648,312.61500651562864,-0.5,0.0,-0.43130935587974467,-0.2529273404173613,0.0,0.0,1228.9516878102208,313.6271612846756
57.1,5.324832642916352,0.13264203068487668,8.228113501911967,0.007097334116952406,-0.0032727970415407023,0.025842430270443334,23.949999999999985,0.5303724757442038,1229.8068095265494,313.8252638395257,-0.5,0.0,-0.43130935587974467,-0.2529273404173613,0.0,0.0,,
57.2,5.277478874569082,-0.11717568812228765,8.298373185567808,0.00999091028817691,-0.005080638397525979,-8.543544056495347e-05,23.899999999999984,0.5303724757442038,1231.8663117008753,315.0329918900186,-0.5,0.0,-0.43130935587974467,-0.2529273404173613,0.0,0.0,,
57.300000000000004,5.196721670337882,-0.06200839448315889,8.318666536068617,-0.004494689889239374,-0.012475544027560721,-0.008566656678667291,23.849999999999984,0.5303724757442038,1233.9215007816422,316.2381906671073,-0.5,0.0,-0.43130935587974467,-0.2529273404173613,0.0,0.0,,
57.400000000000006,5.137540162782614,0.1218793719951187,8.247834661228755,0.008109963426934432,0.003015246113858869,0.00919299781637577,23.799999999999983,0.5303724757442038,1235.9723767688504,317.44086017079184,-0.5,0.0,-0.43130935587974467,-0.2529273404173613,0.0,0.0,,
57.5,5.06591074360397,-0.15179955303204487,8.071692548084128,0.006485159294211005,0.0006390883709125805,0.014024458827970002,23.749999999999982,0.5303724757442038,1238.0189396624999,318.6410004010722,-0.5,0.0,-0.43130935587974467,-0.2529273404173613,0.0,0.0,,
57.6,5.514279242433632,0.06424610255310648,8.289385768451503,0.016890388033524013,-0.002214002075393568,0.002777514831469006,23.69999999999998,0.5303724757442038,1240.0611894625904,319.83861135794837,-0.5,0.0,-0.43130935587974467,-0.2529273404173613,0.0,0.0,,
57.7,5.166813804446766,-0.16457804228420803,8.209041771852648,-0.011585323936085457,-0.004829399099040041,0.016384890775003394,23.64999999999998,0.5303724757442038,1242.0991261691222,321.0336930414204,-0.5,0.0,-0.43130935587974467,-0.2529273404173613,0.0,0.0,,
57.800000000000004,5.226638006028863,-0.239400997604201,8.180493108887564,0.011176435325989043,0.01262870934390066,-0.003367003101612721,23.59999999999998,0.5303724757442038,1244.1327497820953,322.22624545148824,-0.5,0.0,-0.43130935587974467,-0.2529273404173613,0.0,0.0,,
57.900000000000006,5.240395044355946,0.24211701292264662,8.001237358087273,-0.0010555797535156941,0.002215055693903243,-0.002304189152485131,23.54999999999998,0.5303724757442038,1246.1620603015094,323.4162685881519,-0.5,0.0,-0.43130935587974467,-0.2529273404173613,0.0,0.0,,
58.0,5.319682213211974,-0.03660918726870573,8.2462632793459,0.0003997976655373949,0.002128436416010828,0.0035633471346466976,23.49999999999998,0.5303724757442038,1248.1870577273648,324.6037624514114,-0.5,0.0,-0.43130935587974467,-0.2529273404173613,0.0,0.0,1252.3238115993513,318.0219944501922
58.1,4.980300433620618,-0.10774749407717571,8.244636121490778,-0.009912672371003007,-0.006392497547618281,0.0049668315137714,23.449999999999978,0.5303724757442038,1250.2077420596615,325.7887270412667,-0.5,0.0,-0.43130935587974467,-0.2529273404173613,0.0,0.0,,
58.2,5.46295251390845,0.25137595563991516,8.176319544909093,-0.001685558685699136,0.009355963793483031,0.007725370546398472,23.399999999999977,0.5303724757442038,1252.2241132983993,326.97116235771784,-0.5,0.0,-0.43130935587974467,-0.2529273404173613,0.0,0.0,,
58.300000000000004,5.39652500757507,0.07209466321295904,8.241633794465779,0.010280692891473282,0.007544462519517015,0.00022791012756679784,23.349999999999977,0.5303724757442038,1254.2361714435783,328.1510684007648,-0.5,0.0,-0.43130935587974467,-0.2529273404173613,0.0,0.0,,
58.400000000000006,5.45983456719559,0.08785476179070016,8.1717304314781,-0.0015593417297648843,-0.011003134583615926,-0.00991176270488089,23.299999999999976,0.5303724757442038,1256.2439164951986,329.32844517040763,-0.5,0.0,-0.43130935587974467,-0.2529273404173613,0.0,0.0,,
58.5,5.3210717487988,0.09453865451371518,8.320171022629868,0.001149270088742767,-0.005274528887731395,-0.003542240526835049,23.249999999999975,0.5303724757442038,1258.24734845326,330.50329266664625,-0.5,0.0,-0.43130935587974467,-0.2529273404173613,0.0,0.0,,
58.6,5.435078601191316,0.15152669735083657,8.349660749445311,0.005316881281476772,0.009177390182000962,0.015010101742436954,23.199999999999974,0.5303724757442038,1260.2464673177626,331.6756108894807,-0.5,0.0,-0.43130935587974467,-0.2529273404173613,0.0,0.0,,
58.7,5.090639673921496,0.1859163529643708,8.15017696230975,-0.019732021454311462,-0.005293067259267521,0.020570262687247085,23.149999999999974,0.5303724757442038,1262.2412730887065,332.84539983891096,-0.5,0.0,-0.43130935587974467,-0.2529273404173613,0.0,0.0,,
58.800000000000004,5.22548071717495,-0.048434010844735205,8.530122180190414,0.009353819633053968,0.010421950950964645,0.029890109641519592,23.099999999999973,0.5303724757442038,1264.2317657660915,334.01265951493707,-0.5,0.0,-0.43130935587974467,-0.2529273404173613,0.0,0.0,,
58.900000000000006,5.522513168787022,-0.0010490994208737087,8.184702510191029,-0.006278558022289682,0.00506812149156138,0.014039198656030233,23.049999999999972,0.5303724757442038,1266.2179453499177,335.177389917559,-0.5,0.0,-0.43130935587974467,-0.2529273404173613,0.0,0.0,,
59.0,5.252812942423352,-0.18801736407792874,8.377973274856197,-0.008993619112415377,-0.0008152600735658744,0.006991803126556214,22.99999999999997,0.5303724757442038,1268.1998118401852,336.3395910467768,-0.5,0.0,-0.43130935587974467,-0.2529273404173613,0.0,0.0,1275.3845668704241,332.9356806379595
59.1,5.362008705425757,0.059079861262509935,8.39520205136718,-0.0018022394225351436,0.005670693718945503,0.016689654587269082,22.94999999999997,0.5303724757442038,1270.1773652368938,337.4992629025904,-0.5,0.0,-0.43130935587974467,-0.2529273404173613,0.0,0.0,,
59.2,5.19539824260084,0.24768393857855692,8.083529054662124,-0.004262353352944268,-0.014407897146942059,-0.007573973311469916,22.89999999999997,0.5303724757442038,1272.1506055400437,338.65640548499977,-0.5,0.0,-0.43130935587974467,-0.2529273404173613,0.0,0.0,,
59.300000000000004,5.430575393881486,-0.06150735406445237,8.360923023285673,0.013081655496153439,0.008262890465616573,-0.003925534432894509,22.84999999999997,0.5303724757442038,1274.1195327496348,339.811018794005,-0.5,0.0,-0.43130935587974467,-0.2529273404173613,0.0,0.0,,
59.400000000000006,5.242457571180086,-0.0852145251607416,8.175032048729658,0.009586443657799062,0.0072759537920474016,0.014469554658177185,22.79999999999997,0.5303724757442038,1276.084146865667,340.96310282960604,-0.5,0.0,-0.43130935587974467,-0.2529273404173613,0.0,0.0,,
59.5,5.3131044940741,0.1266578281858586,8.537070161393224,0.010320226154980714,-0.007747298972850781,0.022340687983292945,22.749999999999968,0.5303724757442038,1278.0444478881404,342.11265759180293,-0.5,0.0,-0.43130935587974467,-0.2529273404173613,0.0,0.0,,
59.6,5.276637099550338,0.0930964483747082,8.376133594205395,-0.007037352385352083,0.004633187055863843,0.0073914112650524276,22.699999999999967,0.5303724757442038,1280.0004358170552,343.25968308059566,-0.5,0.0,-0.43130935587974467,-0.2529273404173613,0.0,0.0,,
59.7,5.260920446421883,-0.07411879785580011,8.203495014284458,0.010999487740396252,0.0024021267261261905,-0.00852286106219689,22.649999999999967,0.5303724757442038,1281.952110652411,344.4041792959842,-0.5,0.0,-0.43130935587974467,-0.2529273404173613,0.0,0.0,,
59.800000000000004,5.330974816984841,-0.02321457391073003,8.146147457815227,0.0052447816635128805,0.005094501209131135,0.002859315943233047,22.599999999999966,0.5303724757442038,1283.899472394208,345.54614623796857,-0.5,0.0,-0.43130935587974467,-0.2529273404173613,0.0,0.0,,
59.900000000000006,5.170457473182193,0.20292002705827814,8.357936654774734,0.0017805525494630865,0.02421784132428596,-0.0034067016376011653,22.549999999999965,0.5303724757442038,1285.8425210424464,346.68558390654874,-0.5,0.0,-0.43130935587974467,-0.2529273404173613,0.0,0.0,,
60.0,5.30905981921702,-0.1762526235931905,8.31550956083094,0.005424433779142164,-0.007299488361984914,0.008907664606513734,22.499999999999964,0.5303724757442038,1287.7812565971258,347.82249230172476,-0.5,0.0,-0.43130935587974467,-0.2529273404173613,0.0,0.0,1287.103174897911,347.4932465383514
60.1,5.530993585529797,0.003143327552861612,8.2786350399423,-0.0018225648153464087,-0.00896943923913858,0.01268825017990332,22.449999999999964,0.5303724757442038,1289.7156790582465,348.95687142349664,-0.5,0.0,-0.43130935587974467,-0.2529273404173613,0.0,0.0,,
60.2,5.537285560065606,-0.1898719226819854,8.209791646644963,-0.003475325783517634,0.009750729839725228,0.008135747624316358,22.399999999999963,0.5303724757442038,1291.6457884258084,350.0887212718643,-0.5,0.0,-0.43130935587974467,-0.2529273404173613,0.0,0.0,,
60.300000000000004,5.295262329851839,-0.15838276730534961,8.2125329981577,0.010123152162935798,-0.007210707306095664,-0.015034035834216166,22.349999999999962,0.5303724757442038,1293.5715846998114,351.2180418468278,-0.5,0.0,-0.43130935587974467,-0.2529273404173613,0.0,0.0,,
60.400000000000006,5.181485983429818,0.0774865809642821,8.180089389328984,-0.005779964191896049,-0.003021998248864695,0.01600850523654904,22.29999999999996,0.5303724757442038,1295.4930678802557,352.3448331483871,-0.5,0.0,-0.43130935587974467,-0.2529273404173613,0.0,0.0,,
60.5,5.034709270513752,0.05752314021693336,8.370720021112035,-0.002210169343053619,-0.005561228730771965,0.012604347192659243,22.24999999999996,0.5303724757442038,1297.4102379671413,353.4690951765423,-0.5,0.0,-0.43130935587974467,-0.2529273404173613,0.0,0.0,,
60.6,5.184178972666596,0.26250479238407204,8.106019101002623,-0.0032084648923116285,-0.0023565360780965737,0.021015874825392047,22.19999999999996,0.5303724757442038,1299.3230949604679,354.59082793129323,-0.5,0.0,-0.43130935587974467,-0.2529273404173613,0.0,0.0,,
60.7,5.152238597901225,0.18426861322636018,8.31849319208684,0.010099500643370103,0.003974704738746517,0.00409657135125048,22.14999999999996,0.5303724757442038,1301.2316388602358,355.71003141264003,-0.5,0.0,-0.43130935587974467,-0.2529273404173613,0.0,0.0,,
60.800000000000004,5.486860389988126,0.15987371322192723,8.17154867357534,0.005389581080619411,0.0019419081381513606,-0.01047585523062717,22.09999999999996,0.5303724757442038,1303.135869666445,356.8267056205827,-0.5,0.0,-0.43130935587974467,-0.2529273404173613,0.0,0.0,,
60.900000000000006,5.13708790573229,0.19197759097009073,8.316747505588916,0.005053385750849432,0.010695977662928645,0.0072738307373068425,22.049999999999958,0.5303724757442038,1305.0357873790952,357.94085055512113,-0.5,0.0,-0.43130935587974467,-0.2529273404173613,0.0,0.0,,
61.0,5.293544858399187,0.05802596779552244,7.99992040399588,-0.010872296383486642,0.007067261392498998,-0.012248133882006084,21.999999999999957,0.5303724757442038,1306.9313919981867,359.0524662162554,-0.5,0.0,-0.43130935587974467,-0.2529273404173613,0.0,0.0,1301.527453063519,365.92507239142793
61.1,5.334843047832254,0.026202883390563262,8.18833300733595,0.005629975504079945,0.010355851839536159,0.013272673187645242,21.949999999999957,0.5303724757442038,1308.8226835237194,360.1615526039855,-0.5,0.0,-0.43130935587974467,-0.2529273404173613,0.0,0.0,,
61.2,5.344861767784381,-0.015466411152023532,8.131627912690965,0.019668873504206322,-0.004777574501774593,0.008650009347452324,21.899999999999956,0.5303724757442038,1310.7096619556933,361.26810971831145,-0.5,0.0,-0.43130935587974467,-0.2529273404173613,0.0,0.0,,
61.300000000000004,5.241812239940928,-0.10903668771993119,8.475792358676413,-0.010820323025314773,-0.010753427653636283,-0.0063010432310705656,21.849999999999955,0.5303724757442038,1312.5923272941084,362.37213755923324,-0.5,0.0,-0.43130935587974467,-0.2529273404173613,0.0,0.0,,
61.400000000000006,5.250761840318435,-0.08815748588274311,8.149164349992263,-0.012170575806115644,-0.002765623480788292,-0.0007152137150052149,21.799999999999955,0.5303724757442038,1314.4706795389648,363.4736361267508,-0.5,0.0,-0.43130935587974467,-0.2529273404173613,0.0,0.0,,
61.5,5.052451003508746,0.34515633895176795,8.262120559395985,-0.0005431606904860215,-0.016252154589763663,0.01747536978861489,21.749999999999954,0.5303724757442038,1316.3447186902622,364.57260542086425,-0.5,0.0,-0.43130935587974467,-0.2529273404173613,0.0,0.0,,
61.6,5.57794231657043,-0.09563258945458467,8.459192670923875,0.0005712868164596889,-0.00908388388828707,0.013058756270530849,21.699999999999953,0.5303724757442038,1318.214444748001,365.6690454415735,-0.5,0.0,-0.43130935587974467,-0.2529273404173613,0.0,0.0,,
61.7,5.239892718366126,-0.0767573547256897,8.225199225715354,0.016473703752761765,0.0005446685720059068,0.010754586868364065,21.649999999999952,0.5303724757442038,1320.079857712181,366.76295618887855,-0.5,0.0,-0.43130935587974467,-0.2529273404173613,0.0,0.0,,
61.800000000000004,5.324219400314023,0.02560397966144823,8.112733809964674,-0.011668353159272803,-0.010729954972497497,0.03380152023476857,21.59999999999995,0.5303724757442038,1321.940957582802,367.8543376627794,-0.5,0.0,-0.43130935587974467,-0.2529273404173613,0.0,0.0,,
61.900000000000006,5.5112801290612135,0.08542709157748153,8.660855974847342,-0.017262984351610156,-0.007846155151166304,0.027413415160321346,21.54999999999995,0.5303724757442038,1323.7977443598643,368.94318986327613,-0.5,0.0,-0.43130935587974467,-0.2529273404173613,0.0,0.0,,
62.0,5.16762082942114,0.010458276163623045,8.31413734892786,-0.007438496732536808,0.0015334264812708561,-0.005129066111680934,21.49999999999995,0.5303724757442038,1325.6502180433679,370.0295127903687,-0.5,0.0,-0.43130935587974467,-0.2529273404173613,0.0,0.0,1320.7748131873018,370.91763508939283
62.1,5.0423504032966395,-0.06232849308016455,8.250577766603234,-0.003934298245945955,0.008417864343703256,0.005205943976784814,21.44999999999995,0.5303724757442038,1327.4983786333125,371.11330644405706,-0.5,0.0,-0.43130935587974467,-0.2529273404173613,0.0,0.0,,
62.2,5.383023851084209,0.18303952302186643,8.398566931732871,-0.011252924621551688,0.0031898144356251757,0.02507541825333495,21.39999999999995,0.5303724757442038,1329.3422261296985,372.19457082434127,-0.5,0.0,-0.43130935587974467,-0.2529273404173613,0.0,0.0,,
62.300000000000004,5.05209923783442,0.04621020840383469,8.498964009394669,0.0009552252380075099,0.0016420657609276124,0.013188212944456918,21.349999999999948,0.5303724757442038,1331.1817605325257,373.2733059312213,-0.5,0.0,-0.43130935587974467,-0.2529273404173613,0.0,0.0,,
62.400000000000006,5.245180504577555,-0.23028153201099014,8.284616473107857,0.0023266340760377006,-0.004104651862916389,0.002974959916455266,21.299999999999947,0.5303724757442038,1333.016981841794,374.3495117646971,-0.5,0.0,-0.43130935587974467,-0.2529273404173613,0.0,0.0,,
62.5,5.059341948840089,0.06647610240035608,8.359138101406957,-0.0031048936983069687,-0.006143722811858349,0.006805230557585012,21.249999999999947,0.5303724757442038,1334.8478900575035,375.42318832476883,-0.5,0.0,-0.43130935587974467,-0.2529273404173613,0.0,0.0,,
62.6,5.0476119803474315,-0.17797371435332088,8.161455420282818,0.006106256684156033,-0.00881484136947717,0.0184013301557306,21.199999999999946,0.5303724757442038,1336.6744851796543,376.4943356114363,-0.5,0.0,-0.43130935587974467,-0.2529273404173613,0.0,0.0,,
62.7,5.256152413129474,0.11038386388424654,8.167942470038845,0.012771212254840085,0.003123169971657759,0.012949140666771271,21.149999999999945,0.5303724757442038,1338.4967672082462,377.5629536246997,-0.5,0.0,-0.43130935587974467,-0.2529273404173613,0.0,0.0,,
62.800000000000004,5.60955125652521,-0.1732394755344012,8.212712496157986,0.010119566282821011,0.006252856823211491,0.0027275962216452383,21.099999999999945,0.5303724757442038,1340.3147361432793,378.6290423645588,-0.5,0.0,-0.43130935587974467,-0.2529273404173613,0.0,0.0,,
62.900000000000006,5.207246974578712,-0.06812662330836211,8.365321217273415,0.01520473321791475,-0.0004812624179638568,0.005632179924596803,21.049999999999944,0.5303724757442038,1342.1283919847538,379.6926018310138,-0.5,0.0,-0.43130935587974467,-0.2529273404173613,0.0,0.0,,
63.0,5.372697621162959,0.07677346689779208,8.336404166521053,-0.011814784003052413,-0.00534996059610535,0.004928603024872224,20.999999999999943,0.5303724757442038,1343.9377347326692,380.7536320240646,-0.5,0.0,-0.43130935587974467,-0.2529273404173613,0.0,0.0,1344.9372994488272,387.9364740087378
63.1,5.22599241370201,0.143110882942946,8.405529660183504,-0.014185192760745207,0.0030588891054538813,0.015124908477324832,20.949999999999942,0.5303724757442038,1345.742764387026,381.8121329437112,-0.5,0.0,-0.43130935587974467,-0.2529273404173613,0.0,0.0,,
63.2,5.458273220266165,-0.10840902240868058,8.192125027674845,0.0016996092079193553,0.010630444974402851,0.009036372586901395,20.89999999999994,0.5303724757442038,1347.543480947824,382.8681045899537,-0.5,0.0,-0.43130935587974467,-0.2529273404173613,0.0,0.0,,
63.300000000000004,5.13622567992558,-0.2045689115279409,8.24876608808383,0.013056851734770262,-0.005591297171234174,0.00934604623830003,20.84999999999994,0.5303724757442038,1349.3398844150631,383.921546962792,-0.5,0.0,-0.43130935587974467,-0.2529273404173613,0.0,0.0,,
63.400000000000006,5.345047976634169,0.1713345032575713,8.418208783258486,-0.007480663923804843,0.007897128338846076,-0.0027552478308343663,20.79999999999994,0.5303724757442038,1351.1319747887435,384.9724600622261,-0.5,0.0,-0.43130935587974467,-0.2529273404173613,0.0,0.0,,
63.5,5.251859349705642,-0.10218138244761199,8.072361281636105,-0.007846458845146207,0.01050877246319452,-0.016432808855683958,20.74999999999994,0.5303724757442038,1352.9197520688651,386.020843888256,-0.5,0.0,-0.43130935587974467,-0.2529273404173613,0.0,0.0,,
63.6,5.118197738737925,0.12667757202915028,8.202581181925527,-0.0013146786170013245,-0.0042072200444491946,0.003916493451506986,20.69999999999994,0.5303724757442038,1354.7032162554278,387.0666984408818,-0.5,0.0,-0.43130935587974467,-0.2529273404173613,0.0,0.0,,
63.7,5.307471543108199,0.09989304327372754,8.324472831713416,0.006700780661816253,0.018860288967987394,-4.4467960243418925e-05,20.649999999999938,0.5303724757442038,1356.4823673484318,388.1100237201034,-0.5,0.0,-0.43130935587974467,-0.2529273404173613,0.0,0.0,,
63.800000000000004,5.289468483901942,0.14499169452259378,8.171113475747848,-0.008731478363305907,0.0009020010250747885,0.006436943316482072,20.599999999999937,0.5303724757442038,1358.257205347877,389.1508197259208,-0.5,0.0,-0.43130935587974467,-0.2529273404173613,0.0,0.0,,
63.900000000000006,5.184854003550486,0.10929307573650168,8.113358681745051,0.00812955994066525,-0.00032542882806050884,0.013967421616836503,20.549999999999937,0.5303724757442038,1360.0277302537634,390.1890864583341,-0.5,0.0,-0.43130935587974467,-0.2529273404173613,0.0,0.0,,
64.0,5.19574393482434,-0.18347443409394773,8.460836701266105,0.025434036400095464,-0.01705829441627162,0.0018723953672199131,20.499999999999936,0.5303724757442038,1361.793942066091,391.22482391734314,-0.5,0.0,-0.43130935587974467,-0.2529273404173613,0.0,0.0,1360.2423249631236,389.866194596024
64.10000000000001,5.314865153581991,-0.2518709361707933,8.249894434188437,-0.01951111843146111,-0.002549292232715639,0.006656087260851607,20.449999999999935,0.5303724757442038,1363.5558407848598,392.25803210294805,-0.5,0.0,-0.43130935587974467,-0.2529273404173613,0.0,0.0,,
64.2,5.323803683827527,-0.03653880338647251,8.261109270177082,-0.022884029684637982,-0.004660327142788985,0.00016600240798358805,20.399999999999935,0.5303724757442038,1365.3134264100697,393.2887110151488,-0.5,0.0,-0.43130935587974467,-0.2529273404173613,0.0,0.0,,
64.3,5.361481989996358,0.13861962261272096,8.33893412377111,-0.004903250736620453,0.01757116286565722,0.018969438197198284,20.349999999999934,0.5303724757442038,1367.066698941721,394.31686065394535,-0.5,0.0,-0.43130935587974467,-0.2529273404173613,0.0,0.0,,
64.4,5.169280999091212,-0.13976656185255196,8.293017010586327,0.008203275598454338,0.00038109345681508,0.010713744156425464,20.299999999999933,0.5303724757442038,1368.8156583798134,395.34248101933775,-0.5,0.0,-0.43130935587974467,-0.2529273404173613,0.0,0.0,,
64.5,5.1562222524508154,0.09143063254743763,8.461771030596703,0.01240427677688925,-0.005707230592990502,0.004535914922389198,20.249999999999932,0.5303724757442038,1370.560304724347,396.36557211132595,-0.5,0.0,-0.43130935587974467,-0.2529273404173613,0.0,0.0,,
64.60000000000001,5.359197566280825,0.20013594003404372,8.184543764894011,0.00019768998505905112,0.004639341166122747,0.02375547450552427,20.199999999999932,0.5303724757442038,1372.3006379753217,397.38613392991,-0.5,0.0,-0.43130935587974467,-0.2529273404173613,0.0,0.0,,
64.7,5.4568277452817355,0.04196603816167704,8.372096010453296,-0.02370897097277981,0.012496922169383752,0.014266112801281278,20.14999999999993,0.5303724757442038,1374.0366581327378,398.4041664750898,-0.5,0.0,-0.43130935587974467,-0.2529273404173613,0.0,0.0,,
64.8,5.143752333146699,0.03346060900212777,8.37574041074645,0.008010143636342441,-0.006402428885797633,0.001993841460591201,20.09999999999993,0.5303724757442038,1375.768365196595,399.4196697468655,-0.5,0.0,-0.43130935587974467,-0.2529273404173613,0.0,0.0,,
64.9,5.13958508644965,0.20221964056004818,8.146259677954179,-0.004143518915108281,0.007276617129905317,-0.006391823961683152,20.04999999999993,0.5303724757442038,1377.4957591668933,400.43264374523704,-0.5,0.0,-0.43130935587974467,-0.2529273404173613,0.0,0.0,,
65.0,5.544263842597185,0.15906219382971953,7.98405437934699,0.0013264706560340072,-0.004071866987486075,0.009370997868411914,19.99999999999993,0.5303724757442038,1379.218840043633,401.4430884702044,-0.5,0.0,-0.43130935587974467,-0.2529273404173613,0.0,0.0,1385.8068551581687,406.4584420682997
65.10000000000001,5.322777105197896,0.03993298806880702,8.036962031582137,0.0012830177792100437,0.027931753947891835,-0.00594359571271729,19.94999999999993,0.5303724757442038,1380.9376078268137,402.45100392176755,-0.5,0.0,-0.43130935587974467,-0.2529273404173613,0.0,0.0,,
65.2,5.646333946003885,0.013318759939391831,8.270112251095352,0.025350387124336078,-0.0202866177579081,0.01662105904340719,19.899999999999928,0.5303724757442038,1382.6520625164358,403.4563900999265,-0.5,0.0,-0.43130935587974467,-0.2529273404173613,0.0,0.0,,
65.3,5.133091635063848,-0.05080002290059036,8.400611345395259,0.014772519399121694,-0.012842973220203478,0.00648810339161007,19.849999999999927,0.5303724757442038,1384.362204112499,404.45924700468134,-0.5,0.0,-0.43130935587974467,-0.2529273404173613,0.0,0.0,,
65.4,5.182375525020171,-0.01664707689992962,8.055375309113833,0.003101643383861975,-0.01131413093836371,0.00315221650440944,19.799999999999926,0.5303724757442038,1386.0680326150034,405.459574636032,-0.5,0.0,-0.43130935587974467,-0.2529273404173613,0.0,0.0,,
65.5,5.224182545205496,0.15038719311675028,8.282696345340325,0.012982259401675238,0.012243188140285336,-0.0053765102752853155,19.749999999999925,0.5303724757442038,1387.769548023949,406.4573729939785,-0.5,0.0,-0.43130935587974467,-0.2529273404173613,0.0,0.0,,
65.60000000000001,5.234256950800459,0.03195347777090104,8.098981749132609,-0.0025837826991232135,-0.011522744761681336,0.016968271639659537,19.699999999999925,0.5303724757442038,1389.466750339336,407.4526420785208,-0.5,0.0,-0.43130935587974467,-0.2529273404173613,0.0,0.0,,
65.7,4.975827218725652,-0.012337054512141843,8.282735096640327,-0.011651635481427221,0.018533783498272886,0.025066869150192975,19.649999999999924,0.5303724757442038,1391.1596395611639,408.4453818896589,-0.5,0.0,-0.43130935587974467,-0.2529273404173613,0.0,0.0,,
65.8,5.317624470361031,0.13808181675585565,8.341250933105899,0.009523035584749604,0.0045158725090251465,0.006054433806204367,19.599999999999923,0.5303724757442038,1392.8482156894331,409.43559242739286,-0.5,0.0,-0.43130935587974467,-0.2529273404173613,0.0,0.0,,
65.9,5.320369766633579,-0.012733653977398576,8.389552810190196,0.006508852505708091,0.0128240404727137,0.007622214831334115,19.549999999999923,0.5303724757442038,1394.5324787241436,410.4232736917226,-0.5,0.0,-0.43130935587974467,-0.2529273404173613,0.0,0.0,,
66.0,5.334699445223847,-0.0037998749413112737,8.216608493686863,0.010962019714900613,0.014935231956939559,0.0006103311853285359,19.499999999999922,0.5303724757442038,1396.2124286652952,411.4084256826482,-0.5,0.0,-0.43130935587974467,-0.2529273404173613,0.0,0.0,1396.9483789573032,409.3065987900482
66.10000000000001,5.406566867614565,0.07873846476312,8.364117798432847,-0.00755279917915114,-0.005726262503813292,0.0012370400492119843,19.44999999999992,0.5303724757442038,1397.888065512888,412.39104840016967,-0.5,0.0,-0.43130935587974467,-0.2529273404173613,0.0,0.0,,
66.2,5.255748584596303,0.12630318518193062,8.277962002320102,0.006860371493490657,-0.0056497340182453315,-0.0027509859738844853,19.39999999999992,0.5303724757442038,1399.5593892669222,413.3711418442869,-0.5,0.0,-0.43130935587974467,-0.2529273404173613,0.0,0.0,,
66.3,5.373521351625097,-0.04470332303781458,8.217123237620594,0.008955673974226372,0.009815342250715621,0.007900685588788935,19.34999999999992,0.5303724757442038,1401.2263999273973,414.348706015,-0.5,0.0,-0.43130935587974467,-0.2529273404173613,0.0,0.0,,
66.4,5.164527410557003,0.09306328650775918,8.387224951462292,-0.005486574463282609,0.004945576064678512,0.0057598190916281385,19.29999999999992,0.5303724757442038,1402.8890974943138,415.3237409123089,-0.5,0.0,-0.43130935587974467,-0.2529273404173613,0.0,0.0,,
66.5,5.229283756799659,-0.154618934696387,8.327896249888504,-0.018141245758529562,-0.0002710567518795727,0.019133240402039287,19.24999999999992,0.5303724757442038,1404.5474819676715,416.29624653621363,-0.5,0.0,-0.43130935587974467,-0.2529273404173613,0.0,0.0,,
66.60000000000001,5.155865603037221,-0.17566212842784193,8.51405020761345,0.017315391711703078,-0.00521388388017474,0.0007997851999090285,19.199999999999918,0.5303724757442038,1406.2015533474703,417.2662228867142,-0.5,0.0,-0.43130935587974467,-0.2529273404173613,0.0,0.0,,
66.7,5.150822574365785,-0.2092824168855286,8.098266942985928,-0.007395975723651013,-0.012404557882080254,0.0007379294437439218,19.149999999999917,0.5303724757442038,1407.8513116337103,418.2336699638106,-0.5,0.0,-0.43130935587974467,-0.2529273404173613,0.0,0.0,,
66.8,5.108187937091461,-0.17345442704174482,8.363526784317282,-0.0013308737215858616,0.0054331950040967785,-0.0034483976739358357,19.099999999999916,0.5303724757442038,1409.4967568263917,419.19858776750283,-0.5,0.0,-0.43130935587974467,-0.2529273404173613,0.0,0.0,,
66.9,4.980476153697889,-0.10720492820515226,8.222072302324083,0.01954944541477679,-0.0025446694672757644,0.009271870555386984,19.049999999999915,0.5303724757442038,1411.137888925514,420.16097629779085,-0.5,0.0,-0.43130935587974467,-0.2529273404173613,0.0,0.0,,
67.0,5.087927645252752,0.2378237478460845,8.081701687751833,-0.007120311115058525,0.006857572177702716,0.024611901927805595,18.999999999999915,0.5303724757442038,1412.7747079310777,421.1208355546747,-0.5,0.0,-0.43130935587974467,-0.2529273404173613,0.0,0.0,1412.6700777750887,419.97785256235204
67.10000000000001,5.115924815048993,-0.0083819357112251,8.489861944437372,0.009866181500187386,0.014655695870505699,0.007254691465380175,18.949999999999914,0.5303724757442038,1414.4072138430827,422.0781655381544,-0.5,0.0,-0.43130935587974467,-0.2529273404173613,0.0,0.0,,
67.2,5.131912897134514,0.07376631176344711,8.388764074806659,-0.005735586550823512,-0.012479255959469446,0.005299544582273688,18.899999999999913,0.5303724757442038,1416.0354066615287,423.0329662482299,-0.5,0.0,-0.43130935587974467,-0.2529273404173613,0.0,0.0,,
67.3,5.056263652599926,-0.007960622693314684,8.132457406523033,0.00600957342377208,0.00030196158299394707,0.005097508939564635,18.849999999999913,0.5303724757442038,1417.659286386416,423.9852376849013,-0.5,0.0,-0.43130935587974467,-0.2529273404173613,0.0,0.0,,
67.4,5.161153194715107,0.04720663139327594,8.279718490109854,-0.003387210420060875,-0.001732986172023308,-0.0027509372318041377,18.799999999999912,0.5303724757442038,1419.2788530177445,424.93497984816844,-0.5,0.0,-0.43130935587974467,-0.2529273404173613,0.0,0.0,,
67.5,5.318103695145327,-0.015128212339868802,8.15014000173894,-0.001524164629065978,0.011148859733413334,0.0072194183794546665,18.74999999999991,0.5303724757442038,1420.894106555514,425.88219273803145,-0.5,0.0,-0.43130935587974467,-0.2529273404173613,0.0,0.0,,
67.60000000000001,5.265625690302741,0.18829157792803838,8.256665962742222,-0.008129606632082096,-0.01335679347102073,0.008636716284270173,18.69999999999991,0.5303724757442038,1422.505046999725,426.82687635449025,-0.5,0.0,-0.43130935587974467,-0.2529273404173613,0.0,0.0,,
67.7,5.335781743040929,-0.15858527393525035,8.100166944734548,-0.01565912633094498,-0.00263695118490751,-0.005159097563294384,18.64999999999991,0.5303724757442038,1424.1116743503771,427.7690306975449,-0.5,0.0,-0.43130935587974467,-0.2529273404173613,0.0,0.0,,
67.8,5.202193259059741,0.09390748480825398,8.30991299488619,-0.0005492326596351114,-0.008688222626147326,0.009554258880084168,18.59999999999991,0.5303724757442038,1425.7139886074704,428.7086557671954,-0.5,0.0,-0.43130935587974467,-0.2529273404173613,0.0,0.0,,
67.9,5.269948108085542,0.1534974911039312,8.185580659453324,0.006484081084679594,0.0028139474164369034,-0.01698523125025298,18.54999999999991,0.5303724757442038,1427.3119897710048,429.6457515634417,-0.5,0.0,-0.43130935587974467,-0.2529273404173613,0.0,0.0,,
68.0,5.134284528387811,0.27119796675230673,8.267169321284786,-0.017815730453571196,0.007307555861538685,-0.011243943211718035,18.499999999999908,0.5303724757442038,1428.9056778409806,430.58031808628385,-0.5,0.0,-0.43130935587974467,-0.2529273404173613,0.0,0.0,1430.7387736505889,429.5065552450407
68.10000000000001,5.173843516052184,-0.06075467665045881,8.048090281465464,-0.0030349326677850987,-0.011615345340937791,0.00963871448833599,18.449999999999907,0.5303724757442038,1430.4950528173974,431.5123553357218,-0.5,0.0,-0.43130935587974467,-0.2529273404173613,0.0,0.0,,
68.2,4.983140710980528,0.15559015097642742,8.154734462050458,0.002642745862860235,0.003200654464446227,-0.01017339910194449,18.399999999999906,0.5303724757442038,1432.0801147002555,432.4418633117556,-0.5,0.0,-0.43130935587974467,-0.2529273404173613,0.0,0.0,,
68.3,5.211415719151665,0.024094068445984072,8.17050627462405,-0.014066726067451067,0.013708333743907649,0.0005714191797758176,18.349999999999905,0.5303724757442038,1433.660863489555,433.36884201438517,-0.5,0.0,-0.43130935587974467,-0.2529273404173613,0.0,0.0,,
68.4,5.290073298443022,-0.11487943990660038,8.28730564153179,-0.007894250829240971,-0.01632529364426699,0.008102734634149511,18.299999999999905,0.5303724757442038,1435.2372991852953,434.2932914436106,-0.5,0.0,-0.43130935587974467,-0.2529273404173613,0.0,0.0,,
68.5,5.16188358645976,0.2730882511412701,8.146631601246222,0.016290840588600163,0.005723368451445003,0.007769972641520996,18.249999999999904,0.5303724757442038,1436.809421787477,435.2152115994319,-0.5,0.0,-0.43130935587974467,-0.2529273404173613,0.0,0.0,,
68.60000000000001,5.408370008473132,0.22079573286945514,8.345060684254294,-0.0029692609856825777,0.006213676281798668,0.017741858593170467,18.199999999999903,0.5303724757442038,1438.3772312961,436.13460248184896,-0.5,0.0,-0.43130935587974467,-0.2529273404173613,0.0,0.0,,
68.7,5.261552235220288,0.01561826056971076,8.247160808508081,0.014768222018334411,-0.01736331867610666,0.014662646436439625,18.149999999999903,0.5303724757442038,1439.940727711164,437.0514640908619,-0.5,0.0,-0.43130935587974467,-0.2529273404173613,0.0,0.0,,
68.8,5.579030746513099,0.0012482983676208037,8.29803574143716,-0.014599462965896717,0.00704761036485617,0.0009248252930042656,18.099999999999902,0.5303724757442038,1441.4999110326694,437.9657964264706,-0.5,0.0,-0.43130935587974467,-0.2529273404173613,0.0,0.0,,
68.9,5.155704818849597,0.2273980455703356,7.862561849085885,-0.007494296783343504,0.0039544765878315,-0.0006591796775724176,18.0499999999999,0.5303724757442038,1443.054781260616,438.8775994886752,-0.5,0.0,-0.43130935587974467,-0.2529273404173613,0.0,0.0,,
69.0,5.004741218190002,-0.044401072312454486,8.256810242704688,0.004665820996163752,0.003073814587715457,0.001298915224723517,17.9999999999999,0.5303724757442038,1444.6053383950036,439.7868732774756,-0.5,0.0,-0.43130935587974467,-0.2529273404173613,0.0,0.0,1448.9585748617847,442.973627610591
69.10000000000001,5.116080553302789,0.06453974320661993,8.322618441652276,0.018066346938565077,0.004488650269804196,0.0011635183188938763,17.9499999999999,0.5303724757442038,1446.1515824358326,440.6936177928718,-0.5,0.0,-0.43130935587974467,-0.2529273404173613,0.0,0.0,,
69.2,5.350301957963571,0.13234329500937664,8.378022633175489,0.012166065733080957,-0.004618277413474267,0.0074430372493089056,17.8999999999999,0.5303724757442038,1447.6935133831028,441.59783303486387,-0.5,0.0,-0.43130935587974467,-0.2529273404173613,0.0,0.0,,
69.3,5.477417235461652,-0.10806123861604178,8.252086637335443,0.017886603968060025,-0.006689544360501626,-0.004965408238920354,17.8499999999999,0.5303724757442038,1449.231131236814,442.4995190034517,-0.5,0.0,-0.43130935587974467,-0.2529273404173613,0.0,0.0,,
69.4,5.400838740213999,0.0008646087056516094,8.003226715641512,0.004273135041672433,0.011866518829038537,0.012146960931126168,17.799999999999898,0.5303724757442038,1450.7644359969665,443.39867569863543,-0.5,0.0,-0.43130935587974467,-0.2529273404173613,0.0,0.0,,
69.5,5.402659660000997,0.20701383299529166,8.299383765196877,-0.003182501825650693,-0.02499414375439723,0.019371665821356153,17.749999999999897,0.5303724757442038,1452.2934276635604,444.2953031204149,-0.5,0.0,-0.43130935587974467,-0.2529273404173613,0.0,0.0,,
69.60000000000001,5.420461132226013,0.01679385891668315,8.168807551744825,0.011840947038959668,0.01624053631316458,-0.005683720345945233,17.699999999999896,0.5303724757442038,1453.8181062365952,445.1894012687903,-0.5,0.0,-0.43130935587974467,-0.2529273404173613,0.0,0.0,,
69.7,5.268710860648209,0.08110338556601435,8.310679906385214,-0.0046480643861676755,-0.006683474434857667,-0.0006561325996253583,17.649999999999896,0.5303724757442038,1455.3384717160714,446.0809701437615,-0.5,0.0,-0.43130935587974467,-0.2529273404173613,0.0,0.0,,
69.8,5.220827503953237,0.024781843015305973,8.370746412922946,-0.020970427206634633,0.0015954827451194018,0.009270204114713338,17.599999999999895,0.5303724757442038,1456.8545241019888,446.97000974532847,-0.5,0.0,-0.43130935587974467,-0.2529273404173613,0.0,0.0,,
69.9,5.150308990473973,0.04252356293499649,8.06830561551092,0.004433775288896284,-0.005814529873117173,-0.000597724522950191,17.549999999999894,0.5303724757442038,1458.3662633943472,447.8565200734913,-0.5,0.0,-0.43130935587974467,-0.2529273404173613,0.0,0.0,,
70.0,5.792402570177946,0.8201590334618277,8.140850585393233,0.054660381034047134,-0.0056855573134861025,0.05077901487508152,17.499999999999893,0.5303724757442038,1459.8740530215637,448.74680036786964,0.2,1.0499999999999936,-0.3586236725245577,1.0069205835144028,0.0,0.06,,
70.10000000000001,5.592485739729184,1.1999854246682184,7.712316922292609,0.03473889579014894,0.011733643368846447,0.05954876052103202,17.519999999999893,0.5363724757442038,1461.3781904661219,449.6471376171077,0.2,1.0509897670079,-0.36516449655004324,1.0056015019950366,0.0,0.05998800039999466,,
70.2,5.783825949536007,0.8192577259414866,8.189381426161319,0.02847092024083383,-0.001054983641359952,0.055588543658396675,17.539999999999893,0.5423712757842032,1462.8786114435911,450.55751640351235,0.2,1.0515581922500066,-0.37148369554049887,1.0038797216976125,0.0,0.05995200639965867,,
70.3,5.809314398340581,1.1915852237118154,7.828891805616039,0.04620914298160627,0.020848556511235874,0.0710543685633362,17.559999999999892,0.548366476424169,1464.375253960102,451.4779173106224,0.2,1.0517040888757248,-0.3775714988669744,1.0017590797199019,0.0,0.05989203239611225,,
70.4,5.987607278105951,1.1585102436680934,8.061467758372448,0.05490895428445312,-0.006059861386822316,0.05245886520370559,17.57999999999989,0.5543556796637803,1465.8680584091896,452.4083169635796,0.2,1.0514264398079964,-0.3834182766513643,0.9992437057380028,0.0,0.05980810237815716,,
70.5,5.956605733304596,1.1323143462732534,7.8870772364154105,0.03437783810211535,-0.007124148487150275,0.04667520112275783,17.59999999999989,0.560336489901596,1467.356967667108,453.34868807236006,0.2,1.0507243985335888,-0.38901455581402977,0.9963380134465336,0.0,0.05970024991668155,,
70.60000000000001,5.713860557069722,1.431923953102852,7.876015425034039,0.03561073433150656,0.006321252321405642,0.0773299321100181,17.61999999999989,0.5663065148932642,1468.841927186455,454.29899947777557,0.2,1.0495972898247006,-0.3943510358277335,0.9930466914244013,0.0,0.05956851815123196,,
70.7,5.897577811443198,1.0114813940516554,7.9837302831543075,0.03403682796259115,-0.02019913391871125,0.05022742342455909,17.63999999999989,0.5722633667083874,1470.3228850879536,455.2592162001493,0.2,1.0480446103914487,-0.39941860414514624,0.9893746934469804,0.0,0.05941295977275823,,
70.8,5.864750361323943,1.0012549162488054,7.71355343433703,0.027325022022590184,0.003904444229382006,0.07678590686532645,17.65999999999989,0.5782046626856632,1471.799792250239,456.229299490565,0.2,1.0460660294648079,-0.40420835126837873,0.9853272282674255,0.0,0.05923363700253762,,
70.9,6.072647926729274,1.0509421364712936,7.858744639530709,0.03290248749437449,-0.008230271779884543,0.06834410873232716,17.67999999999989,0.584128026385917,1473.2726023975008,457.2092068845825,0.2,1.0436613893096325,-0.4087115854302996,0.9809097488916925,0.0,0.05903062156728727,,
71.0,5.718620617107817,0.7267063813962626,7.870924225041744,0.04380371140306245,0.01298411478054503,0.06043399428158473,17.69999999999989,0.5900310885426457,1474.7412721848407,458.19889225830957,0.2,1.040830705667392,-0.4129198468587833,0.9761279413735682,0.0,0.058803994670474494,,
71.10000000000001,5.806200858461229,1.0935858131047862,8.091026905416754,0.02119892358304386,0.017710106368541527,0.06015743862571968,17.71999999999989,0.5959114880096932,1476.2057612812032,459.1983058867131,0.2,1.0375741681282926,-0.4168249215965202,0.970987713157676,0.0,0.0585538469598363,,
71.2,5.623751506468838,1.2882842119608269,8.142829352045364,0.03874275001455324,-0.005797021174363399,0.04543569541980541,17.73999999999989,0.6017668727056769,1477.6660324497482,460.20739450405057,0.2,1.0338921404324937,-0.4204188548505829,0.9654951809999922,0.0,0.058280278491121766,,
71.3,5.8107553407350645,0.8230776163156538,7.817275504940642,0.04161000955842192,0.005874934084247218,0.05281164419490047,17.759999999999888,0.607594900554789,1479.1220516255314,461.22610136629737,0.2,1.029785160700131,-0.4236939638475664,0.9596566584968457,0.0,0.0579833986880708,,
71.4,5.859504748210693,1.0347577691746361,7.885817677470384,0.033757793865506265,0.021851015778114418,0.06761450564614092,17.779999999999887,0.6133932404235961,1480.573787990372,462.2543663154426,0.2,1.0252539415899236,-0.42664285017183934,0.9534786432547525,0.0,0.05766332629864624,,
71.5,5.726868163551113,1.0650880645538998,7.842815257964929,0.053381624000118755,-0.018633692532868246,0.06905516423123056,17.799999999999887,0.6191595730534607,1482.021214044787,463.2921258455218,0.2,1.0202993703861407,-0.42925841156618494,0.9469678037346523,0.0,0.057320189347536354,,
71.60000000000001,5.949685558062616,0.8985906060224881,7.821149463566708,0.018719404144770302,0.0038195678625028502,0.05803375929816583,17.819999999999887,0.6248915919882143,1483.464305676879,464.33931317025355,0.2,1.0149225090137386,-0.43153385317592197,0.940130965805235,0.0,0.05695412508494641,,
71.7,6.000067159740851,1.084080203080727,7.93457037650001,0.03191504155595134,0.0012474030432011742,0.05072824742377049,17.839999999999886,0.6305870044967089,1484.9030422280666,465.3958582921425,0.2,1.0091245939815352,-0.43346269821946143,0.9329750990410743,0.0,0.05656527993170076,,
71.8,5.611808233693565,1.0971616253605385,8.15563870807296,0.042547423663403805,0.0030661912153376494,0.0532354784759918,17.859999999999886,0.636243532489879,1486.3374065555618,466.46168807291076,0.2,1.0029070362532686,-0.43503879807010537,0.9255073028021081,0.0,0.0561538094206761,,
71.9,5.7406021022216445,0.8941798915030009,7.8836190001938995,0.02610570773482077,0.006743389834683667,0.06511658636607846,17.879999999999885,0.6418589134319466,1487.7673850914898,467.53672630511613,0.2,0.9962714210464734,-0.4362563417358408,0.9177347921318122,0.0,0.05571987813459059,,
72.0,5.716513211943807,1.0772344231513924,7.989652847403009,0.03643698438333413,0.012068190220836113,0.03784821506809641,17.899999999999885,0.6474309012454056,1489.1929678985696,468.6208937848161,0.2,0.9892195075590922,-0.4371098647257692,0.9096648835119847,0.0,0.0552636596401731,,
72.10000000000001,5.863687979874793,0.913596020988065,7.873970756467849,0.03207530530869881,0.0005582367420274276,0.042270012346144636,17.919999999999884,0.6529572672094229,1490.6141487222649,469.71410838513293,0.2,0.9817532286237867,-0.4375942572937565,0.9013049805125648,0.0,0.05478533641873845,,
72.2,5.695186181512116,1.0138934038027017,7.903228085160853,0.03803923255021661,0.0003755488010765174,0.042574525074758215,17.939999999999884,0.6584358008512968,1492.0309250393314,470.8162851305769,0.2,0.973874690289962,-0.437704772051827,0.8926625593752812,0.0,0.05428509979319779,,
72.3,5.729777169249516,1.2369434855836292,8.025691285261392,0.036034747472657405,0.0009538273782913895,0.05992285938710934,17.959999999999884,0.6638643108306166,1493.4432981026887,471.9273362719826,0.2,0.9655861713335,-0.43743703094770836,0.8837451545701062,0.0,0.05376314985153153,,
72.4,6.124887186120128,1.1792704686605857,7.550704538972887,0.022699029849112776,-0.0011847473268478187,0.04776133698979773,17.979999999999883,0.6692406258157697,1494.8512729825516,473.0471713619145,0.2,0.956890122694285,-0.4367870316028709,0.8745603443636331,0.0,0.05321969536675702,,
72.5,5.939078090179505,1.074960378745426,7.768604265320972,0.019290872512250708,0.008226694244663364,0.05359489554583377,17.999999999999883,0.6745625953524454,1496.254858603762,474.1756973303969,0.2,0.9477891668415963,-0.43575115300925216,0.8651157364384228,0.0,0.05265495371342236,,
72.60000000000001,6.079248949988642,1.1025457323006207,7.803182597689499,0.013778228467899011,0.004159137249543958,0.06012752347189217,18.019999999999882,0.6798280907237877,1497.65406777927,475.31281856082654,0.2,0.938286097067468,-0.4343261605846831,0.8554189536021926,0.0,0.05206915078065894,,
72.7,6.02131139020197,0.9245386390788713,7.730622622471022,0.013313993543606746,0.011492663436116749,0.04303237132733358,18.039999999999882,0.6850350058018536,1499.0489172397192,476.45843696592505,0.2,0.9283838767081968,-0.4325092105888625,0.8454776196254631,0.0,0.05146252088182943,,
72.8,5.733062638819127,0.8356174611851661,7.497574537047557,0.01381027795338206,-0.005847082118210869,0.05643666736201619,18.05999999999988,0.6901812578900366,1500.4394276590947,477.6124520635905,0.2,0.918085638294132,-0.43029785390341535,0.835299345245798,0.0,0.050835306660804984,,
72.9,5.811802171264688,1.0293022248118733,7.964557132432253,0.01671316030741766,0.007070887470931421,0.0264448481200354,18.07999999999988,0.6952647885561171,1501.8256236764032,478.77476105251134,0.2,0.9073946826279881,-0.4276900391812976,0.8248917143762853,0.0,0.05018775899491117,,
73.0,5.9640136884073565,0.8798736181765551,7.831864144480288,0.0392356007776779,0.010456130472561019,0.048125683169207435,18.09999999999988,0.7002835644556081,1503.2075339133578,479.9452588874052,0.2,0.8963144777919047,-0.4246841153724099,0.8142622705552116,0.0,0.049520136894580694,,
73.10000000000001,5.742361170331472,0.891035602888428,7.757608452362935,0.04092516725275373,0.004528983211242955,0.05010226272927985,18.11999999999988,0.7052355781450662,1504.5851909880462,481.1238383537501,0.2,0.8848486580834999,-0.4212788336338066,0.8034185036730919,0.0,0.04883270739975197,,
73.2,6.005535889969473,1.029246011006293,8.03716914532949,0.037665134768965186,-0.012232480475113017,0.046604649667243425,18.13999999999988,0.7101188488850414,1505.9586315245679,482.3103901418776,0.2,0.8730010228812579,-0.417473348634415,0.7923678370123883,0.0,0.048125745473057535,,
73.3,5.875649833574682,0.9507350431777962,7.854076451399121,0.02584814115552824,0.007904439053683631,0.05575482857728871,18.15999999999988,0.7149314234323472,1507.3278961586332,483.5048029203011,0.2,0.8607755354395236,-0.41326721926549004,0.781117614634165,0.0,0.04739953388984192,,
73.4,6.02287548277096,0.956222913051921,7.901294278981521,0.024822137175984568,0.0009370541077199205,0.07057593027013631,18.17999999999988,0.7196713768213313,1508.6930295391187,484.7069634081566,0.2,0.8481763216135056,-0.4086604087693998,0.7696750891449222,0.0,0.04665436312505563,,
73.5,5.893281104052195,0.6919053928597945,8.032598639209969,0.016851944252710322,-0.02470258500677741,0.04611311873644267,18.19999999999988,0.7243368131338369,1510.0540803255856,485.9167564466361,0.2,0.8352076685146557,-0.40365328430049874,0.7580474098756012,0.0,0.0458905312370693,,
73.60000000000001,5.916513333357401,0.8312929385239557,7.8645694839819456,0.03764235384076699,0.014662769506311693,0.04335048389096571,18.219999999999878,0.7289258662575439,1511.4111011817668,487.13406506930005,0.2,0.8218740230968196,-0.39824661593295985,0.7462416115034708,0.0,0.04510834374845363,,
73.7,5.822468073407234,0.9175282354238389,7.715433217239754,0.013799425365161183,0.0001920112605459567,0.03609915733882787,18.239999999999878,0.7334367006323892,1512.7641487650362,488.35877057115795,0.2,0.8081799906736551,-0.39244157513148936,0.7342646031462942,0.0,0.04430811352377525,,
73.8,5.881540461863561,1.005859148161893,7.781367171409069,0.02788500788750165,0.0061988168930712595,0.04219267601911495,18.259999999999877,0.7378675119847667,1514.1132837118828,489.59075257641285,0.2,0.7941303333677308,-0.38623973270168965,0.72212315795664,0.0,0.04349016064445433,,
73.9,5.694254699445154,0.9537171132884539,8.046603895184534,0.039500425809032125,0.008818213623779568,0.022995208411414916,18.279999999999877,0.7422165280492122,1515.4585706194093,490.8298891047695,0.2,0.7797299684918596,-0.37964305623771,0.7098239032427742,0.0,0.04265481228073659,,
74.0,5.690715116710583,0.9009704143269024,7.693860717443804,0.022058419633027685,0.004040822628559484,0.045761471340838876,18.299999999999876,0.7464820092772859,1516.8000780228886,492.0760566362121,0.2,0.7649839668631824,-0.37265390708548257,0.6973733111409233,0.0,0.04180240256082992,,
74.10000000000001,5.849913137595256,0.7789237418939895,7.9250296534479165,0.009753143226433782,0.0024529483677052147,0.05253789118749053,18.319999999999876,0.7506622495333689,1518.1378783694074,493.32913017416286,0.2,0.7498975510505383,-0.3652750368404291,0.6847776898620588,0.0,0.04093327243725674,,
74.2,6.021055096296603,0.9178112868244472,7.6622090604159485,0.032213198253581606,0.010065116567032762,0.03260976182217338,18.339999999999876,0.7547555767770946,1519.4720479876396,494.5889833069385,0.2,0.7344760935557699,-0.3575095833990601,0.6720431755347082,0.0,0.04004776955047846,,
74.3,6.012805465691147,0.45363198618982,8.04272166278725,0.01553058354901838,-0.009074617206046978,0.020645174774085853,18.359999999999875,0.7587603537321425,1520.8026670537881,495.85548826742877,0.2,0.7187251149295151,-0.34936106658418964,0.6591757246634633,0.0,0.039146248089843134,,
74.4,5.7561663029084285,0.5769544281658285,8.069827947032246,0.010103144538611487,0.00607467179665498,0.027650124250120534,18.379999999999875,0.7626749785411268,1522.1298195537452,497.12851599092625,0.2,0.7026502818221885,-0.34083338336383595,0.6461811072211576,0.0,0.038229068651914756,,
74.5,5.72932677898357,0.9521492280416773,8.019833928984918,0.015631120422358195,-0.00952699778145662,0.039783557683809645,18.399999999999874,0.7664978854063182,1523.453593241518,498.4079361710433,0.2,0.6862574049708088,-0.3319308026840012,0.6330649003908078,0.0,0.037296598096239864,,
74.60000000000001,5.939361322269326,0.9254960148318184,7.762756767658864,0.0078855970510815,0.00010340801164394548,0.04681486354576622,18.419999999999874,0.7702275452159423,1524.7740795939776,499.69361731365973,0.2,0.669552437122349,-0.3226579599355771,0.6198324829715596,0.0,0.03634920939860769,,
74.7,5.847466210013911,0.6737200077567097,8.098420859425968,0.012850332904822095,0.009710125048598481,0.04384023174458634,18.439999999999873,0.773862466155803,1526.091373761985,500.9854267888503,0.2,0.652541470894402,-0.3130198510756475,0.6064890304610704,0.0,0.03538728150186586,,
74.8,5.875107178135967,0.4516557405517285,7.772982262036199,0.021139130677863226,-0.0032212646611436704,0.04918709595034191,18.459999999999873,0.7774011943059896,1527.4055745179598,502.28323088074853,0.2,0.635230736573849,-0.3030218264232337,0.5930395108247699,0.0,0.03441119916434742,,
74.9,5.963851094441243,0.5308882497072599,7.661542337962956,-0.0004685057193162083,-0.013780565974865405,0.04461139959079261,18.479999999999873,0.7808423142224243,1528.7167841999494,503.5868948353099,0.2,0.6176265998543764,-0.29266958414938393,0.5794886809606419,0.0,0.03342135280597298,,
75.0,5.8039766912727835,0.7829580236808483,7.850913138688816,0.014216046414869291,9.951832165717915e-05,0.025689557074911107,18.499999999999872,0.7841844495030217,1530.0251086522721,504.8962829059457,0.2,0.599735559513631,-0.28196916348113654,0.5658410838662,0.0,0.032418138352088385,,
75.10000000000001,5.637231408535321,0.5832508588724983,7.702835982305905,0.0061339689079713475,-0.005371506795265609,0.0389595018123551,18.51999999999987,0.7874262633382305,1531.3306571628,506.21125839700363,0.2,0.5815642450308273,-0.2709269376384694,0.552101046512427,0.0,0.03140195707509888,,
75.2,5.986954609985594,0.6075378478650246,8.143442071420836,0.02502887569606322,-0.005348444254846975,0.04007325367157045,18.53999999999987,0.7905664590457404,1532.633542396954,507.5316837050806,0.2,0.5631194141457381,-0.25954960652292713,0.5382726784276097,0.0,0.030373215433966663,,
75.3,6.0900573975593755,0.49323306494528046,8.086168847099538,0.007544640122897142,0.009268826886192716,0.0450135401965287,18.55999999999987,0.793603780589137,1533.9338803284872,508.8574203581592,0.2,0.5444079503598803,-0.24784418917594536,0.5243598709920164,0.0,0.029332324911631687,,
75.4,6.004360996699559,0.47330276808625005,7.802702520055334,0.021560737037903687,0.018115961138061902,0.03558343551919012,18.57999999999987,0.7965370130803002,1535.2317901671313,510.18832905256636,0.2,0.5254368603808804,-0.23581801602435892,0.5103662974425839,0.0,0.028279701850424336,,
75.5,5.630070534990368,0.4689386480227243,8.145808727456636,0.008410558591152537,0.007297277579908723,0.013407717582765589,18.59999999999987,0.7993649832653427,1536.527394283185,511.5242696877601,0.2,0.5062132715109408,-0.22347872092981189,0.4962954135848776,0.0,0.02721576728553464,,
75.60000000000001,5.556334491921398,0.4555228769847865,7.772984221298392,0.023419120043059787,-0.009452277312336445,0.01540941349097271,18.61999999999987,0.8020865599938961,1537.8208181291272,512.865101398957,0.2,0.4867444289803377,-0.21083423305801335,0.4821504592077398,0.0,0.026140946776602638,,
75.7,5.956493805425525,0.5174036120408482,7.820198377255917,0.005979333698968803,-0.0008156269005704117,0.027003327685700178,18.63999999999987,0.8047006546715564,1539.1121901583347,514.2106825876208,0.2,0.4670376932270238,-0.1978927685830479,0.4679344601943266,0.0,0.025055670237501455,,
75.8,5.908977692806966,0.34623641521684756,7.7822187962427725,0.020649857037358464,-0.0055337989637289624,0.041902505945591334,18.65999999999987,0.8072062216953065,1540.4016417409875,515.560870949838,0.2,0.4471005371232608,-0.1846628222409645,0.4536502313213454,0.0,0.023960371764376417,,
75.9,5.813252960672655,0.312064163310559,7.823944060327676,0.017507911674676708,-0.007023298517579549,0.03508222310718839,18.67999999999987,0.8096022588717442,1541.6893070772499,516.9155235026145,0.2,0.4269405431503967,-0.17115315874607656,0.43930037973668545,0.0,0.022855489462012834,,
76.0,5.81878824694589,0.27180258911359045,7.891409063168353,0.014240760226307696,0.010870496489083574,0.033606323576767155,18.699999999999868,0.8118878078179455,1542.9753231078107,518.2744966081342,0.2,0.4065654005228247,-0.1573728040823991,0.4248873091038702,0.0,0.021741465268600404,,
76.10000000000001,5.849403850266836,0.2890123291491429,7.776595850794507,0.019226317082844186,-0.006952944102772219,0.019576623557621457,18.719999999999867,0.8140619543448054,1544.2598294218728,519.637645996024,0.2,0.3859829022621794,-0.143331036681676,0.4104132244001053,0.0,0.020618744778962722,,
76.2,5.909883079728483,0.48678014162517913,8.01627840061711,0.012870373127753396,-0.0008792112324392934,0.021785749439057377,18.739999999999867,0.8161238288227017,1545.5429681626774,521.0048267836813,0.2,0.3652009422229567,-0.1290373784985447,0.3958801373531623,0.0,0.019487777066326536,,
76.3,5.670781324148229,0.15899779789764693,7.86109720124425,0.014678397066600655,-0.009089239852843965,0.02623144389393989,18.759999999999867,0.8180726065293343,1546.824883930656,522.3758934947215,0.2,0.3442275120706005,-0.11450158599226676,0.3812898725006618,0.0,0.018349014502697384,,
76.4,5.815974361730778,0.2858101298965453,7.480489794835078,0.02766886765288567,-0.00011642402928945721,0.013514604021381736,18.779999999999866,0.8199075079796041,1548.1057236842976,523.7507000756112,0.2,0.3230706982132839,-0.0997336410235671,0.36664407385392306,0.0,0.017202912577917263,,
76.5,5.9445765469648375,0.41712062805860617,7.818791798163356,0.022245199064243708,0.012096664188017355,0.015629762129854126,18.799999999999866,0.8216277992373958,1549.3856366388252,525.1290999105605,0.2,0.3017386786885324,-0.08474374167404536,0.3519442121470163,0.0,0.01604992971747524,,
76.60000000000001,5.801031280297255,0.14002878181527167,8.059152060675785,0.006659502768733597,-0.00021544742498248634,-0.005456881417248732,18.819999999999865,0.8232327922091434,1550.6647741627703,526.5109458347478,0.2,0.2802397200058555,-0.06954229299462927,0.337191592650246,0.0,0.01489052709914227,,
76.7,5.752009225961202,0.26309246814733295,7.813400726618162,0.016382537001680485,0.002113798789469593,0.030163172255231737,18.839999999999865,0.8247218449190575,1551.9432896725418,527.8960901459632,0.2,0.25858217394667987,-0.054139897688633365,0.3223873635260156,0.0,0.013725168468507524,,
76.80000000000001,5.589479986640935,0.30283249351081637,7.54359461706343,0.013673168308701918,-0.025307131111352774,-0.003546340960368613,18.859999999999864,0.8260943617659083,1553.221338525079,529.2843846147565,0.2,0.23677447432272586,-0.03854734673390367,0.30753252470361464,0.0,0.012554319953485025,,
76.9,5.755066224999697,0.48796444837847025,7.95779378885126,0.015424855245959017,-0.015228512911701067,0.02214357384361949,18.879999999999864,0.8273497937612568,1554.4990779086854,530.6756804931834,0.2,0.21482513369418385,-0.02277560994773989,0.2926279372483639,0.0,0.011378449877869989,,
77.0,5.8009464974917,0.34313201506625146,8.058539308731179,0.028415405675336083,-0.00998294481297822,0.019127064523677878,18.899999999999864,0.8284876387490439,1555.7766667321353,532.0698285222466,0.2,0.19274274004887168,-0.006835826497245734,0.27767433319924706,0.0,0.010198028574014448,,
77.10000000000001,5.890947049631875,-0.10679825661689196,7.4840508443191665,0.0023261990492895682,0.004471723414299118,0.010892125570995222,18.919999999999863,0.8295074416064453,1557.054265512151,533.4666789381341,0.2,0.17053595344374253,0.009260704642974377,0.2626723258481599,0.0,0.009013528194701045,,
77.2,5.792013598638498,0.09216203164766153,7.977386849421286,-0.007064906768168638,-0.0010149327407243806,0.013606172440673976,18.939999999999863,0.8304087944259154,1558.3320362593445,534.8660814773623,0.2,0.14821350261002678,0.02550253428474207,0.24762242043277902,0.0,0.007825422524288693,,
77.30000000000001,5.870773158223762,0.09789028858685805,7.4873421987017945,-0.0034401457145847706,0.013219286067267286,0.0007497328381301984,18.959999999999862,0.8311913366783443,1559.6101423627179,536.2678853809311,0.2,0.12578418152330748,0.04187807267158798,0.23252502521406498,0.0,0.00663418678920403,,
77.4,5.713043826818812,0.3062162931241422,7.696206097586198,0.014469576469386281,0.010350193924419566,0.0050925812562191315,18.979999999999862,0.8318547553572647,1560.8887484728243,537.6719393976084,0.2,0.10325684593995359,0.05837559917574717,0.21738046290856,0.0,0.0054402974678585,,
77.5,5.730971526484521,0.1619111702516427,7.729147884625056,0.015513811575286538,0.0007586050223395874,0.016007469343221843,18.99999999999986,0.8323987851040505,1562.1680203836813,539.0780917864569,0.2,0.08064040990118072,0.07498327204799342,0.20218898244466005,0.0,0.004244232100062174,,
77.60000000000001,5.942266092016191,-0.04441403050068324,8.067567289521044,-0.00043373303525886956,0.0063166661324459816,0.008093323549335492,19.01999999999986,0.8328232083140568,1563.4481249135363,540.4861903187272,0.2,0.05794384220619811,0.09168913822188857,0.18695077101136598,0.0,0.003046469096014644,,
77.7,5.923309687069122,-0.1775330433534534,8.007570170257035,0.0023538839572281207,-0.009916355058530663,0.01464040181431712,19.03999999999986,0.8331278552236582,1564.7292297845845,541.896082279237,0.2,0.035176162855808275,0.10848114317460923,0.1716659663672106,0.0,0.0018474875449479271,,
77.80000000000001,5.92910042376946,0.04478050625929257,7.705229055956559,0.004602906208489508,0.0029226306450852997,0.014189350408314323,19.05999999999986,0.833312603978153,1566.0115035017348,543.3076144673631,0.2,0.012346439467831958,0.12534714084695564,0.15633466937639362,0.0,0.0006477670234959102,,
77.9,5.826814078830745,-0.022039032289588305,8.04643750664345,-0.003920916653275724,-0.0034353123564569653,0.020203587787470775,19.07999999999986,0.8333773806805026,1567.2951152305254,544.7206331977721,0.2,-0.010536216334132978,0.14227490362541387,0.1409569567386401,0.0,-0.0005522125961285668,,
78.0,5.932761489915464,-0.017147751104815607,7.787171719826006,0.014559167155207909,-0.011983188419693754,0.0020580733686156013,19.09999999999986,0.8333221594208897,1568.580234674288,546.1349843010195,0.2,-0.033462652557276734,0.15925213238955555,0.12553289387865038,0.0,-0.0017519713380773289,,
78.10000000000001,5.955790669628652,-0.2738476813548063,7.9184521691324,-0.020335667286890655,0.004759599747155971,0.0092390945802347,19.11999999999986,0.833146962287082,1569.8670319506646,547.5505131241457,0.2,-0.056423680499938074,0.17626646662812628,0.11006254796066975,0.0,-0.0029510293148503394,,
78.2,5.5966317315396275,-0.1907609286993786,7.857826869000389,0.0010427145667533085,-0.014450652286406152,0.009763249163040139,19.13999999999986,0.8328518593555969,1571.1556774675728,548.9670645314025,0.2,-0.07941007843432492,0.1933054946273669,0.09454600099324481,0.0,-0.004148906919243757,,
78.30000000000001,6.03507300542874,0.32823723594884324,8.063298253477381,0.009157038243594562,-0.0017101329483941747,0.003470968876525684,19.159999999999858,0.8324369686636726,1572.4463417987297,550.3844829052384,0.2,-0.10241259531015526,0.21035676373514384,0.07898336298891376,0.0,-0.005345125016187683,,
78.4,5.894734835914762,-0.013360902616320641,8.063439073042872,-0.007536740920763316,-0.008743996029628182,0.006245881214327175,19.179999999999858,0.8319024561620538,1573.7391955588298,551.8026121476778,0.2,-0.12542195447764426,0.22740779070431688,0.06337478514341392,0.0,-0.0065392051343923455,,
78.5,5.874813494010585,-0.05306521011714885,7.726598518895103,-0.01510841652407154,-0.009034731416668386,-0.014063655813099754,19.199999999999857,0.8312485356486146,1575.0344092784874,553.2212956822227,0.2,-0.14842885742844353,0.24444607211876931,0.04772047299868955,0.0,-0.007730669657731492,,
78.60000000000001,5.990821212588239,0.12474085693092132,8.144736172985102,-0.015239856499059574,0.021924397857350373,-0.011583201981282152,19.219999999999857,0.8304754686828414,1576.332153279045,554.6403764564112,0.2,-0.1714239875529373,0.2614590949051522,0.03202069955401121,0.0,-0.008919042016281924,,
78.7,5.7892105494351185,-0.2372086814024318,7.993088913077791,-0.02564105558664031,-0.003560051200677629,-0.009112060735521513,19.239999999999856,0.8295835644812132,1577.6325975473546,556.0596969451612,0.2,-0.1943980139124138,0.2784343469331705,0.016275818289409966,0.0,-0.010103846876944659,,
78.80000000000001,5.749224263810439,-0.25511216041259605,7.963804259066378,-0.008940773250988035,-0.004637676987149959,0.01291787857334577,19.259999999999856,0.8285731797935187,1578.9359116106386,557.4790991550301,0.2,-0.21734159502461342,0.2953593277068307,0.00048627606568490966,0.0,-0.011284610333572951,,
78.9,6.094390584769659,-0.04458590012761615,7.678584697008969,-0.0028086086234492304,0.016313574628703652,0.009318208234042818,19.279999999999855,0.8274447187601615,1580.242264411539,558.8984246295164,0.2,-0.24024538266104054,0.31222155914850525,-0.015347374134561748,0.0,-0.012460860096527093,,
79.0,5.679501735611618,-0.03821666960742534,7.779411937261552,-0.005814310214278326,-0.006095849316831562,-0.008682353160256947,19.299999999999855,0.8261986327505088,1581.5518241834618,560.3175144555323,0.2,-0.2631000256545929,0.3290085964772341,-0.03122446066032189,0.0,-0.013632125681585226,,
79.10000000000001,5.9428264141752125,-0.3227975739641032,7.753957077151031,-0.006837106384073397,-0.006153893463891082,0.0033527595573981583,19.319999999999855,0.8248354201823502,1582.864758326329,561.7362092711672,0.2,-0.2858961737158722,0.3457080391819011,-0.04714418087507033,0.0,-0.014797938598130144,,
79.2,5.939104757608563,-0.36309340815041985,7.715546049320508,-0.0055675648087931025,0.001430856830852187,-0.028194896418441164,19.339999999999854,0.8233556263225372,1584.181233282845,563.1543492748667,0.2,-0.30862448125665926,0.3623075420892975,-0.06310558910392916,0.0,-0.01595783253653886,,
79.30000000000001,5.8068308389698755,-0.360284840499182,7.67108934185749,-0.007684432280575578,0.008040396885702272,-0.016775486184636215,19.359999999999854,0.8217598430688834,1585.5014144153943,564.5717742361428,0.2,-0.33127561121901616,0.37879482652627877,-0.07910758487944836,0.0,-0.017111343554701376,,
79.4,5.8662438498885985,-0.2898563831712742,8.00077889492162,-0.011670556940407053,-0.005139650959415954,-0.0012208189870214952,19.379999999999853,0.8200487087134133,1586.8254658836786,565.9883235079323,0.2,-0.35384023890837285,0.3951576915742854,-0.09514890151975641,0.0,-0.018258010263590068,,
79.5,5.637486168951325,-0.41046927184811705,7.935107919777966,-0.013283657535691723,-0.00778984050231229,-0.0124425880806067,19.399999999999853,0.8182229076870543,1588.153550523208,567.4038360407127,0.2,-0.37630905582911534,0.41138402541369556,-0.11122809507235201,0.0,-0.019397374011810214,,
79.60000000000001,5.571022703194696,-0.3850776213615681,7.749987349296533,-0.013055139690505554,-0.005932651138726447,-0.008772476030878336,19.419999999999852,0.8162831702858733,1589.4858297247633,568.8181503984855,0.2,-0.3986727735210255,0.42746181675436856,-0.1273435336560184,0.0,-0.02052897906905399,,
79.7,5.8713122660000385,-0.40530291454586737,7.7288659204498895,-0.0032532948472691284,0.018812683166208252,-0.018077960253074586,19.439999999999852,0.8142302723789678,1590.8224633149418,570.2311047767272,0.2,-0.42092212739502194,0.4433791663477774,-0.14349338723265612,0.0,-0.021652372808386066,,
79.80000000000001,6.005617644945253,-0.3507927600983388,8.124745641630776,-0.022541719740615834,-0.008272806500652428,-0.010571635009947549,19.45999999999985,0.8120650350981292,1592.1636094379028,571.6425370224099,0.2,-0.44304788056664846,0.45912429857503484,-0.15967561783998666,0.0,-0.022767105887289404,,
79.9,5.838571858738129,-0.5328812978025675,7.870594042511916,-0.02056016010176177,-0.005696164553056751,-0.012562663711470533,19.47999999999985,0.8097883245094003,1593.5094244384313,573.0522846561821,0.2,-0.4650408276856517,0.47468557310391607,-0.1758879703150921,0.0,-0.023872732427395033,,
80.0,5.890172342408168,-0.2178233857742834,7.877485682549246,-0.007189522779526738,0.013324625267026675,-0.018080151728470918,19.49999999999985,0.8074010512666608,1594.8600627464377,574.4601848968016,0.2,-0.48689179876015287,0.4900514966069283,-0.19212796353786427,0.0,-0.024968810192828542,,
80.10000000000001,5.772593401554573,-0.7076406855443587,7.973560187482685,-0.01792779809164509,-0.007193114304274669,-0.02886713502717892,19.51999999999985,0.804904170247378,1596.2156767630079,575.8660746879003,0.2,-0.5085916629737514,0.5052107345311592,-0.2083928822222401,0.0,-0.02605490076709812,,
80.2,5.738351275039636,-0.5530140660280906,7.76525313750084,-0.0076602346654475045,-0.009762494346288187,-0.02313358803204502,19.53999999999985,0.8022986801706682,1597.5764167481263,577.269790727162,0.2,-0.5301313324940016,0.5201521229094903,-0.2246797692820075,0.0,-0.02713056972845474,,
80.30000000000001,5.9891754606829295,-0.7251557625174342,8.056513002467625,-0.03441527685885892,-0.0176478833176238,-0.009122816676583146,19.55999999999985,0.7995856231978227,1598.9424307101895,578.6711694979814,0.2,-0.5515017662707119,0.5348646802015262,-0.2409854187967274,0.0,-0.028195386823656247,,
80.4,5.833627622908811,-0.43929751173406717,7.881281408323783,-0.0022526423682673723,-0.00018489003439330765,-0.011903770281422095,19.57999999999985,0.796766084515457,1600.3138642974275,580.0700473036726,0.2,-0.5726939738224024,0.5493376191512611,-0.25730636960191755,0.0,-0.029248926140061634,,
80.5,6.010542300813963,-0.4948734123506955,7.80824764611153,-0.030521957125482856,-0.0001499106405582373,-0.017586487221065185,19.59999999999985,0.7938411919014509,1601.6908606913544,581.4662603042838,0.2,-0.5936990190094279,0.5635603586473772,-0.2736388995263588,0.0,-0.030290766275991452,,
80.60000000000001,6.113727544330015,-0.3776282007108369,7.766790638371219,-0.0026692614765630555,-0.003512391827412577,-0.03665622770883021,19.61999999999985,0.7908121152738518,1603.0735605023658,582.8596445560721,0.2,-0.6145080237921186,0.5775225355707103,-0.2899790202978013,0.0,-0.03132049050928253,,
80.7,5.916499504283901,-0.6843042120834201,7.861873051706241,-0.020265379820370646,0.000399775122505314,-0.012495713049927522,19.639999999999848,0.7876800662229235,1604.462101667603,584.2500360536826,0.2,-0.6351121719723799,0.5912140166122527,-0.30632247313685756,0.0,-0.03233768696397071,,
80.80000000000001,5.708867482611799,-0.7708227207112465,7.901798886772297,-0.026078121735287518,0.0077073711019173706,-0.02510632921602686,19.659999999999847,0.7844462975265265,1605.8566193512013,585.6372707750717,0.2,-0.6555027129172198,0.6046249100438685,-0.32266472505726285,0.0,-0.03334194877503687,,
80.9,5.875182263228385,-0.7202742613129178,7.9799605565868355,-0.04817647445600119,-0.002272271169296983,-0.010059445528453394,19.679999999999847,0.7811121026490229,1607.2572458470383,587.0211847292034,0.2,-0.6756709652625529,0.6177455774226297,-0.3390009658889067,0.0,-0.03433287425114625,,
81.0,5.952321088692112,-0.5240412077678326,7.816396084918586,-0.006575101899361398,0.015501835219631282,-0.026490407961440397,19.699999999999847,0.7776788152239082,1608.664110484105,588.4016140065457,0.2,-0.6956083205958133,0.6305666452086653,-0.35532610603840664,0.0,-0.03531006703532075,,
81.10000000000001,5.765883149112595,-0.584460015963748,8.04411358023592,-0.00244811237592632,-0.0073357496492528285,-0.028794054745031963,19.719999999999846,0.7741478085203761,1610.0773395346089,589.7783948323811,0.2,-0.7153062471157384,0.6430790162751899,-0.3716347750000474,0.0,-0.036273136263475864,,
81.2,5.800916607118017,-0.5813541705996712,8.004728869271029,-0.002107172078449123,0.0021389865868123104,-0.027362641333627105,19.739999999999846,0.7705204948940285,1611.4970561249265,591.1513636229392,0.2,-0.7347562932678126,0.6552738812884228,-0.38792132062811613,0.0,-0.037221696720760804,,
81.30000000000001,6.071995514808769,-0.6418540279116209,7.920526053287757,-0.023510770113218817,-0.006435105266944505,-0.012395083094580248,19.759999999999845,0.7667983252219525,1612.9233801495204,592.520357044357,0.2,-0.7539500913538456,0.667142729934099,-0.40417980917971397,0.0,-0.03815536899564026,,
81.4,5.93456508609277,-0.8168573226764358,7.802595540694554,-0.014336802268866043,-0.017397359022064997,-0.030888840302366754,19.779999999999845,0.7629827883223884,1614.356428187928,593.8852120744532,0.2,-0.7728793611140861,0.6786773619663041,-0.42040402613506933,0.0,-0.03907377963165279,,
81.5,5.974276915338023,-0.7742580402677499,7.792689098874079,-0.013924841213954186,0.007670676775506808,-0.0288181187927919,19.799999999999844,0.7590754103592231,1615.7963134249346,595.2457660673098,0.2,-0.7915359132804253,0.689869898053618,-0.43658747780046053,0.0,-0.03997656127678947,,
81.60000000000001,5.963388132546959,-0.5561475081603708,7.802093855277876,-0.04269986650513842,0.0042633029970636895,-0.012759833188834266,19.819999999999844,0.7550777542315441,1617.2431455740375,596.6018568206314,0.2,-0.809911653099101,0.7007127903966792,-0.4527233936966567,0.0,-0.04086335283042923,,
81.7,5.858829262392874,-0.7761522650756019,7.726457155008116,-0.025078639736663383,-0.007691413366656891,-0.019348751782337765,19.839999999999844,0.7509914189485012,1618.6970308043042,597.9533226458573,0.2,-0.8279985838214328,0.7111988330906859,-0.4688047297337612,0.0,-0.04173379958777416,,
81.80000000000001,5.762148340379464,-0.6792513834549255,7.773607528302611,-0.0269024504221244,-0.007244159761961807,-0.03497791917479883,19.859999999999843,0.7468180389897238,1620.1580716707283,599.3000024409854,0.2,-0.8457888101610982,0.7213211722057418,-0.48482417217117035,0.0,-0.04258755338172734,,
81.9,5.972021662623282,-0.9416501936000787,8.23388028126397,-0.01587872296342529,0.0006123981215870422,-0.023688166783036688,19.879999999999843,0.742559283651551,1621.6263670481812,600.6417357660628,0.2,-0.863274541716418,0.7310733155574348,-0.5007741423591586,0.0,-0.04342427272215417,,
82.0,5.630263397609851,-0.45880855888223676,7.73430849176341,-0.024437414899140694,0.00027968008237366115,-0.016844233589386665,19.899999999999842,0.7382168563793355,1623.1020120690555,601.9783629212898,0.2,-0.8804480963562404,0.7404491421397347,-0.516646802256492,0.0,-0.04424362293247475,,
82.10000000000001,5.792699528945375,-0.8488238008909123,7.883507187319113,-0.024175737178800664,-0.0065221564299394385,-0.047308067941170005,19.919999999999842,0.733792494086088,1624.5850980646908,603.3097250276747,0.2,-0.897301903567901,0.7494429111919402,-0.5324340607161869,0.0,-0.04504527628352952,,
82.2,5.792335710269518,-1.103320884700948,7.804735354802626,-0.018559037095736905,-0.00487015112333365,-0.046984040375860035,19.93999999999984,0.7292879664577351,1626.0757125106725,604.6356641101721,0.2,-0.9138285077658423,0.7580492708713173,-0.5481275805293969,0.0,-0.04582891212466648,,
82.30000000000001,5.744180920049104,-0.680708514215737,7.989015709876784,-0.03016441894403225,0.0006615378950590547,-0.03470166406170717,19.95999999999984,0.7247050752452684,1627.5739389760843,605.956023183226,0.2,-0.9300205715594663,0.7662632665030125,-0.5637187862151922,0.0,-0.04659421701199768,,
82.4,5.885033834803707,-0.9454884473411274,7.875098199177077,-0.024490951236730986,-0.001766259484250675,-0.025869551006641046,19.97999999999984,0.7200456535440686,1629.0798570767965,607.2706463386361,0.2,-0.9458708789787552,0.7740803483788843,-0.579198872541779,0.0,-0.04734088483377191,,
82.5,5.887923036995876,-1.0186061613072162,7.800796237558436,-0.03001564440327018,0.003360718031873276,-0.043455508952531835,19.99999999999984,0.7153115650606914,1630.593542432862,608.5793788356544,0.2,-0.9613723386563128,0.7814963790771636,-0.5945588137626001,0.0,-0.04806861693281602,,
82.60000000000001,5.865750444644039,-1.021977487665858,7.942453466647463,-0.025957601189053544,-0.0046569609669071714,-0.03253999004023732,20.01999999999984,0.7105047033674098,1632.1150666300932,609.8820671932152,0.2,-0.9765179869643812,0.7885076402751239,-0.6097893735485419,0.0,-0.04877712222599346,,
82.7,6.13370036624719,-0.9758875055788843,8.099182666225808,-0.023242575007561814,-0.01223102242748058,-0.033996552102596306,20.03999999999984,0.7056269911448104,1633.6444971858798,611.1785592841929,0.2,-0.9913009911054846,0.7951108390274546,-0.6248811155954174,0.0,-0.049466117320633364,,
82.80000000000001,5.840826644183574,-1.0070465218880387,7.930025904845572,-0.03068407918193266,-0.005009548779224807,-0.04256886597498098,20.05999999999984,0.7006803794127471,1635.1818975193096,612.4687044315771,0.2,-1.0057146521553555,0.8013031134836204,-0.6398244148838211,0.0,-0.05013532662788453,,
82.9,6.0097043041971245,-0.9893124345483595,7.937702067383073,-0.02075709564920845,-0.0005649642179463775,-0.038219138883334114,20.07999999999984,0.6956668467499586,1636.727326925644,613.7523535064455,0.2,-1.019752408056759,0.8070820380181719,-0.654609469566392,0.0,-0.05078448247294658,,
83.0,5.932746049570588,-1.0131375144983719,7.898763090908824,-0.03852977433760537,0.011901179105389405,-0.05110113664006342,20.099999999999838,0.690588398502664,1638.280840555195,615.0293590276134,0.2,-1.0334078365629422,0.8124456277488886,-0.6692263134556314,0.0,-0.05141332520213684,,
83.10000000000001,5.800008255071031,-1.0688715095395358,7.810262932373504,-0.017205900423088866,-0.005346811373443292,-0.025091768166418518,20.119999999999838,0.6854470659824503,1639.8424893966428,616.2995752628271,0.2,-1.0466746581293653,0.817392342418559,-0.6836648290834663,0.0,-0.0520216032867482,,
83.2,5.694520168683814,-0.8837510585001012,7.874523652479447,-0.02844863175909155,-0.004373530948110318,-0.0143804874449307,20.139999999999837,0.6802449056537755,1641.4123202648311,617.5628583313692,0.2,-1.0595467387524413,0.8219210896173388,-0.6979147613019665,0.0,-0.0526090734236569,,
83.30000000000001,5.720997358416047,-1.2145141984716052,7.769981473282592,-0.03772251451582423,0.006962226284253171,-0.035660133798325756,20.159999999999837,0.6749839983114098,1642.9903757930645,618.8190663079329,0.2,-1.0720180927540375,0.8260312273238679,-0.711965731392901,0.0,-0.05317550063264118,,
83.4,5.688558074363542,-1.1907960475114563,7.800602277199477,-0.04191232337083946,-0.013144715287979856,-0.04708623342186892,20.179999999999836,0.6696664482481457,1644.5766944299276,620.0680593276222,0.2,-1.084082885510449,0.8297225657446361,-0.7258072516521167,0.0,-0.05372065835036956,,
83.5,5.879686119707487,-1.2531947270334474,7.982754028056292,-0.022372641540663908,0.005132116620263004,-0.03667081512243597,20.199999999999836,0.6642943824131088,1646.1713104406433,621.3096996919278,0.2,-1.0957354361246692,0.8329953684326109,-0.7394287404132583,0.0,-0.05424432852102367,,
83.60000000000001,5.769834814483019,-0.9855093465802534,7.94757683477549,-0.016354696832500643,-0.0030151238074142108,-0.025251911477407338,20.219999999999835,0.6588699495610064,1647.7742539129688,622.543851975524,0.2,-1.1069702200407154,0.8358503526676772,-0.752819537473829,0.0,-0.054746301683517525,,
83.7,5.833284000455034,-1.1705401728230593,8.180213504506604,-0.030613847658378587,0.0058697775541481315,-0.05735132823620881,20.239999999999835,0.6533953193926547,1649.3855507676335,623.7703831337321,0.2,-1.1177818715988348,0.8382886890831432,-0.7659689198853039,0.0,-0.05522637705527885,,
83.80000000000001,6.051555917003367,-1.0666416260231726,7.987720628309245,-0.04290705510357895,0.004529532170352852,-0.029070699548948253,20.259999999999835,0.6478726816871269,1651.0052227733065,624.9891626104859,0.2,-1.1281651865304565,0.8403120005243789,-0.7788661180678074,0.0,-0.05568436261256001,,
83.9,5.908114014101933,-1.0420620901656665,7.703550441826737,-0.052383671284236905,-0.005483032867146586,-0.037308968570987686,20.279999999999834,0.6423042454258708,1652.6332875660758,626.2000624466392,0.2,-1.138115124391706,0.8419223601274841,-0.7915003322087207,0.0,-0.05612007516724435,,
84.0,5.984561173227235,-0.8538129028455377,7.979494388038861,-0.028854571557187843,0.010472983661638463,-0.04652400096166118,20.299999999999834,0.6366922379091464,1654.2697586734146,627.4029573884474,0.2,-1.1476268109344163,0.843122288607927,-0.8038607489037077,0.0,-0.0565333404401195,,
84.10000000000001,6.0013033587653455,-0.977434486408018,8.115403269043036,-0.01867910408089237,0.0029658773907273923,-0.061054935167983646,20.319999999999833,0.6310389038651345,1655.9146455426023,628.5977249960547,0.2,-1.1566955404135075,0.843914750751088,-0.8159365579977558,0.0,-0.056923993130586464,,
84.2,5.584203167840829,-1.0702751471327856,7.777090839721613,-0.023238563070658483,0.0008102146971855971,-0.03066509694902415,20.339999999999833,0.6253465045520759,1657.5679535735574,629.784245751819,0.2,-1.1653167778296867,0.8443031510988106,-0.8277169695831916,0.0,-0.057291876982777594,,
84.30000000000001,5.893794611808582,-1.0744559331381751,7.860046130572718,-0.010103922639151722,0.0005487684355788445,-0.042532994230689514,20.359999999999832,0.6196173168537981,1659.2296841560321,630.9624031683014,0.2,-1.1734861611064344,0.8442913288282495,-0.8391912311110891,0.0,-0.05763684484805718,,
84.4,5.921932462564931,-1.1017363279988805,7.83611188114809,-0.04176772329071119,-0.010424282005144272,-0.04162394418470795,20.379999999999832,0.6138536323689924,1660.8998347111144,632.1320838957498,0.2,-1.181199503200234,0.8438835518215315,-0.8503486445720698,0.0,-0.0579587587438785,,
84.5,5.850409204698359,-1.2022245355970083,7.928766836491894,-0.04321182045523698,-0.002413639143104176,-0.03575507550559787,20.39999999999983,0.6080577564946045,1662.578398736969,633.2931778289043,0.2,-1.1884527941430891,0.8430845099270857,-0.8611785837023129,0.0,-0.05825748990897544,,
84.60000000000001,6.016813162160843,-1.2524167556544556,7.905188133986928,-0.029864965505041634,-0.018226760949619315,-0.04710086289401446,20.41999999999983,0.602232007503707,1664.2653658587428,634.4455782129513,0.2,-1.195242203016333,0.8418993074157896,-0.8716705111704485,0.0,-0.05853291885486498,,
84.7,5.907592294001985,-1.1780902942210898,7.691226678369223,-0.03268484688714688,0.016835151826547472,-0.048580862086335545,20.43999999999983,0.5963787156182205,1665.9607218825574,635.5891817484573,0.2,-1.2015640798548133,0.8403334546374757,-0.8818139957011284,0.0,-0.05878493541364106,,
84.80000000000001,5.933859162895842,-1.0302643442399781,8.043361226068956,-0.0425683857965974,-0.007466167635731796,-0.0434954503688824,20.45999999999983,0.5905002220768564,1667.664448853493,636.7238886951088,0.2,-1.2074149574805366,0.8383928588857079,-0.8915987290912741,0.0,-0.059013438782040406,,
84.9,6.0140655995111025,-0.9362978686032201,7.822865025332058,-0.032420887666310384,-0.01261660865674725,-0.025676778969949066,20.47999999999983,0.5845988781986523,1669.3765251174711,637.8496029740917,0.2,-1.2127915532648812,0.8360838144811236,-0.9010145430753806,0.0,-0.059218337561762265,,
85.0,5.751587127597503,-1.1527288243120495,8.118332137955653,-0.026172259367873756,0.001300906861718302,-0.041958765002398014,20.49999999999983,0.578677044442476,1671.0969253869296,638.966232268942,0.2,-1.2176907708185376,0.8334129920860415,-0.9100514259968148,0.0,-0.05939954979602672,,
85.10000000000001,6.027381626435959,-1.3520561572277041,7.635325820486476,-0.03927563811968338,-0.012608785342914253,-0.03465123616557549,20.51999999999983,0.5727370894628734,1672.8256208101734,640.0736881247028,0.2,-1.2221097016083398,0.8303874272653897,-0.9186995392427233,0.0,-0.05955700300235624,,
85.2,5.894102130005388,-1.20266618461369,7.831299067757586,-0.03814704516115255,0.00042222154557347363,-0.05552941665660743,20.53999999999983,0.5667813891626378,1674.562579044287,641.1718860452261,0.2,-1.2260456265001878,0.8270145083113736,-0.9269492334010181,0.0,-0.059690634201567574,,
85.30000000000001,6.080551757964749,-1.2470075892388985,8.046428696997834,-0.03417233266164411,0.008090713249617944,-0.04684876669774802,20.559999999999828,0.560812325742481,1676.3077643314762,642.2607455884593,0.2,-1.229496017227305,0.8233019633516195,-0.934791064098911,0.0,-0.05980038994296281,,
85.4,6.164979846142114,-1.1850222018484555,7.978273052032209,-0.048727364008169585,-0.003489304591973617,-0.03267753602580814,20.579999999999828,0.5548322867481846,1678.061137578706,643.3401904595621,0.2,-1.2324585377830755,0.819257846762805,-0.9422158074835982,0.0,-0.05988622632570874,,
85.5,5.704866830122539,-1.1609720841908953,7.612181754062085,-0.031044706067901003,-0.007367636573449505,-0.038685165890747816,20.599999999999827,0.5488436641156138,1679.822656440495,644.4101486017007,0.2,-1.234931045737763,0.8148905249140073,-0.9492144753069973,0.0,-0.059948109016396765,,
85.60000000000001,5.981551200954504,-1.2224761547231158,7.829327270209623,-0.02628103872956111,0.005386153197485862,-0.03379621140921413,20.619999999999827,0.5428488532139741,1681.5922754047165,645.470552284373,0.2,-1.2369115934784245,0.8102086612661679,-0.9557783295778469,0.0,-0.0599860132627757,,
85.7,5.781909413415044,-1.286668554206784,7.973291234962893,-0.024418553612870954,-0.006330058178492929,-0.05576285082265542,20.639999999999826,0.5368502518876965,1683.3699458812528,646.5213381891213,0.2,-1.2383984293713743,0.8052212008561555,-0.9618988967460448,0.0,-0.059999923903652365,,
85.80000000000001,5.917834602929282,-1.2382703785875642,7.965318543583142,-0.05362821673655424,-0.012548231320151648,-0.04660615774939117,20.659999999999826,0.5308502594973313,1685.1556162933437,647.5624474924954,0.2,-1.2393899988465784,0.7999373541959192,-0.9675679813857807,0.0,-0.0599898353749559,,
85.9,5.959652838700636,-1.536144633622781,8.042310696194889,-0.03364637363360782,0.014105020259837288,-0.045160708835259036,20.679999999999826,0.5248512759598357,1686.9492321714624,648.5938259461325,0.2,-1.2398849454033896,0.794366580619142,-0.9727776793458094,0.0,-0.05995575171196325,,
86.0,5.634730264866879,-1.3807692113799435,7.821446069313885,-0.036156816574978774,0.004433968787224733,-0.04630940903795405,20.699999999999825,0.5188557007886394,1688.7507362495498,649.615423953827,0.2,-1.2398821115370728,0.7885185711096243,-0.9775203903371359,0.0,-0.05989768654768519,,
86.10000000000001,5.717263808558484,-0.8909116619995727,7.865526137559063,-0.029537274146137042,0.0015219295712606041,-0.023689799815953542,20.719999999999825,0.5128659321338709,1690.560068563429,650.6271966454705,0.2,-1.239380539585591,0.782403230647341,-0.9817888299303852,0.0,-0.0598156631074132,,
86.2,5.777114428940158,-1.3259926541937233,7.983679834745666,-0.028347707670104944,0.01728632837345872,-0.04102828094951027,20.739999999999824,0.5068843658231296,1692.3771665512222,651.6291039477449,0.2,-1.2383794724961639,0.7760306601097241,-0.9855760409372495,0.0,-0.05970971419942981,,
86.30000000000001,5.853121300985962,-1.0254247284941174,7.895239145947567,-0.03367232503046657,-0.00915168229481899,-0.04441828559656107,20.759999999999824,0.5009133944031866,1694.2019651555847,652.621110651461,0.2,-1.2368783545111335,0.7694111377671952,-0.9888754041525957,0.0,-0.059579882201885544,,
86.4,5.691902261778698,-1.1407973624741459,7.710255027544471,-0.03660193911262585,-0.005520070645248974,-0.028569201536252597,20.779999999999824,0.49495540618299805,1696.0343969275682,653.6031864754403,0.2,-1.2348768317727188,0.7625551004133413,-0.9916806484360915,0.0,-0.059426219045848376,,
86.5,5.676802611257194,-1.2180026985874557,8.161021169786817,-0.022464871077382417,-0.008442024547298027,-0.037623632915526346,20.799999999999823,0.4890127842784132,1697.874392131921,654.5753061268447,0.2,-1.2323747528462528,0.7554731241713447,-0.9939858601145443,0.0,-0.05924878619453189,,
86.60000000000001,5.950072650314368,-1.1234501659941805,8.088814999828442,-0.05038508018244948,-0.008926319522310393,-0.03580389795497853,20.819999999999823,0.48308790565896004,1699.7218788536325,655.5374493578648,0.2,-1.2293721691615493,0.7481759050193764,-0.9957854916885516,0.0,-0.059047654618710844,,
86.7,5.9345355102389785,-1.1330657984212786,7.821964482792524,-0.0387083635521947,-0.00841088527050309,-0.03750220853963238,20.839999999999822,0.47718314019708896,1701.5767831055236,656.4896010186869,0.2,-1.2258693353720682,0.7406742390786109,-0.9970743698294913,0.0,-0.05882290476833391,,
86.80000000000001,5.794357283488999,-1.2378707049899624,7.863148094630281,-0.0553102631103862,0.011001908267268138,-0.051752768799386215,20.859999999999822,0.47130084972025554,1703.4390289366866,657.4317511066625,0.2,-1.221866709631577,0.7329790027083265,-0.997847702655372,0.0,-0.05857462654034455,,
86.9,5.84988723448729,-1.2181583288405111,8.00339907792874,-0.04339459014043036,0.0006806120185399508,-0.0483913822313607,20.87999999999982,0.46544338706622107,1705.30853854157,658.3638948116159,0.2,-1.2173649537880604,0.7251011324532302,-0.9981010862765602,0.0,-0.058302919242723704,,
87.0,6.023845399655727,-1.0288313251983752,8.017917042968913,-0.03900785739774703,-0.008262988591447976,-0.050322420497146664,20.89999999999982,0.4596130951419487,1707.1852323695127,659.2860325572268,0.2,-1.2123649334946334,0.7170516048886447,-0.9978305106049152,0.0,-0.05800789155476765,,
87.10000000000001,5.89150600880328,-1.2290126518593416,7.894732353319064,-0.04123880208312633,-0.014107223585598792,-0.04992838779849933,20.91999999999982,0.45381230598647193,1709.0690292345191,660.1981700384401,0.2,-1.206867718237276,0.7088414164095815,-0.9970323644223928,0.0,-0.0576896614836179,,
87.2,5.7644470571443485,-1.3310478622350954,7.800793891752535,-0.03142719453928566,0.004203339173337972,-0.038359893834885084,20.93999999999982,0.4480433398381101,1710.9598464250785,661.100318254854,0.2,-1.2008745812792254,0.7004815630099297,-0.9957034397076878,0.0,-0.057348356317059965,,
87.30000000000001,5.656918481262683,-0.9970658274593508,7.803866189854084,-0.021720565145294843,0.002020520874265942,-0.03308795731807835,20.95999999999982,0.4423085042064041,1712.857599813823,661.9924935400506,0.2,-1.1943869995218894,0.6919830200980608,-0.9938409352219643,0.0,-0.05698411257260972,,
87.4,5.724066756320811,-1.2536923964820241,7.766779041188896,-0.04082215817489298,-0.0001982285272099988,-0.04098062075054839,20.97999999999982,0.43661009294914316,1714.7622039668242,662.8747175868408,0.2,-1.1874066532822105,0.6833567223950849,-0.9914424593572271,0.0,-0.05659707594290852,,
87.5,5.992607874480118,-1.0425163722669903,7.582955566285288,-0.028866272564105486,0.004718149037725685,-0.03593654668264326,20.99999999999982,0.4309503853548523,1716.6735722523274,663.7470174683967,0.2,-1.1799354259863932,0.6746135439617449,-0.9885060322532515,0.0,-0.05618740123744778,,
87.60000000000001,5.943321451505131,-1.016677484179153,7.8615471037127875,-0.03838276343725898,-0.023571410098839216,-0.03287250793477518,21.01999999999982,0.4253316452311075,1718.5916169487273,664.609425655261,0.2,-1.1719754037799972,0.6657642783995936,-0.9850300871914299,0.0,-0.055755252320647354,,
87.7,5.685622136277549,-1.1117570643203318,7.859180553569191,-0.04057572818145059,-0.004025508254200788,-0.02804143255333426,21.039999999999818,0.4197561199990428,1720.5162493515863,665.46198002822,0.2,-1.1635288750543982,0.6568196192715724,-0.9810134712761595,0.0,-0.05530080204631218,,
87.80000000000001,5.830403846752788,-1.4029120796577106,7.85515400717035,-0.03909584731802224,-0.01825637966052044,-0.0377296214257757,21.059999999999818,0.4142260397944116,1722.4473798795023,666.3047238870425,0.2,-1.1545983298896445,0.6477901407864615,-0.9764554454166421,0.0,-0.05482423218849262,,
87.9,5.745732108475071,-1.0993743906362599,8.040880752802277,-0.021140994189966254,-0.011519903822176483,-0.034581732216238004,21.079999999999817,0.4087436165755623,1724.3849181786366,667.1377059550899,0.2,-1.145186459413825,0.6386862787909118,-0.971355683624176,0.0,-0.054325733368777746,,
88.0,5.896282060025689,-1.1206972081994773,7.708425279979869,-0.03746125624281059,0.0018200435480951252,-0.0357350799437453,21.099999999999817,0.4033110432386845,1726.3287732257122,667.9609803798063,0.2,-1.1352961550790202,0.6295183121118313,-0.9657142716420202,0.0,-0.05380550498004882,,
88.10000000000001,6.172489964910814,-1.0506404595176624,7.812258168418993,-0.03373481570625833,0.006224536051229082,-0.04007956320883063,21.119999999999816,0.3979304927406796,1728.2788534293015,668.7746067291123,0.2,-1.1249305078540213,0.6202963442908959,-0.9595317049269693,0.0,-0.05326375510672496,,
88.2,5.959356822519271,-1.2436958395978375,7.997296938624915,-0.03545501793274189,0.009590647056670443,-0.01869596612177703,21.139999999999816,0.3926041172300071,1730.2350667292214,669.5786499837235,0.2,-1.1140928073339857,0.6110302857517855,-0.9528088860035956,0.0,-0.052700700441532425,,
88.30000000000001,5.94228704580347,-0.9685000646210447,7.986402693934597,-0.029290636921120865,-0.00044124129776156685,-0.046086359210913225,21.159999999999815,0.38733404718585385,1732.1973206938637,670.3731805254272,0.2,-1.1027865407672295,0.6017298364394896,-0.9455471212138808,0.0,-0.052116566198829824,,
88.4,5.818870976458806,-0.9516479181968125,7.903090201950359,-0.016986876599605384,0.02044549656567864,-0.04519571600429933,21.179999999999815,0.38212239056597086,1734.1655226152889,671.1582741213527,0.2,-1.0910153919994523,0.5924044689696787,-0.9377481168866573,0.0,-0.05151158602452605,,
88.5,5.890302310478998,-1.0518173967609385,8.078037427591461,-0.02719006525653312,0.0060459314216020025,-0.04159208415676392,21.199999999999815,0.3769712319635182,1736.1395796019212,671.9340119042796,0.2,-1.0787832403356297,0.5830634123246441,-0.9294139749527026,0.0,-0.05088600190262448,,
88.60000000000001,5.750743941398229,-0.9911219131428429,7.677599905225525,-0.009650888788296605,-0.016393516060081482,-0.040240745994553004,21.219999999999814,0.37188263177325576,1738.1193986686853,672.7004803490288,0.2,-1.0660941593199333,0.5737156361307875,-0.9205471880328142,0.0,-0.05024006405843274,,
88.7,6.031235922405848,-0.8233163497387708,7.718125115762098,-0.02767022320295236,-0.0005631956381765877,-0.035087471165608806,21.239999999999814,0.3668586253674125,1740.1048868244316,673.4577712449932,0.2,-1.0529524154340277,0.5643698355509896,-0.911150634027383,0.0,-0.049574030858476316,,
88.80000000000001,5.977757082413423,-0.947619182228502,7.871651448004788,-0.034195417103978165,-0.0014032888401966164,-0.030819597825585087,21.259999999999813,0.36190122228156485,1742.0959511565056,674.2059816648623,0.2,-1.0393624667140988,0.5550344168234657,-0.9012275702370915,0.0,-0.04888816870715466,,
88.9,5.933728486071645,-0.7801646266699123,8.027851847720747,-0.02335982872726389,-0.004006828129127774,-0.036696544281185045,21.279999999999813,0.3570124054108494,1744.0924989123212,674.9452139296038,0.2,-1.0253289612871024,0.5457174834769701,-0.8907816270454006,0.0,-0.04818275194018381,,
89.0,5.934059436547255,-1.1529694692339363,7.711782956431544,-0.015225313091819574,0.011584233965711167,-0.030650512663224556,21.299999999999812,0.352194130216831,1746.0944375778047,675.6755755697695,0.2,-1.0108567358266154,0.5364268232503309,-0.879816801194202,0.0,-0.04745806271486499,,
89.10000000000001,5.621028008722506,-1.021594914650838,7.666622755612957,-0.007472489462364937,0.004607541143041655,-0.022610227378482284,21.319999999999812,0.3474483239453445,1748.1016749525872,676.397179283193,0.2,-0.9959508139288467,0.5271698957424438,-0.8683374486848031,0.0,-0.046714390897225865,,
89.2,5.694343251225297,-1.036688294913824,7.912727176439451,-0.021287549900351088,0.0007576550018753613,-0.027281126518887852,21.33999999999981,0.3427768848556219,1750.1141192218247,677.1101428891553,0.2,-0.9806164044093002,0.5179538208168983,-0.8563482773368559,0.0,-0.045952033946078205,,
89.30000000000001,5.848218662733822,-0.9835121806679459,7.9437406403136395,-0.028173525130864047,0.006986857149252699,-0.03495741825301341,21.35999999999981,0.33818168146101407,1752.1316790245373,677.8145892790925,0.2,-0.9648588995206349,0.508785367783438,-0.8438543390382266,0.0,-0.04517129679403761,,
89.4,5.811383964078777,-0.9742935467368532,7.797153452796909,-0.017589720285383026,0.014673426066523356,-0.03637344274047881,21.37999999999981,0.3336645517816103,1754.1542635183666,678.5106463639268,0.2,-0.9486838730923672,0.49967094537648515,-0.8308610217190986,0.0,-0.044372491725555456,,
89.5,5.884882013173511,-1.110858864580935,7.911761701786688,-0.022705150908722094,0.00884446016482201,-0.029065279590327744,21.39999999999981,0.32922730260905475,1756.181782440656,679.1984470181011,0.2,-0.9320970785929713,0.49061659254890344,-0.8173740410835514,0.0,-0.04355593825200839,,
89.60000000000001,5.876176744206994,-1.0870757329464622,7.985578407629975,-0.03552626498667739,-0.013177011345310805,-0.04572636113642968,21.41999999999981,0.3248717087838539,1758.2141461657682,679.8781290204025,0.2,-0.9151044471150985,0.4816279700971806,-0.803399432131925,0.0,-0.042721962983898534,,
89.7,5.878366735389425,-1.0440962400245064,8.058838990097305,-0.02225149950252957,-0.014242747845253987,-0.038502017932588575,21.43999999999981,0.32059951248546403,1760.2512657585642,680.5498349916589,0.2,-0.8977120852845756,0.4727103531321527,-0.7889435405069596,0.0,-0.04187089950021378,,
89.80000000000001,6.224754858027337,-0.7619852915440232,7.868233582389122,-0.026130467024581733,0.009207430457279332,-0.03465849479448937,21.45999999999981,0.31641242253544266,1762.2930530239748,681.2137123293979,0.2,-0.8799262730938935,0.4638686244073598,-0.7740130136963674,0.0,-0.04100308821500006,,
89.9,5.978745374067184,-0.5916740972110295,7.877616477269164,-0.02245979884796601,-0.0054732432650674,-0.043595835653573806,21.47999999999981,0.31231211371394263,1764.3394205526033,681.8699131395547,0.2,-0.8617534616609901,0.45510726851511785,-0.758614792124045,0.0,-0.040118876241201015,,
90.0,6.622156735037774,0.31500632300952397,7.6766116679872605,0.010286789513810837,0.012380039004638526,0.010118243102191336,21.499999999999808,0.30830022608982255,1766.3928138640981,682.5238251430441,1.0,0.0,0.9528507245916522,0.30343944477467566,0.0,0.0,,
90.10000000000001,6.725156581149625,-0.06702192056681008,7.584615384520038,-0.019178587387161255,-0.0052544553311803235,-0.016798295050712075,21.59999999999981,0.30830022608982255,1768.4557356828388,683.1807715409813,1.0,0.0,0.9528507245916522,0.30343944477467566,0.0,0.0,,
90.2,6.682379443278005,0.1765706326800277,7.507003146147227,-0.0024016547357035775,-0.01069024031152348,-0.007233497697294766,21.69999999999981,0.30830022608982255,1770.5281860088255,683.8407523333661,1.0,0.0,0.9528507245916522,0.30343944477467566,0.0,0.0,,
90.30000000000001,6.775110330583955,0.14991167650482573,7.389182285499871,0.003221902703036928,0.012896281839566266,0.01237754453667687,21.799999999999812,0.30830022608982255,1772.610164842058,684.5037675201987,1.0,0.0,0.9528507245916522,0.30343944477467566,0.0,0.0,,
90.4,6.820084537118781,0.28925946610002773,7.477466942898652,0.002199825351986785,-0.014408594999361965,0.009124044042240573,21.899999999999814,0.30830022608982255,1774.7016721825366,685.1698171014791,1.0,0.0,0.9528507245916522,0.30343944477467566,0.0,0.0,,
90.5,6.6690578970292735,-0.14867126379904547,7.574197219909136,0.0003258261287135938,-0.00721535365957892,0.0047248615993284206,21.999999999999815,0.30830022608982255,1776.802708030261,685.8389010772072,1.0,0.0,0.9528507245916522,0.30343944477467566,0.0,0.0,,
90.60000000000001,6.49656322142665,0.12971745682744049,7.41768399006246,-0.0021678642717330456,0.005469275218033367,-0.015552487967762017,22.099999999999817,0.30830022608982255,1778.9132723852315,686.5110194473831,1.0,0.0,0.9528507245916522,0.30343944477467566,0.0,0.0,,
90.7,6.430297431281491,-0.15939838652495816,7.4437246108420165,0.0009332446725215757,0.0020351574704113987,0.010087380709691725,22.199999999999818,0.30830022608982255,1781.0333652474478,687.1861722120067,1.0,0.0,0.9528507245916522,0.30343944477467566,0.0,0.0,,
90.80000000000001,6.675083181720508,0.021961907713850724,7.413438092802297,-0.005609736238693374,-0.004750700375018523,0.002635733532183317,22.29999999999982,0.30830022608982255,1783.16298661691,687.8643593710781,1.0,0.0,0.9528507245916522,0.30343944477467566,0.0,0.0,,
90.9,6.571407991780388,0.018211005917848248,7.296473711619319,-0.0007488815691675156,-0.004829653942973079,0.014119589085812395,22.39999999999982,0.30830022608982255,1785.3021364936183,688.5455809245972,1.0,0.0,0.9528507245916522,0.30343944477467566,0.0,0.0,,
91.0,6.540646617593545,-0.1652402104610691,7.141290248774833,-0.0036935730525609824,-0.012921330498054684,0.007921311539368397,22.499999999999822,0.30830022608982255,1787.4508148775724,689.2298368725641,1.0,0.0,0.9528507245916522,0.30343944477467566,0.0,0.0,1778.1637875698043,700.3406513629229
91.10000000000001,6.299071396284348,0.02798261156369653,7.539750719847988,0.019665577447698424,-0.005585595527358951,0.010919740487466965,22.599999999999824,0.30830022608982255,1789.6090217687724,689.9171272149787,1.0,0.0,0.9528507245916522,0.30343944477467566,0.0,0.0,,
91.2,6.467620009909077,-0.2396639189747072,7.542784960753801,-0.005075298758247717,-0.013116859929519166,-0.012379502877152823,22.699999999999825,0.30830022608982255,1791.7767571672184,690.6074519518411,1.0,0.0,0.9528507245916522,0.30343944477467566,0.0,0.0,,
91.30000000000001,6.572712238321978,0.04383807531334162,7.314772830028542,0.006838348665751019,0.015658161691436464,0.007824657674102642,22.799999999999827,0.30830022608982255,1793.9540210729103,691.3008110831512,1.0,0.0,0.9528507245916522,0.30343944477467566,0.0,0.0,,
91.4,6.542368157084587,0.053023611315064584,7.474119283325444,0.009138043826577437,-0.005017556046624953,0.0001328033095302156,22.899999999999828,0.30830022608982255,1796.140813485848,691.997204608909,1.0,0.0,0.9528507245916522,0.30343944477467566,0.0,0.0,,
91.5,6.818047086684101,0.022876828174645973,7.2782147513329045,-0.0002824980345198012,0.012465409851606067,0.002945726233186747,22.99999999999983,0.30830022608982255,1798.3371344060315,692.6966325291146,1.0,0.0,0.9528507245916522,0.30343944477467566,0.0,0.0,,
91.60000000000001,6.694829623151847,0.2820019278421426,7.24115486095017,-0.004707391353032927,0.006261170170568245,0.01503063628729153,23.09999999999983,0.30830022608982255,1800.542983833461,693.3990948437679,1.0,0.0,0.9528507245916522,0.30343944477467566,0.0,0.0,,
91.7,6.4592041445356365,0.09238796645843372,7.197001215457032,-0.0062121579236870585,0.016005399443352566,0.007875014278571835,23.199999999999832,0.30830022608982255,1802.7583617681364,694.104591552869,1.0,0.0,0.9528507245916522,0.30343944477467566,0.0,0.0,,
91.80000000000001,6.401797350532296,-0.029528103142840385,7.272003866285814,-0.00453858586070837,-0.007389151383668086,0.023685085131085245,23.299999999999834,0.30830022608982255,1804.9832682100578,694.8131226564178,1.0,0.0,0.9528507245916522,0.30343944477467566,0.0,0.0,,
91.9,6.435906255421614,0.3142546156672829,7.421335092225741,-0.0018087903296678375,0.0059328352846974245,-0.013265314678892238,23.399999999999835,0.30830022608982255,1807.217703159225,695.5246881544144,1.0,0.0,0.9528507245916522,0.30343944477467566,0.0,0.0,,
92.0,6.569633584519274,0.15836359614066195,7.639728182501681,0.0015727304314374635,-0.01301139137117996,0.009946396086118216,23.499999999999837,0.30830022608982255,1809.4616666156383,696.2392880468587,1.0,0.0,0.9528507245916522,0.30343944477467566,0.0,0.0,1814.180270799301,695.4384220890801
92.10000000000001,6.399008177263287,0.014727318274520545,7.148733425251547,0.010359006604656294,0.00045461313783050225,0.018087632020256327,23.599999999999838,0.30830022608982255,1811.7151585792974,696.9569223337509,1.0,0.0,0.9528507245916522,0.30343944477467566,0.0,0.0,,
92.2,6.309648775168077,0.10288097633087576,7.254015988237142,-0.006432230818066933,0.008017853209023915,0.012277516216505621,23.69999999999984,0.30830022608982255,1813.9781790502025,697.6775910150907,1.0,0.0,0.9528507245916522,0.30343944477467566,0.0,0.0,,
92.30000000000001,6.637601856542413,0.19277024138332355,7.284476625675649,-0.018591778496091466,0.0003373640921909143,0.004463997833766607,23.79999999999984,0.30830022608982255,1816.2507280283535,698.4012940908783,1.0,0.0,0.9528507245916522,0.30343944477467566,0.0,0.0,,
92.4,6.45817659360305,0.14849448346080346,7.418236331810003,-0.007113497183325219,-0.017002370073595844,0.007932308854598898,23.899999999999842,0.30830022608982255,1818.5328055137504,699.1280315611136,1.0,0.0,0.9528507245916522,0.30343944477467566,0.0,0.0,,
92.5,6.2675915584977595,0.030001490785306752,7.3390847154284895,-0.010050075041578508,-0.004442926922190897,0.014526200593404093,23.999999999999844,0.30830022608982255,1820.8244115063933,699.8578034257966,1.0,0.0,0.9528507245916522,0.30343944477467566,0.0,0.0,,
92.60000000000001,6.438464877910523,-0.19233462283872563,7.453587645680898,-0.016541336343970293,0.0032547958810671958,-0.0006871128681338427,24.099999999999845,0.30830022608982255,1823.125546006282,700.5906096849275,1.0,0.0,0.9528507245916522,0.30343944477467566,0.0,0.0,,
92.7,6.4380604540414605,-0.047186727048711,7.565242701133351,0.009217747369167537,-0.0014743357172816338,-0.005125625420176438,24.199999999999847,0.30830022608982255,1825.4362090134168,701.326450338506,1.0,0.0,0.9528507245916522,0.30343944477467566,0.0,0.0,,
92.80000000000001,6.684496475528438,-0.2354752145590546,7.3810539683072305,0.008123701231126247,0.00880951043046192,0.004411687717566398,24.299999999999848,0.30830022608982255,1827.7564005277973,702.0653253865323,1.0,0.0,0.9528507245916522,0.30343944477467566,0.0,0.0,,
92.9,6.514915847372743,0.11571049261499791,7.849596397503626,-0.011315189435401987,0.0027834865758303486,0.006272832291827677,24.39999999999985,0.30830022608982255,1830.0861205494236,702.8072348290063,1.0,0.0,0.9528507245916522,0.30343944477467566,0.0,0.0,,
93.0,6.844221179598243,0.259031637239759,7.164870564685491,-0.00963134746980082,0.0014062411082496238,0.011675667081367084,24.49999999999985,0.30830022608982255,1832.425369078296,703.5521786659282,1.0,0.0,0.9528507245916522,0.30343944477467566,0.0,0.0,1830.1566847120096,706.7135616505653
93.10000000000001,6.459720630933672,-0.25893533350811626,7.183044485384029,-0.0016648772642798137,-0.0035103768516015115,0.0027747525903471554,24.599999999999852,0.30830022608982255,1834.7741461144142,704.3001568972977,1.0,0.0,0.9528507245916522,0.30343944477467566,0.0,0.0,,
93.2,6.32869383420437,-0.1463061448571664,7.465833183441674,-0.005368743726599302,-0.012123783455038737,0.001815961753008426,24.699999999999854,0.30830022608982255,1837.1324516577783,705.051169523115,1.0,0.0,0.9528507245916522,0.30343944477467566,0.0,0.0,,
93.30000000000001,6.463164061201194,-0.1543002759060218,7.403646410929441,-0.0024688884797644246,-0.01786538741154347,0.022934321928587333,24.799999999999855,0.30830022608982255,1839.5002857083884,705.8052165433801,1.0,0.0,0.9528507245916522,0.30343944477467566,0.0,0.0,,
93.4,6.4606887104445665,0.07119773059426969,7.457464937166567,-0.005602413115686876,-0.010985026456041713,0.011413205267732329,24.899999999999856,0.30830022608982255,1841.8776482662445,706.5622979580928,1.0,0.0,0.9528507245916522,0.30343944477467566,0.0,0.0,,
93.5,6.582972530883543,0.15948452230167764,7.568841857656218,0.003286719324705673,-0.028487034935267067,-0.004078713241333613,24.999999999999858,0.30830022608982255,1844.2645393313464,707.3224137672534,1.0,0.0,0.9528507245916522,0.30343944477467566,0.0,0.0,,
93.60000000000001,6.565805746484525,-0.16840759397978278,7.46296917880276,-0.003813141131222359,0.0023004838649690147,0.032627258750153425,25.09999999999986,0.30830022608982255,1846.6609589036943,708.0855639708616,1.0,0.0,0.9528507245916522,0.30343944477467566,0.0,0.0,,
93.7,6.4557775134316255,0.18458339232989016,7.477548141651059,-0.008616343820679578,0.0033276126478740263,0.020816408160999538,25.19999999999986,0.30830022608982255,1849.0669069832882,708.8517485689176,1.0,0.0,0.9528507245916522,0.30343944477467566,0.0,0.0,,
93.80000000000001,6.29643118774169,0.12082319536802999,7.37454900800683,-0.005586851085471232,-0.006845360929345911,-0.004893866225969886,25.299999999999862,0.30830022608982255,1851.482383570128,709.6209675614214,1.0,0.0,0.9528507245916522,0.30343944477467566,0.0,0.0,,
93.9,6.500360081713662,0.07613033486194701,7.364835529271813,0.016461235662892256,0.005804662413070978,0.027110681854229175,25.399999999999864,0.30830022608982255,1853.9073886642136,710.3932209483729,1.0,0.0,0.9528507245916522,0.30343944477467566,0.0,0.0,,
94.0,6.618302061500339,-0.007947441182342377,7.347654827569216,0.007010761742500327,-0.012639618809201896,-0.0010888712630680681,25.499999999999865,0.30830022608982255,1856.3419222655452,711.1685087297722,1.0,0.0,0.9528507245916522,0.30343944477467566,0.0,0.0,1856.908637879086,711.8795823332333
94.10000000000001,6.59875729383866,0.05769896459291507,7.138479751264396,0.0033093726097103444,0.007782420771807291,0.004939240263549153,25.599999999999866,0.30830022608982255,1858.7859843741228,711.9468309056192,1.0,0.0,0.9528507245916522,0.30343944477467566,0.0,0.0,,
94.2,6.5130258391749996,-0.00668465082268975,7.506466973990949,-0.0026368124911222896,0.009122966457902304,0.0028921159387116533,25.699999999999868,0.30830022608982255,1861.2395749899463,712.728187475914,1.0,0.0,0.9528507245916522,0.30343944477467566,0.0,0.0,,
94.30000000000001,6.667273319213374,0.16849419327554754,7.367680617853614,-0.006877868730589357,0.0014295616074760434,0.0223802960487192,25.79999999999987,0.30830022608982255,1863.7026941130155,713.5125784406565,1.0,0.0,0.9528507245916522,0.30343944477467566,0.0,0.0,,
94.4,6.648217837850468,0.3376133994819416,7.342977688617876,-0.0016633367107958391,-0.006122537692465358,-0.010811808185304233,25.89999999999987,0.30830022608982255,1866.1753417433306,714.3000037998468,1.0,0.0,0.9528507245916522,0.30343944477467566,0.0,0.0,,
94.5,6.328548999782707,-0.20939529381813782,7.424116359025177,0.008978983129006505,0.011297672434591304,0.011219738696070722,25.999999999999872,0.30830022608982255,1868.6575178808916,715.0904635534847,1.0,0.0,0.9528507245916522,0.30343944477467566,0.0,0.0,,
94.60000000000001,6.50215139103055,0.18253099396586916,7.135655010903791,0.004203560096033262,-0.01178218445375096,-1.27770727157148e-05,26.099999999999874,0.30830022608982255,1871.1492225256986,715.8839577015705,1.0,0.0,0.9528507245916522,0.30343944477467566,0.0,0.0,,
94.7,6.6832034021156295,-0.20033535325834587,7.479946175181061,-0.017704577133110248,0.011933264695298946,0.012164592637374717,26.199999999999875,0.30830022608982255,1873.6504556777516,716.6804862441039,1.0,0.0,0.9528507245916522,0.30343944477467566,0.0,0.0,,
94.80000000000001,6.274149357253182,-0.08487689285529393,7.51320506278688,0.0027738861227305034,0.02172803937460793,-0.008348895471266,26.299999999999876,0.30830022608982255,1876.1612173370504,717.4800491810852,1.0,0.0,0.9528507245916522,0.30343944477467566,0.0,0.0,,
94.9,6.369761556205342,0.08139474483592271,7.52499509280654,-0.009976672113270097,0.0070536853193992515,0.009987910619101613,26.399999999999878,0.30830022608982255,1878.6815075035952,718.2826465125141,1.0,0.0,0.9528507245916522,0.30343944477467566,0.0,0.0,,
95.0,6.27456987454387,0.099044180593685,7.464393828265668,-0.007530169924440422,-0.008305777963362406,0.007348762571378857,26.49999999999988,0.30830022608982255,1881.211326177386,719.0882782383909,1.0,0.0,0.9528507245916522,0.30343944477467566,0.0,0.0,1877.9334109418546,716.6016238616133
95.10000000000001,6.35679093754737,-0.28198340217468904,7.3656958243085295,0.01659672050385175,0.006390283752457588,0.011630043153378136,26.59999999999988,0.30830022608982255,1883.7506733584225,719.8969443587154,1.0,0.0,0.9528507245916522,0.30343944477467566,0.0,0.0,,
95.2,6.860361578454077,0.20047494233595342,7.2264536686418825,-0.004395929127806209,-0.0100587460662425,0.016969774323345482,26.699999999999882,0.30830022608982255,1886.2995490467051,720.7086448734876,1.0,0.0,0.9528507245916522,0.30343944477467566,0.0,0.0,,
95.30000000000001,6.647971958283018,0.23123607666805013,7.285361735676268,0.0014560950675234932,-0.014151040085183222,0.006904859592298987,26.799999999999883,0.30830022608982255,1888.8579532422336,721.5233797827076,1.0,0.0,0.9528507245916522,0.30343944477467566,0.0,0.0,,
95.4,6.531007641519923,-0.033200298565900434,7.452696085284446,-0.007833408636988082,0.0002400257993538959,-0.003161787516103641,26.899999999999885,0.30830022608982255,1891.425885945008,722.3411490863754,1.0,0.0,0.9528507245916522,0.30343944477467566,0.0,0.0,,
95.5,6.698824122517036,-0.011268878631398624,7.43266847333797,-0.004042937050826646,0.006733851828929873,0.011516963093660466,26.999999999999886,0.30830022608982255,1894.0033471550285,723.1619527844908,1.0,0.0,0.9528507245916522,0.30343944477467566,0.0,0.0,,
95.60000000000001,6.599312227373384,0.19126712751265437,7.461142285418989,0.00829918622948361,-0.002181062218832792,0.009891201750083805,27.099999999999888,0.30830022608982255,1896.5903368722948,723.985790877054,1.0,0.0,0.9528507245916522,0.30343944477467566,0.0,0.0,,
95.7,6.62087503477885,0.1600002115693301,7.089771273968835,-0.0005799320455812864,-0.01445771486427341,0.003341174491643752,27.19999999999989,0.30830022608982255,1899.186855096807,724.812663364065,1.0,0.0,0.9528507245916522,0.30343944477467566,0.0,0.0,,
95.80000000000001,6.452368578532592,-0.056387977149342565,7.384704689604764,0.019028427401097343,-0.012431473151092328,0.014562575128065774,27.29999999999989,0.30830022608982255,1901.792901828565,725.6425702455236,1.0,0.0,0.9528507245916522,0.30343944477467566,0.0,0.0,,
95.9,6.709648109919728,0.004030493897986667,7.3371554854316905,0.003889681172964393,-0.00765545463131553,0.017727672179473682,27.399999999999892,0.30830022608982255,1904.4084770675688,726.4755115214301,1.0,0.0,0.9528507245916522,0.30343944477467566,0.0,0.0,,
96.0,6.5591155613949,-0.13085771073617575,7.471732036463623,0.019754039966990673,0.007559683578189964,0.030983184547686095,27.499999999999893,0.30830022608982255,1907.0335808138186,727.3114871917843,1.0,0.0,0.9528507245916522,0.30343944477467566,0.0,0.0,1912.9328016467505,726.4524579919199
96.10000000000001,6.389843492813008,0.384131643832181,7.306616296605488,0.006927341490806161,-0.000773978431153987,-0.009103093737534155,27.599999999999895,0.30830022608982255,1909.6682130673144,728.1504972565863,1.0,0.0,0.9528507245916522,0.30343944477467566,0.0,0.0,,
96.2,6.550590226427286,-0.022481925145670455,7.382214868775942,-0.003930187094091643,0.0021662508033365884,-0.005622076221841912,27.699999999999896,0.30830022608982255,1912.312373828056,728.992541715836,1.0,0.0,0.9528507245916522,0.30343944477467566,0.0,0.0,,
96.30000000000001,6.415213429753319,-0.1937921770409561,7.659335354522006,0.01698575346140257,-0.0006071282347237618,0.004395939444939703,27.799999999999898,0.30830022608982255,1914.9660630960436,729.8376205695334,1.0,0.0,0.9528507245916522,0.30343944477467566,0.0,0.0,,
96.4,6.334828431905452,0.11734975907612569,7.344763594056347,-0.006513537597032008,0.001299936968664283,0.015713405296274397,27.8999999999999,0.30830022608982255,1917.6292808712772,730.6857338176786,1.0,0.0,0.9528507245916522,0.30343944477467566,0.0,0.0,,
96.5,6.764978939806599,-0.08749373132955596,7.269485386075283,-0.013084438296304379,0.002341001616267583,0.01776795810671091,27.9999999999999,0.30830022608982255,1920.3020271537566,731.5368814602716,1.0,0.0,0.9528507245916522,0.30343944477467566,0.0,0.0,,
96.60000000000001,6.309994239281212,-0.28304579808931374,7.360578292014922,-0.00973705779691335,-0.0019292544449403626,0.002119848183068724,28.099999999999902,0.30830022608982255,1922.984301943482,732.3910634973123,1.0,0.0,0.9528507245916522,0.30343944477467566,0.0,0.0,,
96.7,6.409446588977471,-0.013725375433814496,7.713913238844313,0.006657785217391545,0.012215030449783866,0.015167513419520065,28.199999999999903,0.30830022608982255,1925.6761052404534,733.2482799288007,1.0,0.0,0.9528507245916522,0.30343944477467566,0.0,0.0,,
96.80000000000001,6.254812082690916,0.010551921307448583,7.316928435714659,-0.019728254074924782,-0.0029153330839653724,0.012367526761439145,28.299999999999905,0.30830022608982255,1928.3774370446706,734.1085307547369,1.0,0.0,0.9528507245916522,0.30343944477467566,0.0,0.0,,
96.9,6.597758751540183,0.04845703395416796,7.529639909510194,0.022048714169443786,0.010609938195036766,0.018232040116041442,28.399999999999906,0.30830022608982255,1931.0882973561338,734.9718159751208,1.0,0.0,0.9528507245916522,0.30343944477467566,0.0,0.0,,
97.0,6.669427345031205,0.0018034128589343237,7.357740275189764,-0.01635217402803972,0.0054451486511261716,-0.0033100558282214343,28.499999999999908,0.30830022608982255,1933.808686174843,735.8381355899525,1.0,0.0,0.9528507245916522,0.30343944477467566,0.0,0.0,1934.2806483014026,733.3656959997894
97.10000000000001,6.288608373632157,-0.20905117586233066,7.340783491835589,-0.004133135520772604,0.0011886367202428466,0.028986474020595156,28.59999999999991,0.30830022608982255,1936.538603500798,736.7074895992318,1.0,0.0,0.9528507245916522,0.30343944477467566,0.0,0.0,,
97.2,6.275632822816352,0.1790799015835712,7.359174923369018,-0.01178075327658005,-0.008595515365816273,0.0004859220098263079,28.69999999999991,0.30830022608982255,1939.278049333999,737.579878002959,1.0,0.0,0.9528507245916522,0.30343944477467566,0.0,0.0,,
97.30000000000001,6.432726461749419,0.23768495182918833,7.259902430071658,-0.0026517781302836043,-0.0035254888802235813,0.013367183505983172,28.799999999999912,0.30830022608982255,1942.0270236744457,738.455300801134,1.0,0.0,0.9528507245916522,0.30343944477467566,0.0,0.0,,
97.4,6.637654171505429,-0.2491922225208604,7.413351096277955,-0.002834019684300101,-0.00812435328748946,0.010025514866033352,28.899999999999913,0.30830022608982255,1944.7855265221383,739.3337579937566,1.0,0.0,0.9528507245916522,0.30343944477467566,0.0,0.0,,
97.5,6.67608344581766,0.00481524179941676,7.446281494842455,0.009945190121298103,0.01075174423165179,0.0074615389520012055,28.999999999999915,0.30830022608982255,1947.5535578770769,740.215249580827,1.0,0.0,0.9528507245916522,0.30343944477467566,0.0,0.0,,
97.60000000000001,6.22610567268938,0.10663177183582101,7.523012205570438,0.01275152832401293,-0.014388857219337126,0.01814632441675506,29.099999999999916,0.30830022608982255,1950.3311177392613,741.0997755623451,1.0,0.0,0.9528507245916522,0.30343944477467566,0.0,0.0,,
97.7,6.38507343131481,0.07479923421218346,7.406955985781771,0.0014751758552908807,-0.00022131040002724392,0.006436843497292431,29.199999999999918,0.30830022608982255,1953.1182061086918,741.987335938311,1.0,0.0,0.9528507245916522,0.30343944477467566,0.0,0.0,,
97.80000000000001,6.61732217390402,-0.12614482404366362,7.222864494205438,-0.011754302059879014,0.004406601323701302,-0.022324266823677667,29.29999999999992,0.30830022608982255,1955.9148229853681,742.8779307087246,1.0,0.0,0.9528507245916522,0.30343944477467566,0.0,0.0,,
97.9,6.2019636421148245,0.08956957710810196,7.334333008028186,0.012109594502420794,0.023614902928472292,0.012767920028328179,29.39999999999992,0.30830022608982255,1958.7209683692904,743.771559873586,1.0,0.0,0.9528507245916522,0.30343944477467566,0.0,0.0,,
98.0,6.4819900205080545,0.24051752942590862,7.59465976344635,-0.013821633993417667,0.006332283939402106,0.003509997872504958,29.499999999999922,0.30830022608982255,1961.5366422604586,744.6682234328952,1.0,0.0,0.9528507245916522,0.30343944477467566,0.0,0.0,1965.4903491220866,746.0068535895963
98.10000000000001,6.432172139090124,0.1789603828905711,7.410628052290906,-0.0006453987669848567,-0.004541329474583522,0.005795891478053087,29.599999999999923,0.30830022608982255,1964.3618446588728,745.5679213866521,1.0,0.0,0.9528507245916522,0.30343944477467566,0.0,0.0,,
98.2,6.670520944078044,0.2691760561269017,7.285979976562948,-0.01581829219709694,-0.007556415076901321,0.008353896268368768,29.699999999999925,0.30830022608982255,1967.1965755645328,746.4706537348567,1.0,0.0,0.9528507245916522,0.30343944477467566,0.0,0.0,,
98.30000000000001,6.687779274235101,-0.07843143638445166,7.677588934234589,0.01073241292006897,-0.003318007354617205,0.01684985152224626,29.799999999999926,0.30830022608982255,1970.0408349774389,747.3764204775091,1.0,0.0,0.9528507245916522,0.30343944477467566,0.0,0.0,,
98.4,6.317172506694011,0.41805177666057963,7.402651223578923,0.006999017947782825,0.015683622683467756,0.012526817899242412,29.899999999999928,0.30830022608982255,1972.8946228975908,748.2852216146092,1.0,0.0,0.9528507245916522,0.30343944477467566,0.0,0.0,,
98.5,6.311492538139439,0.24150706061057237,7.076198466692205,-0.0020478984417035833,-0.014756067171346438,0.006431740237722269,29.99999999999993,0.30830022608982255,1975.7579393249887,749.1970571461571,1.0,0.0,0.9528507245916522,0.30343944477467566,0.0,0.0,,
98.60000000000001,6.408834895749269,0.018984006634497404,7.351795075046003,0.01210904891186959,0.0005913092821999941,0.010762597636741141,30.09999999999993,0.30830022608982255,1978.6307842596325,750.1119270721528,1.0,0.0,0.9528507245916522,0.30343944477467566,0.0,0.0,,
98.7,6.621337306070929,-0.04405517920363005,7.540959504834755,-0.01853747309825328,0.006607734085344734,0.01031162656565559,30.199999999999932,0.30830022608982255,1981.5131577015222,751.0298313925961,1.0,0.0,0.9528507245916522,0.30343944477467566,0.0,0.0,,
98.80000000000001,6.48907637344481,0.11848808507360314,7.188639748818073,0.00273430761096631,0.011448350483043733,-0.01691836635203773,30.299999999999933,0.30830022608982255,1984.4050596506577,751.9507701074872,1.0,0.0,0.9528507245916522,0.30343944477467566,0.0,0.0,,
98.9,6.332339158563781,0.031037193557947762,7.277442295253318,-0.005101520384349817,0.013618350810005128,0.012108144234097184,30.399999999999935,0.30830022608982255,1987.306490107039,752.874743216826,1.0,0.0,0.9528507245916522,0.30343944477467566,0.0,0.0,,
99.0,6.592199777341177,0.18769888686281938,7.776708394992901,-0.01312439663595319,0.011761684003521455,0.014759077829491409,30.499999999999936,0.30830022608982255,1990.2174490706664,753.8017507206126,1.0,0.0,0.9528507245916522,0.30343944477467566,0.0,0.0,1992.6735516635492,754.6467135315295
99.10000000000001,6.596918028111024,0.14015922789123264,7.565301137840865,0.005546935757391013,0.006943836362950263,0.011971733720838582,30.599999999999937,0.30830022608982255,1993.1379365415396,754.731792618847,1.0,0.0,0.9528507245916522,0.30343944477467566,0.0,0.0,,
99.2,6.556961244319802,-0.20664641070161108,7.310765603541511,-0.00466761406153293,-0.0034392657979874543,0.005290553933125478,30.69999999999994,0.30830022608982255,1996.0679525196588,755.6648689115291,1.0,0.0,0.9528507245916522,0.30343944477467566,0.0,0.0,,
99.30000000000001,6.2445415704177085,-0.1203393980228667,7.534378281881704,0.012573623355299015,-0.006556664024709193,0.013905696339248153,30.79999999999994,0.30830022608982255,1999.0074970050239,756.6009795986589,1.0,0.0,0.9528507245916522,0.30343944477467566,0.0,0.0,,
99.4,6.462978188935503,-0.10934703388119543,7.372730117552435,0.00848463581769477,7.068913974815256e-05,0.007986213428509694,30.89999999999994,0.30830022608982255,2001.956569997635,757.5401246802365,1.0,0.0,0.9528507245916522,0.30343944477467566,0.0,0.0,,
99.5,6.461177358600831,-0.09464749067783201,7.584596550317901,0.003409950722572128,0.015971337866823525,-0.003633286738498287,30.999999999999943,0.30830022608982255,2004.9151714974919,758.4823041562619,1.0,0.0,0.9528507245916522,0.30343944477467566,0.0,0.0,,
99.60000000000001,6.558796802533532,0.20722592526999573,7.440803164324323,-0.008195820436146778,-0.00528908983836155,-0.013441837019077894,31.099999999999945,0.30830022608982255,2007.8833015045948,759.427518026735,1.0,0.0,0.9528507245916522,0.30343944477467566,0.0,0.0,,
99.7,6.744714054653566,-0.08523439323757037,7.4123361858273125,0.0015281585633740117,0.01450640765077203,0.012033286749639839,31.199999999999946,0.30830022608982255,2010.8609600189436,760.3757662916559,1.0,0.0,0.9528507245916522,0.30343944477467566,0.0,0.0,,
99.80000000000001,6.433812286282006,0.20643233768090205,7.2849279538622635,0.0008732051735059286,-0.008903979102871494,0.00636916215995285,31.299999999999947,0.30830022608982255,2013.8481470405384,761.3270489510244,1.0,0.0,0.9528507245916522,0.30343944477467566,0.0,0.0,,
99.9,6.62943375473795,0.2109946867780808,7.363717830609485,0.01023924244734512,-0.003381923225794532,0.0024749622640179367,31.39999999999995,0.30830022608982255,2016.844862569379,762.2813660048407,1.0,0.0,0.9528507245916522,0.30343944477467566,0.0,0.0,,
100.0,6.561244578942071,-0.12197798599174917,7.32106497557752,-0.02249949832141836,0.010617679950248376,0.014127443819797312,31.49999999999995,0.30830022608982255,2019.8511066054657,763.2387174531048,1.0,0.0,0.9528507245916522,0.30343944477467566,0.0,0.0,2017.9182490078997,764.5217174381221
100.10000000000001,6.566725289219824,0.09495095457388916,7.404081874241881,-0.002272155490052723,0.0019028439465887963,0.0044477564474462335,31.59999999999995,0.30830022608982255,2022.8668791487983,764.1991032958166,1.0,0.0,0.9528507245916522,0.30343944477467566,0.0,0.0,,
100.2,6.601267578677228,0.14746712682985422,7.5208715091901555,-0.004306578307368907,-0.007751654992753902,-0.0013621253404958117,31.699999999999953,0.30830022608982255,2025.8921801993768,765.1625235329761,1.0,0.0,0.9528507245916522,0.30343944477467566,0.0,0.0,,
100.30000000000001,6.463365535183052,-0.005310085044372123,7.417067583857217,-0.009840236029114872,-0.004575905471858956,0.021860748491122135,31.799999999999955,0.30830022608982255,2028.927009757201,766.1289781645835,1.0,0.0,0.9528507245916522,0.30343944477467566,0.0,0.0,,
100.4,6.495849139579151,0.14257416958412716,7.518243442408418,-0.008733971639676678,0.007979761577583707,0.007307488314831126,31.899999999999956,0.30830022608982255,2031.971367822271,767.0984671906385,1.0,0.0,0.9528507245916522,0.30343944477467566,0.0,0.0,,
100.5,6.534759989195437,0.2853835384057876,7.4411104042208605,-0.003160665070408624,0.005493572695522983,-0.01793311404617326,31.999999999999957,0.30830022608982255,2035.0252543945871,768.0709906111414,1.0,0.0,0.9528507245916522,0.30343944477467566,0.0,0.0,,
100.60000000000001,6.311008905971679,0.09674517697656945,7.441944577350365,-0.0013343381205878388,-0.015150080631210188,0.0074289771771857685,32.09999999999996,0.30830022608982255,2038.0886694741491,769.0465484260919,1.0,0.0,0.9528507245916522,0.30343944477467566,0.0,0.0,,
100.7,6.4811563275539275,0.14031478321961044,7.327886350908067,-0.004106590238596064,-0.020757161191974936,0.0021477565040170336,32.19999999999996,0.30830022608982255,2041.161613060957,770.0251406354903,1.0,0.0,0.9528507245916522,0.30343944477467566,0.0,0.0,,
100.80000000000001,6.4789704555029415,-0.13190372592371782,7.28834314973204,-0.0019585273468523965,0.02043398533867455,0.017486288339305923,32.29999999999996,0.30830022608982255,2044.244085155011,771.0067672393363,1.0,0.0,0.9528507245916522,0.30343944477467566,0.0,0.0,,
100.9,6.354506489584732,-0.07886844489430617,7.256945701363449,-0.003751757176625996,0.0024885807144320654,0.024806357568777006,32.39999999999996,0.30830022608982255,2047.3360857563107,771.9914282376301,1.0,0.0,0.9528507245916522,0.30343944477467566,0.0,0.0,,
101.0,6.464132566491073,-0.05331233419429283,7.23912650745908,-0.0061873272021714595,0.010321193943056077,0.017044422084915748,32.499999999999964,0.30830022608982255,2050.437614864856,772.9791236303716,1.0,0.0,0.9528507245916522,0.30343944477467566,0.0,0.0,2045.4997882258285,776.3375499976617
101.10000000000001,6.504788973051238,-0.5409330806353515,7.435475428374427,-0.0002416183161629274,-0.0037059766776237385,-0.0035987905807845612,32.599999999999966,0.30830022608982255,2053.548672480648,773.9698534175609,1.0,0.0,0.9528507245916522,0.30343944477467566,0.0,0.0,,
101.2,6.293394587060666,-0.028868606747638866,7.356349394559394,0.001878032187609479,-0.014233740758325453,0.0016024932036838215,32.69999999999997,0.30830022608982255,2056.669258603685,774.963617599198,1.0,0.0,0.9528507245916522,0.30343944477467566,0.0,0.0,,
101.30000000000001,6.676526112373619,-0.011677508314993514,7.608874807798673,-0.01932509079542794,-0.012366413721690622,-0.00046448825865653184,32.79999999999997,0.30830022608982255,2059.7993732339687,775.9604161752827,1.0,0.0,0.9528507245916522,0.30343944477467566,0.0,0.0,,
101.4,6.545486490813711,0.10410849043758666,7.657227445291579,-0.009669761696325024,-0.008514536502203941,-0.012443441981058467,32.89999999999997,0.30830022608982255,2062.939016371498,776.9602491458153,1.0,0.0,0.9528507245916522,0.30343944477467566,0.0,0.0,,
101.5,6.5830467065404195,0.35154112487316097,7.311114860749469,-0.010139193080100651,-0.009435308777956142,0.013275659484452657,32.99999999999997,0.30830022608982255,2066.0881880162733,777.9631165107955,1.0,0.0,0.9528507245916522,0.30343944477467566,0.0,0.0,,
101.60000000000001,6.463306100249377,0.13467787461779232,7.265142184468494,0.0019461450332484015,0.002959714377486699,0.011058808259382203,33.09999999999997,0.30830022608982255,2069.2468881682944,778.9690182702236,1.0,0.0,0.9528507245916522,0.30343944477467566,0.0,0.0,,
101.7,6.581304149079846,0.0884733746319382,7.350368419133473,0.006973484521054859,0.009884528951788901,-0.002971433702535278,33.199999999999974,0.30830022608982255,2072.4151168275616,779.9779544240994,1.0,0.0,0.9528507245916522,0.30343944477467566,0.0,0.0,,
101.80000000000001,6.488702309739969,0.17022743450445885,7.307165931116102,0.012895594896986447,-0.012290867464382817,0.017726258230676094,33.299999999999976,0.30830022608982255,2075.5928739940746,780.9899249724228,1.0,0.0,0.9528507245916522,0.30343944477467566,0.0,0.0,,
101.9,6.606213057181545,-0.12350274077916318,7.372246030283542,0.0023909844507023206,0.0009042706966006771,0.007195927903101129,33.39999999999998,0.30830022608982255,2078.7801596678337,782.0049299151941,1.0,0.0,0.9528507245916522,0.30343944477467566,0.0,0.0,,
102.0,6.125657268583768,-0.08923125231756318,7.088339795147295,-0.00044078305674063816,-0.017167349607058173,0.002983552396583845,33.49999999999998,0.30830022608982255,2081.9769738488385,783.0229692524131,1.0,0.0,0.9528507245916522,0.30343944477467566,0.0,0.0,2085.225176532597,783.5848718303315
102.10000000000001,6.733400410499778,0.07420161900211787,7.3689215121356915,-0.020827547521322466,-0.01780083651656595,0.0043583642905024225,33.59999999999998,0.30830022608982255,2085.1833165370895,784.0440429840799,1.0,0.0,0.9528507245916522,0.30343944477467566,0.0,0.0,,
102.2,6.451124350217067,-0.002109321941619724,7.133918342167522,0.0076786993271672375,-0.0009244892280707786,-0.003644507324723778,33.69999999999998,0.30830022608982255,2088.399187732586,785.0681511101943,1.0,0.0,0.9528507245916522,0.30343944477467566,0.0,0.0,,
102.30000000000001,6.657975825959268,-0.11915577080450093,7.4061701849751165,-0.012996828449366598,-0.004178503203752875,0.014872116042024337,33.79999999999998,0.30830022608982255,2091.624587435329,786.0952936307566,1.0,0.0,0.9528507245916522,0.30343944477467566,0.0,0.0,,
102.4,6.627157565198018,0.34918614729972386,7.476640062777831,-0.012678347610308057,0.008041521376815448,-0.003684135761457873,33.899999999999984,0.30830022608982255,2094.8595156453175,787.1254705457666,1.0,0.0,0.9528507245916522,0.30343944477467566,0.0,0.0,,
102.5,6.579564710208953,0.04169112364466681,7.352070736573471,-0.0044297439719846975,0.01686600906766904,0.0021410403305717257,33.999999999999986,0.30830022608982255,2098.1039723625518,788.1586818552244,1.0,0.0,0.9528507245916522,0.30343944477467566,0.0,0.0,,
102.60000000000001,6.464669536681624,0.197649953746028,7.442455934731869,0.00477720618567685,0.012663996322196867,0.00998921014819934,34.09999999999999,0.30830022608982255,2101.357957587032,789.1949275591298,1.0,0.0,0.9528507245916522,0.30343944477467566,0.0,0.0,,
102.7,6.358393783135418,0.5478971361375518,7.343186027222427,-0.010611460174807168,0.005675595797258515,0.009704917016486582,34.19999999999999,0.30830022608982255,2104.6214713187583,790.2342076574831,1.0,0.0,0.9528507245916522,0.30343944477467566,0.0,0.0,,
102.80000000000001,6.454915925707027,-0.15172852899673775,7.3285159755332225,0.0046968451105261514,-0.011826732514272374,0.01969859225152183,34.29999999999999,0.30830022608982255,2107.8945135577305,791.2765221502841,1.0,0.0,0.9528507245916522,0.30343944477467566,0.0,0.0,,
102.9,6.661546530482628,-0.1395427090627248,7.4351638702081715,-0.005599873368622236,0.006813932372923287,0.0314203309869574,34.39999999999999,0.30830022608982255,2111.1770843039485,792.3218710375328,1.0,0.0,0.9528507245916522,0.30343944477467566,0.0,0.0,,
103.0,6.503898058752952,0.1632359990893399,7.473622739854091,-0.0068882651299037425,-0.0012126959657942735,0.00792491278222751,34.49999999999999,0.30830022608982255,2114.4691835574126,793.3702543192293,1.0,0.0,0.9528507245916522,0.30343944477467566,0.0,0.0,2122.8101195859113,793.9370687824913
103.10000000000001,6.141679760036722,-0.08038750818354387,7.501506256608185,-0.007646876061514453,-0.027938853248320423,0.01503765161458721,34.599999999999994,0.30830022608982255,2117.7708113181225,794.4216719953735,1.0,0.0,0.9528507245916522,0.30343944477467566,0.0,0.0,,
103.2,6.4637434479591365,0.09191603004390099,7.387822198688457,0.0008409054093081649,0.009769371018028428,0.02145411783378046,34.699999999999996,0.30830022608982255,2121.0819675860785,795.4761240659655,1.0,0.0,0.9528507245916522,0.30343944477467566,0.0,0.0,,
103.30000000000001,6.80184948091718,0.0033338717187550507,7.694488544908231,0.0019596595979984297,0.012766437011204843,0.002469222253208038,34.8,0.30830022608982255,2124.40265236128,796.5336105310051,1.0,0.0,0.9528507245916522,0.30343944477467566,0.0,0.0,,
103.4,6.322988060349252,0.01106039442192639,7.115877204156362,0.01127134921681536,-0.0023083102797840584,0.017547180956196597,34.9,0.30830022608982255,2127.732865643728,797.5941313904926,1.0,0.0,0.9528507245916522,0.30343944477467566,0.0,0.0,,
103.5,6.632523708140806,-0.17004689459757488,7.524639765429173,0.006585412944288429,-0.00455441760668445,0.011506402250687189,35.0,0.30830022608982255,2131.0726074334216,798.6576866444278,1.0,0.0,0.9528507245916522,0.30343944477467566,0.0,0.0,,
103.60000000000001,6.611104969581644,-0.006716117668397574,7.388200644238424,-0.015626586233826064,-0.01699071129971798,0.019729651065388536,35.1,0.30830022608982255,2134.4218777303613,799.7242762928108,1.0,0.0,0.9528507245916522,0.30343944477467566,0.0,0.0,,
103.7,6.58356472450621,0.10503596761081821,7.658107421100125,0.013234683540764559,0.005664721712283978,-0.015457391556379922,35.2,0.30830022608982255,2137.7806765345467,800.7939003356415,1.0,0.0,0.9528507245916522,0.30343944477467566,0.0,0.0,,
103.80000000000001,6.474791645534833,-0.2304004537515448,7.378787873336047,-0.001573579886837895,0.012684322257422527,0.01402316767186931,35.300000000000004,0.30830022608982255,2141.1490038459783,801.86655877292,1.0,0.0,0.9528507245916522,0.30343944477467566,0.0,0.0,,
103.9,6.354238102370454,-0.08499048071016749,7.217439706637455,0.007081801040403873,-0.0006559283383626585,0.001047614157003593,35.400000000000006,0.30830022608982255,2144.5268596646556,802.9422516046462,1.0,0.0,0.9528507245916522,0.30343944477467566,0.0,0.0,,
104.0,6.513359430996509,0.1929980730212007,7.46792276873036,-0.009280030092417303,1.00640386583662e-05,-0.0113835171843157,35.50000000000001,0.30830022608982255,2147.9142439905786,804.0209788308201,1.0,0.0,0.9528507245916522,0.30343944477467566,0.0,0.0,2144.146344996806,803.2108702783447
104.10000000000001,6.372496674759784,-0.011212169852487644,7.521106598759042,-0.010248551861590627,0.0016135837175557646,0.008821027600245042,35.60000000000001,0.30830022608982255,2151.3111568237478,805.1027404514418,1.0,0.0,0.9528507245916522,0.30343944477467566,0.0,0.0,,
104.2,6.235967897876776,0.01740959803045925,7.249804115296055,-0.012070547147675486,0.005177965324500209,-0.001361303568900146,35.70000000000001,0.30830022608982255,2154.7175981641626,806.1875364665112,1.0,0.0,0.9528507245916522,0.30343944477467566,0.0,0.0,,
104.30000000000001,6.4804702501247995,-0.028865008619609077,7.058088841737488,0.0038893841348078073,0.006592610004245332,-0.0003484860891624251,35.80000000000001,0.30830022608982255,2158.1335680118236,807.2753668760284,1.0,0.0,0.9528507245916522,0.30343944477467566,0.0,0.0,,
104.4,6.372045508595903,-0.09866365919766873,7.382233808849353,-0.0018826970784081097,0.002429924140283122,0.010660382238385602,35.90000000000001,0.30830022608982255,2161.5590663667303,808.3662316799933,1.0,0.0,0.9528507245916522,0.30343944477467566,0.0,0.0,,
104.5,6.632243388477737,-0.09601582096645694,7.330694130716656,-0.020574953771973898,-0.00862550205152167,0.007593144854435895,36.000000000000014,0.30830022608982255,2164.9940932288832,809.4601308784061,1.0,0.0,0.9528507245916522,0.30343944477467566,0.0,0.0,,
104.60000000000001,6.111290923861696,0.13387433172407265,7.358967312415715,-0.01223544878267615,-0.00739504862733477,0.014774418607752946,36.100000000000016,0.30830022608982255,2168.438648598282,810.5570644712665,1.0,0.0,0.9528507245916522,0.30343944477467566,0.0,0.0,,
104.7,6.397044918640547,0.024536232291618106,7.516363038002404,-0.001242491148057199,0.003385507762779863,0.011538846431460262,36.20000000000002,0.30830022608982255,2171.8927324749266,811.6570324585747,1.0,0.0,0.9528507245916522,0.30343944477467566,0.0,0.0,,
104.80000000000001,6.228188023250128,-0.046609787982366764,7.481351385679002,-0.008600461326251321,0.012918241002024608,0.0036950433824453916,36.30000000000002,0.30830022608982255,2175.356344858817,812.7600348403306,1.0,0.0,0.9528507245916522,0.30343944477467566,0.0,0.0,,
104.9,6.492387132886453,0.00918439578849923,7.293629227661702,0.004811219875117665,-0.0009730426641347451,0.01909078865787146,36.40000000000002,0.30830022608982255,2178.8294857499536,813.8660716165343,1.0,0.0,0.9528507245916522,0.30343944477467566,0.0,0.0,,
105.0,6.42653265817981,0.07656370455000974,7.149953943947146,-0.00866410094551056,0.004321415056367774,0.00688482564836322,36.50000000000002,0.30830022608982255,2182.312155148336,814.9751427871857,1.0,0.0,0.9528507245916522,0.30343944477467566,0.0,0.0,2178.3505984494595,816.5426555669254
105.10000000000001,6.6273798621232105,-0.07078392602496206,7.082685347095531,-0.004944648835919935,-0.003979248363691275,0.01319526702755102,36.60000000000002,0.30830022608982255,2185.8043530539644,816.0872483522849,1.0,0.0,0.9528507245916522,0.30343944477467566,0.0,0.0,,
105.2,6.727517200175901,0.3303621683973126,7.416912798463267,0.016318525576965368,0.01278578812512079,0.002592912099212503,36.700000000000024,0.30830022608982255,2189.3060794668386,817.2023883118318,1.0,0.0,0.9528507245916522,0.30343944477467566,0.0,0.0,,
105.30000000000001,6.605534482386786,0.12195633364270508,7.25319238044663,0.00028997356763574425,0.009623046873019746,0.005844907326930831,36.800000000000026,0.30830022608982255,2192.817334386959,818.3205626658264,1.0,0.0,0.9528507245916522,0.30343944477467566,0.0,0.0,,
105.4,6.668058748358759,-0.09931572190037904,7.519210457893304,0.0015903655395554006,0.004255855542424862,0.014502722288406013,36.90000000000003,0.30830022608982255,2196.338117814325,819.4417714142688,1.0,0.0,0.9528507245916522,0.30343944477467566,0.0,0.0,,
105.5,6.641327521721317,0.049947968802039076,7.312035385166979,-0.013701041669981453,0.007798879444675986,-0.01105376758515762,37.00000000000003,0.30830022608982255,2199.8684297489367,820.566014557159,1.0,0.0,0.9528507245916522,0.30343944477467566,0.0,0.0,,
105.60000000000001,6.700463276739624,0.09887936033146791,7.486986384400167,0.0026857126324718234,0.013212439113991526,0.014760274558545939,37.10000000000003,0.30830022608982255,2203.4082701907946,821.6932920944969,1.0,0.0,0.9528507245916522,0.30343944477467566,0.0,0.0,,
105.7,6.776746346226814,-0.22121779593553073,7.356770740040406,0.000569463808187992,-0.0037119784524746323,-0.007201249842731673,37.20000000000003,0.30830022608982255,2206.957639139898,822.8236040262825,1.0,0.0,0.9528507245916522,0.30343944477467566,0.0,0.0,,
105.80000000000001,6.486966249744346,0.15438911108860165,7.207618290144866,-0.004945920512719336,-0.009413140517389234,0.006115690058528252,37.30000000000003,0.30830022608982255,2210.516536596248,823.956950352516,1.0,0.0,0.9528507245916522,0.30343944477467566,0.0,0.0,,
105.9,6.378607614123001,0.19855654522523003,7.350899088276201,-0.008515972226151431,0.01651780074511068,0.016281213463157723,37.400000000000034,0.30830022608982255,2214.0849625598435,825.0933310731971,1.0,0.0,0.9528507245916522,0.30343944477467566,0.0,0.0,,
106.0,6.741316905639307,-0.03209352634179576,7.4956217126405775,0.0022859040565197546,0.009964255142451573,0.00759246776125843,37.500000000000036,0.30830022608982255,2217.662917030685,826.2327461883259,1.0,0.0,0.9528507245916522,0.30343944477467566,0.0,0.0,2214.583590922378,824.7182172887591
106.10000000000001,6.522542197030598,0.04653532934471331,7.410593819018019,-0.014093246419581873,-0.009189739339726501,0.009864393242582451,37.60000000000004,0.30830022608982255,2221.2504000087724,827.3751956979025,1.0,0.0,0.9528507245916522,0.30343944477467566,0.0,0.0,,
106.2,6.428971479146637,0.04530170084337567,7.768940503381276,-0.011271593125026734,0.012375813176638177,0.013133232401033635,37.70000000000004,0.30830022608982255,2224.847411494106,828.5206796019269,1.0,0.0,0.9528507245916522,0.30343944477467566,0.0,0.0,,
106.30000000000001,6.401091233742293,-0.12041846587831145,7.563166286324253,-0.02125807749113835,0.0040233698444674965,0.025713207574817296,37.80000000000004,0.30830022608982255,2228.453951486685,829.669197900399,1.0,0.0,0.9528507245916522,0.30343944477467566,0.0,0.0,,
106.4,6.38504675486505,0.36492277679237506,7.523522941980466,0.0016064518942494215,0.005507255096366602,0.005431687556387686,37.90000000000004,0.30830022608982255,2232.0700199865105,830.8207505933188,1.0,0.0,0.9528507245916522,0.30343944477467566,0.0,0.0,,
106.5,6.632720936091524,-0.049096716140349723,7.464605122304456,0.00036664371509648733,0.006154390936456895,0.012592759876274982,38.00000000000004,0.30830022608982255,2235.6956169935816,831.9753376806865,1.0,0.0,0.9528507245916522,0.30343944477467566,0.0,0.0,,
106.60000000000001,6.431566032136011,0.04405886971731203,7.367171790629427,0.011724234158474192,0.01381923106501202,0.016276676917337567,38.100000000000044,0.30830022608982255,2239.330742507899,833.1329591625018,1.0,0.0,0.9528507245916522,0.30343944477467566,0.0,0.0,,
106.7,6.172329139217179,0.003743588139231077,7.108172780412589,0.002497174491740731,0.0051604777368923676,0.002349839375614531,38.200000000000045,0.30830022608982255,2242.9753965294617,834.293615038765,1.0,0.0,0.9528507245916522,0.30343944477467566,0.0,0.0,,
106.80000000000001,6.287917746810836,-0.02226593784964924,7.219391302279787,-0.006994595154560111,-0.0007473568105938787,-0.014371447006267805,38.30000000000005,0.30830022608982255,2246.629579058271,835.4573053094758,1.0,0.0,0.9528507245916522,0.30343944477467566,0.0,0.0,,
106.9,6.26468285191469,0.30863385419787215,7.47076318623212,0.011288233953959139,-0.000784088448993138,0.009027623460040012,38.40000000000005,0.30830022608982255,2250.2932900943256,836.6240299746345,1.0,0.0,0.9528507245916522,0.30343944477467566,0.0,0.0,,
107.0,6.591307244899706,-0.0026659117956381595,7.245771007641855,-0.012874005767427112,-0.010242579571742579,-0.0008921675200688197,38.50000000000005,0.30830022608982255,2253.966529637626,837.7937890342408,1.0,0.0,0.9528507245916522,0.30343944477467566,0.0,0.0,2256.440562628248,841.0009914943996
107.10000000000001,6.224609408524199,-0.05594291706440848,7.575421591003298,-0.006838681643239133,-0.004547727629681855,0.021138896756477895,38.60000000000005,0.30830022608982255,2257.6492976881727,838.9665824882949,1.0,0.0,0.9528507245916522,0.30343944477467566,0.0,0.0,,
107.2,6.509237619748827,0.20039313207833942,7.459989350766576,0.003047185343026781,-0.0031136889695845163,0.004792811959150949,38.70000000000005,0.30830022608982255,2261.341594245965,840.1424103367967,1.0,0.0,0.9528507245916522,0.30343944477467566,0.0,0.0,,
107.30000000000001,6.546155543529622,0.105091565523494,7.439692741810177,-0.022106197287944666,-0.004088609529960541,0.0005388335320359351,38.800000000000054,0.30830022608982255,2265.0434193110036,841.3212725797463,1.0,0.0,0.9528507245916522,0.30343944477467566,0.0,0.0,,
107.4,6.6637552013015044,-0.22234696750554048,7.2843180998539445,-0.009071671455733716,-0.013692590666638619,-0.013299285586177014,38.900000000000055,0.30830022608982255,2268.754772883288,842.5031692171436,1.0,0.0,0.9528507245916522,0.30343944477467566,0.0,0.0,,
107.5,6.4835590036072235,0.19048341007090666,7.548593194665761,-0.0025711861706295474,0.0021889668622029038,-0.005991893966227592,39.00000000000006,0.30830022608982255,2272.475654962818,843.6881002489887,1.0,0.0,0.9528507245916522,0.30343944477467566,0.0,0.0,,
107.60000000000001,6.5487555797679535,-0.11595812697870964,7.385800698344718,-0.012208005497927471,0.0019198615208087203,0.0118996392951215,39.10000000000006,0.30830022608982255,2276.2060655495943,844.8760656752816,1.0,0.0,0.9528507245916522,0.30343944477467566,0.0,0.0,,
107.7,6.444680524154627,-0.10380430588249087,7.564126708368177,-0.00658006201538308,0.005107679820417016,0.005731705383323361,39.20000000000006,0.30830022608982255,2279.9460046436166,846.0670654960221,1.0,0.0,0.9528507245916522,0.30343944477467566,0.0,0.0,,
107.80000000000001,6.393707417361122,0.021657782348672428,7.35984916768442,0.009305829972911342,-0.0023700888570210186,0.0074675277855050124,39.30000000000006,0.30830022608982255,2283.6954722448845,847.2610997112105,1.0,0.0,0.9528507245916522,0.30343944477467566,0.0,0.0,,
107.9,6.618177101730917,0.06600856498482091,7.452335050511984,-0.019684849337460644,-0.0035073263920317706,0.005738616821073582,39.40000000000006,0.30830022608982255,2287.4544683533986,848.4581683208465,1.0,0.0,0.9528507245916522,0.30343944477467566,0.0,0.0,,
108.0,6.548564239882465,0.05518417281383605,7.55561576967426,-0.013788941440207028,0.007345895725781647,0.011190226033875778,39.500000000000064,0.30830022608982255,2291.2229929691584,849.6582713249304,1.0,0.0,0.9528507245916522,0.30343944477467566,0.0,0.0,2285.559913832919,846.8234238339732
108.10000000000001,6.4822084005134055,-0.001472669359478998,7.4050551074533955,0.003021409512329744,-0.01077226599991481,0.018064712793884805,39.600000000000065,0.30830022608982255,2295.0010460921644,850.861408723462,1.0,0.0,0.9528507245916522,0.30343944477467566,0.0,0.0,,
108.2,6.653743772853198,0.14304741203731108,7.268519613603677,-0.011878613863238227,-0.01009817225829161,0.023536155598456742,39.70000000000007,0.30830022608982255,2298.788627722416,852.0675805164412,1.0,0.0,0.9528507245916522,0.30343944477467566,0.0,0.0,,
108.30000000000001,6.701152663875247,0.29459625633291897,7.245668752902194,0.002333297221528532,-0.008329203494305791,0.013703750156326308,39.80000000000007,0.30830022608982255,2302.585737859914,853.2767867038683,1.0,0.0,0.9528507245916522,0.30343944477467566,0.0,0.0,,
108.4,6.3521538431962545,-0.14811349108868413,7.42236023528951,-0.0058291676362609525,0.0133139148019084,0.011140632366971298,39.90000000000007,0.30830022608982255,2306.3923765046575,854.4890272857431,1.0,0.0,0.9528507245916522,0.30343944477467566,0.0,0.0,,
108.5,6.170706944084686,-0.02754997869941484,7.525286974218928,-0.0003347171687723862,-0.005359662829644907,-0.010159791305898648,40.00000000000007,0.30830022608982255,2310.2085436566467,855.7043022620657,1.0,0.0,0.9528507245916522,0.30343944477467566,0.0,0.0,,
108.60000000000001,6.580834938504465,0.19988593488509168,7.062515853506705,-0.02072601356757903,-0.0032727957135010445,0.0041702000121948135,40.10000000000007,0.30830022608982255,2314.034239315882,856.9226116328359,1.0,0.0,0.9528507245916522,0.30343944477467566,0.0,0.0,,
108.7,6.380729880969198,-0.1704232773912577,7.579630797531379,0.004575767062026421,0.008177379706200496,-0.00045624239242560583,40.200000000000074,0.30830022608982255,2317.8694634823632,858.143955398054,1.0,0.0,0.9528507245916522,0.30343944477467566,0.0,0.0,,
108.80000000000001,6.694141491032873,0.11964748809092818,7.516561886389214,-0.004236270466882129,-0.006173937702618876,0.005037684449487003,40.300000000000075,0.30830022608982255,2321.7142161560905,859.3683335577198,1.0,0.0,0.9528507245916522,0.30343944477467566,0.0,0.0,,
108.9,6.221630032466711,0.1543454872473196,7.534099913021081,0.024561313335455845,-0.004361465097465747,0.0005396003721702385,40.40000000000008,0.30830022608982255,2325.5684973370635,860.5957461118334,1.0,0.0,0.9528507245916522,0.30343944477467566,0.0,0.0,,
109.0,6.3331810859805415,-0.09993967573141577,7.379941329150343,0.010626743869943141,-0.006473222152457024,0.003618080626699517,40.50000000000008,0.30830022608982255,2329.4323070252826,861.8261930603946,1.0,0.0,0.9528507245916522,0.30343944477467566,0.0,0.0,2326.904059023827,862.5823208032928
109.10000000000001,6.577432016926377,0.2984649224937403,7.532320585526019,-0.03156215748521721,0.009194721657053725,0.01722960094779934,40.60000000000008,0.30830022608982255,2333.3056452207475,863.0596744034037,1.0,0.0,0.9528507245916522,0.30343944477467566,0.0,0.0,,
109.2,6.405455307369805,0.16429978885310803,7.509198825375441,0.00029985334425007917,0.009938277766311858,0.003574090980980823,40.70000000000008,0.30830022608982255,2337.1885119234585,864.2961901408605,1.0,0.0,0.9528507245916522,0.30343944477467566,0.0,0.0,,
109.30000000000001,6.470463975205417,0.34239152177715554,7.238826101835441,-0.005233410924723644,0.012808789098324539,0.0014429651735326622,40.80000000000008,0.30830022608982255,2341.080907133415,865.535740272765,1.0,0.0,0.9528507245916522,0.30343944477467566,0.0,0.0,,
109.4,6.6347429622401695,0.07615444358553058,7.516992919096808,0.013304423724504116,0.010463358295334542,0.007828483951036193,40.900000000000084,0.30830022608982255,2344.982830850618,866.7783247991173,1.0,0.0,0.9528507245916522,0.30343944477467566,0.0,0.0,,
109.5,6.531043448795518,0.006847930469892023,7.630972780864319,0.00018534568231139706,-0.003204463119350538,0.014932133368903654,41.000000000000085,0.30830022608982255,2348.8942830750666,868.0239437199173,1.0,0.0,0.9528507245916522,0.30343944477467566,0.0,0.0,,
109.60000000000001,6.34673141952535,0.36481040909663515,7.370890935071821,-0.0045171988989482405,0.01662458167541619,0.01119645073558341,41.10000000000009,0.30830022608982255,2352.8152638067613,869.2725970351651,1.0,0.0,0.9528507245916522,0.30343944477467566,0.0,0.0,,
109.7,6.373326580880711,-0.05274179311933081,7.330660518418996,-0.011759397378560514,0.0019031651111723565,0.014563513108431146,41.20000000000009,0.30830022608982255,2356.7457730457018,870.5242847448606,1.0,0.0,0.9528507245916522,0.30343944477467566,0.0,0.0,,
109.80000000000001,6.511811960996471,-0.0274941209509389,7.411747784388127,0.007099445218903439,0.02116975730850433,-0.003970490758317172,41.30000000000009,0.30830022608982255,2360.6858107918883,871.7790068490038,1.0,0.0,0.9528507245916522,0.30343944477467566,0.0,0.0,,
109.9,6.664225397198811,0.2047806689749897,7.426376047092605,-0.003496713342776091,0.002911662426911449,-0.002744520678754904,41.40000000000009,0.30830022608982255,2364.6353770453206,873.0367633475948,1.0,0.0,0.9528507245916522,0.30343944477467566,0.0,0.0,,
110.0,6.77969496315188,0.05725756229370768,7.383373016249031,0.004554926473564662,-0.0035470605322845336,0.014905404477779546,41.50000000000009,0.30830022608982255,2368.5944718059986,874.2975542406336,1.0,0.0,0.9528507245916522,0.30343944477467566,0.0,0.0,2370.104734127467,873.7560249614348
110.10000000000001,6.826880453514288,0.07927754144217752,7.4802611269387995,-0.009706663528691989,0.015724131874924396,-0.0025082384213019155,41.600000000000094,0.30830022608982255,2372.563095073923,875.5613795281201,1.0,0.0,0.9528507245916522,0.30343944477467566,0.0,0.0,,
110.2,6.425070420827783,0.033326960070738695,7.366204393907086,-0.012641271437643606,0.0016282622509572544,-0.008318064147235089,41.700000000000095,0.30830022608982255,2376.5412468490927,876.8282392100543,1.0,0.0,0.9528507245916522,0.30343944477467566,0.0,0.0,,
110.30000000000001,6.608968420529094,-0.11593600507745327,7.496190233924322,-0.003932104072794644,-0.009968765469407474,0.00399668924508655,41.8000000000001,0.30830022608982255,2380.5289271315087,878.0981332864363,1.0,0.0,0.9528507245916522,0.30343944477467566,0.0,0.0,,
110.4,6.830198230293764,-0.2829401428649416,7.4341997044888135,-0.005242013117817635,-0.011463659144711409,0.0022638098850213126,41.9000000000001,0.30830022608982255,2384.5261359211704,879.371061757266,1.0,0.0,0.9528507245916522,0.30343944477467566,0.0,0.0,,
110.5,6.386026327086443,0.07487750440530844,7.197358127019942,0.003358199705417363,-0.004941714670849064,0.017873644213619862,42.0000000000001,0.30830022608982255,2388.5328732180783,880.6470246225435,1.0,0.0,0.9528507245916522,0.30343944477467566,0.0,0.0,,
110.60000000000001,6.205840912887621,0.026402730519259218,7.455245515140576,0.005417593234610924,0.0015871803440931783,0.02194718577477407,42.1000000000001,0.30830022608982255,2392.549139022232,881.9260218822687,1.0,0.0,0.9528507245916522,0.30343944477467566,0.0,0.0,,
110.7,6.738459263008181,-0.07898994155167299,7.511089911749777,0.0028157525016761866,-0.007417567655994712,-0.00018614942787379546,42.2000000000001,0.30830022608982255,2396.5749333336316,883.2080535364418,1.0,0.0,0.9528507245916522,0.30343944477467566,0.0,0.0,,
110.80000000000001,6.518448531061461,-0.07046767159018524,7.413721410706645,0.003817680332568694,-0.001442107212377096,-0.004598759361769155,42.300000000000104,0.30830022608982255,2400.610256152277,884.4931195850625,1.0,0.0,0.9528507245916522,0.30343944477467566,0.0,0.0,,
110.9,6.715405374328349,-0.04715390775538197,7.535495508556348,-0.0017687446865311918,0.021095997610354612,0.021750567314979326,42.400000000000105,0.30830022608982255,2404.6551074781687,885.781220028131,1.0,0.0,0.9528507245916522,0.30343944477467566,0.0,0.0,,
111.0,6.722281204430695,0.11512510406098359,7.65928531242962,-0.011230764913598246,-0.00031677966028230756,0.005768778294165441,42.50000000000011,0.30830022608982255,2408.709487311306,887.0723548656472,1.0,0.0,0.9528507245916522,0.30343944477467566,0.0,0.0,2402.532798808186,893.2126408607039
111.10000000000001,6.367700857549295,0.03370052739389817,7.3323844621912455,0.023909533254579153,0.002013975226871211,0.01807364274330655,42.60000000000011,0.30830022608982255,2412.7733956516895,888.3665240976112,1.0,0.0,0.9528507245916522,0.30343944477467566,0.0,0.0,,
111.2,6.7518401400686185,0.22983942167549665,7.209814520157775,-0.003668407380132551,0.006396202455450623,0.002200029010219982,42.70000000000011,0.30830022608982255,2416.8468324993187,889.6637277240229,1.0,0.0,0.9528507245916522,0.30343944477467566,0.0,0.0,,
111.30000000000001,6.4388584780319915,0.04874467145830104,7.278472230366674,0.0008106827715607021,-0.0019779911910981257,0.014321884184177212,42.80000000000011,0.30830022608982255,2420.929797854194,890.9639657448823,1.0,0.0,0.9528507245916522,0.30343944477467566,0.0,0.0,,
111.4,6.6711317467296265,-0.1334869371403323,7.527217028269545,0.01712939684893705,0.00023255341129756538,0.006669453398296939,42.90000000000011,0.30830022608982255,2425.022291716315,892.2672381601895,1.0,0.0,0.9528507245916522,0.30343944477467566,0.0,0.0,,
111.5,6.335640389250145,-0.030088254948040273,7.496324485715868,-0.01304026134678979,0.0016324695811028554,0.0031486302183137914,43.000000000000114,0.30830022608982255,2429.124314085682,893.5735449699445,1.0,0.0,0.9528507245916522,0.30343944477467566,0.0,0.0,,
111.60000000000001,6.409977829693687,0.03386864681384215,7.591754821204888,0.0004712918944506932,-0.004078784071548171,0.009793590268451915,43.100000000000115,0.30830022608982255,2433.2358649622947,894.8828861741472,1.0,0.0,0.9528507245916522,0.30343944477467566,0.0,0.0,,
111.7,6.17731640367558,0.2219657070038807,7.343912090577602,-0.01770676804231554,0.007769727500167209,-0.008529167780152346,43.20000000000012,0.30830022608982255,2437.3569443461533,896.1952617727976,1.0,0.0,0.9528507245916522,0.30343944477467566,0.0,0.0,,
111.80000000000001,6.531939026256902,-0.1454289169352262,7.394259314904086,0.009859681506816166,0.00015310953245434872,0.014300168888784558,43.30000000000012,0.30830022608982255,2441.487552237258,897.5106717658958,1.0,0.0,0.9528507245916522,0.30343944477467566,0.0,0.0,,
111.9,6.5996482467197195,0.10968117506057054,6.98230826697036,0.01028717687883728,0.014456136279972403,0.009742463654555814,43.40000000000012,0.30830022608982255,2445.6276886356086,898.8291161534418,1.0,0.0,0.9528507245916522,0.30343944477467566,0.0,0.0,,
112.0,6.954527658922668,-0.08317305407150899,7.364205226730127,0.0037602997948176877,0.007908288497712433,0.023165466692723347,43.50000000000012,0.30830022608982255,2449.7773535412052,900.1505949354355,1.0,0.0,0.9528507245916522,0.30343944477467566,0.0,0.0,2454.2538067260043,899.548358462932
112.10000000000001,6.408013575150811,0.2301204497986182,7.5230926600674755,-0.004075764683598513,-0.017039850421135067,0.001697217790443341,43.60000000000012,0.30830022608982255,2453.9365469540476,901.4751081118769,1.0,0.0,0.9528507245916522,0.30343944477467566,0.0,0.0,,
112.2,6.411898534208553,0.09825507345396925,7.136218637041966,0.0031101797476357222,-0.014179021310972057,0.01804431935499912,43.700000000000124,0.30830022608982255,2458.105268874136,902.8026556827662,1.0,0.0,0.9528507245916522,0.30343944477467566,0.0,0.0,,
112.30000000000001,6.500721702337227,-0.06160438342304061,7.620677870909788,0.007913559281740954,0.001357189048265956,0.005477881591606279,43.800000000000125,0.30830022608982255,2462.2835193014703,904.1332376481031,1.0,0.0,0.9528507245916522,0.30343944477467566,0.0,0.0,,
112.4,6.549448924140752,0.14700778476498008,7.695928797226679,0.0037751872513594642,-0.009378711074418478,0.014473907225311711,43.90000000000013,0.30830022608982255,2466.4712982360506,905.4668540078877,1.0,0.0,0.9528507245916522,0.30343944477467566,0.0,0.0,,
112.5,6.66158036033686,-0.14364336267903896,7.651588995211457,0.015077619967662001,-0.0026624742652310448,0.026255114457347503,44.00000000000013,0.30830022608982255,2470.6686056778767,906.8035047621202,1.0,0.0,0.9528507245916522,0.30343944477467566,0.0,0.0,,
112.60000000000001,6.5933416566835765,0.030336595904245575,7.209739806994305,-0.004130525517901468,-0.007206040733592567,0.0031874454735014196,44.10000000000013,0.30830022608982255,2474.875441626949,908.1431899108003,1.0,0.0,0.9528507245916522,0.30343944477467566,0.0,0.0,,
112.7,6.622426305980204,0.11404466272882949,7.469431851608213,-0.0180160389222827,0.002593448513148312,0.00020929801785675353,44.20000000000013,0.30830022608982255,2479.091806083267,909.4859094539282,1.0,0.0,0.9528507245916522,0.30343944477467566,0.0,0.0,,
112.80000000000001,7.024763290384494,0.195932981135911,7.465681851649045,-0.0002858620920426427,-0.005066089152841405,-0.0057950303525803075,44.30000000000013,0.30830022608982255,2483.317699046831,910.8316633915039,1.0,0.0,0.9528507245916522,0.30343944477467566,0.0,0.0,,
112.9,6.730720245512539,0.1470704675541892,7.405736181597587,0.0050939920696261584,0.004803161841460256,0.008312313982156231,44.400000000000134,0.30830022608982255,2487.5531205176408,912.1804517235273,1.0,0.0,0.9528507245916522,0.30343944477467566,0.0,0.0,,
113.0,6.7084553635239015,-0.056858844388672856,7.32386255802253,-0.01611519456186828,0.011907137874690972,-0.0006931488402502871,44.500000000000135,0.30830022608982255,2491.7980704956963,913.5322744499985,1.0,0.0,0.9528507245916522,0.30343944477467566,0.0,0.0,2492.054035471844,910.5793173354538
113.10000000000001,6.3585774111595335,-0.00922089627501349,7.563870486000024,0.010131493103408103,0.0007575212485990493,0.009267944541270728,44.600000000000136,0.30830022608982255,2496.052548980998,914.8871315709174,1.0,0.0,0.9528507245916522,0.30343944477467566,0.0,0.0,,
113.2,6.468525139031039,-0.1978492702033977,7.248720467968129,0.0117571450445668,0.0064973872124202085,0.056184417846943356,44.70000000000014,0.30830022608982255,2500.3165559735453,916.245023086284,1.0,0.0,0.9528507245916522,0.30343944477467566,0.0,0.0,,
113.30000000000001,6.529474055406594,0.014682158463567189,7.4496313790612545,-0.011639015497604986,-0.004392846781554714,-0.0056828462338950085,44.80000000000014,0.30830022608982255,2504.590091473339,917.6059489960985,1.0,0.0,0.9528507245916522,0.30343944477467566,0.0,0.0,,
113.4,6.5315615886312095,0.29520022255839573,7.208449928170451,0.00249544619989369,-0.009784523736802197,0.008848046833153059,44.90000000000014,0.30830022608982255,2508.873155480378,918.9699093003607,1.0,0.0,0.9528507245916522,0.30343944477467566,0.0,0.0,,
113.5,6.4266367692367705,0.0028246896183178466,7.301459241731838,-0.006780461844575784,0.003650499051888982,0.007220314851141522,45.00000000000014,0.30830022608982255,2513.1657479946634,920.3369039990705,1.0,0.0,0.9528507245916522,0.30343944477467566,0.0,0.0,,
113.60000000000001,6.36909691745544,0.028039248449237518,7.30681064352644,0.014595577620685016,-0.015461413531150166,-0.01118003373346239,45.10000000000014,0.30830022608982255,2517.4678690161945,921.7069330922282,1.0,0.0,0.9528507245916522,0.30343944477467566,0.0,0.0,,
113.7,6.505414445039843,-0.11949419896581479,7.494804233145754,0.004794044353567379,0.0025521388370718084,0.02272818287588922,45.200000000000145,0.30830022608982255,2521.779518544972,923.0799965798335,1.0,0.0,0.9528507245916522,0.30343944477467566,0.0,0.0,,
113.80000000000001,6.5250709699508285,-0.04785205543059099,7.497081735312394,-0.008658363383082185,0.0011328366130866799,-0.009738681216563912,45.300000000000146,0.30830022608982255,2526.1006965809947,924.4560944618867,1.0,0.0,0.9528507245916522,0.30343944477467566,0.0,0.0,,
113.9,6.675718862390029,0.06513478066311852,7.304363788596039,-0.023647475516603726,-0.011001416363560865,0.0027790219307699472,45.40000000000015,0.30830022608982255,2530.431403124264,925.8352267383875,1.0,0.0,0.9528507245916522,0.30343944477467566,0.0,0.0,,
114.0,6.339350997187048,0.09348818706190892,7.365437847456096,0.012515543930996234,0.0010882783455621577,0.003991880887715153,45.50000000000015,0.30830022608982255,2534.7716381747787,927.2173934093362,1.0,0.0,0.9528507245916522,0.30343944477467566,0.0,0.0,2537.9727292928505,926.2568364823081
114.10000000000001,6.4983544456678795,-0.06640435230167852,7.3527979504345655,-0.02117493582625909,-0.022453509784690562,0.009541925560791547,45.60000000000015,0.30830022608982255,2539.1214017325397,928.6025944747325,1.0,0.0,0.9528507245916522,0.30343944477467566,0.0,0.0,,
114.2,6.54957424391235,-0.003983990951103113,7.411627883544936,0.013528797003508168,-0.0032707486955446848,-0.0029134644610819107,45.70000000000015,0.30830022608982255,2543.4806937975463,929.9908299345767,1.0,0.0,0.9528507245916522,0.30343944477467566,0.0,0.0,,
114.30000000000001,6.543972793584676,-0.09235474002891775,7.3005033281153295,-0.0026507106476986466,-0.004475394978834355,0.0134464907718511,45.80000000000015,0.30830022608982255,2547.849514369799,931.3820997888686,1.0,0.0,0.9528507245916522,0.30343944477467566,0.0,0.0,,
114.4,6.466937226293537,0.07687839220331263,7.432096550636321,0.0011304509637235483,0.010377623705503759,-0.007857073033439178,45.900000000000155,0.30830022608982255,2552.2278634492977,932.7764040376081,1.0,0.0,0.9528507245916522,0.30343944477467566,0.0,0.0,,
114.5,6.432263799820914,0.12673425978724828,7.348898604707415,-0.012895658173030695,-0.009782931228519283,0.001989728963294804,46.000000000000156,0.30830022608982255,2556.615741036042,934.1737426807955,1.0,0.0,0.9528507245916522,0.30343944477467566,0.0,0.0,,
114.60000000000001,6.531999607361736,-0.116428705779892,7.690953148379987,-0.016371158036841874,-0.008362355539041487,0.006059912831262011,46.10000000000016,0.30830022608982255,2561.0131471300324,935.5741157184306,1.0,0.0,0.9528507245916522,0.30343944477467566,0.0,0.0,,
114.7,6.603029501633949,-0.06164087487803433,7.284023806647777,-0.0043416798676927885,-0.0017672837960100351,-0.003962144725668357,46.20000000000016,0.30830022608982255,2565.4200817312685,936.9775231505134,1.0,0.0,0.9528507245916522,0.30343944477467566,0.0,0.0,,
114.80000000000001,6.6823813246707875,-0.0035791525884065895,7.4603088798344634,0.012781673355507407,0.03545569207896468,-0.0024069684980467755,46.30000000000016,0.30830022608982255,2569.836544839751,938.383964977044,1.0,0.0,0.9528507245916522,0.30343944477467566,0.0,0.0,,
114.9,6.499840736526168,0.14288100802043038,7.317107940690979,0.007992293479133097,0.010493104899181805,0.004511551890875154,46.40000000000016,0.30830022608982255,2574.2625364554788,939.7934411980224,1.0,0.0,0.9528507245916522,0.30343944477467566,0.0,0.0,,
115.0,6.786183314539214,0.05848603313075576,7.644574039727996,-0.015070249370550619,0.00476786864968867,-0.0004224705785957324,46.50000000000016,0.30830022608982255,2578.698056578453,941.2059518134485,1.0,0.0,0.9528507245916522,0.30343944477467566,0.0,0.0,2576.2814266197706,950.553848112996
115.10000000000001,6.542733574507992,-0.11483592826552658,7.433743512093195,-0.00035771271784903395,0.019740700650713393,0.029936336603563887,46.600000000000165,0.30830022608982255,2583.1431052086728,942.6214968233223,1.0,0.0,0.9528507245916522,0.30343944477467566,0.0,0.0,,
115.2,6.4832748497480726,0.10045349637006032,7.418224167941042,-0.008304188872102663,-0.004832531819167858,0.010250940004187935,46.700000000000166,0.30830022608982255,2587.5976823461388,944.0400762276439,1.0,0.0,0.9528507245916522,0.30343944477467566,0.0,0.0,,
115.30000000000001,6.565753854636387,0.029060263930023082,7.288726747945079,0.013126883487362686,0.0016009569966798395,-0.0026888003825716556,46.80000000000017,0.30830022608982255,2592.0617879908505,945.4616900264133,1.0,0.0,0.9528507245916522,0.30343944477467566,0.0,0.0,,
115.4,6.655433557095281,0.2192030792390082,7.296442361452904,-0.010190290087134138,-0.001663330014362363,0.01166221807033258,46.90000000000017,0.30830022608982255,2596.5354221428083,946.8863382196304,1.0,0.0,0.9528507245916522,0.30343944477467566,0.0,0.0,,
115.5,6.590125954701673,0.3237901763989336,7.593543913327564,0.0014858018675269233,0.005803977343981163,0.0030455403499667693,47.00000000000017,0.30830022608982255,2601.018584802012,948.3140208072952,1.0,0.0,0.9528507245916522,0.30343944477467566,0.0,0.0,,
115.60000000000001,6.6672433811087295,-0.2860908192616195,7.395911459349655,0.011994217456478886,0.007555504521097586,0.020389335322358038,47.10000000000017,0.30830022608982255,2605.5112759684616,949.7447377894077,1.0,0.0,0.9528507245916522,0.30343944477467566,0.0,0.0,,
115.7,6.816256044501924,-0.13158829628436083,7.230005255572688,-0.006803306215343823,-0.011154748851988585,0.011288781936375922,47.20000000000017,0.30830022608982255,2610.013495642157,951.178489165968,1.0,0.0,0.9528507245916522,0.30343944477467566,0.0,0.0,,
115.80000000000001,6.427625076166202,0.030131640754786044,7.3046216068947745,0.01190480514307668,-0.002565019604294531,0.0017116170704899406,47.300000000000175,0.30830022608982255,2614.5252438230987,952.6152749369761,1.0,0.0,0.9528507245916522,0.30343944477467566,0.0,0.0,,
115.9,6.507040178565227,-0.03843472504839273,7.5198507894698565,-0.013788620749055154,-0.005729609458689427,0.013985917234531072,47.400000000000176,0.30830022608982255,2619.046520511286,954.0550951024319,1.0,0.0,0.9528507245916522,0.30343944477467566,0.0,0.0,,
116.0,6.480604383389601,-0.05960331001417019,7.599443457810578,0.011395695893085856,-0.0040163340345604846,0.016719392365537263,47.50000000000018,0.30830022608982255,2623.577325706719,955.4979496623355,1.0,0.0,0.9528507245916522,0.30343944477467566,0.0,0.0,2629.5078077267626,957.6969594718946
116.10000000000001,6.291887615285542,-0.03204297125512625,7.396830480846437,0.010636773073816684,0.014217136363230479,0.010082859333155822,47.60000000000018,0.30830022608982255,2628.117659409398,956.9438386166868,1.0,0.0,0.9528507245916522,0.30343944477467566,0.0,0.0,,
116.2,6.645661059106507,0.021107161618959012,7.536360674793147,-0.02280569673035456,-0.006830578037178493,0.004173764686033664,47.70000000000018,0.30830022608982255,2632.667521619323,958.3927619654859,1.0,0.0,0.9528507245916522,0.30343944477467566,0.0,0.0,,
116.30000000000001,6.3794080022273,0.23547681478883065,7.566994134404436,0.003116780608130858,-0.004591611405359542,0.0012004665461530723,47.80000000000018,0.30830022608982255,2637.226912336494,959.8447197087327,1.0,0.0,0.9528507245916522,0.30343944477467566,0.0,0.0,,
116.4,6.532274454109362,0.036556555968942875,7.60207915027165,-0.0031574490747845393,0.002141854000046454,0.02141236865177044,47.90000000000018,0.30830022608982255,2641.7958315609108,961.2997118464273,1.0,0.0,0.9528507245916522,0.30343944477467566,0.0,0.0,,
116.5,6.689045083966653,-0.006678518951542575,7.351992186174844,0.015719123602422228,0.007473413187499375,0.016329088004702674,48.000000000000185,0.30830022608982255,2646.3742792925736,962.7577383785696,1.0,0.0,0.9528507245916522,0.30343944477467566,0.0,0.0,,
116.60000000000001,6.61183567370913,0.40012541280145486,7.473784628806597,0.003467818698408703,0.007296891363652013,-0.0043593128421078,48.100000000000186,0.30830022608982255,2650.9622555314822,964.2187993051596,1.0,0.0,0.9528507245916522,0.30343944477467566,0.0,0.0,,
116.7,6.734797979891107,0.31052800933297453,7.565521692976641,-0.0006661936167484067,0.005346661458163469,0.011238549088501483,48.20000000000019,0.30830022608982255,2655.559760277637,965.6828946261974,1.0,0.0,0.9528507245916522,0.30343944477467566,0.0,0.0,,
116.80000000000001,6.198199945287102,0.15363079919368053,7.3865669735788035,0.014659908638448358,-0.008590691529148693,0.003941586121196081,48.30000000000019,0.30830022608982255,2660.1667935310375,967.1500243416829,1.0,0.0,0.9528507245916522,0.30343944477467566,0.0,0.0,,
116.9,6.523976460280402,-0.06424229864755801,7.489879934687654,0.007527316848404402,-0.015401272175599614,-0.006023334959020492,48.40000000000019,0.30830022608982255,2664.783355291684,968.6201884516162,1.0,0.0,0.9528507245916522,0.30343944477467566,0.0,0.0,,
117.0,6.410119313759965,-0.0582906547969193,7.299367629413522,0.02032880025691914,-0.010300678409622706,-0.013523266683421183,48.50000000000019,0.30830022608982255,2669.4094455595764,970.0933869559972,1.0,0.0,0.9528507245916522,0.30343944477467566,0.0,0.0,2672.1149270082215,962.0393033669693
117.10000000000001,6.250878035456818,-0.056829166394512555,7.27688638943037,-0.0039250527456681575,-0.01998935279406294,0.015481710125821838,48.60000000000019,0.30830022608982255,2674.045064334715,971.569619854826,1.0,0.0,0.9528507245916522,0.30343944477467566,0.0,0.0,,
117.2,6.372053893064824,0.13588647601348952,7.437458174772283,0.010867563316779192,0.008045711446050598,0.02137377649406986,48.700000000000195,0.30830022608982255,2678.690211617099,973.0488871481025,1.0,0.0,0.9528507245916522,0.30343944477467566,0.0,0.0,,
117.30000000000001,6.411059498528498,0.06523640159905558,7.6557315879147145,0.004023032905390789,0.0009973498143346108,0.007403385761702188,48.800000000000196,0.30830022608982255,2683.3448874067294,974.5311888358268,1.0,0.0,0.9528507245916522,0.30343944477467566,0.0,0.0,,
117.4,6.593114097768823,0.09939714749631358,7.37440977238995,-0.001510146319816643,0.007160726348874238,0.021350628115446052,48.9000000000002,0.30830022608982255,2688.0090917036055,976.0165249179988,1.0,0.0,0.9528507245916522,0.30343944477467566,0.0,0.0,,
117.5,6.270207465516946,0.3289420570099553,7.462211810772522,-0.0012378870538689766,-0.003293291710732897,-0.0056922113434703285,49.0000000000002,0.30830022608982255,2692.682824507727,977.5048953946186,1.0,0.0,0.9528507245916522,0.30343944477467566,0.0,0.0,,
117.60000000000001,6.245322678306481,-0.18525614076071245,7.485252444652103,-0.016129215550913897,0.0017228828662317964,0.030060412055529194,49.1000000000002,0.30830022608982255,2697.366085819095,978.9963002656862,1.0,0.0,0.9528507245916522,0.30343944477467566,0.0,0.0,,
117.7,6.529029262060318,0.16857814021357198,7.29806658298592,0.00358194088056128,0.011014173945071551,0.008001151314148632,49.2000000000002,0.30830022608982255,2702.0588756377088,980.4907395312014,1.0,0.0,0.9528507245916522,0.30343944477467566,0.0,0.0,,
117.80000000000001,6.618382220819779,0.3666573652921582,7.727752372292099,-0.0002868009477437504,-0.011233531165809099,-0.00717308226650215,49.3000000000002,0.30830022608982255,2706.7611939635685,981.9882131911644,1.0,0.0,0.9528507245916522,0.30343944477467566,0.0,0.0,,
117.9,6.464676346053859,0.04540391494041779,7.7351532107743886,-0.01743328018365561,0.016027504041152624,-0.0011491024321827479,49.400000000000205,0.30830022608982255,2711.473040796674,983.4887212455751,1.0,0.0,0.9528507245916522,0.30343944477467566,0.0,0.0,,
118.0,7.022540701411881,0.17584801919426402,7.4454534489596105,-0.00480892161978193,0.01832172635597046,0.015021220147228915,49.500000000000206,0.30830022608982255,2716.1944161370257,984.9922636944336,1.0,0.0,0.9528507245916522,0.30343944477467566,0.0,0.0,2710.9761299416027,987.5763447784022
118.10000000000001,6.461194818968172,0.17728508660058442,7.20176470430652,-0.01452722972940077,-0.0021574769717295256,0.0108547500903388,49.60000000000021,0.30830022608982255,2720.925319984623,986.4988405377399,1.0,0.0,0.9528507245916522,0.30343944477467566,0.0,0.0,,
118.2,6.460023783892521,0.36187613259853624,7.630437389534799,0.005112216431633191,-0.002498262477255926,0.006419392510598551,49.70000000000021,0.30830022608982255,2725.6657523394665,988.0084517754939,1.0,0.0,0.9528507245916522,0.30343944477467566,0.0,0.0,,
118.30000000000001,6.426093643712085,-0.0998757315278084,7.454901546495015,-0.011863151861740327,-0.002558248356719003,0.005116402201550547,49.80000000000021,0.30830022608982255,2730.4157132015557,989.5210974076956,1.0,0.0,0.9528507245916522,0.30343944477467566,0.0,0.0,,
118.4,6.484321913498116,0.16077562212462213,7.24671002174021,-0.0004668285293109302,-0.0029296982781209786,0.004271717788150714,49.90000000000021,0.30830022608982255,2735.175202570891,991.0367774343451,1.0,0.0,0.9528507245916522,0.30343944477467566,0.0,0.0,,
118.5,6.724087240889828,0.016384068407891313,7.834201823998789,-0.02723569147323625,-0.0031388992335651938,0.008112658748046179,50.00000000000021,0.30830022608982255,2739.944220447472,992.5554918554424,1.0,0.0,0.9528507245916522,0.30343944477467566,0.0,0.0,,
118.60000000000001,6.776928373119723,-0.02014425948454815,7.405301058063545,-0.011219158752249572,0.012166241773248666,0.011999072476248464,50.100000000000215,0.30830022608982255,2744.7227668312994,994.0772406709873,1.0,0.0,0.9528507245916522,0.30343944477467566,0.0,0.0,,
118.7,6.3340248291133605,-0.19452104617856933,7.526059843824931,0.01660108967835821,4.567400643255158e-05,0.02467853549777105,50.200000000000216,0.30830022608982255,2749.5108417223723,995.60202388098,1.0,0.0,0.9528507245916522,0.30343944477467566,0.0,0.0,,
118.80000000000001,6.266522420427506,0.22189364751000956,7.53085791236353,0.0019965197403019157,0.004486258478223315,-0.011348323473129338,50.30000000000022,0.30830022608982255,2754.3084451206914,997.1298414854205,1.0,0.0,0.9528507245916522,0.30343944477467566,0.0,0.0,,
118.9,6.552038407277276,0.20378076197998063,7.3015308138389,0.001036579325458776,0.016011580744514343,-0.013684487541228151,50.40000000000022,0.30830022608982255,2759.1155770262562,998.6606934843087,1.0,0.0,0.9528507245916522,0.30343944477467566,0.0,0.0,,
119.0,6.677103553523191,0.10563849154193705,7.55113720902681,0.003115964445021287,0.014086212076639817,-0.005072054857933046,50.50000000000022,0.30830022608982255,2763.9322374390667,1000.1945798776446,1.0,0.0,0.9528507245916522,0.30343944477467566,0.0,0.0,2766.3467060236535,995.8703488451241
119.10000000000001,6.8094784444658245,0.17145225150343502,7.5011866807524274,-0.007290713149390031,0.000524814257129438,0.00828635260047967,50.60000000000022,0.30830022608982255,2768.7584263591234,1001.7315006654284,1.0,0.0,0.9528507245916522,0.30343944477467566,0.0,0.0,,
119.2,6.470848237066802,0.020954873552120237,7.55431644376543,-0.007769638966814667,0.011830363591381753,8.87551612601175e-05,50.70000000000022,0.30830022608982255,2773.594143786426,1003.2714558476598,1.0,0.0,0.9528507245916522,0.30343944477467566,0.0,0.0,,
119.30000000000001,6.552613477067932,0.11644018345442009,7.313255689266457,0.00990096097351629,0.010686644270429552,0.002628044737597463,50.800000000000225,0.30830022608982255,2778.4393897209743,1004.814445424339,1.0,0.0,0.9528507245916522,0.30343944477467566,0.0,0.0,,
119.4,6.615932116184943,-0.1489094414481402,7.42175552217781,-0.0036698842635070747,-0.008434990915771535,-0.013166226195742755,50.900000000000226,0.30830022608982255,2783.2941641627685,1006.360469395466,1.0,0.0,0.9528507245916522,0.30343944477467566,0.0,0.0,,
119.5,6.608646085624531,-0.014847355213526585,7.447839534695946,0.00594497874980581,0.025868676128307892,0.006556242210852741,51.00000000000023,0.30830022608982255,2788.158467111809,1007.9095277610407,1.0,0.0,0.9528507245916522,0.30343944477467566,0.0,0.0,,
119.60000000000001,6.261265197819515,-0.16102817220514756,7.437585171145799,-0.001892262700116216,-0.0006347794357956986,0.005146055515239742,51.10000000000023,0.30830022608982255,2793.032298568095,1009.4616205210632,1.0,0.0,0.9528507245916522,0.30343944477467566,0.0,0.0,,
119.7,6.337470264575218,0.18877702675491773,7.540079987723717,0.0025738779227477233,0.00010828763401840897,-0.005637008894398553,51.20000000000023,0.30830022608982255,2797.9156585316273,1011.0167476755333,1.0,0.0,0.9528507245916522,0.30343944477467566,0.0,0.0,,
119.80000000000001,6.757673681685061,0.23039448642429394,7.312262294084946,0.007959999723835365,0.009998911274216147,-0.0031189116570174277,51.30000000000023,0.30830022608982255,2802.8085470024052,1012.5749092244513,1.0,0.0,0.9528507245916522,0.30343944477467566,0.0,0.0,,
119.9,6.7400840560523925,-0.014318975698552457,7.32035424698397,0.002864787386038531,-0.006291523162529028,0.005226127105111364,51.40000000000023,0.30830022608982255,2807.7109639804294,1014.1361051678169,1.0,0.0,0.9528507245916522,0.30343944477467566,0.0,0.0,,
120.0,6.739871401444388,-0.3092723968312752,7.4295244533561355,0.004479444452374014,-0.003256525928155368,0.013328011882652093,51.500000000000234,0.30830022608982255,2812.622909465699,1015.7003355056304,1.0,0.0,0.9528507245916522,0.30343944477467566,0.0,0.0,2816.5782164642746,1020.5087769694176
