time,accel_x,accel_y,accel_z,gyro_x,gyro_y,gyro_z,true_speed,true_heading,true_x,true_y,true_accel_x_vehicle,true_accel_y_vehicle,true_accel_x_world,true_accel_y_world,true_accel_z_world,true_yaw_rate,gnss_x,gnss_y
0.0,6.37596489612797,0.10421990631766893,8.07370395873872,-0.010156966224511128,-0.009141029435467334,-0.007003740504540415,0.0,0.0,0.0,0.0,1.5,0.0,1.5,0.0,0.0,0.0,4.127883696971201,1.8224055491736981
0.1,6.045511283291338,0.10766769219149028,7.889610835078283,-0.008790198277953978,-0.008367700307512866,0.01166593355269836,0.15000000000000002,0.0,0.022500000000000006,0.0,1.5,0.0,1.5,0.0,0.0,0.0,,
0.2,5.842725872707435,0.10089480242424004,7.63478330516163,0.016815196988531976,-0.007445843724717138,0.006885248133019283,0.30000000000000004,0.0,0.06000000000000001,0.0,1.5,0.0,1.5,0.0,0.0,0.0,,
0.30000000000000004,6.080955728776395,0.08932202411340393,7.849158461774251,-0.014462447485626004,-0.01115748856202422,0.019401987206575107,0.45000000000000007,0.0,0.11250000000000003,0.0,1.5,0.0,1.5,0.0,0.0,0.0,,
0.4,5.998241716635363,-0.1038308084315699,7.797522959322101,0.0008376799285542092,0.012207016041249717,-0.012143332286854977,0.6000000000000001,0.0,0.18000000000000005,0.0,1.5,0.0,1.5,0.0,0.0,0.0,,
0.5,6.1131958966075395,0.03861914835575734,8.234322140384162,-0.0007399155002665063,-0.008836514884364358,-0.011507655300868547,0.7500000000000001,0.0,0.26250000000000007,0.0,1.5,0.0,1.5,0.0,0.0,0.0,,
0.6000000000000001,6.360832512186671,0.11252633283083717,7.982908359055016,-0.006708936959506698,-0.00606324573625266,0.006827806181196559,0.9000000000000001,0.0,0.3600000000000001,0.0,1.5,0.0,1.5,0.0,0.0,0.0,,
0.7000000000000001,6.223995858998585,-0.2459128896102616,7.763640629434974,0.02436700346068063,0.025953818438770995,0.0049278481880432445,1.0500000000000003,0.0,0.47250000000000014,0.0,1.5,0.0,1.5,0.0,0.0,0.0,,
0.8,5.949711312127078,0.06857917641006114,7.96254423718116,-0.002472000931976325,-0.013832456363606081,0.007500921320227441,1.2000000000000002,0.0,0.6000000000000001,0.0,1.5,0.0,1.5,0.0,0.0,0.0,,
0.9,5.997612699110316,0.1311558871386571,7.948452493064794,0.001878103491070372,-0.0017107269039295272,0.00955306150558912,1.35,0.0,0.7425,0.0,1.5,0.0,1.5,0.0,0.0,0.0,,
1.0,6.065755472242879,0.059446944820678665,7.8629429383338385,-0.001887909084086495,0.0008860726903417148,-0.016467209178476164,1.5,0.0,0.9,0.0,1.5,0.0,1.5,0.0,0.0,0.0,-0.1803218044255276,0.0322993166349524
1.1,5.85682696506197,-0.1315109604877897,8.010221288844484,-0.003088753932617318,-0.006713021125271714,0.022200745430316728,1.65,0.0,1.0725,0.0,1.5,0.0,1.5,0.0,0.0,0.0,,
1.2000000000000002,5.952421422747918,0.29526321928907684,7.973227585582591,0.00522135085277451,-0.00043938365909365065,0.007115065808458025,1.7999999999999998,0.0,1.26,0.0,1.5,0.0,1.5,0.0,0.0,0.0,,
1.3,6.269435263023414,-0.1389895249960049,7.96702846751594,0.016865776039903954,0.007494731172495292,0.01203494510847163,1.9499999999999997,0.0,1.4625000000000001,0.0,1.5,0.0,1.5,0.0,0.0,0.0,,
1.4000000000000001,5.799440731176602,0.010054971940846539,8.091406164579475,-0.0018954898937566448,-0.010574121397569509,0.028396476883872843,2.0999999999999996,0.0,1.6800000000000002,0.0,1.5,0.0,1.5,0.0,0.0,0.0,,
1.5,5.946447734574631,0.005263128413783114,8.034982416790864,0.008473954390755581,0.0028837381500531707,0.01326941323283409,2.2499999999999996,0.0,1.9125000000000003,0.0,1.5,0.0,1.5,0.0,0.0,0.0,,
1.6,6.2931643867069,-0.08153882837341121,7.824209740765655,-0.0037953169052868363,-0.020315205369131364,0.007677315325871632,2.3999999999999995,0.0,2.16,0.0,1.5,0.0,1.5,0.0,0.0,0.0,,
1.7000000000000002,5.917974644690197,0.032054015698618536,7.865591335911074,0.0028914978342407444,0.00214283558886625,0.015388762930599483,2.5499999999999994,0.0,2.4225,0.0,1.5,0.0,1.5,0.0,0.0,0.0,,
1.8,6.05375283118444,0.16372154175058237,7.798627402945752,-0.006003442012255468,0.01837320948166852,0.013560910281940435,2.6999999999999993,0.0,2.6999999999999997,0.0,1.5,0.0,1.5,0.0,0.0,0.0,,
1.9000000000000001,6.249367040992072,-0.16007257423756832,8.029080227898008,0.010863656349215507,0.017605776151869115,0.010532403325371292,2.849999999999999,0.0,2.9924999999999993,0.0,1.5,0.0,1.5,0.0,0.0,0.0,,
2.0,6.0278419670350125,0.3226027795508443,7.8810307404798525,-0.013848450638803241,0.013128729826915875,-0.0018984016119630524,2.999999999999999,0.0,3.299999999999999,0.0,1.5,0.0,1.5,0.0,0.0,0.0,4.8801163253798885,-0.07919116600459651
2.1,6.00448787175684,0.11218139388801361,8.092777302983327,-0.0027404746674522295,0.008205378020516116,0.004806787688778829,3.149999999999999,0.0,3.6224999999999987,0.0,1.5,0.0,1.5,0.0,0.0,0.0,,
2.2,5.965263347994014,0.30098984664889306,7.786730504178799,0.0032150718667791735,0.00562321838458898,-0.0077135994425138995,3.299999999999999,0.0,3.9599999999999986,0.0,1.5,0.0,1.5,0.0,0.0,0.0,,
2.3000000000000003,5.858668964517641,0.03806867826462922,7.827581769635806,-0.0024634196441589264,-0.0008283334386744985,0.02067311230506287,3.449999999999999,0.0,4.312499999999999,0.0,1.5,0.0,1.5,0.0,0.0,0.0,,
2.4000000000000004,5.762499405500599,0.2323743244125175,8.081727265181014,-0.006036251447741308,0.013423108166386505,0.013120144889490322,3.5999999999999988,0.0,4.68,0.0,1.5,0.0,1.5,0.0,0.0,0.0,,
2.5,5.648755576555841,0.15888601795790422,8.116344637358562,-0.0018145694626014747,-0.004949418402789172,0.0004274941449172462,3.7499999999999987,0.0,5.0625,0.0,1.5,0.0,1.5,0.0,0.0,0.0,,
2.6,5.812920489563204,0.20391468653940273,7.717381438716823,-0.007718118996509415,-0.00047734991196110924,0.012989241116798902,3.8999999999999986,0.0,5.46,0.0,1.5,0.0,1.5,0.0,0.0,0.0,,
2.7,5.895823116467111,-0.014380210215892234,8.010379852385467,0.006721417391053998,-0.0015226628983481805,0.005701395250732739,4.049999999999999,0.0,5.8725000000000005,0.0,1.5,0.0,1.5,0.0,0.0,0.0,,
2.8000000000000003,6.028810741879896,0.04322360275053182,7.809229135650525,0.006082280551929163,-0.011370080892895809,0.007003117331388368,4.199999999999999,0.0,6.300000000000001,0.0,1.5,0.0,1.5,0.0,0.0,0.0,,
2.9000000000000004,6.2012359814226645,0.10994789813797218,7.85677334793963,-0.014535359327006859,-0.002450353649864058,-0.010498333832726952,4.35,0.0,6.742500000000001,0.0,1.5,0.0,1.5,0.0,0.0,0.0,,
3.0,5.884650216117461,0.2211007371941408,8.033779368483989,-0.005918043791640971,-0.005192988721697481,0.001495596568647669,4.5,0.0,7.200000000000001,0.0,1.5,0.0,1.5,0.0,0.0,0.0,9.39874104371931,0.381533191627276
3.1,5.834172434946414,-0.04867349407788247,8.091752515890043,0.010492987416246515,-0.004079269729939805,0.014433551414114162,4.65,0.0,7.672500000000001,0.0,1.5,0.0,1.5,0.0,0.0,0.0,,
3.2,5.674046654676572,-0.120032755296249,8.045626681581044,0.007782961004647642,-0.006637344321418485,0.005406310032555847,4.800000000000001,0.0,8.160000000000002,0.0,1.5,0.0,1.5,0.0,0.0,0.0,,
3.3000000000000003,5.786475114532284,0.25101697918540916,7.770152046647813,-0.0004013560442921335,-0.006472783811580388,0.004418452858674161,4.950000000000001,0.0,8.662500000000001,0.0,1.5,0.0,1.5,0.0,0.0,0.0,,
3.4000000000000004,5.762130636680742,-0.18944900882371898,7.943727533199776,-0.020875458584205506,0.0033188242251676494,0.016546787293513558,5.100000000000001,0.0,9.180000000000001,0.0,1.5,0.0,1.5,0.0,0.0,0.0,,
3.5,5.908279109736103,-0.10569929071059533,7.954080153436787,0.003111358368245225,0.0014791313057621678,-0.01006384356941591,5.250000000000002,0.0,9.712500000000002,0.0,1.5,0.0,1.5,0.0,0.0,0.0,,
3.6,5.849239693492018,0.04803220622194806,8.034880703734316,0.008363300158538388,0.006108580037249073,0.016706606429593984,5.400000000000002,0.0,10.260000000000003,0.0,1.5,0.0,1.5,0.0,0.0,0.0,,
3.7,6.023778499024239,-0.1520707193706768,8.072868205347367,0.013137834181172694,-0.005404936167142556,0.0027813246590975673,5.5500000000000025,0.0,10.822500000000003,0.0,1.5,0.0,1.5,0.0,0.0,0.0,,
3.8000000000000003,5.994204598454053,0.13495439862627212,8.08386649381879,0.014123706738654058,-0.016073914339891412,0.00772008435859901,5.700000000000003,0.0,11.400000000000004,0.0,1.5,0.0,1.5,0.0,0.0,0.0,,
3.9000000000000004,5.911701615228455,0.12749740762156336,7.831165481115449,-0.008962712358100523,-0.00806420574140817,0.012497713755433636,5.850000000000003,0.0,11.992500000000005,0.0,1.5,0.0,1.5,0.0,0.0,0.0,,
4.0,6.057964514528565,-0.23320217381817107,8.039138808851584,-0.0009316649575078946,0.0017824953721332464,0.01641421417619249,6.0000000000000036,0.0,12.600000000000005,0.0,1.5,0.0,1.5,0.0,0.0,0.0,16.35579726986547,3.255609340339321
4.1000000000000005,5.973853242266381,-0.24174254869948636,7.987604506944445,0.011011300960574408,0.004834019525810521,0.009647718864558622,6.150000000000004,0.0,13.222500000000005,0.0,1.5,0.0,1.5,0.0,0.0,0.0,,
4.2,5.890066841389604,0.3276591073034079,7.967137139629434,0.009104171663496636,-0.00949134554206935,-0.009883950562494904,6.300000000000004,0.0,13.860000000000007,0.0,1.5,0.0,1.5,0.0,0.0,0.0,,
4.3,6.315385510020615,0.11935355982031681,7.8080448514072796,-0.0002719095432163228,0.006895491719561773,0.016979855511173605,6.450000000000005,0.0,14.512500000000006,0.0,1.5,0.0,1.5,0.0,0.0,0.0,,
4.4,6.0157821469444395,0.04647664207607386,8.06713327349867,0.0008407273938593375,0.011103481012944758,0.0084460654121335,6.600000000000005,0.0,15.180000000000007,0.0,1.5,0.0,1.5,0.0,0.0,0.0,,
4.5,5.735797703135863,-0.02778454274371467,7.850790502970143,-0.013362670754230763,0.0033940417761424814,0.01626627951477549,6.750000000000005,0.0,15.862500000000008,0.0,1.5,0.0,1.5,0.0,0.0,0.0,,
4.6000000000000005,6.00548676477998,0.04011707035107707,7.986685252807698,-0.006000648350056515,0.004332910321712013,0.0004935643156085611,6.900000000000006,0.0,16.56000000000001,0.0,1.5,0.0,1.5,0.0,0.0,0.0,,
4.7,6.071110198266426,-0.016108481188258764,8.054529499027153,-0.0018730018604685226,-0.0027193241773077383,0.005500550146970945,7.050000000000006,0.0,17.27250000000001,0.0,1.5,0.0,1.5,0.0,0.0,0.0,,
4.800000000000001,5.912448700500411,-0.05139777259211764,7.9890394197510055,-0.012257360056476834,0.009465240417707793,0.015145027941623975,7.200000000000006,0.0,18.000000000000014,0.0,1.5,0.0,1.5,0.0,0.0,0.0,,
4.9,5.999378717632888,-0.13741639953980522,8.27224182828417,0.010302476203199764,-0.009185501333356706,0.011053916747424146,7.350000000000007,0.0,18.742500000000014,0.0,1.5,0.0,1.5,0.0,0.0,0.0,,
5.0,5.824228535325463,-0.21834993108057665,8.10756399038373,0.009863598913140863,0.00433834540796083,-0.0033583059475104033,7.500000000000007,0.0,19.500000000000014,0.0,1.5,0.0,1.5,0.0,0.0,0.0,21.573367875647712,4.505592843672534
5.1000000000000005,6.049165430385809,0.06901911402329917,7.842932546816954,-0.005024535510463724,0.01413873619652555,0.003326977906368797,7.6500000000000075,0.0,20.272500000000015,0.0,1.5,0.0,1.5,0.0,0.0,0.0,,
5.2,5.760193968477239,-0.02289660741441056,7.9306570698060455,-0.007088719920224889,-0.007760166204068307,-0.00170286007184396,7.800000000000008,0.0,21.060000000000016,0.0,1.5,0.0,1.5,0.0,0.0,0.0,,
5.300000000000001,5.971800568756273,0.02404419770961382,8.123630433742019,0.005781811483547113,-0.020056024042542395,-0.009275137802356701,7.950000000000008,0.0,21.86250000000002,0.0,1.5,0.0,1.5,0.0,0.0,0.0,,
5.4,5.805283466758243,-0.276201323184915,7.880493016459535,-0.015446081876370187,0.006768449746823795,-0.005923844307975274,8.100000000000009,0.0,22.68000000000002,0.0,1.5,0.0,1.5,0.0,0.0,0.0,,
5.5,5.720028543432383,-0.4005491893470095,8.165892858367444,-0.01869506688309211,-0.0023156839270761136,0.007865103928314262,8.250000000000009,0.0,23.51250000000002,0.0,1.5,0.0,1.5,0.0,0.0,0.0,,
5.6000000000000005,5.9966387839217585,-0.08402081076847986,7.878845196723194,-0.006415261059403126,-0.005822715061653244,0.016707330360919672,8.40000000000001,0.0,24.36000000000002,0.0,1.5,0.0,1.5,0.0,0.0,0.0,,
5.7,6.231458962286386,0.17950270791240736,8.072177988435078,0.014577231143931153,0.003192726496092493,-0.00016334112558673373,8.55000000000001,0.0,25.22250000000002,0.0,1.5,0.0,1.5,0.0,0.0,0.0,,
5.800000000000001,6.019567263285249,-0.14945733404274966,7.91870142155887,0.006323958050792399,0.0011917851136146627,0.004040007827059567,8.70000000000001,0.0,26.100000000000023,0.0,1.5,0.0,1.5,0.0,0.0,0.0,,
5.9,5.828099201507854,0.3144316277379869,7.7805547838789035,0.011009260706998621,-0.013835509103408576,0.005717895205791167,8.85000000000001,0.0,26.992500000000025,0.0,1.5,0.0,1.5,0.0,0.0,0.0,,
6.0,5.773965074454705,-0.2349385995225323,8.05782794724958,0.0010847670181477213,0.025246167323412866,-0.0006593307563225537,9.00000000000001,0.0,27.900000000000027,0.0,1.5,0.0,1.5,0.0,0.0,0.0,31.37748084413603,-1.4945516702875057
6.1000000000000005,5.719806903093683,0.10132859377027476,7.980479489961322,0.007824800737523506,0.0019275267752989877,0.003509831288274921,9.150000000000011,0.0,28.82250000000003,0.0,1.5,0.0,1.5,0.0,0.0,0.0,,
6.2,5.939068575476729,0.3840985278628083,7.855419558521795,0.0018388519189705317,0.01777139383823619,0.006968744055907564,9.300000000000011,0.0,29.76000000000003,0.0,1.5,0.0,1.5,0.0,0.0,0.0,,
6.300000000000001,6.044446463338192,-0.17534213921998906,7.817744347656953,-0.010430091220993483,-0.0086398483774896,0.017911634357351977,9.450000000000012,0.0,30.71250000000003,0.0,1.5,0.0,1.5,0.0,0.0,0.0,,
6.4,6.0830556352104095,-0.10580609659553851,7.932343796221242,-0.00024478267053628267,0.008374519351637908,-0.004732138057500731,9.600000000000012,0.0,31.68000000000003,0.0,1.5,0.0,1.5,0.0,0.0,0.0,,
6.5,6.0731986838805065,0.022228503664800548,7.875229874346898,-0.0038561055697856977,-0.015937420910311976,0.018576204446988216,9.750000000000012,0.0,32.66250000000003,0.0,1.5,0.0,1.5,0.0,0.0,0.0,,
6.6000000000000005,5.977986638905612,-0.3072669646568566,7.895582009588701,-0.013454688410010907,0.0063489840902226325,-0.0034155884772746814,9.900000000000013,0.0,33.66000000000003,0.0,1.5,0.0,1.5,0.0,0.0,0.0,,
6.7,6.12934398263914,0.2728021634013464,8.041840550449106,0.0014490517032327145,0.0021130451510232304,8.6190869969794e-05,10.050000000000013,0.0,34.672500000000035,0.0,1.5,0.0,1.5,0.0,0.0,0.0,,
6.800000000000001,5.992986545320703,0.03514573661749755,7.8226190305727386,-0.0042573014130080295,-0.0046350349807900695,0.01357501111711049,10.200000000000014,0.0,35.70000000000004,0.0,1.5,0.0,1.5,0.0,0.0,0.0,,
6.9,6.114282295740525,0.14542387888497182,7.856822168224507,0.014816376016052919,-0.02115492321571919,0.0032598993675309047,10.350000000000014,0.0,36.74250000000004,0.0,1.5,0.0,1.5,0.0,0.0,0.0,,
7.0,5.737486754564801,0.07528793830177678,8.126494095199538,-0.006270900344932658,0.004860059245132314,0.009574965826289158,10.500000000000014,0.0,37.80000000000005,0.0,1.5,0.0,1.5,0.0,0.0,0.0,35.754857720542184,-2.0868545147729978
7.1000000000000005,5.9027526674289525,0.049931016883374826,7.999395565981596,0.002823236932623273,0.012871980485591223,-0.002311574673367141,10.650000000000015,0.0,38.87250000000005,0.0,1.5,0.0,1.5,0.0,0.0,0.0,,
7.2,6.118253346979742,0.08707490935535196,7.79827781702361,-0.002127893182888236,0.02089966100107175,-0.005215919266564356,10.800000000000015,0.0,39.96000000000005,0.0,1.5,0.0,1.5,0.0,0.0,0.0,,
7.300000000000001,6.09697300492689,-0.03476536164683298,7.9418797631278455,0.01797800063844413,0.010491881487282374,-0.004707605417421192,10.950000000000015,0.0,41.06250000000005,0.0,1.5,0.0,1.5,0.0,0.0,0.0,,
7.4,6.103292052851957,-0.2658891295011093,8.067047882076492,-0.0023066550760897507,0.0029612252692269524,0.005055921678820734,11.100000000000016,0.0,42.18000000000005,0.0,1.5,0.0,1.5,0.0,0.0,0.0,,
7.5,5.808448844549678,-0.07705744748384945,8.118862634453018,0.011984330669266241,-0.000508160306781747,-0.004877836366382352,11.250000000000016,0.0,43.31250000000005,0.0,1.5,0.0,1.5,0.0,0.0,0.0,,
7.6000000000000005,6.150199024465768,-0.11306947455863633,7.783071968222855,0.006080384070248863,-0.015371103344651405,-0.022002749530516015,11.400000000000016,0.0,44.46000000000005,0.0,1.5,0.0,1.5,0.0,0.0,0.0,,
7.7,5.741209089704153,-0.11822898519734003,8.17793087230616,0.0005738271596607544,-0.007596167813335145,0.010648446540118458,11.550000000000017,0.0,45.62250000000005,0.0,1.5,0.0,1.5,0.0,0.0,0.0,,
7.800000000000001,5.9977592683381005,-0.1391027438329491,7.917722621249671,-0.005367802983437823,-0.008367441163223096,-0.007820305483356296,11.700000000000017,0.0,46.800000000000054,0.0,1.5,0.0,1.5,0.0,0.0,0.0,,
7.9,5.769673660023387,-0.003394766256558034,8.042293502394678,0.002335609012870186,0.005155991837714825,-0.004435005168179024,11.850000000000017,0.0,47.99250000000006,0.0,1.5,0.0,1.5,0.0,0.0,0.0,,
8.0,5.7585685682025805,0.14063605252072617,8.175380400869647,-0.00962831764008795,0.004885421050977736,0.010581807311316725,12.000000000000018,0.0,49.20000000000006,0.0,1.5,0.0,1.5,0.0,0.0,0.0,50.76850576392909,-6.392145415086421
8.1,6.109386096313394,-0.07263140046282968,8.078815288368288,-0.011311942992841864,0.01239104163325999,0.007026438289201473,12.150000000000018,0.0,50.42250000000006,0.0,1.5,0.0,1.5,0.0,0.0,0.0,,
8.200000000000001,5.82363501770903,-0.14822758963609464,8.26232170931914,-0.0017973366468957718,0.004654866650340885,-0.005292840356611977,12.300000000000018,0.0,51.66000000000007,0.0,1.5,0.0,1.5,0.0,0.0,0.0,,
8.3,5.779851393844478,-0.11042647572459711,7.899486634350077,0.008909116708688852,0.016838492639565543,-0.00886237087271918,12.450000000000019,0.0,52.91250000000007,0.0,1.5,0.0,1.5,0.0,0.0,0.0,,
8.4,5.9835422318130576,0.20825730198881093,8.056627817737468,-0.01047162171154602,0.0007981756464016769,-0.014060478734183549,12.60000000000002,0.0,54.18000000000008,0.0,1.5,0.0,1.5,0.0,0.0,0.0,,
8.5,6.17389421684998,0.12579550589875346,7.98164103574713,-0.002941900872801277,-0.0063649182992350575,0.012116299997990233,12.75000000000002,0.0,55.462500000000084,0.0,1.5,0.0,1.5,0.0,0.0,0.0,,
8.6,5.761209561051018,0.032122970659538494,7.8280885912259,0.021511477466910147,0.017089221238379165,-0.0016138858223022088,12.90000000000002,0.0,56.76000000000008,0.0,1.5,0.0,1.5,0.0,0.0,0.0,,
8.700000000000001,5.861920958006888,-0.03278851496374418,8.251089414147275,-0.014213087546256026,0.014518512765762834,0.0027355983012611394,13.05000000000002,0.0,58.07250000000008,0.0,1.5,0.0,1.5,0.0,0.0,0.0,,
8.8,6.1205458424193475,0.1647873790016534,7.775340800211862,-0.006778831469481525,-0.012420303038057662,-0.004472462386152888,13.20000000000002,0.0,59.400000000000084,0.0,1.5,0.0,1.5,0.0,0.0,0.0,,
8.9,5.969884176054629,-0.02298223226287105,7.981427811394035,0.001252386074015286,0.0032038575737069986,0.010822522658264121,13.350000000000021,0.0,60.742500000000085,0.0,1.5,0.0,1.5,0.0,0.0,0.0,,
9.0,6.095090598461919,-0.01106477466278871,7.955380286127359,0.005271541404155865,0.012095801301290288,0.010449660929081294,13.500000000000021,0.0,62.10000000000009,0.0,1.5,0.0,1.5,0.0,0.0,0.0,55.5293777763527,-1.5688246275886102
9.1,6.069794608141791,0.07113796746786669,8.058684953268395,-0.005413870724211801,0.005795400129119915,0.013606454966851988,13.650000000000022,0.0,63.47250000000009,0.0,1.5,0.0,1.5,0.0,0.0,0.0,,
9.200000000000001,5.5594677534584935,-0.13777292822529016,7.914217179193259,-0.015637927641926185,0.007981024616711829,0.007455265335495414,13.800000000000022,0.0,64.86000000000008,0.0,1.5,0.0,1.5,0.0,0.0,0.0,,
9.3,5.8179532183428755,-0.15311538346343861,7.552343503591117,-0.004886772441938868,-0.0031093606881943334,0.004644835122935112,13.950000000000022,0.0,66.26250000000007,0.0,1.5,0.0,1.5,0.0,0.0,0.0,,
9.4,6.069091799907509,-0.03993812005838482,7.798218200698267,0.003830699122483088,0.007080943892811545,-0.0017417053779026567,14.100000000000023,0.0,67.68000000000006,0.0,1.5,0.0,1.5,0.0,0.0,0.0,,
9.5,6.227329945170867,-0.06031344285277198,8.0665230971349,0.011945764876316782,0.006433496290650468,0.004839332567350786,14.250000000000023,0.0,69.11250000000005,0.0,1.5,0.0,1.5,0.0,0.0,0.0,,
9.600000000000001,6.0044504768211775,0.10279869898432885,7.629624103501879,0.002600773050100399,-0.0105459328297749,0.01478586049848259,14.400000000000023,0.0,70.56000000000004,0.0,1.5,0.0,1.5,0.0,0.0,0.0,,
9.700000000000001,5.944940502817513,-0.05688091738664967,8.040389606482464,0.012485040279014537,-0.01024421150534182,0.011345128351162529,14.550000000000024,0.0,72.02250000000004,0.0,1.5,0.0,1.5,0.0,0.0,0.0,,
9.8,6.387688870380271,0.23856256868205783,8.131043031409002,0.013279374589287971,-0.01057290138916271,-0.0002430928278603292,14.700000000000024,0.0,73.50000000000003,0.0,1.5,0.0,1.5,0.0,0.0,0.0,,
9.9,5.748189515550266,0.04213512904678171,7.901432049563232,0.005008420078775039,0.01034947598615495,-0.017744443352394213,14.850000000000025,0.0,74.99250000000002,0.0,1.5,0.0,1.5,0.0,0.0,0.0,,
10.0,5.756794998822803,0.058248937784335236,8.08860716159373,-0.001709270931411637,-0.004145611500541515,-0.0072156891118622555,15.000000000000025,0.0,76.50000000000001,0.0,1.5,0.0,1.5,0.0,0.0,0.0,80.82627111749247,2.561458045762337
10.100000000000001,6.019404968083554,0.14807877585119483,8.1398791705069,0.00661413120620259,-0.0028184379831385138,-0.02357338914481021,15.150000000000025,0.0,78.02250000000001,0.0,1.5,0.0,1.5,0.0,0.0,0.0,,
10.200000000000001,5.91325819626364,0.3033129831941756,7.808762910073788,0.00254336516937822,0.008349984605437703,0.0005644402287367286,15.300000000000026,0.0,79.56,0.0,1.5,0.0,1.5,0.0,0.0,0.0,,
10.3,5.936605883476404,0.00231957043864191,7.871639338298836,-0.0059776839495510785,-0.007603891793275112,0.0054491976672860435,15.450000000000026,0.0,81.1125,0.0,1.5,0.0,1.5,0.0,0.0,0.0,,
10.4,5.744781234957922,0.16875353881214833,8.215753616176777,-0.01035795098496823,0.007823559878592113,0.004163882474959852,15.600000000000026,0.0,82.67999999999999,0.0,1.5,0.0,1.5,0.0,0.0,0.0,,
10.5,6.045274970720753,0.027187131479711135,7.882235417225123,-0.0031314810649243053,-0.010820305046188663,-0.0011163057185035238,15.750000000000027,0.0,84.26249999999999,0.0,1.5,0.0,1.5,0.0,0.0,0.0,,
10.600000000000001,6.038838880462411,0.09782690246852174,7.91022298831426,-0.028014420320743007,0.003685174974569412,0.011321939706282352,15.900000000000027,0.0,85.85999999999999,0.0,1.5,0.0,1.5,0.0,0.0,0.0,,
10.700000000000001,5.879452100341565,-0.3728990385433644,7.932719495621877,-0.0060405597848073546,0.018710690575219308,0.005436497415807557,16.050000000000026,0.0,87.47249999999998,0.0,1.5,0.0,1.5,0.0,0.0,0.0,,
10.8,6.181015746698202,0.01914562138318881,7.706149633033655,0.003941690243582308,-0.010191709870035924,-0.0030450311937733976,16.200000000000024,0.0,89.09999999999998,0.0,1.5,0.0,1.5,0.0,0.0,0.0,,
10.9,5.846770983830231,-0.22987559864023832,7.627183088226725,-0.002100043883240963,0.01700876836476217,0.0012342225737333634,16.350000000000023,0.0,90.74249999999998,0.0,1.5,0.0,1.5,0.0,0.0,0.0,,
11.0,6.196399471879668,0.03620248093983231,8.00702266717703,-0.004384832438351283,0.002190327728206327,0.014023630836568164,16.50000000000002,0.0,92.39999999999998,0.0,1.5,0.0,1.5,0.0,0.0,0.0,87.86875945687464,-3.6725435984843924
11.100000000000001,5.638971113841006,0.09162388589792414,8.042252901848846,-0.00015831629984460583,-0.007760697365044971,0.004764760361393316,16.65000000000002,0.0,94.07249999999998,0.0,1.5,0.0,1.5,0.0,0.0,0.0,,
11.200000000000001,6.157878965151613,-0.14725210026967692,7.74531049773559,-0.004948047598740546,-0.0004674508245693245,0.01029358483164388,16.80000000000002,0.0,95.75999999999998,0.0,1.5,0.0,1.5,0.0,0.0,0.0,,
11.3,6.161447137741812,0.1067698570904857,7.892862978597639,0.0005936366666803029,0.0077966636218520825,0.009455921101668586,16.950000000000017,0.0,97.46249999999998,0.0,1.5,0.0,1.5,0.0,0.0,0.0,,
11.4,6.083298749581721,0.27371826167284025,7.983565423850599,-0.0025058884531120916,-0.004621208736801253,0.015560497113110066,17.100000000000016,0.0,99.17999999999998,0.0,1.5,0.0,1.5,0.0,0.0,0.0,,
11.5,6.04942645986351,0.15101804066493096,8.049441724582584,0.01587998524011549,-0.00898750061446978,0.003834631697044798,17.250000000000014,0.0,100.91249999999997,0.0,1.5,0.0,1.5,0.0,0.0,0.0,,
11.600000000000001,5.948747486434066,0.022829321136750475,7.654937233699725,0.000806624419250883,-0.018355966139357877,0.004386086945185379,17.400000000000013,0.0,102.65999999999995,0.0,1.5,0.0,1.5,0.0,0.0,0.0,,
11.700000000000001,5.772816094067389,0.40018601398753384,7.845625747516486,-0.00012021024217486014,0.010891019799998137,0.012170568778051564,17.55000000000001,0.0,104.42249999999994,0.0,1.5,0.0,1.5,0.0,0.0,0.0,,
11.8,5.7126930292721845,0.2125068688501519,8.20735702324994,0.012908563407339249,0.002665698033849641,0.017154307566195265,17.70000000000001,0.0,106.19999999999993,0.0,1.5,0.0,1.5,0.0,0.0,0.0,,
11.9,5.773009370642285,0.015038557213270527,7.9044773515468645,-0.013784910777566843,0.00305476546925304,0.00033064361697416125,17.85000000000001,0.0,107.99249999999992,0.0,1.5,0.0,1.5,0.0,0.0,0.0,,
12.0,5.923666663157474,-0.11630997449631374,7.812834278279041,-0.014508961266264256,0.005086850148663019,0.0005656759493141436,18.000000000000007,0.0,109.79999999999991,0.0,1.5,0.0,1.5,0.0,0.0,0.0,108.61144050241975,-4.265829115494905
12.100000000000001,5.895846222968659,0.09291914754686482,7.90893186957904,-0.0009533945256143542,-0.010960130039358522,-0.008584920433243583,18.150000000000006,0.0,111.6224999999999,0.0,1.5,0.0,1.5,0.0,0.0,0.0,,
12.200000000000001,6.004678795059621,0.03331178377362093,7.908153138674787,0.02205315403616847,0.0018001327611132894,-0.00322707244958342,18.300000000000004,0.0,113.4599999999999,0.0,1.5,0.0,1.5,0.0,0.0,0.0,,
12.3,5.8721195007716265,-0.11865444285729755,7.881484264801924,-0.016679635229826125,-0.0049904430180418395,0.0009983938305960774,18.450000000000003,0.0,115.31249999999989,0.0,1.5,0.0,1.5,0.0,0.0,0.0,,
12.4,5.967541205620042,-0.2049695884751487,7.8196105533754725,-0.013473198949037986,0.0002875860314567676,-0.0007453799977974115,18.6,0.0,117.17999999999988,0.0,1.5,0.0,1.5,0.0,0.0,0.0,,
12.5,6.117112836479961,-0.11253593703703663,7.955851532303853,0.006276300154050163,-0.0020467478351274522,0.007554591989695711,18.75,0.0,119.06249999999987,0.0,1.5,0.0,1.5,0.0,0.0,0.0,,
12.600000000000001,5.755923641764394,0.19907131618492593,8.14027959850737,0.004444606946649375,4.27918615026902e-05,0.004562620706210567,18.9,0.0,120.95999999999987,0.0,1.5,0.0,1.5,0.0,0.0,0.0,,
12.700000000000001,6.008514852248298,0.02891286037367785,8.007415163618035,0.017595650977245022,0.007462425212977575,0.02175025809318827,19.049999999999997,0.0,122.87249999999986,0.0,1.5,0.0,1.5,0.0,0.0,0.0,,
12.8,5.949565543855726,-0.09660005002647554,8.067055369487868,-0.009376381028611786,-0.012087887612007978,0.008171770561437919,19.199999999999996,0.0,124.79999999999986,0.0,1.5,0.0,1.5,0.0,0.0,0.0,,
12.9,5.860926321682412,0.07261177427885163,8.128498944829827,6.978863985432923e-05,-0.009017175342579798,-0.006341844526534148,19.349999999999994,0.0,126.74249999999985,0.0,1.5,0.0,1.5,0.0,0.0,0.0,,
13.0,5.790732520746964,-0.011784694356186008,7.939536453270121,0.006911344915062476,0.004469618970548079,-0.010319741330967747,19.499999999999993,0.0,128.69999999999985,0.0,1.5,0.0,1.5,0.0,0.0,0.0,125.2280273430961,2.4254995152583825
13.100000000000001,5.646464272353677,-0.06423762056128743,7.9482740374672245,0.015305885392004288,0.011815415888484726,0.009499522489226885,19.64999999999999,0.0,130.67249999999984,0.0,1.5,0.0,1.5,0.0,0.0,0.0,,
13.200000000000001,5.776203542792937,0.1601503300862909,8.187860175483724,-0.007413168100095759,-0.020533043382111843,0.019005641151620088,19.79999999999999,0.0,132.65999999999983,0.0,1.5,0.0,1.5,0.0,0.0,0.0,,
13.3,6.191959575858623,0.3227673849714558,7.893735292663102,0.017015377097021122,-0.0058250819312495,0.013938705650657059,19.94999999999999,0.0,134.66249999999982,0.0,1.5,0.0,1.5,0.0,0.0,0.0,,
13.4,6.148633136627261,0.06109511733531918,7.752399914735218,0.0053629721934482615,0.009715816162345285,0.008241148296877507,20.099999999999987,0.0,136.6799999999998,0.0,1.5,0.0,1.5,0.0,0.0,0.0,,
13.5,5.82810897653237,-0.05015251728332537,7.670587979236895,0.0027553219219760526,-0.0016624307787925605,0.0002144202739191312,20.249999999999986,0.0,138.7124999999998,0.0,1.5,0.0,1.5,0.0,0.0,0.0,,
13.600000000000001,5.966533672648192,0.014721136580957424,8.370745702250113,-0.014306515162531326,-0.021983857915264055,0.018242260274653407,20.399999999999984,0.0,140.7599999999998,0.0,1.5,0.0,1.5,0.0,0.0,0.0,,
13.700000000000001,6.015681026517398,0.2179899019971644,8.02135517636061,0.010539469155354727,0.012574254166983649,-0.0036736692715250976,20.549999999999983,0.0,142.8224999999998,0.0,1.5,0.0,1.5,0.0,0.0,0.0,,
13.8,5.866967486075948,-0.13541897574220635,7.8515445909668165,-0.011906732515753686,0.0002731394431348567,0.010240696767081277,20.69999999999998,0.0,144.89999999999978,0.0,1.5,0.0,1.5,0.0,0.0,0.0,,
13.9,5.9196949628671485,0.1849456901140404,8.125151532201208,-0.017197052206529603,-0.020340052782627408,0.0037129414810464422,20.84999999999998,0.0,146.99249999999978,0.0,1.5,0.0,1.5,0.0,0.0,0.0,,
14.0,5.911120450368146,-0.02713937681352776,7.817706533654787,-0.005645397105491362,0.010108877541240756,-0.0071897247656533695,20.99999999999998,0.0,149.09999999999977,0.0,1.5,0.0,1.5,0.0,0.0,0.0,148.7250072161168,8.55239588590612
14.100000000000001,5.941540984602515,0.051523843713980846,7.854478305583096,0.01950265131095062,0.013036393905418973,0.009851720192817482,21.149999999999977,0.0,151.22249999999977,0.0,1.5,0.0,1.5,0.0,0.0,0.0,,
14.200000000000001,5.9912435697602024,-0.085805144074824,8.140212064496412,0.0003139813502726796,0.0013945562483135923,0.002738783277467805,21.299999999999976,0.0,153.35999999999976,0.0,1.5,0.0,1.5,0.0,0.0,0.0,,
14.3,6.004400574049659,-0.07575672757484722,8.151025734172595,0.0014992594232339056,-0.0014930943514067548,0.003209983699998293,21.449999999999974,0.0,155.51249999999976,0.0,1.5,0.0,1.5,0.0,0.0,0.0,,
14.4,5.707013737033074,-0.009637028220838782,8.170177409195674,-0.0033299708670640276,-0.007667835901374705,0.01118865248893983,21.599999999999973,0.0,157.67999999999975,0.0,1.5,0.0,1.5,0.0,0.0,0.0,,
14.5,6.156334704559495,0.13087516792011566,7.932001777146644,-0.0012941916150540774,-0.0018162395319986904,-0.01374488139851347,21.74999999999997,0.0,159.86249999999973,0.0,1.5,0.0,1.5,0.0,0.0,0.0,,
14.600000000000001,6.125519142351869,0.12129641501728264,8.102441081908633,-0.009151550347322068,0.019786991260419474,0.0036975841335034295,21.89999999999997,0.0,162.05999999999972,0.0,1.5,0.0,1.5,0.0,0.0,0.0,,
14.700000000000001,5.816112541718616,0.17982545054858198,7.79977530049869,-0.009493171502271512,0.006776305353642649,-0.019994137340095447,22.04999999999997,0.0,164.2724999999997,0.0,1.5,0.0,1.5,0.0,0.0,0.0,,
14.8,5.77628863610267,0.008668553632124114,7.926691926226011,-0.011140530084752496,0.005274690521043849,0.015100182789662246,22.199999999999967,0.0,166.4999999999997,0.0,1.5,0.0,1.5,0.0,0.0,0.0,,
14.9,6.163819171576764,-0.02213869819278138,7.986257900550641,-0.0040242168688748685,0.005847756936278886,-0.012963130372418162,22.349999999999966,0.0,168.74249999999967,0.0,1.5,0.0,1.5,0.0,0.0,0.0,,
15.0,4.492609922848493,-0.17650270225901651,8.586713706663655,-0.01440921834188398,0.01989329149035007,-0.013303490353863062,22.499999999999964,0.0,170.99249999999967,0.0,0.0,0.0,0.0,0.0,0.0,0.0,170.26238999567104,-2.8115768725570165
15.100000000000001,4.733916487385553,0.40295014353849806,8.482029898833336,0.0173524154653684,2.7854902868740666e-05,0.008164029312096777,22.499999999999964,0.0,173.24249999999967,0.0,0.0,0.0,0.0,0.0,0.0,0.0,,
15.200000000000001,4.919485062415012,-0.033109468238817746,8.856407000302271,-0.01223725167100458,-0.011984738100976411,-0.008236304545993809,22.499999999999964,0.0,175.49249999999967,0.0,0.0,0.0,0.0,0.0,0.0,0.0,,
15.3,4.422481270113762,0.049694854827336904,8.665818647593607,0.003188056617377884,-0.005150817740843286,-0.010449509157072774,22.499999999999964,0.0,177.74249999999967,0.0,0.0,0.0,0.0,0.0,0.0,0.0,,
15.4,4.577640081285816,-0.03142079646974801,8.641571307545638,-0.0030589277110668754,0.003558481128116755,-0.0068875138777449085,22.499999999999964,0.0,179.99249999999967,0.0,0.0,0.0,0.0,0.0,0.0,0.0,,
15.5,4.665064371100584,-0.27631213508364383,8.451717567041285,-0.0004667082155432204,0.006255647264039359,-0.01789082675786498,22.499999999999964,0.0,182.24249999999967,0.0,0.0,0.0,0.0,0.0,0.0,0.0,,
15.600000000000001,4.511913647359544,-0.40759498695944824,8.433819928049669,1.63978199190086e-06,0.015025342926441683,0.004306087214025248,22.499999999999964,0.0,184.49249999999967,0.0,0.0,0.0,0.0,0.0,0.0,0.0,,
15.700000000000001,4.757391726149193,0.05629877770241092,8.501365280221721,-0.001986324958113211,-0.0024778877903084656,-0.0070020348896354554,22.499999999999964,0.0,186.74249999999967,0.0,0.0,0.0,0.0,0.0,0.0,0.0,,
15.8,4.786702749052009,0.008753278580016115,8.499932238150494,-0.0013407531639671973,0.015478836681161843,0.005403616340777709,22.499999999999964,0.0,188.99249999999967,0.0,0.0,0.0,0.0,0.0,0.0,0.0,,
15.9,4.739456903382782,0.2109098402393326,8.588203476357469,0.00582709133061976,-0.004474258347505806,-0.0033758354681443148,22.499999999999964,0.0,191.24249999999967,0.0,0.0,0.0,0.0,0.0,0.0,0.0,,
16.0,4.7562900277296984,0.05392460533609182,8.69058077282313,0.004579280129092939,-0.009677640297166792,-0.007879030078776807,22.499999999999964,0.0,193.49249999999967,0.0,0.0,0.0,0.0,0.0,0.0,0.0,193.3896060204299,-0.2140905487277082
16.1,4.456379330205794,-0.19624346909662113,8.473196568765209,-0.005450523541223462,-0.02163904989128817,-0.0020450652372818456,22.499999999999964,0.0,195.74249999999967,0.0,0.0,0.0,0.0,0.0,0.0,0.0,,
16.2,4.692509461414756,-0.0002792567634562135,8.613413368602874,-0.004140080719690706,0.008009493428252412,0.024148836374631936,22.499999999999964,0.0,197.99249999999967,0.0,0.0,0.0,0.0,0.0,0.0,0.0,,
16.3,4.839769512026494,0.240502478240301,8.357536090650116,-0.001377865153439722,-0.010684336191940895,0.003522545226088963,22.499999999999964,0.0,200.24249999999967,0.0,0.0,0.0,0.0,0.0,0.0,0.0,,
16.400000000000002,4.323029353595052,-0.06001396227603047,8.707761830277647,0.0018606128323249954,0.0014431303665806917,0.02081538043843581,22.499999999999964,0.0,202.49249999999967,0.0,0.0,0.0,0.0,0.0,0.0,0.0,,
16.5,4.732645658541489,-0.03060696799335416,8.32131060120001,0.008792689273143486,0.00785987648650774,0.005118254629256583,22.499999999999964,0.0,204.74249999999967,0.0,0.0,0.0,0.0,0.0,0.0,0.0,,
16.6,4.92933654456089,-0.09467881756339813,8.695438562861725,0.007636739865680692,-0.008471501556698841,0.005316401356858671,22.499999999999964,0.0,206.99249999999967,0.0,0.0,0.0,0.0,0.0,0.0,0.0,,
16.7,4.648650275958883,-0.03982072410392121,8.809663176254174,0.01277031115634187,0.018613116189255388,0.003531798921172807,22.499999999999964,0.0,209.24249999999967,0.0,0.0,0.0,0.0,0.0,0.0,0.0,,
16.8,4.836023442965924,-0.19606444459775926,8.253776870456711,0.008076214441241916,-0.015890840045396724,0.0005153165058032535,22.499999999999964,0.0,211.49249999999967,0.0,0.0,0.0,0.0,0.0,0.0,0.0,,
16.900000000000002,4.546186940077031,0.06161539869970431,8.683502112795729,0.010401960637203252,0.030017049388422815,0.0025662024046569564,22.499999999999964,0.0,213.74249999999967,0.0,0.0,0.0,0.0,0.0,0.0,0.0,,
17.0,4.699331813433276,0.18015668321975561,8.795561524751747,0.014085635209022021,-0.0033961885297773254,0.0019981828771257516,22.499999999999964,0.0,215.99249999999967,0.0,0.0,0.0,0.0,0.0,0.0,0.0,214.901804076555,0.2603237190703221
17.1,4.5791599897550626,-0.1989746228752216,8.526517732291808,0.00457284970422235,0.007106114761860564,-0.0019619105878162825,22.499999999999964,0.0,218.24249999999967,0.0,0.0,0.0,0.0,0.0,0.0,0.0,,
17.2,4.824769819851714,-0.09725381981869086,8.813132160067854,0.0044870934883922565,0.007264447396909464,0.004433224166096842,22.499999999999964,0.0,220.49249999999967,0.0,0.0,0.0,0.0,0.0,0.0,0.0,,
17.3,4.747353450916897,0.33642151955522526,8.640086555803668,-0.022689418848770702,-0.0036839700172261753,0.008453841595690362,22.499999999999964,0.0,222.74249999999967,0.0,0.0,0.0,0.0,0.0,0.0,0.0,,
17.400000000000002,4.294931854397757,0.31309295024439043,8.646766138201603,-0.006516105247634103,0.02337780615764177,0.004887288173635653,22.499999999999964,0.0,224.99249999999967,0.0,0.0,0.0,0.0,0.0,0.0,0.0,,
17.5,4.626792880660829,0.22587631656025675,8.589321593783374,0.005828118876227634,0.014933771884669638,-0.014771029331300024,22.499999999999964,0.0,227.24249999999967,0.0,0.0,0.0,0.0,0.0,0.0,0.0,,
17.6,4.484573860904699,-0.04297466191190266,8.728876432549074,0.008417781500869519,-0.02651820625122236,0.01420833691479869,22.499999999999964,0.0,229.49249999999967,0.0,0.0,0.0,0.0,0.0,0.0,0.0,,
17.7,4.586536134214342,0.28393816010291434,8.495624067578335,0.001753844007392771,-0.007357553769874604,0.009090996403186509,22.499999999999964,0.0,231.74249999999967,0.0,0.0,0.0,0.0,0.0,0.0,0.0,,
17.8,4.527976174152729,-0.19742225973995162,8.929747262823007,0.02021284633791049,0.007416270240649344,0.02796481199905171,22.499999999999964,0.0,233.99249999999967,0.0,0.0,0.0,0.0,0.0,0.0,0.0,,
17.900000000000002,4.906097017513882,-0.03545764491398708,8.508093846300879,0.009897461590923378,-0.007036001038506458,0.011633775187325203,22.499999999999964,0.0,236.24249999999967,0.0,0.0,0.0,0.0,0.0,0.0,0.0,,
18.0,4.376603965452156,0.2281644925563961,8.73592054836348,0.01759949017441782,-0.008374455893740517,0.024033388177470652,22.499999999999964,0.0,238.49249999999967,0.0,0.0,0.0,0.0,0.0,0.0,0.0,243.17206412250755,1.0060491160890215
18.1,4.742455788568724,-0.0469346836026808,8.823930250219345,-0.0033761665695671585,0.008877785384006085,0.00888402227262847,22.499999999999964,0.0,240.74249999999967,0.0,0.0,0.0,0.0,0.0,0.0,0.0,,
18.2,4.649210160137863,-0.17042749982056749,8.504070204911054,-0.006729401773020374,-0.01366281856048813,0.005999120807624566,22.499999999999964,0.0,242.99249999999967,0.0,0.0,0.0,0.0,0.0,0.0,0.0,,
18.3,4.685047506754994,-0.19727760906775957,8.721004586498047,-0.005691715984743435,-0.0071177476799940565,0.00863753010564643,22.499999999999964,0.0,245.24249999999967,0.0,0.0,0.0,0.0,0.0,0.0,0.0,,
18.400000000000002,4.501710337262211,-0.0626611857025487,8.560104046794667,0.008480122537459259,-0.010526185119939097,-0.00011947548811438221,22.499999999999964,0.0,247.49249999999967,0.0,0.0,0.0,0.0,0.0,0.0,0.0,,
18.5,4.595195631968622,0.08824647774115577,8.44040931387856,0.0028011723578407273,0.014777053147957535,-0.003423480597818063,22.499999999999964,0.0,249.74249999999967,0.0,0.0,0.0,0.0,0.0,0.0,0.0,,
18.6,4.543227894071517,-0.20063296033237138,8.562245833582212,-0.009566534752802076,0.007388954885094892,0.007433548683671841,22.499999999999964,0.0,251.99249999999967,0.0,0.0,0.0,0.0,0.0,0.0,0.0,,
18.7,4.49180403848504,0.02949574945851805,8.708187172000624,-0.003460877085633818,-0.007581357232765558,0.023712006997184905,22.499999999999964,0.0,254.24249999999967,0.0,0.0,0.0,0.0,0.0,0.0,0.0,,
18.8,4.935889174640104,-0.06384488713266138,8.84242137045111,0.0007578305781707325,0.01766453088916549,0.005342277746746177,22.499999999999964,0.0,256.49249999999967,0.0,0.0,0.0,0.0,0.0,0.0,0.0,,
18.900000000000002,4.5613494680477915,-0.09380149708087665,8.735211733958662,0.0019199651903483667,0.025112813074685058,0.018403987586567538,22.499999999999964,0.0,258.74249999999967,0.0,0.0,0.0,0.0,0.0,0.0,0.0,,
19.0,4.797789069409382,0.17376636347450125,8.71841746146557,-0.0027120334351885367,-0.014473870754516683,0.006740147776653318,22.499999999999964,0.0,260.99249999999967,0.0,0.0,0.0,0.0,0.0,0.0,0.0,258.78316017876904,-0.3889490893908024
19.1,4.667208849096639,0.27552018975165227,8.567767864819029,-0.00810545410037735,-0.0012386873131177726,-0.003589335420309301,22.499999999999964,0.0,263.24249999999967,0.0,0.0,0.0,0.0,0.0,0.0,0.0,,
19.200000000000003,4.515501134994292,-0.08731350424054234,8.44546870288649,0.00804696959656171,0.011084172048859687,0.010272760549592025,22.499999999999964,0.0,265.49249999999967,0.0,0.0,0.0,0.0,0.0,0.0,0.0,,
19.3,4.542137426274745,0.24871365120466046,8.396019189247191,0.02598264615701505,0.007094592992940351,0.0026927139715845717,22.499999999999964,0.0,267.74249999999967,0.0,0.0,0.0,0.0,0.0,0.0,0.0,,
19.400000000000002,4.908574264703064,-0.22492160280272588,8.801994849637259,-0.0046839721640907364,0.008779646233685915,0.0034848488433961936,22.499999999999964,0.0,269.99249999999967,0.0,0.0,0.0,0.0,0.0,0.0,0.0,,
19.5,4.231930117941663,0.2722784570385985,8.536413476433218,-0.009570259258768997,-0.006880194969446404,0.005137803264370247,22.499999999999964,0.0,272.24249999999967,0.0,0.0,0.0,0.0,0.0,0.0,0.0,,
19.6,4.674154992783028,-0.0030269119419848844,8.589116261453826,-0.0018001077868917278,0.0003559926256171674,0.011824434014654146,22.499999999999964,0.0,274.49249999999967,0.0,0.0,0.0,0.0,0.0,0.0,0.0,,
19.700000000000003,4.8776773563925495,0.17063835415386958,8.632578664735318,-0.00698040564928204,0.004736459966118484,0.013374169668001635,22.499999999999964,0.0,276.74249999999967,0.0,0.0,0.0,0.0,0.0,0.0,0.0,,
19.8,4.716248469526885,0.15257402186028587,8.595750621018068,0.011767899400844915,-0.018893959113143188,-0.006365731092217911,22.499999999999964,0.0,278.99249999999967,0.0,0.0,0.0,0.0,0.0,0.0,0.0,,
19.900000000000002,4.774779155462033,0.1695124953737405,8.551709822090324,0.0038312618799590603,0.018548012093548217,-0.0036722302662071547,22.499999999999964,0.0,281.24249999999967,0.0,0.0,0.0,0.0,0.0,0.0,0.0,,
20.0,4.471358072813821,0.06089138817987067,8.507156807107847,0.011978714080526373,-0.0049507604732858665,-0.017987372488527654,22.499999999999964,0.0,283.49249999999967,0.0,0.0,0.0,0.0,0.0,0.0,0.0,282.68195210768636,-10.499269106803393
20.1,4.710432237005866,-0.032064920052361036,8.793895845561396,-0.00041112493396183025,0.0031984173441875524,0.00878030821354034,22.499999999999964,0.0,285.74249999999967,0.0,0.0,0.0,0.0,0.0,0.0,0.0,,
20.200000000000003,4.783053399967463,0.32781297216710564,8.831210194991728,0.0012267328862609298,-0.002987553833401074,0.0015885910889532218,22.499999999999964,0.0,287.99249999999967,0.0,0.0,0.0,0.0,0.0,0.0,0.0,,
20.3,4.726060753647005,-0.08187928041225738,8.488753372623536,0.011151852723827347,-0.012782071641460715,-0.019101176314149922,22.499999999999964,0.0,290.24249999999967,0.0,0.0,0.0,0.0,0.0,0.0,0.0,,
20.400000000000002,4.725669779964901,0.209396015489962,8.776129820750318,-0.003937756937933191,-0.002281990708696414,0.008090721715507263,22.499999999999964,0.0,292.49249999999967,0.0,0.0,0.0,0.0,0.0,0.0,0.0,,
20.5,4.626018127619692,-0.07366064236052616,8.816843023012032,-0.005487165834728993,0.007799125887175771,-0.010026816966642246,22.499999999999964,0.0,294.74249999999967,0.0,0.0,0.0,0.0,0.0,0.0,0.0,,
20.6,4.684625977046764,-0.25825085270076437,8.874584637054014,0.00636034873014691,-0.004716835516271929,0.01404566891973789,22.499999999999964,0.0,296.99249999999967,0.0,0.0,0.0,0.0,0.0,0.0,0.0,,
20.700000000000003,4.31158478152991,-0.10696504987395604,8.58067879537647,-0.006300933791122704,-0.008984779294485698,0.005638258803078363,22.499999999999964,0.0,299.24249999999967,0.0,0.0,0.0,0.0,0.0,0.0,0.0,,
20.8,4.73698390716464,-0.07116007092571183,8.537786022113933,-0.007776135329158285,0.006986522939809494,0.0150459084323766,22.499999999999964,0.0,301.49249999999967,0.0,0.0,0.0,0.0,0.0,0.0,0.0,,
20.900000000000002,4.640902507691724,0.1826951103064213,8.591692154767355,-0.004858661940111891,0.017468704945873093,-0.012337638571368027,22.499999999999964,0.0,303.74249999999967,0.0,0.0,0.0,0.0,0.0,0.0,0.0,,
21.0,4.963721583021273,0.05085775209187677,8.567019516602667,-0.008753701604466,0.003424627161022621,-0.02117012285117593,22.499999999999964,0.0,305.99249999999967,0.0,0.0,0.0,0.0,0.0,0.0,0.0,306.9301894689382,3.54519943913765
21.1,4.5813817231881995,-0.09004155494253858,8.741982221112412,-0.01309814011911737,-0.004549400565850472,0.007778999133236586,22.499999999999964,0.0,308.24249999999967,0.0,0.0,0.0,0.0,0.0,0.0,0.0,,
21.200000000000003,4.602118274651015,-0.014400351343499542,8.54654068572877,0.009863304500000548,-0.0033198686964708364,0.0015052489175880262,22.499999999999964,0.0,310.49249999999967,0.0,0.0,0.0,0.0,0.0,0.0,0.0,,
21.3,4.919062633238869,-0.2767322669809135,8.591008584574482,0.005848440892047215,-0.013556820941983743,-0.00027568759908789837,22.499999999999964,0.0,312.74249999999967,0.0,0.0,0.0,0.0,0.0,0.0,0.0,,
21.400000000000002,4.703974119986892,0.05826946076115472,8.647927318650886,0.0060762114300407875,-0.000733538364213621,0.027625419485249016,22.499999999999964,0.0,314.99249999999967,0.0,0.0,0.0,0.0,0.0,0.0,0.0,,
21.5,4.7592457665590615,0.04809298603247368,8.61173108701389,-0.009947601446959217,-0.014014101313001683,0.008470608740678238,22.499999999999964,0.0,317.24249999999967,0.0,0.0,0.0,0.0,0.0,0.0,0.0,,
21.6,4.489546594201185,0.060855246983087016,8.477468347548418,-0.013343779452364373,0.0030980573644723286,-0.00658135632690992,22.499999999999964,0.0,319.49249999999967,0.0,0.0,0.0,0.0,0.0,0.0,0.0,,
21.700000000000003,4.3412322820494715,0.15513898198412548,8.601889509856026,0.001129930469636488,0.006735766922490672,0.003054718914459386,22.499999999999964,0.0,321.74249999999967,0.0,0.0,0.0,0.0,0.0,0.0,0.0,,
21.8,4.572084519656534,-0.019539841085695765,8.620917274309368,0.0032301590009927244,-0.014210351076892603,0.015301190713069832,22.499999999999964,0.0,323.99249999999967,0.0,0.0,0.0,0.0,0.0,0.0,0.0,,
21.900000000000002,4.597317383188531,-0.017796421091432583,8.678175244393394,0.02219417963906208,0.009214331369561218,0.023024705804340385,22.499999999999964,0.0,326.24249999999967,0.0,0.0,0.0,0.0,0.0,0.0,0.0,,
22.0,4.625801884652578,0.09007795429036845,9.017223187465794,-0.0007289935396127594,0.004778646783907891,0.01763620981531591,22.499999999999964,0.0,328.49249999999967,0.0,0.0,0.0,0.0,0.0,0.0,0.0,331.7524552906807,1.3545610922680107
22.1,4.795374863330982,0.08265933035731932,8.658434346092765,-0.010650208176310435,-0.003606732032714684,-0.0011231563203851266,22.499999999999964,0.0,330.74249999999967,0.0,0.0,0.0,0.0,0.0,0.0,0.0,,
22.200000000000003,4.703518615678479,0.13143300634802374,8.710941251295829,0.005348315409599565,0.0022465190963479897,-0.004972487470367761,22.499999999999964,0.0,332.99249999999967,0.0,0.0,0.0,0.0,0.0,0.0,0.0,,
22.3,4.824749292711061,0.17467766630691867,8.613342647816111,-0.002995140729585776,-0.00316131202550756,0.01191697305163263,22.499999999999964,0.0,335.24249999999967,0.0,0.0,0.0,0.0,0.0,0.0,0.0,,
22.400000000000002,4.575808618951832,0.08560455795688736,8.895000754638831,0.00796317323555572,-0.01238878030390097,-0.0006117630651428984,22.499999999999964,0.0,337.49249999999967,0.0,0.0,0.0,0.0,0.0,0.0,0.0,,
22.5,4.4841210760112045,0.07882397401065196,8.634441456601976,-0.011202226789373116,0.008748331161185651,0.024838255663913112,22.499999999999964,0.0,339.74249999999967,0.0,0.0,0.0,0.0,0.0,0.0,0.0,,
22.6,4.623738674432287,-0.022671891116582465,8.877565981312468,-0.009644460075067756,-0.002963985531573607,0.005182304695965395,22.499999999999964,0.0,341.99249999999967,0.0,0.0,0.0,0.0,0.0,0.0,0.0,,
22.700000000000003,4.808114978974364,0.034312944637551496,8.565783572820337,-0.013201083521151711,0.014235173618802627,-0.0010462306904314034,22.499999999999964,0.0,344.24249999999967,0.0,0.0,0.0,0.0,0.0,0.0,0.0,,
22.8,4.785500254531766,0.06475684389177798,8.577966943356799,0.007957261328030157,0.007394281378194637,-0.003157960509095516,22.499999999999964,0.0,346.49249999999967,0.0,0.0,0.0,0.0,0.0,0.0,0.0,,
22.900000000000002,4.5845990809843755,0.05048289678396286,8.39339627800034,0.016617444029508682,0.005766333778536045,0.01460493854790753,22.499999999999964,0.0,348.74249999999967,0.0,0.0,0.0,0.0,0.0,0.0,0.0,,
23.0,4.623745080443128,-0.03151958586686645,8.5573440912859,-0.013784670721495293,0.0008915258938044714,-0.00813973878819323,22.499999999999964,0.0,350.99249999999967,0.0,0.0,0.0,0.0,0.0,0.0,0.0,354.1508489554266,0.723862460121001
23.1,4.751046368962292,-0.10365008895781772,8.677664537119234,0.025583771717115657,0.0014278324202290082,-0.002520470234688788,22.499999999999964,0.0,353.24249999999967,0.0,0.0,0.0,0.0,0.0,0.0,0.0,,
23.200000000000003,4.587528103612301,-0.04867798466478585,8.568345551811753,-0.017595960532860555,0.020899969847873727,0.01698995040342942,22.499999999999964,0.0,355.49249999999967,0.0,0.0,0.0,0.0,0.0,0.0,0.0,,
23.3,5.075187257643778,0.02543267863702197,8.51706414532466,-0.012886812541964972,0.0019219765589779602,-0.0015450888293094735,22.499999999999964,0.0,357.74249999999967,0.0,0.0,0.0,0.0,0.0,0.0,0.0,,
23.400000000000002,4.404439132867711,-0.21190213147376177,8.493532610422672,0.012892148252453012,0.002258786470442576,-0.013928049780309995,22.499999999999964,0.0,359.99249999999967,0.0,0.0,0.0,0.0,0.0,0.0,0.0,,
23.5,4.573030980156163,-0.020054016753841837,8.799628801695423,0.005909079617882253,0.012788981181511828,0.007818777172152623,22.499999999999964,0.0,362.24249999999967,0.0,0.0,0.0,0.0,0.0,0.0,0.0,,
23.6,4.573353360593,0.0665022361211405,8.637140983373499,0.013274959484913583,-0.01693652408718936,0.014170570464657872,22.499999999999964,0.0,364.49249999999967,0.0,0.0,0.0,0.0,0.0,0.0,0.0,,
23.700000000000003,4.736573852768962,0.08598038886896375,8.646386758461471,-0.01803121798397719,0.007569254266925927,-0.006126214505976008,22.499999999999964,0.0,366.74249999999967,0.0,0.0,0.0,0.0,0.0,0.0,0.0,,
23.8,4.6302341232877975,0.3051941214388301,8.657951316348367,-0.006391525708043811,-0.0017494364999083138,0.02530610194201007,22.499999999999964,0.0,368.99249999999967,0.0,0.0,0.0,0.0,0.0,0.0,0.0,,
23.900000000000002,4.473932976496062,-0.07744406692707284,8.390515025459885,0.007518554516270521,0.012883621801025001,0.002907167513861789,22.499999999999964,0.0,371.24249999999967,0.0,0.0,0.0,0.0,0.0,0.0,0.0,,
24.0,4.548177782759712,-0.21051077533672363,8.795682661614421,-0.013051205046552477,-0.010820871374821997,-0.013269869239092728,22.499999999999964,0.0,373.49249999999967,0.0,0.0,0.0,0.0,0.0,0.0,0.0,367.5721009573266,2.6597386833899717
24.1,4.981948573325044,0.0515346927298341,8.526954455959356,0.014365572592593535,-0.0036172944548140675,0.01624609536989261,22.499999999999964,0.0,375.74249999999967,0.0,0.0,0.0,0.0,0.0,0.0,0.0,,
24.200000000000003,4.5335182672772545,-0.1821319252066607,8.432422937381105,-0.011910079031942902,0.002419269400992867,-0.009155602107557243,22.499999999999964,0.0,377.99249999999967,0.0,0.0,0.0,0.0,0.0,0.0,0.0,,
24.3,4.607604665975656,0.16278475494136926,8.581663809141135,0.003365678395670785,0.002470091608968659,-0.004019232808179543,22.499999999999964,0.0,380.24249999999967,0.0,0.0,0.0,0.0,0.0,0.0,0.0,,
24.400000000000002,4.379008319420083,0.3275249797394581,8.356594692569983,0.02052119767802973,0.005671316673857175,0.01134429926199446,22.499999999999964,0.0,382.49249999999967,0.0,0.0,0.0,0.0,0.0,0.0,0.0,,
24.5,4.737040466760753,0.29748967011842864,8.822019114729496,-0.0007556486494923031,0.0013981543950333066,0.016997448049838708,22.499999999999964,0.0,384.74249999999967,0.0,0.0,0.0,0.0,0.0,0.0,0.0,,
24.6,4.764271124664197,-0.2866558756310836,8.764538295356818,0.01062593319088567,-0.0013319178701783362,0.009663289561758347,22.499999999999964,0.0,386.99249999999967,0.0,0.0,0.0,0.0,0.0,0.0,0.0,,
24.700000000000003,4.538345645674468,0.007004448770583396,8.424546228380043,0.00624369633410306,-0.005396421134404268,0.00491496030394264,22.499999999999964,0.0,389.24249999999967,0.0,0.0,0.0,0.0,0.0,0.0,0.0,,
24.8,4.45786963537105,-0.14261265527587183,8.929456859503189,0.00793355412969044,-0.0011118597687906798,-0.011483275706233618,22.499999999999964,0.0,391.49249999999967,0.0,0.0,0.0,0.0,0.0,0.0,0.0,,
24.900000000000002,4.509646606090454,-0.1975456090705062,8.280013100942073,-0.003440756583820566,0.008099978230367616,0.005887877062365245,22.499999999999964,0.0,393.74249999999967,0.0,0.0,0.0,0.0,0.0,0.0,0.0,,
25.0,4.91873927335711,0.11160739622465023,8.560439128560711,-0.01067804794993505,0.004631401356765523,-0.01918815870742783,22.499999999999964,0.0,395.99249999999967,0.0,0.0,0.0,0.0,0.0,0.0,0.0,395.59991612089016,-2.610235193847339
25.1,4.277974942848794,-0.151993452614746,8.522624748858062,0.008546485098936527,-0.01110958264850454,0.01009406881020266,22.499999999999964,0.0,398.24249999999967,0.0,0.0,0.0,0.0,0.0,0.0,0.0,,
25.200000000000003,4.952429986891066,-0.123415236188657,8.740640174765579,0.001592053702261741,0.014033098807890304,0.003075751225237462,22.499999999999964,0.0,400.49249999999967,0.0,0.0,0.0,0.0,0.0,0.0,0.0,,
25.3,4.3867729476389385,-0.043223667787366395,8.795266208314494,-0.0006524114660273085,0.007281796061861887,0.008464232916386791,22.499999999999964,0.0,402.74249999999967,0.0,0.0,0.0,0.0,0.0,0.0,0.0,,
25.400000000000002,4.551917748779168,-0.20394014027332114,8.755437982897178,-0.009986589912011005,-0.00912370986510965,0.004785807840735156,22.499999999999964,0.0,404.99249999999967,0.0,0.0,0.0,0.0,0.0,0.0,0.0,,
25.5,4.734223861282412,0.05491217843730799,8.810850415591817,-0.0010764698757173244,0.017678171567272874,0.012815829761797421,22.499999999999964,0.0,407.24249999999967,0.0,0.0,0.0,0.0,0.0,0.0,0.0,,
25.6,4.574694681579488,0.06678775874164526,8.472920927037775,0.0023135751027656883,-0.0055080907169367975,-0.0051655843850573055,22.499999999999964,0.0,409.49249999999967,0.0,0.0,0.0,0.0,0.0,0.0,0.0,,
25.700000000000003,4.605932540280053,0.02019830884256376,8.31539582464296,0.0010148110741967648,-0.0064728941551742,0.0038864905754368716,22.499999999999964,0.0,411.74249999999967,0.0,0.0,0.0,0.0,0.0,0.0,0.0,,
25.8,4.555091162439464,0.11598151129710435,8.40211096267368,-0.0016656182543904035,0.0011091843482663039,0.0038600998203546623,22.499999999999964,0.0,413.99249999999967,0.0,0.0,0.0,0.0,0.0,0.0,0.0,,
25.900000000000002,4.538382105198598,0.026354603634993257,9.097332866035353,0.0030617308838695777,0.0009591470855997098,0.005255366514120424,22.499999999999964,0.0,416.24249999999967,0.0,0.0,0.0,0.0,0.0,0.0,0.0,,
26.0,4.792705623770606,-0.07198251090508409,8.40590844247832,-0.016402423475371863,-0.0020918335103748895,0.009264971537074038,22.499999999999964,0.0,418.49249999999967,0.0,0.0,0.0,0.0,0.0,0.0,0.0,419.4415937687592,3.879457860229497
26.1,4.591455908413799,0.014839312345762704,8.80641824926405,-0.009017935264439737,-0.0076615634528473435,0.0067818747961102335,22.499999999999964,0.0,420.74249999999967,0.0,0.0,0.0,0.0,0.0,0.0,0.0,,
26.200000000000003,4.565740260093642,0.13626847070525822,8.808053674137367,-0.030867189955409772,0.010680546103930722,0.0017742269380815667,22.499999999999964,0.0,422.99249999999967,0.0,0.0,0.0,0.0,0.0,0.0,0.0,,
26.3,4.609658079312685,0.12740993220853727,8.586611651291397,-0.0173173863509908,0.0034147028413268224,0.003453493868588075,22.499999999999964,0.0,425.24249999999967,0.0,0.0,0.0,0.0,0.0,0.0,0.0,,
26.400000000000002,4.649667402789672,-0.21804302085848035,8.648641866902963,-0.00997628863514054,-5.6152407409336395e-06,0.005080433501410352,22.499999999999964,0.0,427.49249999999967,0.0,0.0,0.0,0.0,0.0,0.0,0.0,,
26.5,4.774579412360419,0.09736806160119231,8.605444207623473,0.006114697944223698,0.006304206800883116,0.0013512763587136684,22.499999999999964,0.0,429.74249999999967,0.0,0.0,0.0,0.0,0.0,0.0,0.0,,
26.6,4.79714617076983,-0.07862471932119408,8.607099093104601,-0.012272035107575841,0.0010419186190086837,0.011251684686098789,22.499999999999964,0.0,431.99249999999967,0.0,0.0,0.0,0.0,0.0,0.0,0.0,,
26.700000000000003,4.440704020553132,0.11226367132613164,8.576990872623323,0.005097741217484626,0.008978237152799029,0.013546237360540257,22.499999999999964,0.0,434.24249999999967,0.0,0.0,0.0,0.0,0.0,0.0,0.0,,
26.8,4.680715591575728,0.039019811981811266,8.641014926699974,0.007746258706420142,-0.01353348391035394,-0.0044065689165923684,22.499999999999964,0.0,436.49249999999967,0.0,0.0,0.0,0.0,0.0,0.0,0.0,,
26.900000000000002,4.691816720098603,0.12251898863778585,8.628648983047537,0.0009243926953370612,-0.01375079945151582,0.022088615456673517,22.499999999999964,0.0,438.74249999999967,0.0,0.0,0.0,0.0,0.0,0.0,0.0,,
27.0,4.728772365267135,0.036166948779018604,8.729279069393227,-0.0039876624742706136,-0.007246079707119451,-0.0010755981896953901,22.499999999999964,0.0,440.99249999999967,0.0,0.0,0.0,0.0,0.0,0.0,0.0,443.1065825876115,2.0652969147427136
27.1,4.608861877808634,0.16615836238748544,8.736101367088185,-0.00770417403608427,-0.005041231280878569,-0.0027769117438285005,22.499999999999964,0.0,443.24249999999967,0.0,0.0,0.0,0.0,0.0,0.0,0.0,,
27.200000000000003,4.518983230540717,-0.014369540140460707,8.529517528888505,-0.019342209136198846,-0.009304596524464649,0.029482313969408567,22.499999999999964,0.0,445.49249999999967,0.0,0.0,0.0,0.0,0.0,0.0,0.0,,
27.3,4.376894655825468,-0.021833040841892262,8.841230336137842,0.0004712154258846676,0.02390685019989185,-0.0024901567021313733,22.499999999999964,0.0,447.74249999999967,0.0,0.0,0.0,0.0,0.0,0.0,0.0,,
27.400000000000002,4.747997718700284,0.008652615263460128,8.706169846188386,-0.015476697728591074,-0.006585414764910741,0.023094665288184883,22.499999999999964,0.0,449.99249999999967,0.0,0.0,0.0,0.0,0.0,0.0,0.0,,
27.5,4.744877158691927,0.19351858451430978,8.768049472614788,0.010114168728012317,-0.014766331618847264,0.011427344496381428,22.499999999999964,0.0,452.24249999999967,0.0,0.0,0.0,0.0,0.0,0.0,0.0,,
27.6,4.965486536264019,0.1838927247186609,8.38088138429421,0.005306769462049258,0.00952182570888702,0.010417002163759558,22.499999999999964,0.0,454.49249999999967,0.0,0.0,0.0,0.0,0.0,0.0,0.0,,
27.700000000000003,4.665618965883711,0.1660070352935173,8.611669476867739,0.005538174726320908,-0.005155173877047328,0.0023126030374820963,22.499999999999964,0.0,456.74249999999967,0.0,0.0,0.0,0.0,0.0,0.0,0.0,,
27.8,4.41148359245504,0.01755039708101523,8.5500257864298,-0.016244452297880664,-0.005712918902554063,0.002595591439272611,22.499999999999964,0.0,458.99249999999967,0.0,0.0,0.0,0.0,0.0,0.0,0.0,,
27.900000000000002,4.3108604729828315,-0.008817912522991961,8.804203671024059,0.011324633179607505,0.002126414308596811,0.010898426437784717,22.499999999999964,0.0,461.24249999999967,0.0,0.0,0.0,0.0,0.0,0.0,0.0,,
28.0,4.752833712315548,0.1161267795169775,8.667583933327437,0.0072463490873384585,-0.008578498665488573,-0.003291830158696659,22.499999999999964,0.0,463.49249999999967,0.0,0.0,0.0,0.0,0.0,0.0,0.0,458.4979261547521,1.5191113434453534
28.1,4.486169967782524,0.19541701762769945,8.608164149145479,-0.01949297994261131,0.0040525285031948926,0.005578188483921941,22.499999999999964,0.0,465.74249999999967,0.0,0.0,0.0,0.0,0.0,0.0,0.0,,
28.200000000000003,4.554768034020872,0.037936458028273445,8.902423274009445,-0.0030963449624388847,-0.0029625179059792057,-0.002643678235429366,22.499999999999964,0.0,467.99249999999967,0.0,0.0,0.0,0.0,0.0,0.0,0.0,,
28.3,4.722476739687349,0.06355635805076094,8.505801656434349,0.0009422269588765257,0.0011987691624783165,0.0010572893665756196,22.499999999999964,0.0,470.24249999999967,0.0,0.0,0.0,0.0,0.0,0.0,0.0,,
28.400000000000002,4.939566278581251,0.1462594077008675,8.88852888763569,-0.002008812509175302,-0.0021631005255605238,-0.011645575398335155,22.499999999999964,0.0,472.49249999999967,0.0,0.0,0.0,0.0,0.0,0.0,0.0,,
28.5,4.923284997769941,-0.16773033706374427,8.776435306602403,0.015032710048750363,0.007514337436872882,0.01970697133878016,22.499999999999964,0.0,474.74249999999967,0.0,0.0,0.0,0.0,0.0,0.0,0.0,,
28.6,4.765507879057935,-0.261261051573601,8.69643849307479,-0.014114149053301422,0.0026082383268839684,0.006619379282567872,22.499999999999964,0.0,476.99249999999967,0.0,0.0,0.0,0.0,0.0,0.0,0.0,,
28.700000000000003,4.5775763671622185,-0.2885296051813073,8.761680068121956,-0.008809068994830877,0.007830764476401636,0.0007413225756187575,22.499999999999964,0.0,479.24249999999967,0.0,0.0,0.0,0.0,0.0,0.0,0.0,,
28.8,4.61601296197419,0.0013585233372086208,8.755718759038988,-0.009969512594352062,-0.004286780933316653,-0.007709081483708154,22.499999999999964,0.0,481.49249999999967,0.0,0.0,0.0,0.0,0.0,0.0,0.0,,
28.900000000000002,4.6578653758205855,0.07775584696892363,8.454323792047054,-0.002804439265742443,-0.006668166893621881,-0.003765048487662793,22.499999999999964,0.0,483.74249999999967,0.0,0.0,0.0,0.0,0.0,0.0,0.0,,
29.0,4.764469332257332,-0.04410167780288824,8.488012502627464,0.0004139842128069593,0.012198502094815664,0.01618715425201703,22.499999999999964,0.0,485.99249999999967,0.0,0.0,0.0,0.0,0.0,0.0,0.0,487.56541691476855,-5.582582861488652
29.1,4.591226306002553,0.12321242867317571,8.42244754566444,0.0036309947686978075,0.014188364730166214,-0.00791813760303342,22.499999999999964,0.0,488.24249999999967,0.0,0.0,0.0,0.0,0.0,0.0,0.0,,
29.200000000000003,4.748226016528781,-0.04711266553541286,8.922936869193373,-0.0011009574119323923,0.00329658648461597,0.005652995747413303,22.499999999999964,0.0,490.49249999999967,0.0,0.0,0.0,0.0,0.0,0.0,0.0,,
29.3,4.7548823928722195,0.059344335100788084,8.76474713928222,0.019867929258871295,-0.022248452365268453,-0.004421229822828524,22.499999999999964,0.0,492.74249999999967,0.0,0.0,0.0,0.0,0.0,0.0,0.0,,
29.400000000000002,4.567321864100552,0.08174076409709287,8.612676423811298,0.019168214843020687,0.00018091730016410186,0.0009308343760969819,22.499999999999964,0.0,494.99249999999967,0.0,0.0,0.0,0.0,0.0,0.0,0.0,,
29.5,4.562271206607754,0.04875686176002097,8.623082804430307,-0.004355419977360835,0.010545340854639549,0.017533405347574284,22.499999999999964,0.0,497.24249999999967,0.0,0.0,0.0,0.0,0.0,0.0,0.0,,
29.6,4.84854887173103,0.05710789609843911,8.693499882986373,0.006227520818718008,-0.0031950026256599533,0.003090738411718228,22.499999999999964,0.0,499.49249999999967,0.0,0.0,0.0,0.0,0.0,0.0,0.0,,
29.700000000000003,4.6202130540557445,0.20393696237335143,8.361644908484047,-0.005693435557072041,-0.0072041481670157516,0.005679564266331782,22.499999999999964,0.0,501.74249999999967,0.0,0.0,0.0,0.0,0.0,0.0,0.0,,
29.8,4.366855104355147,-0.16766868296094636,8.644597895856796,0.006041661609552555,0.011441503500190985,0.013965706121868919,22.499999999999964,0.0,503.99249999999967,0.0,0.0,0.0,0.0,0.0,0.0,0.0,,
29.900000000000002,4.347776322753868,-0.14950608926729672,8.744573010059257,0.002927218325865683,-0.00999517835461179,0.0017728432463575195,22.499999999999964,0.0,506.24249999999967,0.0,0.0,0.0,0.0,0.0,0.0,0.0,,
30.0,2.253802526994559,-0.21050194424189803,10.06152269545725,-0.008864518247770124,0.002285710419676033,-0.010427321037360698,22.499999999999964,0.0,508.47849999999966,0.0,-2.8,0.0,-2.8,0.0,0.0,0.0,507.7602256992298,3.470016578906741
30.1,2.405796662960783,0.3333930001977905,9.982851125738426,0.0052867904754030385,-0.006311499725830002,-0.01059085074737583,22.219999999999963,0.0,510.6864999999996,0.0,-2.8,0.0,-2.8,0.0,0.0,0.0,,
30.200000000000003,2.2177510352019696,-0.005028651867020154,10.21174428605878,0.015774415797188253,0.009020704744549742,0.005998995672186881,21.939999999999962,0.0,512.8664999999996,0.0,-2.8,0.0,-2.8,0.0,0.0,0.0,,
30.3,2.2527640253793244,-0.13105318833531115,10.083306085325045,0.004932821937509594,0.005076169134532693,-0.004290711772925991,21.65999999999996,0.0,515.0184999999996,0.0,-2.8,0.0,-2.8,0.0,0.0,0.0,,
30.400000000000002,2.081214707199904,0.09962273654539128,9.764755456477534,0.008719401646529049,-0.01609361822100066,-0.00850792881873804,21.37999999999996,0.0,517.1424999999996,0.0,-2.8,0.0,-2.8,0.0,0.0,0.0,,
30.5,2.156192468574391,0.37694292685309155,9.776695685640268,0.0105206376608556,0.015586745461982925,-0.0050169033074176994,21.09999999999996,0.0,519.2384999999996,0.0,-2.8,0.0,-2.8,0.0,0.0,0.0,,
30.6,2.2089746868571667,0.18551861421812477,9.92127518645304,-0.007382855003890937,0.007535842497888898,0.006892053403525854,20.819999999999958,0.0,521.3064999999996,0.0,-2.8,0.0,-2.8,0.0,0.0,0.0,,
30.700000000000003,2.33565988253128,0.08123227212835296,9.86430982926257,-0.012372254265393148,0.020579022658533744,0.004120862765795306,20.539999999999957,0.0,523.3464999999995,0.0,-2.8,0.0,-2.8,0.0,0.0,0.0,,
30.8,2.0547891337576067,0.04061369090159254,9.68733989984508,0.02371112120206862,0.003291271046770672,0.022581690181847525,20.259999999999955,0.0,525.3584999999995,0.0,-2.8,0.0,-2.8,0.0,0.0,0.0,,
30.900000000000002,1.9809005820243422,0.03968411752969142,9.773061984736628,-0.0057034733986493944,-0.005706787294851572,-0.008701784735363451,19.979999999999954,0.0,527.3424999999995,0.0,-2.8,0.0,-2.8,0.0,0.0,0.0,,
31.0,2.1355606357761365,-0.1726909404712577,10.144173466807247,0.010374811987402975,-0.0038150057570116263,0.003910320269071339,19.699999999999953,0.0,529.2984999999995,0.0,-2.8,0.0,-2.8,0.0,0.0,0.0,533.359669475656,6.212401318021995
31.1,2.308653041444289,0.07781052867972943,9.984857169709464,-0.00027881775968861214,-0.005371659034502917,-0.002852183058243216,19.419999999999952,0.0,531.2264999999995,0.0,-2.8,0.0,-2.8,0.0,0.0,0.0,,
31.200000000000003,2.093014244642347,-0.16411671567837244,10.275589104551704,0.010027823468113388,-0.015887550810142682,0.0031457714609073057,19.13999999999995,0.0,533.1264999999995,0.0,-2.8,0.0,-2.8,0.0,0.0,0.0,,
31.3,2.266121893736156,-0.014353003928341478,10.023284170515701,0.015843306348333436,-0.011096286406193723,-0.009444171496268434,18.85999999999995,0.0,534.9984999999995,0.0,-2.8,0.0,-2.8,0.0,0.0,0.0,,
31.400000000000002,2.317461563933261,0.20712583675754825,10.209834847085284,-0.0032293008480140735,-0.02564048689078384,-0.007705547112303371,18.57999999999995,0.0,536.8424999999994,0.0,-2.8,0.0,-2.8,0.0,0.0,0.0,,
31.5,2.2848525468217273,-0.11356899707122388,9.968512757847964,-0.005110099691153593,-0.020616676366227087,0.010063520908274946,18.299999999999947,0.0,538.6584999999994,0.0,-2.8,0.0,-2.8,0.0,0.0,0.0,,
31.6,2.2497206911249936,-0.0021354608022234566,9.969076941016176,0.002313059685498135,0.0005248940358767079,-0.0008586938902862933,18.019999999999946,0.0,540.4464999999994,0.0,-2.8,0.0,-2.8,0.0,0.0,0.0,,
31.700000000000003,1.708691976947955,0.2626374523585604,9.932256181527835,0.007643879187209717,-0.006461967684453035,-0.017815558220828687,17.739999999999945,0.0,542.2064999999994,0.0,-2.8,0.0,-2.8,0.0,0.0,0.0,,
31.8,2.43244344311215,0.15258945536083104,10.018294133202714,-0.0018671344050539202,0.0020242381629998,-0.015544736162442035,17.459999999999944,0.0,543.9384999999994,0.0,-2.8,0.0,-2.8,0.0,0.0,0.0,,
31.900000000000002,2.480492223882451,-0.09409928387773432,10.372903373069596,-0.001964236384512378,-0.0008027546191458307,0.0054358580310080755,17.179999999999943,0.0,545.6424999999994,0.0,-2.8,0.0,-2.8,0.0,0.0,0.0,,
32.0,2.1877683114995854,-0.2694757746574968,9.849723011090841,-0.0005783978665685241,-0.00010770472015017622,0.021715954142340278,16.89999999999994,0.0,547.3184999999993,0.0,-2.8,0.0,-2.8,0.0,0.0,0.0,541.9840125911901,-3.6183747916505298
32.1,2.191618326149357,-0.26475440556228946,9.935341654647559,-0.006012782846342664,-0.004000358429795373,0.011098887268352594,16.61999999999994,0.0,548.9664999999993,0.0,-2.8,0.0,-2.8,0.0,0.0,0.0,,
32.2,2.103598500001467,-0.097846505817213,9.872134175320376,0.009550064112076461,0.0004493288130656825,0.01692758196730853,16.33999999999994,0.0,550.5864999999993,0.0,-2.8,0.0,-2.8,0.0,0.0,0.0,,
32.300000000000004,2.053801046441806,0.040335836062105945,9.998712996891685,0.004844687664859311,-0.0071102975444192916,0.013540323154152475,16.05999999999994,0.0,552.1784999999993,0.0,-2.8,0.0,-2.8,0.0,0.0,0.0,,
32.4,2.152723068184865,0.019723303588996467,10.00259154712254,0.006450937643981809,0.014394953918128344,-0.004949006961860083,15.779999999999939,0.0,553.7424999999993,0.0,-2.8,0.0,-2.8,0.0,0.0,0.0,,
32.5,2.2587381188438607,0.04418973575912746,10.23758056530847,0.008931935538316192,-0.009221748248594511,-0.0022044389774759825,15.49999999999994,0.0,555.2784999999992,0.0,-2.8,0.0,-2.8,0.0,0.0,0.0,,
32.6,2.4313560906668665,-0.14742175583781406,9.796443761684229,0.006284105268847368,0.005589891113285613,0.014945944116792911,15.21999999999994,0.0,556.7864999999993,0.0,-2.8,0.0,-2.8,0.0,0.0,0.0,,
32.7,2.018013853100988,0.12650920317473388,9.86616535976284,0.000412481473579575,0.0034960089565286255,-0.009671160090516887,14.93999999999994,0.0,558.2664999999993,0.0,-2.8,0.0,-2.8,0.0,0.0,0.0,,
32.800000000000004,2.3518043763628276,-0.12919179085512814,9.74015849913969,-0.01147458797122649,0.0022297004391150337,0.011575622314464257,14.659999999999942,0.0,559.7184999999993,0.0,-2.8,0.0,-2.8,0.0,0.0,0.0,,
32.9,1.9128584061828964,-0.24041619713688023,9.893505706429936,-0.003083313652070401,-0.0014614615784234095,-0.0028667001323085927,14.379999999999942,0.0,561.1424999999992,0.0,-2.8,0.0,-2.8,0.0,0.0,0.0,,
33.0,2.4818128134257798,0.1183996998171038,9.975399031574131,-0.008638349821419297,0.0053477014651084585,0.007216987473657977,14.099999999999943,0.0,562.5384999999992,0.0,-2.8,0.0,-2.8,0.0,0.0,0.0,567.2923752691726,5.626517597809156
33.1,2.0658719880675567,-0.04063988638191172,9.838200496844356,0.004053338996141965,-0.007939052878234128,0.01758567532209785,13.819999999999943,0.0,563.9064999999991,0.0,-2.8,0.0,-2.8,0.0,0.0,0.0,,
33.2,2.112663674373745,0.03977229544209466,10.053142842370933,-0.00681809257387807,-0.0022021540363525967,-0.0157366172193056,13.539999999999944,0.0,565.2464999999992,0.0,-2.8,0.0,-2.8,0.0,0.0,0.0,,
33.300000000000004,2.1190967869292514,0.10774406943123839,9.945019057279797,-0.0036988007716227595,0.0003580676747981345,0.0014846472882720507,13.259999999999945,0.0,566.5584999999992,0.0,-2.8,0.0,-2.8,0.0,0.0,0.0,,
33.4,2.115578735792455,0.0756382481748952,9.879877769275353,0.013674506127342235,-0.001491492626293477,-0.024878347236481912,12.979999999999945,0.0,567.8424999999992,0.0,-2.8,0.0,-2.8,0.0,0.0,0.0,,
33.5,2.1857705888194574,0.006976340723929088,10.113614482990627,-0.007959343322379263,0.009451510151300243,0.006028045830342014,12.699999999999946,0.0,569.0984999999991,0.0,-2.8,0.0,-2.8,0.0,0.0,0.0,,
33.6,2.161314417353286,0.06340369358875093,9.802488791150216,0.009687705226592753,0.0063858228164914415,0.003287075914041224,12.419999999999947,0.0,570.3264999999991,0.0,-2.8,0.0,-2.8,0.0,0.0,0.0,,
33.7,2.1392264261527343,0.20570203858512173,10.160062955707152,0.006154447756151442,0.004225095953623677,0.0014024623168548246,12.139999999999947,0.0,571.526499999999,0.0,-2.8,0.0,-2.8,0.0,0.0,0.0,,
33.800000000000004,2.2758160641316314,-0.07088288885140306,9.835539672601056,-0.009441177064658555,-0.0016912256255029348,0.010355321827633596,11.859999999999948,0.0,572.6984999999991,0.0,-2.8,0.0,-2.8,0.0,0.0,0.0,,
33.9,2.0496354347651358,-0.0730211211774667,10.011545741224385,0.0052828074484794684,0.017247211443440835,0.005019872353440858,11.579999999999949,0.0,573.8424999999991,0.0,-2.8,0.0,-2.8,0.0,0.0,0.0,,
34.0,2.0655617239258692,-0.144225426245969,9.778490015970426,0.015493584403308605,0.019678185407394803,0.013722685239900959,11.29999999999995,0.0,574.958499999999,0.0,-2.8,0.0,-2.8,0.0,0.0,0.0,574.9751881683497,2.3975289014535606
34.1,2.0641173287120194,-0.30170266237168536,9.729677820244959,-0.001911884334077682,-0.003763303177632688,0.0031303071043620903,11.01999999999995,0.0,576.046499999999,0.0,-2.8,0.0,-2.8,0.0,0.0,0.0,,
34.2,2.026214044660902,-0.041438858632469315,10.200006128095676,0.00953967782185944,0.0025181779465716075,0.01911445094011073,10.73999999999995,0.0,577.106499999999,0.0,-2.8,0.0,-2.8,0.0,0.0,0.0,,
34.300000000000004,2.2905505462529545,0.04226922130607215,9.71668381714991,0.0007355433837247956,0.002999877064375346,0.004427515513472611,10.459999999999951,0.0,578.138499999999,0.0,-2.8,0.0,-2.8,0.0,0.0,0.0,,
34.4,2.0955480078772566,0.10567369407960688,10.14793695482715,0.0053433943943796795,0.011177164049382769,-0.015260547227746269,10.179999999999952,0.0,579.142499999999,0.0,-2.8,0.0,-2.8,0.0,0.0,0.0,,
34.5,1.8232969871236995,0.21491270027078316,9.929851125128947,0.0016651759776543363,-0.008379901592151177,-0.0036621578408428,9.899999999999952,0.0,580.118499999999,0.0,-2.8,0.0,-2.8,0.0,0.0,0.0,,
34.6,2.3107235477661945,-0.07600108041846648,9.947387103116302,0.02013779668593786,0.003945387523743174,-0.00995314734949973,9.619999999999953,0.0,581.066499999999,0.0,-2.8,0.0,-2.8,0.0,0.0,0.0,,
34.7,1.9919357849362596,0.023401284998756787,10.188504970039492,-0.008749598668221604,0.004859976543575054,0.004166040263699498,9.339999999999954,0.0,581.986499999999,0.0,-2.8,0.0,-2.8,0.0,0.0,0.0,,
34.800000000000004,2.3704659398771963,0.13454469947859515,9.835071535554505,0.0042883302338728784,-0.000360226233846608,0.0043949921503147246,9.059999999999954,0.0,582.8784999999989,0.0,-2.8,0.0,-2.8,0.0,0.0,0.0,,
34.9,2.1367633572610445,-0.07833149317434392,10.00798886286324,-0.004248996259733417,-0.007762516850042528,0.005182523822244227,8.779999999999955,0.0,583.7424999999989,0.0,-2.8,0.0,-2.8,0.0,0.0,0.0,,
35.0,2.3209502416818077,-0.1675886366891433,9.875677070960691,0.010073595804940216,0.0021397792052200012,-0.0015925945218308495,8.499999999999956,0.0,584.5784999999989,0.0,-2.8,0.0,-2.8,0.0,0.0,0.0,582.4576334070094,0.7688903871314661
35.1,2.312886595329946,0.17573416631389555,9.774326459144968,0.013982722896888924,-0.018106415400603565,-0.003715010203101614,8.219999999999956,0.0,585.3864999999989,0.0,-2.8,0.0,-2.8,0.0,0.0,0.0,,
35.2,2.161400813801149,0.19596442022010768,10.141172348017605,0.007592131989656189,0.016580939360976356,0.007133833614580549,7.939999999999956,0.0,586.1664999999989,0.0,-2.8,0.0,-2.8,0.0,0.0,0.0,,
35.300000000000004,2.1181145333079727,0.17212020759508426,10.01178609628461,-0.012244831248930244,-0.0012112441609747292,-0.01393169311571258,7.659999999999956,0.0,586.9184999999989,0.0,-2.8,0.0,-2.8,0.0,0.0,0.0,,
35.4,2.0292591671881817,0.26372059383613566,9.89458201535506,0.0031626543857683205,-0.0028179175765935213,-0.00492383242397548,7.3799999999999555,0.0,587.6424999999988,0.0,-2.8,0.0,-2.8,0.0,0.0,0.0,,
35.5,2.1554175901773953,-0.22745561329373035,9.88155146450557,0.007543163962610973,-0.0001556240718753768,0.012238725909767996,7.099999999999955,0.0,588.3384999999988,0.0,-2.8,0.0,-2.8,0.0,0.0,0.0,,
35.6,2.065871765304379,-0.25710307283309114,10.021490075135224,-0.01826552084886452,0.006456614607213878,0.01295583932003604,6.819999999999955,0.0,589.0064999999988,0.0,-2.8,0.0,-2.8,0.0,0.0,0.0,,
35.7,2.0658709759199754,0.1489784302610596,9.911256016205797,-0.013456062339094568,0.003958318141695915,0.004856138808472836,6.539999999999955,0.0,589.6464999999988,0.0,-2.8,0.0,-2.8,0.0,0.0,0.0,,
35.800000000000004,2.342824044647882,0.018210284523396084,9.927885189528238,-0.00026650431885665477,0.010294063751884274,0.010117836102963566,6.2599999999999545,0.0,590.2584999999988,0.0,-2.8,0.0,-2.8,0.0,0.0,0.0,,
35.9,2.143180123751451,-0.11718513603054094,9.881573912960958,-0.00441547925117661,0.008157377365932786,-0.01764241504628946,5.979999999999954,0.0,590.8424999999987,0.0,-2.8,0.0,-2.8,0.0,0.0,0.0,,
36.0,2.296826793044625,0.13213140825434386,9.936437148266132,-0.0077069114279163225,-0.001494700346704066,0.011643220130395211,5.699999999999954,0.0,591.3984999999988,0.0,-2.8,0.0,-2.8,0.0,0.0,0.0,590.1763345745611,-5.022321565548271
36.1,2.1599010528727147,-0.19538112525550913,9.881662412144903,-0.0078019678945099955,0.0036407088626864716,0.015581957403783982,5.419999999999954,0.0,591.9264999999988,0.0,-2.8,0.0,-2.8,0.0,0.0,0.0,,
36.2,2.0932693970393497,-0.1890656478715196,10.135326686541314,-0.015518744586921592,-0.009151175095601507,0.0031734484015004966,5.1399999999999535,0.0,592.4264999999988,0.0,-2.8,0.0,-2.8,0.0,0.0,0.0,,
36.300000000000004,2.14278616998236,-0.00863249248653583,10.072823616008797,0.008483783634775198,0.0159448141611978,-0.002950955458619284,4.859999999999953,0.0,592.8984999999988,0.0,-2.8,0.0,-2.8,0.0,0.0,0.0,,
36.4,2.0350959850656545,0.11235477545634023,9.616456747628334,0.002276252753397686,-0.007398447875484048,0.020523611679841323,4.579999999999953,0.0,593.3424999999987,0.0,-2.8,0.0,-2.8,0.0,0.0,0.0,,
36.5,2.086701740585439,-0.29175576213857285,10.141327855798124,-0.0008529261698491737,-0.013365949410662818,0.001277290872179997,4.299999999999953,0.0,593.7584999999987,0.0,-2.8,0.0,-2.8,0.0,0.0,0.0,,
36.6,2.28435163522844,-0.08623436903407154,9.957043624237036,0.009157161541033378,0.00592609864619186,-0.00044375121811998305,4.0199999999999525,0.0,594.1464999999987,0.0,-2.8,0.0,-2.8,0.0,0.0,0.0,,
36.7,2.0454070924680554,0.07184675612078237,10.072220462674217,-0.014090531750369489,-0.0031155523441241287,-0.008495687032156581,3.7399999999999527,0.0,594.5064999999987,0.0,-2.8,0.0,-2.8,0.0,0.0,0.0,,
36.800000000000004,2.081620659717785,0.06787923562284605,9.82793375795909,0.011952124216006775,0.014723400023816953,0.009396523437114397,3.459999999999953,0.0,594.8384999999987,0.0,-2.8,0.0,-2.8,0.0,0.0,0.0,,
36.9,2.1240065219726465,0.04292297723657057,10.070998259647183,-0.0038522100311744706,-0.00863479499518757,0.01203422275225501,3.179999999999953,0.0,595.1424999999987,0.0,-2.8,0.0,-2.8,0.0,0.0,0.0,,
37.0,2.0743764740360295,-0.006186390959111493,10.024042373384058,0.0030106890579383247,0.00938387404249203,-0.01701622016976467,2.8999999999999533,0.0,595.4184999999986,0.0,-2.8,0.0,-2.8,0.0,0.0,0.0,590.0765832760918,1.3807087432010325
37.1,2.2889482885803005,0.22053519867421398,9.931713006160631,0.00416144956075755,0.016304795219599547,0.009570235629583403,2.6199999999999535,0.0,595.6664999999986,0.0,-2.8,0.0,-2.8,0.0,0.0,0.0,,
37.2,2.46302394713122,-0.10905868420764848,10.08405016883093,-0.00596548381939964,0.010004444092459288,-6.675076554351136e-05,2.3399999999999537,0.0,595.8864999999986,0.0,-2.8,0.0,-2.8,0.0,0.0,0.0,,
37.300000000000004,2.414674626171822,0.28987230420003,9.940900033814579,-0.0021290747981597574,0.019856578316508534,0.004100290470599062,2.059999999999954,0.0,596.0784999999986,0.0,-2.8,0.0,-2.8,0.0,0.0,0.0,,
37.4,2.0162109984229195,-0.21770624926827936,9.892881311565375,-0.004597961538217397,-0.012304937239955436,-0.0018752018114996287,1.7799999999999538,0.0,596.2424999999986,0.0,-2.8,0.0,-2.8,0.0,0.0,0.0,,
37.5,1.8986988214415685,-0.10710392581800299,9.68423384997563,0.0001757703888206635,0.010776820043268718,-0.0059058152192378805,1.4999999999999538,0.0,596.3784999999986,0.0,-2.8,0.0,-2.8,0.0,0.0,0.0,,
37.6,2.2244142857344116,0.1775992777118351,9.933274158425785,0.0038784106290279414,0.001599536378874724,0.000536143290772147,1.2199999999999538,0.0,596.4864999999985,0.0,-2.8,0.0,-2.8,0.0,0.0,0.0,,
37.7,2.3929787313002793,-0.04030725900464409,10.052764963485691,-0.003901324746868095,0.0088359203132303,0.0013057467384262299,0.9399999999999538,0.0,596.5664999999985,0.0,-2.8,0.0,-2.8,0.0,0.0,0.0,,
37.800000000000004,2.030830720956246,0.045974884688516175,10.07942213994008,-0.008329856018826408,0.0016049962648954572,0.02054377884637026,0.6599999999999537,0.0,596.6184999999986,0.0,-2.8,0.0,-2.8,0.0,0.0,0.0,,
37.9,2.227334191186478,0.16862663935986322,9.982045437248463,-0.012955493105371467,-0.017063277828511244,0.012384035974417871,0.37999999999995376,0.0,596.6424999999986,0.0,-2.8,0.0,-2.8,0.0,0.0,0.0,,
38.0,4.660982126147006,0.03800080056953123,8.82604965476415,-0.004942849014022056,-0.003566198302592707,0.0021515354377197693,0.09999999999995379,0.0,596.6524999999986,0.0,0.0,0.0,0.0,0.0,0.0,0.0,592.1489427104958,5.10501698738026
38.1,4.706733720865437,0.08246045583657302,8.675082867627472,-0.0012079113244758155,0.0059080689914753496,0.006017586179455459,0.09999999999995379,0.0,596.6624999999985,0.0,0.0,0.0,0.0,0.0,0.0,0.0,,
38.2,4.825178904377098,-0.34103106772745867,8.548980872982638,0.012426003852912648,-0.0045716040511543645,0.017152186643734163,0.09999999999995379,0.0,596.6724999999985,0.0,0.0,0.0,0.0,0.0,0.0,0.0,,
38.300000000000004,4.655017700385777,0.03223412258785256,8.420397480443551,-0.010059088036483988,-0.01661130791430544,-0.004020505195966007,0.09999999999995379,0.0,596.6824999999985,0.0,0.0,0.0,0.0,0.0,0.0,0.0,,
38.400000000000006,4.881268990016365,0.0390560611564293,8.561432796303476,-0.008595095801589285,-0.014805801503473109,0.004707357133499532,0.09999999999995379,0.0,596.6924999999985,0.0,0.0,0.0,0.0,0.0,0.0,0.0,,
38.5,4.858149489965725,0.1552340344917919,8.420447202077284,-0.000685798580845105,0.011073178171598051,-0.00042162802143671206,0.09999999999995379,0.0,596.7024999999985,0.0,0.0,0.0,0.0,0.0,0.0,0.0,,
38.6,4.316806929663987,-0.12010722584635507,8.77342265221076,-0.0035253389326726776,0.014902532299077549,-0.01255709492907697,0.09999999999995379,0.0,596.7124999999985,0.0,0.0,0.0,0.0,0.0,0.0,0.0,,
38.7,4.771832154919079,0.06289542949489361,8.767894565652059,0.012165427486768124,-0.004279468801289413,-0.006288705861343345,0.09999999999995379,0.0,596.7224999999985,0.0,0.0,0.0,0.0,0.0,0.0,0.0,,
38.800000000000004,4.617383099127494,0.19198281223516342,8.772288886182238,0.009978197186595872,-0.0037369251036038025,0.0024205241807494834,0.09999999999995379,0.0,596.7324999999985,0.0,0.0,0.0,0.0,0.0,0.0,0.0,,
38.900000000000006,4.509360851839855,0.0020297564304466963,8.654904440146685,0.01424253694602873,0.014336322676542244,0.010801862143926158,0.09999999999995379,0.0,596.7424999999985,0.0,0.0,0.0,0.0,0.0,0.0,0.0,,
39.0,4.775607123793084,-0.13184974088953316,8.631950895398885,0.004407355523321585,0.004994113625809614,0.014991005092324986,0.09999999999995379,0.0,596.7524999999985,0.0,0.0,0.0,0.0,0.0,0.0,0.0,591.545896097467,-5.209685474816742
39.1,4.733122813212363,-0.0627146794163557,8.783011711320526,0.0015550203788600259,-0.017090830164367507,0.010236164756921651,0.09999999999995379,0.0,596.7624999999985,0.0,0.0,0.0,0.0,0.0,0.0,0.0,,
39.2,4.763483791956372,-0.07502615826936243,8.638957238256538,0.015833373035672015,-0.003895497225925219,0.01780263206925492,0.09999999999995379,0.0,596.7724999999984,0.0,0.0,0.0,0.0,0.0,0.0,0.0,,
39.300000000000004,4.67746401381408,0.007122283881912031,8.48107954648628,0.009949830138360802,-0.0027031993999618365,-0.002813661259584998,0.09999999999995379,0.0,596.7824999999984,0.0,0.0,0.0,0.0,0.0,0.0,0.0,,
39.400000000000006,4.53027211542002,0.277408720224004,8.577410141692399,-0.002241771647641045,-0.012427289913236618,0.007904923245234098,0.09999999999995379,0.0,596.7924999999984,0.0,0.0,0.0,0.0,0.0,0.0,0.0,,
39.5,4.727154280782846,-0.06631919948993387,8.348173959100007,-2.603778373678271e-05,-0.01458261191861851,0.00706776904784815,0.09999999999995379,0.0,596.8024999999984,0.0,0.0,0.0,0.0,0.0,0.0,0.0,,
39.6,4.9565546847713104,-0.11616669063364883,8.655375386977733,0.00900015905658104,-0.0013321306701779567,-0.008559385569532268,0.09999999999995379,0.0,596.8124999999984,0.0,0.0,0.0,0.0,0.0,0.0,0.0,,
39.7,4.515514230313321,-0.05400300805739807,8.625402823597183,0.010988905962133626,0.003795225529837622,0.004124893670510167,0.09999999999995379,0.0,596.8224999999984,0.0,0.0,0.0,0.0,0.0,0.0,0.0,,
39.800000000000004,4.574435738795271,0.07945500777963052,8.898191536023463,0.010971538819070105,0.007833177326938983,0.010576661530017187,0.09999999999995379,0.0,596.8324999999984,0.0,0.0,0.0,0.0,0.0,0.0,0.0,,
39.900000000000006,4.593148003797761,0.19541727583808607,8.545226915386273,0.017784392652687744,0.002254991408516785,-0.017531070956753176,0.09999999999995379,0.0,596.8424999999984,0.0,0.0,0.0,0.0,0.0,0.0,0.0,,
40.0,4.70742742097383,-0.07988552212365006,8.63528578619366,0.005592022850756158,-0.00043900474367829917,0.006864651502892999,0.09999999999995379,0.0,596.8524999999984,0.0,0.0,0.0,0.0,0.0,0.0,0.0,601.0765065602,-2.676070906182531
40.1,4.636308116471182,0.20368291575688555,8.745536858848372,0.012768001333272525,0.007223965058085882,0.004395852650773209,0.09999999999995379,0.0,596.8624999999984,0.0,0.0,0.0,0.0,0.0,0.0,0.0,,
40.2,4.7179294078187315,-0.033405400060982776,8.77503979662511,0.0009890068035295926,0.0015657145460654125,0.014737463473121232,0.09999999999995379,0.0,596.8724999999984,0.0,0.0,0.0,0.0,0.0,0.0,0.0,,
40.300000000000004,4.7823475985914135,0.039689397240517794,8.559775361398115,0.013831253467894489,-0.014785564187088492,-0.005670709842143694,0.09999999999995379,0.0,596.8824999999983,0.0,0.0,0.0,0.0,0.0,0.0,0.0,,
40.400000000000006,4.683954039886012,-0.1986110426958854,8.802507709896023,-0.0020206063185720046,-0.012695543876794193,0.021926818886237695,0.09999999999995379,0.0,596.8924999999983,0.0,0.0,0.0,0.0,0.0,0.0,0.0,,
40.5,4.351577171775823,0.18914570182612228,8.507055269194302,0.010762565830231153,0.011876037856394768,0.006173755743321826,0.09999999999995379,0.0,596.9024999999983,0.0,0.0,0.0,0.0,0.0,0.0,0.0,,
40.6,4.547961549346303,-0.056847745774342366,8.745287126539749,0.00838931837752398,-0.01984382749904463,0.021873003068820646,0.09999999999995379,0.0,596.9124999999983,0.0,0.0,0.0,0.0,0.0,0.0,0.0,,
40.7,4.570348346644159,0.1432457108030173,8.808350706895611,-0.025476873528694252,0.004765982114338413,0.0034245665726647724,0.09999999999995379,0.0,596.9224999999983,0.0,0.0,0.0,0.0,0.0,0.0,0.0,,
40.800000000000004,4.793259231368433,-0.13743686673453182,8.8375855862662,-0.00042975460079168313,0.007331999800481694,0.004959247394595576,0.09999999999995379,0.0,596.9324999999983,0.0,0.0,0.0,0.0,0.0,0.0,0.0,,
40.900000000000006,4.561210321544265,0.33430958703083546,8.57786061606205,0.01225000415024051,-0.005643219761976581,-0.0035171369547034237,0.09999999999995379,0.0,596.9424999999983,0.0,0.0,0.0,0.0,0.0,0.0,0.0,,
41.0,4.31051009927433,0.16609633776274238,8.60830779689616,-0.006481316104269237,-0.007260464274105059,0.0006149384352758776,0.09999999999995379,0.0,596.9524999999983,0.0,0.0,0.0,0.0,0.0,0.0,0.0,600.8430851753685,-4.766975327052238
41.1,4.480656165652456,-0.1429202950705201,8.894359772928414,-0.011794102660429878,0.01308419688902685,0.010230918105980518,0.09999999999995379,0.0,596.9624999999983,0.0,0.0,0.0,0.0,0.0,0.0,0.0,,
41.2,4.617120851641547,-0.04463272156359443,8.669956854100718,0.0026328028720453336,-0.005297334474585558,0.01975641014158519,0.09999999999995379,0.0,596.9724999999983,0.0,0.0,0.0,0.0,0.0,0.0,0.0,,
41.300000000000004,4.717933038806063,-0.16752296121890853,8.679961172374627,-0.0007389832029474666,-0.012322415154227204,-0.00751474358098373,0.09999999999995379,0.0,596.9824999999983,0.0,0.0,0.0,0.0,0.0,0.0,0.0,,
41.400000000000006,4.53298527444909,0.006956080109217526,8.656249242932995,0.009399361097184864,0.014714969261029632,-0.0037265763459623054,0.09999999999995379,0.0,596.9924999999982,0.0,0.0,0.0,0.0,0.0,0.0,0.0,,
41.5,5.1361946115293176,0.2011942315806909,9.078118272824714,0.006932330925645033,0.01565981639430015,0.009572832061252918,0.09999999999995379,0.0,597.0024999999982,0.0,0.0,0.0,0.0,0.0,0.0,0.0,,
41.6,4.603694563762303,0.1601787488448893,8.679101990940241,0.011563468802468058,-0.01128541779828582,0.010150292307895582,0.09999999999995379,0.0,597.0124999999982,0.0,0.0,0.0,0.0,0.0,0.0,0.0,,
41.7,4.876572256332598,-0.29697958152076387,8.437820749811983,0.0062590889999193135,0.0007577994397088978,-0.010622638336205168,0.09999999999995379,0.0,597.0224999999982,0.0,0.0,0.0,0.0,0.0,0.0,0.0,,
41.800000000000004,4.387090803832348,0.14259663980756482,8.516570824673757,0.01078461696751306,0.004500358995768403,-0.0037764310868848823,0.09999999999995379,0.0,597.0324999999982,0.0,0.0,0.0,0.0,0.0,0.0,0.0,,
41.900000000000006,4.695409394072905,0.06096203312445755,8.601405652754147,0.008005537945926754,0.0013153389913070415,-0.008510747415491876,0.09999999999995379,0.0,597.0424999999982,0.0,0.0,0.0,0.0,0.0,0.0,0.0,,
42.0,4.7856406225985735,-0.021596492308933922,8.794573769402977,-0.017195051462881927,0.01107598189813292,0.02238025887098626,0.09999999999995379,0.0,597.0524999999982,0.0,0.0,0.0,0.0,0.0,0.0,0.0,597.5159381472845,1.7444671902587419
42.1,4.547706202673243,0.08165474474674318,8.741183626918101,-0.009435535223160915,-0.007141955439936429,0.002120589509439572,0.09999999999995379,0.0,597.0624999999982,0.0,0.0,0.0,0.0,0.0,0.0,0.0,,
42.2,4.411086672427498,0.03273534965380883,8.593323802656954,0.006441159300686743,0.0077230985740943635,0.03178487561105655,0.09999999999995379,0.0,597.0724999999982,0.0,0.0,0.0,0.0,0.0,0.0,0.0,,
42.300000000000004,4.528430448324864,0.38096766725561076,8.77589115781915,0.005081692878719381,0.008674525367553665,-0.01112461932915454,0.09999999999995379,0.0,597.0824999999982,0.0,0.0,0.0,0.0,0.0,0.0,0.0,,
42.400000000000006,4.814340509954334,0.29014273326282886,8.747661313166859,-0.025879284667898666,-0.008376312757775123,-0.019933448920767878,0.09999999999995379,0.0,597.0924999999982,0.0,0.0,0.0,0.0,0.0,0.0,0.0,,
42.5,4.563101284966716,0.23091589250581426,8.495702666837753,0.007543737249484031,0.014556310059608555,0.007079573773439075,0.09999999999995379,0.0,597.1024999999981,0.0,0.0,0.0,0.0,0.0,0.0,0.0,,
42.6,4.463309244613091,0.0639628104638437,8.746254613708425,-0.009898119174301416,-0.009033709419135706,0.014820398603376212,0.09999999999995379,0.0,597.1124999999981,0.0,0.0,0.0,0.0,0.0,0.0,0.0,,
42.7,4.541802830686406,-0.05498481647002306,8.532803342680234,0.01313599616876598,0.011616107790088424,-0.010069194714911234,0.09999999999995379,0.0,597.1224999999981,0.0,0.0,0.0,0.0,0.0,0.0,0.0,,
42.800000000000004,4.715761305634859,0.007155787959457812,8.578482574324994,-0.00582642217187198,-0.006976300659296413,0.018903541487549358,0.09999999999995379,0.0,597.1324999999981,0.0,0.0,0.0,0.0,0.0,0.0,0.0,,
42.900000000000006,4.631642756244062,0.1704874919498631,8.62764860921778,0.0073402669166353655,-0.01346148229370085,0.02078809912371472,0.09999999999995379,0.0,597.1424999999981,0.0,0.0,0.0,0.0,0.0,0.0,0.0,,
43.0,4.624204378591216,-0.04007788860175042,8.87425498266838,-0.006901490765264694,-0.005907450607481031,0.00629064432593188,0.09999999999995379,0.0,597.1524999999981,0.0,0.0,0.0,0.0,0.0,0.0,0.0,594.2640174562681,-6.063104501916919
43.1,4.728629447412564,0.19194220308903723,8.689790550121005,-0.005452608086637226,-0.012729878148268212,0.019782758009755,0.09999999999995379,0.0,597.1624999999981,0.0,0.0,0.0,0.0,0.0,0.0,0.0,,
43.2,4.412621296482716,-0.05071822684912232,8.66779712465414,0.0070127736048989035,-0.005917483213441098,0.022206334976895486,0.09999999999995379,0.0,597.1724999999981,0.0,0.0,0.0,0.0,0.0,0.0,0.0,,
43.300000000000004,4.830745998090833,-0.3481037981722792,8.744656964804946,0.002637090349154857,-0.007922537070761859,-0.010048225751410938,0.09999999999995379,0.0,597.1824999999981,0.0,0.0,0.0,0.0,0.0,0.0,0.0,,
43.400000000000006,4.818885395850562,-0.14195844548361672,8.417425153583077,-0.006446479327027109,-0.007642191243913686,0.010125416004019337,0.09999999999995379,0.0,597.1924999999981,0.0,0.0,0.0,0.0,0.0,0.0,0.0,,
43.5,5.115719630349793,0.006143549576928415,8.535320310927977,-0.00799410194854468,-0.011498653987514021,0.010936953463694034,0.09999999999995379,0.0,597.202499999998,0.0,0.0,0.0,0.0,0.0,0.0,0.0,,
43.6,4.665763594771867,0.15884600501822566,8.53145556752428,-0.010502335410729504,-0.009108354202547901,0.012386104452847685,0.09999999999995379,0.0,597.212499999998,0.0,0.0,0.0,0.0,0.0,0.0,0.0,,
43.7,4.851723463101085,-0.23819324285889332,8.623729953606814,-0.010038424345228168,-0.0029101411926777125,0.014515351521870199,0.09999999999995379,0.0,597.222499999998,0.0,0.0,0.0,0.0,0.0,0.0,0.0,,
43.800000000000004,4.650927465936502,0.23194182245876585,8.621111477826059,0.01780791686613344,-0.006805850499766966,0.011286236190206477,0.09999999999995379,0.0,597.232499999998,0.0,0.0,0.0,0.0,0.0,0.0,0.0,,
43.900000000000006,4.628239672359495,-0.0388666178073056,8.277567121388905,-0.00396341334033995,-0.0022726062500699326,-0.012208690522227183,0.09999999999995379,0.0,597.242499999998,0.0,0.0,0.0,0.0,0.0,0.0,0.0,,
44.0,4.56871687144801,0.34692285883116497,8.618121924149149,0.012098766566786299,0.00091446283528489,-0.005757272104659005,0.09999999999995379,0.0,597.252499999998,0.0,0.0,0.0,0.0,0.0,0.0,0.0,600.9402350418421,0.33540194569139553
44.1,4.760598950154702,-0.0382130784244703,8.67861612660375,-0.0032301739489681252,0.025664614164957356,0.01180871638881695,0.09999999999995379,0.0,597.262499999998,0.0,0.0,0.0,0.0,0.0,0.0,0.0,,
44.2,4.604654116204753,-0.11314264428402705,8.706184048690442,-0.005880384563653909,0.010477022018195854,-0.0035956977941838325,0.09999999999995379,0.0,597.272499999998,0.0,0.0,0.0,0.0,0.0,0.0,0.0,,
44.300000000000004,4.529538510127045,0.15877462814492962,8.7440578336985,0.008322029936063347,0.009158812779428411,0.005816993052106407,0.09999999999995379,0.0,597.282499999998,0.0,0.0,0.0,0.0,0.0,0.0,0.0,,
44.400000000000006,4.527380787925239,-0.1030158042762844,8.826430221188991,-0.00268792408228751,0.02020837830712188,-0.009498665985891441,0.09999999999995379,0.0,597.292499999998,0.0,0.0,0.0,0.0,0.0,0.0,0.0,,
44.5,4.807704665843828,-0.04603545612147581,8.615243882516797,0.0157042862093541,-0.016533498681342542,0.004865125849257404,0.09999999999995379,0.0,597.302499999998,0.0,0.0,0.0,0.0,0.0,0.0,0.0,,
44.6,4.599663933877958,0.21695911992218195,8.76395073741043,-0.0017658346926671853,0.012588546222289618,-0.008693436071185934,0.09999999999995379,0.0,597.312499999998,0.0,0.0,0.0,0.0,0.0,0.0,0.0,,
44.7,4.71849166758928,-0.12635322094744905,8.483470942919936,-0.0030921089977017664,-0.017353597132300575,-0.0015703831909558872,0.09999999999995379,0.0,597.322499999998,0.0,0.0,0.0,0.0,0.0,0.0,0.0,,
44.800000000000004,4.786411894109821,0.26043117354452894,8.232628445504927,-0.00019067673957397671,0.001900244398572244,0.019538020698653555,0.09999999999995379,0.0,597.3324999999979,0.0,0.0,0.0,0.0,0.0,0.0,0.0,,
44.900000000000006,4.405103708638729,0.10550542782534625,8.605242896653357,-0.012473899696608642,-0.0017533832441407958,0.021559406552189343,0.09999999999995379,0.0,597.3424999999979,0.0,0.0,0.0,0.0,0.0,0.0,0.0,,
45.0,6.269571986733875,0.1117575426876944,7.503362246820098,-0.0148240357000611,-0.012170608104900994,-0.0027105464200568707,0.09999999999995379,0.0,597.3624999999979,0.0,2.0,0.0,2.0,0.0,0.0,0.0,601.6945581402094,4.347683794824999
45.1,6.54697368380239,-0.05568917072977494,7.951149737464009,0.005489191409109221,-0.0035803533455853707,0.015344967381970713,0.2999999999999538,0.0,597.4024999999979,0.0,2.0,0.0,2.0,0.0,0.0,0.0,,
45.2,6.380699815380093,0.15601262642509772,7.634499812693215,0.002733847370968924,-0.012622840706050456,0.004456568069851257,0.4999999999999538,0.0,597.4624999999978,0.0,2.0,0.0,2.0,0.0,0.0,0.0,,
45.300000000000004,6.2644174594786515,-0.07980440072703346,7.711873921256529,-0.009746182830031754,-0.011149528612485225,0.013696097365991606,0.6999999999999538,0.0,597.5424999999979,0.0,2.0,0.0,2.0,0.0,0.0,0.0,,
45.400000000000006,6.18108559402853,0.17603461580485255,7.69840648517618,0.007977992113048879,0.0020029575486231656,0.006068040770352176,0.8999999999999537,0.0,597.6424999999979,0.0,2.0,0.0,2.0,0.0,0.0,0.0,,
45.5,6.0611449165628315,-0.21297485594476023,7.531498443465781,0.009841327871998932,0.004131178811221631,0.02285986491681876,1.0999999999999537,0.0,597.7624999999979,0.0,2.0,0.0,2.0,0.0,0.0,0.0,,
45.6,6.243930939292497,0.038313802656550565,7.673106862881293,-0.00767447401962265,0.004107733841393337,0.007797670045183554,1.2999999999999536,0.0,597.9024999999979,0.0,2.0,0.0,2.0,0.0,0.0,0.0,,
45.7,6.470460871067765,-0.09803592560085153,7.847347905422644,-0.009296245890564596,0.005046116081088181,0.0014769998124234676,1.4999999999999536,0.0,598.0624999999978,0.0,2.0,0.0,2.0,0.0,0.0,0.0,,
45.800000000000004,6.306229118883337,-0.11268665411083813,7.7722214322509515,-0.0004747558955134226,0.003570287664570424,0.002906655460960185,1.6999999999999535,0.0,598.2424999999978,0.0,2.0,0.0,2.0,0.0,0.0,0.0,,
45.900000000000006,6.259050508401221,0.14766963350221085,7.929876009352557,0.00028299403570713306,-0.01557521300412599,0.009833432459849478,1.8999999999999535,0.0,598.4424999999977,0.0,2.0,0.0,2.0,0.0,0.0,0.0,,
46.0,6.555339357168463,-0.11766688110560465,7.6253711222088025,-0.010038160087211872,-0.001081825656625779,-0.005343251744109808,2.0999999999999535,0.0,598.6624999999977,0.0,2.0,0.0,2.0,0.0,0.0,0.0,596.5651498693702,-3.3948727215602905
46.1,6.498736721108357,-0.020555834255817057,7.909559816712311,-0.015906424982177068,0.009796481540068297,0.03798271086432394,2.2999999999999536,0.0,598.9024999999978,0.0,2.0,0.0,2.0,0.0,0.0,0.0,,
46.2,6.621143840215069,0.17981555379592973,7.944995094419267,-0.0015225539852586768,0.010959274375932778,0.008773737613982823,2.499999999999954,0.0,599.1624999999977,0.0,2.0,0.0,2.0,0.0,0.0,0.0,,
46.300000000000004,6.286583686094462,-0.08298228199589457,7.789814753173857,-0.00047178238212023315,0.015701107993265354,0.004599987867589006,2.699999999999954,0.0,599.4424999999977,0.0,2.0,0.0,2.0,0.0,0.0,0.0,,
46.400000000000006,6.682304273341917,-0.12562879929422235,7.669137414584653,0.010212569124464188,0.01955050854664481,-0.002952439118757497,2.899999999999954,0.0,599.7424999999977,0.0,2.0,0.0,2.0,0.0,0.0,0.0,,
46.5,6.486248497300955,-0.00467809545135524,7.373987174133284,0.01503088367109975,-0.012720003268479836,-0.008560099134293009,3.0999999999999543,0.0,600.0624999999976,0.0,2.0,0.0,2.0,0.0,0.0,0.0,,
46.6,6.3281880824081815,-0.05819986272585539,7.646913539308215,-0.0015718605682685399,0.005678187979544866,0.006996827401168974,3.2999999999999545,0.0,600.4024999999976,0.0,2.0,0.0,2.0,0.0,0.0,0.0,,
46.7,6.260605900671401,-0.027343740152386213,7.381430644017451,-0.00809176633049583,0.006852568137694233,-0.0019679133173250464,3.4999999999999547,0.0,600.7624999999977,0.0,2.0,0.0,2.0,0.0,0.0,0.0,,
46.800000000000004,6.273556983460621,-0.0733969691575472,7.693548047222792,-0.007617777942391151,0.0005887119341682805,0.013957312119750983,3.699999999999955,0.0,601.1424999999977,0.0,2.0,0.0,2.0,0.0,0.0,0.0,,
46.900000000000006,6.526171870482313,-0.08087927737554794,7.778755314675598,0.003223956649564741,0.009300612670536902,0.009263158963309863,3.899999999999955,0.0,601.5424999999976,0.0,2.0,0.0,2.0,0.0,0.0,0.0,,
47.0,6.364523396015884,-0.19400364544019105,7.724854044518801,-0.020077091909137056,-0.0033085814485543552,-0.005202516893431277,4.099999999999955,0.0,601.9624999999976,0.0,2.0,0.0,2.0,0.0,0.0,0.0,598.2925784181095,12.568415129320583
47.1,6.475739901455122,0.2261449645892718,7.691574152052992,-0.006229008361289878,0.005032158762096545,0.00041415926498937147,4.299999999999955,0.0,602.4024999999975,0.0,2.0,0.0,2.0,0.0,0.0,0.0,,
47.2,6.4582126963768,0.17981447152682156,7.72971227885431,0.006149286050769921,-0.012991333143452067,-0.003168989281604216,4.499999999999956,0.0,602.8624999999976,0.0,2.0,0.0,2.0,0.0,0.0,0.0,,
47.300000000000004,6.176399059740158,-0.08847266648333052,7.811491074039321,0.0003678606459092775,-0.0037462243031247777,0.006749736707289286,4.699999999999956,0.0,603.3424999999976,0.0,2.0,0.0,2.0,0.0,0.0,0.0,,
47.400000000000006,6.398663566828859,0.08206384814864419,7.872128103978927,0.013940237313027124,-0.005545266911085774,-0.013131563261012832,4.899999999999956,0.0,603.8424999999976,0.0,2.0,0.0,2.0,0.0,0.0,0.0,,
47.5,6.451354234068753,0.03590485243217412,7.685059501115534,-0.005915806330689336,0.009473114801700674,0.026298747879245972,5.099999999999956,0.0,604.3624999999976,0.0,2.0,0.0,2.0,0.0,0.0,0.0,,
47.6,6.453422954333066,-0.0057470937469863825,7.785179205624846,-0.004276823400242736,0.010198297045816521,0.006995395808799041,5.299999999999956,0.0,604.9024999999975,0.0,2.0,0.0,2.0,0.0,0.0,0.0,,
47.7,6.3808486806858635,0.016779257076548093,7.399310211076335,0.004480528095557232,-0.002543197470932452,0.000339350237419064,5.4999999999999565,0.0,605.4624999999975,0.0,2.0,0.0,2.0,0.0,0.0,0.0,,
47.800000000000004,6.39599939201537,-0.11752310304713116,7.60644634062699,0.011103697310297653,-0.002081094099983432,0.004012260893586216,5.699999999999957,0.0,606.0424999999975,0.0,2.0,0.0,2.0,0.0,0.0,0.0,,
47.900000000000006,6.374808472971172,-0.02894462351127519,7.846335228060284,-0.0023227156031394984,0.013754708411591588,-0.001461903235281655,5.899999999999957,0.0,606.6424999999975,0.0,2.0,0.0,2.0,0.0,0.0,0.0,,
48.0,6.469974469336806,-0.013800914005627695,7.563245087053528,0.005469202850530414,0.0008463793122787601,0.004022325168274881,6.099999999999957,0.0,607.2624999999975,0.0,2.0,0.0,2.0,0.0,0.0,0.0,602.1038205578687,-1.0994882348626946
48.1,6.0933131654981105,0.013893350229264054,7.982979818843826,0.015099330050953043,0.010380405768035497,-0.005605713276466103,6.299999999999957,0.0,607.9024999999975,0.0,2.0,0.0,2.0,0.0,0.0,0.0,,
48.2,6.224883717370231,0.16849056382515012,7.6342971492147695,0.00372394763313995,-0.015567920823636925,0.01201130151032832,6.499999999999957,0.0,608.5624999999975,0.0,2.0,0.0,2.0,0.0,0.0,0.0,,
48.300000000000004,6.302455234002418,0.23605656028141303,7.814356119216895,-0.007237786608968711,-0.008628276190346592,0.0040720402893044865,6.6999999999999575,0.0,609.2424999999974,0.0,2.0,0.0,2.0,0.0,0.0,0.0,,
48.400000000000006,6.32338297539594,0.0734034655968002,7.568402073207062,-0.007807455536042715,-0.012305355550625313,0.0056554277663357745,6.899999999999958,0.0,609.9424999999974,0.0,2.0,0.0,2.0,0.0,0.0,0.0,,
48.5,6.566120336185267,0.245165463127056,7.587107215077141,-0.017635518939509466,-0.0035893873801688646,-0.0006607666954830142,7.099999999999958,0.0,610.6624999999974,0.0,2.0,0.0,2.0,0.0,0.0,0.0,,
48.6,6.629820288297668,-0.03132555457770286,7.736730765406524,-0.003044896271306709,0.011692942984897337,-0.0070421661836123734,7.299999999999958,0.0,611.4024999999974,0.0,2.0,0.0,2.0,0.0,0.0,0.0,,
48.7,6.555011635281804,0.07135691141654497,7.4983856593133185,0.010047471944905724,0.0025734486516179574,0.0005635921059714598,7.499999999999958,0.0,612.1624999999974,0.0,2.0,0.0,2.0,0.0,0.0,0.0,,
48.800000000000004,6.367984373529852,-0.052126521645712645,7.747815510974348,-0.00014918879763288319,0.01718866377747811,0.010762696283642785,7.699999999999958,0.0,612.9424999999974,0.0,2.0,0.0,2.0,0.0,0.0,0.0,,
48.900000000000006,6.5182647301639545,0.29684545047073285,7.890798948407318,-0.013592422278361828,0.016747633791622935,-0.011637948852722638,7.899999999999959,0.0,613.7424999999973,0.0,2.0,0.0,2.0,0.0,0.0,0.0,,
49.0,6.364773896880988,0.019134213603514055,7.881459658165681,0.014673309334893398,0.0016077805467678283,0.013901442741984425,8.099999999999959,0.0,614.5624999999973,0.0,2.0,0.0,2.0,0.0,0.0,0.0,616.9447438075294,-5.649783881284098
49.1,6.3822831098010395,-0.2922261665778979,7.63833748923296,0.0020978298407901765,-0.01514987942801732,0.012006204305793262,8.299999999999958,0.0,615.4024999999973,0.0,2.0,0.0,2.0,0.0,0.0,0.0,,
49.2,6.335309604970961,0.032018107933959705,7.5911196630589295,-0.0020822276753491744,-0.0009744171512929694,0.014872745637446883,8.499999999999957,0.0,616.2624999999973,0.0,2.0,0.0,2.0,0.0,0.0,0.0,,
49.300000000000004,6.269306165570722,-0.06682480510336779,7.532007604490806,0.017120995225046957,-0.004237795324948359,-0.009805392242496765,8.699999999999957,0.0,617.1424999999973,0.0,2.0,0.0,2.0,0.0,0.0,0.0,,
49.400000000000006,6.640342309933321,0.11548441178501434,7.434272616246531,0.0009433586581428138,-0.020660722105077335,-0.0014011773255651998,8.899999999999956,0.0,618.0424999999973,0.0,2.0,0.0,2.0,0.0,0.0,0.0,,
49.5,6.390385431937131,0.1824953376799492,7.802349101469054,0.011501306144486278,0.004848459639077441,0.012126209697018168,9.099999999999955,0.0,618.9624999999972,0.0,2.0,0.0,2.0,0.0,0.0,0.0,,
49.6,6.444496050258038,0.005953214225588965,7.5950026351095055,0.012656009351032053,0.013442768123162297,0.0067109837125550395,9.299999999999955,0.0,619.9024999999972,0.0,2.0,0.0,2.0,0.0,0.0,0.0,,
49.7,6.225269591164232,0.02268610093059224,7.744276578829828,0.008652939824217441,0.00035719308981977207,0.0025905897555831506,9.499999999999954,0.0,620.8624999999972,0.0,2.0,0.0,2.0,0.0,0.0,0.0,,
49.800000000000004,6.50773703496593,0.13069661711941516,7.801633739429909,0.0049138953096947305,-0.005235808419674384,0.0001404444252715029,9.699999999999953,0.0,621.8424999999972,0.0,2.0,0.0,2.0,0.0,0.0,0.0,,
49.900000000000006,6.164686289036474,-0.2024467872010166,7.844993923226542,0.008253737379873019,0.01532681818688058,0.001097389391592425,9.899999999999952,0.0,622.8424999999972,0.0,2.0,0.0,2.0,0.0,0.0,0.0,,
50.0,6.549501521970145,-0.11461225651880233,7.578068343150839,0.011874170408549942,0.013108643010194003,0.015106406625541441,10.099999999999952,0.0,623.8624999999972,0.0,2.0,0.0,2.0,0.0,0.0,0.0,625.6880011198891,-2.727908983727204
50.1,6.428065990325895,-0.2103633520881283,7.595208626204371,0.0036344936412365226,-0.009285232763005278,0.023098581808337924,10.299999999999951,0.0,624.9024999999972,0.0,2.0,0.0,2.0,0.0,0.0,0.0,,
50.2,6.486650533655104,-0.03975489020714245,7.787215135199049,-0.004190059578218139,0.004268460709532954,-0.012592064158584746,10.49999999999995,0.0,625.9624999999971,0.0,2.0,0.0,2.0,0.0,0.0,0.0,,
50.300000000000004,6.218184552440586,0.13551675671291338,8.003261773118945,-0.004087105008112744,-0.010125197310747814,-0.004773370760393498,10.69999999999995,0.0,627.0424999999972,0.0,2.0,0.0,2.0,0.0,0.0,0.0,,
50.400000000000006,6.305541167862227,0.11495298624644218,7.519405949368631,0.007688252569123769,0.0019525229158321986,0.013048249540325272,10.899999999999949,0.0,628.1424999999972,0.0,2.0,0.0,2.0,0.0,0.0,0.0,,
50.5,6.271575765989785,0.11629839454703883,7.6962411030065,-0.0003784129672007006,-0.017526176300797353,-0.00838773415460337,11.099999999999948,0.0,629.2624999999972,0.0,2.0,0.0,2.0,0.0,0.0,0.0,,
50.6,6.319939016102891,0.03179801349231973,7.499525565570939,-0.005146195251058084,-0.00868799593182272,0.009535102182453684,11.299999999999947,0.0,630.4024999999972,0.0,2.0,0.0,2.0,0.0,0.0,0.0,,
50.7,6.4039828939929615,0.21078443754610435,7.818292189061397,-0.020883281511091447,-0.011281302196993272,0.008957010041793402,11.499999999999947,0.0,631.5624999999972,0.0,2.0,0.0,2.0,0.0,0.0,0.0,,
50.800000000000004,6.535867304872893,0.05678885270792222,7.938292977194482,0.011322291376558742,0.013161040017459956,-0.00445716664451437,11.699999999999946,0.0,632.7424999999971,0.0,2.0,0.0,2.0,0.0,0.0,0.0,,
50.900000000000006,6.17976593499904,-0.13653258080315037,7.835008102329527,0.002850158561385951,-0.005638006389612084,0.006277675974226014,11.899999999999945,0.0,633.942499999997,0.0,2.0,0.0,2.0,0.0,0.0,0.0,,
51.0,6.687535887619737,0.11268528870999703,7.600671213384795,0.009810651676208093,-0.0030925137484403603,0.007803666745875712,12.099999999999945,0.0,635.1624999999971,0.0,2.0,0.0,2.0,0.0,0.0,0.0,633.9683346763111,0.7148104282314368
51.1,6.389543619381503,0.02090688269943817,7.988277229618759,0.021617643369240432,0.006053439646014105,0.004754025653744068,12.299999999999944,0.0,636.4024999999971,0.0,2.0,0.0,2.0,0.0,0.0,0.0,,
51.2,6.667685672005661,0.1981678492019952,7.886610282319048,0.00657266954085248,0.00857008081879435,-0.019478395087236106,12.499999999999943,0.0,637.6624999999971,0.0,2.0,0.0,2.0,0.0,0.0,0.0,,
51.300000000000004,6.133227148149548,-0.16458436368548082,7.703754512977773,-0.00388261199217303,0.016050532201705416,-0.0027813431246896357,12.699999999999942,0.0,638.942499999997,0.0,2.0,0.0,2.0,0.0,0.0,0.0,,
51.400000000000006,6.38783887830428,0.2360459708277961,7.84147657736422,0.001554820148891116,-0.015755169925797185,-0.007932611252700478,12.899999999999942,0.0,640.242499999997,0.0,2.0,0.0,2.0,0.0,0.0,0.0,,
51.5,6.474919701738544,0.09336131049578422,7.697123463209209,-0.009582763469948052,0.0029816739934773917,0.002067373514870583,13.099999999999941,0.0,641.5624999999969,0.0,2.0,0.0,2.0,0.0,0.0,0.0,,
51.6,6.400446284219497,-0.07097566375025982,7.719467986608316,-0.002408138009911613,-0.0018829898404315423,-0.0010947706901571286,13.29999999999994,0.0,642.902499999997,0.0,2.0,0.0,2.0,0.0,0.0,0.0,,
51.7,6.2366266192567155,0.172979323640081,7.662992516426994,-0.0006046609829256709,0.005358072254463948,0.013655004245305111,13.49999999999994,0.0,644.262499999997,0.0,2.0,0.0,2.0,0.0,0.0,0.0,,
51.800000000000004,6.417752725525954,-0.09532077714702471,7.507322126134062,-0.01038205168019929,0.012511953039591866,-0.004405425507004525,13.699999999999939,0.0,645.642499999997,0.0,2.0,0.0,2.0,0.0,0.0,0.0,,
51.900000000000006,6.381554134727173,-0.00357190544063268,7.66293324110794,0.0011984099679363646,-0.014490553913450758,-0.0010003807981375712,13.899999999999938,0.0,647.042499999997,0.0,2.0,0.0,2.0,0.0,0.0,0.0,,
52.0,6.642024143522072,-0.01617703155842303,7.599235585753128,-0.02597860631681233,-0.011192497923271413,-0.0075873989827854845,14.099999999999937,0.0,648.4624999999969,0.0,2.0,0.0,2.0,0.0,0.0,0.0,644.6974327651159,-1.0012906892196458
52.1,6.515450779258688,0.021809077761533003,8.003471290933094,0.007817189495684065,-0.0011640679052441157,0.01703022434907986,14.299999999999937,0.0,649.9024999999968,0.0,2.0,0.0,2.0,0.0,0.0,0.0,,
52.2,6.437285798542173,-0.07978453112281741,7.787701150378024,-0.006239020586771045,-0.009423515970580035,0.014321451818951444,14.499999999999936,0.0,651.3624999999969,0.0,2.0,0.0,2.0,0.0,0.0,0.0,,
52.300000000000004,6.495052991038314,-0.4032332586469591,7.766170229313939,0.0016799447566960971,0.009991765469165713,0.00023294650736595517,14.699999999999935,0.0,652.8424999999969,0.0,2.0,0.0,2.0,0.0,0.0,0.0,,
52.400000000000006,6.229583459907678,0.03421384926428438,7.755607961383778,0.0009839679241739063,0.004997679608071417,0.009891908933491476,14.899999999999935,0.0,654.3424999999969,0.0,2.0,0.0,2.0,0.0,0.0,0.0,,
52.5,6.502876701072119,-0.10632297723308623,7.977971264891559,0.005978266435504804,-0.011705551799956922,0.011558229087309654,15.099999999999934,0.0,655.8624999999969,0.0,2.0,0.0,2.0,0.0,0.0,0.0,,
52.6,6.27209767597501,-0.32183691828510747,7.788189316810566,0.021540126192288202,0.005411338643919745,0.0146810012119989,15.299999999999933,0.0,657.4024999999968,0.0,2.0,0.0,2.0,0.0,0.0,0.0,,
52.7,6.2850749581436265,-0.17225760173761887,7.817259383053212,0.0034169851015437604,-0.01817034565664126,0.0024355129403095524,15.499999999999932,0.0,658.9624999999968,0.0,2.0,0.0,2.0,0.0,0.0,0.0,,
52.800000000000004,6.27200517078396,0.06888833087209048,7.669367667944343,-0.002424269971838802,0.0013349183963360955,-0.002116003651113676,15.699999999999932,0.0,660.5424999999968,0.0,2.0,0.0,2.0,0.0,0.0,0.0,,
52.900000000000006,6.261923419640112,-0.23000830862142185,7.345368329574629,-0.01519753632105301,-0.002758863181903678,-0.0007813539646641986,15.899999999999931,0.0,662.1424999999969,0.0,2.0,0.0,2.0,0.0,0.0,0.0,,
53.0,6.668213775832773,0.16795807990643752,7.748713163421358,0.007491711920082479,0.0090443888262829,0.006167412789841384,16.09999999999993,0.0,663.7624999999969,0.0,2.0,0.0,2.0,0.0,0.0,0.0,659.4656091185954,5.498256799874127
53.1,6.460535145140735,0.09769766425881507,7.744509640246481,0.02062211507067842,-0.0018625050062424436,-0.0008175951302599651,16.29999999999993,0.0,665.4024999999968,0.0,2.0,0.0,2.0,0.0,0.0,0.0,,
53.2,6.577172479064752,-0.0027075885495368816,7.838982759040304,0.021081660788957374,0.00443433541174339,-0.0009731368483019377,16.49999999999993,0.0,667.0624999999968,0.0,2.0,0.0,2.0,0.0,0.0,0.0,,
53.300000000000004,6.172973764280741,-0.12404842337702827,7.671912743224177,-0.0010368808494381862,-0.0020976577960786142,-0.004923221212435003,16.69999999999993,0.0,668.7424999999968,0.0,2.0,0.0,2.0,0.0,0.0,0.0,,
53.400000000000006,6.576797256163415,0.15364793079290362,7.580703352317983,0.017561506733448057,-0.0019844600744642186,0.013619393308728963,16.899999999999928,0.0,670.4424999999967,0.0,2.0,0.0,2.0,0.0,0.0,0.0,,
53.5,6.342478408150679,-0.09682271012935247,7.652451207978081,-0.007583375857237682,0.0061648725210738985,0.018207095359943283,17.099999999999927,0.0,672.1624999999967,0.0,2.0,0.0,2.0,0.0,0.0,0.0,,
53.6,6.4301013470272705,0.04715407469296469,7.702429920965787,0.00332502935206034,0.012990570100520451,0.006201341299114102,17.299999999999926,0.0,673.9024999999967,0.0,2.0,0.0,2.0,0.0,0.0,0.0,,
53.7,6.684348162462891,-0.08074047980806404,7.979846842889966,0.006281010557771265,-0.0010338768003993924,0.005634803406580079,17.499999999999925,0.0,675.6624999999967,0.0,2.0,0.0,2.0,0.0,0.0,0.0,,
53.800000000000004,6.264973812663966,-0.10103055318888803,7.729854757652621,-0.001868185214367172,-0.0023370421807924232,0.011774474523385113,17.699999999999925,0.0,677.4424999999967,0.0,2.0,0.0,2.0,0.0,0.0,0.0,,
53.900000000000006,6.835023467181246,-0.043390295664285025,7.72645970787571,0.004582194820402118,0.008700944360422227,0.008469440479685564,17.899999999999924,0.0,679.2424999999967,0.0,2.0,0.0,2.0,0.0,0.0,0.0,,
54.0,5.942251472099877,0.04178963296789148,7.642509026600333,0.01528901186343068,0.0042292622072210104,0.0011022221187574105,18.099999999999923,0.0,681.0624999999966,0.0,2.0,0.0,2.0,0.0,0.0,0.0,685.1822295430628,1.2170484029229323
54.1,6.509297258307749,0.21464317005509606,7.597520207315286,-0.0016068951461719954,-0.007424083956533595,-0.004058602884754007,18.299999999999923,0.0,682.9024999999966,0.0,2.0,0.0,2.0,0.0,0.0,0.0,,
54.2,6.188039086794143,0.2937980374303356,7.6476319224405245,0.015029421488637115,0.012440942017819423,0.015517304615474872,18.499999999999922,0.0,684.7624999999966,0.0,2.0,0.0,2.0,0.0,0.0,0.0,,
54.300000000000004,6.442814506822215,-0.1002228465803657,7.669435612852098,-0.01804891993792997,-0.002233733355063508,0.003120606614806481,18.69999999999992,0.0,686.6424999999966,0.0,2.0,0.0,2.0,0.0,0.0,0.0,,
54.400000000000006,6.266913250868931,0.04384641470896276,7.679026864393635,0.0066483712794213196,-0.006245619059772205,0.014045253485734627,18.89999999999992,0.0,688.5424999999966,0.0,2.0,0.0,2.0,0.0,0.0,0.0,,
54.5,6.590778347715646,-0.21979452098650043,7.7771709624085625,-0.006956154430643519,0.01584220713917732,0.03034190231716293,19.09999999999992,0.0,690.4624999999966,0.0,2.0,0.0,2.0,0.0,0.0,0.0,,
54.6,6.301033666298219,-0.04473491000149118,7.615537427179061,-0.008451226937411084,-0.004516156792028943,0.00790273044054159,19.29999999999992,0.0,692.4024999999965,0.0,2.0,0.0,2.0,0.0,0.0,0.0,,
54.7,6.713250673077,0.12547624020367754,7.807859068892256,0.0037263303850366115,0.0025542805404278604,0.008281264954870084,19.49999999999992,0.0,694.3624999999965,0.0,2.0,0.0,2.0,0.0,0.0,0.0,,
54.800000000000004,6.570900423173966,-0.01804886966023137,7.584583771774585,-0.0028080830589219856,-0.004335983984171958,0.005458768396075743,19.699999999999918,0.0,696.3424999999966,0.0,2.0,0.0,2.0,0.0,0.0,0.0,,
54.900000000000006,6.38497706710911,-0.10432522875169428,7.661476925300896,0.00873102802730425,-0.010919932831125356,-0.004147291964188248,19.899999999999917,0.0,698.3424999999966,0.0,2.0,0.0,2.0,0.0,0.0,0.0,,
55.0,6.497688374570286,0.2772035651833287,7.774194832683719,-0.01082254633952825,-0.005388747146199706,0.01001465191244534,20.099999999999916,0.0,700.3624999999965,0.0,2.0,0.0,2.0,0.0,0.0,0.0,706.6492567118423,-4.004382178242486
55.1,6.595873810358049,0.18086840814519886,7.819160680373418,0.0013259765574544188,-0.006947121397964475,0.006243411657461701,20.299999999999915,0.0,702.4024999999965,0.0,2.0,0.0,2.0,0.0,0.0,0.0,,
55.2,6.509450335944746,-0.268028959181129,7.693198102936119,0.004936672737947594,-0.005514208189970472,0.0031419380025381437,20.499999999999915,0.0,704.4624999999965,0.0,2.0,0.0,2.0,0.0,0.0,0.0,,
55.300000000000004,6.323124611591519,0.27106236797079414,7.672657871951645,-0.0019514378802187424,-0.023071868490226324,0.011459821798502138,20.699999999999914,0.0,706.5424999999964,0.0,2.0,0.0,2.0,0.0,0.0,0.0,,
55.400000000000006,6.681369694564262,-0.2802382916297998,7.824359250972951,0.0015932156360596852,0.009807335024380867,0.006023751143851506,20.899999999999913,0.0,708.6424999999964,0.0,2.0,0.0,2.0,0.0,0.0,0.0,,
55.5,6.539719506302423,0.035743290783186527,7.667768030602446,0.01186325932529696,-0.010116872760301262,0.011159479800089432,21.099999999999913,0.0,710.7624999999964,0.0,2.0,0.0,2.0,0.0,0.0,0.0,,
55.6,6.514617933387069,0.263696911966023,7.650073355940048,-0.0037861585017113777,0.0024938204510983864,0.009148869349537427,21.299999999999912,0.0,712.9024999999964,0.0,2.0,0.0,2.0,0.0,0.0,0.0,,
55.7,6.384288865356446,0.04766300185152512,7.639692726990013,-0.00290656774550292,0.006836222293859069,-0.00030463001255789674,21.49999999999991,0.0,715.0624999999964,0.0,2.0,0.0,2.0,0.0,0.0,0.0,,
55.800000000000004,6.564203449261089,0.22282414162079026,7.818165343824203,0.0034631584483673927,-0.0026970027322266157,0.003724932764323734,21.69999999999991,0.0,717.2424999999963,0.0,2.0,0.0,2.0,0.0,0.0,0.0,,
55.900000000000006,6.4591038198274155,0.08457170865554499,7.419963981440316,0.008674809409527503,-0.01146719917987903,-0.003942442173788197,21.89999999999991,0.0,719.4424999999962,0.0,2.0,0.0,2.0,0.0,0.0,0.0,,
56.0,6.279731943171363,-0.24089539354378758,7.873609016556946,0.004423078271476904,0.008141545461144048,0.00021274205894894656,22.09999999999991,0.0,721.6624999999963,0.0,2.0,0.0,2.0,0.0,0.0,0.0,717.4724408021993,-1.7512491254050848
56.1,6.2254460235714255,0.03836487867353007,7.959293784023806,0.007929266225900065,0.014368829627263888,0.026025103324523558,22.29999999999991,0.0,723.9024999999963,0.0,2.0,0.0,2.0,0.0,0.0,0.0,,
56.2,6.542325541345555,0.028414319998084872,7.59599162156888,-0.0006150536023225996,0.01063507869032151,0.011206657193547699,22.499999999999908,0.0,726.1624999999963,0.0,2.0,0.0,2.0,0.0,0.0,0.0,,
56.300000000000004,6.315556813368205,0.04686153352311568,7.763846978243431,0.005924584559736812,-0.003139523767743765,-0.009023290432387188,22.699999999999907,0.0,728.4424999999962,0.0,2.0,0.0,2.0,0.0,0.0,0.0,,
56.400000000000006,6.387627946475772,-0.14326651412689043,7.45707887567024,0.003021889080758289,-0.004618533834481283,-0.0034324727561780696,22.899999999999906,0.0,730.7424999999962,0.0,2.0,0.0,2.0,0.0,0.0,0.0,,
56.5,6.358306579571939,-0.09367887281211634,7.8892113968883635,-0.003170577475323807,0.015799926878076558,0.012735177779217653,23.099999999999905,0.0,733.0624999999961,0.0,2.0,0.0,2.0,0.0,0.0,0.0,,
56.6,6.6333261395013565,-0.2893450825319045,7.726460511485576,-0.005103818730202884,0.019774369675615765,0.0029014310328446275,23.299999999999905,0.0,735.4024999999962,0.0,2.0,0.0,2.0,0.0,0.0,0.0,,
56.7,6.7980688339914055,0.2268075913603173,7.643698692727865,-0.003147872504316267,0.005014448791022386,0.005001098529314036,23.499999999999904,0.0,737.7624999999962,0.0,2.0,0.0,2.0,0.0,0.0,0.0,,
56.800000000000004,6.562331599128523,0.03632280749177166,7.741334923693243,0.00791105246254261,-0.015469953937703614,-0.010466144416528673,23.699999999999903,0.0,740.1424999999962,0.0,2.0,0.0,2.0,0.0,0.0,0.0,,
56.900000000000006,6.679266009166247,-0.11562148337286958,7.874361470958798,0.010883616373599239,-0.01166320503988185,-0.0059008654576180935,23.899999999999903,0.0,742.5424999999962,0.0,2.0,0.0,2.0,0.0,0.0,0.0,,
57.0,6.3058530351138415,0.08804981613020108,7.687532240522712,-0.00544748715940417,0.0020611100484622426,0.0032295719197946195,24.099999999999902,0.0,744.9624999999961,0.0,2.0,0.0,2.0,0.0,0.0,0.0,740.6526288522343,-4.952528325146444
57.1,6.421735918989105,0.390011109747541,7.594378531271399,0.010306872211704548,-0.004074557421347419,-0.0265661080293375,24.2999999999999,0.0,747.402499999996,0.0,2.0,0.0,2.0,0.0,0.0,0.0,,
57.2,6.661214735136973,-0.10037355161091392,7.707139300593685,-0.00047624190259789255,-0.006247947331065785,-0.0007316813902424049,24.4999999999999,0.0,749.8624999999961,0.0,2.0,0.0,2.0,0.0,0.0,0.0,,
57.300000000000004,6.602413186270749,0.02069527102001996,7.745645989403453,-0.009299367519511407,-0.012097234533763403,0.01300224084294407,24.6999999999999,0.0,752.3424999999961,0.0,2.0,0.0,2.0,0.0,0.0,0.0,,
57.400000000000006,6.404220429906002,0.011117609666840956,7.837653932928446,0.015516686612795426,0.0158062840331201,-0.005444398020202323,24.8999999999999,0.0,754.8424999999961,0.0,2.0,0.0,2.0,0.0,0.0,0.0,,
57.5,6.519975454355387,-0.08985379269398645,7.818552095673925,-0.004917479292189847,-0.004102941354704643,0.011160006983039025,25.0999999999999,0.0,757.3624999999961,0.0,2.0,0.0,2.0,0.0,0.0,0.0,,
57.6,6.470232736091957,0.13620835004903495,7.801748004900765,0.011153198081470375,0.006025406739083757,0.02459965778933877,25.299999999999898,0.0,759.902499999996,0.0,2.0,0.0,2.0,0.0,0.0,0.0,,
57.7,6.505971902142467,-0.06431261846901011,7.5919623917494325,-3.793242754052708e-06,0.004367978297325754,0.0006860645794800201,25.499999999999897,0.0,762.462499999996,0.0,2.0,0.0,2.0,0.0,0.0,0.0,,
57.800000000000004,6.5228198713778935,0.046655663260736904,7.888171238149465,-0.010219552343864957,-0.004884789881017584,-0.000744513218477804,25.699999999999896,0.0,765.0424999999959,0.0,2.0,0.0,2.0,0.0,0.0,0.0,,
57.900000000000006,6.561418690939179,0.251862761842097,7.663289996576514,0.015030773782571068,-0.015591648088071022,0.004756919376064342,25.899999999999896,0.0,767.642499999996,0.0,2.0,0.0,2.0,0.0,0.0,0.0,,
58.0,6.375698596332643,0.025557175355094178,7.582263274079386,-0.011967819738451194,0.004246727226982427,0.007952945300026555,26.099999999999895,0.0,770.262499999996,0.0,2.0,0.0,2.0,0.0,0.0,0.0,765.9408781030318,5.938300784741708
58.1,6.525364414859726,0.34383180718216705,7.827307421247584,-0.008438336598469836,0.009804957028778517,0.005241687516040805,26.299999999999894,0.0,772.9024999999959,0.0,2.0,0.0,2.0,0.0,0.0,0.0,,
58.2,6.6167934561403206,-0.07184842182954695,7.844757831913901,-0.002293907660784129,-0.006784216799088797,0.006830770683013147,26.499999999999893,0.0,775.5624999999959,0.0,2.0,0.0,2.0,0.0,0.0,0.0,,
58.300000000000004,6.463720045654176,-0.207551211999453,7.688132633336835,-0.007317689865891092,0.005861032189384604,0.004481764165824463,26.699999999999893,0.0,778.2424999999959,0.0,2.0,0.0,2.0,0.0,0.0,0.0,,
58.400000000000006,6.304414980733252,0.24103921740587803,7.360214995881229,-0.007085920696303851,0.00537205163603931,0.004730491529999665,26.899999999999892,0.0,780.9424999999958,0.0,2.0,0.0,2.0,0.0,0.0,0.0,,
58.5,6.325266160235268,0.039281414444414006,7.5704076074265645,0.02241346686934805,-0.007131524466824875,0.004448524277729627,27.09999999999989,0.0,783.6624999999958,0.0,2.0,0.0,2.0,0.0,0.0,0.0,,
58.6,6.613266270324403,0.18731362892250852,7.774559497564096,0.004713858040668047,-0.005582135516622133,0.013483063420652933,27.29999999999989,0.0,786.4024999999958,0.0,2.0,0.0,2.0,0.0,0.0,0.0,,
58.7,6.3405059204336585,-0.13107821813372658,7.761092244911882,-0.0021909863340347667,0.011835875452060232,0.0001174852167684249,27.49999999999989,0.0,789.1624999999958,0.0,2.0,0.0,2.0,0.0,0.0,0.0,,
58.800000000000004,6.49151109275365,0.06506467387582632,7.688652887526766,0.003670623668608321,0.015115578999839618,-0.0025890931803996507,27.69999999999989,0.0,791.9424999999958,0.0,2.0,0.0,2.0,0.0,0.0,0.0,,
58.900000000000006,6.481393443856218,-0.047594723158377344,7.76751026854346,0.01361783232281394,-0.004407237809540774,-0.001534430536868134,27.89999999999989,0.0,794.7424999999957,0.0,2.0,0.0,2.0,0.0,0.0,0.0,,
59.0,6.467855345907406,-0.011771179937866439,7.566149021316929,-0.004318406211330347,-0.012899694837536725,0.02161955541867064,28.099999999999888,0.0,797.5624999999957,0.0,2.0,0.0,2.0,0.0,0.0,0.0,798.5031090044903,-0.9677057028725378
59.1,6.328497225066875,0.08210863223592749,7.783181367941367,-0.00227278577624332,-0.010035694551484993,-5.8821028342205886e-05,28.299999999999887,0.0,800.4024999999957,0.0,2.0,0.0,2.0,0.0,0.0,0.0,,
59.2,6.556447374481796,-0.004533030585983592,7.59162279544618,0.004802480877895195,0.004396831693971477,-0.01037602128106193,28.499999999999886,0.0,803.2624999999957,0.0,2.0,0.0,2.0,0.0,0.0,0.0,,
59.300000000000004,6.22939693813622,0.030511621365641402,8.057575315027538,0.01790154809821606,0.005568196898355514,-0.0037036066737722714,28.699999999999886,0.0,806.1424999999957,0.0,2.0,0.0,2.0,0.0,0.0,0.0,,
59.400000000000006,6.301287353291842,0.05401881166595691,7.5893382799834255,-0.0008036634337217385,-0.0018193120039264263,-0.002499679956863259,28.899999999999885,0.0,809.0424999999957,0.0,2.0,0.0,2.0,0.0,0.0,0.0,,
59.5,6.599467306189324,0.00031609981497118626,8.000470988442157,-0.007981278985261308,0.017642285253673964,-0.004815674051362999,29.099999999999884,0.0,811.9624999999957,0.0,2.0,0.0,2.0,0.0,0.0,0.0,,
59.6,6.454278574557731,-0.02329294090044278,7.680920021011576,0.003577946991147321,-0.005220162412894794,-0.004720227445441253,29.299999999999883,0.0,814.9024999999956,0.0,2.0,0.0,2.0,0.0,0.0,0.0,,
59.7,6.116825358412938,0.00015534589690849483,7.831230691712728,0.0025536750895071543,0.002054824019070674,-0.004286409110180294,29.499999999999883,0.0,817.8624999999956,0.0,2.0,0.0,2.0,0.0,0.0,0.0,,
59.800000000000004,6.344865249818541,0.03356575728022332,7.585649386954283,0.005621026244253535,0.0006698009185328441,0.0020222060300603786,29.699999999999882,0.0,820.8424999999957,0.0,2.0,0.0,2.0,0.0,0.0,0.0,,
59.900000000000006,6.403024747849954,-0.08060568477628463,7.855894412210135,-0.010591790715459246,-0.0030844486082242345,-0.019249657287970023,29.89999999999988,0.0,823.8424999999957,0.0,2.0,0.0,2.0,0.0,0.0,0.0,,
60.0,4.5061025907515,3.139571381171583,9.12782058769489,0.0447350407038393,0.010226868555983632,0.09327398971845023,30.09999999999988,0.0,826.8524999999956,0.015760323145508737,0.0,3.152064629101747,0.0,3.152064629101747,0.0,0.10471975511965978,825.760066482379,-3.3645166344456796
60.1,4.69840964154725,3.1583073881990655,8.546451243990942,0.04965728486261349,0.0054082695033331445,0.10297235227047635,30.09999999999988,0.010471975511965978,829.8621699210843,0.06303985233239938,0.0,3.152064629101747,-0.033007740316407866,3.1518917993981863,0.0,0.10471975511965978,,
60.2,4.608232499187474,3.1398074495094987,8.854321717816216,0.049962367368800734,-0.003672801771665074,0.0893475720829693,30.09999999999988,0.020943951023931956,832.8711797190388,0.14183340282750476,0.0,3.152064629101747,-0.0660118609621266,3.1513733292402297,0.0,0.10471975511965978,,
60.300000000000004,4.842427872822643,3.4049016502201837,8.43434765126272,0.04401980763351229,-0.006296563093472725,0.08520065508196698,30.09999999999988,0.031415926535897934,835.8791994220263,0.2521323340300904,0.0,3.152064629101747,-0.09900874266340479,3.1505092754839725,0.0,0.10471975511965978,,
60.400000000000006,4.617230852033895,2.9068823212979367,9.088514302667814,0.06615463406357605,0.005243305999632107,0.0954945613731874,30.09999999999988,0.04188790204786391,838.8858991667892,0.393924550419394,0.0,3.152064629101747,-0.1319947669403228,3.1492997328826458,0.0,0.10471975511965978,,
60.5,4.715455108333456,3.026045668232164,8.561604888782895,0.06199211865008417,-0.004400595852783075,0.0913276383400397,30.09999999999988,0.05235987755982989,841.890949234818,0.5671945028810355,0.0,3.152064629101747,-0.16496631650360002,3.1477448340762257,0.0,0.10471975511965978,,
60.6,4.816118874537192,2.574082515818745,8.469002618154992,0.06567458693072672,0.0011768010267612008,0.10125805551852514,30.09999999999988,0.06283185307179587,844.8940200885088,0.7719231904121524,0.0,3.152064629101747,-0.19791977565127117,3.1458447495768898,0.0,0.10471975511965978,,
60.7,4.5214557413115966,2.863370898832727,8.761057181957408,0.05026977870153523,0.004706947556658743,0.09932322922722994,30.09999999999988,0.07330382858376185,847.8947824073011,1.0080881622050746,0.0,3.152064629101747,-0.23085153066518901,3.143599687750314,0.0,0.10471975511965978,,
60.800000000000004,4.508362811478349,3.10980947427939,8.771420947099001,0.043530228100549254,-0.007724413543142274,0.11155278298086814,30.09999999999988,0.08377580409572782,850.8929071237911,1.2756635201093074,0.0,3.152064629101747,-0.2637579702073091,3.141009894792828,0.0,0.10471975511965978,,
60.900000000000006,4.6838531305922535,3.3330271619084026,8.953431745165833,0.05294416377611022,0.005984591512706161,0.09969378098478447,30.09999999999988,0.0942477796076938,853.8880654598179,1.5746199214715564,0.0,3.152064629101747,-0.29663548571571385,3.138075654704414,0.0,0.10471975511965978,,
61.0,4.689060927271375,3.173251802474053,8.84906603386388,0.05894870362700498,0.00857990887302721,0.08073403738011259,30.09999999999988,0.10471975511965978,856.8799289625174,1.90492458235348,0.0,3.152064629101747,-0.3294804718003317,3.1347972892575626,0.0,0.10471975511965978,853.1908361100124,1.2668368340184974
61.1,4.267734979993472,3.0577221135912236,8.659590230387053,0.049476522623966485,0.005562810501232153,0.09131673911448837,30.09999999999988,0.11519173063162576,859.8681695403415,2.2665412811268166,0.0,3.152064629101747,-0.36228932663830926,3.13117515796199,0.0,0.10471975511965978,,
61.2,4.371014362211197,3.236836751137524,8.823379061094519,0.05544705417096237,-0.011401084561079586,0.10119571588524107,30.09999999999988,0.12566370614359174,862.8524594990362,2.6594303624454967,0.0,3.152064629101747,-0.39505845236899134,3.12720965802521,0.0,0.10471975511965978,,
61.300000000000004,4.576445306671742,2.9686925767107684,8.612039847286372,0.048779704112723345,-0.0033805500650737046,0.10908186068319303,30.09999999999988,0.13613568165555773,865.8324715775777,3.083548741594296,0.0,3.152064629101747,-0.427784255488467,3.1229012243089778,0.0,0.10471975511965978,,
61.400000000000006,4.637062140617484,2.966854144816718,8.331804469111415,0.032314592333929186,0.005138700964181067,0.09045515670221765,30.09999999999988,0.14660765716752372,868.8078789840602,3.5388499092135612,0.0,3.152064629101747,-0.46046314724363796,3.1182503292816017,0.0,0.10471975511965978,,
61.5,4.468722568206106,2.842826810589207,8.549951137939976,0.04436304625891302,0.002925594324565509,0.09629445965563654,30.09999999999988,0.1570796326794897,871.7783554315313,4.025283936399485,0.0,3.152064629101747,-0.49309154402576566,3.113257482966133,0.0,0.10471975511965978,,
61.6,4.718129046760007,3.3251651951659635,8.892454768829747,0.06779965748809694,0.006103081083287512,0.10051919117136873,30.09999999999988,0.1675516081914557,874.7435751737747,4.542797480179373,0.0,3.152064629101747,-0.5256658677634543,3.107923232884433,0.0,0.10471975511965978,,
61.7,4.5506655668133975,2.967773288067371,8.640190455871062,0.0520578387517391,-0.0047732780993740495,0.1195839132245163,30.09999999999988,0.1780235837034217,877.7032130410305,5.091333789361302,0.0,3.152064629101747,-0.5581825463150267,3.1022481639971367,0.0,0.10471975511965978,,
61.800000000000004,4.313028399078773,3.0314905351064283,8.747121947066022,0.06315190831430796,-0.007349756967341633,0.09932618076745137,30.09999999999988,0.1884955592153877,880.6569444756545,5.670832710757528,0.0,3.152064629101747,-0.5906380138602502,3.0962328986394985,0.0,0.10471975511965978,,
61.900000000000006,4.4448699296100616,2.998978934303079,8.54343091122508,0.04377523721121086,-0.013489684916692895,0.11414666287255246,30.09999999999988,0.19896753472735368,883.6044455677095,6.281230695780962,0.0,3.152064629101747,-0.6230287112913684,3.0898780964531514,0.0,0.10471975511965978,,
62.0,4.574089973413421,3.556338249204508,8.553085610169658,0.029819119429494185,0.009689803434259774,0.10060892165287008,30.09999999999988,0.20943951023931967,886.5453930904852,6.922460807413984,0.0,3.152064629101747,-0.655351086603398,3.0831844543137663,0.0,0.10471975511965978,888.5246172114204,10.003562754975619
62.1,4.675280323203496,3.17609054271912,8.586017571720271,0.027788725249941623,0.0019863842350286475,0.08965198402291119,30.09999999999988,0.21991148575128566,889.4794645359443,7.594452727548847,0.0,3.152064629101747,-0.6876015952836462,3.076152706254635,0.0,0.10471975511965978,,
62.2,4.5844959009175446,3.277166893758453,8.724557021485616,0.04512082126890043,-0.008199896629694094,0.09756100432962511,30.09999999999988,0.23038346126325165,892.406338150089,8.29713276469885,0.0,3.152064629101747,-0.7197767007004057,3.068783623386173,0.0,0.10471975511965978,,
62.300000000000004,4.6060243662216385,3.3705033403114384,8.690903023239395,0.05107797645484656,0.006454981231338033,0.10297607766005681,30.09999999999988,0.24085543677521765,895.3256929682447,9.030423862079433,0.0,3.152064629101747,-0.7518728744907873,3.061078013811359,0.0,0.10471975511965978,,
62.400000000000006,4.569325109686409,3.2645335479007986,8.774256031389728,0.06009926316134776,0.009744971273002728,0.09499683317644358,30.09999999999988,0.25132741228718364,898.237208850257,9.794245606058329,0.0,3.152064629101747,-0.7838865969476438,3.053036722537116,0.0,0.10471975511965978,,
62.5,4.505751993780357,3.17197701960317,8.626686449870347,0.05603087353249442,-0.0047567775267881385,0.10280083639774534,30.09999999999988,0.26179938779914963,901.1405665156001,10.588514234973822,0.0,3.152064629101747,-0.8158143574055461,3.04466063138165,0.0,0.10471975511965978,,
62.6,5.0334947253683495,3.2764911594862,8.583236633562018,0.06062414219000637,-0.008853403935118442,0.10343130790612891,30.09999999999988,0.2722713633111156,904.0354475783879,11.413142648320157,0.0,3.152064629101747,-0.8476526546257664,3.0359506588777467,0.0,0.10471975511965978,,
62.7,4.708602882523817,3.47017070457947,8.462148136735324,0.046996988839731954,0.0028324260754945337,0.10866643314924201,30.09999999999988,0.2827433388230816,906.9215345822896,12.268040416299094,0.0,3.152064629101747,-0.8793979971802299,3.0269077601720427,0.0,0.10471975511965978,,
62.800000000000004,4.776355634531306,3.3174268681889743,8.585551748674717,0.0456367171389191,-0.0024172828439994187,0.11857743024301665,30.09999999999988,0.2932153143350476,909.7985110353419,13.153113789736551,0.0,3.152064629101747,-0.911046903834388,3.0175329269202864,0.0,0.10471975511965978,,
62.900000000000006,4.810593628727586,3.1146463214604037,8.701629007520916,0.029073999841130037,0.021136768693787725,0.11885420714949159,30.09999999999988,0.3036872898470136,912.6660614446562,14.068265710363264,0.0,3.152064629101747,-0.9425959039289752,3.007827187178587,0.0,0.10471975511965978,,
63.0,4.770402808514685,3.104726917371368,8.627250696058141,0.03552078531952018,0.018616059350320954,0.09594853333474024,30.09999999999988,0.3141592653589796,915.5238713510158,15.013395821458307,0.0,3.152064629101747,-0.9740415377606061,2.997791605290683,0.0,0.10471975511965978,920.4720763984204,14.163752695982335
63.1,4.78377587878207,3.1052416010521795,8.397152795926427,0.041664189332628034,0.003673268043288699,0.08472931251544583,30.09999999999988,0.3246312408709456,918.3716273633598,15.98840047885435,0.0,3.152064629101747,-1.005380356961171,2.987427281771217,0.0,0.10471975511965978,,
63.2,4.455135005174134,3.38553355971838,8.65197176441867,0.0520011211779818,0.011573555215962912,0.10030766578392679,30.09999999999988,0.3351032163829116,921.2090171931503,16.99317276230341,0.0,3.152064629101747,-1.0366089248759884,2.9767353531850596,0.0,0.10471975511965978,,
63.300000000000004,4.77261835777022,3.105474407745574,8.320758026779425,0.06848738266517154,0.0021918873596461297,0.08910195726051189,30.09999999999988,0.34557519189487756,924.0357296886178,18.027602487201847,0.0,3.152064629101747,-1.0677238169406724,2.9657169920226667,0.0,0.10471975511965978,,
63.400000000000006,4.555343102026658,2.9810625497109253,8.646932114809625,0.05999553645888896,-0.004899431563233581,0.0970997570737476,30.09999999999988,0.35604716740684356,926.8514548688831,19.091576216673364,0.0,3.152064629101747,-1.098721621056675,2.9543734065715057,0.0,0.10471975511965978,,
63.5,4.796931014063818,3.1482562646653043,8.409478070870001,0.05237406958428208,0.009569608383374388,0.08400883911264138,30.09999999999988,0.36651914291880955,929.6558839579499,20.18497727400863,0.0,3.152064629101747,-1.1295989379654614,2.9427058407835527,0.0,0.10471975511965978,,
63.6,4.575544977599541,3.1912594436453414,8.649047070451347,0.06112767942681291,-0.008144814360255565,0.11193943366225603,30.09999999999988,0.37699111843077554,932.4487094185654,21.307685755460202,0.0,3.152064629101747,-1.160352381621277,2.930715574138876,0.0,0.10471975511965978,,
63.7,4.569144957454876,3.128017112616347,8.794477354154253,0.04115547889140039,0.021260202905686826,0.08723348911128113,30.09999999999988,0.38746309394274153,935.2296249859457,22.459578543391313,0.0,3.152064629101747,-1.1909785795624648,2.918403921505333,0.0,0.10471975511965978,,
63.800000000000004,4.69403845583762,2.984670983081178,8.44815278506521,0.04561357083453229,0.009119306646765383,0.10843660146201714,30.09999999999988,0.3979350694547075,937.9983257013607,23.640529319777112,0.0,3.152064629101747,-1.221474173281295,2.905772232994374,0.0,0.10471975511965978,,
63.900000000000006,4.724091476082514,3.287613154905269,8.830304786300365,0.04845942683255176,0.013627710840393105,0.09865773223638515,30.09999999999988,0.4084070449666735,940.7545079455766,24.85040858005686,0.0,3.152064629101747,-1.251835818592262,2.8928218938129904,0.0,0.10471975511965978,,
64.0,4.697912347993609,3.230142322141121,8.68766181638831,0.05818600998768478,0.00012100221865871526,0.10040794626470248,30.09999999999988,0.4188790204786395,943.4978694721508,26.089083647335574,0.0,3.152064629101747,-1.282060185998813,2.87955432411181,0.0,0.10471975511965978,947.3448426578037,23.64401804092481
64.10000000000001,4.602634042703514,2.9824204062706077,8.767805466787555,0.04999719966778984,-0.018615687327902055,0.09657122394183616,30.09999999999988,0.4293509959906055,946.2281094405772,27.356418686933523,0.0,3.152064629101747,-1.312143961058464,2.865970978829363,0.0,0.10471975511965978,,
64.2,4.577050563235769,3.335961008347004,8.588738036029367,0.042516904776775034,0.01480860536268933,0.08749288042301274,30.09999999999988,0.4398229715025715,948.9449284492762,28.65227472128205,0.0,3.152064629101747,-1.3420838447462666,2.85207334753253,0.0,0.10471975511965978,,
64.3,4.487722377284706,3.222160073624013,8.62432775560744,0.03845876352644771,0.007323831816037834,0.09154587947019328,30.09999999999988,0.4502949470145375,951.6480285684277,29.97650964516402,0.0,3.152064629101747,-1.3718765538165822,2.837862954253195,0.0,0.10471975511965978,,
64.4,4.481830089559844,2.8930875308978656,8.709181785582377,0.04521787299443399,-0.009546626060535107,0.09886254753237612,30.09999999999988,0.4607669225265035,954.3371133726424,31.328978241297254,0.0,3.152064629101747,-1.4015188211631284,2.8233413573211172,0.0,0.10471975511965978,,
64.5,4.563019349267283,3.217438224467761,8.684305268921129,0.04978955326267563,-0.003970975599034922,0.09927861797432666,30.09999999999988,0.47123889803846947,957.0118879734686,32.70953219625925,0.0,3.152064629101747,-1.4310073961772525,2.8085101491930438,0.0,0.10471975511965978,,
64.60000000000001,4.738105906270032,3.1420391916388315,8.683575112597778,0.03960237106006572,-0.01700243442760831,0.07719801017954898,30.09999999999988,0.48171087355043546,959.672059051729,34.11802011675141,0.0,3.152064629101747,-1.4603390451043983,2.793370956278079,0.0,0.10471975511965978,,
64.7,4.534988084281862,3.379796734289076,8.579905026655089,0.04784180793165308,-0.00528551097894965,0.09246781400342638,30.09999999999988,0.49218284906240145,962.3173348896877,35.55428754620106,0.0,3.152064629101747,-1.489510551398723,2.777925438759328,0.0,0.10471975511965978,,
64.8,4.831048632565377,3.1923905534205317,8.760650941914895,0.05781599981957931,-0.005313927932748446,0.10833738173929258,30.09999999999988,0.5026548245743674,964.9474254030393,37.018176981699284,0.0,3.152064629101747,-1.5185187160758284,2.7621752904118435,0.0,0.10471975511965978,,
64.9,4.889710584163468,3.061004195682961,8.792546286770657,0.049541354928847633,0.004972107467857021,0.10301006659562814,30.09999999999988,0.5131268000863334,967.5620421727208,38.50952789127294,0.0,3.152064629101747,-1.5473603580635655,2.7461222384168784,0.0,0.10471975511965978,,
65.0,4.580848606852369,3.2300602758578068,8.613924288625297,0.045144164115436106,-0.010947517540739398,0.0640403478092848,30.09999999999988,0.5235987755982994,970.1608984765392,40.0281767314888,0.0,3.152064629101747,-1.5760323145508748,2.7297680431724864,0.0,0.10471975511965978,969.8531053877739,40.34859565538428
65.10000000000001,4.692478449136898,2.9876616174980812,8.742191237546173,0.029550202588897175,0.003097111620394496,0.1066625803316396,30.09999999999988,0.5340707511102654,972.7437093206144,41.573956965387914,0.0,3.152064629101747,-1.6045314413346237,2.7131144981004707,0.0,0.10471975511965978,,
65.2,4.52348212810559,3.233362223884387,8.659578934613165,0.03320733787311292,0.0016467635722207186,0.09292330629712627,30.09999999999988,0.5445427266222314,975.3101914706316,43.14669908074828,0.0,3.152064629101747,-1.6328546131644042,2.6961634294497165,0.0,0.10471975511965978,,
65.3,4.618442023546905,3.305924335571771,8.833458610844355,0.05531727927943941,0.006251162392496495,0.0930173771668861,30.09999999999988,0.5550147021341973,977.8600634829016,44.74623060867375,0.0,3.152064629101747,-1.6609987240852524,2.678916696095923,0.0,0.10471975511965978,,
65.4,4.886876167671916,2.7593682244536675,8.825001931701607,0.05053176038574183,0.003486282926223532,0.09487288455644949,30.09999999999988,0.5654866776461633,980.3930457352237,46.37237614250721,0.0,3.152064629101747,-1.6889606877782504,2.6613761893377554,0.0,0.10471975511965978,,
65.5,4.677073974204064,3.16222788985717,8.94381432460274,0.024309944486432505,0.00012528017244206393,0.088520224858091,30.09999999999988,0.5759586531581293,982.90886045755,48.02495735706589,0.0,3.152064629101747,-1.7167374378989761,2.6435438326894434,0.0,0.10471975511965978,,
65.60000000000001,4.894643599505211,3.42234032360261,8.58671508243354,0.040477223768449526,-0.0013099503168998434,0.10086354890563984,30.09999999999988,0.5864306286700953,985.4072317624452,49.70379302819669,0.0,3.152064629101747,-1.744325928413764,2.625421581669846,0.0,0.10471975511965978,,
65.7,4.7985683869763625,2.879174081110075,8.516833436899873,0.034886887207028164,0.003584175119966101,0.0971195734766317,30.09999999999988,0.5969026041820613,987.887885675342,51.40869905264954,0.0,3.152064629101747,-1.7717231339337347,2.6070114235880055,0.0,0.10471975511965978,,
65.8,4.596250057285414,3.1404225165257222,8.504612055361404,0.0566508285988989,-0.006382592581964028,0.09486529104070264,30.09999999999988,0.6073745796940273,990.3505501645842,53.1394884682663,0.0,3.152064629101747,-1.7989260500465645,2.5883153773252205,0.0,0.10471975511965978,,
65.9,4.902186356833105,3.1682916845473557,8.4887695968141,0.049181164634627815,-0.010166572067851265,0.09714659480686122,30.09999999999988,0.6178465552059933,992.7949551712588,54.895971474483325,0.0,3.152064629101747,-1.8259316936459524,2.5693354931136487,0.0,0.10471975511965978,,
66.0,4.476294697898887,3.2015017607751846,8.605456834071546,0.04140264882969947,-0.007950900137074871,0.08846190048423162,30.09999999999988,0.6283185307179593,995.2208326388111,56.67795545314522,0.0,3.152064629101747,-1.8527371032587527,2.550073852311477,0.0,0.10471975511965978,996.3487886311048,53.76128730544333
66.10000000000001,4.734809863572352,3.090815803774787,8.740556568269726,0.046735701409240986,-0.0005309725821190359,0.11212246540981118,30.09999999999988,0.6387905062299253,997.6279165424395,58.485244989627596,0.0,3.152064629101747,-1.879339339369731,2.53053256717468,0.0,0.10471975511965978,,
66.2,4.832962531962454,3.056148360654292,8.767881050089642,0.05449951720643521,-0.0013471299086354085,0.08808693138991304,30.09999999999988,0.6492624817418913,1000.0159429182686,60.317641894266465,0.0,3.152064629101747,-1.9057354847439179,2.510713780625382,0.0,0.10471975511965978,,
66.3,4.699547066042349,3.232211588374695,8.466778630427006,0.03918523467571929,0.008115249105897416,0.10169644124399166,30.09999999999988,0.6597344572538573,1002.3846498922957,62.174945224092006,0.0,3.152064629101747,-1.9319226447465156,2.4906196660168654,0.0,0.10471975511965978,,
66.4,4.822215068993796,3.3552998151573714,8.412752859981822,0.05511326009713365,0.007194318334367174,0.11592371994834821,30.09999999999988,0.6702064327658233,1004.7337777091082,64.05695130486419,0.0,3.152064629101747,-1.9578979476603275,2.4702524268952377,0.0,0.10471975511965978,,
66.5,4.764480829389976,3.801157853701396,8.648306536944968,0.06182139517474606,0.008866977126737155,0.08729290397597306,30.09999999999988,0.6806784082777892,1007.0630687603685,65.96345375340798,0.0,3.152064629101747,-1.983658545000674,2.449614296757786,0.0,0.10471975511965978,,
66.60000000000001,4.838662927597338,3.193690934993251,8.414210761050022,0.03785005618572276,0.010267479903794362,0.0960860821555412,30.09999999999988,0.6911503837897552,1009.3722676130645,67.89424350024557,0.0,3.152064629101747,-2.0092016118277614,2.428707538808051,0.0,0.10471975511965978,,
66.7,4.82062565904757,3.2985428800214525,8.631748173663475,0.07270553539737622,-0.007198026714282435,0.10218499939154485,30.09999999999988,0.7016223593017212,1011.6611210375196,69.8491088125232,0.0,3.152064629101747,-2.034524347056467,2.4075344457076393,0.0,0.10471975511965978,,
66.8,4.614186313040304,2.886346995543406,8.890264564213593,0.06853113326754608,-0.00445919880989444,0.09902968186091535,30.09999999999988,0.7120943348136872,1013.9293780351626,71.82783531723004,0.0,3.152064629101747,-2.059623973763513,2.386097339324808,0.0,0.10471975511965978,,
66.9,4.974685232604585,3.1079119540069593,8.707739063857156,0.04250891192699171,0.003556292720141008,0.0948431893287233,30.09999999999988,0.7225663103256532,1016.1767898660528,73.83020602470663,0.0,3.152064629101747,-2.084497739491983,2.3643985704798474,0.0,0.10471975511965978,,
67.0,4.337181176513031,3.1048398562636508,8.72436734476379,0.050768681873926226,-0.009978689800072492,0.10546448182673157,30.09999999999988,0.7330382858376192,1018.403110076157,75.85600135244023,0.0,3.152064629101747,-2.1091429165531634,2.342440518687283,0.0,0.10471975511965978,1015.8297350446783,70.85255005924607
67.10000000000001,4.55390858405018,3.0731378947729717,8.545057223564985,0.04918633251172675,-0.0035483522359730387,0.0903820265633866,30.09999999999988,0.7435102613495852,1020.6080945243757,77.90499914914452,0.0,3.152064629101747,-2.133556802325663,2.32022559189494,0.0,0.10471975511965978,,
67.2,4.663255887848169,3.4877089740060345,8.79434320662056,0.05796976736488291,0.002702839832767011,0.09782525349256839,30.09999999999988,0.7539822368615512,1022.7915014093164,79.97697471912097,0.0,3.152064629101747,-2.1577367195517883,2.2977562262198794,0.0,0.10471975511965978,,
67.3,4.582410492147017,3.2485887816006795,8.913913562429787,0.05820288210768349,0.002754895486599298,0.08654981013599913,30.09999999999988,0.7644542123735172,1024.9530912958094,82.0717008468993,0.0,3.152064629101747,-2.1816800166311316,2.2750348856812543,0.0,0.10471975511965978,,
67.4,4.606290539049094,3.123860065009939,8.78788012761192,0.0384019142371126,0.0006279316112112977,0.09523136162136946,30.09999999999988,0.7749261878854832,1027.0926271411645,84.18894782215418,0.0,3.152064629101747,-2.205384067911352,2.252064061930102,0.0,0.10471975511965978,,
67.5,4.650041695624454,3.252944251992079,8.653567688723905,0.04250794876692879,0.013300962429401875,0.1062713522985762,30.09999999999988,0.7853981633974492,1029.2098743211661,86.32848346489556,0.0,3.152064629101747,-2.228846273976107,2.228846273976103,0.0,0.10471975511965978,,
67.60000000000001,4.619637410725108,3.61993144821929,8.515401290702783,0.05842210936044837,0.007806317775597645,0.10197944492655568,30.09999999999988,0.7958701389094152,1031.3046006558016,88.49007315092985,0.0,3.152064629101747,-2.2520640619301058,2.2053840679113486,0.0,0.10471975511965978,,
67.7,4.592757346392882,3.25635326023107,8.773456045170354,0.05468759723514532,0.010207702034457559,0.08432068296145669,30.09999999999988,0.8063421144213812,1033.3765764347231,90.67347983758906,0.0,3.152064629101747,-2.2750348856812583,2.1816800166311276,0.0,0.10471975511965978,,
67.8,4.637216656122664,3.1210909226236923,8.6490708837671,0.03892409365480827,-0.011634714674987444,0.08073756805213916,30.09999999999988,0.8168140899333471,1035.4255744424374,92.87846408972526,0.0,3.152064629101747,-2.2977562262198834,2.1577367195517843,0.0,0.10471975511965978,,
67.9,4.600218872617349,3.2464592392142957,8.455441231804357,0.04351696310598026,0.016689407738470885,0.07353286360004589,30.09999999999988,0.8272860654453131,1037.4513699832228,95.10478410596728,0.0,3.152064629101747,-2.320225591894944,2.1335568023256593,0.0,0.10471975511965978,,
68.0,4.599753043940788,3.2332391548276807,8.738957882392725,0.03843905322916868,0.004979698596088692,0.09246813593600253,30.09999999999988,0.8377580409572791,1039.4537409057696,97.352195745237,0.0,3.152064629101747,-2.3424405186872868,2.1091429165531594,0.0,0.10471975511965978,1036.3017948446782,91.79219444509019
68.10000000000001,4.641568714202077,3.280971821633661,8.288577174959006,0.048975805823465765,-0.0005369195491151718,0.09979174811607872,30.09999999999988,0.8482300164692451,1041.4324676275412,99.62045255352213,0.0,3.152064629101747,-2.364398570479851,2.084497739491979,0.0,0.10471975511965978,,
68.2,4.643683623588622,3.0485204646948345,8.735120689034728,0.04528268004138137,-0.007696168865192842,0.088536447460046,30.09999999999988,0.8587019919812111,1043.3873331588547,101.90930579090274,0.0,3.152064629101747,-2.3860973393248117,2.0596239737635087,0.0,0.10471975511965978,,
68.3,4.7231483826622345,3.4246719484582604,8.515211851866033,0.030522933499826002,-0.016236783704078536,0.12428610425484268,30.09999999999988,0.8691739674931771,1045.3181231266751,104.21850445882828,0.0,3.152064629101747,-2.4075344457076424,2.0345243470564633,0.0,0.10471975511965978,,
68.4,4.376818370045999,3.372940526650752,8.647542615733526,0.04819013683123457,0.024501864991928093,0.0881977180573454,30.09999999999988,0.8796459430051431,1047.2246257981246,106.54779532764253,0.0,3.152064629101747,-2.4287075388080543,2.009201611827757,0.0,0.10471975511965978,,
68.5,4.593050592053242,3.2802154325422985,8.35795129120517,0.048984733572904275,0.022175151544608585,0.09898385204912752,30.09999999999988,0.8901179185171091,1049.1066321037008,108.89692296435301,0.0,3.152064629101747,-2.4496142967577894,1.9836585450006698,0.0,0.10471975511965978,,
68.60000000000001,4.555142277385916,3.17018346930147,8.634013522338552,0.05866598943421551,-0.008474764970823716,0.11236218369208482,30.09999999999988,0.9005898940290751,1050.963935660204,111.26562976064207,0.0,3.152064629101747,-2.470252426895241,1.957897947660323,0.0,0.10471975511965978,,
68.7,4.667143430399359,3.2763281202166206,8.651635934256982,0.046335662538123386,0.0039778337482998544,0.09767502445926222,30.09999999999988,0.9110618695410411,1052.7963327933694,113.65365596111663,0.0,3.152064629101747,-2.4906196660168685,1.9319226447465114,0.0,0.10471975511965978,,
68.8,4.533405102136806,3.059689196352579,8.705064641343185,0.041506227479061006,0.006053030139133389,0.11302369757911795,30.09999999999988,0.9215338450530071,1054.603622560202,116.06073969179316,0.0,3.152064629101747,-2.510713780625385,1.9057354847439136,0.0,0.10471975511965978,,
68.9,4.848462394818031,3.1352642493247074,8.916583595322802,0.04947231226772951,-0.00706355554597767,0.08670895477039359,30.09999999999988,0.932005820564973,1056.3856067710128,118.48661698881526,0.0,3.152064629101747,-2.5305325671746832,1.8793393393697264,0.0,0.10471975511965978,,
69.0,4.585383785355479,3.10143683998981,8.646636490332993,0.0649359282043637,0.018464186419696438,0.09890696575398121,30.09999999999988,0.942477796076939,1058.1420900111516,120.93102182740013,0.0,3.152064629101747,-2.5500738523114808,1.8527371032587483,0.0,0.10471975511965978,1056.4797437636244,122.90481437754498
69.10000000000001,4.9919645253341836,3.0665735266545333,8.51237224132527,0.04046237500975146,0.002031670841552741,0.07618161670221493,30.09999999999988,0.952949771588905,1059.8728796624375,123.3936861510113,0.0,3.152064629101747,-2.569335493113652,1.8259316936459482,0.0,0.10471975511965978,,
69.2,4.805693466789541,3.253478849248494,8.492601672226437,0.057639182720270805,0.0109024064050139,0.07963083183471696,30.09999999999988,0.963421747100871,1061.5777859242812,125.87433990075397,0.0,3.152064629101747,-2.5883153773252237,1.7989260500465603,0.0,0.10471975511965978,,
69.3,4.714741301046159,3.3060560384656865,8.649065151757734,0.03912730841156137,-0.0050947210186534945,0.09805547825185394,30.09999999999988,0.973893722612837,1063.256621834498,128.37271104499007,0.0,3.152064629101747,-2.6070114235880086,1.7717231339337303,0.0,0.10471975511965978,,
69.4,4.730584901417827,3.20037483980348,8.613053715720595,0.04383981676132842,0.006265728172030098,0.08455383861538054,30.09999999999988,0.984365698124803,1064.9092032898122,130.88852560916953,0.0,3.152064629101747,-2.6254215816698485,1.7443259284137593,0.0,0.10471975511965978,,
69.5,4.545836542838709,3.21366714277207,8.661160523458248,0.056491840494264645,-0.007798690827674695,0.08326479616861261,30.09999999999988,0.994837673636769,1066.5353490660439,133.42150770587475,0.0,3.152064629101747,-2.6435438326894465,1.7167374378989715,0.0,0.10471975511965978,,
69.60000000000001,4.544780987623593,3.2444558066078746,8.569039730597318,0.04230162686155984,0.006018921116672011,0.08789381264527316,30.09999999999988,1.005309649148735,1068.134880837984,135.9713795650747,0.0,3.152064629101747,-2.6613761893377585,1.6889606877782457,0.0,0.10471975511965978,,
69.7,4.685947115282828,3.444775753781003,8.497394629598256,0.06901490480576479,-0.0023493849520087816,0.0910006646403792,30.09999999999988,1.015781624660701,1069.7076231989483,138.53786156458557,0.0,3.152064629101747,-2.678916696095926,1.660998724085248,0.0,0.10471975511965978,,
69.8,4.615486408285985,3.210221177744657,8.586480218063155,0.049920480803566016,-0.007636323412295227,0.10214975392660193,30.09999999999988,1.026253600172667,1071.2534036800143,141.12067226073452,0.0,3.152064629101747,-2.6961634294497197,1.6328546131643995,0.0,0.10471975511965978,,
69.9,4.751367427742395,3.052573418660185,8.391852011677292,0.05605580666619936,0.0017565270685684625,0.08865042920578893,30.09999999999988,1.036725575684633,1072.7720527689326,143.71952841922305,0.0,3.152064629101747,-2.7131144981004733,1.6045314413346188,0.0,0.10471975511965978,,
70.0,4.481562190887303,3.086490351943205,8.85138496479119,0.03843373081260825,-0.01623357881458611,0.08340352034190338,30.09999999999988,1.047197551196599,1074.2634039287166,146.33414504618696,0.0,3.152064629101747,-2.729768043172489,1.5760323145508701,0.0,0.10471975511965978,,
70.10000000000001,4.719858231683814,2.9020879814306246,8.458570260861304,0.05634913288621847,-0.0005455626771068467,0.08676640868810917,30.09999999999988,1.057669526708565,1075.7272936159059,148.96423541944904,0.0,3.152064629101747,-2.746122238416881,1.5473603580635609,0.0,0.10471975511965978,,
70.2,4.658620749024106,3.288563022465287,8.4958271632866,0.05188241971255064,0.021696288706009526,0.10664551942098956,30.09999999999988,1.068141502220531,1077.1635612985,151.60951111996144,0.0,3.152064629101747,-2.7621752904118457,1.5185187160758236,0.0,0.10471975511965978,,
70.3,4.69653292270471,3.0722123663451146,8.644291663936214,0.04964206463134434,-0.012166755032413839,0.09508003731234613,30.09999999999988,1.078613477732497,1078.5720494735622,154.26968206343403,0.0,3.152064629101747,-2.777925438759331,1.4895105513987181,0.0,0.10471975511965978,,
70.4,4.629886661515961,3.4106716665024774,8.532205803773508,0.07487033253118441,0.0218337786391154,0.11055600815485674,30.09999999999988,1.089085453244463,1079.9526036844916,156.9444565321455,0.0,3.152064629101747,-2.793370956278081,1.4603390451043934,0.0,0.10471975511965978,,
70.5,4.573554509032737,3.3554939108010666,8.593726825977699,0.05258062883980952,-0.004030852430274456,0.10165046269510523,30.09999999999988,1.099557428756429,1081.3050725379617,159.63354120693336,0.0,3.152064629101747,-2.8085101491930464,1.4310073961772476,0.0,0.10471975511965978,,
70.60000000000001,4.779504596798697,2.987612740747459,8.47751945449199,0.037855138623470674,0.008381673089641363,0.0901697489587482,30.09999999999988,1.110029404268395,1082.6293077205216,162.3366411993598,0.0,3.152064629101747,-2.8233413573211195,1.4015188211631235,0.0,0.10471975511965978,,
70.7,4.707192545462629,3.1665197404533934,8.44199720979228,0.05777634937379426,-0.011948045398421986,0.08844222541896216,30.09999999999988,1.120501379780361,1083.925164014861,165.05346008404948,0.0,3.152064629101747,-2.8378629542531972,1.3718765538165771,0.0,0.10471975511965978,,
70.8,4.6439214801903965,3.37273684194763,8.75309520028024,0.04952359174663643,0.008369132016236354,0.09362339584431119,30.09999999999988,1.130973355292327,1085.192499315734,167.7836999311959,0.0,3.152064629101747,-2.852073347532533,1.3420838447462615,0.0,0.10471975511965978,,
70.9,4.78056370233357,3.0498141879051026,8.694846436813112,0.025640512658935338,-0.02128148108510161,0.06339896800698325,30.09999999999988,1.141445330804293,1086.4311746455437,170.52706133923286,0.0,3.152064629101747,-2.8659709788293655,1.3121439610584589,0.0,0.10471975511965978,,
71.0,4.751547765965188,3.0538002317248885,8.713398774762652,0.058641865694112574,0.018150547326876737,0.10757867908398817,30.09999999999988,1.1519173063162589,1087.6410541695814,173.28324346766706,0.0,3.152064629101747,-2.8795543241118122,1.2820601859988079,0.0,0.10471975511965978,,
71.10000000000001,4.4677242978535805,3.203034914491071,8.5798453367409,0.056384673465062304,0.01340385197587668,0.11094604778536164,30.09999999999988,1.1623892818282249,1088.822005210923,176.0519440700688,0.0,3.152064629101747,-2.892821893812992,1.251835818592257,0.0,0.10471975511965978,,
71.2,4.942323890880834,3.0978061276895064,8.643169229804151,0.053235624220781624,0.011841781500172255,0.10346464461445871,30.09999999999988,1.1728612573401909,1089.9738982649787,178.83285952721658,0.0,3.152064629101747,-2.905772232994376,1.22147417328129,0.0,0.10471975511965978,,
71.3,4.512219518579995,3.3682872330117477,8.436826838582883,0.05986885067525173,-0.01686996149385481,0.0980239625178839,30.09999999999988,1.1833332328521569,1091.0966070136947,181.62568488039247,0.0,3.152064629101747,-2.9184039215053352,1.1909785795624597,0.0,0.10471975511965978,,
71.4,4.568048493432853,2.8919181544399173,8.448082681659042,0.05516071489974151,-0.02098171947540928,0.08379216494543278,30.09999999999988,1.1938052083641228,1092.190008339405,184.43011386482422,0.0,3.152064629101747,-2.9307155741388784,1.1603523816212717,0.0,0.10471975511965978,,
71.5,4.749952493452373,3.2344148238263104,8.769543297209946,0.047738993263802494,-0.0004988553121476582,0.08519525302742326,30.09999999999988,1.2042771838760888,1093.2539823383324,187.24583894327063,0.0,3.152064629101747,-2.9427058407835545,1.1295989379654563,0.0,0.10471975511965978,,
71.60000000000001,4.7681282952769015,3.2199220964519855,8.66308132855603,0.044395216650964575,0.0026755299443448665,0.10219464094194279,30.09999999999988,1.2147491593880548,1094.2884123337383,190.0725513397465,0.0,3.152064629101747,-2.954373406571508,1.0987216210566697,0.0,0.10471975511965978,,
71.7,4.270210109185041,3.1619477286027977,8.527996658612365,0.06247614805868789,-0.014463001609545684,0.10928915206830493,30.09999999999988,1.2252211349000208,1095.2931848887165,192.9099410733834,0.0,3.152064629101747,-2.965716992022669,1.067723816940667,0.0,0.10471975511965978,,
71.8,4.728428472852876,3.25851793672267,8.58191269190474,0.04344463274581666,-0.021080713820572892,0.10485449286873834,30.09999999999988,1.2356931104119868,1096.2681898186336,195.75769699242258,0.0,3.152064629101747,-2.9767353531850613,1.036608924875983,0.0,0.10471975511965978,,
71.9,4.5256030579033695,3.321814535889709,8.631237850918133,0.05116214112277329,0.007965626082163143,0.08470910147260335,30.09999999999988,1.2461650859239528,1097.2133202032119,198.61550680833625,0.0,3.152064629101747,-2.9874272817712186,1.0053803569611657,0.0,0.10471975511965978,,
72.0,4.534785104257312,3.3055407785352364,8.712979801451144,0.04093428337048132,-0.005090163522999395,0.10496270721643647,30.09999999999988,1.2566370614359188,1098.1284723982542,201.48305713007346,0.0,3.152064629101747,-2.9977916052906846,0.9740415377606008,0.0,0.10471975511965978,,
72.10000000000001,4.845595342277156,3.0890749085556837,8.704154639711204,0.033270276379062026,0.005884845927768895,0.09348810574910281,30.09999999999988,1.2671090369478848,1099.0135460470092,204.36003349842707,0.0,3.152064629101747,-3.007827187178589,0.9425959039289697,0.0,0.10471975511965978,,
72.2,4.719574981536425,3.2644476972435004,8.345397016158488,0.05095035418914824,0.0055043739194557215,0.08745557021135734,30.09999999999988,1.2775810124598508,1099.8684440911775,207.24612042051774,0.0,3.152064629101747,-3.0175329269202877,0.9110469038343826,0.0,0.10471975511965978,,
72.3,4.468610231655219,3.3104406256367116,8.860355949461376,0.05663955306264039,0.014679040565616377,0.10027099402975367,30.09999999999988,1.2880529879718168,1100.6930727815547,210.14100140439123,0.0,3.152064629101747,-3.0269077601720444,0.8793979971802246,0.0,0.10471975511965978,,
72.4,4.640355219839006,3.161602891405367,8.849888555854392,0.05795785261847212,-0.0052897723835741576,0.07873526790088131,30.09999999999988,1.2985249634837828,1101.4873416883122,213.0443589937253,0.0,3.152064629101747,-3.035950658877748,0.8476526546257611,0.0,0.10471975511965978,,
72.5,4.640594390689424,3.231664144692468,8.485330965738886,0.057651637001323315,-0.009850738888921446,0.09390700761318499,30.09999999999988,1.3089969389957488,1102.2511637109137,215.95587480264243,0.0,3.152064629101747,-3.0446606313816518,0.8158143574055406,0.0,0.10471975511965978,,
72.60000000000001,4.5050636119515755,3.044043174243406,8.743516502045292,0.06209517026934969,0.0008213145796127364,0.1085557698657249,30.09999999999988,1.3194689145077148,1102.9844550876674,218.87522955062434,0.0,3.152064629101747,-3.0530367225371173,0.7838865969476384,0.0,0.10471975511965978,,
72.7,4.713790892999235,3.452925540947982,8.619383015191486,0.0671898011454308,0.006163875558479972,0.09808843602202481,30.09999999999988,1.3299408900196807,1103.68713540491,221.8021030975248,0.0,3.152064629101747,-3.0610780138113602,0.7518728744907819,0.0,0.10471975511965978,,
72.8,4.538023182329007,3.219170672889623,8.808844578925944,0.07079979700137272,-0.017127058806900367,0.10070744401363688,30.09999999999988,1.3404128655316467,1104.359127605826,224.7361744786765,0.0,3.152064629101747,-3.0687836233861745,0.7197767007004003,0.0,0.10471975511965978,,
72.9,4.323959572182253,3.3819522135046074,8.535360882829686,0.04403621581516363,0.017570926615508093,0.09365377601565132,30.09999999999988,1.3508848410436127,1105.0003579988982,227.67712194008854,0.0,3.152064629101747,-3.076152706254637,0.6876015952836407,0.0,0.10471975511965978,,
73.0,4.5768860503228765,3.137479483360659,8.576610825922518,0.05208698778541455,0.01593308132381428,0.09829379692308648,30.09999999999988,1.3613568165555787,1105.610756265988,230.62462297373028,0.0,3.152064629101747,-3.083184454313768,0.6553510866033926,0.0,0.10471975511965978,,
73.10000000000001,4.557139287375412,3.015957777750693,8.817610218750952,0.048689566826867176,-0.006167455149922551,0.08549849454294114,30.09999999999988,1.3718287920675447,1106.1902554700468,233.57835435289812,0.0,3.152064629101747,-3.0898780964531527,0.6230287112913628,0.0,0.10471975511965978,,
73.2,4.6697864772863875,3.204514651291832,8.650984193117756,0.03294791327022589,0.004335634376251456,0.07851391234596579,30.09999999999988,1.3823007675795107,1106.7387920624567,236.53799216766075,0.0,3.152064629101747,-3.0962328986394994,0.5906380138602447,0.0,0.10471975511965978,,
73.3,4.474910165997201,3.354238404918086,8.655545985005201,0.03593284403330417,-0.0002847154441759881,0.09475027364262097,30.09999999999988,1.3927727430914767,1107.2563058899987,239.50321186037974,0.0,3.152064629101747,-3.1022481639971375,0.5581825463150212,0.0,0.10471975511965978,,
73.4,4.631365188153602,3.024755399451481,8.709125621978247,0.055488855391252985,-0.007870060373601946,0.11942056765775631,30.09999999999988,1.4032447186034427,1107.7427402014496,242.47368826130077,0.0,3.152064629101747,-3.1079232328844344,0.5256658677634488,0.0,0.10471975511965978,,
73.5,4.718685797603661,2.9059163742062957,8.820004477860904,0.04897233156033278,0.0017878424441578524,0.1085084723303481,30.09999999999988,1.4137166941154087,1108.1980416538058,245.44909562421225,0.0,3.152064629101747,-3.1132574829661337,0.49309154402576016,0.0,0.10471975511965978,,
73.60000000000001,4.766655632506231,3.3320721890953897,8.692849043063099,0.046516096647865456,0.0006334021035173408,0.09962075112209595,30.09999999999988,1.4241886696273747,1108.6221603181323,248.42910766216704,0.0,3.152064629101747,-3.118250329281602,0.46046314724363246,0.0,0.10471975511965978,,
73.7,4.484233369039139,3.178454310358208,8.737611169185792,0.04170371372146767,-0.005770057163459245,0.09701033530663228,30.09999999999988,1.4346606451393407,1109.015049685038,251.4133975832635,0.0,3.152064629101747,-3.122901224308978,0.42778425548846144,0.0,0.10471975511965978,,
73.8,4.6642866202309,3.2284083877717893,8.627462917519821,0.04646801644713166,-0.003222882011092089,0.07806095842075883,30.09999999999988,1.4451326206513067,1109.3766666697766,254.4016381264819,0.0,3.152064629101747,-3.127209658025211,0.39505845236898574,0.0,0.10471975511965978,,
73.9,4.62798534434982,3.3872715673389284,8.962219649804423,0.04972003193600429,-0.021833764435246882,0.09935586209077728,30.09999999999988,1.4556045961632726,1109.7069716169701,257.3935015975723,0.0,3.152064629101747,-3.131175157961991,0.3622893266383037,0.0,0.10471975511965978,,
74.0,4.565709726058906,3.0164337173751004,9.039385876687081,0.0491808863374211,-0.0013922078938510306,0.0977650683084966,30.09999999999988,1.4660765716752386,1110.0059283049595,260.3886599049898,0.0,3.152064629101747,-3.1347972892575635,0.32948047180032614,0.0,0.10471975511965978,,
74.10000000000001,4.671771214347122,3.1022548163021852,8.386857632942922,0.05382262856318638,-0.00851836440695866,0.09099683653415493,30.09999999999988,1.4765485471872046,1110.2735039497747,263.3867845958736,0.0,3.152064629101747,-3.1380756547044144,0.29663548571570814,0.0,0.10471975511965978,,
74.2,5.018641338157089,3.1846106803845813,8.758811964118243,0.06315470746113526,-0.009995414243110635,0.09155432833031885,30.09999999999988,1.4870205226991706,1110.5096692087309,266.38754689206564,0.0,3.152064629101747,-3.1410098947928287,0.2637579702073034,0.0,0.10471975511965978,,
74.3,4.810277821449397,3.1987022724035152,8.716984852170938,0.0505342937630015,-0.0012518155319019635,0.09842367972463884,30.09999999999988,1.4974924982111366,1110.7143981836464,269.3906177261646,0.0,3.152064629101747,-3.1435996877503145,0.2308515306651832,0.0,0.10471975511965978,,
74.4,4.82176584809138,3.109636914702409,8.660798080453484,0.050997236101648205,-0.0053992484509072635,0.09891906437227833,30.09999999999988,1.5079644737231026,1110.8876684236816,272.39566777761195,0.0,3.152064629101747,-3.14584474957689,0.19791977565126534,0.0,0.10471975511965978,,
74.5,5.020017191010845,3.1173390571644624,8.496556213310084,0.07004405858553091,0.003815443545665438,0.09829819907469244,30.09999999999988,1.5184364492350686,1111.0294609278023,275.4023675088057,0.0,3.152064629101747,-3.147744834076226,0.16496631650359414,0.0,0.10471975511965978,,
74.60000000000001,4.639544170947863,3.3458443963337725,8.398158207654628,0.048879202344106164,-0.00742532380315288,0.10818318230026604,30.09999999999988,1.5289084247470346,1111.139760146863,278.410387201238,0.0,3.152064629101747,-3.1492997328826458,0.1319947669403169,0.0,0.10471975511965978,,
74.7,4.7574287532392905,2.995809148706065,8.713933521595774,0.05119750184763139,-0.014254142672821218,0.09791926326992122,30.09999999999988,1.5393804002590006,1111.2185539853108,281.41939699165215,0.0,3.152064629101747,-3.1505092754839725,0.09900874266339882,0.0,0.10471975511965978,,
74.8,4.550472454361062,2.9399657332062246,8.614370584861556,0.05438238888322122,-0.005102896249121274,0.09733113005447877,30.09999999999988,1.5498523757709666,1111.2658338025135,284.4290669082162,0.0,3.152064629101747,-3.1513733292402297,0.0660118609621206,0.0,0.10471975511965978,,
74.9,4.511849769765851,3.0321252684371487,8.69172225450899,0.03660924597535724,-0.00043502992767837723,0.10004482685634551,30.09999999999988,1.5603243512829326,1111.2815944137062,287.439066906708,0.0,3.152064629101747,-3.1518917993981863,0.0330077403164018,0.0,0.10471975511965978,,
75.0,5.1869659117970475,-1.2811823571471577,8.74137282972668,-0.008789202957354279,0.0019748544583433458,-0.041536429918132986,30.09999999999988,1.5707963267948986,1111.2881612150168,290.45156690670797,0.5,-1.3133602621257277,1.3133602621257268,0.5000000000000026,0.0,-0.04363323129985824,,
75.10000000000001,5.074457188925141,-1.4564448120260929,8.147754960268355,-0.028227263233458425,0.018244898044781327,-0.033629855203263184,30.14999999999988,1.5664330036649128,1111.307905147787,293.46900948170133,0.5,-1.3155419236907206,1.3177110553221358,0.4942551240702568,0.0,-0.04363323129985824,,
75.2,5.074258060368117,-1.1301945271658096,8.468602115195694,-0.02287698584865264,0.015172615206289023,-0.01910151146750526,30.199999999999882,1.562069680534927,1111.3408694683828,296.4913368983546,0.5,-1.3177235852557136,1.322036678128504,0.48848179988830975,0.0,-0.04363323129985824,,
75.3,4.92452708980124,-1.3234364002167247,8.258260404922435,-0.008851265650699977,0.0001141114427590733,-0.03849991211103279,30.249999999999883,1.5577063574049412,1111.3870971798117,299.51849113995553,0.5,-1.3199052468207066,1.326336965121802,0.4826801379136277,0.0,-0.04363323129985824,,
75.4,5.090306794195547,-1.258887033143966,8.582150216264472,-0.018615752006560692,-0.020658994580265988,-0.03836047694884146,30.299999999999883,1.5533430342749555,1111.4466310300736,302.5504139075269,0.5,-1.3220869083856994,1.3306117513645213,0.4768502495076396,0.0,-0.04363323129985824,,
75.5,5.021278936555124,-1.3430611756714836,8.411184307139314,-0.003627603069565305,-0.003097706264980636,-0.028629212963002342,30.349999999999884,1.5489797111449697,1111.5195135105157,305.587046620949,0.5,-1.3242685699506924,1.3348608724093962,0.47099224693160047,0.0,-0.04363323129985824,,
75.60000000000001,5.051188835753012,-1.4888059988859745,8.326241706311697,-0.013017978369866855,-0.022393889809080206,-0.01825316355924586,30.399999999999885,1.544616388014984,1111.605786854193,308.62833042009146,0.5,-1.3264502315156854,1.3390841643041143,0.4651062433444292,0.0,-0.04363323129985824,,
75.7,4.751795373878226,-1.5111352462304588,8.296915652441216,-0.036198222052083805,-0.01216831720141179,-0.04272403693779221,30.449999999999886,1.5402530648849981,1111.705493034235,311.67420616595325,0.5,-1.3286318930806784,1.3432814635960204,0.45919235280052356,0.0,-0.04363323129985824,,
75.8,5.1067179305976005,-1.6634397152928402,8.270477847778436,-0.010186816634962863,0.012647080478668587,-0.05367951988877895,30.499999999999886,1.5358897417550124,1111.8186737622143,314.7246144418127,0.5,-1.3308135546456712,1.3474526073368092,0.45325069024755077,0.0,-0.04363323129985824,,
75.9,4.930407681745344,-0.9265682793247103,8.483989891571023,-0.007022753804722809,0.0055259598419121385,-0.0357649105006815,30.549999999999887,1.5315264186250266,1111.9453704865236,317.77949555438573,0.5,-1.3329952162106642,1.3515974330872091,0.44728137152421416,0.0,-0.04363323129985824,,
76.0,5.156496192354722,-1.175231871977614,8.295849313625785,-0.013613961273428215,-0.010757047207137016,-0.023817510475169657,30.599999999999888,1.5271630954950408,1112.0856243907563,320.838789534993,0.5,-1.3351768777756572,1.3557157789216547,0.4412845133579959,0.0,-0.04363323129985824,,
76.10000000000001,5.237018789196337,-1.2815247304014397,8.4325693565289,-0.0013688496523896372,-0.017477728631527117,-0.0345193834878329,30.64999999999989,1.522799772365055,1112.2394763920913,323.90243614073614,0.5,-1.3373585393406502,1.3598074834329499,0.43526023336287617,0.0,-0.04363323129985824,,
76.2,5.196965492530289,-1.1421297220094917,8.125799427457427,-0.026883104360148884,-0.0041683086425023655,-0.0317442109714262,30.69999999999989,1.5184364492350693,1112.4069671396858,326.9703748556829,0.5,-1.339540200905643,1.3638723857369217,0.4292086500370285,0.0,-0.04363323129985824,,
76.3,5.077959502993023,-0.899184803418269,8.608910267946563,-0.012897590465123829,0.010480467136912298,-0.019674495674863013,30.74999999999989,1.5140731261050835,1112.5881370130705,330.0425448920605,0.5,-1.341721862470636,1.3679103254770635,0.423129882760491,0.0,-0.04363323129985824,,
76.4,5.13215786668058,-1.418083689321908,8.310246628047201,-0.02972506719923545,0.003275429375121485,-0.02785443296782255,30.79999999999989,1.5097098029750977,1112.7830261205522,333.11888519145884,0.5,-1.343903524035629,1.3719211428291664,0.41702405179281454,0.0,-0.04363323129985824,,
76.5,5.380503182269002,-1.264583986074045,8.270606427842202,-0.0265044570939095,0.011917717962203223,-0.02425330729655479,30.84999999999989,1.505346479845112,1112.9916742976197,336.1993344260413,0.5,-1.346085185600622,1.3759046785059428,0.41089127827068683,0.0,-0.04363323129985824,,
76.60000000000001,5.203835385980823,-1.4077910506074987,8.293388169647399,-0.022578594174436112,-0.016540288314746708,-0.009959652531729986,30.899999999999892,1.5009831567151262,1113.214121105358,339.28383099976514,0.5,-1.3482668471656147,1.3798607737616355,0.40473168420553307,0.0,-0.04363323129985824,,
76.7,5.0204300936687165,-1.462063159290535,8.164957575748126,-0.03534498070624048,0.017425766526412007,-0.042679015221992564,30.949999999999893,1.4966198335851404,1113.4504058288646,342.37231304961045,0.5,-1.3504485087306077,1.3837892703966215,0.3985453924810929,0.0,-0.04363323129985824,,
76.80000000000001,5.193949691727831,-1.3369427241274137,8.092826097047444,-0.017677869296113403,0.004816640108900793,-0.04224110951498697,30.999999999999893,1.4922565104551546,1113.700567475675,345.46471844681736,0.5,-1.3526301702956007,1.3876900107619985,0.39233252685097414,0.0,-0.04363323129985824,,
76.9,4.606344201875807,-1.2573345786748886,8.628043942797207,-0.031125667165614053,0.003612473314389835,-0.032662639696421664,31.049999999999894,1.4878931873251688,1113.964644774189,348.56098479813255,0.5,-1.3548118318605937,1.3915628377641664,0.38609321193618296,0.0,-0.04363323129985824,,
77.0,5.47685532458404,-1.3700385777317736,8.442164330114986,-0.02603376254286408,-0.0012024780662750188,-0.04609209571054441,31.099999999999895,1.483529864195183,1114.2426761721088,351.661049447064,0.5,-1.3569934934255865,1.3954075948693934,0.37982757322263044,0.0,-0.04363323129985824,,
77.10000000000001,4.915378471934802,-1.619518292246372,8.432884458466859,-0.026937471687902267,-0.012470570060866886,-0.03170462709130027,31.149999999999896,1.4791665410651973,1114.5346998348757,354.76484947514433,0.5,-1.3591751549905795,1.3992241261083735,0.3735357370586162,0.0,-0.04363323129985824,,
77.2,4.988173125984244,-1.3212504740667885,8.466223979876021,-0.032117515176214445,-0.002068540798898626,-0.019486225557610815,31.199999999999896,1.4748032179352115,1114.840753644119,357.87232170320317,0.5,-1.3613568165555725,1.4030122760807726,0.36721783065228825,0.0,-0.04363323129985824,,
77.30000000000001,4.870354870028984,-1.1918815155005391,8.502921599823281,-0.010351575951261687,0.0024410117591113496,-0.02316410564393189,31.249999999999897,1.4704398948052257,1115.1608751961066,360.98340269264764,0.5,-1.3635384781205655,1.4067718899597594,0.3608739820690803,0.0,-0.04363323129985824,,
77.4,5.3486703932241095,-1.2275372306996408,8.301128869574187,-0.03491166558223428,-0.014570734022366945,-0.04702322175901142,31.299999999999898,1.46607657167524,1115.4951018002018,364.0980287467515,0.5,-1.3657201396855583,1.4105028134965298,0.3545043202291246,0.0,-0.04363323129985824,,
77.5,5.0079834038509325,-1.3677751274263517,8.230111350970528,-0.018837398585695338,-0.006372929090582029,-0.05182935736871218,31.3499999999999,1.4617132485452542,1115.8434704773279,367.21613591195296,0.5,-1.3679018012505513,1.4142048930248194,0.34810897490464365,0.0,-0.04363323129985824,,
77.60000000000001,5.20034947071526,-1.3371362903107047,8.716068537236639,-0.011283182621508332,0.007600198915400642,-0.034692915652321674,31.3999999999999,1.4573499254152684,1116.2060179584364,370.337659979161,0.5,-1.3700834628155443,1.4178779754653974,0.3416880767173164,0.0,-0.04363323129985824,,
77.7,5.012542343870631,-1.4329212410240137,8.66456302620597,-0.0034433852083282056,0.005590662605735628,-0.036606091254123535,31.4499999999999,1.4529866022852826,1116.582780682983,373.4625364850699,0.5,-1.3722651243805373,1.4215219083305577,0.33524175713562354,0.0,-0.04363323129985824,,
77.80000000000001,5.215686361002745,-1.5455059839309415,8.282331199853472,-0.03601371370000782,0.0022199052116170397,-0.0330426584950747,31.4999999999999,1.4486232791552969,1116.973794797408,376.5907007134824,0.5,-1.37444678594553,1.4251365397285924,0.3287701484721687,0.0,-0.04363323129985824,,
77.9,5.175689983058782,-1.4333102505651316,8.384797430950163,-0.036384494588867305,0.00630734851930739,-0.04030624643797661,31.5499999999999,1.444259956025311,1117.3790961536233,379.7220876966413,0.5,-1.376628447510523,1.4287217183682543,0.3222733838809766,0.0,-0.04363323129985824,,
78.0,5.028037496265851,-1.0032038544871686,8.215490592735142,-0.023878053679985696,-0.004252366587376373,-0.038332139366580864,31.599999999999902,1.4398966328953253,1117.7987203075063,382.8566322165693,0.5,-1.378810109075516,1.432277293563208,0.315751597354769,0.0,-0.04363323129985824,,
78.10000000000001,4.900313594292108,-1.3890363068823475,8.476952430198578,-0.017645412201040947,0.0011775099354801402,-0.023239469498634743,31.649999999999903,1.4355333097653395,1118.2327025173988,385.99426880641744,0.5,-1.380991770640509,1.4358031152364679,0.30920492372221753,0.0,-0.04363323129985824,,
78.2,5.027789818383492,-1.617475382136867,8.369330125073784,-0.028947048100785702,0.0018911827340630236,-0.03366346791148183,31.699999999999903,1.4311699866353538,1118.681077742612,389.1349317518214,0.5,-1.3831734322055018,1.4392990339248233,0.30263349864517364,0.0,-0.04363323129985824,,
78.30000000000001,4.946057253992123,-1.1920024002119887,8.56931557670587,-0.03142316609131075,-0.0013879843013588395,-0.04348076196930867,31.749999999999904,1.426806663505368,1119.1438806419378,392.2785550922669,0.5,-1.3853550937704948,1.442764900783253,0.2960374586158759,0.0,-0.04363323129985824,,
78.4,4.976425191873477,-1.4279161898429071,8.55092117536901,-0.026713412348874983,0.004949846498505949,-0.032586259163034134,31.799999999999905,1.4224433403753822,1119.621145572168,395.42507262246255,0.5,-1.3875367553354878,1.4462005675893244,0.2894169409541346,0.0,-0.04363323129985824,,
78.5,5.2632002087675875,-1.5092680931332243,8.630067405780798,-0.005216474316424021,-0.004562364692911708,-0.03105734643152413,31.849999999999905,1.4180800172453965,1120.1129065866164,398.5744178937214,0.5,-1.3897184169004808,1.4496058867475816,0.28277208380449415,0.0,-0.04363323129985824,,
78.60000000000001,5.237148064782914,-1.066615760199876,8.554003916282335,-0.022359328519344204,-0.005756419355881166,-0.04391932259767037,31.899999999999906,1.4137166941154107,1120.6191974336512,401.72652421535054,0.5,-1.3919000784654736,1.45298071129392,0.27610302613337256,0.0,-0.04363323129985824,,
78.7,4.838776179950757,-1.365145529409522,8.45661072531684,-0.008273541330008077,-0.014764962072046304,-0.012967690212274886,31.949999999999907,1.409353370985425,1121.1400515552298,404.8813246560491,0.5,-1.3940817400304666,1.4563248948999483,0.2694099077261781,0.0,-0.04363323129985824,,
78.80000000000001,5.15101710583911,-1.2695386445005803,8.369237776099837,-0.019871574448705086,-0.022437214721628185,-0.032258848308172536,31.999999999999908,1.4049900478554391,1121.6755020854432,408.03875204531414,0.5,-1.3962634015954596,1.4596382918773365,0.26269286918440476,0.0,-0.04363323129985824,,
78.9,5.1273697394892,-1.4234639129499111,8.109825474383117,-0.011924986300766374,-0.0013484013761942612,0.0003484274458469966,32.049999999999905,1.4006267247254534,1122.2255818490653,411.19873897485485,0.5,-1.3984450631604524,1.4629207571821514,0.25595205192270404,0.0,-0.04363323129985824,,
79.0,5.0429637559659595,-1.554394836168867,8.49010983123155,-0.019624383315145315,-0.007176761563030344,-0.05007679141793467,32.0999999999999,1.3962634015954676,1122.7903233601082,414.36121780001486,0.5,-1.4006267247254451,1.4661721464191781,0.2491875981659349,0.0,-0.04363323129985824,,
79.10000000000001,5.412593952438634,-1.3782404224453388,8.404235036899216,-0.027097583103272288,0.007082994342761636,-0.037640793824064364,32.1499999999999,1.3919000784654818,1123.3697588203859,417.5261206412024,0.5,-1.402808386290438,1.46939231584623,0.24239965094619212,0.0,-0.04363323129985824,,
79.2,5.075296043262675,-1.4252855884617004,8.391884480709356,-0.03106179677159768,-0.003691046671293026,-0.0372269376467283,32.199999999999896,1.387536755335496,1123.9639201180826,420.6933793853288,0.5,-1.4049900478554307,1.4725811223784404,0.23558835409981138,0.0,-0.04363323129985824,,
79.30000000000001,5.084661518430152,-1.252790472695493,8.398702576511898,-0.025733564506872954,0.0253583848892489,-0.03160847084236539,32.24999999999989,1.3831734322055103,1124.5728388263287,423.86292568725486,0.5,-1.4071717094204235,1.4757384235925468,0.22875385226435313,0.0,-0.04363323129985824,,
79.4,5.0437874724271765,-1.5431325180934201,8.345959914317907,0.0011516105173323687,-0.017105274977844045,-0.0355791185046586,32.29999999999989,1.3788101090755245,1125.1965462017836,427.03469097124514,0.5,-1.4093533709854162,1.4788640777311564,0.22189629087556395,0.0,-0.04363323129985824,,
79.5,5.128414756388642,-1.2303966634798156,8.438554876275957,-0.0157083480798103,0.0016085923272413684,-0.03850590786656827,32.34999999999989,1.3744467859455387,1125.8350731832243,430.2086064324304,0.5,-1.411535032550409,1.4819579437069992,0.21501581616431598,0.0,-0.04363323129985824,,
79.60000000000001,5.149828225184932,-1.370201997984538,8.18719095478439,-0.029705417915366635,0.0040269180675129015,-0.03067487079595556,32.399999999999885,1.370083462815553,1126.4884503901415,433.3846030382776,0.5,-1.4137166941154018,1.4850198811071686,0.20811257515352483,0.0,-0.04363323129985824,,
79.7,5.04629219288061,-1.3021755604338414,8.496646658996175,-0.004805490340134794,0.009031017330843697,-0.034686685974565104,32.44999999999988,1.3657201396855672,1127.1567081213423,436.5626115300683,0.5,-1.4158983556803946,1.488049750197345,0.20118671565504487,0.0,-0.04363323129985824,,
79.80000000000001,5.128062759093808,-1.4495475418780348,8.544953567128905,-0.01571886768951369,-0.0026136780797746256,-0.03325541973741111,32.49999999999988,1.3613568165555814,1127.8398763535597,439.7425624243845,0.5,-1.4180800172453873,1.4910474119260082,0.19423838626654344,0.0,-0.04363323129985824,,
79.9,5.021085118047998,-1.139542141759139,8.417229583009112,0.0046638281390895715,-0.011652228730271696,-0.04783497123082045,32.549999999999876,1.3569934934255956,1128.5379847400686,442.9243860146024,0.5,-1.4202616788103801,1.494012727928632,0.1872677363683531,0.0,-0.04363323129985824,,
80.0,5.2404933696643745,-1.505830290542534,8.389735972529191,-0.004600094170753313,-0.0035060571431800793,-0.04119850941987331,32.59999999999987,1.3526301702956098,1129.2510626093094,446.108012372394,0.5,-1.422443340375373,1.4969455605318676,0.1802749161203021,0.0,-0.04363323129985824,,
80.10000000000001,5.172725091972934,-1.4220116910039893,8.318877708920748,-0.013305615914244683,-0.006206126299963602,-0.04380155374735079,32.64999999999987,1.348266847165624,1129.9791389635184,449.2933713492366,0.5,-1.424625001940366,1.4998457727577108,0.17326007645852326,0.0,-0.04363323129985824,,
80.2,5.409323268307643,-1.3455742552893313,8.51285721128074,-0.01828463034857959,0.015056200227691796,-0.024480107721576307,32.69999999999987,1.3439035240356383,1130.7222424773645,452.4803925779298,0.5,-1.4268066635053587,1.5027132283276534,0.16622336909224178,0.0,-0.04363323129985824,,
80.30000000000001,4.919693979511412,-1.4529708367802234,8.342337531943867,-0.024286230478933156,0.003998646973486912,-0.03308885973986243,32.749999999999865,1.3395402009056525,1131.4804014965937,455.6690054741203,0.5,-1.4289883250703515,1.5055477916668232,0.1591649465005407,0.0,-0.04363323129985824,,
80.4,5.033321532994449,-1.520167783809659,8.560395487928714,-0.03241709769891561,-0.006877674801676779,-0.026239530407377545,32.79999999999986,1.3351768777756667,1132.2536440366807,458.8591392378343,0.5,-1.4311699866353442,1.5083493279081057,0.15208496192910603,0.0,-0.04363323129985824,,
80.5,5.046982612570927,-1.1698703706601075,8.468962443430769,-0.004457134852947693,0.0137120489299977,-0.028424797255731042,32.84999999999986,1.330813554645681,1133.0419977814865,462.0507228550178,0.5,-1.433351648200337,1.5111177028962508,0.14498356938694973,0.0,-0.04363323129985824,,
80.60000000000001,5.055763388559855,-1.4869072780192651,8.085023155335627,-0.015800945712896388,-0.009646592821365308,-0.023936407495496304,32.89999999999986,1.3264502315156952,1133.8454900819254,465.243685099084,0.5,-1.4355333097653298,1.513852783191969,0.13786092364311175,0.0,-0.04363323129985824,,
80.7,5.206448533762898,-1.7323505633655771,8.480265447451945,-0.017325493595379732,-0.004101158239021033,-0.03980710325127391,32.949999999999854,1.3220869083857094,1134.6641479546363,468.43795453246884,0.5,-1.4377149713303226,1.5165544360760046,0.13071718022334117,0.0,-0.04363323129985824,,
80.80000000000001,5.088720619504959,-1.4309011579788835,8.520269445159611,-0.027037886206575767,-0.002815873418067325,-0.025997425613710063,32.99999999999985,1.3177235852557236,1135.4979980806636,471.6334595081936,0.5,-1.4398966328953153,1.519222529553202,0.12355249540675556,0.0,-0.04363323129985824,,
80.9,5.196099732479299,-1.5181920190270373,8.586984594879969,-0.0061374854264392795,0.0008069404573444247,-0.03631374165063954,33.04999999999985,1.3133602621257379,1136.3470668041448,474.8301281714353,0.5,-1.442078294460308,1.5218569323565498,0.11636702622248002,0.0,-0.04363323129985824,,
81.0,5.0314334248457175,-1.402580688946506,8.467433664785627,-0.008314399995887648,0.005428151974555848,-0.04894624309618199,33.099999999999845,1.308996938995752,1137.2113801310038,478.02788846110434,0.5,-1.4442599560253009,1.524457513951212,0.10916093044626463,0.0,-0.04363323129985824,,
81.10000000000001,5.218690719512164,-1.3265813902406745,8.541702467629252,-0.019872662898180547,0.023683731931050573,-0.0370323615464969,33.14999999999984,1.3046336158657663,1138.0909637276545,481.2266681114298,0.5,-1.4464416175902937,1.5270241445385455,0.10193436659708155,0.0,-0.04363323129985824,,
81.2,5.157891928834848,-1.6291721556786627,8.386401518670867,-0.028251743293723965,0.0068749104015316375,-0.027154391059789777,33.19999999999984,1.3002702927357805,1138.9858429197095,484.42639465355205,0.5,-1.4486232791552864,1.529556695060098,0.09468749393370096,0.0,-0.04363323129985824,,
81.30000000000001,5.222142951475854,-1.7509341207191478,8.331306769191754,-0.040435086999838346,-0.006987174357212975,-0.05128778625930588,33.24999999999984,1.2959069696057948,1139.896042690697,487.62699541712266,0.5,-1.4508049407202792,1.5320550372015926,0.0874204724512464,0.0,-0.04363323129985824,,
81.4,4.914367523785354,-1.2337610507610803,8.511090188412043,-0.010120248126014754,-0.01602512619612033,-0.04039005885980444,33.299999999999834,1.291543646475809,1140.8215876807844,490.82839753191166,0.5,-1.452986602285272,1.5345190433968952,0.08013346287772904,0.0,-0.04363323129985824,,
81.5,5.0286040857963075,-1.2017942016425325,8.403024161506837,-0.013317498921639156,-0.001756422714533742,-0.029104752590389422,33.34999999999983,1.2871803233458232,1141.762502185512,494.0305279294221,0.5,-1.4551682638502648,1.536948586831967,0.07282662667056222,0.0,-0.04363323129985824,,
81.60000000000001,5.310652890254553,-1.4781303382167865,8.385193084924277,-0.020715661292040374,-0.0021773717934748934,-0.04529905838731485,33.39999999999983,1.2828170002158374,1142.7188101545303,497.2333133445119,0.5,-1.4573499254152575,1.539343541448799,0.06550012601305422,0.0,-0.04363323129985824,,
81.7,5.008813717345214,-1.2259253452088492,8.513881780542293,-0.024066197552444383,0.0002901587159834261,-0.02570285873683905,33.449999999999825,1.2784536770858517,1143.6905351903486,500.43668031702305,0.5,-1.4595315869802503,1.541703781949333,0.0581541238108822,0.0,-0.04363323129985824,,
81.80000000000001,5.095032270579501,-1.408951642270198,8.50847232937237,-0.0401796621475963,0.013742759094688995,-0.02754026316386786,33.49999999999982,1.274090353955866,1144.6777005470885,503.64055519341764,0.5,-1.461713248545243,1.5440291837993625,0.05078878368854378,0.0,-0.04363323129985824,,
81.9,5.145418925850132,-0.9738741032045899,8.533598978302484,-0.030043074151445054,0.015856448029640476,-0.034875704931559524,33.54999999999982,1.2697270308258801,1145.6803291292476,506.8448641284214,0.5,-1.4638949101102359,1.5463196232324208,0.04340426998579039,0.0,-0.04363323129985824,,
82.0,5.226096807026136,-1.4915293584841733,8.372261485053011,-0.03356641515527974,-0.01119164711873132,-0.029080484941943097,33.59999999999982,1.2653637076958943,1146.6984434904682,510.0495330866742,0.5,-1.4660765716752289,1.5485749772536501,0.03600074775403839,0.0,-0.04363323129985824,,
82.10000000000001,5.070541622462369,-1.6755413619366606,8.45671427874021,-0.020026571488471864,0.0007960046708554749,-0.04522664729708417,33.649999999999814,1.2610003845659086,1147.7320658323156,513.2544878443877,0.5,-1.4682582332402216,1.5507951236436532,0.028578382752761866,0.0,-0.04363323129985824,,
82.2,5.046293002190008,-1.5880867825757479,8.428485766811702,-0.030144622367229937,-0.004188577428238493,-0.03632464322578324,33.69999999999981,1.2566370614359228,1148.781218003064,516.4596539910095,0.5,-1.4704398948052144,1.5529799409623328,0.021137341445864155,0.0,-0.04363323129985824,,
82.30000000000001,5.178019949967676,-1.3762410011007724,8.543989196095577,-0.009767163261444877,0.00245926146238054,-0.028576644033004854,33.74999999999981,1.252273738305937,1149.8459214964894,519.6649569308959,0.5,-1.4726215563702072,1.5551293085527085,0.013677790998029515,0.0,-0.04363323129985824,,
82.4,4.806107869079943,-1.517695183296844,8.367935476891654,-0.03632109307606309,0.0006695002999149248,-0.0350121455611604,33.799999999999805,1.2479104151759512,1150.9261974506712,522.8703218849893,0.5,-1.4748032179352,1.5572431065447199,0.006199899271055576,0.0,-0.04363323129985824,,
82.5,5.046863748388527,-1.3391551683549088,8.108417325318126,-0.00629657851293346,-0.008201987880708334,-0.032601296555572166,33.8499999999998,1.2435470920459655,1152.0220666468015,526.0756738925044,0.5,-1.4769848795001927,1.5593212158590113,-0.001296165179834885,0.0,-0.04363323129985824,,
82.60000000000001,5.072806999879493,-1.5262438390878352,8.746693463047267,-0.01985365604747622,0.010404900095943238,-0.01675592531557961,33.8999999999998,1.2391837689159797,1153.1335495080023,529.2809378126204,0.5,-1.4791665410651855,1.5613635182107009,-0.008810233109701193,0.0,-0.04363323129985824,,
82.7,4.941362681659113,-1.5036200370872357,8.596406503994803,-0.019125186585299853,0.0031004658525959727,-0.03869659757524708,33.9499999999998,1.234820445785994,1154.26066609815,532.486038326181,0.5,-1.4813482026301783,1.5633698961131302,-0.016342134587612578,0.0,-0.04363323129985824,,
82.80000000000001,4.857491153431178,-1.1874063773219024,8.520093134153612,-0.04051544947765157,-0.006046602574056371,-0.035169144226524604,33.999999999999794,1.2304571226560082,1155.4034361207093,535.6908999373994,0.5,-1.483529864195171,1.5653402328815986,-0.023891699000394506,0.0,-0.04363323129985824,,
82.9,5.078274134178457,-1.269688892914812,8.428049739795343,-0.015429507027254315,-0.020987262966321932,-0.03597775636686524,34.04999999999979,1.2260937995260224,1156.5618789175737,538.8954469755721,0.5,-1.4857115257601639,1.5672744126370775,-0.03145875505639539,0.0,-0.04363323129985824,,
83.0,4.858431067005447,-1.5661232505970966,8.258987255258141,-0.010896668763837755,-0.00024912337677094226,-0.04009983160449141,34.09999999999979,1.2217304763960366,1157.7360134679157,542.099603596798,0.5,-1.4878931873251566,1.5691723203099095,-0.039043130789272684,0.0,-0.04363323129985824,,
83.10000000000001,5.167800234766307,-1.3635952958079576,8.359964265852076,-0.010426330739862577,0.0070315500409755365,-0.04828848494080886,34.149999999999785,1.2173671532660508,1158.9258583870435,545.3032937857055,0.5,-1.4900748488901494,1.5710338416434895,-0.0466446535617972,0.0,-0.04363323129985824,,
83.2,5.077951327568423,-1.351410951547435,8.290706328498615,-0.03885765974620038,-0.0021193999114063806,-0.02576247406349917,34.19999999999978,1.213003830136065,1160.131431925267,548.5064413571847,0.5,-1.4922565104551422,1.5728588631979263,-0.054263150069678245,0.0,-0.04363323129985824,,
83.30000000000001,5.304011238947421,-1.4367540861982957,8.394377804289865,-0.028470038494137685,0.006564752243039108,-0.02903992855726002,34.24999999999978,1.2086405070060793,1161.352751966771,551.7089699581276,0.5,-1.494438172020135,1.5746472723536873,-0.061898446345407254,0.0,-0.04363323129985824,,
83.4,4.900872513424069,-1.4402901326331368,8.484178710847086,-0.034699213688385314,0.0005816143491220098,-0.045970254718550214,34.29999999999978,1.2042771838760935,1162.589836028498,554.9108030691741,0.5,-1.4966198335851277,1.5763989573152253,-0.06955036776212026,0.0,-0.04363323129985824,,
83.5,5.001625674419285,-1.3298287857655298,8.42072590992627,-0.02592692806017844,0.007112727676200573,-0.0051352507890893365,34.349999999999774,1.1999138607461077,1163.8427012590382,558.1118640064653,0.5,-1.4988014951501205,1.5781138071145877,-0.07721873903747972,0.0,-0.04363323129985824,,
83.60000000000001,5.17814379275943,-1.3481829776222152,8.00242678284027,-0.01616517433815215,-0.028788138924372195,-0.031538046830924156,34.39999999999977,1.195550537616122,1165.111364437528,561.3120759234023,0.5,-1.5009831567151133,1.5797917116150066,-0.08490338423757515,0.0,-0.04363323129985824,,
83.7,4.938118577557475,-1.4231340726110362,8.205407639305333,-0.017507727466145876,0.0018320510551689288,-0.043196505091012624,34.44999999999977,1.1911872144861362,1166.395841972557,564.5113618124121,0.5,-1.503164818280106,1.5814325615144713,-0.09260412678084279,0.0,-0.04363323129985824,,
83.80000000000001,5.085931956898397,-1.1567764227186457,8.411036158122387,-0.015957660988503874,-0.011374906378477725,-0.051452546186987955,34.499999999999766,1.1868238913561504,1167.6961499010836,567.7096445067203,0.5,-1.5053464798450988,1.5830362483492801,-0.10032078944200368,0.0,-0.04363323129985824,,
83.9,5.143470430098377,-1.4821232615079352,8.418648195414148,-0.027675195322927202,-0.0014569455385521493,-0.035978911211777105,34.54999999999976,1.1824605682261646,1169.0123038873585,570.9068466821292,0.5,-1.5075281414100918,1.5846026644975786,-0.10805319435602112,0.0,-0.04363323129985824,,
84.0,4.884254774767876,-1.5306216753690554,8.627332782037378,-0.006571283073006444,0.010165936058531671,-0.04070878984265821,34.59999999999976,1.1780972450961789,1170.3443192218576,574.1028908588031,0.5,-1.5097098029750846,1.5861317031828737,-0.11580116302207522,0.0,-0.04363323129985824,,
84.10000000000001,5.1227035445847555,-1.3554595504134044,8.496930871617863,-0.013565652507464908,-0.007085114188161633,-0.02112934074902807,34.64999999999976,1.173733921966193,1171.6922108202214,577.2976994030597,0.5,-1.5118914645400774,1.587623258477533,-0.12356451630755821,0.0,-0.04363323129985824,,
84.2,5.328995575178093,-1.5007510986361512,8.431972692322653,-0.029667909024377957,0.02010874929564833,-0.024204237767807744,34.699999999999754,1.1693705988362073,1173.0559932222056,580.4911945291674,0.5,-1.5140731261050702,1.5890772253062635,-0.1313430744520861,0.0,-0.04363323129985824,,
84.30000000000001,4.92132349327679,-1.5705091714371373,8.723026386747682,-0.017228872413625067,-0.0019543269166822546,-0.0361858596745639,34.74999999999975,1.1650072757062215,1174.4356805906382,583.6832983011494,0.5,-1.516254787670063,1.5904934994495725,-0.13913665707152945,0.0,-0.04363323129985824,,
84.4,5.145485891843361,-1.5072244510325692,8.21505778282226,-0.021983949432982104,0.004397923960401148,-0.03869578503960954,34.79999999999975,1.1606439525762358,1175.8312867103857,586.8739326345939,0.5,-1.5184364492350557,1.5918719775472079,-0.14694508316206278,0.0,-0.04363323129985824,,
84.5,5.160323810334728,-1.5205676543012439,8.2729458907332,-0.028024313938630092,0.013646592147256262,-0.035046209359167295,34.849999999999746,1.15628062944625,1177.242824987329,590.0630192984696,0.5,-1.5206181108000485,1.5932125571015814,-0.15476817110423186,0.0,-0.04363323129985824,,
84.60000000000001,4.982685662984833,-1.4261265762593225,8.494762631597487,-0.04075130466054676,-0.016134685623075434,-0.025761790041945978,34.89999999999974,1.1519173063162642,1178.670308447346,593.250479916949,0.5,-1.5227997723650413,1.5945151364811712,-0.16260573866703842,0.0,-0.04363323129985824,,
84.7,4.916566785888995,-1.322135402871236,8.383342596750364,-0.023988996048964286,0.0040440274439805315,-0.03416707353937418,34.94999999999974,1.1475539831862784,1180.113749735305,596.4362359712359,0.5,-1.524981433930034,1.5957796149239065,-0.17045760301204388,0.0,-0.04363323129985824,,
84.80000000000001,5.220446816541144,-1.6447877351749185,8.262112578690676,-0.011389098660683728,0.0005338615009215005,-0.02724495523875211,34.99999999999974,1.1431906600562927,1181.5731611140645,599.6202088014003,0.5,-1.5271630954950268,1.597005892540531,-0.17832358069748994,0.0,-0.04363323129985824,,
84.9,5.199051148954121,-1.4115268720122773,8.410792941796805,-0.035775919087241065,0.00020654868317191946,-0.04115747520186148,35.049999999999734,1.1388273369263069,1183.0485544634848,602.8023196082187,0.5,-1.5293447570600196,1.5981938703179492,-0.18620348768243794,0.0,-0.04363323129985824,,
85.0,4.983398897693355,-1.670729574094267,8.28398898937042,-0.03582306476563153,-0.0026270557422658825,-0.022913353556872268,35.09999999999973,1.1344640137963211,1184.5399412794452,605.9824894550208,0.5,-1.5315264186250124,1.5993434501225519,-0.19409713933092548,0.0,-0.04363323129985824,,
85.10000000000001,4.874811388484189,-1.3620634795831035,8.524804956037713,-0.011302754046414036,0.0061359104146653945,-0.042349629997918484,35.14999999999973,1.1301006906663353,1186.0473326728725,609.1606392695408,0.5,-1.5337080801900052,1.6004545347035213,-0.20200435041614018,0.0,-0.04363323129985824,,
85.2,5.0862755989580934,-1.3900766379344494,8.21659915084377,-0.018601498203244728,-0.010340807287675084,-0.0398733650382012,35.199999999999726,1.1257373675363496,1187.5707393687762,612.3366898457766,0.5,-1.535889741754998,1.601527027696118,-0.20992493512461186,0.0,-0.04363323129985824,,
85.30000000000001,5.069915699713537,-1.5266497018592189,8.6315328531904,-0.00045675797753995384,-0.011527286594993835,-0.03148094989509647,35.24999999999972,1.1213740444063638,1189.110171705295,615.5105618458534,0.5,-1.5380714033199907,1.6025608336249477,-0.21785870706042115,0.0,-0.04363323129985824,,
85.4,5.251097826731489,-1.482397979011388,8.344224396223982,-0.03963977417519589,-0.011595349001781401,-0.039110993082376304,35.29999999999972,1.117010721276378,1190.6656396327498,618.6821758018932,0.5,-1.5402530648849835,1.6035558579072082,-0.22580547924942662,0.0,-0.04363323129985824,,
85.5,5.153552349976145,-1.4938339092617297,8.401821171221618,-0.02435972094647215,0.003013464803113933,-0.0438954245839483,35.34999999999972,1.1126473981463922,1192.2371527127084,621.8514521178905,0.5,-1.5424347264499763,1.6045120068559147,-0.2337650641435079,0.0,-0.04363323129985824,,
85.60000000000001,4.752715670450373,-1.3607717692122243,8.527971632626954,-0.016041746112261022,-0.0072784902658363905,-0.02838969625355999,35.399999999999714,1.1082840750164065,1193.8247201170557,625.0183110715935,0.5,-1.544616388014969,1.6054291876831082,-0.241737273624827,0.0,-0.04363323129985824,,
85.7,5.422232592798838,-1.6927318896048666,8.159043491554922,-0.038854914839860796,-0.004373205355432148,-0.026986704018903972,35.44999999999971,1.1039207518864207,1195.428350627076,628.182672816391,0.5,-1.5467980495799618,1.606307308503041,-0.2497219190101057,0.0,-0.04363323129985824,,
85.80000000000001,5.094012971065582,-1.4881628438502899,8.595779675136463,-0.022023733717350003,-0.013793514159001938,-0.0204474339885913,35.49999999999971,1.099557428756435,1197.048052632543,631.3444573832044,0.5,-1.5489797111449548,1.6071462783353434,-0.2577188110549212,0.0,-0.04363323129985824,,
85.9,5.170298434750716,-1.5737559687314135,8.15880485912518,-0.026217055108344454,0.010688065072307707,-0.021947876200537803,35.549999999999706,1.0951941056264491,1198.6838341308192,634.5035846823863,0.5,-1.5511613727099476,1.607946007108169,-0.2657277599580167,0.0,-0.04363323129985824,,
86.0,5.162851059775306,-1.4538856094849728,8.325535780234407,-0.01581471360006461,0.002844639935152019,-0.03915843986539512,35.5999999999997,1.0908307824964634,1200.3357027259642,637.659974505624,0.5,-1.5533430342749404,1.6087064056613207,-0.2737485753656307,0.0,-0.04363323129985824,,
86.10000000000001,4.931749503746968,-1.592182397411596,8.557163445843877,-0.013590336077440347,-0.01447104504188899,-0.04466017658155838,35.6499999999997,1.0864674593664776,1202.003665627852,640.8135465278477,0.5,-1.5555246958399331,1.609427385749357,-0.2817810663758424,0.0,-0.04363323129985824,,
86.2,4.921700185711859,-1.4138039578139294,8.495620634124869,-0.03331805503837221,-0.007462820083958558,-0.019496640401989035,35.6999999999997,1.0821041362364918,1203.6877296512978,643.9642203091464,0.5,-1.557706357404926,1.6101088600446742,-0.28982504154293237,0.0,-0.04363323129985824,,
86.30000000000001,5.379159250808386,-1.3140877336982566,8.272030420767068,-0.03536108714450978,-0.014932433176715514,-0.02903211633523377,35.749999999999694,1.077740813106506,1205.3879012151942,647.1119152966862,0.5,-1.5598880189699187,1.610750742140572,-0.2978803088817617,0.0,-0.04363323129985824,,
86.4,4.948391491785997,-1.4544502318504997,8.497165143525322,-0.01971764059082433,-0.012099773071727058,-0.041771083119788686,35.79999999999969,1.0733774899765203,1207.1041863416565,650.2565508266367,0.5,-1.5620696805349115,1.6113529465542962,-0.30594667587216595,0.0,-0.04363323129985824,,
86.5,5.065292762407968,-1.8736312241482858,8.276719535326059,-0.02509382659845267,0.004244097661519509,-0.03670437579546694,35.84999999999969,1.0690141668465345,1208.836590655176,653.3980461261009,0.5,-1.5642513420999042,1.6119153887300601,-0.31402394946336676,0.0,-0.04363323129985824,,
86.60000000000001,5.311243666963155,-1.5232900316870475,8.037197417474117,-0.00694393358310804,0.0044743220311299,-0.032362355201338226,35.899999999999686,1.0646508437165487,1210.5851193817855,656.5363203150508,0.5,-1.566433003664897,1.6124379850420472,-0.3221119360783975,0.0,-0.04363323129985824,,
86.7,4.760638360063835,-1.5850541263717928,8.503705262950586,-0.028125404044127115,-0.015958427672111676,-0.03887472029456741,35.94999999999968,1.060287520586563,1212.349777348231,659.6712924082694,0.5,-1.5686146652298898,1.6129206527973912,-0.33021044161854807,0.0,-0.04363323129985824,,
86.80000000000001,5.102274288687292,-1.7081912349525352,8.232721382309988,-0.04570145206906299,-0.00629755184644886,-0.0178511587596474,35.99999999999968,1.0559241974565772,1214.1305689811547,662.8028813172957,0.5,-1.5707963267948826,1.613363310239134,-0.3383192714678228,0.0,-0.04363323129985824,,
86.9,5.070374103332494,-1.6374250871640286,8.317100864361711,-0.009766501166363179,0.005030425276367691,-0.03639475825127023,36.04999999999968,1.0515608743265914,1215.9274983062865,665.9310058523765,0.5,-1.5729779883598753,1.6137658765491665,-0.34643823049741596,0.0,-0.04363323129985824,,
87.0,5.14049060774255,-1.4058757216609097,8.214520276106901,-0.010128063509823572,0.004801294047848912,-0.04379180581068765,36.099999999999675,1.0471975511966056,1217.7405689476457,669.0555847244229,0.5,-1.5751596499248681,1.6141282718511418,-0.354567123070202,0.0,-0.04363323129985824,,
87.10000000000001,5.362283809002664,-1.5880754073162975,8.434174273595303,-0.012146058803687885,0.0008389089098872993,-0.039041045602898304,36.14999999999967,1.0428342280666199,1219.5697841267513,672.1765365469716,0.5,-1.577341311489861,1.614450417213374,-0.36270575304524283,0.0,-0.04363323129985824,,
87.2,5.045162329306266,-1.7629023501668608,8.386574597382365,-0.022304743688624954,-0.00012335048807673364,-0.03875480060023678,36.19999999999967,1.038470904936634,1221.4151466618423,675.2937798381511,0.5,-1.5795229730548537,1.6147322346517115,-0.3708539237823092,0.0,-0.04363323129985824,,
87.30000000000001,5.349969788648332,-1.5720124257509405,8.323187757451345,-0.023795219253013276,-0.005919311164230552,-0.04168286860647144,36.249999999999666,1.0341075818066483,1223.276658967107,678.4072330226531,0.5,-1.5817046346198465,1.6149736471323877,-0.379011438146418,0.0,-0.04363323129985824,,
87.4,5.092458761618689,-1.4669454811990277,8.337741812325051,-0.016401340457835714,0.002817085940343756,-0.028487978164409195,36.29999999999966,1.0297442586766625,1225.1543230519235,681.5168144337093,0.5,-1.5838862961848392,1.615174578574855,-0.3871780985123863,0.0,-0.04363323129985824,,
87.5,5.257238818593871,-1.5092584710018642,8.444483833958323,-0.04097474055487782,-0.005588641619373548,-0.012742896297401739,36.34999999999966,1.0253809355466768,1227.0481405201062,684.6224423150717,0.5,-1.586067957749832,1.615334953854593,-0.39535370676939807,0.0,-0.04363323129985824,,
87.60000000000001,5.019939426935876,-1.6013894601389629,8.406740139207077,-0.028869542552250778,0.00042387402028005663,-0.03653880984813656,36.39999999999966,1.021017612416691,1228.9581125691664,687.724034822999,0.5,-1.5882496193148248,1.6154546988058942,-0.40353806432558886,0.0,-0.04363323129985824,,
87.7,5.1632902004711045,-1.489694676978028,8.503640621878787,-0.015737168313221035,0.0022304217250398947,-0.050206123150200205,36.449999999999655,1.0166542892867052,1230.8842399895786,690.8215100282473,0.5,-1.5904312808798178,1.6155337402246341,-0.4117309721126429,0.0,-0.04363323129985824,,
87.80000000000001,5.105792332216821,-1.4476690251749225,8.298774014560905,-0.01419994387351993,0.014209394231866767,-0.040865221489636505,36.49999999999965,1.0122909661567194,1232.8265231640592,693.9147859180654,0.5,-1.5926129424448106,1.6155720058710112,-0.41993223059040713,0.0,-0.04363323129985824,,
87.9,4.9943096299879075,-1.4959908232866537,8.346945349496384,-0.0170969949474078,0.012207008799896479,-0.019794097305399605,36.54999999999965,1.0079276430267337,1234.784962066853,697.0037803981946,0.5,-1.5947946040098033,1.615569424472271,-0.4281416397515205,0.0,-0.04363323129985824,,
88.0,5.159689839056295,-1.4786148199036082,8.561260954167986,-0.009734250519650878,-0.004573970524583216,-0.022170156896834867,36.599999999999646,1.0035643198967479,1236.7595562630308,700.0884112948742,0.5,-1.596976265574796,1.6155259257254058,-0.4363589991260549,0.0,-0.04363323129985824,,
88.10000000000001,5.039034227438366,-1.5425424781097181,8.495483824998713,-0.024883386252906377,-0.003195331853184389,-0.034905713448586055,36.64999999999964,0.9992009967667621,1238.750304907796,703.1685963568498,0.5,-1.5991579271397889,1.6154414402998325,-0.4445841077861744,0.0,-0.04363323129985824,,
88.2,5.2099524585856445,-1.7403941140421306,8.65550636498434,-0.012023621540391303,-0.0012946627969059243,-0.040221588626085325,36.69999999999964,0.9948376736367763,1240.7572067458002,706.2442532573878,0.5,-1.6013395887047817,1.6153158998400483,-0.4528167643508069,0.0,-0.04363323129985824,,
88.30000000000001,4.7915401430102005,-1.6154015521926017,8.343315472726973,-0.02410736326191471,-0.008491901929637356,-0.045955830283375305,36.74999999999964,0.9904743505067906,1242.7802601104706,709.3152995962932,0.5,-1.6035212502697744,1.6151492369682636,-0.461056766990331,0.0,-0.04363323129985824,,
88.4,5.010990660606966,-1.6443572478567614,8.41188744053791,-0.017456606691848984,0.0017376190244147726,-0.047253794394492864,36.799999999999635,0.9861110273768048,1244.8194629233453,712.3816529019333,0.5,-1.6057029118347672,1.6149413852870136,-0.46930391343127703,0.0,-0.04363323129985824,,
88.5,5.2015174505218615,-1.3580713724535962,8.039751424004972,-0.021246376791611093,-0.007663166455000206,-0.047062690012065894,36.84999999999963,0.981747704246819,1246.8748126934195,715.4432306332634,0.5,-1.60788457339976,1.614692279381747,-0.47755800096104184,0.0,-0.04363323129985824,,
88.60000000000001,5.205377004082879,-1.688532973635246,8.373583933790078,-0.024420633669069634,0.006890774928306722,-0.0324132276579621,36.89999999999963,0.9773843811168332,1248.9463065165007,718.4999501818594,0.5,-1.6100662349647528,1.6144018548233916,-0.485818826432619,0.0,-0.04363323129985824,,
88.7,5.31358843463008,-1.6371966298309795,8.470629905998445,0.009126920883221614,-0.003741495757620714,-0.02828588216067416,36.949999999999626,0.9730210579868475,1251.0339410745748,721.551728873953,0.5,-1.6122478965297455,1.6140700481708985,-0.4940861862693415,0.0,-0.04363323129985824,,
88.80000000000001,5.209276265828264,-1.5610121452872887,8.57128937745452,-0.016444398772154107,-0.0238226022714607,-0.014387459053175206,36.99999999999962,0.9686577348568617,1253.1377126351817,724.5984839724722,0.5,-1.6144295580947383,1.6136967969737626,-0.5023598764696395,0.0,-0.04363323129985824,,
88.9,5.152288030271638,-1.6285119337920018,8.609433857456624,-0.009241368036675057,-0.012610950166984342,-0.04696487357812936,37.04999999999962,0.9642944117268759,1255.2576170507998,727.6401326790849,0.5,-1.616611219659731,1.6132820397745204,-0.5106396926118116,0.0,-0.04363323129985824,,
89.0,5.144113212390432,-1.636191774599129,8.349195729017561,-0.02519552590185,-0.0068311647322746236,-0.0326913508955883,37.09999999999962,0.9599310885968901,1257.3936497582426,730.6765921362478,0.5,-1.6187928812247239,1.6128257161112274,-0.5189254298588091,0.0,-0.04363323129985824,,
89.10000000000001,4.9283864319651585,-1.4559696901567574,8.618104692797415,-0.010667568107971592,0.0030337828521910947,-0.038895053348486794,37.149999999999615,0.9555677654669044,1259.5458057780634,733.7077794292586,0.5,-1.6209745427897166,1.6123277665199072,-0.5272168829630351,0.0,-0.04363323129985824,,
89.2,5.3126601387830945,-1.634781277893523,8.586146388031732,-0.025532776214002892,-0.0031663389523631,-0.029156037604392795,37.19999999999961,0.9512044423369186,1261.7140797139707,736.7336115883128,0.5,-1.6231562043547094,1.6117881325369847,-0.5355138462711558,0.0,-0.04363323129985824,,
89.30000000000001,4.902808539981356,-1.6899653510601822,8.341458622271293,-0.027493022818202328,-0.008521102881291622,-0.03839870247221299,37.24999999999961,0.9468411192069328,1263.8984657522537,739.7540055905638,0.5,-1.6253378659197022,1.6112067567016901,-0.5438161137289266,0.0,-0.04363323129985824,,
89.4,4.893422305609213,-1.3956162201503712,8.419928604648426,-0.010869415544340602,-0.007926318870694192,-0.05928602436011075,37.299999999999606,0.942477796076947,1266.0989576612176,742.7688783621879,0.5,-1.627519527484695,1.6105835825584442,-0.5521234788860298,0.0,-0.04363323129985824,,
89.5,5.31283231132835,-1.3900130969902684,8.704120616386149,-0.039076850084964074,0.0024621099072070062,-0.03842847777080373,37.3499999999996,0.9381144729469613,1268.3155487906288,745.7781467804524,0.5,-1.6297011890496877,1.6099185546592176,-0.560435734900927,0.0,-0.04363323129985824,,
89.60000000000001,5.308453605608293,-1.545332410309111,8.14437746655411,-0.008792863548120668,-0.02032374834033707,-0.02945128435579334,37.3999999999996,0.9337511498169755,1270.5482320711715,748.781727675788,0.5,-1.6318828506146807,1.6092116185658687,-0.5687526745457236,0.0,-0.04363323129985824,,
89.7,5.03597787488063,-1.584045079440064,8.608310363093095,-0.023639651375557853,0.006539014682662998,-0.036874155255451034,37.4499999999996,0.9293878266869897,1272.7970000139128,751.779537833865,0.5,-1.6340645121796735,1.6084627208524565,-0.5770740902110467,0.0,-0.04363323129985824,,
89.80000000000001,5.01120035325148,-1.642395819912268,8.573138672149588,-0.004691378992304932,-0.0007346134671197227,-0.016653744052980802,37.499999999999595,0.9250245035570039,1275.0618447097784,754.7714939976727,0.5,-1.6362461737446663,1.6076718091075324,-0.5853997739109353,0.0,-0.04363323129985824,,
89.9,4.898307999313285,-1.6688715071669284,8.480163451481552,-0.00974766123729705,-0.008100671562004943,-0.033784213686033446,37.54999999999959,0.9206611804270182,1277.342757829039,757.7575128696038,0.5,-1.638427835309659,1.606838831936407,-0.593729517287744,0.0,-0.04363323129985824,,
90.0,5.249399286729079,-1.6035954164606876,8.62565421486774,-0.03020974151510626,0.0141110474146644,-0.039762429315681164,37.59999999999959,0.9162978572970324,1279.6397306208069,760.7375111135408,0.5,-1.6406094968746519,1.6059637389633938,-0.6020631116170587,0.0,-0.04363323129985824,,
90.10000000000001,4.927041274704377,-1.9192192133744628,8.501667501011347,-0.02240887128635763,0.014431625894524314,-0.04719102731625337,37.64999999999959,0.9119345341670466,1281.9527539125406,763.7114053569472,0.5,-1.6427911584396446,1.605046480834028,-0.6104003478126245,0.0,-0.04363323129985824,,
90.2,5.173203831857588,-1.9041377734437925,8.300570044854355,-0.04177755831868647,-0.018941685136753768,-0.017086270861679582,37.699999999999584,0.9075712110370608,1284.2818181095645,766.6791121929624,0.5,-1.6449728200046374,1.604087009217264,-0.6187410164312875,0.0,-0.04363323129985824,,
90.30000000000001,4.9903364819811715,-1.7943087075797086,8.611042481194367,-0.008401822572881494,-0.0027865947782939604,-0.05264080548920955,37.74999999999958,0.9032078879070751,1286.626913194593,769.6405481824988,0.5,-1.6471544815696302,1.6030852768076496,-0.6270849076779469,0.0,-0.04363323129985824,,
90.4,4.778981175820747,-1.5187539842490398,8.622120076148075,-0.00996249030124158,-0.010543476161635186,-0.028934838764900134,37.79999999999958,0.8988445647770893,1288.9880287272697,772.5956298563439,0.5,-1.649336143134623,1.6020412373274724,-0.6354318114105205,0.0,-0.04363323129985824,,
90.5,5.066602963082334,-1.5314954737666708,8.240835595143391,-0.03473599286617257,0.017019740485866283,-0.032258420863386865,37.849999999999575,0.8944812416471035,1291.3651538437139,775.5442737172647,0.5,-1.6515178046996157,1.6009548455288864,-0.6437815171449217,0.0,-0.04363323129985824,,
90.60000000000001,5.189703323402346,-1.789539500935161,8.640149342777322,-0.004169530661955079,-0.00175791561405475,-0.04420627595551654,37.89999999999957,0.8901179185171177,1293.7582772560786,778.4863962421163,0.5,-1.6536994662646085,1.599826057196014,-0.65213381406005,0.0,-0.04363323129985824,,
90.7,5.222772658041717,-1.6663516933922178,8.195956738344567,-0.01368649384267652,0.005063401597689282,-0.021080339351156076,37.94999999999957,0.885754595387132,1296.167387252119,781.4219138839532,0.5,-1.6558811278296013,1.598654829147021,-0.6604884910027893,0.0,-0.04363323129985824,,
90.80000000000001,5.235835955203322,-1.723389578377236,8.453256536771963,-0.02830955220971872,0.0034796428796633827,-0.045317626831047876,37.99999999999957,0.8813912722571462,1298.5924716947707,784.350743074144,0.5,-1.658062789394594,1.597441119236173,-0.6688453364930227,0.0,-0.04363323129985824,,
90.9,5.052760086660631,-1.592929618631782,8.340530051072617,-0.04971104627221661,-0.024770265122974006,-0.018308879647332382,38.049999999999564,0.8770279491271604,1301.0335180217387,787.27280022449,0.5,-1.6602444509595868,1.5961848863558628,-0.6772041387286567,0.0,-0.04363323129985824,,
91.0,4.782577055655163,-1.6546904287548156,8.598398202277034,-0.045422489340451,0.001718155482199632,-0.03565184035940172,38.09999999999956,0.8726646259971746,1303.4905132450965,790.1880017293453,0.5,-1.6624261125245796,1.5948860904386155,-0.6855646855906558,0.0,-0.04363323129985824,1305.3783343671491,794.8222908936764
91.10000000000001,5.151190034853653,-1.7588112131751996,8.260392506347621,-0.023409432561005663,0.002300932830374426,-0.032999655262611095,38.14999999999956,0.8683013028671889,1305.9634439508966,793.0962639677424,0.5,-1.6646077740895724,1.593544692459071,-0.6939267646480901,0.0,-0.04363323129985824,,
91.2,5.023587482532302,-1.556555643848554,8.178274245425179,-0.02836965015906144,0.0019286364321961938,-0.028271125856446703,38.199999999999555,0.8639379797372031,1308.45229629879,795.9975033055186,0.5,-1.6667894356545652,1.592160654435939,-0.7022901631631944,0.0,-0.04363323129985824,,
91.30000000000001,5.33171355453181,-1.7555798102200717,8.358885054359234,-0.026782949621719343,-0.0073435323009131415,-0.03656029305217282,38.24999999999955,0.8595746566072173,1310.957056021657,798.8916360974472,0.5,-1.668971097219558,1.5907339394339328,-0.7106546680964363,0.0,-0.04363323129985824,,
91.4,5.343143960675828,-1.7178702292567292,8.356835359187102,-0.026923398330324443,-0.012987508114621871,-0.052235606214938606,38.29999999999955,0.8552113334772316,1313.4777084252487,801.7785786893699,0.5,-1.6711527587845507,1.5892645115656765,-0.7190200661115979,0.0,-0.04363323129985824,,
91.5,4.902870062743399,-1.837098527034153,8.693057328247733,-0.023426006024900664,-0.006189496665040808,-0.019902032908598745,38.34999999999955,0.8508480103472458,1316.0142383878374,804.6582474203339,0.5,-1.6733344203495437,1.587752335993589,-0.7273861435808664,0.0,-0.04363323129985824,,
91.60000000000001,5.168752831144175,-1.5701519165018571,8.401822604347085,-0.02678095938286642,-0.010690771018725278,-0.03589252860162396,38.399999999999544,0.84648468721726,1318.5666303598805,807.5305586247307,0.5,-1.6755160819145365,1.5861973789317427,-0.7357526865899364,0.0,-0.04363323129985824,,
91.7,4.627655628364955,-1.3184466533876356,8.151391121612546,-0.007104096606643353,-0.013335958597507434,-0.023528183264439125,38.44999999999954,0.8421213640872742,1321.134868363692,810.3954286344382,0.5,-1.6776977434795293,1.584599607647699,-0.7441194809431232,0.0,-0.04363323129985824,,
91.80000000000001,5.0628698605233735,-1.771401372914034,8.510718018364827,-0.012821557368841278,0.009282606520087678,-0.03940250486392305,38.49999999999954,0.8377580409572885,1323.7189359931258,813.2527737809653,0.5,-1.679879405044522,1.582958990464317,-0.7524863121684857,0.0,-0.04363323129985824,,
91.9,4.96430141066476,-1.7616516283606902,8.392366495530526,-0.025759484958267447,-0.01200344501487699,-0.02808306827919231,38.549999999999535,0.8333947178273027,1326.3188164132703,816.1025103975994,0.5,-1.6820610666095148,1.5812754967615403,-0.7608529655229597,0.0,-0.04363323129985824,,
92.0,5.22235573103215,-1.719645191963795,8.333682441154624,-0.028734345587200984,-0.0029565489942514,-0.04284332237261628,38.59999999999953,0.8290313946973169,1328.9344923601514,818.9445548215565,0.5,-1.6842427281745076,1.5795490969781567,-0.7692192259975033,0.0,-0.04363323129985824,1328.3363755491416,823.9922737261292
92.10000000000001,4.824029243365285,-1.9355769536430711,8.190868175019567,-0.01957492699659913,0.002708209989672249,-0.026789652306628282,38.64999999999953,0.8246680715673311,1331.5659461404491,821.7788233961338,0.5,-1.6864243897395004,1.5777797626135337,-0.77758487832225,0.0,-0.04363323129985824,,
92.2,5.020312782774506,-1.5853997132392719,8.27126480674694,-0.014194981845827195,0.00924375282342584,-0.04073293604844985,38.69999999999953,0.8203047484373454,1334.213159631222,824.6052324728652,0.5,-1.6886060513044931,1.5759674662293293,-0.7859497069716738,0.0,-0.04363323129985824,,
92.30000000000001,5.239213320704584,-1.4987108207848265,8.375821790843228,-0.010685744687992767,-0.00573319481696276,-0.027257172809724537,38.749999999999524,0.8159414253073596,1336.8761142796438,827.4236984136786,0.5,-1.690787712869486,1.5741121814511805,-0.7943134961697632,0.0,-0.04363323129985824,,
92.4,5.254350185129438,-1.7665764438075744,8.064033164000817,-0.007160977037387514,0.011584376870421034,-0.03796097643714259,38.79999999999952,0.8115781021773738,1339.5547911027504,830.2341375930569,0.5,-1.6929693744344787,1.5722138829703616,-0.8026760298952054,0.0,-0.04363323129985824,,
92.5,5.297817472023646,-1.8085401020102654,8.635023703204816,-0.031409030437917186,-4.115586986949848e-05,-0.017483467031289467,38.84999999999952,0.807214779047388,1342.2491706871972,833.0364664001996,0.5,-1.6951510359994715,1.570272546545421,-0.8110370918865797,0.0,-0.04363323129985824,,
92.60000000000001,4.951857380416727,-2.024780956318517,8.437330417340954,-0.02655255185119299,-0.0019666296595791896,-0.029085639955137757,38.899999999999515,0.8028514559174023,1344.9592331890278,835.8306012411887,0.5,-1.6973326975644643,1.5682881490037932,-0.8193964656475625,0.0,-0.04363323129985824,,
92.7,4.804819719657035,-1.5777342039181474,8.210899062256622,-0.011196278780278394,-0.0034584575199804947,-0.0262534918497325,38.94999999999951,0.7984881327874165,1347.6849583334522,838.6164585411555,0.5,-1.699514359129457,1.5662606682433848,-0.8277539344521383,0.0,-0.04363323129985824,,
92.80000000000001,5.047187513505138,-1.4762206867619205,8.302187493090235,-0.022467287271457345,0.013093159976903909,-0.02114465085403055,38.99999999999951,0.7941248096574307,1350.4263254146376,841.39395474645,0.5,-1.7016960206944498,1.5641900832341342,-0.8361092813498231,0.0,-0.04363323129985824,,
92.9,5.211278544912034,-1.5477550315666209,8.299362535439753,-0.014998330678593989,-0.0038292914911204506,-0.03585494451253463,39.04999999999951,0.7897614865274449,1353.1833132955082,844.1630063268132,0.5,-1.7038776822594426,1.5620763740195485,-0.8444622891708959,0.0,-0.04363323129985824,,
93.0,5.10182687411863,-1.5285735450589373,8.399967282548365,-0.0095615074234261,-0.0038711729144889698,-0.02747153827720217,39.099999999999504,0.7853981633974592,1355.955900407556,846.9235297775499,0.5,-1.7060593438244354,1.559919521718213,-0.8528127405316394,0.0,-0.04363323129985824,1358.7316432433086,859.2225243769668
93.10000000000001,5.243444248481889,-1.4964850603670674,8.555874696911603,-0.028622329678740566,-0.012930027826266689,-0.04566789674575471,39.1499999999995,0.7810348402674734,1358.744064750664,849.6754416217058,0.5,-1.7082410053894281,1.5577195085252766,-0.8611604178395884,0.0,-0.04363323129985824,,
93.2,5.218685566838537,-1.5245125297306539,8.29918254095657,-0.011376992377189905,-0.008488111699483351,-0.03252826880279156,39.1999999999995,0.7766715171374876,1361.5477838929369,852.4186584122447,0.5,-1.710422666954421,1.5554763177139121,-0.8695051032987915,0.0,-0.04363323129985824,,
93.30000000000001,5.1028592356880695,-1.8411788829381845,8.359435315632211,-0.025428505314306238,0.0035108515286649067,-0.024904231650411036,39.249999999999496,0.7723081940075018,1364.367034970547,855.1530967342287,0.5,-1.7126043285194137,1.55318993363675,-0.8778465789150739,0.0,-0.04363323129985824,,
93.4,5.023329182397462,-1.59298011742885,8.358207898957406,-0.026184358576864165,-0.00037195907537142275,-0.03997068143221484,39.29999999999949,0.7679448708775161,1367.2017946875865,857.878673207,0.5,-1.7147859900844067,1.5508603417272877,-0.8861846265013174,0.0,-0.04363323129985824,,
93.5,5.227186555347253,-2.1149100376637424,8.658198400859414,-0.016725257699608427,-0.005520112264517279,-0.048732058204105505,39.34999999999949,0.7635815477475303,1370.052039315934,860.5953044863649,0.5,-1.7169676516493995,1.548487528501271,-0.8945190276827426,0.0,-0.04363323129985824,,
93.60000000000001,4.996655551479123,-2.0158512725658153,8.4991201487154,-0.0050980571405237485,0.004930067549936271,-0.030509921868498838,39.39999999999949,0.7592182246175445,1372.9177446951303,863.3029072667787,0.5,-1.7191493132143922,1.5460714815580554,-0.9028495639022018,0.0,-0.04363323129985824,,
93.7,5.208301014369068,-1.622185274108285,8.701249747657446,-0.027579951599440974,-0.0022311574899646753,-0.035422024640470846,39.449999999999484,0.7548549014875587,1375.798886232264,866.0013982835341,0.5,-1.721330974779385,1.5436121895819361,-0.9111760164254812,0.0,-0.04363323129985824,,
93.80000000000001,5.063549760055464,-1.7273945503104111,8.42370095152185,-0.030916478834637173,0.007196532535034584,-0.032078317659027945,39.49999999999948,0.750491578357573,1378.6954389018715,868.6906943149492,0.5,-1.7235126363443778,1.5411096423434545,-0.9194981663466095,0.0,-0.04363323129985824,,
93.9,4.9262363384275565,-1.8632797644548378,8.592479710829418,-0.010127940297829116,0.005836100603094752,-0.03150461045718482,39.54999999999948,0.7461282552275872,1381.6073772458433,871.3707121845589,0.5,-1.7256942979093706,1.5385638307006804,-0.9278157945931744,0.0,-0.04363323129985824,,
94.0,5.142129005800177,-1.8080608544867283,8.428349290397701,-0.03655937475182615,-0.01570096543351042,-0.041557458212468076,39.599999999999476,0.7417649320976014,1384.5346753733443,874.0413687633072,0.5,-1.7278759594743633,1.5359747466004658,-0.9361286819316489,0.0,-0.04363323129985824,1385.6282132620408,872.4934688359234
94.10000000000001,5.241057522854068,-1.8033094953417623,8.392754297997852,-0.0013919512242973713,-0.0036279102366106137,-0.03471130305411084,39.64999999999947,0.7374016089676156,1387.477306960745,876.7025809717408,0.5,-1.7300576210393561,1.5333423830796753,-0.9444366089727242,0.0,-0.04363323129985824,,
94.2,5.219792873299104,-1.5637351975570986,8.03933077352472,-0.0017993061182704738,-0.0027658532489434878,-0.03306707182627601,39.69999999999947,0.7330382858376299,1390.4352452515616,879.3542657822046,0.5,-1.732239282604349,1.5306667342663893,-0.9527393561766488,0.0,-0.04363323129985824,,
94.30000000000001,4.921600519786954,-1.55310767683752,8.25327321915959,-0.016781297341018395,-0.0016101779117972566,-0.026990315489594078,39.74999999999947,0.7286749627076441,1393.4084630564087,881.9963402210387,0.5,-1.7344209441693417,1.527947795381082,-0.9610367038585789,0.0,-0.04363323129985824,,
94.4,5.086680661411257,-1.473882828893706,8.490135036155515,-0.0264155160290794,0.026408662545983907,-0.04053222332671221,39.799999999999464,0.7243116395776583,1396.3969327529626,884.6287213707765,0.5,-1.7366026057343344,1.5251855627377724,-0.9693284321939315,0.0,-0.04363323129985824,,
94.5,5.125525061297057,-1.6915020753318264,8.406757407919997,-0.025408892080962798,0.006104915405992037,-0.026863860385049558,39.84999999999946,0.7199483164476725,1399.400626285935,887.2513263723441,0.5,-1.7387842672993272,1.522380033745151,-0.9776143212237487,0.0,-0.04363323129985824,,
94.60000000000001,5.129634841457915,-1.551858330736613,8.205039823905917,-0.030051934760964804,0.0047296592564949344,-0.03754829072238428,39.89999999999946,0.7155849933176868,1402.4195151670583,889.8640724272619,0.5,-1.74096592886432,1.5195312069076796,-0.9858941508600678,0.0,-0.04363323129985824,,
94.7,5.068156951951146,-1.700622219169058,8.481528265353049,-0.018631436735531557,-0.0017792511620426418,-0.04092701972284986,39.949999999999456,0.711221670187701,1405.4535704750815,892.466876799846,0.5,-1.7431475904293128,1.516639081826666,-0.994167700891297,0.0,-0.04363323129985824,,
94.80000000000001,5.1141710374025,-1.8054738774408086,8.639265315643936,-0.0174106272951957,-0.0024512322351453297,-0.03964138422862683,39.99999999999945,0.7068583470577152,1408.5027628557775,895.0596568194118,0.5,-1.7453292519943056,1.5137036592013082,-1.0024347509876002,0.0,-0.04363323129985824,,
94.9,5.21730698278304,-1.703631171501235,8.469419367231264,-0.03183716403043347,0.006442875034074349,-0.0326710683489723,40.04999999999945,0.7024950239277294,1411.5670625219605,897.6423298824783,0.5,-1.7475109135592983,1.5107249408297216,-1.0106950807062869,0.0,-0.04363323129985824,,
95.0,3.8775941194732315,0.04175225796214965,9.273032663687479,-0.009566915802250806,0.0033036271067001625,-0.002461150153021942,40.09999999999945,0.6981317007977437,1414.634304472209,900.2160514716631,-1.2,0.0,-0.9192533317427645,-0.771345131623858,0.0,0.0,1411.590876228415,902.4153310318603
95.10000000000001,3.4448160290407484,0.12392117233258138,9.20745862263413,0.011660962604814418,0.007974010517275235,-0.0005241461372992185,39.97999999999945,0.6981317007977437,1417.69235388914,902.7820596095318,-1.2,0.0,-0.9192533317427645,-0.771345131623858,0.0,0.0,,
95.2,3.4069144874520427,0.36285653320110156,9.180447596511577,-0.00042243625100956225,0.005136593880007676,-0.0032471969403261094,39.85999999999945,0.6981317007977437,1420.7412107727534,905.3403542960842,-1.2,0.0,-0.9192533317427645,-0.771345131623858,0.0,0.0,,
95.30000000000001,3.7105016993522737,-0.12151298261018094,9.466140987688826,-0.0007367421086737483,0.003613055896749472,0.012430881844909675,39.739999999999455,0.6981317007977437,1423.7808751230496,907.8909355313205,-1.2,0.0,-0.9192533317427645,-0.771345131623858,0.0,0.0,,
95.4,3.688908335683069,-0.174238870913547,9.101104342175455,0.014223362769270125,0.007116660482387076,0.00956151626356503,39.61999999999946,0.6981317007977437,1426.8113469400282,910.4338033152404,-1.2,0.0,-0.9192533317427645,-0.771345131623858,0.0,0.0,,
95.5,3.3523743525487104,-0.06710326023767679,9.539467949782141,0.01943269337502764,-0.01073121893971354,-0.023891307211130156,39.49999999999946,0.6981317007977437,1429.8326262236894,912.9689576478441,-1.2,0.0,-0.9192533317427645,-0.771345131623858,0.0,0.0,,
95.60000000000001,3.2203901046895913,-0.3201835525706358,9.067579788757845,-0.002429085079098618,0.002317699972598951,-0.010076902233993684,39.37999999999946,0.6981317007977437,1432.8447129740332,915.4963985291316,-1.2,0.0,-0.9192533317427645,-0.771345131623858,0.0,0.0,,
95.7,3.529576615400453,0.015836059300922915,9.011717899678512,0.0016653186035920405,-0.007690440563200744,0.008395357354191958,39.259999999999465,0.6981317007977437,1435.8476071910595,918.0161259591029,-1.2,0.0,-0.9192533317427645,-0.771345131623858,0.0,0.0,,
95.80000000000001,3.6861475595443824,0.001157685359887424,8.987748020682442,-0.012404563584684905,-0.002269961075886248,0.004349025739230213,39.13999999999947,0.6981317007977437,1438.8413088747686,920.5281399377578,-1.2,0.0,-0.9192533317427645,-0.771345131623858,0.0,0.0,,
95.9,3.652250034294865,0.038877127533511795,9.191682119080376,0.011159881657565733,0.007211932126881546,-0.005275848930575855,39.01999999999947,0.6981317007977437,1441.8258180251603,923.0324404650966,-1.2,0.0,-0.9192533317427645,-0.771345131623858,0.0,0.0,,
96.0,3.3469835231417977,0.02106951812962367,9.05732297286486,-0.016209389882418858,-0.007140653430685132,-0.007986092113486675,38.89999999999947,0.6981317007977437,1444.8011346422345,925.529027541119,-1.2,0.0,-0.9192533317427645,-0.771345131623858,0.0,0.0,1448.0976716732146,928.831688650249
96.10000000000001,3.383911744052474,-0.009400950476575189,9.148184962865407,0.006214199077537417,-0.005014932930498825,0.005620893510167426,38.779999999999475,0.6981317007977437,1447.7672587259913,928.0179011658253,-1.2,0.0,-0.9192533317427645,-0.771345131623858,0.0,0.0,,
96.2,3.727753551047786,-0.014777466450545574,9.656901293793561,0.005351068271337013,-0.015031205652585384,-0.006620047537251585,38.65999999999948,0.6981317007977437,1450.7241902764306,930.4990613392154,-1.2,0.0,-0.9192533317427645,-0.771345131623858,0.0,0.0,,
96.30000000000001,3.9855500787291644,-0.1261860056063589,9.036231614662444,6.967749485374077e-05,-0.011409730444032611,0.0016256283808738841,38.53999999999948,0.6981317007977437,1453.6719292935525,932.9725080612892,-1.2,0.0,-0.9192533317427645,-0.771345131623858,0.0,0.0,,
96.4,3.686172676701127,-0.048880757525503,9.297241825326369,0.0041280339111384795,0.011667176504278159,-0.00033762618448739644,38.41999999999948,0.6981317007977437,1456.610475777357,935.4382413320468,-1.2,0.0,-0.9192533317427645,-0.771345131623858,0.0,0.0,,
96.5,3.3628643168050236,0.11409870205606118,9.293279352871421,0.003536880405924051,0.018533014085581948,-0.0024702547989530633,38.299999999999486,0.6981317007977437,1459.5398297278439,937.8962611514881,-1.2,0.0,-0.9192533317427645,-0.771345131623858,0.0,0.0,,
96.60000000000001,3.5600900055755687,0.09483377908783658,9.049710982912845,-0.004637097915820756,0.00037871766000649774,0.0037674303029944863,38.17999999999949,0.6981317007977437,1462.4599911450134,940.3465675196132,-1.2,0.0,-0.9192533317427645,-0.771345131623858,0.0,0.0,,
96.7,3.535738182670735,-0.10448521080451414,9.330428744393723,0.001901794725728155,-0.004694937756872579,0.01777115589896752,38.05999999999949,0.6981317007977437,1465.3709600288655,942.7891604364221,-1.2,0.0,-0.9192533317427645,-0.771345131623858,0.0,0.0,,
96.80000000000001,3.408423386823902,-0.2050475748301023,9.11565585985353,-0.001160281032429996,-0.00666279333234152,0.005531247061680634,37.93999999999949,0.6981317007977437,1468.2727363794002,945.2240399019147,-1.2,0.0,-0.9192533317427645,-0.771345131623858,0.0,0.0,,
96.9,3.845909450560052,-0.07698616490704834,9.156376933899162,0.0016406718461203257,-0.010484237600863523,0.007258152377571129,37.819999999999496,0.6981317007977437,1471.1653201966174,947.651205916091,-1.2,0.0,-0.9192533317427645,-0.771345131623858,0.0,0.0,,
97.0,3.44213360862997,0.1410230294742918,9.118817632577306,-0.01097892953295182,-0.005116268707514609,-0.009522900675432402,37.6999999999995,0.6981317007977437,1474.0487114805173,950.0706584789511,-1.2,0.0,-0.9192533317427645,-0.771345131623858,0.0,0.0,1473.2415166140959,945.8839363655169
97.10000000000001,3.4443690939370755,0.07639893645360654,9.150296447377112,-0.008659788228594721,-0.004501082326136768,-0.014096913188779064,37.5799999999995,0.6981317007977437,1476.9229102310999,952.482397590495,-1.2,0.0,-0.9192533317427645,-0.771345131623858,0.0,0.0,,
97.2,3.452562135438288,0.04467059577046326,9.287782422523994,0.004701461074617068,0.006330457568546839,0.02025102929475918,37.4599999999995,0.6981317007977437,1479.787916448365,954.8864232507226,-1.2,0.0,-0.9192533317427645,-0.771345131623858,0.0,0.0,,
97.30000000000001,3.707495676446503,0.024633675653896375,9.338433922713085,0.0063779407249808665,0.004002788508890914,-0.011795870586215496,37.339999999999506,0.6981317007977437,1482.6437301323126,957.2827354596341,-1.2,0.0,-0.9192533317427645,-0.771345131623858,0.0,0.0,,
97.4,3.4888999892766224,0.06982742614985461,9.017823899973713,0.00419027998381233,-0.0076031789736864955,-0.004524391675908097,37.21999999999951,0.6981317007977437,1485.4903512829428,959.6713342172293,-1.2,0.0,-0.9192533317427645,-0.771345131623858,0.0,0.0,,
97.5,3.3359362139800597,-0.058084866279189455,9.27621705618004,-0.008083458555736871,0.013947120272058407,0.00497274757358626,37.09999999999951,0.6981317007977437,1488.3277799002556,962.0522195235083,-1.2,0.0,-0.9192533317427645,-0.771345131623858,0.0,0.0,,
97.60000000000001,3.5964026680463186,-0.08113620312181888,8.923852990337895,0.005795621481032691,0.0026863174518170557,0.010325196814809156,36.979999999999514,0.6981317007977437,1491.1560159842509,964.425391378471,-1.2,0.0,-0.9192533317427645,-0.771345131623858,0.0,0.0,,
97.7,3.4836506709195385,0.18929323569184967,9.330148948583194,0.003565570387294067,0.004252433238090917,0.01239538693808314,36.859999999999516,0.6981317007977437,1493.9750595349287,966.7908497821174,-1.2,0.0,-0.9192533317427645,-0.771345131623858,0.0,0.0,,
97.80000000000001,3.582147240457337,0.03888897823799979,9.108350071767616,0.01352970087091466,0.0023597162257020404,0.00940065098949934,36.73999999999952,0.6981317007977437,1496.7849105522891,969.1485947344477,-1.2,0.0,-0.9192533317427645,-0.771345131623858,0.0,0.0,,
97.9,3.666055387937038,0.06572972922444098,8.980113660238338,-0.0008467539519532361,0.005656178205899574,0.008569269497809322,36.61999999999952,0.6981317007977437,1499.5855690363321,971.4986262354616,-1.2,0.0,-0.9192533317427645,-0.771345131623858,0.0,0.0,,
98.0,3.4666163985572775,0.27866696855451517,9.245418683753417,-0.015195502422033842,1.1245655352677192e-05,-0.0024300641031789402,36.499999999999524,0.6981317007977437,1502.3770349870576,973.8409442851594,-1.2,0.0,-0.9192533317427645,-0.771345131623858,0.0,0.0,1505.107448573028,969.2314011874878
98.10000000000001,3.746348619047321,0.05815778946913226,9.057031830394937,-0.015409804748500523,-0.0012848890529455622,0.002554708588185752,36.37999999999953,0.6981317007977437,1505.1593084044657,976.1755488835408,-1.2,0.0,-0.9192533317427645,-0.771345131623858,0.0,0.0,,
98.2,3.6818443427975556,0.10132517538819166,9.360891392693159,0.020816893457090258,-0.006109232777832442,0.0015721570624708061,36.25999999999953,0.6981317007977437,1507.9323892885564,978.5024400306061,-1.2,0.0,-0.9192533317427645,-0.771345131623858,0.0,0.0,,
98.30000000000001,3.7151990012349225,-0.1412711859236886,9.29263756389635,-0.001834199735408927,-0.004942221484243919,0.003742184373643173,36.13999999999953,0.6981317007977437,1510.6962776393298,980.821617726355,-1.2,0.0,-0.9192533317427645,-0.771345131623858,0.0,0.0,,
98.4,3.8144999986895534,-0.21712625981833847,9.2222204153609,-0.013015578425831289,0.01130681875651239,0.009556287807990956,36.019999999999534,0.6981317007977437,1513.4509734567857,983.1330819707879,-1.2,0.0,-0.9192533317427645,-0.771345131623858,0.0,0.0,,
98.5,3.5919963166183044,-0.14617523464312343,9.133685505160527,0.0076607935221758554,-0.007640161067583321,0.00662951287058237,35.89999999999954,0.6981317007977437,1516.1964767409243,985.4368327639045,-1.2,0.0,-0.9192533317427645,-0.771345131623858,0.0,0.0,,
98.60000000000001,3.6547493586169364,0.2971296591947063,9.187736787569465,-0.009214433028546982,-0.000472819252708022,0.005139493435824552,35.77999999999954,0.6981317007977437,1518.9327874917453,987.7328701057048,-1.2,0.0,-0.9192533317427645,-0.771345131623858,0.0,0.0,,
98.7,3.59923875698641,-0.06549160856883471,8.891061132410547,-0.011668083349199124,-0.020590954764679616,0.0034651204970893427,35.65999999999954,0.6981317007977437,1521.659905709249,990.0211939961889,-1.2,0.0,-0.9192533317427645,-0.771345131623858,0.0,0.0,,
98.80000000000001,3.5590496654318224,-0.12012039734390666,9.355984879520706,0.008506692394271797,-0.0009819842433914409,0.017581950559083463,35.539999999999544,0.6981317007977437,1524.3778313934351,992.3018044353568,-1.2,0.0,-0.9192533317427645,-0.771345131623858,0.0,0.0,,
98.9,3.3370824939321553,-0.1532733142235263,9.289912090010507,0.018213032168873586,-0.0033806437609317373,-0.0092284155706027,35.41999999999955,0.6981317007977437,1527.0865645443039,994.5747014232084,-1.2,0.0,-0.9192533317427645,-0.771345131623858,0.0,0.0,,
99.0,3.5552104853305364,0.049178208962896756,9.298937548209658,0.004907566474826363,-0.006932827110828284,-0.0069792102920480945,35.29999999999955,0.6981317007977437,1529.7861051618552,996.8398849597437,-1.2,0.0,-0.9192533317427645,-0.771345131623858,0.0,0.0,1529.5966515666632,997.6659737530952
99.10000000000001,3.4797559206105797,0.0647313932956545,9.1733043452307,0.002047169375663444,0.012586148885865997,0.0011137964533694707,35.17999999999955,0.6981317007977437,1532.476453246089,999.0973550449628,-1.2,0.0,-0.9192533317427645,-0.771345131623858,0.0,0.0,,
99.2,3.4901123866212966,-0.020371400793109055,9.389653853558755,-0.008502104411768855,-0.004135114973279632,0.008398251626836207,35.059999999999555,0.6981317007977437,1535.1576087970054,1001.3471116788656,-1.2,0.0,-0.9192533317427645,-0.771345131623858,0.0,0.0,,
99.30000000000001,3.382321073891148,0.5135882051015109,9.421169851136913,0.011653712633395525,0.00410489505770825,-0.0035018673313263844,34.93999999999956,0.6981317007977437,1537.8295718146044,1003.5891548614522,-1.2,0.0,-0.9192533317427645,-0.771345131623858,0.0,0.0,,
99.4,3.4976352849545647,-0.013842654999238523,9.153190260061614,0.004156052478428423,0.017980743422348296,0.022119679151253478,34.81999999999956,0.6981317007977437,1540.492342298886,1005.8234845927227,-1.2,0.0,-0.9192533317427645,-0.771345131623858,0.0,0.0,,
99.5,3.6164130943411186,0.03012406009530147,9.404401294068956,-0.004099852874382886,0.006915948759810791,0.002524344454031824,34.69999999999956,0.6981317007977437,1543.1459202498502,1008.0501008726769,-1.2,0.0,-0.9192533317427645,-0.771345131623858,0.0,0.0,,
99.60000000000001,3.8154092078635573,0.175837604353336,9.179072190739264,-0.007168985532014519,-0.009986048277152628,0.01904071344314394,34.579999999999565,0.6981317007977437,1545.790305667497,1010.2690037013149,-1.2,0.0,-0.9192533317427645,-0.771345131623858,0.0,0.0,,
99.7,3.611421782519602,-0.09259656034694144,9.112801512137134,-0.008087554321682797,-0.002460910846381244,0.017767555235192762,34.45999999999957,0.6981317007977437,1548.4254985518264,1012.4801930786366,-1.2,0.0,-0.9192533317427645,-0.771345131623858,0.0,0.0,,
99.80000000000001,3.808284455040606,0.09899037606723815,9.065648449066448,-0.011202120985818007,0.0029627032048784247,-0.006158007737794693,34.33999999999957,0.6981317007977437,1551.0514989028384,1014.6836690046421,-1.2,0.0,-0.9192533317427645,-0.771345131623858,0.0,0.0,,
99.9,3.7504221177714037,0.036819833467125807,9.410930046029124,0.014524383494432818,0.003997392415150002,0.0027346099982044235,34.21999999999957,0.6981317007977437,1553.6683067205329,1016.8794314793313,-1.2,0.0,-0.9192533317427645,-0.771345131623858,0.0,0.0,,
100.0,3.505361974839643,-0.06367221609509019,9.265476500831515,0.0036309937014102705,-0.01149307389128294,-0.0016502514796912148,34.099999999999575,0.6981317007977437,1556.27592200491,1019.0674805027043,-1.2,0.0,-0.9192533317427645,-0.771345131623858,0.0,0.0,1559.0559950371587,1008.083680110532
100.10000000000001,3.652500665551569,-0.025939617446561022,8.941004373511134,-0.000727335844948351,0.009797649357731806,0.006588839038941313,33.97999999999958,0.6981317007977437,1558.8743447559696,1021.247816074761,-1.2,0.0,-0.9192533317427645,-0.771345131623858,0.0,0.0,,
100.2,3.717157858842071,-0.0614852410299633,9.605732961742028,0.004772300294263671,-0.004951258566828129,0.0037292813802014702,33.85999999999958,0.6981317007977437,1561.4635749737117,1023.4204381955014,-1.2,0.0,-0.9192533317427645,-0.771345131623858,0.0,0.0,,
100.30000000000001,3.4057254430909265,0.08400669206887927,9.18173831958342,-0.009470187877621139,0.006696113233590293,0.009269332349526507,33.73999999999958,0.6981317007977437,1564.0436126581365,1025.5853468649257,-1.2,0.0,-0.9192533317427645,-0.771345131623858,0.0,0.0,,
100.4,3.68656535006125,-0.06139980541776933,9.355306843301472,0.007651346138655553,0.01480180256092497,-0.001337955801055976,33.619999999999585,0.6981317007977437,1566.6144578092437,1027.7425420830336,-1.2,0.0,-0.9192533317427645,-0.771345131623858,0.0,0.0,,
100.5,3.629244700157092,-0.18111906802286376,9.078192894629446,-0.012676225662819663,0.004375982748025478,0.00363360541492975,33.49999999999959,0.6981317007977437,1569.1761104270336,1029.8920238498254,-1.2,0.0,-0.9192533317427645,-0.771345131623858,0.0,0.0,,
100.60000000000001,3.4741407831712565,0.07746049350723051,9.268304930295034,-0.007020868523294943,-0.0023186475875807233,-0.0011788391509055182,33.37999999999959,0.6981317007977437,1571.728570511506,1032.0337921653008,-1.2,0.0,-0.9192533317427645,-0.771345131623858,0.0,0.0,,
100.7,3.681717170688565,-0.10665085098550975,9.149620637058641,0.007446977814167194,-0.014039727561207627,0.001878070666196914,33.25999999999959,0.6981317007977437,1574.2718380626611,1034.16784702946,-1.2,0.0,-0.9192533317427645,-0.771345131623858,0.0,0.0,,
100.80000000000001,3.5499797736551577,-0.035196942165439386,9.240739794312743,0.003790299029454987,0.0041715847215808835,0.011965562811259968,33.139999999999596,0.6981317007977437,1576.8059130804988,1036.294188442303,-1.2,0.0,-0.9192533317427645,-0.771345131623858,0.0,0.0,,
100.9,3.776382047800288,0.06485332470226463,9.437994705649784,-0.003264069999535646,-0.010184842515604123,0.002757147967045786,33.0199999999996,0.6981317007977437,1579.3307955650191,1038.4128164038298,-1.2,0.0,-0.9192533317427645,-0.771345131623858,0.0,0.0,,
101.0,3.6253201029926445,-0.19364600950502658,9.313055224758202,-0.0008328942083230702,0.002078359727017839,-0.0070433984781367006,32.8999999999996,0.6981317007977437,1581.846485516222,1040.5237309140405,-1.2,0.0,-0.9192533317427645,-0.771345131623858,0.0,0.0,1585.4920462651971,1040.856601190912
101.10000000000001,3.51314240567714,-0.22995555286138647,9.353613652071862,0.0013169778645712776,-0.006052634478458705,0.009977702992080367,32.7799999999996,0.6981317007977437,1584.3529829341073,1042.626931972935,-1.2,0.0,-0.9192533317427645,-0.771345131623858,0.0,0.0,,
101.2,3.581925415443356,-0.2619203359262179,9.017574380317987,-0.013249094605732394,-0.006738457594366457,0.0013232217482846763,32.659999999999606,0.6981317007977437,1586.8502878186753,1044.7224195805131,-1.2,0.0,-0.9192533317427645,-0.771345131623858,0.0,0.0,,
101.30000000000001,3.6495521075981596,-0.13289778653343226,9.31122932512428,0.018842678847099253,0.0032624382889260813,0.005974644187188498,32.53999999999961,0.6981317007977437,1589.3384001699258,1046.810193736775,-1.2,0.0,-0.9192533317427645,-0.771345131623858,0.0,0.0,,
101.4,3.703313814826942,-0.016332709962660966,9.276928049943931,-0.011713057587983758,0.007779855022290495,0.0005727605816805122,32.41999999999961,0.6981317007977437,1591.8173199878588,1048.8902544417208,-1.2,0.0,-0.9192533317427645,-0.771345131623858,0.0,0.0,,
101.5,3.592772605570181,0.04351055750825628,9.581313601413042,0.008379752145472843,-0.0024386028431352554,0.010681697516476898,32.29999999999961,0.6981317007977437,1594.2870472724744,1050.9626016953503,-1.2,0.0,-0.9192533317427645,-0.771345131623858,0.0,0.0,,
101.60000000000001,3.512296617640942,0.09241566785659916,9.353638583735828,-0.0035807223973886365,0.0009532411550744987,0.005074392820570142,32.179999999999616,0.6981317007977437,1596.7475820237726,1053.0272354976635,-1.2,0.0,-0.9192533317427645,-0.771345131623858,0.0,0.0,,
101.7,3.814329626379133,0.050976453025068244,9.338629536015631,-0.020611601106902064,-0.00025300079580949385,-0.008733507572167513,32.05999999999962,0.6981317007977437,1599.1989242417533,1055.0841558486604,-1.2,0.0,-0.9192533317427645,-0.771345131623858,0.0,0.0,,
101.80000000000001,3.6918791530641615,-0.01631618040172996,9.2490398274766,0.0038790671419858076,0.0016788177025395278,-0.020343349294402898,31.939999999999618,0.6981317007977437,1601.6410739264165,1057.1333627483411,-1.2,0.0,-0.9192533317427645,-0.771345131623858,0.0,0.0,,
101.9,3.6071058013664654,-0.014165591239728341,9.218787721157591,0.01127733966508836,0.013985101638329053,0.008340816160579658,31.819999999999617,0.6981317007977437,1604.0740310777624,1059.1748561967056,-1.2,0.0,-0.9192533317427645,-0.771345131623858,0.0,0.0,,
102.0,3.2420291455779275,0.2449058178653707,9.192007451271497,-0.012208481470815519,0.0050121327383653045,0.00035543579751977795,31.699999999999616,0.6981317007977437,1606.497795695791,1061.2086361937538,-1.2,0.0,-0.9192533317427645,-0.771345131623858,0.0,0.0,1602.5094984249463,1064.5220211103995
102.10000000000001,3.5367253087082293,0.09077081766980996,9.121846490217967,-0.007407249781918912,0.005026376583242498,0.031945094305151384,31.579999999999615,0.6981317007977437,1608.912367780502,1063.2347027394858,-1.2,0.0,-0.9192533317427645,-0.771345131623858,0.0,0.0,,
102.2,3.6988041636516305,-0.08242939162896093,9.38540056686804,-0.018018710511240325,-0.016368569014264586,-0.0029714734986739178,31.459999999999614,0.6981317007977437,1611.3177473318958,1065.2530558339015,-1.2,0.0,-0.9192533317427645,-0.771345131623858,0.0,0.0,,
102.30000000000001,3.764018961099291,0.013899072589777859,9.181331846550542,-0.0140625676738503,0.009900849330729726,-0.01302787160756885,31.339999999999613,0.6981317007977437,1613.713934349972,1067.263695477001,-1.2,0.0,-0.9192533317427645,-0.771345131623858,0.0,0.0,,
102.4,3.474445090487503,-0.09902683987380453,9.231616846016554,-0.004992444737353667,0.0035896579023957944,0.006604528350098948,31.21999999999961,0.6981317007977437,1616.100928834731,1069.2666216687842,-1.2,0.0,-0.9192533317427645,-0.771345131623858,0.0,0.0,,
102.5,3.2854575565571698,0.10820651644246573,9.371096678313764,-0.009139592496382284,0.0073895554931945,-0.016325374482054674,31.09999999999961,0.6981317007977437,1618.4787307861723,1071.2618344092512,-1.2,0.0,-0.9192533317427645,-0.771345131623858,0.0,0.0,,
102.60000000000001,3.6110393801585463,0.05283751995462987,9.168925633580916,0.017098137450622677,0.0022158989428871134,0.006052261999328529,30.97999999999961,0.6981317007977437,1620.8473402042962,1073.2493336984019,-1.2,0.0,-0.9192533317427645,-0.771345131623858,0.0,0.0,,
102.7,3.31600086396799,0.17908193000812053,9.080145512977717,0.007758239749596025,-0.005799099948022504,0.0012681196244745561,30.85999999999961,0.6981317007977437,1623.2067570891027,1075.2291195362363,-1.2,0.0,-0.9192533317427645,-0.771345131623858,0.0,0.0,,
102.80000000000001,3.3994643877818334,0.12553040130792856,9.106026017583199,0.0016362205793190579,-0.012083598240262982,0.009229478824349185,30.739999999999608,0.6981317007977437,1625.5569814405917,1077.2011919227546,-1.2,0.0,-0.9192533317427645,-0.771345131623858,0.0,0.0,,
102.9,3.5139018911031856,0.010818052594714984,9.196527049083581,0.007812293135040147,-0.004945782344572553,-0.006193726362191181,30.619999999999607,0.6981317007977437,1627.8980132587633,1079.1655508579565,-1.2,0.0,-0.9192533317427645,-0.771345131623858,0.0,0.0,,
103.0,3.6076988028128723,0.12379648507736347,9.299451788208719,-0.00818336701551074,0.01629120601087023,-0.024429489835390606,30.499999999999606,0.6981317007977437,1630.2298525436174,1081.1221963418423,-1.2,0.0,-0.9192533317427645,-0.771345131623858,0.0,0.0,1628.0211874500649,1077.5888080037375
103.10000000000001,3.4657564651089796,-0.12011970290799699,9.067788391341994,-0.007085586539454068,-0.00044710725938661047,0.001133085094037542,30.379999999999605,0.6981317007977437,1632.5524992951541,1083.0711283744117,-1.2,0.0,-0.9192533317427645,-0.771345131623858,0.0,0.0,,
103.2,3.3000186094704755,-0.06593160707928086,9.012676267911397,0.017538292809658716,0.004430025108834954,0.010547351332121216,30.259999999999604,0.6981317007977437,1634.8659535133736,1085.0123469556652,-1.2,0.0,-0.9192533317427645,-0.771345131623858,0.0,0.0,,
103.30000000000001,3.605177620693328,-0.04644056570523901,9.370088742365587,0.004642682525454591,0.0015435577243171426,0.029797471864552495,30.139999999999603,0.6981317007977437,1637.1702151982756,1086.9458520856024,-1.2,0.0,-0.9192533317427645,-0.771345131623858,0.0,0.0,,
103.4,3.5504425391495986,0.020786158524104682,9.154594403759855,-0.002550418742975233,0.007663496842567117,0.00545388980635949,30.0199999999996,0.6981317007977437,1639.4652843498602,1088.8716437642233,-1.2,0.0,-0.9192533317427645,-0.771345131623858,0.0,0.0,,
103.5,3.350709374914648,-0.12145845294015169,9.05630379748417,-0.0022347796395693685,-0.012646577734290246,0.006189747774631128,29.8999999999996,0.6981317007977437,1641.7511609681274,1090.789721991528,-1.2,0.0,-0.9192533317427645,-0.771345131623858,0.0,0.0,,
103.60000000000001,3.5538448170197308,-0.02852589734031681,9.338193527773033,0.00718018844282675,-0.005294341093519952,0.012322373857483263,29.7799999999996,0.6981317007977437,1644.027845053077,1092.7000867675165,-1.2,0.0,-0.9192533317427645,-0.771345131623858,0.0,0.0,,
103.7,3.482771387790227,-0.11421161787600898,9.246728116357874,-0.0028272316897160555,-0.013005917369704093,0.011811865152679901,29.6599999999996,0.6981317007977437,1646.2953366047093,1094.6027380921887,-1.2,0.0,-0.9192533317427645,-0.771345131623858,0.0,0.0,,
103.80000000000001,3.356536716890669,0.3024368405636114,9.439395131200811,-0.004037688404482552,0.02212149407378307,0.004367692708562646,29.539999999999598,0.6981317007977437,1648.553635623024,1096.4976759655447,-1.2,0.0,-0.9192533317427645,-0.771345131623858,0.0,0.0,,
103.9,3.7328101106846328,-0.16232760795666146,9.274637816196046,0.016629557608906605,0.015641124110416224,-0.00720140675711465,29.419999999999597,0.6981317007977437,1650.8027421080214,1098.3849003875844,-1.2,0.0,-0.9192533317427645,-0.771345131623858,0.0,0.0,,
104.0,3.5948616437354373,-0.2203284674127461,9.305928422734784,-0.004346600952857123,0.0042397793862499165,0.00027942768016252836,29.299999999999596,0.6981317007977437,1653.0426560597014,1100.2644113583078,-1.2,0.0,-0.9192533317427645,-0.771345131623858,0.0,0.0,1651.0392092463399,1098.9262027391615
104.10000000000001,3.485929707675847,-0.10874839902853138,9.174112899104196,0.0016782575470880928,-0.004370137216698027,0.007818877672989335,29.179999999999595,0.6981317007977437,1655.2733774780638,1102.136208877715,-1.2,0.0,-0.9192533317427645,-0.771345131623858,0.0,0.0,,
104.2,3.7148322759355294,0.05948553153511709,9.363688301094093,0.004167136511032078,-0.011588762303145846,0.013832577785310145,29.059999999999594,0.6981317007977437,1657.4949063631088,1104.000292945806,-1.2,0.0,-0.9192533317427645,-0.771345131623858,0.0,0.0,,
104.30000000000001,3.268888559520179,-0.06362642386821143,9.183390971994067,0.005784759990053213,0.015030199950392863,-0.007504057050045569,28.939999999999593,0.6981317007977437,1659.7072427148364,1105.8566635625807,-1.2,0.0,-0.9192533317427645,-0.771345131623858,0.0,0.0,,
104.4,3.4757671116777007,-0.05621140939059121,9.02721306750548,0.014294742987257022,-0.00430854246108413,0.01463730371383034,28.81999999999959,0.6981317007977437,1661.9103865332465,1107.7053207280392,-1.2,0.0,-0.9192533317427645,-0.771345131623858,0.0,0.0,,
104.5,3.778189093078795,0.11617900494810429,9.304774893871212,-0.007727943736610719,0.009480126974554338,0.025138092043721447,28.69999999999959,0.6981317007977437,1664.1043378183394,1109.5462644421814,-1.2,0.0,-0.9192533317427645,-0.771345131623858,0.0,0.0,,
104.60000000000001,3.4361748636844185,0.0009550585117528501,9.191464266375908,-0.006939818620228699,-0.012610245371648388,0.012762108984406113,28.57999999999959,0.6981317007977437,1666.289096570115,1111.3794947050073,-1.2,0.0,-0.9192533317427645,-0.771345131623858,0.0,0.0,,
104.7,3.388510278940498,-0.02437253097897661,9.084945668123918,-0.0031763980637230394,-0.012939514634444408,0.006412735612043592,28.45999999999959,0.6981317007977437,1668.464662788573,1113.205011516517,-1.2,0.0,-0.9192533317427645,-0.771345131623858,0.0,0.0,,
104.80000000000001,3.4367383512278806,-0.1204606480056253,9.119951283528867,-0.0002786465324039249,-0.0011049773268239891,0.013952772601172173,28.339999999999588,0.6981317007977437,1670.6310364737135,1115.0228148767105,-1.2,0.0,-0.9192533317427645,-0.771345131623858,0.0,0.0,,
104.9,3.667899470342279,0.2092172336292622,9.255957196281903,-0.001901452135452986,0.016730285838555813,0.0015034218326122322,28.219999999999587,0.6981317007977437,1672.7882176255366,1116.8329047855877,-1.2,0.0,-0.9192533317427645,-0.771345131623858,0.0,0.0,,
105.0,4.04414915301723,-0.1845191198490866,9.067793550057878,0.012606700626115262,0.0038868943098150726,-0.008125516946440443,28.099999999999586,0.6981317007977437,1674.9362062440423,1118.6352812431487,-1.2,0.0,-0.9192533317427645,-0.771345131623858,0.0,0.0,1674.9628096581755,1120.7267953598407
105.10000000000001,3.648785907454725,0.2200355379601708,8.949305162288889,-0.011236274100367842,0.005190499495700663,0.010585640905098026,27.979999999999585,0.6981317007977437,1677.0750023292305,1120.4299442493934,-1.2,0.0,-0.9192533317427645,-0.771345131623858,0.0,0.0,,
105.2,3.6788996215432714,-0.123043163356451,9.166915919097706,-0.00563839402712211,0.005448098832255409,0.007046919837018519,27.859999999999584,0.6981317007977437,1679.2046058811013,1122.216893804322,-1.2,0.0,-0.9192533317427645,-0.771345131623858,0.0,0.0,,
105.30000000000001,3.499413751613522,-0.06470837249786589,9.049074546489168,0.006641590483539433,0.0023037353284384504,-0.0014594873922487732,27.739999999999583,0.6981317007977437,1681.3250168996547,1123.9961299079343,-1.2,0.0,-0.9192533317427645,-0.771345131623858,0.0,0.0,,
105.4,3.9389911801546997,0.023632068662616593,9.125511358040338,0.006368356509520192,0.01927628698583682,0.008405193740652036,27.61999999999958,0.6981317007977437,1683.4362353848906,1125.7676525602305,-1.2,0.0,-0.9192533317427645,-0.771345131623858,0.0,0.0,,
105.5,3.1224082640978885,0.13662737673685318,9.251682486482995,0.004601805050842341,-0.010687465035564494,-0.002887007262024269,27.49999999999958,0.6981317007977437,1685.538261336809,1127.5314617612105,-1.2,0.0,-0.9192533317427645,-0.771345131623858,0.0,0.0,,
105.60000000000001,3.31460761239658,-0.0679158099221601,9.179079052497324,-0.00436996480717084,0.006341003007385663,0.022958733460602787,27.37999999999958,0.6981317007977437,1687.63109475541,1129.2875575108742,-1.2,0.0,-0.9192533317427645,-0.771345131623858,0.0,0.0,,
105.7,3.679191176614748,-0.32805707621471386,9.16872722673544,0.015732054220497674,0.010544781479525884,0.0073408293211754145,27.25999999999958,0.6981317007977437,1689.7147356406938,1131.0359398092216,-1.2,0.0,-0.9192533317427645,-0.771345131623858,0.0,0.0,,
105.80000000000001,3.5992977616080473,-0.264086190322632,9.260527642336795,-0.014169723220588666,-0.003769395224006491,-0.008390697271117735,27.139999999999578,0.6981317007977437,1691.7891839926601,1132.7766086562528,-1.2,0.0,-0.9192533317427645,-0.771345131623858,0.0,0.0,,
105.9,3.575729008339756,-0.2202537866003506,9.15211071370317,0.014022573808098553,-0.016336946195036898,0.0030894593327294786,27.019999999999577,0.6981317007977437,1693.854439811309,1134.5095640519678,-1.2,0.0,-0.9192533317427645,-0.771345131623858,0.0,0.0,,
106.0,3.524279372472193,-0.022572474357979856,9.112666780398632,0.015701572703124042,0.00846942633076187,-0.005762167521236734,26.899999999999576,0.6981317007977437,1695.9105030966405,1136.2348059963665,-1.2,0.0,-0.9192533317427645,-0.771345131623858,0.0,0.0,1689.1192899154207,1134.8478512706736
106.10000000000001,3.677296540169237,-0.32054804099148987,9.134595723382539,-0.0014580372329450176,0.020466565211361615,0.010741161897378657,26.779999999999575,0.6981317007977437,1697.9573738486545,1137.952334489449,-1.2,0.0,-0.9192533317427645,-0.771345131623858,0.0,0.0,,
106.2,3.684957476275831,0.08170799714669852,9.190335887434902,0.0020227854477416177,0.015044731027174857,0.011913378759739666,26.659999999999574,0.6981317007977437,1699.995052067351,1139.6621495312152,-1.2,0.0,-0.9192533317427645,-0.771345131623858,0.0,0.0,,
106.30000000000001,3.499520936211156,-0.029618226451311035,9.010722032429568,0.004995444520618303,-0.014397259084267089,0.006148297080969639,26.539999999999573,0.6981317007977437,1702.0235377527301,1141.3642511216651,-1.2,0.0,-0.9192533317427645,-0.771345131623858,0.0,0.0,,
106.4,3.7166062826785633,0.06069185766797384,9.090922725122413,0.00474224286533074,0.002629339810314121,0.008722578888106193,26.419999999999572,0.6981317007977437,1704.0428309047918,1143.0586392607988,-1.2,0.0,-0.9192533317427645,-0.771345131623858,0.0,0.0,,
106.5,3.6355211904679923,-0.2752976707979338,9.03358800521708,0.009014630623811463,-0.011130325642175858,0.006296255867658676,26.29999999999957,0.6981317007977437,1706.052931523536,1144.7453139486163,-1.2,0.0,-0.9192533317427645,-0.771345131623858,0.0,0.0,,
106.60000000000001,3.75529566670149,0.2134624148330539,9.09000603145253,-0.0044224830299856525,0.012381544836359937,0.004899105030907242,26.17999999999957,0.6981317007977437,1708.0538396089628,1146.4242751851175,-1.2,0.0,-0.9192533317427645,-0.771345131623858,0.0,0.0,,
106.7,3.493799182182804,-0.10663351114897304,9.143685691016465,0.013877412564971103,-0.021730598424536802,0.014746541844586535,26.05999999999957,0.6981317007977437,1710.0455551610721,1148.0955229703025,-1.2,0.0,-0.9192533317427645,-0.771345131623858,0.0,0.0,,
106.80000000000001,3.5515518161526005,0.04367838182984667,9.35959600913292,0.0212984360192971,1.7119287330379206e-05,0.01546527161945611,25.939999999999568,0.6981317007977437,1712.028078179864,1149.7590573041712,-1.2,0.0,-0.9192533317427645,-0.771345131623858,0.0,0.0,,
106.9,3.5446042358646603,0.02696039013768336,9.01911898428962,0.010048168325871146,0.004397658272083737,-0.008895734270840405,25.819999999999567,0.6981317007977437,1714.0014086653384,1151.4148781867236,-1.2,0.0,-0.9192533317427645,-0.771345131623858,0.0,0.0,,
107.0,3.304602020553502,0.2519215334588816,9.316869656125522,-0.010557519212586143,0.0072838145785058764,0.004417181536028706,25.699999999999566,0.6981317007977437,1715.9655466174956,1153.0629856179598,-1.2,0.0,-0.9192533317427645,-0.771345131623858,0.0,0.0,1715.238085580759,1152.1788729482598
107.10000000000001,3.4879453729707546,-0.019550331687833142,9.169143252137323,-0.007446495786819597,-0.0050778675200538114,-0.002251690071013881,25.579999999999565,0.6981317007977437,1717.9204920363354,1154.7033795978798,-1.2,0.0,-0.9192533317427645,-0.771345131623858,0.0,0.0,,
107.2,3.8893610707019874,-0.10106691092282774,9.294546150645811,-0.0031455257167895857,0.01687207680908452,0.013107876888855705,25.459999999999564,0.6981317007977437,1719.8662449218577,1156.3360601264835,-1.2,0.0,-0.9192533317427645,-0.771345131623858,0.0,0.0,,
107.30000000000001,3.5219219185889474,0.14589953102914335,9.515378708066544,-0.007228360083052736,-0.008903588921517309,0.007471034154305601,25.339999999999563,0.6981317007977437,1721.8028052740626,1157.961027203771,-1.2,0.0,-0.9192533317427645,-0.771345131623858,0.0,0.0,,
107.4,3.674509758525753,-0.25634564358588074,9.098018337261617,0.005986462998585279,-0.004286633276949642,0.004883062056213137,25.219999999999562,0.6981317007977437,1723.73017309295,1159.5782808297422,-1.2,0.0,-0.9192533317427645,-0.771345131623858,0.0,0.0,,
107.5,3.6531797008452047,0.14800423405087476,9.157417217055151,0.012775854267070546,0.009277510939443168,-0.011188111796051971,25.09999999999956,0.6981317007977437,1725.64834837852,1161.1878210043974,-1.2,0.0,-0.9192533317427645,-0.771345131623858,0.0,0.0,,
107.60000000000001,3.4627595292315516,-0.24021874705145824,8.967474682895922,-0.0017841988234882445,-0.0070392106339424625,0.01255045497355152,24.97999999999956,0.6981317007977437,1727.5573311307726,1162.7896477277363,-1.2,0.0,-0.9192533317427645,-0.771345131623858,0.0,0.0,,
107.7,3.8812761346468925,-0.06353065330799525,9.109619094117633,-0.0028198997549651428,-0.00802320996677726,0.013409460698096714,24.85999999999956,0.6981317007977437,1729.4571213497077,1164.383760999759,-1.2,0.0,-0.9192533317427645,-0.771345131623858,0.0,0.0,,
107.80000000000001,3.496888154677315,0.14387025636500933,9.055043192401987,0.006662657887747788,0.0020331981067629452,0.025586652413303733,24.739999999999558,0.6981317007977437,1731.3477190353253,1165.9701608204655,-1.2,0.0,-0.9192533317427645,-0.771345131623858,0.0,0.0,,
107.9,3.7772807404961015,0.3878570093217772,9.288684549450249,0.010780953913321314,0.002729040318621044,0.007071897319177619,24.619999999999557,0.6981317007977437,1733.2291241876255,1167.5488471898557,-1.2,0.0,-0.9192533317427645,-0.771345131623858,0.0,0.0,,
108.0,3.250719560677121,-0.14961761518410382,9.226917780769318,-0.013915517554828734,-0.01093910155537755,0.010219122708539037,24.499999999999556,0.6981317007977437,1735.1013368066083,1169.1198201079296,-1.2,0.0,-0.9192533317427645,-0.771345131623858,0.0,0.0,1738.393292378958,1172.6688657170728
108.10000000000001,3.772769016225253,-0.06935070135341137,9.257356228230204,-0.0022204483416188264,0.008130316191380464,-0.011347909156555112,24.379999999999555,0.6981317007977437,1736.9643568922736,1170.6830795746873,-1.2,0.0,-0.9192533317427645,-0.771345131623858,0.0,0.0,,
108.2,3.73629413315058,-0.16070127974636159,9.162209050374221,4.641572312250317e-05,0.004339360370406019,0.003458981605837994,24.259999999999554,0.6981317007977437,1738.8181844446215,1172.2386255901288,-1.2,0.0,-0.9192533317427645,-0.771345131623858,0.0,0.0,,
108.30000000000001,3.5805869920328686,-0.28625215348826305,8.93834865770497,0.01810526255955677,-0.009194119792493462,0.01021186674479553,24.139999999999553,0.6981317007977437,1740.662819463652,1173.786458154254,-1.2,0.0,-0.9192533317427645,-0.771345131623858,0.0,0.0,,
108.4,3.6525401121806573,0.27008072488604834,9.344531963207778,0.0038197217333565624,-0.008989051962587593,0.004183606252757049,24.019999999999552,0.6981317007977437,1742.4982619493653,1175.326577267063,-1.2,0.0,-0.9192533317427645,-0.771345131623858,0.0,0.0,,
108.5,3.511291628596793,0.0719897729049004,9.210181887437416,-0.013005675606917509,-0.0010318648095578148,-0.011118133231381139,23.89999999999955,0.6981317007977437,1744.324511901761,1176.8589829285556,-1.2,0.0,-0.9192533317427645,-0.771345131623858,0.0,0.0,,
108.60000000000001,3.676195585312181,0.08004186170876035,9.0056169881937,0.011751584768679007,0.0009587395682529944,-0.010007959131160551,23.77999999999955,0.6981317007977437,1746.1415693208394,1178.383675138732,-1.2,0.0,-0.9192533317427645,-0.771345131623858,0.0,0.0,,
108.7,3.3137876338068826,0.11052599587043593,9.34866462283395,2.058284191795668e-05,-0.006178757851198945,0.003933988840703541,23.65999999999955,0.6981317007977437,1747.9494342066002,1179.9006538975923,-1.2,0.0,-0.9192533317427645,-0.771345131623858,0.0,0.0,,
108.80000000000001,3.5087090916071757,-0.024235951547594302,9.282760993898476,-0.009663865029320992,0.007983804587062717,0.011539019763542324,23.539999999999548,0.6981317007977437,1749.7481065590437,1181.4099192051362,-1.2,0.0,-0.9192533317427645,-0.771345131623858,0.0,0.0,,
108.9,3.642244911765371,-0.11548147047933317,9.264619579268913,-0.00018243998072434197,0.006681394100161365,0.0037060222793827567,23.419999999999547,0.6981317007977437,1751.5375863781696,1182.911471061364,-1.2,0.0,-0.9192533317427645,-0.771345131623858,0.0,0.0,,
109.0,3.5575413374313025,-0.13532181767621138,9.160066030200458,-0.007869452840278625,0.006572812132533344,0.012774160632978981,23.299999999999546,0.6981317007977437,1753.3178736639782,1184.4053094662754,-1.2,0.0,-0.9192533317427645,-0.771345131623858,0.0,0.0,1756.3075963462022,1183.9899000634086
109.10000000000001,3.6194727241051705,0.11640745154408678,9.334658528192149,0.013098565233885034,0.0034280315700252403,0.007435060693217451,23.179999999999545,0.6981317007977437,1755.0889684164692,1185.8914344198706,-1.2,0.0,-0.9192533317427645,-0.771345131623858,0.0,0.0,,
109.2,3.4572968828674275,-0.0012552994434662252,9.091383956304892,-0.0036902465695121582,-0.002434016652491789,-0.005366084438753259,23.059999999999544,0.6981317007977437,1756.8508706356429,1187.3698459221496,-1.2,0.0,-0.9192533317427645,-0.771345131623858,0.0,0.0,,
109.30000000000001,3.7246260143083774,0.0809105140809585,9.216403277507405,-0.001248339598184381,0.016748382732362697,-0.00829789797634014,22.939999999999543,0.6981317007977437,1758.603580321499,1188.8405439731123,-1.2,0.0,-0.9192533317427645,-0.771345131623858,0.0,0.0,,
109.4,3.413226591674439,0.21897548602776842,9.094128529095721,-0.006386959331140748,0.009131377995155456,0.007971912498032507,22.819999999999542,0.6981317007977437,1760.3470974740378,1190.3035285727588,-1.2,0.0,-0.9192533317427645,-0.771345131623858,0.0,0.0,,
109.5,3.4666043633465935,0.02141196595124841,9.30911865911036,-0.0032330603825343686,-0.0002961597971800571,0.013325854834864998,22.69999999999954,0.6981317007977437,1762.0814220932593,1191.758799721089,-1.2,0.0,-0.9192533317427645,-0.771345131623858,0.0,0.0,,
109.60000000000001,3.630942178315864,-0.09577982776939527,9.10926360302603,0.001316299317913587,0.013066574386758302,0.019237684447104286,22.57999999999954,0.6981317007977437,1763.8065541791634,1193.206357418103,-1.2,0.0,-0.9192533317427645,-0.771345131623858,0.0,0.0,,
109.7,3.6223556301844235,0.054815842337310114,9.196251804940415,0.012766720887413503,-0.004631671872330954,0.025089051256049415,22.45999999999954,0.6981317007977437,1765.52249373175,1194.6462016638009,-1.2,0.0,-0.9192533317427645,-0.771345131623858,0.0,0.0,,
109.80000000000001,3.4745028789874164,-0.09900018446678832,9.054007778441097,0.002576922636903144,0.013432289247955505,0.01758551823047924,22.339999999999538,0.6981317007977437,1767.2292407510192,1196.0783324581826,-1.2,0.0,-0.9192533317427645,-0.771345131623858,0.0,0.0,,
109.9,3.7650200151621247,-0.16201508794472913,9.291845644133904,0.004240823670604917,-0.00319861631570991,0.0014159039906875932,22.219999999999537,0.6981317007977437,1768.926795236971,1197.502749801248,-1.2,0.0,-0.9192533317427645,-0.771345131623858,0.0,0.0,,
110.0,3.529870573910044,-0.2376055115543245,9.371182794304243,0.010670505743730239,0.002797546147467417,0.019667624326892254,22.099999999999536,0.6981317007977437,1770.6151571896053,1198.9194536929972,-1.2,0.0,-0.9192533317427645,-0.771345131623858,0.0,0.0,1770.248621387626,1197.3598570587556
110.10000000000001,3.4522836603742553,0.07833833093516725,9.175865584593287,-0.004970867692672285,0.018225834021218773,-0.002609850899439556,21.979999999999535,0.6981317007977437,1772.2943266089221,1200.3284441334301,-1.2,0.0,-0.9192533317427645,-0.771345131623858,0.0,0.0,,
110.2,3.6828541264060908,-0.13261698288438128,9.247916104563739,0.013785325838120846,0.013024165682969505,-0.0076370210663377165,21.859999999999534,0.6981317007977437,1773.9643034949215,1201.7297211225468,-1.2,0.0,-0.9192533317427645,-0.771345131623858,0.0,0.0,,
110.30000000000001,3.8033579552491013,-0.0774537843180047,9.509887864191253,0.0018217441579810854,-0.022843812625915522,-0.0024947528242337024,21.739999999999533,0.6981317007977437,1775.6250878476035,1203.1232846603473,-1.2,0.0,-0.9192533317427645,-0.771345131623858,0.0,0.0,,
110.4,3.6721715039067746,-0.3634291698446,9.28911145422222,0.008268722698049501,0.01139725596659062,0.0016072805895860631,21.619999999999532,0.6981317007977437,1777.276679666968,1204.5091347468315,-1.2,0.0,-0.9192533317427645,-0.771345131623858,0.0,0.0,,
110.5,3.5117675772550716,0.13619177102391627,9.394879473168292,-0.010699081209873118,0.004356661015121246,0.023810469069903653,21.49999999999953,0.6981317007977437,1778.919078953015,1205.8872713819994,-1.2,0.0,-0.9192533317427645,-0.771345131623858,0.0,0.0,,
110.60000000000001,3.6528174960068482,-0.16432590067433656,9.119759983517847,-0.015474111199341832,0.007388296714618433,0.01387485212412538,21.37999999999953,0.6981317007977437,1780.5522857057447,1207.2576945658511,-1.2,0.0,-0.9192533317427645,-0.771345131623858,0.0,0.0,,
110.7,3.791248437778586,-0.07695954311649704,9.243446056333328,-0.0023540077506204247,0.0068575251636160605,-0.007154919364525422,21.25999999999953,0.6981317007977437,1782.1762999251569,1208.6204042983866,-1.2,0.0,-0.9192533317427645,-0.771345131623858,0.0,0.0,,
110.80000000000001,3.550671671381088,-0.33894066685252483,9.027882464390997,0.003223785278246969,-0.014251668448691242,9.31292844232566e-06,21.139999999999528,0.6981317007977437,1783.7911216112518,1209.9754005796058,-1.2,0.0,-0.9192533317427645,-0.771345131623858,0.0,0.0,,
110.9,3.715278032636428,-0.011373856655400324,9.3723902935884,-0.005603453894760281,-0.0005027037267443103,0.01104242180673834,21.019999999999527,0.6981317007977437,1785.3967507640293,1211.3226834095087,-1.2,0.0,-0.9192533317427645,-0.771345131623858,0.0,0.0,,
111.0,3.299248241438526,-0.019771360942357673,9.443791265200222,0.007937712756660987,-0.0021426262469525985,-0.002031330135158942,20.899999999999526,0.6981317007977437,1786.9931873834894,1212.6622527880954,-1.2,0.0,-0.9192533317427645,-0.771345131623858,0.0,0.0,1787.6399237219437,1211.0232426047307
111.10000000000001,3.776777812075094,0.06639321091175164,9.34001501453867,-0.003719768148931881,0.002100614046856566,0.014617808318362513,20.779999999999525,0.6981317007977437,1788.580431469632,1213.9941087153659,-1.2,0.0,-0.9192533317427645,-0.771345131623858,0.0,0.0,,
111.2,3.9081356106680922,-0.014474179570771321,9.300001987928317,0.021785466442187273,-0.006976413957781327,0.010891353246255089,20.659999999999524,0.6981317007977437,1790.1584830224572,1215.31825119132,-1.2,0.0,-0.9192533317427645,-0.771345131623858,0.0,0.0,,
111.30000000000001,3.436264415479778,0.0352639205011138,9.072517318125403,-0.007964181794661076,0.020963797443968698,0.00705948243378842,20.539999999999523,0.6981317007977437,1791.727342041965,1216.634680215958,-1.2,0.0,-0.9192533317427645,-0.771345131623858,0.0,0.0,,
111.4,3.648291786601679,-0.027372519550641614,9.50223251149592,-0.0012136254385694573,0.0015022827765242123,-0.014734122451749557,20.419999999999522,0.6981317007977437,1793.2870085281552,1217.9433957892797,-1.2,0.0,-0.9192533317427645,-0.771345131623858,0.0,0.0,,
111.5,3.445943136529618,0.26480156940833854,9.120000411669105,-0.0017047729895068836,0.015165301009805234,0.002276668667422911,20.29999999999952,0.6981317007977437,1794.837482481028,1219.2443979112852,-1.2,0.0,-0.9192533317427645,-0.771345131623858,0.0,0.0,,
111.60000000000001,3.5675347503794215,0.13258254944974268,8.898238834182226,0.014392649836176519,0.011573860017929868,0.01188199209459091,20.17999999999952,0.6981317007977437,1796.3787639005834,1220.5376865819744,-1.2,0.0,-0.9192533317427645,-0.771345131623858,0.0,0.0,,
111.7,3.845709389471099,-0.3097656988632671,9.328111981835974,0.005861575940999295,-0.009915313593798882,0.015736252302305184,20.05999999999952,0.6981317007977437,1797.9108527868214,1221.8232618013474,-1.2,0.0,-0.9192533317427645,-0.771345131623858,0.0,0.0,,
111.80000000000001,3.6035854314475215,0.06296189390547051,9.325587418234702,-0.0074880097997885,0.01750680628823997,0.010231665259226579,19.939999999999518,0.6981317007977437,1799.4337491397418,1223.101123569404,-1.2,0.0,-0.9192533317427645,-0.771345131623858,0.0,0.0,,
111.9,3.607657786175666,0.12431268767163338,9.320968801343378,0.0029256777106217795,-0.0018710906848220278,-0.019905315293119605,19.819999999999517,0.6981317007977437,1800.947452959345,1224.3712718861448,-1.2,0.0,-0.9192533317427645,-0.771345131623858,0.0,0.0,,
112.0,3.769426752735946,0.11261147050130442,9.393788026835258,0.0007900669038894395,0.01429300755072796,0.016269917593282408,19.699999999999516,0.6981317007977437,1802.4519642456307,1225.6337067515692,-1.2,0.0,-0.9192533317427645,-0.771345131623858,0.0,0.0,1797.1094967697575,1220.7991726232085
112.10000000000001,3.4967936483013156,-0.098846291012372,9.06191804930763,0.005795322156898251,0.02571760519258376,0.015090882768382427,19.579999999999515,0.6981317007977437,1803.9472829985991,1226.8884281656774,-1.2,0.0,-0.9192533317427645,-0.771345131623858,0.0,0.0,,
112.2,3.4485215196376644,-0.11686408026505525,9.162599089707399,0.012531886334931708,-0.0013080813771044184,0.010866059580629837,19.459999999999514,0.6981317007977437,1805.43340921825,1228.1354361284693,-1.2,0.0,-0.9192533317427645,-0.771345131623858,0.0,0.0,,
112.30000000000001,3.21782396971607,-0.18396378644507017,9.212142949336148,0.01313901407769893,-0.0009829615494897027,-0.003031265745290177,19.339999999999513,0.6981317007977437,1806.9103429045836,1229.374730639945,-1.2,0.0,-0.9192533317427645,-0.771345131623858,0.0,0.0,,
112.4,3.690173014015868,-0.1217173493010023,9.096574126605649,-0.0039056047733505906,-0.010019441804684195,0.0028758450506898067,19.219999999999512,0.6981317007977437,1808.3780840575996,1230.6063117001045,-1.2,0.0,-0.9192533317427645,-0.771345131623858,0.0,0.0,,
112.5,3.5520236550351494,0.025048941670694134,9.229918606015644,-0.012621392269760725,-0.004450351199722091,-0.01038990771571148,19.09999999999951,0.6981317007977437,1809.8366326772982,1231.8301793089477,-1.2,0.0,-0.9192533317427645,-0.771345131623858,0.0,0.0,,
112.60000000000001,3.576459515662101,0.1591832631549807,9.09691038654888,-0.0013502606310350576,0.0064580477671154,-0.014509128990576967,18.97999999999951,0.6981317007977437,1811.2859887636794,1233.0463334664746,-1.2,0.0,-0.9192533317427645,-0.771345131623858,0.0,0.0,,
112.7,3.6137031741951713,0.15025678880463136,9.451953805682336,0.006213035401673151,-0.004001422735625043,0.0011576745586572494,18.85999999999951,0.6981317007977437,1812.726152316743,1234.2547741726853,-1.2,0.0,-0.9192533317427645,-0.771345131623858,0.0,0.0,,
112.80000000000001,3.898952314354508,0.05194854053202126,9.035769927263075,-0.016962285040197315,0.009605871381323218,0.0069366797416671715,18.739999999999508,0.6981317007977437,1814.1571233364893,1235.4555014275797,-1.2,0.0,-0.9192533317427645,-0.771345131623858,0.0,0.0,,
112.9,4.034013751605795,-0.43922488194048254,9.323692478250349,-0.009293666174812488,0.010832985521901125,-0.024497443627564734,18.619999999999507,0.6981317007977437,1815.5789018229182,1236.648515231158,-1.2,0.0,-0.9192533317427645,-0.771345131623858,0.0,0.0,,
113.0,3.656785701121244,0.17128999226949024,9.219844566837827,0.020123112289814775,0.006000158475274956,-0.02953846826870812,18.499999999999506,0.6981317007977437,1816.9914877760295,1237.83381558342,-1.2,0.0,-0.9192533317427645,-0.771345131623858,0.0,0.0,1817.2944864968497,1234.7528814346808
113.10000000000001,3.665225676054216,0.1268136212249255,9.243422755135144,0.0027388231068025577,0.009667996434680632,0.017876586629037423,18.379999999999505,0.6981317007977437,1818.3948811958235,1239.0114024843656,-1.2,0.0,-0.9192533317427645,-0.771345131623858,0.0,0.0,,
113.2,3.641264559310831,-0.011185157077245442,9.307114056145954,-0.004135560008930746,0.022581954817680498,0.013094854518649519,18.259999999999504,0.6981317007977437,1819.7890820823,1240.181275933995,-1.2,0.0,-0.9192533317427645,-0.771345131623858,0.0,0.0,,
113.30000000000001,3.721459351702168,0.05746722550281142,8.960047902125243,0.008204612180859746,-0.004683825968698327,-0.006761093167245457,18.139999999999503,0.6981317007977437,1821.1740904354592,1241.3434359323082,-1.2,0.0,-0.9192533317427645,-0.771345131623858,0.0,0.0,,
113.4,3.4605861672810025,0.05478579486619303,9.082261242285881,-8.537388991951304e-05,-0.002732911148784617,-0.000707144045870676,18.019999999999502,0.6981317007977437,1822.549906255301,1242.4978824793052,-1.2,0.0,-0.9192533317427645,-0.771345131623858,0.0,0.0,,
113.5,3.9560582852339747,0.03678239403209607,9.381288909965342,0.004230781285522061,-0.017174944296532196,0.010631256841010042,17.8999999999995,0.6981317007977437,1823.9165295418254,1243.644615574986,-1.2,0.0,-0.9192533317427645,-0.771345131623858,0.0,0.0,,
113.60000000000001,3.68767636120899,0.04883360552558988,9.148782015139611,-0.0014388329712569945,0.009402935198318581,0.019014764569294993,17.7799999999995,0.6981317007977437,1825.2739602950323,1244.7836352193503,-1.2,0.0,-0.9192533317427645,-0.771345131623858,0.0,0.0,,
113.7,3.5885918129442014,0.004498980449688155,9.180549640569204,-0.00974870589554637,-0.008909449776435327,0.00848205808107971,17.6599999999995,0.6981317007977437,1826.6221985149218,1245.9149414123985,-1.2,0.0,-0.9192533317427645,-0.771345131623858,0.0,0.0,,
113.80000000000001,3.8615335954473795,-0.2534605871615822,8.834467098694756,-0.010624132619540587,-0.0028588776722536673,0.008268863287343326,17.539999999999498,0.6981317007977437,1827.9612442014939,1247.0385341541305,-1.2,0.0,-0.9192533317427645,-0.771345131623858,0.0,0.0,,
113.9,3.4016492503665217,-0.22623803977293572,9.318111488768848,0.020412335971487647,-0.0026050818730964775,0.007255242629293645,17.419999999999497,0.6981317007977437,1829.2910973547484,1248.1544134445462,-1.2,0.0,-0.9192533317427645,-0.771345131623858,0.0,0.0,,
114.0,3.392360048858742,0.0285914910483,9.317291394513854,0.003836915923608909,0.0034945342776914567,-0.009019392683761191,17.299999999999496,0.6981317007977437,1830.6117579746856,1249.262579283646,-1.2,0.0,-0.9192533317427645,-0.771345131623858,0.0,0.0,1830.121893528474,1249.5359214856016
114.10000000000001,3.681562857067528,0.18868061270671538,9.20637646274034,-0.002309009034321091,0.005559555389610044,-0.0011348882061341312,17.179999999999495,0.6981317007977437,1831.9232260613053,1250.3630316714293,-1.2,0.0,-0.9192533317427645,-0.771345131623858,0.0,0.0,,
114.2,3.6311925706562795,0.11136794067273634,9.057724180152727,-0.012809152879316945,0.00740296577209329,-0.006381330471565032,17.059999999999494,0.6981317007977437,1833.2255016146075,1251.4557706078965,-1.2,0.0,-0.9192533317427645,-0.771345131623858,0.0,0.0,,
114.30000000000001,3.522903178554985,-0.15307337508375632,9.054083721621875,-0.009372369239106348,0.013503881562182546,-0.006103895605403183,16.939999999999493,0.6981317007977437,1834.5185846345923,1252.5407960930474,-1.2,0.0,-0.9192533317427645,-0.771345131623858,0.0,0.0,,
114.4,3.595995345897922,0.23319651708384112,9.425327599220394,-0.005570198264241433,-0.004195881400418079,-0.02120340002408065,16.819999999999492,0.6981317007977437,1835.8024751212597,1253.6181081268821,-1.2,0.0,-0.9192533317427645,-0.771345131623858,0.0,0.0,,
114.5,3.460325700089707,0.21221607122737693,8.897338675021503,-0.003388539527915633,0.00193295107470874,0.014001450777241915,16.69999999999949,0.6981317007977437,1837.0771730746098,1254.6877067094006,-1.2,0.0,-0.9192533317427645,-0.771345131623858,0.0,0.0,,
114.60000000000001,3.5928969896061815,0.16640586442312078,9.026549900003552,-0.004759275611415511,0.0026910351040420615,0.004351227585972165,16.57999999999949,0.6981317007977437,1838.3426784946425,1255.7495918406028,-1.2,0.0,-0.9192533317427645,-0.771345131623858,0.0,0.0,,
114.7,3.756792836373807,0.0991252458633593,9.087976392794216,-0.016982545951817904,-0.0027252254948849893,0.015976023900935214,16.45999999999949,0.6981317007977437,1839.5989913813578,1256.8037635204887,-1.2,0.0,-0.9192533317427645,-0.771345131623858,0.0,0.0,,
114.80000000000001,3.4455739734129978,0.20935157336003576,9.261154420645642,0.019354908563574764,-0.00023104907095139828,0.0013705918196499594,16.33999999999949,0.6981317007977437,1840.8461117347556,1257.8502217490584,-1.2,0.0,-0.9192533317427645,-0.771345131623858,0.0,0.0,,
114.9,3.8054453690563195,0.11183767377179121,9.467899024082277,0.0007504119061458105,0.006630015918633586,0.0043514348949794165,16.219999999999487,0.6981317007977437,1842.084039554836,1258.8889665263118,-1.2,0.0,-0.9192533317427645,-0.771345131623858,0.0,0.0,,
115.0,3.4575200102757644,0.016077454374871857,9.08203912072544,0.001613656758902487,0.0073444143751465385,0.03693187249723272,16.099999999999486,0.6981317007977437,1843.3127748415989,1259.919997852249,-1.2,0.0,-0.9192533317427645,-0.771345131623858,0.0,0.0,1842.3505214363463,1263.6780554530726
115.10000000000001,3.708299175431288,0.2656865735739568,9.102224200297114,-0.016133046891871554,-0.004154556875489312,-0.01772506860942233,15.979999999999487,0.6981317007977437,1844.5323175950443,1260.94331572687,-1.2,0.0,-0.9192533317427645,-0.771345131623858,0.0,0.0,,
115.2,3.5474536913495434,0.05993269802238674,8.956165844655267,0.011001747577402193,0.006395020880454164,0.010571886626219003,15.859999999999488,0.6981317007977437,1845.7426678151724,1261.9589201501747,-1.2,0.0,-0.9192533317427645,-0.771345131623858,0.0,0.0,,
115.30000000000001,3.6380106609121086,-0.004943721257847221,9.355357306149369,-0.013043269380062481,-0.006106438945719478,0.00012143354948471186,15.739999999999489,0.6981317007977437,1846.943825501983,1262.966811122163,-1.2,0.0,-0.9192533317427645,-0.771345131623858,0.0,0.0,,
115.4,3.7018706679284414,-0.16163672156970024,9.44269297319993,-0.00809007901795045,0.006978434537632312,0.006078503611867262,15.61999999999949,0.6981317007977437,1848.135790655476,1263.9669886428353,-1.2,0.0,-0.9192533317427645,-0.771345131623858,0.0,0.0,,
115.5,3.7162384156875494,0.16949124515632794,9.609909685898726,-0.0017914975715536425,0.0009647841072360303,0.010304167423162511,15.49999999999949,0.6981317007977437,1849.3185632756517,1264.9594527121913,-1.2,0.0,-0.9192533317427645,-0.771345131623858,0.0,0.0,,
115.60000000000001,3.648094466991415,0.11441863982880182,9.35118917169599,-0.009477456211256254,-0.013470026101136645,0.02418136413105841,15.379999999999491,0.6981317007977437,1850.49214336251,1265.944203330231,-1.2,0.0,-0.9192533317427645,-0.771345131623858,0.0,0.0,,
115.7,3.5917036940191394,-0.10204654051416698,9.237858054291905,0.010496947466743754,-0.01448929781245526,-0.0008642530303457066,15.259999999999492,0.6981317007977437,1851.6565309160508,1266.9212404969544,-1.2,0.0,-0.9192533317427645,-0.771345131623858,0.0,0.0,,
115.80000000000001,3.530690210575829,-0.007596435702918269,9.327952171168171,-0.003576750200935116,-0.010938494493965554,-0.0008589281693023145,15.139999999999493,0.6981317007977437,1852.8117259362743,1267.8905642123616,-1.2,0.0,-0.9192533317427645,-0.771345131623858,0.0,0.0,,
115.9,3.6247766146889693,-0.03165981346634504,9.164471772394794,0.025107481426826138,0.009321103540013547,0.012522186405822977,15.019999999999493,0.6981317007977437,1853.9577284231805,1268.8521744764525,-1.2,0.0,-0.9192533317427645,-0.771345131623858,0.0,0.0,,
116.0,3.7573039649369098,-0.012830317446396068,9.090935853724133,-0.0005523496920906821,0.0032381553886141052,-0.010336270533944421,14.899999999999494,0.6981317007977437,1855.0945383767692,1269.8060712892272,-1.2,0.0,-0.9192533317427645,-0.771345131623858,0.0,0.0,1863.5480874076075,1271.6896714528355
116.10000000000001,3.3980564121795855,-0.02717083331052563,9.23055165267707,0.01168898839094587,-0.010050584763622155,0.003372259468647327,14.779999999999495,0.6981317007977437,1856.2221557970404,1270.7522546506857,-1.2,0.0,-0.9192533317427645,-0.771345131623858,0.0,0.0,,
116.2,3.7201667716623392,0.23213645693442583,9.108726569558181,-0.003808899770660852,0.006031850177258621,-0.00621991076206541,14.659999999999496,0.6981317007977437,1857.3405806839942,1271.6907245608281,-1.2,0.0,-0.9192533317427645,-0.771345131623858,0.0,0.0,,
116.30000000000001,3.740417524465028,0.3069817321328216,9.269104543631597,-0.006634206461229564,-0.008480930117701811,-0.00838546382995578,14.539999999999496,0.6981317007977437,1858.4498130376305,1272.6214810196543,-1.2,0.0,-0.9192533317427645,-0.771345131623858,0.0,0.0,,
116.4,3.4663640449461663,-0.027357488842139295,9.327016963415788,0.0001399002107052978,0.015003084007133427,0.021641463222163454,14.419999999999497,0.6981317007977437,1859.5498528579494,1273.5445240271642,-1.2,0.0,-0.9192533317427645,-0.771345131623858,0.0,0.0,,
116.5,3.3402377122005604,0.10617979770121724,9.214836468164538,0.007735614425726899,0.008684826007566487,-0.006121599934374043,14.299999999999498,0.6981317007977437,1860.6407001449509,1274.459853583358,-1.2,0.0,-0.9192533317427645,-0.771345131623858,0.0,0.0,,
116.60000000000001,3.4601177760162103,0.22601924965338432,9.096036341481339,0.0067911540438507605,-0.00792858081755286,0.0013634411807635282,14.179999999999499,0.6981317007977437,1861.7223548986349,1275.3674696882354,-1.2,0.0,-0.9192533317427645,-0.771345131623858,0.0,0.0,,
116.7,3.8914075274771327,0.026718809393779533,9.249086239320997,0.008243444595562982,-0.018494541088854545,0.006399172036283924,14.0599999999995,0.6981317007977437,1862.7948171190014,1276.2673723417965,-1.2,0.0,-0.9192533317427645,-0.771345131623858,0.0,0.0,,
116.80000000000001,3.3614621639633984,-0.17619648928109746,8.905292146571007,0.001522431128446385,-0.014738002277864717,0.006076096643579861,13.9399999999995,0.6981317007977437,1863.8580868060506,1277.1595615440415,-1.2,0.0,-0.9192533317427645,-0.771345131623858,0.0,0.0,,
116.9,3.5245057572521374,0.21066682204883935,9.109989002762253,0.008235427522668927,-0.009904380588655282,0.03320257039389746,13.819999999999501,0.6981317007977437,1864.9121639597822,1278.0440372949702,-1.2,0.0,-0.9192533317427645,-0.771345131623858,0.0,0.0,,
117.0,3.628122544147723,0.1269269269877548,9.063677224839019,0.011475650785018665,0.0007499730691791404,-0.0017782254837935083,13.699999999999502,0.6981317007977437,1865.9570485801967,1278.9207995945826,-1.2,0.0,-0.9192533317427645,-0.771345131623858,0.0,0.0,1874.1719093889967,1275.343855827235
117.10000000000001,3.682408734832588,0.05291192042795262,9.325568734583104,0.013599005734160818,0.005636332067043411,0.009619983580853149,13.579999999999503,0.6981317007977437,1866.9927406672937,1279.7898484428788,-1.2,0.0,-0.9192533317427645,-0.771345131623858,0.0,0.0,,
117.2,3.518076106869179,0.07787303686066335,9.321848198009778,-0.0011067386839804672,-0.0039789624379840014,0.0068265820689968875,13.459999999999503,0.6981317007977437,1868.0192402210732,1280.6511838398587,-1.2,0.0,-0.9192533317427645,-0.771345131623858,0.0,0.0,,
117.30000000000001,3.5377363313296564,0.00791970614971946,9.331798943586271,0.0009190014574605758,1.4924245873524863e-05,-0.0032322213454507465,13.339999999999504,0.6981317007977437,1869.0365472415353,1281.5048057855224,-1.2,0.0,-0.9192533317427645,-0.771345131623858,0.0,0.0,,
117.4,3.6564054079872728,-0.13096881414539416,9.161720037201308,0.0044289056961934236,0.01550625935309758,-0.007812096241291024,13.219999999999505,0.6981317007977437,1870.04466172868,1282.3507142798699,-1.2,0.0,-0.9192533317427645,-0.771345131623858,0.0,0.0,,
117.5,3.583357113162236,-0.1410480247702208,9.065630955780241,0.0022790914968004077,-0.0015608442118207032,0.01965376959406839,13.099999999999506,0.6981317007977437,1871.0435836825072,1283.188909322901,-1.2,0.0,-0.9192533317427645,-0.771345131623858,0.0,0.0,,
117.60000000000001,3.526625874248097,-0.18031436334767434,9.29577341952306,0.0013479615541618095,-0.004438988350195107,0.01046303465455643,12.979999999999507,0.6981317007977437,1872.033313103017,1284.019390914616,-1.2,0.0,-0.9192533317427645,-0.771345131623858,0.0,0.0,,
117.7,3.63338256671199,0.20455640141537823,9.331553929539995,-0.013125460072542307,0.008158561202372863,0.006162833073122679,12.859999999999507,0.6981317007977437,1873.0138499902093,1284.8421590550147,-1.2,0.0,-0.9192533317427645,-0.771345131623858,0.0,0.0,,
117.80000000000001,3.565465512726156,-0.09015505632067287,9.064706597976343,0.014022535793408142,-0.016105057159314477,0.005582818539164922,12.739999999999508,0.6981317007977437,1873.9851943440842,1285.6572137440971,-1.2,0.0,-0.9192533317427645,-0.771345131623858,0.0,0.0,,
117.9,3.4017969355893625,0.02909935558064921,9.145386634044005,-0.0076139898896213625,0.015034183776019575,0.02231403462993013,12.619999999999509,0.6981317007977437,1874.9473461646417,1286.4645549818633,-1.2,0.0,-0.9192533317427645,-0.771345131623858,0.0,0.0,,
118.0,3.9821777265268032,0.14951206389857688,9.20740070798379,-0.0027262386500901477,-0.007054467111886689,0.019073969514372322,12.49999999999951,0.6981317007977437,1875.9003054518816,1287.2641827683133,-1.2,0.0,-0.9192533317427645,-0.771345131623858,0.0,0.0,1876.7407332785508,1282.4612742188447
118.10000000000001,3.6747832820042468,-0.3109710665180737,9.308612393191853,0.010238523773178406,0.004400592322296457,0.002867151429651626,12.37999999999951,0.6981317007977437,1876.8440722058042,1288.056097103447,-1.2,0.0,-0.9192533317427645,-0.771345131623858,0.0,0.0,,
118.2,3.7935203757989386,0.12113727305749329,9.184649608744383,-0.005973017828444256,-0.01880905847935006,0.004232912808369712,12.259999999999511,0.6981317007977437,1877.7786464264093,1288.8402979872644,-1.2,0.0,-0.9192533317427645,-0.771345131623858,0.0,0.0,,
118.30000000000001,3.5570846962049814,0.13710882782738143,9.219786359662137,0.019748826450298268,-0.008753785765465616,0.006355703481273223,12.139999999999512,0.6981317007977437,1878.7040281136972,1289.6167854197658,-1.2,0.0,-0.9192533317427645,-0.771345131623858,0.0,0.0,,
118.4,3.313636242890462,0.2569976368179443,9.289934932238113,0.006290624271956599,0.008802262521285688,-0.005558855151323725,12.019999999999513,0.6981317007977437,1879.6202172676676,1290.385559400951,-1.2,0.0,-0.9192533317427645,-0.771345131623858,0.0,0.0,,
118.5,3.5508468519562264,0.16084617762614029,9.257932601419212,-0.010637544882611908,-0.007239983670076135,0.011061141635962071,11.899999999999514,0.6981317007977437,1880.5272138883206,1291.14661993082,-1.2,0.0,-0.9192533317427645,-0.771345131623858,0.0,0.0,,
118.60000000000001,3.939481483559589,0.10866924118073445,8.896561328593114,0.0036446661038389045,-0.01517680948648853,0.008205712662858715,11.779999999999514,0.6981317007977437,1881.4250179756561,1291.8999670093726,-1.2,0.0,-0.9192533317427645,-0.771345131623858,0.0,0.0,,
118.7,3.3866239310901634,0.08748202528897951,9.134092224935934,0.003931014579397629,0.0009299860371630247,0.0026729380348548964,11.659999999999515,0.6981317007977437,1882.3136295296742,1292.645600636609,-1.2,0.0,-0.9192533317427645,-0.771345131623858,0.0,0.0,,
118.80000000000001,3.4115430485193854,0.14482940198083,9.268379952254913,-0.005026719652505195,-0.005365379376380029,0.009657329127888824,11.539999999999516,0.6981317007977437,1883.193048550375,1293.3835208125292,-1.2,0.0,-0.9192533317427645,-0.771345131623858,0.0,0.0,,
118.9,3.3468462199198266,-0.031662716001292335,9.285618917874364,-0.01600385760281776,0.013302655496070643,-0.024937528425009365,11.419999999999517,0.6981317007977437,1884.063275037758,1294.1137275371332,-1.2,0.0,-0.9192533317427645,-0.771345131623858,0.0,0.0,,
119.0,3.536431961005229,-0.028845565870496442,9.473848748212431,-0.004268913359663858,-0.004049373691305341,-0.003593547634325096,11.299999999999518,0.6981317007977437,1884.9243089918239,1294.8362208104209,-1.2,0.0,-0.9192533317427645,-0.771345131623858,0.0,0.0,1883.7237851418133,1294.240790693227
119.10000000000001,3.515809812002293,0.04591077818543782,9.053407357423263,0.0031917237601764336,-0.007745760513820949,0.02120901812305387,11.179999999999518,0.6981317007977437,1885.7761504125722,1295.5510006323923,-1.2,0.0,-0.9192533317427645,-0.771345131623858,0.0,0.0,,
119.2,3.7355833973151866,-0.013277512270560716,9.024519335056494,0.0014464572346997576,-0.006749390783146013,-0.0025644501873755476,11.059999999999519,0.6981317007977437,1886.618799300003,1296.2580670030475,-1.2,0.0,-0.9192533317427645,-0.771345131623858,0.0,0.0,,
119.30000000000001,3.8922211893947916,0.1716575730880501,9.16319488277592,-0.0008060256161277097,-0.003921578519392424,-0.001043863748973829,10.93999999999952,0.6981317007977437,1887.4522556541165,1296.9574199223864,-1.2,0.0,-0.9192533317427645,-0.771345131623858,0.0,0.0,,
119.4,3.4599743321859577,-0.340396639095038,9.280829159262794,-0.011797187152836695,0.008131536317143197,0.007397723663573441,10.81999999999952,0.6981317007977437,1888.2765194749124,1297.649059390409,-1.2,0.0,-0.9192533317427645,-0.771345131623858,0.0,0.0,,
119.5,3.5241982503469145,-0.1451063648043042,9.102517895676783,0.00550016846388424,-0.009026692182165145,0.0033120933064986506,10.699999999999521,0.6981317007977437,1889.0915907623912,1298.3329854071155,-1.2,0.0,-0.9192533317427645,-0.771345131623858,0.0,0.0,,
119.60000000000001,3.436361434873544,0.07287440238496135,9.148547948586925,-0.02443600710413702,0.0018450850372146027,-0.010661400170727746,10.579999999999522,0.6981317007977437,1889.8974695165525,1299.0091979725057,-1.2,0.0,-0.9192533317427645,-0.771345131623858,0.0,0.0,,
119.7,3.387775692629664,0.22946879135852194,9.181446600771302,0.004298797639058996,0.009194548159082263,0.011940292713195522,10.459999999999523,0.6981317007977437,1890.6941557373964,1299.6776970865797,-1.2,0.0,-0.9192533317427645,-0.771345131623858,0.0,0.0,,
119.80000000000001,3.6764681633488743,-0.05576594992450989,9.002418562658063,0.00011912110455742646,-0.005454421989224911,0.017354702248911526,10.339999999999524,0.6981317007977437,1891.4816494249228,1300.3384827493373,-1.2,0.0,-0.9192533317427645,-0.771345131623858,0.0,0.0,,
119.9,3.5924230063509297,-0.06259965354367411,9.553420848939597,0.010805312740709325,0.008658249961910358,0.01958248284873779,10.219999999999525,0.6981317007977437,1892.2599505791318,1300.9915549607788,-1.2,0.0,-0.9192533317427645,-0.771345131623858,0.0,0.0,,
120.0,3.8416077795951704,0.4245540031236983,9.211782782628358,0.0010022909820431103,-0.011416932249445075,0.009317512585555344,10.099999999999525,0.6981317007977437,1893.0290592000233,1301.636913720904,-1.2,0.0,-0.9192533317427645,-0.771345131623858,0.0,0.0,1891.735096366171,1298.9133848739048
