time,accel_x,accel_y,accel_z,gyro_x,gyro_y,gyro_z,true_speed,true_heading,true_x,true_y,true_accel_x_vehicle,true_accel_y_vehicle,true_accel_x_world,true_accel_y_world,true_accel_z_world,true_yaw_rate,gnss_x,gnss_y
0.0,5.552064803609191,0.3960955156517102,7.950643007787989,0.03985173692118906,0.010880820737542098,0.0781466174670978,0.0,0.0,0.0,0.0,0.5573025582500009,0.0,0.5573025582500009,0.0,0.0,0.07553559200493139,3.222961267278284,-1.3170086692215548
0.1,5.672311792067649,0.14455361807805087,8.237716866350102,0.035974595122144466,-0.0017885527493022358,0.08249323569909843,0.05573025582500009,0.007553559200493139,0.008359140906423732,8.419115640593542e-05,0.5573025582500009,0.004209617866327658,0.5572548622313219,0.008419075609982417,0.0,0.07553559200493139,,
0.2,5.6191042866865075,0.027307998351532553,8.065125980424037,0.03281592743552872,0.002831901651007494,0.07725962919108828,0.11146051165000018,0.015107118400986278,0.022289479085257274,0.00033675541869966657,0.5573025582500009,0.008419235732655315,0.5571117787108542,0.01683719050037217,0.0,0.07553559200493139,,
0.30000000000000004,5.454413511607716,0.019185785799549753,8.04051493905894,0.0491439640311382,0.003096634463815255,0.07316132615830515,0.16719076747500028,0.02266067760147942,0.04178862994722365,0.0008418555226906463,0.5573025582500009,0.012628853598982973,0.5568733212949437,0.025253384033798856,0.0,0.07553559200493139,,
0.4,5.703034587953579,0.032946379746943984,8.167991324715063,0.045988044513611714,-0.004910017291694239,0.07174977361667717,0.22292102330000035,0.030214236801972556,0.06685325538329434,0.00168362538571809,0.5573025582500009,0.01683847146531063,0.5565395126596258,0.033666695737330374,0.0,0.07553559200493139,,
0.5,5.3170916698804,-0.003674606933406918,8.08714140113051,0.03694784194419548,0.0015835328686822742,0.05125411068969976,0.27865127912500043,0.037767796002465694,0.09747906408213032,0.0029461605043195763,0.5573025582500009,0.021048089331638285,0.5561103845488138,0.04207616538467639,0.0,0.07553559200493139,,
0.6000000000000001,5.5613034040307,0.10013485763347571,8.365090290081849,0.041776071572273754,0.009690441030310835,0.0727192272583956,0.3343815349500005,0.04532135520295883,0.13366081193817697,0.004713508355187931,0.5573025582500009,0.025257707197965943,0.5555859777717641,0.05048083307837311,0.0,0.07553559200493139,,
0.7000000000000001,5.7928015726980195,-0.009130107301567922,8.22080911915533,0.037227803337242994,-0.005104097708535742,0.06814523544161605,0.3901117907750006,0.05287491440345197,0.17539230255038044,0.007069658800237999,0.5573025582500009,0.0294673250642936,0.5549663421998156,0.058879739331943,0.0,0.07553559200493139,,
0.8,5.622927428459175,0.14027106695310282,8.328523367203745,0.046413796355449066,-0.008130723966109034,0.060033385085946876,0.44584204660000065,0.060428473603945106,0.2226663878114858,0.010098534496604588,0.5573025582500009,0.033676942930621255,0.5542515367624058,0.06727192515202327,0.0,0.07553559200493139,,
0.9,5.604421350709453,0.17561604719153204,7.9708798077809595,0.043686474818830257,0.011670390037904495,0.07336056977965909,0.5015723024250007,0.06798203280443825,0.27547496858786935,0.013883981312392506,0.5573025582500009,0.03788656079694891,0.5534416294423643,0.07565643212045672,0.0,0.07553559200493139,,
1.0,5.4904979235503895,0.2706716305584926,8.262369254625261,0.03894836677708991,0.0034405973140933257,0.07936379092638934,0.5573025582500009,0.07553559200493139,0.33380899548985155,0.018509758748999162,0.5573025582500009,0.04209617866327657,0.552536697270481,0.08403230247633905,0.0,0.07553559200493139,-0.5165612777472518,-6.486830643015569
1.1,5.506975515716069,0.12851591118347488,7.946149980814081,0.03786559696982029,0.004311945438267537,0.06480016385648386,0.613032814075001,0.08308915120542452,0.3976584697324283,0.024059530370829727,0.5573025582500009,0.04630579652960423,0.5515368263193534,0.092398579198016,0.0,0.07553559200493139,,
1.2000000000000002,5.548404579168249,0.14401807293041857,8.107344688573212,0.03564456782493003,0.006502159338144687,0.0731154463055284,0.6687630699000011,0.09064271040591766,0.46701244408635234,0.030616854243224228,0.5573025582500009,0.05051541439593189,0.5504421116965104,0.10075430608502424,0.0,0.07553559200493139,,
1.3,5.587871265483932,-0.0159910658408369,8.13253456016818,0.04755020091764882,0.004412233618521223,0.07119314349069429,0.7244933257250012,0.0981962696064108,0.5418590239194883,0.03826517337941541,0.5573025582500009,0.054725032262259554,0.5492526575368136,0.1090985278399699,0.0,0.07553559200493139,,
1.4000000000000001,5.581277067930678,0.13792809837984232,8.097206400198942,0.028480657799334445,-0.013384990274851754,0.06993900601614139,0.7802235815500014,0.10574982880690394,0.6221853683283589,0.04708780619733544,0.5573025582500009,0.058934650128587215,0.5479685769941393,0.11743029015033826,0.0,0.07553559200493139,,
1.5,5.40123328242223,0.06942901215319312,8.09379184779736,0.048716953086363673,0.005840436320681588,0.08168039076379754,0.8359538373750015,0.11330338800739707,0.7079776913597915,0.05716793698708884,0.5573025582500009,0.06314426799491488,0.5465899922323373,0.12574863977022865,0.0,0.07553559200493139,,
1.6,5.509373022755348,0.06613791766212718,8.30801080014517,0.04305796662264832,0.006436793201641264,0.06941691473415394,0.8916840932000016,0.12085694720789021,0.7992212633225665,0.0685886063899081,0.5573025582500009,0.06735388586124254,0.5451170344154712,0.13405262460200812,0.0,0.07553559200493139,,
1.7000000000000002,5.329560754519727,0.18324740324276817,8.280977445460792,0.03320595084192158,0.0003181191735748084,0.06328618435095867,0.9474143490250018,0.12841050640838336,0.895900412188965,0.08143270188940784,0.5573025582500009,0.0715635037275702,0.5435498436973388,0.1423412937778776,0.0,0.07553559200493139,,
1.8,5.724650595939654,0.06378786952157793,8.057212018564071,0.03127007267243933,0.008123534884338826,0.07389211391679583,1.003144604850002,0.1359640656088765,0.9979985250861014,0.09578294831595192,0.5573025582500009,0.07577312159389786,0.5418885692102741,0.1506136977413448,0.0,0.07553559200493139,,
1.9000000000000001,5.648045185193702,0.05685112414726616,8.142802140776725,0.04572851648485981,0.00015984451876610312,0.06314751192206877,1.058874860675002,0.14351762480936964,1.1054980498769236,0.11172189836494767,0.5573025582500009,0.07998273946022552,0.5401333690532308,0.15886888832859714,0.0,0.07553559200493139,,
2.0,5.675655377367417,0.22669720856446302,8.294389853599712,0.05611949329801538,0.014000521656354103,0.07223835641617561,1.1146051165000022,0.15107118400986277,1.2183804968307521,0.12933192312987943,0.5573025582500009,0.08419235732655318,0.53828441027915,0.16710591884976855,0.0,0.07553559200493139,-2.081623983163137,1.2821684373869047
2.1,5.536936702965191,0.1314574168065987,8.079159470069051,0.04662671870859496,-0.005374929168028413,0.08404013118679728,1.1703353723250023,0.1586247432103559,1.3366264403832289,0.14869520265089342,0.5573025582500009,0.08840197519288084,0.5363418688816105,0.1753238441700945,0.0,0.07553559200493139,,
2.2,5.4303695735952076,0.1378122320453427,8.136418099485406,0.048655538062585976,-0.011704559716066938,0.07919731301369626,1.2260656281500024,0.16617830241084905,1.4602155209855299,0.16989371647974394,0.5573025582500009,0.0926115930592085,0.5343059297807664,0.18352172079094842,0.0,0.07553559200493139,,
2.3000000000000003,5.622189984237105,-0.06833353741784548,8.075819077802725,0.03399340233348427,-0.001982484030458049,0.07814137231433024,1.2817958839750025,0.1737318616113422,1.5891264470426971,0.19300923426191027,0.5573025582500009,0.09682121092553617,0.5321767868085672,0.1916986069307536,0.0,0.07553559200493139,,
2.4000000000000004,5.479480904288101,0.06038893213686078,8.25091440452346,0.03328280521583229,0.006962803500625109,0.0676852147425128,1.3375261398000027,0.18128542081183532,1.723336996940935,0.2181233063366919,0.5573025582500009,0.10103082879186383,0.5299546426932688,0.1998535626057646,0.0,0.07553559200493139,,
2.5,5.610801776833946,0.19818577939150006,8.33150827971051,0.0336408585102716,-0.0006890431001830894,0.060340885042137464,1.3932563956250028,0.18883898001232846,1.862824021163707,0.24531725435608878,0.5573025582500009,0.10524044665819149,0.52763970904323,0.20798564971071157,0.0,0.07553559200493139,,
2.6,5.612559635400248,0.41657579694902996,7.8230918324484335,0.03512389115953313,0.005500679271070976,0.07620293831332159,1.448986651450003,0.1963925392128216,2.0075634444964665,0.2746721619232712,0.5573025582500009,0.10945006452451915,0.5252322063299996,0.21609393209930203,0.0,0.07553559200493139,,
2.7,5.534193072538449,-0.03253922691004815,8.212517778011527,0.042106629055548093,0.006464567370850094,0.08625762193557408,1.504716907275003,0.20394609841331474,2.1575302683198414,0.30626886525144353,0.5573025582500009,0.11365968239084681,0.522732363870694,0.224177475664573,0.0,0.07553559200493139,,
2.8000000000000003,5.721794036732021,0.09119900321778607,8.311434141337648,0.03152079036200317,0.019287853940557226,0.045913802493645184,1.5604471631000032,0.21149965761380787,2.312698572991095,0.3401879438439028,0.5573025582500009,0.11786930025717447,0.5201404198096665,0.2322353484190884,0.0,0.07553559200493139,,
2.9000000000000004,5.384108202491122,0.0974133941368312,8.047458865424568,0.03903809396166507,-0.00779745998869169,0.05415854621181891,1.6161774189250033,0.219053216814301,2.473041520313667,0.3765097111960935,0.5573025582500009,0.12207891812350213,0.517456621099471,0.24026662057497483,0.0,0.07553559200493139,,
3.0,5.393318942393312,0.04739564264270356,7.836358974930533,0.04796350012070537,0.021077235374558873,0.0807375594260626,1.6719076747500035,0.22660677601479415,2.638531356094599,0.4153142055204567,0.5573025582500009,0.12628853598982978,0.514681223481118,0.2482703646237901,0.0,0.07553559200493139,3.2823551422070967,-0.4887607860710388
3.1,5.628093056545088,0.19936698699525046,8.043522225167022,0.02800504169072939,0.0019092230989468727,0.06430535227865258,1.7276379305750036,0.23416033521528729,2.809139412789645,0.45668118049487055,0.5573025582500009,0.13049815385615746,0.5118144914636297,0.256245655416218,0.0,0.07553559200493139,,
3.2,5.623629458708497,0.3918909573347644,8.368186459084281,0.04299211345609293,-0.0007189382357681305,0.07139355747205227,1.7833681864000037,0.24171389441578042,2.9848361122358456,0.5006900960354771,0.5573025582500009,0.1347077717224851,0.5088566983028906,0.26419157024158385,0.0,0.07553559200493139,,
3.3000000000000003,5.749582821186406,0.272846095764761,8.257670617388417,0.044625658874428056,-0.011434854225471722,0.08008354158700703,1.8390984422250038,0.24926745361627356,3.1655909684713555,0.5474201090946896,0.5573025582500009,0.13891738958881278,0.5058081259797984,0.272107188907184,0.0,0.07553559200493139,,
3.4000000000000004,5.494536129621202,0.1386207176622792,8.360782199555585,0.04567702239218148,0.004330012006562242,0.0685212649243954,1.894828698050004,0.2568210128167667,3.351372590642298,0.5969500644851705,0.5573025582500009,0.14312700745514043,0.5026690651777151,0.2799915938174239,0.0,0.07553559200493139,,
3.5,5.547476623906733,0.013934070056446562,8.249964373386158,0.035486482180762,0.00885247003359146,0.06773885521243042,1.950558953875004,0.2643745720172599,3.54214868599641,0.6493584857305703,0.5573025582500009,0.1473366253214681,0.49943981525922115,0.2878438700527585,0.0,0.07553559200493139,,
3.6,5.661178921597637,0.32672525175121786,8.2025262394292,0.017370188408915944,0.010136209684353496,0.05697617802718071,2.0062892097000042,0.27192813121775306,3.7378860629632387,0.7047235659438144,0.5573025582500009,0.15154624318779575,0.49612068424217276,0.29566310544842833,0.0,0.07553559200493139,,
3.7,5.449440453280799,-0.013732832645717813,8.12189849229044,0.05327167364196877,0.008190552045254203,0.08058201386889308,2.062019465525004,0.2794816904182462,3.93855063432065,0.7631231587337233,0.5573025582500009,0.1557558610541234,0.4927119887750667,0.3034483906729867,0.0,0.07553559200493139,,
3.8000000000000003,5.564865072963958,0.32585853078203936,8.13011445952753,0.036305122708887784,-0.012345950969528419,0.06718043038188315,2.117749721350004,0.2870352496187394,4.144107420447386,0.8246347691407494,0.5573025582500009,0.15996547892045104,0.4892140541117114,0.31119881930661036,0.0,0.07553559200493139,,
3.9000000000000004,5.556603910823082,0.21987915937062005,8.04224999790422,0.049934319568608165,0.0018204063628864235,0.08133886094648576,2.173479977175004,0.29458880881923255,4.3545205526614215,0.8893355446026106,0.5573025582500009,0.1641750967867787,0.48562721408520865,0.31891348791918894,0.0,0.07553559200493139,,
4.0,5.499980302378471,0.16597543117610863,7.903565409674919,0.0312342802375627,0.0037144912539647636,0.0750314834983502,2.229210233000004,0.3021423680197257,4.569753276643838,0.9573022659506002,0.5573025582500009,0.16838471465310634,0.48195181108124574,0.3265914961481865,0.0,0.07553559200493139,7.105080077751877,10.372578054443228
4.1000000000000005,5.517544866668222,0.1892046221094311,8.303697002913138,0.029977685198016198,-0.009227788179241523,0.07910051710734498,2.284940488825004,0.3096959272202189,4.789767955947959,1.0286113384373494,0.5573025582500009,0.17259433251943399,0.4781881960107022,0.3342319467762691,0.0,0.07553559200493139,,
4.2,5.455527117412712,0.2059564553583362,7.9931084616614445,0.04505659834196342,-0.0198866151682791,0.06207241846835633,2.3406707446500037,0.31724948642071205,5.014526075593455,1.1033387827968149,0.5573025582500009,0.1768039503857616,0.47433672828157164,0.3418339458086937,0.0,0.07553559200493139,,
4.3,5.5930744503952905,0.3440483729245993,8.092932059355308,0.03990024036894891,-0.00041626965706127744,0.05591414687209553,2.3964010004750036,0.3248030456212052,5.243988245745127,1.1815602263372649,0.5573025582500009,0.18101356825208925,0.4703977757702004,0.3493966025504508,0.0,0.07553559200493139,,
4.4,5.621725124372011,0.5570646379905092,8.01996357250306,0.0445737576780237,-0.004369856914017239,0.06883603937232967,2.4521312563000035,0.3323566048216984,5.478114205476087,1.263350894068031,0.5573025582500009,0.1852231861184169,0.46637171479184697,0.3569190296831558,0.0,0.07553559200493139,,
4.5,5.363159365418485,-0.046456366779497854,8.226895611057584,0.04920974920513806,0.005650429081930079,0.07341126109269988,2.5078615121250034,0.33991016402219154,5.716862826615024,1.3487855998607938,0.5573025582500009,0.18943280398474455,0.46225893007056273,0.36440034334168353,0.0,0.07553559200493139,,
4.6000000000000005,5.614684508540986,0.09413279448203282,8.01695079828381,0.03333348590515082,0.004980228000511489,0.07860088479605314,2.5635917679500033,0.3474637232226847,5.9601921176772485,1.4379387376461643,0.5573025582500009,0.1936424218510722,0.45805981470839635,0.3718396631905394,0.0,0.07553559200493139,,
4.7,5.750123617853881,0.4555264730433136,8.283748650935124,0.029563515403448593,0.01095605228078622,0.06658970401848117,2.6193220237750032,0.35501728242317787,6.208059227879205,1.5308842726463223,0.5573025582500009,0.19785203971739984,0.4537747701539252,0.37923611249996153,0.0,0.07553559200493139,,
4.800000000000001,5.868673403067193,0.12015834966553736,8.194523203150547,0.03494917487522038,-0.0147556579584068,0.06739444217280248,2.675052279600003,0.36257084162367104,6.460420451236131,1.6276957326444719,0.5573025582500009,0.2020616575837275,0.4494042061701148,0.3865888182217484,0.0,0.07553559200493139,,
4.9,5.727342231474712,0.2558010831949367,8.155109273541878,0.0427076935847006,0.001045927861539484,0.07378434929523608,2.730782535425003,0.3701244008241642,6.717231230742529,1.7284461992918676,0.5573025582500009,0.20627127545005514,0.44494854080150953,0.39389691106480573,0.0,0.07553559200493139,,
5.0,5.683482165302451,0.39759582826167494,8.217005934043911,0.03563469850507483,0.005812787698623565,0.0739175848089778,2.786512791250003,0.37767796002465737,6.978446162635119,1.8332082994531642,0.5573025582500009,0.21048089331638276,0.44040820034075656,0.4011595255704072,0.0,0.07553559200493139,7.755468991985644,0.8535050444100022
5.1000000000000005,5.452294326349673,0.312484820023603,8.18473280242603,0.03714756398088873,-0.007349094888389343,0.07202660310002393,2.842243047075003,0.38523151922515053,7.244019000737936,1.942054196590841,0.5573025582500009,0.2146905111827104,0.4357836192944655,0.4083758001871627,0.0,0.07553559200493139,,
5.2,5.411779863567634,0.17410046390575956,8.082387691697416,0.04784284959076523,-0.005482075283156569,0.06701185356065921,2.8979733029000028,0.3927850784256437,7.513902660889215,2.055055582189446,0.5573025582500009,0.21890012904903805,0.43107524034840705,0.4155448773456896,0.0,0.07553559200493139,,
5.300000000000001,5.597148489202052,0.4869036472946826,7.778403790235493,0.04323675808114072,-0.009514347750693713,0.07759670951876867,2.9537035587250027,0.40033863762613686,7.788049225449719,2.1722836672204027,0.5573025582500009,0.2231097469153657,0.42628351433205136,0.4226659035329794,0.0,0.07553559200493139,,
5.4,5.670353019760951,0.3712751334759629,8.104730069237357,0.03433184848631137,-0.013285324658530337,0.06833201015923974,3.0094338145500026,0.40789219682663,8.066409947892137,2.2938091736481243,0.5573025582500009,0.22731936478169334,0.4214089001824515,0.4297380293664558,0.0,0.07553559200493139,,
5.5,5.447187945808851,0.3599023744819455,8.094881255749646,0.05054783341122018,0.0096006679434326,0.060918679253893104,3.0651640703750025,0.4154457560271232,8.348935257471188,2.4197023259781676,0.5573025582500009,0.231528982648021,0.416451864907471,0.43676040966771784,0.0,0.07553559200493139,,
5.6000000000000005,5.601911083344739,0.051987359159024304,7.979849214223018,0.03574236794379716,0.009362315765493323,0.07372904163646894,3.1208943262000024,0.42299931522761636,8.63557476397408,2.5500328428481644,0.5573025582500009,0.23573860051434864,0.41141288354836236,0.44373220353596254,0.0,0.07553559200493139,,
5.7,5.50991425198323,0.37139223116341635,8.281907337710063,0.042602277422114344,-0.01652717505000337,0.07642888932151569,3.1766245820250023,0.4305528744281095,8.926277262550895,2.684869928662259,0.5573025582500009,0.2399482183806763,0.4062924391416958,0.45065257442108075,0.0,0.07553559200493139,,
5.800000000000001,5.519080794940855,0.4502391599395166,8.062212555206411,0.04858102253790128,-0.01430876415843768,0.058924625673137145,3.232354837850002,0.4381064336286027,9.220990738624558,2.824282265269781,0.5573025582500009,0.2441578362470039,0.40109102268064295,0.45752069019642194,0.0,0.07553559200493139,,
5.9,5.3727100545545365,0.39093640279358255,8.090487276886217,0.03359759026603839,0.004834302405479939,0.06918292975425744,3.288085093675002,0.44565999282909585,9.519662372879967,2.9683380036888782,0.5573025582500009,0.24836745411333155,0.3958091330756176,0.4643357232312215,0.0,0.07553559200493139,,
6.0,5.762007191398111,0.7562366070665816,7.93622272957024,0.029928096236127716,-0.0007190317221299917,0.0751240849076443,3.343815349500002,0.453213552029589,9.822238546331917,3.1171047558758294,0.5573025582500009,0.25257707197965923,0.39044727711427657,0.47109685046268446,0.0,0.07553559200493139,17.150833617029434,5.403181271525705
6.1000000000000005,5.6000719959265854,0.17168435255776648,8.007735208355676,0.03438954435707569,0.002430034857307148,0.08400515200628203,3.399545605325002,0.4607671112300822,10.128664845471365,3.2706495865407517,0.5573025582500009,0.25678668984598685,0.38500596942088416,0.47780325346772157,0.0,0.07553559200493139,,
6.2,5.809704046581242,0.31900598114000545,8.147613905340283,0.038646209908197345,-0.004328070681921346,0.0582438934029646,3.455275861150002,0.46832067043057535,10.438886067489667,3.4290390050104227,0.5573025582500009,0.26099630771231447,0.3794857324150419,0.4844541185343313,0.0,0.07553559200493139,,
6.300000000000001,5.662853749777539,0.48700062623063656,7.943291544195015,0.04185731673256601,0.012982179990253037,0.058236048325325473,3.5110061169750018,0.4758742296310685,10.75284622558034,3.5923389571389226,0.5573025582500009,0.26520592557864214,0.37388709626978767,0.49104863673262183,0.0,0.07553559200493139,,
6.4,5.728432906464769,0.5392659268662636,8.397961524820946,0.051805396979425454,0.005331384332318453,0.06956200350699976,3.5667363728000017,0.4834277888315617,11.070488554317938,3.760614817266803,0.5573025582500009,0.26941554344496976,0.3682105988690675,0.4975860039854685,0.0,0.07553559200493139,,
6.5,5.698832057597313,0.44534209023143634,7.924437063837787,0.04509338572461256,0.010188233144742865,0.09086685067894885,3.6224666286250016,0.49098134803205484,11.391755515113607,3.93393138022949,0.5573025582500009,0.27362516131129744,0.36245678576458207,0.5040654211388012,0.0,0.07553559200493139,,
6.6000000000000005,5.460143283753695,0.21559257169387253,8.173619617943181,0.039177132487890676,0.0017598191663415524,0.08430450191357783,3.6781968844500015,0.498534907232548,11.716588801746875,4.112352853415612,0.5573025582500009,0.27783477917762506,0.356626210132012,0.5104860940315156,0.0,0.07553559200493139,,
6.7,6.090791324507923,0.021987166133084157,7.879069751622671,0.025396849525620373,-0.009136560152195786,0.06465111370979697,3.7339271402750014,0.5060884664330412,12.044929345973246,4.29594284887596,0.5573025582500009,0.28204439704395273,0.3507194327266244,0.5168472335650034,0.0,0.07553559200493139,,
6.800000000000001,5.650996917196148,0.334257339578927,7.997378364216407,0.04159235908618193,0.007892025798325979,0.06944385297103324,3.7896573961000013,0.5136420256335343,12.376717323207135,4.4847643754837545,0.5573025582500009,0.28625401491028035,0.3447370218382657,0.5231480557722964,0.0,0.07553559200493139,,
6.9,5.439297461582355,0.5569543367786784,8.199416310259277,0.037647430423556665,0.0013176883354343767,0.09048711102590667,3.845387651925001,0.5211955848340275,12.711892158279692,4.678879831146928,0.5573025582500009,0.290463632776608,0.33867955324574034,0.5293877818868182,0.0,0.07553559200493139,,
7.0,5.7159954130246255,0.21162691776830808,8.174434170262773,0.033706109328936404,0.012992471207028627,0.09784395539299133,3.901117907750001,0.5287491440345207,13.05039253127106,4.87835099507309,0.5573025582500009,0.29467325064293565,0.3325476101705842,0.5355656384107397,0.0,0.07553559200493139,13.883390162636001,-0.7877188351305824
7.1000000000000005,5.748156846808217,0.4661983831264225,8.146683481933096,0.03816544401557276,-0.01409739334491692,0.05172662979969316,3.956848163575001,0.5363027032350138,13.392156383416584,5.083239020087853,0.5573025582500009,0.29888286850926327,0.32634178323023016,0.5416808571829308,0.0,0.07553559200493139,,
7.2,5.613320574639371,-0.05806074140881207,8.148889115713908,0.027496097638621472,0.011079082043836308,0.06786756077605877,4.012578419400001,0.543856262435507,13.737120923086515,5.2936044250072145,0.5573025582500009,0.30309248637559094,0.320062670390574,0.5477326754465066,0.0,0.07553559200493139,,
7.300000000000001,5.735665671270206,0.24718346428334986,7.969672830772189,0.0481570891825508,-0.015608566630080254,0.07017995923249779,4.068308675225001,0.5514098216360002,14.08522263183871,5.509507087064644,0.5573025582500009,0.3073021042419186,0.31371087691794153,0.5537203359159593,0.0,0.07553559200493139,,
7.4,5.480133012681084,0.0440297139494229,8.165696724441283,0.042742400841151475,-0.005332138270510456,0.06797942447087411,4.124038931050001,0.5589633808364933,14.436397270543848,5.731006234393551,0.5573025582500009,0.31151172210824624,0.3072870153304617,0.5596430868438718,0.0,0.07553559200493139,,
7.5,5.489465616654307,0.125386386459301,7.968567473827382,0.04242248267128426,-0.0053919749242590225,0.05808812883342611,4.179769186875001,0.5665169400369865,14.790579885582696,5.958160438565802,0.5573025582500009,0.3157213399745739,0.300791705348848,0.5655001820872102,0.0,0.07553559200493139,,
7.6000000000000005,5.4815639750539145,0.17260348017281915,8.158686688233066,0.021331385721391743,-0.011852003550245311,0.06386681163917356,4.235499442700001,0.5740704992374797,15.147704815114867,6.191027607186938,0.5573025582500009,0.31993095784090153,0.29422557384659337,0.5712908811731858,0.0,0.07553559200493139,,
7.7,5.522160600994225,0.29138725449895037,8.05858189596321,0.042391081767559256,0.0001130363673835824,0.08219508565554264,4.291229698525001,0.5816240584379728,15.507705695418634,6.429664976548748,0.5573025582500009,0.3241405757072292,0.2875892547995811,0.5770144493646856,0.0,0.07553559200493139,,
7.800000000000001,5.526729142009011,0.4027864349737352,8.055430322482106,0.01598903264759603,0.0007259379730003893,0.08290363878716069,4.346959954350001,0.589177617638466,15.870515467301239,6.67412910433985,0.5573025582500009,0.3283501935735568,0.2808833892351158,0.5826701577252624,0.0,0.07553559200493139,,
7.9,5.3232319211178885,0.3794814722897774,8.1309797948483,0.038902924095221524,-0.00878830848792099,0.05449014148992659,4.402690210175001,0.5967311768389592,16.236066382579207,6.924475862414927,0.5573025582500009,0.3325598114398845,0.27410862518037854,0.5882572831836848,0.0,0.07553559200493139,,
8.0,5.705563213300068,0.14298400146665996,8.110148284948373,0.029099861499292307,0.003974850984278235,0.06978199482441023,4.458420466000001,0.6042847360394523,16.604290010628144,7.180760429623254,0.5573025582500009,0.3367694293062121,0.26726561761030887,0.5937751085980344,0.0,0.07553559200493139,11.805607425394708,4.902673066146551
8.1,5.534709911188288,0.421472500445635,8.141450342902075,0.013291523323456834,0.001297137422044192,0.06796110220168568,4.5141507218250005,0.6118382952399455,16.97511724500148,7.443037284697153,0.5573025582500009,0.34097904717253974,0.26035502839491953,0.599222922819354,0.0,0.07553559200493139,,
8.200000000000001,5.835728667020447,0.3136812510760518,8.169019503359577,0.029201385841864304,-0.0016119017082751894,0.06959503982482637,4.5698809776500005,0.6193918544404386,17.34847831011763,7.711360199201018,0.5573025582500009,0.3451886650388674,0.25337752624604504,0.6046000207548341,0.0,0.07553559200493139,,
8.3,5.73575306192254,0.21859307892871116,8.156985467282468,0.05984780896317895,-0.016119808280384423,0.057444305779355866,4.625611233475,0.6269454136409318,17.724302768015036,7.985782230541518,0.5573025582500009,0.34939828290519503,0.24633378666353073,0.6099057034305388,0.0,0.07553559200493139,,
8.4,5.593256927786175,0.4391559673524778,8.321705353651788,0.03562879291523081,-0.027418288870393763,0.07829267098002307,4.6813414893,0.634498972841425,18.102519525174554,8.26635571503962,0.5573025582500009,0.3536079007715227,0.23922449188086461,0.6151392780536622,0.0,0.07553559200493139,,
8.5,5.503933266246186,0.4856967153548311,8.252430332635788,0.03846412693659499,0.006903272052277443,0.06904543187331279,4.737071745125,0.6420525320419181,18.483056839408615,8.553132261065036,0.5573025582500009,0.35781751863785033,0.2320503308102562,0.6203000580743119,0.0,0.07553559200493139,,
8.6,5.563459011896605,0.36678086464360504,8.304449319872765,0.04582147751404465,0.009588321110167468,0.06893609623750489,4.79280200095,0.6496060912424113,18.86584232681663,8.846162742233721,0.5573025582500009,0.362027136504178,0.22481199898716717,0.6253873632468154,0.0,0.07553559200493139,,
8.700000000000001,5.494644025521091,0.40741875903369995,8.19484005588488,0.06624284753554815,0.005302749104056137,0.06871828432058776,4.848532256775,0.6571596504429045,19.250802968806067,9.145497290669013,0.5573025582500009,0.3662367543705056,0.2175101985142969,0.6304005196905447,0.0,0.07553559200493139,,
8.8,5.546722881485372,0.7213901971472199,8.064130173514194,0.04019520374482679,0.005207700315121661,0.07903712655228486,4.9042625126,0.6647132096433976,19.63786511917862,9.451185290327027,0.5573025582500009,0.37044637223683324,0.2101456380050276,0.635338859950252,0.0,0.07553559200493139,,
8.9,5.546647457927522,0.38104142899507193,8.224039536710977,0.04892571077445762,0.0038321648197035775,0.07651376589832407,4.959992768425,0.6722667688438908,20.02695451128094,9.763275370386909,0.5573025582500009,0.3746559901031609,0.20271903252633353,0.6402017230559152,0.0,0.07553559200493139,,
9.0,5.676316920682124,0.6601100670567488,7.890062898328091,0.03924894969079474,-0.007586432940544541,0.06235841780528228,5.01572302425,0.679820328044384,20.41799626521931,10.081815398706533,0.5573025582500009,0.37886560796948854,0.19523110354115766,0.644988454582086,0.0,0.07553559200493139,27.021473547905018,13.66355799096513
9.1,5.154978448910759,0.47082075358527253,8.168618413182159,0.04380293726341277,0.007022537474864405,0.0773346199051331,5.071453280075,0.6873738872448771,20.810914895137685,10.406852475344232,0.5573025582500009,0.3830752258358162,0.18768257885026032,0.6496984067067373,0.0,0.07553559200493139,,
9.200000000000001,5.460225214560298,0.40764787571827776,8.139453190424085,0.048622512889376565,0.0028489928786611524,0.06562217685364391,5.1271835358999995,0.6949274464453703,21.205634316558577,10.738432926147144,0.5573025582500009,0.38728484370214383,0.18007419253354506,0.6543309382696048,0.0,0.07553559200493139,,
9.3,5.610649307440274,0.35748375109868813,8.105736072778074,0.045157513927372994,0.0024198891499306713,0.06634514485483214,5.182913791724999,0.7024810056458635,21.60207785378606,11.076602296406758,0.5573025582500009,0.3914944615684715,0.17240668489086403,0.6588854148300183,0.0,0.07553559200493139,,
9.4,5.400657491916049,0.21522872985211153,8.105780393532005,0.034430832278291086,0.009505716952786817,0.06331891731551441,5.238644047549999,0.7100345648463566,22.000168247370446,11.42140534458223,0.5573025582500009,0.3957040794347991,0.1646808023823098,0.6633612087242183,0.0,0.07553559200493139,,
9.5,5.5645661814289396,0.5316693759435143,7.858878079385621,0.0601569485483227,-0.00878787604748944,0.08423980928485598,5.294374303374999,0.7175881240468498,22.39982766163394,11.772886036092036,0.5573025582500009,0.3999136973011268,0.15689729756799542,0.6677576991221537,0.0,0.07553559200493139,,
9.600000000000001,5.566691029647547,0.5605406353791371,7.863322663213417,0.051234520565596596,-0.0020307090600269516,0.06703935858940215,5.350104559199999,0.725141683247343,22.80097769225666,12.131087537174523,0.5573025582500009,0.4041233151674544,0.1490569290473296,0.6720742720837547,0.0,0.07553559200493139,,
9.700000000000001,5.347240497755044,0.059494751249397515,7.859311344977642,0.04158842027423313,-0.005657287623625839,0.06939175300805712,5.405834815024999,0.7326952424478361,23.203539373922492,12.496052208817918,0.5573025582500009,0.40833293303378204,0.14116046139778915,0.676310320614679,0.0,0.07553559200493139,,
9.8,5.414452764565537,0.2410894889008248,8.281963877568044,0.048431610169452737,-0.0048068006734950505,0.07558481644064341,5.461565070849999,0.7402488016483293,23.607433188024064,12.867821600760356,0.5573025582500009,0.4125425509001097,0.1332086651131955,0.6804652447215256,0.0,0.07553559200493139,,
9.9,5.379531313808934,0.3523518559809402,8.029696066212306,0.03600388980557957,-0.01884667050298942,0.05401617019490423,5.517295326674999,0.7478023608488225,24.012579070426277,13.246436445560446,0.5573025582500009,0.41675216876643734,0.12520231654149788,0.6845384514665098,0.0,0.07553559200493139,,
10.0,5.483552440706124,0.2996326502504821,8.092910043591282,0.03151042823764435,-0.006603956746623942,0.08387545502129251,5.573025582499999,0.7553559200493156,24.418896419287762,13.631936652738952,0.5573025582500009,0.420961786632765,0.11714219782206892,0.6885293550216,0.0,0.07553559200493139,23.19985655435251,12.653300804090875
10.100000000000001,5.619613810691996,0.4356824270162826,8.092271028388362,0.04648515804598381,-0.011278025730430965,0.08487523794792431,5.628755838324999,0.7629094792498088,24.826304102939595,14.024361302992101,0.5573025582500009,0.42517140449909263,0.10902909682251705,0.6924373767221068,0.0,0.07553559200493139,,
10.200000000000001,5.697451242761915,0.7544449594036453,8.379269869757554,0.03269156464383756,-0.007627483964856287,0.06317495206440382,5.684486094149999,0.770463038450302,25.23472046782068,14.423748642477056,0.5573025582500009,0.4293810223654203,0.1008638070750199,0.6962619451197245,0.0,0.07553559200493139,,
10.3,5.451840579320641,0.5976394725326849,7.93677270786595,0.028485212878735233,0.001564378542806733,0.06040893127926221,5.7402163499749985,0.7780165976507951,25.644063346469125,14.830136077170078,0.5573025582500009,0.4335906402317479,0.09264712771218453,0.7000024960350175,0.0,0.07553559200493139,,
10.4,5.539400492150692,0.22122881111916043,7.981464795112648,0.04166571678982605,0.00496520239081406,0.07261353162001997,5.795946605799998,0.7855701568512883,26.05425006556899,15.243560167297893,0.5573025582500009,0.43780025809807555,0.0843798634024373,0.7036584726093499,0.0,0.07553559200493139,,
10.5,5.395060403634648,0.6876257482488479,8.220987588312154,0.038839079699297785,0.004979307909147161,0.07483137913968765,5.851676861624998,0.7931237160517814,26.465197454051722,15.66405662184279,0.5573025582500009,0.4420098759644032,0.07606282428495093,0.707229325356252,0.0,0.07553559200493139,,
10.600000000000001,5.66299442071873,0.6223606073954371,8.317552623789874,0.048793879134204,0.01302428917763687,0.07268600877026253,5.907407117449998,0.8006772752522746,26.87682185125166,16.09166029312194,0.5573025582500009,0.44621949383073084,0.06769682590411008,0.7107145122122229,0.0,0.07553559200493139,,
10.700000000000001,5.684782093213491,0.47316750578097727,8.373032272573807,0.01194661125588916,0.017037117051130528,0.06293741042915338,5.963137373274998,0.8082308344527678,27.289039115114914,16.526405171441464,0.5573025582500009,0.4504291116970585,0.05928268914352386,0.7141134985869607,0.0,0.07553559200493139,,
10.8,5.575760937580997,0.5226764930332042,7.959516294074376,0.0324455426191186,-0.016282171804460344,0.0729911981111226,6.018867629099998,0.8157843936532609,27.70176463046101,16.968324379825688,0.5573025582500009,0.45463872956338613,0.05082124015958761,0.717425757413021,0.0,0.07553559200493139,,
10.9,5.680338942164837,0.4705116395489207,7.800985938510449,0.037854624875903235,-0.008672891807653777,0.06376975179491777,6.074597884924998,0.8233379528537541,28.11491331729654,17.41745016882218,0.5573025582500009,0.4588483474297138,0.042313310314599506,0.720650769194896,0.0,0.07553559200493139,,
11.0,5.531774430531817,0.1797363502304855,8.119523212474608,0.0314765237358096,0.005243728117211874,0.05506106886881894,6.130328140749998,0.8308915120542473,28.528399639180247,17.873813911382943,0.5573025582500009,0.46305796529604143,0.03375973610943761,0.7237880220575128,0.0,0.07553559200493139,27.881454607339702,16.316395428971937
11.100000000000001,5.509528630855762,0.5946526077454559,8.144650317107937,0.04143321067160835,-0.0020986254943026147,0.06956687197188866,6.186058396574998,0.8384450712547404,28.94213761163879,18.337446097822305,0.5573025582500009,0.4672675831623691,0.025161359115801973,0.7268370117941454,0.0,0.07553559200493139,,
11.200000000000001,5.82655223146909,0.44156102880546005,8.277042639174427,0.03549223449439032,0.010746385690942164,0.08627312316336555,6.241788652399998,0.8459986304552336,29.35604081063254,18.80837633085198,0.5573025582500009,0.4714772010286967,0.01651902590802584,0.7297972419137384,0.0,0.07553559200493139,,
11.3,5.507896620735771,0.7232692016392297,8.05072609729386,0.05237300403517726,0.015099536903129094,0.04662491418703876,6.297518908224998,0.8535521896557268,29.770022381070742,19.286633320693735,0.5573025582500009,0.47568681889502434,0.00783358799446321,0.7326682236876363,0.0,0.07553559200493139,,
11.4,5.359493187121557,0.702494388172306,8.116522981792848,0.04620410444537117,0.003344539049207225,0.07021557245587771,6.3532491640499975,0.8611057488562199,30.183995045375276,19.772244880270147,0.5573025582500009,0.479896436761352,-0.0008940982515452944,0.735449476195717,0.0,0.07553559200493139,,
11.5,5.84347040212674,0.5683857321256438,8.090172169943079,0.033670011496471045,-0.02269910834407995,0.06951545446377641,6.408979419874997,0.8686593080567131,30.59787111209243,20.26523792047392,0.5573025582500009,0.48410605462767964,-0.009663171661119574,0.7381405263719242,0.0,0.07553559200493139,,
11.600000000000001,5.793320251153674,0.5853711686442588,7.896452598693018,0.04497526197651051,-0.00025337360302947254,0.07868241205500145,6.464709675699997,0.8762128672572063,31.011562484551888,20.765638445516156,0.5573025582500009,0.4883156724940073,-0.0184727663396983,0.7407409090491959,0.0,0.07553559200493139,,
11.700000000000001,5.307304599549511,0.42632754699152625,8.06287130011188,0.032221419916941975,-0.00978287235856194,0.09055561838860222,6.520439931524997,0.8837664264576994,31.424980669572296,21.27347154835411,0.5573025582500009,0.49252529036033493,-0.027322011737300755,0.7432501670037852,0.0,0.07553559200493139,,
11.8,5.718433058381768,0.4533631788550788,8.211672264402612,0.044876822534319606,0.005978082443248556,0.08687339704887365,6.576170187349997,0.8913199856581926,31.83803678621266,21.78876140619875,0.5573025582500009,0.4967349082266626,-0.036210032719188656,0.7456678509989698,0.0,0.07553559200493139,,
11.9,5.760758482592093,0.7581812862274472,8.262258147636127,0.05481042148876815,0.0026594842603421087,0.060117445197076076,6.631900443174997,0.8988735448586858,32.2506415745689,22.311531276102684,0.5573025582500009,0.5009445260929902,-0.04513594963692197,0.7479935198281462,0.0,0.07553559200493139,,
12.0,5.642024469635217,0.41399996714082565,8.013308305257933,0.030810577040534408,0.012556659028768055,0.09170566444502046,6.687630698999997,0.9064271040591789,32.662705404614826,22.841803490628777,0.5573025582500009,0.5051541439593179,-0.0540988783998026,0.7502267403573071,0.0,0.07553559200493139,38.57694994922258,28.347908899996472
12.100000000000001,5.65180244792215,0.6093013105329593,8.283322593269812,0.04163170287775739,-0.002537890182290216,0.05492368585084846,6.743360954824997,0.9139806632596721,33.07413828508677,23.379599453599916,0.5573025582500009,0.5093637618256455,-0.06309793054670326,0.7523670875668951,0.0,0.07553559200493139,,
12.200000000000001,5.386077480846682,0.6197010058365608,7.811950051832217,0.03306218036057483,-0.011545985013618124,0.07682624085784362,6.799091210649997,0.9215342224601653,33.484849872411274,23.92493963593034,0.5573025582500009,0.5135733796919731,-0.07213221331827346,0.7544141445930334,0.0,0.07553559200493139,,
12.3,5.603664951150084,0.5167666586361133,7.919308521858379,0.030711451322636543,0.003984761839647148,0.0667378050778317,6.854821466474997,0.9290877816606584,33.894749479675006,24.477843571538926,0.5573025582500009,0.5177829975583008,-0.08120082972951864,0.7563675027681271,0.0,0.07553559200493139,,
12.4,5.594741836468924,0.7523305233173236,8.300819416673155,0.03344092770935068,-0.008616155362236574,0.06976318930121322,6.910551722299997,0.9366413408611516,34.30374608563618,25.03832985334485,0.5573025582500009,0.5219926154246285,-0.09030287864274661,0.7582267616608326,0.0,0.07553559200493139,,
12.5,5.302074950992446,0.5656235169947391,7.743414490487662,0.050741038835688895,-0.0066772196935440935,0.06751680885695764,6.9662819781249965,0.9441949000616447,34.71174834377677,25.606416129346005,0.5573025582500009,0.5262022332909561,-0.09943745484087646,0.7599915291153936,0.0,0.07553559200493139,,
12.600000000000001,5.788243399800069,0.4437009774344709,8.065231147326704,0.02058541460234729,0.011194284551638246,0.0841492889556975,7.022012233949996,0.9517484592621379,35.11866459139485,26.18211909878053,0.5573025582500009,0.5304118511572837,-0.10860364910110448,0.7616614212903371,0.0,0.07553559200493139,,
12.700000000000001,5.824872103902126,0.5458312979070076,8.090058303762719,0.045800770641091476,-0.010019670125754972,0.06579198397029459,7.077742489774996,0.9593020184626311,35.52440285873616,26.7654545083719,0.5573025582500009,0.5346214690236114,-0.11780054826891972,0.7632360626965302,0.0,0.07553559200493139,,
12.8,5.67561729915285,0.7004778982797089,7.821826115683581,0.03223475811033153,0.018099019142775,0.06777637828644738,7.133472745599996,0.9668555776631242,35.928870878164304,27.35643714865791,0.5573025582500009,0.5388310868899391,-0.1270272353324674,0.7647150862345914,0.0,0.07553559200493139,,
12.9,5.623267063037579,0.5389459666713948,7.715735857387405,0.03733529728783256,0.0006079009291057556,0.06751748266422852,7.189203001424996,0.9744091368636174,36.33197609336874,27.955080850403906,0.5573025582500009,0.5430407047562666,-0.13628278949725092,0.7660981332316548,0.0,0.07553559200493139,,
13.0,5.611754879896035,0.6492862586337798,8.161631396842346,0.033026399681889806,-0.013385081354163853,0.0827240430480587,7.244933257249996,0.9819626960641106,36.73362566860989,28.56139848110065,0.5573025582500009,0.5472503226225943,-0.1455662862611694,0.7673848534774845,0.0,0.07553559200493139,42.61836858282519,26.4289000448288
13.100000000000001,5.598196550964091,0.6690580175207222,8.24658302117023,0.030934117155388696,0.008494575948279995,0.0591212491860635,7.300663513074996,0.9895162552646037,37.133726498000534,29.175401941547175,0.5573025582500009,0.551459940488922,-0.1548767974898836,0.7685749052599353,0.0,0.07553559200493139,,
13.200000000000001,5.581825346356759,0.5435782781884023,7.983690594231063,0.03157917662461853,0.005496362543665372,0.06597463831986747,7.356393768899996,0.9970698144650969,37.53218521482277,29.797102162518968,0.5573025582500009,0.5556695583552496,-0.1642133914925063,0.7696679553997571,0.0,0.07553559200493139,,
13.3,5.676767722006779,0.7642380132811534,8.267390003205202,0.04105045354144206,0.01477006985346302,0.06867384874269698,7.412124024724996,1.00462337366559,37.9289082008798,30.42650910152181,0.5573025582500009,0.5598791762215772,-0.17357513309760997,0.7706636792847412,0.0,0.07553559200493139,,
13.4,5.70356714318698,0.7018011808489903,8.037848484951006,0.05297349928523737,0.01571556633603862,0.06593108848083407,7.467854280549996,1.0121769328660832,38.323801595881775,31.06363173963163,0.5573025582500009,0.5640887940879049,-0.18296108372954645,0.7715617609032035,0.0,0.07553559200493139,,
13.5,5.775711130385671,0.5090524993845231,8.105344540081822,0.03730947111689606,-0.019453056472715346,0.08273435398573008,7.523584536374996,1.0197304920665764,38.716771306864835,31.70847807842072,0.5573025582500009,0.5682984119542326,-0.1923703014850741,0.7723618928768042,0.0,0.07553559200493139,,
13.600000000000001,5.688498025985026,0.3303072043322405,8.004022972723552,0.03280162098261008,0.0008878538937321411,0.07363106093546633,7.5793147921999955,1.0272840512670696,39.10772301764278,32.361055136970535,0.5573025582500009,0.5725080298205601,-0.20180184121028494,0.7730637764926992,0.0,0.07553559200493139,,
13.700000000000001,5.787666017292386,0.8431267484285434,8.159350875260637,0.03978578736995619,-0.007609947387806978,0.06780066514799009,7.635045048024995,1.0348376104675627,39.49656219829036,33.02136894897155,0.5573025582500009,0.5767176476868878,-0.2112547545778276,0.7736671217350228,0.0,0.07553559200493139,,
13.8,5.390804715980777,0.6614373581220339,8.108514789613114,0.006496408050888365,-0.004132294302527141,0.07697944024265731,7.690775303849995,1.042391169668056,39.883194114657584,33.689424559910336,0.5573025582500009,0.5809272655532155,-0.22072809016441974,0.7741716473156968,0.0,0.07553559200493139,,
13.9,5.485771249991216,0.4071319752296719,8.138638270926714,0.0501599250792807,-0.012484418641095507,0.07998775166487151,7.746505559674995,1.049944728868549,40.2675238379142,34.36522602434423,0.5573025582500009,0.5851368834195431,-0.23022089352864306,0.774577080704564,0.0,0.07553559200493139,,
14.0,5.548265924000629,0.9767322904352608,8.27334277481602,0.037488825633842336,0.00033662863636325176,0.05883594775102273,7.802235815499995,1.0574982880690422,40.64945625412358,35.0487764032639,0.5573025582500009,0.5893465012858707,-0.2397322072890185,0.7748831581588462,0.0,0.07553559200493139,44.60927899573501,32.897820233553524
14.100000000000001,5.56462248152679,0.48902262839572075,7.899471916014755,0.04466157377239603,-0.007662968822756048,0.08976642387291828,7.857966071324995,1.0650518472695354,41.028896073845225,35.74007776154402,0.5573025582500009,0.5935561191521984,-0.2492610712023513,0.775089624751919,0.0,0.07553559200493139,,
14.200000000000001,5.753859977441229,0.4457380427015941,7.946960067372457,0.038766303452032025,0.012687265299787151,0.07178303725141487,7.913696327149995,1.0726054064700286,41.40574784176507,36.43913116548247,0.5573025582500009,0.5977657370185261,-0.2588065222423428,0.775196234401407,0.0,0.07553559200493139,,
14.3,5.324676330108306,0.7062291531772842,8.04755466881661,0.05035524732693757,0.004575130229829019,0.07866876456811156,7.969426582974995,1.0801589656705217,41.77991594635288,37.14593668042818,0.5573025582500009,0.6019753548848537,-0.26836759467846466,0.7752027498965909,0.0,0.07553559200493139,,
14.4,5.671792893700952,0.5745638187970404,8.24083813499208,0.03755523132415295,-0.010640963643696185,0.07206587161538221,8.025156838799996,1.0877125248710149,42.15130462954584,37.86049336849796,0.5573025582500009,0.6061849727511814,-0.2779433201550846,0.7751089429251312,0.0,0.07553559200493139,,
14.5,5.5666211883402905,0.3547919611166786,7.944376216337694,0.04191291496197903,-0.007236716851171838,0.08365003869659669,8.080887094624996,1.095266084071508,42.51981799645768,38.582799286382674,0.5573025582500009,0.6103945906175091,-0.2875327277708435,0.7749145940990982,0.0,0.07553559200493139,,
14.600000000000001,5.469019551598197,0.785259894333522,7.839722266909658,0.055262504408746804,-0.004243715755339587,0.07112129482480231,8.136617350449997,1.1028196432720012,42.88536002511238,39.31285148324275,0.5573025582500009,0.6146042084838368,-0.2971348441582732,0.7746194929803134,0.0,0.07553559200493139,,
14.700000000000001,5.871320905726013,0.5096887483605275,8.020048945092313,0.04490602595184728,-0.013756611524363332,0.07671092163293197,8.192347606274998,1.1103732024724944,43.24783457620177,40.05064599869358,0.5573025582500009,0.6188138263501646,-0.30674869356365325,0.774223438104995,0.0,0.07553559200493139,,
14.8,5.3918192161766925,0.8702257801466928,7.993147824733836,0.04095518352878522,0.003277311033422721,0.07535159382372654,8.248077862099999,1.1179267616729875,43.60714540286624,40.79617786088082,0.5573025582500009,0.6230234442164923,-0.31637329792709656,0.7737262370077085,0.0,0.07553559200493139,,
14.9,5.612868629032259,0.731390871008555,8.40374114675543,0.02908675740026341,0.00039440938770481283,0.07669608737592745,8.303808117925,1.1254803208734807,43.96319616049761,41.549441084645935,0.5573025582500009,0.6272330620828199,-0.32600767696286176,0.7731277062446181,0.0,0.07553559200493139,,
15.0,5.1156413525126085,-0.5009517543110662,8.396113428526112,-0.026854431534051305,-0.01761262232089305,-0.04791596484057255,8.35953837375,1.1330338800739739,44.31994320113021,42.30521847671777,-0.04286797723850011,-0.5444154359928931,0.47490606508900296,-0.2696109414722112,0.0,-0.06512505974043087,44.65872822183018,39.0793014025647
15.100000000000001,5.014597180305635,-0.10147774866166775,8.546033991605263,-0.024817836442338224,-0.015744132132187685,-0.042384995880871024,8.35525157602615,1.1265213740999307,44.681419138094455,43.05827007607639,-0.04286797723850011,-0.5441362580350322,0.472888087568771,-0.2725780391308846,0.0,-0.06512505974043087,,
15.200000000000001,5.086451507980889,-0.2864378438301695,8.418232844506141,-0.038045843218224816,-5.4470271778216596e-05,-0.0456974269322798,8.3509647783023,1.1200088681258875,45.047603606590435,43.80856636008919,-0.04286797723850011,-0.5438570800771714,0.4708516165239176,-0.2755302927799428,0.0,-0.06512505974043087,,
15.3,5.283220012235205,-0.3020147210101193,8.507915297525605,-0.02868017351814219,0.01731923974217672,-0.059643226564416216,8.34667798057845,1.1134963621518443,45.4184760579596,44.556077955713924,-0.04286797723850011,-0.5435779021193105,0.46879675967546747,-0.27846758745450656,0.0,-0.06512505974043087,,
15.4,5.296349942238103,-0.5268774944250082,8.1781150821345,-0.04284195948726118,0.014585656035295038,-0.047905479325821565,8.3423911828546,1.1069838561778012,45.79401576076911,45.30077564064069,-0.04286797723850011,-0.5432987241614495,0.46672362545704354,-0.28138980896296284,0.0,-0.06512505974043087,,
15.5,5.290181140267225,-0.506974764611461,8.421705115510267,-0.03750433124165386,-0.002241553660267154,-0.05213997512596027,8.33810438513075,1.100471350203758,46.174201801903244,46.04263034442601,-0.04286797723850011,-0.5430195462035887,0.4646323230093657,-0.2842968438913673,0.0,-0.06512505974043087,,
15.600000000000001,5.131739437344724,-0.4334800820013619,8.524243209156989,-0.02900662873933753,-0.0006640652221036557,-0.04754234807164122,8.3338175874069,1.0939588442297148,46.55901308766183,46.78161314961918,-0.04286797723850011,-0.5427403682457278,0.4625229621747211,-0.2871885796078081,0.0,-0.06512505974043087,,
15.700000000000001,4.95525021199414,-0.6768331545332432,8.425510888602494,-0.02853120382433729,-0.014063819373515212,-0.03491571438250553,8.32953078968305,1.0874463382556716,46.948428344865626,47.517695292880745,-0.04286797723850011,-0.5424611902878669,0.4603956534914097,-0.2900649042667307,0.0,-0.06512505974043087,,
15.8,5.097136626085791,-0.6034414614290893,8.294388243152257,-0.048586092041173055,-0.0003569820590752333,-0.06537007474535222,8.3252439919592,1.0809338322816284,47.342426121968636,48.25084816609302,-0.04286797723850011,-0.5421820123300061,0.45825050818816204,-0.29292570681322366,0.0,-0.06512505974043087,,
15.9,4.7382030040919645,-0.26874623347211346,8.619554400106963,-0.044284870363717616,-0.005249149476418488,-0.053320073370758614,8.32095719423535,1.0744213263075852,47.74098479017721,48.98104331746272,-0.04286797723850011,-0.5419028343721451,0.45608763817853004,-0.29577087698726434,0.0,-0.06512505974043087,,
16.0,5.025268125769465,-0.5273213891823966,8.595385958142499,-0.02102104403699888,-0.020853080647713084,-0.038683937018706566,8.3166703965115,1.067908820333542,48.144082544576,49.70825245261555,-0.04286797723850011,-0.5416236564142842,0.45390715605525367,-0.2986003053279262,0.0,-0.06512505974043087,48.00443084262068,48.78416810298944
16.1,5.338352466457143,-0.5886321781306046,8.509977159154342,-0.018429951313118864,0.022862591203135635,-0.040289356826772524,8.31238359878765,1.0613963143594989,48.55169740526064,50.43244743568279,-0.04286797723850011,-0.5413444784564234,0.45170917508460073,-0.30141388317754575,0.0,-0.06512505974043087,,
16.2,5.145272014509808,-0.46127890170412217,8.564086329396059,-0.01590553755409484,-0.002880742389771914,-0.04498401529684466,8.3080968010638,1.0548838083854557,48.963807218477065,51.153600290379835,-0.04286797723850011,-0.5410653004985625,0.44949380920068055,-0.30421150268584923,0.0,-0.06512505974043087,,
16.3,4.8049474592943,-0.2104514254902145,8.564023738961545,-0.037940126296810935,-0.003505104562449209,-0.04192522922483401,8.30381000333995,1.0483713024114125,49.380389657767495,51.871683201076536,-0.04286797723850011,-0.5407861225407017,0.4472611729997346,-0.30699305681404077,0.0,-0.06512505974043087,,
16.400000000000002,5.053887691441663,-0.6016564077174711,8.29184345547265,-0.022960541400649136,-0.005954549528723243,-0.05763948784902794,8.299523205616099,1.0418587964373693,49.80142222512296,52.58666851385947,-0.04286797723850011,-0.5405069445828408,0.4450113817343993,-0.309758439338849,0.0,-0.06512505974043087,,
16.5,5.213608923029205,-0.20322273505828853,8.153986074583804,-0.039344955767503374,-0.003021723696388362,-0.05063564617554332,8.295236407892249,1.0353462904633262,50.226882252142346,53.29852873758597,-0.04286797723850011,-0.5402277666249798,0.4427445513079474,-0.31250754485653404,0.0,-0.06512505974043087,,
16.6,4.919671994685518,-0.42849627622217407,8.623406711610235,-0.017737039801968793,0.005315257208872592,-0.057280554350914545,8.290949610168399,1.028833784489283,50.65674690119786,54.00723654492991,-0.04286797723850011,-0.539948588667119,0.4404607982685025,-0.31524026878685385,0.0,-0.06512505974043087,,
16.7,5.237922918675838,-0.5104039095009536,8.596119816705844,-0.04478130657090448,-0.0010351621457080394,-0.060254506635733104,8.286662812444549,1.0223212785152398,51.090993166606935,54.712764773419295,-0.04286797723850011,-0.5396694107092581,0.43816023980323043,-0.3179565073769903,0.0,-0.06512505974043087,,
16.8,5.224255665734751,-0.5758279385500328,8.437094646248047,-0.030827816736348608,-0.005552664198810027,-0.05235366695428105,8.282376014720699,1.0158087725411966,51.52959787581042,55.41508642646541,-0.04286797723850011,-0.5393902327513972,0.4358429937325076,-0.3206561577054342,0.0,-0.06512505974043087,,
16.900000000000002,5.025110803659475,-0.5962989296548147,8.395706884983506,-0.030538461242279782,0.015451059440975475,-0.051837426809885685,8.278089216996849,1.0092962665671534,51.972537690557054,56.11417467438372,-0.04286797723850011,-0.5391110547935364,0.43350917850406484,-0.3233391176858297,0.0,-0.06512505974043087,,
17.0,5.032452744473416,-1.0011256313985828,8.385543456928469,-0.04915022915076747,0.0036127537110196696,-0.04108599953017246,8.273802419272998,1.0027837605931103,52.41978910809419,56.81000285540637,-0.04286797723850011,-0.5388318768356755,0.43115891318710764,-0.3260052860707772,0.0,-0.06512505974043087,48.63371029982699,55.36219635475954
17.1,5.106340141650697,-0.5311076549707809,8.599862626245905,-0.044517538635946124,0.0024987293127395594,-0.047724696415714016,8.269515621549148,0.9962712546190672,52.87132846236463,57.502544476686175,-0.04286797723850011,-0.5385526988778145,0.4287923174664156,-0.328654562455596,0.0,-0.06512505974043087,,
17.2,5.231229400946079,-0.7557314099536045,8.45007243245541,-0.04005779605483974,-0.023032286004194484,-0.04486099045809921,8.265228823825298,0.9897587486450241,53.327131925209585,58.19177321529228,-0.04286797723850011,-0.5382735209199537,0.4264095116364168,-0.33128684728204494,0.0,-0.06512505974043087,,
17.3,5.178861986844434,-0.1650910398975876,8.437882295268894,-0.03563537261550276,-0.008559778266235189,-0.06058254853677434,8.260942026101448,0.983246242670981,53.78717550757763,58.877662919197164,-0.04286797723850011,-0.5379943429620928,0.4240106165952412,-0.3339020418420017,0.0,-0.06512505974043087,,
17.400000000000002,5.077287959304212,-0.3423163671042362,8.597080739096235,-0.04014650603136033,-0.013245436443039268,-0.06367622828255978,8.256655228377598,0.976733736696938,54.251435060739716,59.560187608255255,-0.04286797723850011,-0.537715165004232,0.421595753838752,-0.33650004828110125,0.0,-0.06512505974043087,,
17.5,5.00819092051577,-0.6817187383768117,8.58757587624772,-0.04903342937707008,0.017140195060267954,-0.04776464982579094,8.252368430653748,0.9702212307228949,54.71988627751001,60.23932147517288,-0.04286797723850011,-0.5374359870463711,0.41916504545455413,-0.3390807696023312,0.0,-0.06512505974043087,,
17.6,5.370820521876178,-0.15671784381198034,8.190029101478139,-0.04354403845454359,-0.007177422662062507,-0.05521000350889742,8.248081632929898,0.9637087247488518,55.19250469347266,60.9150388864696,-0.04286797723850011,-0.5371568090885102,0.4167186141159833,-0.3416441096695872,0.0,-0.06512505974043087,,
17.7,5.030968226749373,-0.5079437935473622,8.228539982383754,-0.03298813085613901,-0.0017021541417736573,-0.07015737334450135,8.243794835206048,0.9571962187748088,55.66926568821431,61.58731438343097,-0.04286797723850011,-0.5368776311306493,0.41425658307607166,-0.34418997321118444,0.0,-0.06512505974043087,,
17.8,4.968931494081229,-0.17202998455811896,8.251098076460183,-0.06118090094732012,-0.013451912177925365,-0.054954281427957524,8.239508037482198,0.9506837128007657,56.15014448656239,62.25612268305256,-0.04286797723850011,-0.5365984531727884,0.4117790761614935,-0.3467182658233291,0.0,-0.06512505974043087,,
17.900000000000002,5.0765201940635105,-0.4095846178824052,8.338553161513474,-0.046515524066455545,0.005678305993267943,-0.05895049985823031,8.235221239758348,0.9441712068267226,56.63511615982906,62.921438678975285,-0.04286797723850011,-0.5363192752149275,0.40928621776649127,-0.3492288939735457,0.0,-0.06512505974043087,,
18.0,4.932550930390456,-0.41655035126772033,8.431701310295933,-0.0261651463637236,0.0050198764059985156,-0.04830814054679628,8.230934442034497,0.9376587008526795,57.12415562706076,63.58323744241199,-0.04286797723850011,-0.5360400972570667,0.4067781328467796,-0.35172176500406366,0.0,-0.06512505974043087,57.1707450733058,65.58306118866393
18.1,5.315999940793882,-0.4282262500732958,8.336043261872197,-0.023240867563900265,0.01125771669700254,-0.04288383169286446,8.226647644310647,0.9311461948786365,57.61723765629333,64.24149422306526,-0.04286797723850011,-0.5357609192992058,0.4042549469134304,-0.35419678713516056,0.0,-0.06512505974043087,,
18.2,5.268276531429138,-0.3670217657305448,8.282236444364504,-0.03887561005544957,-0.013883700490122759,-0.050146126095337785,8.222360846586797,0.9246336889045934,58.11433686581262,64.89618445003637,-0.04286797723850011,-0.5354817413413449,0.40171678602673805,-0.356653869468463,0.0,-0.06512505974043087,,
18.3,5.3564509901271835,-0.3664726802778282,8.210689679529608,-0.03201664442936873,-0.015305877183995181,-0.06267614965218017,8.218074048862947,0.9181211829305503,58.61542772542054,65.54728373272546,-0.04286797723850011,-0.535202563383484,0.3991637767900653,-0.3590929219902054,0.0,-0.06512505974043087,,
18.400000000000002,5.065557712323025,-0.46969320939925013,8.438279760109427,-0.03513419659763826,-0.01623704585055623,-0.043375675350495774,8.213787251139097,0.9116086769565073,59.120484557706455,66.1947678617228,-0.04286797723850011,-0.5349233854256231,0.39659604634366896,-0.36151385557444504,0.0,-0.06512505974043087,,
18.5,5.212546450867963,-0.37481258982977006,8.28950614301126,-0.012860979019809624,0.0068400955653208865,-0.04826569866302338,8.209500453415247,0.9050961709824642,59.629481539323905,66.83861280969109,-0.04286797723850011,-0.5346442074677623,0.3940137223585089,-0.363916581986235,0.0,-0.06512505974043087,,
18.6,4.8036361771340435,-0.5298369432323435,8.498335932332626,-0.03675250129729308,-4.189801121350167e-05,-0.06781045591310618,8.205213655691397,0.8985836650084211,60.14239270227256,67.47879473223895,-0.04286797723850011,-0.5343650295099014,0.39141693303003605,-0.3663010138847538,0.0,-0.06512505974043087,,
18.7,5.018906834375403,-0.545735577976392,8.523252532569419,-0.04307911192583201,0.008209692994367291,-0.04172593513553483,8.200926857967547,0.8920711590343781,60.659191935185355,68.11528996878532,-0.04286797723850011,-0.5340858515520405,0.3888058070719641,-0.36866706482639233,0.0,-0.06512505974043087,,
18.8,4.9154130050843845,-0.3681024769547855,8.360782755511298,-0.03943064731144893,0.02097898762081071,-0.05498301044600125,8.196640060243697,0.885558653060335,61.17985298462078,68.74807504341484,-0.04286797723850011,-0.5338066735941797,0.3861804737100226,-0.37101464926779665,0.0,-0.06512505974043087,,
18.900000000000002,5.048824567136742,-0.583278514582568,8.595441150876756,-0.024303392495556783,0.011978968644167432,-0.06094630444611918,8.192353262519847,0.8790461470862919,61.70434945636017,69.37712666572438,-0.04286797723850011,-0.5335274956363187,0.3835410626756914,-0.3733436825688685,0.0,-0.06512505974043087,,
19.0,5.402131683608592,-0.6104940012701621,8.356386617937153,-0.01828747102978228,-0.004452504181579962,-0.04949547511510058,8.188066464795996,0.8725336411122488,62.23265481671003,70.00242173166023,-0.04286797723850011,-0.5332483176784578,0.3808877041999197,-0.37565408099572206,0.0,-0.06512505974043087,59.132786687375834,69.15498992646326
19.1,5.056309443650115,-0.4091925964850425,8.03429853084073,-0.03529731444282509,0.010833373920884308,-0.06499202937079841,8.183779667072146,0.8660211351382058,62.76474239380929,70.6239373243465,-0.04286797723850011,-0.532969139720597,0.3782205290068268,-0.37794576172359695,0.0,-0.06512505974043087,,
19.200000000000003,4.974980342362924,-0.17975655740847923,8.564460743819733,-0.018707827161668862,-0.021638738258959442,-0.06369353125282104,8.179492869348296,0.8595086291641627,63.30058537894142,71.24165071490414,-0.04286797723850011,-0.5326899617627361,0.3755396683073856,-0.38021864283972795,0.0,-0.06512505974043087,,
19.3,5.0444583413742015,-0.593714650959292,8.349337645935993,-0.03927826141080104,-0.012624097139754084,-0.05070273992617921,8.175206071624446,0.8529961231901196,63.840156827851324,71.85553936326096,-0.04286797723850011,-0.5324107838048752,0.37284525379309147,-0.382472643346171,0.0,-0.06512505974043087,,
19.400000000000002,5.140097750789932,-0.27950437618233814,8.221047843342959,-0.032995000499016484,0.016461969506951155,-0.04756552095229646,8.170919273900596,0.8464836172160766,64.38342966206704,72.46558091895247,-0.04286797723850011,-0.5321316058470144,0.3701374176296133,-0.38470768316258525,0.0,-0.06512505974043087,,
19.5,4.673849810804205,-0.47771648315028226,8.52803264672267,-0.03326241154283058,-0.007478893286187595,-0.05343970880130914,8.166632476176746,0.8399711112420335,64.93037667022607,73.0717532219134,-0.04286797723850011,-0.5318524278891534,0.36741629245042917,-0.3869236831289711,0.0,-0.06512505974043087,,
19.6,5.485666187836691,-0.3769782094686842,8.463156438933435,-0.032026233595864324,0.007421149465509162,-0.04889014436071078,8.162345678452896,0.8334586052679904,65.48097050940629,73.67403430326014,-0.04286797723850011,-0.5315732499312925,0.3646820113504472,-0.38912056500836506,0.0,-0.06512505974043087,,
19.700000000000003,5.216449321889756,-0.5970435040753899,8.522469789852813,-0.017903095931006207,-0.008779663005236032,-0.04366691489862457,8.158058880729046,0.8269460992939474,66.03518370646151,74.27240238606387,-0.04286797723850011,-0.5312940719734317,0.36193470787961013,-0.3912982514894896,0.0,-0.06512505974043087,,
19.8,5.241018189518259,-0.420386636552405,8.42684913056851,-0.02207758515333222,-0.013477426332221232,-0.0543728807291543,8.153772083005196,0.8204335933199043,66.59298865936145,74.86683588611432,-0.04286797723850011,-0.5310148940155708,0.35917451603648537,-0.3934566661893593,0.0,-0.06512505974043087,,
19.900000000000002,5.207559195808984,-0.46818080038302234,8.291713478990461,-0.046984706736524925,0.02634010730453398,-0.05974631320183553,8.149485285281346,0.8139210873458612,67.15435763853615,75.45731341267431,-0.04286797723850011,-0.53073571605771,0.35640157026184094,-0.3955957336558431,0.0,-0.06512505974043087,,
20.0,5.271021940970597,-0.41890960577335057,8.719263077219507,-0.03353246147274818,0.008998057309732249,-0.06949420438800671,8.145198487557495,0.8074085813718181,67.71926278822475,76.043813769225,-0.04286797723850011,-0.530456538099849,0.35361600543220595,-0.3977153793701813,0.0,-0.06512505974043087,71.7810051714922,77.90631377393886
20.1,5.324493629674719,-0.6013850593318449,8.518666125662524,-0.02793103926747814,-0.014476108445137824,-0.05237185911092997,8.140911689833645,0.8008960753977751,68.28767612782852,76.62631595420167,-0.04286797723850011,-0.5301773601419881,0.3508179568534185,-0.3998155297494595,0.0,-0.06512505974043087,,
20.200000000000003,5.259038595854664,-0.284480957273663,8.516473249778148,-0.03336804014552421,-0.002007018410760469,-0.06119199313964837,8.136624892109795,0.794383569423732,68.85956955326817,77.20479916172019,-0.04286797723850011,-0.5298981821841273,0.3480075602541585,-0.40189611214903703,0.0,-0.06512505974043087,,
20.3,4.907512891301504,-0.529072420432999,8.876330335689428,-0.025219000616379744,0.0005752047426967292,-0.047075433960988976,8.132338094385945,0.7878710634496889,69.43491483834535,77.77924278229402,-0.04286797723850011,-0.5296190042262664,0.3451849517794678,-0.4039570548649312,0.0,-0.06512505974043087,,
20.400000000000002,5.1754213892099505,-0.6805908816563908,8.358554188127886,-0.05402461208312935,0.0013323793283185534,-0.040646350774077196,8.128051296662095,0.7813585574756459,70.01368363610814,78.34962640354189,-0.04286797723850011,-0.5293398262684055,0.34235026798425716,-0.40599828713615715,0.0,-0.06512505974043087,,
20.5,4.8802975384836245,-0.3696830307097259,8.404350514229714,-0.03796803694798244,-0.012007552941650288,-0.04623651151074043,8.123764498938245,0.7748460515016028,70.59584748022066,78.9159298108859,-0.04286797723850011,-0.5290606483105447,0.3395036458268006,-0.40801973914702305,0.0,-0.06512505974043087,,
20.6,5.227658324960378,-0.5606744519299326,8.470294385761628,-0.031417708861847804,-0.009402678090720427,-0.055627776622591656,8.119477701214395,0.7683335455275597,71.18137778633664,79.47813298824022,-0.04286797723850011,-0.5287814703526837,0.33664522266221625,-0.4100213420293797,0.0,-0.06512505974043087,,
20.700000000000003,4.820203173110996,-0.41347761671329963,8.343012683048425,-0.0288269007461937,-0.005797017842644879,-0.028866684672284676,8.115190903490545,0.7618210395535167,71.77024585347687,80.0362161186903,-0.04286797723850011,-0.5285022923948228,0.33377513623593663,-0.4120030278648269,0.0,-0.06512505974043087,,
20.8,4.850966813824916,-0.653799474570988,8.57484089764573,-0.03897328426799713,-0.018792852856644778,-0.04235000236844007,8.110904105766695,0.7553085335794736,72.36242286541048,80.59015958516252,-0.04286797723850011,-0.528223114436962,0.3308935246771656,-0.4139647296868737,0.0,-0.06512505974043087,,
20.900000000000002,5.018360865381805,-0.4652780592867689,8.239811006293646,-0.04185860013345708,-0.010916978746423597,-0.032971388406162566,8.106617308042845,0.7487960276054305,72.95787989204007,81.1399439710843,-0.04286797723850011,-0.5279439364791011,0.3280005264923244,-0.41590638148305403,0.0,-0.06512505974043087,,
21.0,5.001597943808582,-0.5324483681429846,8.423118227992079,-0.027017771998862634,0.0070295116924497456,-0.03148722725225845,8.102330510318994,0.7422835216313874,73.55658789079041,81.6855500610347,-0.04286797723850011,-0.5276647585212403,0.3250962805584868,-0.4178279181969977,0.0,-0.06512505974043087,75.07202959815665,88.28996584696756
21.1,5.219474883819825,-0.4463202853223773,8.62902903193842,-0.022772232420825496,0.007026823144107863,-0.036688876538270014,8.098043712595144,0.7357710156573444,74.15851770800089,82.22695884138535,-0.04286797723850011,-0.5273855805633794,0.322180926116802,-0.4197292757304558,0.0,-0.06512505974043087,,
21.200000000000003,5.066178351615088,-0.4432102835379429,8.312335143202779,-0.04738442671415948,0.012046846536378886,-0.04631161996400306,8.093756914871294,0.7292585096833013,74.76364008032152,82.7641515009319,-0.04286797723850011,-0.5271064026055184,0.31925460276590856,-0.42161039094528185,0.0,-0.06512505974043087,,
21.3,5.0477301673283765,-0.40662054307761175,8.446975198590923,-0.026181979449990178,-0.002318729349638387,-0.04960435664349882,8.089470117147444,0.7227460037092582,75.37192563611244,83.29710943151572,-0.04286797723850011,-0.5268272246476576,0.3163174504553366,-0.4234712016653668,0.0,-0.06512505974043087,,
21.400000000000002,4.843955066626183,-0.4182108991031583,8.29394391265903,-0.03138767873260895,-0.00587518813252709,-0.029204046504814778,8.085183319423594,0.7162334977352152,75.98334489684682,83.82581422863608,-0.04286797723850011,-0.5265480466897967,0.3133696094789006,-0.4253116466785294,0.0,-0.06512505974043087,,
21.5,5.084917137278731,-0.5256126981943452,8.24591685297332,-0.04387668235978552,0.0069624749488257824,-0.05596778687941743,8.080896521699744,0.7097209917611721,76.59786827851723,84.35024769205258,-0.04286797723850011,-0.5262688687319358,0.31041122046808267,-0.42713166573836153,0.0,-0.06512505974043087,,
21.6,5.085800873249801,-0.5119893336679648,8.307303286699048,-0.02620246156944598,-0.008528633706711926,-0.04617094940510911,8.076609723975894,0.703208485787129,77.21546609304524,84.87039182637795,-0.04286797723850011,-0.525989690774075,0.30744242438540587,-0.4289311995660278,0.0,-0.06512505974043087,,
21.700000000000003,5.193592960484793,-0.5986442740695116,8.29760787246778,-0.03274424406171643,-0.013103047125577288,-0.054887178610409336,8.072322926252044,0.696695979813086,77.83610854969427,85.38622884166115,-0.04286797723850011,-0.5257105128162141,0.3044633625177984,-0.43071018985201986,0.0,-0.06512505974043087,,
21.8,4.925690528452782,-0.07674360892935234,8.383433117850958,-0.01420728719058056,-0.012345392841212601,-0.05528477135109727,8.068036128528194,0.6901834738390429,78.45976575648575,85.89774115396074,-0.04286797723850011,-0.5254313348583531,0.30147417646994995,-0.4324685792578657,0.0,-0.06512505974043087,,
21.900000000000002,4.999305243922109,-0.2043950359316411,8.303925458367237,-0.02952800610435004,0.009988033993711638,-0.07618287448645476,8.063749330804344,0.6836709678649998,79.08640772161814,86.40491138590855,-0.04286797723850011,-0.5251521569004923,0.2984750081576584,-0.4342063114177932,0.0,-0.06512505974043087,,
22.0,5.085896681169988,-0.6876915803727708,8.571336787464817,-0.03429342072616576,0.009530387145824236,-0.05048726679337135,8.059462533080493,0.6771584618909567,79.71600435488925,86.9077223672636,-0.04286797723850011,-0.5248729789426314,0.2954659998011687,-0.4359233309403482,0.0,-0.06512505974043087,80.28907246473263,88.3710732638243
22.1,5.098044971951595,-0.3566824656147611,8.591363560557435,-0.028627385598980093,-0.0049062984429026815,-0.059477657179320485,8.055175735356643,0.6706459559169137,80.34852546912136,87.40615713545625,-0.04286797723850011,-0.5245938009847706,0.29244729391850455,-0.4376195834099675,0.0,-0.06512505974043087,,
22.200000000000003,4.827359776946572,-0.46970291887430293,8.41818755374119,-0.028942748542958235,-0.013660092197635185,-0.0431839331592106,8.050888937632793,0.6641334499428706,80.98394078158934,87.9001989361226,-0.04286797723850011,-0.5243146230269097,0.28941903331879126,-0.43929501538850557,0.0,-0.06512505974043087,,
22.3,5.066914053804596,-0.6793735360917775,8.527575814748918,-0.028544115579904016,-0.0014486934312383124,-0.04013909771566872,8.046602139908943,0.6576209439688275,81.6222199154516,88.38983122362907,-0.04286797723850011,-0.5240354450690488,0.2863813610955728,-0.4409495744167169,0.0,-0.06512505974043087,,
22.400000000000002,4.996408750211226,-0.2748073942221938,8.332034673276357,-0.03250118592366623,-0.004027519696221968,-0.04314885216793975,8.042315342185093,0.6511084379947845,82.26333240118379,88.87503766158716,-0.04286797723850011,-0.523756267111188,0.2833344206201206,-0.4425832090156914,0.0,-0.06512505974043087,,
22.5,5.215336942895504,-0.3209999784536173,8.405627095780334,-0.026357953550241203,0.02198644319656223,-0.04400127242549153,8.038028544461243,0.6445959320207414,82.90724767801525,89.35580212335849,-0.04286797723850011,-0.523477089153327,0.28027835553473657,-0.44419586868824507,0.0,-0.06512505974043087,,
22.6,5.2271531024832525,-0.49925148151056953,8.618549619990121,-0.03317500515236568,0.009208928029954598,-0.04698052040765364,8.033741746737393,0.6380834260466983,83.55393509536806,89.83210869254987,-0.04286797723850011,-0.5231979111954661,0.27721330974604963,-0.4457875039202649,0.0,-0.06512505974043087,,
22.700000000000003,5.046661887974598,-0.556112828662632,8.117189572587222,-0.04102439873707858,0.003708985399175096,-0.051833520335366645,8.029454949013543,0.6315709200726553,84.2033639142987,90.30394166349866,-0.04286797723850011,-0.5229187332376053,0.27413942741830594,-0.44735806618200785,0.0,-0.06512505974043087,,
22.8,5.02453385214814,-0.6988482421848371,8.32380706682932,-0.04165987103752637,-0.0007940184001393913,-0.06984238685476701,8.025168151289693,0.6250584140986122,84.85550330894222,90.77128554174818,-0.04286797723850011,-0.5226395552797444,0.2710568529666537,-0.44890750792935447,0.0,-0.06512505974043087,,
22.900000000000002,5.149309939076463,-0.43081655729568613,8.52881938391496,-0.02422557812863893,-0.014795088949588947,-0.06800462364289483,8.020881353565843,0.6185459081245691,85.51032236795878,91.23412504451329,-0.04286797723850011,-0.5223603773218835,0.2679657310504224,-0.45043578260501654,0.0,-0.06512505974043087,,
23.0,5.130496612581181,-0.5150357657378579,8.567820416483684,-0.0462039418493997,0.0023658305151168296,-0.04335550503126445,8.016594555841992,0.612033402150526,86.16779009598271,91.69244510113607,-0.04286797723850011,-0.5220811993640226,0.26486620656639737,-0.45194284463969936,0.0,-0.06512505974043087,87.48274868155512,96.89398799646048
23.1,4.968904823338264,-0.2808749032146167,8.201789914812599,-0.012352546333609389,0.0046856733688444155,-0.04501086870353055,8.012307758118142,0.605520896176483,86.82787541507373,92.14623085353166,-0.04286797723850011,-0.5218020214061617,0.2617584246420889,-0.45342864945321754,0.0,-0.06512505974043087,,
23.200000000000003,4.777017398468104,-0.5562108308016683,8.278108334144248,-0.0401016289089146,-0.004830864798870421,-0.04967655340107628,8.008020960394292,0.5990083902024399,87.49054716617049,92.59546765662412,-0.04286797723850011,-0.5215228434483009,0.25864253062899784,-0.4548931534555664,0.0,-0.06512505974043087,,
23.3,5.079213474518263,-0.582239219585483,8.371966672035995,-0.05079352942450058,-0.005132676533946733,-0.03835246769747788,8.003734162670442,0.5924958842283968,88.15577411054626,93.04014107877244,-0.04286797723850011,-0.52124366549044,0.2555186700958755,-0.45633631404794583,0.0,-0.06512505974043087,,
23.400000000000002,4.801427039473915,-0.6834302672268889,8.467121626511005,-0.0361300031085715,-0.004901156420367112,-0.0556489593863443,7.999447364946592,0.5859833782543538,88.82352493126675,93.48023690218659,-0.04286797723850011,-0.5209644875325791,0.252386988821982,-0.45775808962374004,0.0,-0.06512505974043087,,
23.5,5.171660557658443,-0.49782264367847306,8.278509125302483,-0.041279554220950275,0.010677537284026642,-0.055253521415536286,7.995160567222742,0.5794708722803107,89.49376823464989,93.9157411233337,-0.04286797723850011,-0.5206853095747183,0.2492476327903389,-0.45915843956945096,0.0,-0.06512505974043087,,
23.6,5.055644209047644,-0.5295189235886463,8.410141230198684,-0.018781843019487092,0.0007774736292992007,-0.05015726620280388,7.990873769498892,0.5729583663062676,90.1664725517277,94.34663995333419,-0.04286797723850011,-0.5204061316168573,0.24610074818097957,-0.4605373242655849,0.0,-0.06512505974043087,,
23.700000000000003,4.7509224425456535,-0.4797125726718211,8.204203550995388,-0.05072069916930834,0.011667766937991684,-0.05506584845837762,7.986586971775042,0.5664458603322245,90.84160633970995,94.77291981834809,-0.04286797723850011,-0.5201269536589964,0.24294648136419716,-0.4618947050874952,0.0,-0.06512505974043087,,
23.8,4.956412596094748,-0.7564570995191041,8.361185844329842,-0.02137259853872682,0.013763043167816416,-0.05061135384034378,7.982300174051192,0.5599333543581815,91.51913798344975,95.19456735995125,-0.04286797723850011,-0.5198477757011356,0.23978497889378883,-0.46323054440617795,0.0,-0.06512505974043087,,
23.900000000000002,5.346546429071367,-0.47630398694501314,8.594493624224327,-0.04073215360566843,-0.0033457297802667093,-0.035221322333382495,7.9780133763273415,0.5534208483841384,92.19903579691079,95.61156943550174,-0.04286797723850011,-0.5195685977432747,0.23661638750029862,-0.46454480558902156,0.0,-0.06512505974043087,,
24.0,5.210883255552874,-0.6259532554056568,8.361556624764455,-0.013620742716010582,-0.0013548573157009592,-0.06163452589714665,7.973726578603491,0.5469083424100953,92.88126802463644,96.02391311849617,-0.04286797723850011,-0.5192894197854138,0.23344085408425774,-0.46583745300051227,0.0,-0.06512505974043087,91.42018007090195,90.70459195706422
24.1,4.903063515545892,-0.4411029587512117,8.199105704558283,-0.029119461515829406,0.006328286583925168,-0.05032371483895256,7.969439780879641,0.5403958364360523,93.56580284322034,96.43158569891605,-0.04286797723850011,-0.519010241827553,0.23025852570942404,-0.467108452002892,0.0,-0.06512505974043087,,
24.200000000000003,5.005482360298589,-0.49038077287191395,8.276423263317717,-0.024620026949986967,-0.01270901821516675,-0.0531508369234597,7.965152983155791,0.5338833304620092,94.2526083627786,96.83457468356424,-0.04286797723850011,-0.518731063869692,0.22706954959601847,-0.46835776895677134,0.0,-0.06512505974043087,,
24.3,4.840793551765876,-0.594155069717569,8.613476365196615,-0.046702353527916164,-0.000880807807126489,-0.03185433741084161,7.960866185431941,0.5273708244879661,94.94165262842354,97.23286779639132,-0.04286797723850011,-0.5184518859118312,0.22387407311396273,-0.46958537122169713,0.0,-0.06512505974043087,,
24.400000000000002,5.008772090668036,-0.4753326054606439,8.692685999816002,-0.019923578517407253,-0.006752025086630308,-0.06036961063607368,7.956579387708091,0.5208583185139231,95.63290362173878,97.62645297881197,-0.04286797723850011,-0.5181727079539703,0.22067224377611427,-0.4707912271566733,0.0,-0.06512505974043087,,
24.5,5.183159768325816,-0.47699881839561875,8.395319523558646,-0.03827566973291933,-0.0014226274881568102,-0.04488826469338249,7.952292589984241,0.51434581253988,96.32632926225578,98.01531839001142,-0.04286797723850011,-0.5178935299961094,0.21746420923150173,-0.4719753061206372,0.0,-0.06512505974043087,,
24.6,5.368436045072467,-0.42293323049919035,8.464135513662185,-0.037629953174988205,-0.0017433577111232938,-0.054788154072543845,7.948005792260391,0.5078333065658369,97.02189740893162,98.39945240724188,-0.04286797723850011,-0.5176143520382486,0.21425011725856052,-0.4731375784728894,0.0,-0.06512505974043087,,
24.700000000000003,5.155511387400703,-0.5403970984077778,8.201893651191398,-0.03404734012436177,-0.012823000884987803,-0.06236152449137486,7.943718994536541,0.5013208005917938,97.719575861628,98.7788436261089,-0.04286797723850011,-0.5173351740803876,0.21103011575836747,-0.4742780155734773,0.0,-0.06512505974043087,,
24.8,5.170678847539982,-0.41350670815588675,8.406190627195818,-0.045803143087025065,0.009021261478079814,-0.05002772847473979,7.939432196812691,0.4948082946177508,98.41933236259142,99.15348086084775,-0.04286797723850011,-0.5170559961225267,0.20780435274787734,-0.47539658978353505,0.0,-0.06512505974043087,,
24.900000000000002,5.088590685769324,-0.7017634702543407,8.294150351950275,-0.033564425422256315,0.0070439949492504764,-0.05478371956543041,7.9351453990888405,0.4882957886437077,99.12113459793443,99.52335314458985,-0.04286797723850011,-0.5167768181646659,0.20457297635315924,-0.47649327446557577,0.0,-0.06512505974043087,,
25.0,5.050900067181684,-0.4145340652832497,8.269025516839026,-0.029290395495894992,-0.0035417606026677847,-0.040611658156565256,7.93085860136499,0.48178328266966464,99.82495019911798,99.88844972961904,-0.04286797723850011,-0.516497640206805,0.20133613480263426,-0.47756804398373875,0.0,-0.06512505974043087,98.29162487593618,95.69547262980474
25.1,5.102173404826105,-0.4040044332310563,8.435254780334677,-0.030646244239871934,-0.003558318991299462,-0.03559508604391904,7.92657180364114,0.47527077669562157,100.5307467444346,100.24876008761804,-0.04286797723850011,-0.5162184622489441,0.1980939764203149,-0.47862087370399214,0.0,-0.06512505974043087,,
25.200000000000003,5.3893681422299835,-0.5084584566254006,8.430368090202553,-0.021166384403976266,-0.00021575312362284417,-0.042089471725094474,7.92228500591729,0.4687582707215785,101.23849176049256,100.60427390990465,-0.04286797723850011,-0.5159392842910833,0.19484664961904594,-0.47965173999428845,0.0,-0.06512505974043087,,
25.3,4.98429566939743,-0.23867089028691574,8.226476165017866,-0.020073912534770446,-0.0049874423197962345,-0.04701345772329876,7.91799820819344,0.4622457647475354,101.94815272370084,100.95498110765814,-0.04286797723850011,-0.5156601063332223,0.19159430289374713,-0.4806606202246756,0.0,-0.06512505974043087,,
25.400000000000002,5.101743772420783,-0.2512453839651944,8.327837873257609,-0.028006664250472088,0.012205752599599424,-0.03719828256980696,7.91371141046959,0.45573325877349236,102.6596970617548,101.30087181213545,-0.04286797723850011,-0.5153809283753615,0.18833708481465883,-0.4816474927673621,0.0,-0.06512505974043087,,
25.5,4.788522781357651,-0.21447791541414174,8.34457280787893,-0.04215718347812306,0.008846090943953219,-0.05525050394562863,7.90942461274574,0.4492207527994493,103.3730921551226,101.64193637487755,-0.04286797723850011,-0.5151017504175006,0.18507514402058953,-0.4826123369967366,0.0,-0.06512505974043087,,
25.6,5.121686484632833,-0.834516157027165,8.270987605380904,-0.035115163712286374,-0.003727978352573631,-0.0703945380171844,7.90513781502189,0.4427082468254062,104.08830533853225,101.97816536790556,-0.04286797723850011,-0.5148225724596397,0.18180862921216723,-0.48355513328934296,0.0,-0.06512505974043087,,
25.700000000000003,4.9619708287813555,-0.6072279007956882,8.51040399245584,-0.032243679960580474,-0.008858823815081606,-0.038721665427071374,7.90085101729804,0.43619574085136315,104.80530390245907,102.30954958390704,-0.04286797723850011,-0.5145433945017789,0.17853768914509302,-0.48447586302380835,0.0,-0.06512505974043087,,
25.8,5.512620091014056,-0.5624406436452056,8.237104026690417,-0.038261592194748006,0.010365167460700351,-0.0520309912872813,7.89656421957419,0.4296832348773201,105.52405509461381,102.63608003641217,-0.04286797723850011,-0.514264216543918,0.17526247262339897,-0.4853745085807274,0.0,-0.06512505974043087,,
25.900000000000002,4.958539520910544,-0.8443759337600749,8.405443838576339,-0.03488323586784539,-0.008514808775158709,-0.040203532131305036,7.8922774218503395,0.423170728903277,106.24452612143114,102.95774795995986,-0.04286797723850011,-0.513985038586057,0.17198312849270975,-0.48625105334250046,0.0,-0.06512505974043087,,
26.0,5.063070761119446,-0.3254948320714184,8.244452030096047,-0.018223505576935785,0.004097607155357447,-0.04319061846342806,7.887990624126489,0.41665822292923393,106.96668414955835,103.27454481025404,-0.04286797723850011,-0.5137058606281962,0.16869980563350828,-0.4871054816931266,0.0,-0.06512505974043087,107.38893911815491,96.55091612895889
26.1,5.036480811835425,-0.3970242755433114,8.22108512529608,-0.03773221019772616,-0.0010869818677360361,-0.06960098799091505,7.883703826402639,0.41014571695519086,107.69049630734457,103.5864622643097,-0.04286797723850011,-0.5134266826703353,0.16541265295440571,-0.4879377790179513,0.0,-0.06512505974043087,,
26.200000000000003,4.699124314115843,-0.3583345070191598,8.31911447669404,-0.04311013668088447,0.005263437240061721,-0.03017727610859567,7.879417028678789,0.4036332109811478,108.41592968633002,103.89349222058905,-0.04286797723850011,-0.5131475047124744,0.16212181938541662,-0.4887479317033698,0.0,-0.06512505974043087,,
26.3,5.132612080268343,-0.39009769505108255,8.371280661398552,-0.03478532663923318,-0.011535370078297026,-0.06509450410624637,7.875130230954939,0.3971207050071047,109.14295134273539,104.19562679912767,-0.04286797723850011,-0.5128683267546136,0.15882745387123887,-0.48953592713648414,0.0,-0.06512505974043087,,
26.400000000000002,5.0212738462894295,-0.457245995361102,8.390457235622637,-0.03857484552287192,0.004871308399283044,-0.018047882689908472,7.870843433231089,0.39060819903306165,109.87152829895149,104.4928583416506,-0.04286797723850011,-0.5125891487967527,0.15552970536453886,-0.49030175370471574,0.0,-0.06512505974043087,,
26.5,4.9857871366486215,-0.566244855055752,8.089999541242255,-0.036794785041759745,-0.003257596276535246,-0.024519403375072912,7.866556635507239,0.3840956930590186,110.60162754502876,104.78517941167853,-0.04286797723850011,-0.5123099708388917,0.15222872281924293,-0.49104540079537323,0.0,-0.06512505974043087,,
26.6,4.966777905948347,-0.41842378160345584,8.315922152321098,-0.039998474526883966,0.008809988313543838,-0.052659573889258834,7.862269837783389,0.3775831870849755,111.33321604016672,105.07258279462386,-0.04286797723850011,-0.5120307928810309,0.1489246551838343,-0.49176685879517523,0.0,-0.06512505974043087,,
26.700000000000003,5.271038210336115,-0.4476540785042943,8.489907911434255,-0.02697603730055714,-0.006726627705790779,-0.043933510976019184,7.857983040059539,0.37107068111093244,112.06626071420337,105.35506149787687,-0.04286797723850011,-0.51175161492317,0.14561765139465588,-0.4924661190897273,0.0,-0.06512505974043087,,
26.8,5.1010462522474835,-0.3523836726243074,8.4964735757186,-0.03713081346544047,0.0113274311963542,-0.05021315094035441,7.853696242335689,0.3645581751368894,112.80072846910436,105.63260875088191,-0.04286797723850011,-0.5114724369653092,0.14230786036922105,-0.4931431740629561,0.0,-0.06512505974043087,,
26.900000000000002,5.0979786229474975,-0.6099203137186626,8.41964179704384,-0.03991425672702854,-0.0001371492856108702,-0.04949580408710123,7.8494094446118385,0.3580456691628463,113.53658618045193,105.90521800520354,-0.04286797723850011,-0.5111932590074483,0.13899543099952968,-0.49379801709649634,0.0,-0.06512505974043087,,
27.0,4.928251773010747,-0.3396750026894678,8.642680558059688,-0.027530951247216332,0.010031544439194186,-0.048913275010296686,7.845122646887988,0.35153316318880323,114.27380069893351,106.17288293458276,-0.04286797723850011,-0.5109140810495874,0.13568051214539245,-0.494430642569035,0.0,-0.06512505974043087,116.72971697526611,110.74683370365868
27.1,5.198328888170133,-0.20203136460243626,8.274170058800252,-0.024851043039307824,0.009970535081852335,-0.0735692627710853,7.840835849164138,0.34502065721476016,115.01233885182992,106.43559743498328,-0.04286797723850011,-0.5106349030917265,0.13236325262776233,-0.49504104585561054,0.0,-0.06512505974043087,,
27.200000000000003,5.213598635922853,-0.4712554061552364,8.532794109799147,-0.04782402652002523,-0.01184975703708073,-0.08541385686360387,7.836549051440288,0.3385081512407171,115.75216744450317,106.69335562462777,-0.04286797723850011,-0.5103557251338656,0.12904380122207332,-0.495629223326866,0.0,-0.06512505974043087,,
27.3,4.830891102173967,-0.5220643350215309,8.52889836415006,-0.02872402626065502,0.0017842684008503049,-0.06640329119363955,7.832262253716438,0.331995645266674,116.49325326188361,106.94615184402423,-0.04286797723850011,-0.5100765471760047,0.1257223066515884,-0.49619517234826005,0.0,-0.06512505974043087,,
27.400000000000002,5.023137350389314,-0.4291258953496251,8.648704932869867,-0.03907294426524682,0.008774038865330114,-0.06445862510999723,7.827975455992588,0.32548313929263095,117.23556306995668,107.1939806559824,-0.04286797723850011,-0.5097973692181439,0.1223989175807548,-0.49673889127923204,0.0,-0.06512505974043087,,
27.5,4.944898580451714,-0.5428817620601502,8.570870369820184,-0.03437585677174818,-0.014160276647459722,-0.048118338118165654,7.823688658268738,0.3189706333185879,117.97906361724885,107.43683684562023,-0.04286797723850011,-0.509518191260283,0.11907378260856812,-0.49726037947232266,0.0,-0.06512505974043087,,
27.6,5.0496761354593,-0.9388620303173819,8.613521221797727,-0.02297017413779271,-0.003143243145644012,-0.0669581049305918,7.819401860544888,0.3124581273445448,118.72372163631293,107.67471542036041,-0.04286797723850011,-0.509239013302422,0.11574705026194598,-0.49775963727225164,0.0,-0.06512505974043087,,
27.700000000000003,5.012943102567726,-0.26311725599568025,8.331064751235136,-0.030788398603438988,0.006445332775614286,-0.06465546303502412,7.815115062821038,0.30594562137050174,119.4695038452125,107.90761160991705,-0.04286797723850011,-0.5089598353445612,0.11241886898911047,-0.4982366660149498,0.0,-0.06512505974043087,,
27.8,5.044011426316452,-0.5435371876529418,8.35423099550719,-0.026521950368609958,0.010995166952335456,-0.04113697759683109,7.810828265097188,0.29943311539645867,120.2163769490056,108.13552086627237,-0.04286797723850011,-0.5086806573867003,0.10908938715297989,-0.4986914680265479,0.0,-0.06512505974043087,,
27.900000000000002,5.06001315832875,-0.3116986419053541,8.630792160695306,-0.03519164483933616,-0.01577615245323128,-0.046892933804023776,7.8065414673733375,0.2929206094224156,120.96430764122746,108.35843886364361,-0.04286797723850011,-0.5084014794288395,0.10575875302457116,-0.4991240466223212,0.0,-0.06512505974043087,,
28.0,5.062415075850337,-0.4868185744494927,8.694973987121163,-0.025877542940434116,-0.0017989488915264107,-0.05740020020733344,7.802254669649487,0.28640810344837253,121.71326260537214,108.57636149843992,-0.04286797723850011,-0.5081223014709786,0.10242711477641146,-0.49953440610558997,0.0,-0.06512505974043087,121.00977400448174,107.23049905248998
28.1,4.869853298838861,-0.540364938250566,8.75251869375159,-0.025887527045800905,-0.00167764646737394,-0.0381309463170585,7.797967871925637,0.27989559747432946,122.46320851637327,108.7892848892095,-0.04286797723850011,-0.5078431235131177,0.0990946204759609,-0.49992255176657663,0.0,-0.06512505974043087,,
28.200000000000003,4.8472435077716245,-0.3386939425947319,8.588080142476667,-0.020464528271517915,0.0029912198105224524,-0.05228726586142753,7.793681074201787,0.2733830915002864,123.21411204208366,108.99720537657686,-0.04286797723850011,-0.5075639455552569,0.09576141807904578,-0.500288489881219,0.0,-0.06512505974043087,,
28.3,5.00751644150387,-0.6063284485967604,8.325669154639899,-0.02204432663360495,-0.007028134283552823,-0.0477426922634233,7.789394276477937,0.2668705855262433,123.96593984475359,109.20011952317016,-0.04286797723850011,-0.5072847675973959,0.09242765542330249,-0.5006322277099386,0.0,-0.06512505974043087,,
28.400000000000002,5.248174135734447,-0.425166263491714,8.346148044862042,-0.03846043119896269,0.007698406220881432,-0.03867370494503732,7.785107478754087,0.26035807955220025,124.71865858250803,109.39802411353882,-0.04286797723850011,-0.507005589639535,0.08909348022163344,-0.5009537734963682,0.0,-0.06512505974043087,,
28.5,4.945717955059602,-0.4090197203145708,8.720058319597065,-0.038546329365990936,-0.013448885633603278,-0.04380972134523399,7.780820681030237,0.2538455735781572,125.47223491082237,109.59091615406126,-0.04286797723850011,-0.5067264116816742,0.08575904005567378,-0.501253136466033,0.0,-0.06512505974043087,,
28.6,5.145995226339392,-0.6333673370188245,8.367593612497402,-0.009106386230000783,0.010797599056791809,-0.05950612815427881,7.776533883306387,0.24733306760411408,126.22663548399693,109.77879287284279,-0.04286797723850011,-0.5064472337238133,0.08242448236927052,-0.5015303268249899,0.0,-0.06512505974043087,,
28.700000000000003,4.951101776500215,-0.48182599083897965,8.59418844362883,-0.01794920418007947,-0.008409798548677017,-0.05094128263614879,7.772247085582537,0.24082056163007098,126.98182695662996,109.96165171960378,-0.04286797723850011,-0.5061680557659524,0.07908995446197375,-0.5017853557584236,0.0,-0.06512505974043087,,
28.8,5.0614661685768665,-0.6045047493274228,8.368874692373547,-0.03182741084819317,-0.0017761220788231513,-0.05178096996697019,7.767960287858687,0.23430805565602789,127.7377759850891,110.13949036555809,-0.04286797723850011,-0.5058888778080916,0.07575560348254015,-0.5020182354291992,0.0,-0.06512505974043087,,
28.900000000000002,5.006738643935158,-0.8060745562689404,8.438505947847744,-0.03757496984358777,-0.006318806746905274,-0.04815466716711378,7.7636734901348365,0.2277955496819848,128.49444922898135,110.31230670328159,-0.04286797723850011,-0.5056096998502306,0.0724215764224491,-0.5022289789763712,0.0,-0.06512505974043087,,
29.0,4.885996540158159,-0.7378710912356624,8.248453443451822,-0.0425796018453396,-0.010023151694945583,-0.035832606399451475,7.759386692410986,0.2212830437079417,129.25181335262127,110.48009884657108,-0.04286797723850011,-0.5053305218923698,0.06908802010943246,-0.5024176005136505,0.0,-0.06512505974043087,135.6348888238397,107.1138487899002
29.1,5.309746970892678,-0.2901476210881157,8.292873522281946,-0.029720481805505912,-0.018365833508271694,-0.04256662530901657,7.755099894687136,0.2147705377338986,130.00983502649763,110.64286513029342,-0.04286797723850011,-0.5050513439345089,0.06575508120101678,-0.502584115127828,0.0,-0.06512505974043087,,
29.200000000000003,4.878160676085137,-0.649512776284204,8.575897529856748,-0.03172826344504795,-0.00093260071111263,-0.044047657319760125,7.750813096963286,0.2082580317598555,130.7684809287382,110.80060411022487,-0.04286797723850011,-0.504772165976648,0.06242290617807991,-0.5027285388771557,0.0,-0.06512505974043087,,
29.3,5.128401142191765,-0.6609848309668833,8.343980548685302,-0.023638507775876904,-0.006348241934616748,-0.06419987057024644,7.746526299239436,0.2017455257858124,131.52771774657276,110.9533145628809,-0.04286797723850011,-0.5044929880187872,0.05909164133842086,-0.502850888789685,0.0,-0.06512505974043087,,
29.400000000000002,5.3601455849118205,-0.6473609857854571,8.219298844720171,-0.02827944704977217,0.016100103546702018,-0.047864691980361314,7.742239501515586,0.1952330198117693,132.28751217779418,111.10099548533621,-0.04286797723850011,-0.5042138100609262,0.05576143279034415,-0.5029511828615619,0.0,-0.06512505974043087,,
29.5,5.172395275078831,-0.36120775534893845,8.194166565715273,-0.04595007049250452,-0.011402675024449502,-0.05050860853261635,7.737952703791736,0.1887205138377262,133.04783093221747,111.24364609503506,-0.04286797723850011,-0.5039346321030653,0.052432426446258576,-0.5030294400552815,0.0,-0.06512505974043087,,
29.6,5.149974185109151,-0.7209002830421927,8.478397265409539,-0.031552362791017564,-0.0027025971996152663,-0.05108789297542926,7.733665906067886,0.1822080078636831,133.808640733137,111.38126582959202,-0.04286797723850011,-0.5036554541452045,0.04910476801629058,-0.5030856802978982,0.0,-0.06512505974043087,,
29.700000000000003,4.939657595446453,-0.16399332772283842,8.197417121258017,-0.02815039084422128,0.0007316201465324353,-0.033685982520179875,7.729379108344036,0.17569550188964,134.56990831878147,111.5138543465831,-0.04286797723850011,-0.5033762761873436,0.04577860300191269,-0.5031199244791947,0.0,-0.06512505974043087,,
29.8,4.981250688339757,-0.641586116482614,8.05639030356617,-0.036167462739682237,0.019682029466292543,-0.040796358757252495,7.725092310620186,0.1691829959155969,135.33160044376677,111.6414115233272,-0.04286797723850011,-0.5030970982294827,0.04245407668958717,-0.5031321944498095,0.0,-0.06512505974043087,,
29.900000000000002,5.200916617370752,-0.48479440893817893,8.669362240766052,-0.04496156841879488,-0.0007663888051900459,-0.05586427486189146,7.7208055128963355,0.1626704899415538,136.09368388054665,111.76393745665804,-0.04286797723850011,-0.5028179202716219,0.039131334144425364,-0.5031225130193211,0.0,-0.06512505974043087,,
30.0,4.978263424867727,-0.3999424925052557,8.143158394717684,-0.04825342185740389,-0.010559678513004121,-0.054638440444377614,7.716518715172485,0.1561579839675107,136.8561254208611,111.88143246268646,-0.04286797723850011,-0.5025387423137609,0.03581052020386265,-0.5030909039542913,0.0,-0.06512505974043087,135.60457270797224,111.41384302019969
30.1,4.944153803472728,-0.7331609490014408,8.417897154893291,-0.024179099707203715,0.00841636393222446,-0.032455464864135176,7.712231917448635,0.1496454779934676,137.61889187718242,111.99389707655324,-0.04286797723850011,-0.5022595643559001,0.032491779471349756,-0.5030373919762668,0.0,-0.06512505974043087,,
30.200000000000003,5.245830006860604,-0.5196857999033384,8.422182272703083,-0.03199516924032961,0.010061268931154877,-0.038905123506579736,7.707945119724785,0.14313297201942451,138.38195008415877,112.10133205217234,-0.04286797723850011,-0.5019803863980392,0.02917525631006016,-0.5029620027597389,0.0,-0.06512505974043087,,
30.3,5.231766444787378,-0.6921874061845005,8.199454785701409,-0.04531078281946735,0.024357759768222687,-0.04679106458373739,7.703658322000935,0.13662046604538142,139.14526690005545,112.20373836196462,-0.04286797723850011,-0.5017012084401783,0.025861094836614473,-0.502864762930062,0.0,-0.06512505974043087,,
30.400000000000002,5.281966789595506,-0.7767079477956085,8.555890934518112,-0.032528384889932246,0.0037410683781798487,-0.052807934042333304,7.699371524277085,0.13010796007133832,139.90880920819342,112.30111719658218,-0.04286797723850011,-0.5014220304823175,0.022549438914821453,-0.5027457000613307,0.0,-0.06512505974043087,,
30.5,5.247174050334265,-0.6402758124186552,8.808502215636699,-0.04968590379953222,0.010522109301121128,-0.03644064654507448,7.695084726553235,0.12359545409729523,140.6725439183855,112.39346996462302,-0.04286797723850011,-0.5011428525244566,0.019240432149436354,-0.5026048426742152,0.0,-0.06512505974043087,,
30.6,5.485595621206613,-0.5168872504510147,8.4863071873834,-0.031043938139816707,0.0014343719557266554,-0.07856336615693205,7.690797928829385,0.11708294812325215,141.43643796836963,112.48079829233652,-0.04286797723850011,-0.5008636745665956,0.01593421787993677,-0.5024422202337577,0.0,-0.06512505974043087,,
30.700000000000003,5.071114539240471,-0.46719554356888404,8.30642438415201,-0.03497926374765173,0.006496554058397571,-0.05856965874970966,7.686511131105535,0.11057044214920907,142.20045832523968,112.56310402331924,-0.04286797723850011,-0.5005844966087348,0.012630939174316153,-0.5022578631471246,0.0,-0.06512505974043087,,
30.8,5.003240637518641,-0.517323075939263,8.360931035009889,-0.03692705526962943,0.005491742716551046,-0.04640453071535306,7.682224333381685,0.10405793617516598,142.96457198687324,112.64038921820159,-0.04286797723850011,-0.5003053186508739,0.009330738822895326,-0.5020518027613206,0.0,-0.06512505974043087,,
30.900000000000002,5.129304300487865,-0.2908779941749028,8.303272398909158,-0.03114625963644815,0.005197381808648717,-0.04827500237007941,7.6779375356578345,0.0975454302011229,143.72874598335676,112.71265615432485,-0.04286797723850011,-0.500026140693013,0.00603375933215234,-0.5018240713608615,0.0,-0.06512505974043087,,
31.0,4.842435753887785,-0.5391595086312773,8.434163116249234,-0.04189901815243339,-0.010295618349587803,-0.033237780759951985,7.6736507379339844,0.09103292422707981,144.4929473784077,112.77990732540904,-0.04286797723850011,-0.4997469627351522,0.0027401429185707968,-0.5015747021654062,0.0,-0.06512505974043087,150.87522600436864,114.79030100797377
31.1,5.158281859301162,-0.5271905794198681,8.173407980050738,-0.02656144936216646,0.002333446500088646,-0.04928263630707028,7.669363940210134,0.08452041825303673,145.25714327079382,112.8421454412114,-0.04286797723850011,-0.49946778477729126,-0.0005499684974929753,-0.5013037293273479,0.0,-0.06512505974043087,,
31.200000000000003,4.717268957265103,-0.358755875666396,8.43251101931126,-0.018015288309539502,0.011535245055780439,-0.05198822628497033,7.665077142486284,0.07800791227899365,146.02130079574917,112.89937342717552,-0.04286797723850011,-0.4991886068194304,-0.003836433297923686,-0.5010111879293665,0.0,-0.06512505974043087,,
31.3,5.0549002849503895,-0.6863834524740242,8.317420236239204,-0.045651600687448404,0.009578415380543284,-0.05383405960120026,7.660790344762434,0.07149540630495056,146.7853871263874,112.95159442407129,-0.04286797723850011,-0.4989094288615695,-0.007119110172941541,-0.5006971139819397,0.0,-0.06512505974043087,,
31.400000000000002,5.04037489069059,-0.3796490079762636,8.120582848581247,-0.03615243158857265,-0.001582935262297107,-0.04493012059332441,7.656503547038584,0.06498290033090748,147.5493694751116,112.99881178762547,-0.04286797723850011,-0.4986302509037086,-0.010397858127177091,-0.5003615444208148,0.0,-0.06512505974043087,,
31.5,5.235350250527847,-0.7867535214450894,8.342281459925022,-0.02298242323214844,0.0012511879293610672,-0.049743586461535795,7.652216749314734,0.058470394356864394,148.31321509502106,113.04102908814316,-0.04286797723850011,-0.49835107294584774,-0.013672536485726163,-0.5000045171044405,0.0,-0.06512505974043087,,
31.6,5.318291918772811,-0.5270097019283005,8.4361555632621,-0.04771829575211333,0.009734736805324815,-0.054020489503219325,7.647929951590884,0.05195788838282131,149.07689128131483,113.07825011012,-0.04286797723850011,-0.4980718949879869,-0.01694300490018482,-0.49962607081135896,0.0,-0.06512505974043087,,
31.700000000000003,4.8216114217467405,-0.47530209684840347,8.583809537084019,-0.030717520862308386,-0.011488637878220716,-0.050023759908525506,7.643643153867034,0.045445382408778226,149.84036537269188,113.11047885184517,-0.04286797723850011,-0.497792717030126,-0.02020912335466377,-0.49922624523755926,0.0,-0.06512505974043087,,
31.8,4.991827817995557,-0.47219978437905374,8.163484534240174,-0.043020688523140324,-0.004572984168241813,-0.035457740573646215,7.639356356143184,0.03893287643473514,150.6036047527477,113.13771952499533,-0.04286797723850011,-0.4975135390722651,-0.023470752171782298,-0.4988050809937902,0.0,-0.06512505974043087,,
31.900000000000002,5.150386884999749,-0.4565255563943533,8.506230893772782,-0.02558671856937029,-0.0008953817711054989,-0.04479335795994545,7.6350695584193335,0.03242037046069206,151.3665768513679,113.15997655421938,-0.04286797723850011,-0.4972343611144042,-0.026727752018641186,-0.49836261960283534,0.0,-0.06512505974043087,,
32.0,5.351059881382713,-0.6108100108315473,8.329593505379107,-0.038457279430244316,-0.010866929177642488,-0.05872129734949531,7.6307827606954834,0.02590786448664897,152.12924914611787,113.17725457671412,-0.04286797723850011,-0.49695518315654336,-0.029979983912774583,-0.4978989034967479,0.0,-0.06512505974043087,147.92397745973233,116.6048351955604
32.1,4.9946681662288315,-0.36364058639421104,8.411818000311587,-0.029682971445139948,-0.014987045847040895,-0.06057039417362415,7.626495962971633,0.019395358512605883,152.89158916362908,113.18955844179087,-0.04286797723850011,-0.4966760051986825,-0.033227309228080426,-0.49741397601404785,0.0,-0.06512505974043087,,
32.2,5.1126066551662355,-0.2644024791069848,8.511597658397891,-0.035226660415019685,0.010987133174681044,-0.05181512135524027,7.622209165247783,0.012882852538562795,153.65356448098171,113.19689321043305,-0.04286797723850011,-0.49639682724082157,-0.0364695897007292,-0.4969078813968793,0.0,-0.06512505974043087,,
32.300000000000004,5.186299271878087,-0.5714457066065081,8.375788883862715,-0.04467526617174391,-0.013892610730131108,-0.06807317686415128,7.617922367523933,0.006370346564519708,154.4151427270837,113.19926415484474,-0.04286797723850011,-0.4961176492829607,-0.03970668743505082,-0.49638066478813064,0.0,-0.06512505974043087,,
32.4,5.093766425988485,-0.800701471594488,8.242974034994608,-0.031869597677666776,0.00047166593805929714,-0.06504498592479926,7.613635569800083,-0.00014215940952337983,155.17629158404586,113.19667675799026,-0.04286797723850011,-0.49583847132509984,-0.042938464909399385,-0.49583237222851506,0.0,-0.06512505974043087,,
32.5,5.105856273206432,-0.8105652488426897,8.504875643099519,-0.03215012740617879,0.004924014393071132,-0.04552511702974661,7.609348772076233,-0.006654665383566467,155.93697878855332,113.18913671312487,-0.04286797723850011,-0.4955592933672389,-0.04616478498199545,-0.49526305065361365,0.0,-0.06512505974043087,,
32.6,5.276698728907165,-0.07451611323461549,8.312008807131727,-0.019677037432474818,-0.003490287727673625,-0.048630920037618895,7.605061974352383,-0.013167171357609555,156.69717213323312,113.1766499233164,-0.04286797723850011,-0.49528011540937805,-0.04938551089674571,-0.4946727478908807,0.0,-0.06512505974043087,,
32.7,5.060997760901992,-0.6567045287563331,8.704603970294958,-0.0315278599786218,0.024109632637814588,-0.051534495088833385,7.600775176628533,-0.019679677331652642,157.45683946801788,113.15922250095818,-0.04286797723850011,-0.4950009374515172,-0.05260050628903977,-0.4940615126566105,0.0,-0.06512505974043087,,
32.800000000000004,4.941337947669182,-0.435527580753918,8.596960376387315,-0.038748785301120144,-0.016356574812721632,-0.056375424125415075,7.596488378904683,-0.02619218330569573,158.21594870150543,113.13686076727294,-0.04286797723850011,-0.4947217594936563,-0.055809635191523765,-0.49342939455286683,0.0,-0.06512505974043087,,
32.9,4.970914663115041,-0.46475020068948947,8.547279760089175,-0.04306441416768595,-0.0013849162148553344,-0.05652727108747792,7.5922015811808325,-0.03270468927973882,158.9744678023145,113.10957125180799,-0.04286797723850011,-0.4944425815357954,-0.05901276203985058,-0.4927764440643751,0.0,-0.06512505974043087,,
33.0,4.762738095750792,-0.6037637538166649,8.498859845365427,-0.027445248898911784,-0.01868612734791745,-0.06689163397791534,7.5879147834569824,-0.03921719525378191,159.73236480043624,113.07736069192161,-0.04286797723850011,-0.49416340357793453,-0.06220975167840647,-0.49210271255537713,0.0,-0.06512505974043087,168.32136659335285,117.88374568303234
33.1,5.1802955137958255,-0.4859900883930792,8.200691054448106,-0.044737365740471415,-0.009268450805224414,-0.03395118894208306,7.583627985733132,-0.04572970122782499,160.48960778858168,113.04023603226058,-0.04286797723850011,-0.49388422562007367,-0.06540046936601375,-0.49140825226644846,0.0,-0.06512505974043087,,
33.2,5.172166386219551,-0.7991707021270089,8.346771717535592,-0.020394550665217573,0.010030955781567515,-0.05205925085854827,7.579341188009282,-0.05224220720186808,161.24616492352487,112.99820442422909,-0.04286797723850011,-0.4936050476622128,-0.06858478078160948,-0.4906931163112791,0.0,-0.06512505974043087,,
33.300000000000004,5.176566097806911,-0.2746854679131382,8.539287764502012,-0.05016571406799025,0.011746509585265881,-0.05230970336630981,7.575054390285432,-0.05875471317591116,162.00200442744196,112.95127322544884,-0.04286797723850011,-0.4933258697043519,-0.07176255202989962,-0.4899573586734173,0.0,-0.06512505974043087,,
33.4,5.262172057780713,-0.7038993832575483,8.474677998089971,-0.050780800552664165,-0.0007396194453493374,-0.065448247931771,7.570767592561582,-0.06526721914995424,162.75709458924572,112.89944999921063,-0.04286797723850011,-0.493046691746491,-0.07493364964698876,-0.489201034202977,0.0,-0.06512505974043087,,
33.5,5.250960747749967,-0.23561195927511436,8.506285003311472,-0.01903398445526295,-0.0015459667107783192,-0.05445951423730303,7.566480794837732,-0.07177972512399733,163.5114037659159,112.84274251391712,-0.04286797723850011,-0.49276751378863015,-0.07809794060598498,-0.4884241986133083,0.0,-0.06512505974043087,,
33.6,5.041162154879654,-0.24600372171238125,8.411318742907797,-0.03894639899232104,-0.00507656368690615,-0.04883832629082577,7.562193997113882,-0.07829223109804041,164.26490038382502,112.78115874251716,-0.04286797723850011,-0.49248833583076923,-0.08125529232257953,-0.48762690847763235,0.0,-0.06512505974043087,,
33.7,5.180530110224992,-0.2023874508841872,8.373858732921754,-0.026615283653593315,-0.01566208009644671,-0.06641968584055281,7.557907199390032,-0.0848047370720835,165.0175529400598,112.71470686193152,-0.04286797723850011,-0.49220915787290836,-0.08440557266060139,-0.48680922122564,0.0,-0.06512505974043087,,
33.800000000000004,5.096126726181982,-0.49557185703522666,8.34477430514843,-0.031452390447391274,-0.0011059249455735035,-0.04857948981832669,7.553620401666182,-0.09131724304612658,165.7693300037379,112.64339525246994,-0.04286797723850011,-0.4919299799150475,-0.08754864993754619,-0.48597119514005416,0.0,-0.06512505974043087,,
33.9,5.075556833240831,-0.6525298321199706,8.719744624921969,-0.016983917532482455,-0.004367208147932407,-0.04211867121369378,7.5493336039423315,-0.09782974902016967,166.52020021732022,112.56723249723996,-0.04286797723850011,-0.49165080195718663,-0.09068439293007932,-0.48511288935315694,0.0,-0.06512505974043087,,
34.0,4.95834268714391,-0.4863906076276636,8.25356133728521,-0.0209424711481409,0.0040812196722374815,-0.04714519950101175,7.5450468062184814,-0.10434225499421275,167.27013229791854,112.48622738154698,-0.04286797723850011,-0.4913716239993257,-0.09381267087951327,-0.4842343638432814,0.0,-0.06512505974043087,174.74801111034168,102.76825256482097
34.1,5.0015725633447605,-0.4737270015308638,8.521101916342113,-0.03102370633091102,-0.01818863150766121,-0.06017675752416869,7.540760008494631,-0.11085476096825583,168.01909503859827,112.40038889228617,-0.04286797723850011,-0.49109244604146485,-0.09693335349725843,-0.4833356794312677,0.0,-0.06512505974043087,,
34.2,5.064859103955257,-0.5031733258487079,8.475315718504259,-0.042866498164838944,0.00022043789157137636,-0.06815875347453659,7.536473210770781,-0.11736726694229892,168.76705730967672,112.3097262173258,-0.04286797723850011,-0.490813268083604,-0.10004631097024771,-0.4824168977768843,0.0,-0.06512505974043087,,
34.300000000000004,4.988549377518249,-0.3735030278803097,8.340033675934832,-0.022407578271741273,-0.013058301401062596,-0.049237791222138415,7.532186413046931,-0.123879772916342,169.51398806001635,112.21424874488233,-0.04286797723850011,-0.49053409012574306,-0.10315141396633438,-0.4814780813752139,0.0,-0.06512505974043087,,
34.4,4.969539771740396,-0.41061897618173404,8.384789040613839,-0.031836125334801256,-0.009531916152396595,-0.03870171846947726,7.527899615323081,-0.1303922788903851,170.25985631831324,112.11396606288707,-0.04286797723850011,-0.4902549121678822,-0.10624853363966297,-0.4805192935530059,0.0,-0.06512505974043087,,
34.5,5.190803995389062,-0.45457007360003654,8.352037215302731,-0.022775191762745853,-0.003483244145855439,-0.04078550738954845,7.523612817599231,-0.1369047848644282,171.0046311943807,112.00888795834473,-0.04286797723850011,-0.48997573421002133,-0.1093375416360132,-0.4795405984649924,0.0,-0.06512505974043087,,
34.6,5.206474675073916,-0.26052857048022243,8.44695226135306,-0.03716111061756508,0.00677020825585911,-0.0506275740662803,7.519326019875381,-0.1434172908384713,171.74828188042775,111.89902441668353,-0.04286797723850011,-0.48969655625216046,-0.11241831009811626,-0.4785420610901717,0.0,-0.06512505974043087,,
34.7,5.06844816790969,-0.4376142056355736,8.539040804403738,-0.03178032937383407,-0.010341399482199453,-0.060883573892293145,7.515039222151531,-0.1499297968125144,172.49077765233275,111.78438562109729,-0.04286797723850011,-0.48941737829429954,-0.11549071167094396,-0.4775237472280567,0.0,-0.06512505974043087,,
34.800000000000004,5.4135547218634175,-0.1485804170552686,8.604400051957098,-0.029312689567403696,0.008097355706031494,-0.05913785080428988,7.510752424427681,-0.1564423027865575,173.23208787091187,111.66498195187916,-0.04286797723850011,-0.4891382003364387,-0.1185546195069698,-0.4764857234948894,0.0,-0.06512505974043087,,
34.9,4.710709344201995,-0.5200660925415677,8.421006353282227,-0.02245911125571473,0.015356665489480082,-0.045635144376011585,7.5064656267038306,-0.1629548087606006,173.97218198318237,111.54082398574745,-0.04286797723850011,-0.4888590223785778,-0.12160990727140197,-0.47542805731982246,0.0,-0.06512505974043087,,
35.0,6.0711764301541855,-0.09611660844390833,7.909099054558148,-0.01761928637126635,0.002136133459985583,-0.01710087823432403,7.5021788289799805,-0.1694673147346437,174.71647624106183,111.41294386828073,0.9964179807293974,-0.10350575459660875,0.9646870390457299,-0.27007619342075556,0.0,-0.013796759175718251,180.12565623141063,115.3117752918005
35.1,6.004130345830207,-0.010129520620377641,7.9071323271344705,-0.014790019324521456,-0.016927108425473472,-0.004712541586817951,7.60182062705292,-0.1708469906522155,175.47041130133826,111.28233613374087,0.9964179807293974,-0.10488048848845664,0.9640797751730572,-0.27276161073122873,0.0,-0.013796759175718251,,
35.2,5.955319636927128,-0.01443744700518207,7.897940086241222,-0.0062009156008209585,-0.005975231672465605,0.002648503981248447,7.701462425125859,-0.17222666656978733,176.2339810356385,111.1489739395876,0.9964179807293974,-0.10625522238030453,0.9634669380233805,-0.2754458639003119,0.0,-0.013796759175718251,,
35.300000000000004,6.071904750652842,-0.27602364575036525,8.248822465468056,0.0066579755224323404,-0.0029064825731396488,-0.012306544309560654,7.801104223198799,-0.17360634248735915,177.0071792598771,111.01283045502477,0.9964179807293974,-0.10762995627215242,0.9628485296566017,-0.2781289426617001,0.0,-0.013796759175718251,,
35.4,6.29025990536977,-0.07012117718844925,8.031372624503646,-0.018850590850585488,-0.010775533004599762,-0.010540412642154686,7.900746021271738,-0.17498601840493097,177.78999973427727,110.87387886110291,0.9964179807293974,-0.10900469016400031,0.9622245521503416,-0.2808108367525616,0.0,-0.013796759175718251,,
35.5,6.18061227227956,-0.24670076776829747,7.77709522872311,-0.010614831443744697,0.008112475391295367,-0.004907911908497946,8.000387819344677,-0.1763656943225028,178.58243616339178,110.73209235082187,0.9964179807293974,-0.1103794240558482,0.9615950075999341,-0.2834915359135668,0.0,-0.013796759175718251,,
35.6,5.902764353491344,-0.26743628826033433,7.85558978538466,-0.009952466183287512,0.0210729825145509,-0.020716322029863843,8.100029617417617,-0.1777453702400746,179.38448219612403,110.58744412923335,0.9964179807293974,-0.1117541579476961,0.9609598981184202,-0.28617102988891774,0.0,-0.013796759175718251,,
35.7,5.8647299457405415,-0.06020893087967545,7.655248309511335,-0.01155516899486407,0.008477002105720267,-0.01265886876112343,8.199671415490556,-0.17912504615764643,180.1961314257494,110.43990741354342,0.9964179807293974,-0.11312889183954399,0.9603192258365425,-0.2888493084263776,0.0,-0.013796759175718251,,
35.800000000000004,5.898230485391639,-0.027960128981536707,7.731343839405652,-0.008774034638957259,0.0027543200818505977,-0.004977177771036086,8.299313213563495,-0.18050472207521825,181.01737738993677,110.28945543321505,0.9964179807293974,-0.11450362573139188,0.9596729929027396,-0.2915263612772997,0.0,-0.013796759175718251,,
35.9,6.219455476549374,-0.17826316873313022,7.855191020506058,0.0030690165703325945,0.0029230467387549135,-0.008265246160844094,8.398955011636435,-0.18188439799279008,181.84821357077016,110.13606143007051,0.9964179807293974,-0.11587835962323978,0.9590212014831399,-0.29420217819665706,0.0,-0.013796759175718251,,
36.0,6.092490852736809,-0.07511130317567011,7.918158388251782,-0.011890563593565627,0.0012815560539510007,-0.0036628748029798484,8.498596809709374,-0.1832640739103619,182.6886333947705,109.9796986583938,0.9964179807293974,-0.11725309351508767,0.9583638537615555,-0.29687674894307137,0.0,-0.013796759175718251,190.02118727921538,108.17705391903517
36.1,6.040256044251945,-0.068155428487227,7.981135969267295,-0.0166185820359236,0.011005864046401411,-0.01264142222901084,8.598238607782314,-0.18464374982793372,183.53863023291774,109.82034038503302,0.9964179807293974,-0.11862782740693556,0.9577009519394771,-0.29955006327884287,0.0,-0.013796759175718251,,
36.2,6.126513931351912,-0.19636815617372683,8.144057428229912,0.004685763208605535,0.0023870310174862403,-0.017957415783145796,8.697880405855253,-0.18602342574550554,184.39819740067296,109.65795988950273,0.9964179807293974,-0.12000256129878345,0.957032498236067,-0.30222211096997903,0.0,-0.013796759175718251,,
36.300000000000004,6.059223488609523,-0.17813786575228444,7.752558642427316,-0.01954021669576984,0.0028035671665689738,-0.0016463045356919209,8.797522203928192,-0.18740310166307736,185.26732815800082,109.49253046408626,0.9964179807293974,-0.12137729519063134,0.9563584948881537,-0.3048928817862242,0.0,-0.013796759175718251,,
36.4,5.71369051584806,-0.16049545118735475,7.7580940276568935,-0.013606229116696861,-0.0018604163911054474,-0.01690952576847911,8.897164002001132,-0.18878277758064918,186.1460157093921,109.32402541393793,0.9964179807293974,-0.12275202908247923,0.9556789441502257,-0.30756236550108873,0.0,-0.013796759175718251,,
36.5,6.1628665651974,-0.19937195936196456,7.662920746136644,-0.00930925661182417,-0.014024027100058085,-0.004879368249962464,8.996805800074071,-0.190162453498221,187.0342532038863,109.15241805718533,0.9964179807293974,-0.12412676297432712,0.9549938482944249,-0.3102305518918782,0.0,-0.013796759175718251,,
36.6,6.08113086129153,0.035192807006957844,7.84117002442821,-0.0051574839456803604,-0.005189957262646648,-0.00973243728679611,9.09644759814701,-0.19154212941579282,187.93203373509468,108.97768172503145,0.9964179807293974,-0.125501496866175,0.9543032096105413,-0.3128974307397228,0.0,-0.013796759175718251,,
36.7,6.02395603435763,-0.3901381993309385,7.558025319560885,-0.004223911003930162,9.258723272933815e-05,-0.004031394869008312,9.19608939621995,-0.19292180533336464,188.83935034122325,108.79978976185689,0.9964179807293974,-0.1268762307580229,0.9536070304060057,-0.31556299182960645,0.0,-0.013796759175718251,,
36.800000000000004,5.862842652630155,-0.2927691693350688,7.902103627451618,-0.021946655710031307,0.006407515949780346,0.003132327279485125,9.29573119429289,-0.19430148125093646,189.75619600509606,108.61871552532192,0.9964179807293974,-0.1282509646498708,0.9529053130058841,-0.31822722495039607,0.0,-0.013796759175718251,,
36.9,6.20505661353499,0.07614933266558774,7.942798748526121,-0.009175573968026289,-0.004907858641845405,-0.01866628431792191,9.395372992365829,-0.19568115716850829,190.6825636541786,108.43443238646861,0.9964179807293974,-0.12962569854171868,0.9521980597528719,-0.32089011989487065,0.0,-0.013796759175718251,,
37.0,6.0762853182048975,0.19696098268530268,7.733720044669154,-0.02085319056644821,0.02025245441453968,-0.00695093640881633,9.495014790438768,-0.1970608330860801,191.6184461606015,108.24691372982281,0.9964179807293974,-0.13100043243356657,0.9514852730072858,-0.32355166645975075,0.0,-0.013796759175718251,191.7342220864015,107.51478667877545
37.1,5.940333776171868,-0.1487545308320674,7.8319747849065005,-0.018920368963292904,0.006935084463815574,-0.008335149091050553,9.594656588511707,-0.19844050900365193,192.56383634118413,108.05613295349615,0.9964179807293974,-0.13237516632541446,0.9507669551470593,-0.32621185444572753,0.0,-0.013796759175718251,,
37.2,6.217383530726186,0.09316234291142447,7.8929223719669555,-0.015640762524257786,-0.0002207373020286787,-0.007857712563343063,9.694298386584647,-0.19982018492122375,193.51872695745868,107.86206346928802,0.9964179807293974,-0.13374990021726235,0.9500431085677349,-0.3288706736574919,0.0,-0.013796759175718251,,
37.300000000000004,6.0510057068860315,-0.011733428151232128,7.66300186010274,-0.006013658854742177,-0.004835378130302275,-0.0026547980070901365,9.793940184657586,-0.20119986083879557,194.4831107156943,107.66467870278747,0.9964179807293974,-0.13512463410911024,0.9493137356824579,-0.3315281139037636,0.0,-0.013796759175718251,,
37.4,6.087319466826628,0.24010927014874311,7.760699435403586,-0.018031690359469527,-0.0026297659632569365,-0.008104139357300682,9.893581982730526,-0.2025795367563674,195.45698026692136,107.46395209347507,0.9964179807293974,-0.13649936800095816,0.9485788389219708,-0.3341841649973208,0.0,-0.013796759175718251,,
37.5,6.272260054021895,0.011992882042287392,8.227507502657996,-0.015028817020330194,0.003300554114258703,-0.010192961939951162,9.993223780803465,-0.2039592126739392,196.44032820695594,107.25985709482477,0.9964179807293974,-0.13787410189280605,0.9478384207346049,-0.3368388167550286,0.0,-0.013796759175718251,,
37.6,5.736787838517736,-0.26673338750447384,7.840521532838551,-0.008332818276652023,-0.00011930686798922608,-0.0010183542127074558,10.092865578876404,-0.20533888859151103,197.4331470764245,107.05236717440565,0.9964179807293974,-0.13924883578465394,0.9470924835862751,-0.33949205899786883,0.0,-0.013796759175718251,,
37.7,6.0101056600858485,-0.12224731828080085,7.509670801283437,-0.011652209113334592,-0.005201154193937382,-0.004840983682993535,10.192507376949344,-0.20671856450908285,198.43542936078865,106.84145581398371,0.9964179807293974,-0.14062356967650183,0.9463410299604728,-0.34214388155096864,0.0,-0.013796759175718251,,
37.800000000000004,5.833368199765578,-0.18076580304984863,7.995122713435845,0.00027157533915572567,0.01850651988541654,-0.008565450403092673,10.292149175022283,-0.20809824042665467,199.44716749037033,106.62709650962356,0.9964179807293974,-0.14199830356834972,0.9455840623582588,-0.3447942742436301,0.0,-0.013796759175718251,,
37.9,5.9600615221774484,-0.18661629248565853,8.044843004113815,-0.017596740092950383,-0.0032688847442697805,-0.00897432629859318,10.391790973095222,-0.2094779163442265,200.46835384037684,106.40926277179005,0.9964179807293974,-0.1433730374601976,0.9448215832982566,-0.34744322690935886,0.0,-0.013796759175718251,,
38.0,6.096912459636311,0.06325663529159953,7.930405733569833,-0.020662503281475522,0.016727303658341262,-0.00870096942101133,10.491432771168162,-0.21085759226179832,201.4989807309262,106.18792812544996,0.9964179807293974,-0.1447477713520455,0.9440535953166466,-0.3500907293858936,0.0,-0.013796759175718251,198.18219696906823,102.761031813132
38.1,6.0536493636944195,-0.4383807860531439,8.07452176030697,-0.013541105955764191,0.009101999122841365,-0.0082133827452219,10.591074569241101,-0.21223726817937014,202.53904042707282,105.96306611017353,0.9964179807293974,-0.1461225052438934,0.9432801009671572,-0.35273677151523486,0.0,-0.013796759175718251,,
38.2,5.872155293330533,0.06553884678566096,7.956423011593475,-0.017612733160326757,-0.015447696121431891,-0.0013884158192840144,10.69071636731404,-0.21361694409694196,203.58852513883306,105.73465028023601,0.9964179807293974,-0.14749723913574128,0.9425011028210597,-0.35538134314367437,0.0,-0.013796759175718251,,
38.300000000000004,5.83659963996616,-0.35271378416231997,7.96375531526334,-0.0007838113607022065,-0.0037272396412371014,-0.01574664847836913,10.79035816538698,-0.21499662001451378,204.64742702121123,105.50265420471918,0.9964179807293974,-0.14887197302758917,0.9417166034671601,-0.35802443412182394,0.0,-0.013796759175718251,,
38.400000000000006,6.03698570785341,0.04719134945095274,7.876145901393616,0.001583376821740026,-0.002286245004278179,0.0027278997385215154,10.88999996345992,-0.2163762959320856,205.7157381742256,105.26705146761273,0.9964179807293974,-0.15024670691943706,0.9409266055117933,-0.36066603430464456,0.0,-0.013796759175718251,,
38.5,6.091659915979897,-0.07249995721968794,7.7553309666023305,-0.010950731821448201,-0.010295384404407143,-0.0064758597527357666,10.989641761532859,-0.21775597184965742,206.79345064293463,105.02781566791577,0.9964179807293974,-0.15162144081128495,0.9401311115788145,-0.36330613355147545,0.0,-0.013796759175718251,,
38.6,6.002938372728325,-0.12328807537180915,7.794118590885522,-0.018498341540326018,-0.004882337190490857,-0.024268434706510855,11.089283559605798,-0.21913564776722924,207.88055641746345,104.7849204197381,0.9964179807293974,-0.15299617470313284,0.9393301243095931,-0.36594472172606307,0.0,-0.013796759175718251,,
38.7,6.108313390045291,-0.1894486536966551,7.4364944309587955,-0.00015757792617113013,0.0163769697917916,-0.005397317872224031,11.188925357678738,-0.22051532368480106,208.97704743303035,104.53833935240156,0.9964179807293974,-0.15437090859498073,0.9385236463630054,-0.3685817886965902,0.0,-0.013796759175718251,,
38.800000000000004,5.964797076740043,-0.38533954294783174,7.735820789942341,-0.02542308254108394,0.014191575377348853,0.001078213610924172,11.288567155751677,-0.22189499960237288,210.0829155699736,104.28804611054136,0.9964179807293974,-0.15574564248682862,0.9377116804154273,-0.371217324335705,0.0,-0.013796759175718251,,
38.900000000000006,5.978760438494386,-0.26414792150610983,8.104784657958678,-0.003000855705469819,-0.0016352758721193603,-0.008252287888245778,11.388208953824616,-0.2232746755199447,211.19815265377844,104.03401435420719,0.9964179807293974,-0.1571203763786765,0.9368942291607271,-0.37385131852054976,0.0,-0.013796759175718251,,
39.0,6.055839960036233,-0.12315841799999107,7.619462778951635,-0.017489330724606025,0.004035726620326903,-0.007801153463005208,11.487850751897556,-0.22465435143751653,212.32275045510406,103.77621775896449,0.9964179807293974,-0.1584951102705244,0.9360712953102577,-0.37648376113279014,0.0,-0.013796759175718251,217.03133495987947,106.40802664094433
39.1,5.97735601728133,-0.15192718860679444,7.790132267468878,-0.021786785399760387,0.009700553501809227,0.01120276498532522,11.587492549970495,-0.22603402735508835,213.45670068981102,103.51463001599559,0.9964179807293974,-0.1598698441623723,0.9352428815928496,-0.37911464205864415,0.0,-0.013796759175718251,,
39.2,6.052776288628557,-0.1969918729012172,7.854745820159128,-0.019021615011827107,-0.008468195985314406,-0.01685457161291741,11.687134348043434,-0.22741370327266017,214.59999501898864,103.24922483220075,0.9964179807293974,-0.16124457805422018,0.9344089907548041,-0.38174395118891097,0.0,-0.013796759175718251,,
39.300000000000004,5.858126066449605,-0.2495891729994812,7.835507445819464,-0.013134767492828651,0.015003857573106695,-0.01960245643220105,11.786776146116374,-0.228793379190232,215.75262504898268,102.97997593029928,0.9964179807293974,-0.16261931194606807,0.9335696255598847,-0.3843716784189999,0.0,-0.013796759175718251,,
39.400000000000006,5.990658278880075,-0.12160802722302663,7.83953441637783,-0.004564424197020233,0.001837059062249277,-0.009355335819379284,11.886417944189313,-0.2301730551078038,216.9145823314231,102.70685704893043,0.9964179807293974,-0.163994045837916,0.9327247887893103,-0.38699781364895935,0.0,-0.013796759175718251,,
39.5,6.159501335406021,-0.0325475618719243,8.06366869531387,0.0075086704393033995,0.008058151379119447,0.0013105808553239388,11.986059742262253,-0.23155273102537563,218.08585836325207,102.42984194275446,0.9964179807293974,-0.16536877972976388,0.9318744832417477,-0.38962234678350594,0.0,-0.013796759175718251,,
39.6,5.814627957253133,-0.0103029726051663,7.817916493872787,-0.005970086164315099,-0.0002418261848275511,-0.004373767513084145,12.085701540335192,-0.23293240694294745,219.26644458675216,102.14890438255348,0.9964179807293974,-0.16674351362161177,0.9310187117333035,-0.39224526773205315,0.0,-0.013796759175718251,,
39.7,5.950159797204838,-0.09249169865767357,7.983539130913387,0.007559048230120548,0.00499253056403545,-0.006795724431327779,12.185343338408131,-0.23431208286051927,220.45633238957467,101.86401815533232,0.9964179807293974,-0.16811824751345966,0.9301574770975173,-0.3948665664087404,0.0,-0.013796759175718251,,
39.800000000000004,6.068237338176524,-0.20916216716430103,7.8642770933469786,0.0057303352643223015,-0.00398160879250039,0.0024756443428895925,12.28498513648107,-0.2356917587780911,221.65551310476806,101.57515706441934,0.9964179807293974,-0.16949298140530755,0.9292907821853528,-0.3974862327324618,0.0,-0.013796759175718251,,
39.900000000000006,5.9414314207332355,0.011030559984054916,7.888201002516737,0.003355897413291663,-0.005686653437436834,0.014678527689650634,12.38462693455401,-0.2370714346956629,222.86397801080676,101.28229492956721,0.9964179807293974,-0.17086771529715544,0.9284186298651913,-0.40010425662689514,0.0,-0.013796759175718251,,
40.0,5.981076344558248,-0.3831234484090039,7.987606556651703,-0.00855579481340557,-0.0029176937048497613,-0.013112670474974776,12.48426873262695,-0.23845111061323473,224.0817183316199,100.9854055870536,0.9964179807293974,-0.17224244918900333,0.9275410230228232,-0.40272062802053077,0.0,-0.013796759175718251,220.69402937476815,90.49099865475593
40.1,5.900215863175084,0.10433109091819495,8.222969768752886,-0.011232538389672812,-0.008805877267582628,-0.001536060492894808,12.583910530699889,-0.23983078653080656,225.30872523662046,100.68446288978186,0.9964179807293974,-0.17361718308085122,0.9266579645614402,-0.4053353368467004,0.0,-0.013796759175718251,,
40.2,5.918556198996119,-0.05263449430276482,7.942939649793738,0.009623600944101756,0.012216303039075505,-0.010832903163011574,12.683552328772828,-0.24121046244837838,226.5449898407344,100.37944070738162,0.9964179807293974,-0.1749919169726991,0.925769457401628,-0.407948373043606,0.0,-0.013796759175718251,,
40.300000000000004,5.871538412431257,-0.12112832467393875,7.864674566485367,-0.02465562330109696,0.01698991339915045,-0.01168925714446142,12.783194126845768,-0.2425901383659502,227.79050320443005,100.07031292630941,0.9964179807293974,-0.176366650864547,0.9248755044813575,-0.41055972655434847,0.0,-0.013796759175718251,,
40.400000000000006,6.07251146304424,-0.1291078449043826,7.750761049250892,-0.012475920211218506,0.0015859574876720174,0.008320736595786483,12.882835924918707,-0.24396981428352202,229.0452563337477,99.75705344994914,0.9964179807293974,-0.1777413847563949,0.9239761087559775,-0.4131693873269566,0.0,-0.013796759175718251,,
40.5,6.064188717145693,-0.1590240567689802,7.8160009224296445,0.004802992914509278,0.004889224128917804,0.0038429891465290023,12.982477722991646,-0.24534949020109384,230.30924018032928,99.43963619871255,0.9964179807293974,-0.17911611864824278,0.9230712731982064,-0.4157773453144161,0.0,-0.013796759175718251,,
40.6,5.978921703601161,-0.017604711883897617,7.843466612254599,0.011206184644708852,-0.011166025647580688,-0.015152124202744671,13.082119521064586,-0.24672916611866566,231.5824456414483,99.11803511013967,0.9964179807293974,-0.18049085254009067,0.9221610007981246,-0.4183835904746978,0.0,-0.013796759175718251,,
40.7,5.610131844022014,-0.14000693388827093,7.917060529541016,-0.011088741490612926,-0.005994238125122789,-0.0010796225673777833,13.181761319137525,-0.24810884203623748,232.86486356003988,98.79222413899919,0.9964179807293974,-0.18186558643193856,0.9212452945631655,-0.42098811277078707,0.0,-0.013796759175718251,,
40.800000000000004,5.848883934112768,-0.20709131494583105,8.005462148164295,-0.018819848122954196,0.006602861376874083,-0.004269686914774517,13.281403117210465,-0.2494885179538093,234.15648472473103,98.46217725738873,0.9964179807293974,-0.18324032032378645,0.9203241575181081,-0.4235909021707121,0.0,-0.013796759175718251,,
40.900000000000006,5.835613788202388,0.23375662315342202,8.270792820966527,-0.006273598328219148,-0.007118961342825679,-0.01077327349010684,13.381044915283404,-0.25086819387138115,235.45729986987112,98.12786845483518,0.9964179807293974,-0.18461505421563434,0.9193975927050689,-0.42619194864757304,0.0,-0.013796759175718251,,
41.0,6.071392527985902,-0.06966078198200885,7.925170298257861,-0.016588565465787828,0.014431471976070405,-0.014644726296612098,13.480686713356343,-0.25224786978895297,236.76729967556236,97.78927173839487,0.9964179807293974,-0.18598978810748223,0.9184656031834926,-0.4287912421795703,0.0,-0.013796759175718251,239.94455574603057,99.43463481467127
41.1,6.171997210140979,-0.2821788158489473,7.832458268124561,-0.011232949259888766,-0.01582141714998605,-0.003526617240248644,13.580328511429283,-0.2536275457065248,238.08647476769065,97.44636113275376,0.9964179807293974,-0.18736452199933012,0.9175281920301452,-0.4313887727500338,0.0,-0.013796759175718251,,
41.2,5.923171362186465,-0.21343515273561406,7.980069182210766,-0.0053219753479930715,-0.0031992356956100053,-0.005140700059924956,13.679970309502222,-0.2550072216240966,239.4148157179565,97.09911068032754,0.9964179807293974,-0.18873925589117801,0.9165853623391045,-0.43398453034745116,0.0,-0.013796759175718251,,
41.300000000000004,6.214445209900404,-0.026249752004633864,7.874344328113759,-0.0107622105728057,-0.0085684312202145,-0.009714112842903237,13.779612107575161,-0.25638689754166843,240.75231304390607,96.74749444136167,0.9964179807293974,-0.1901139897830259,0.9156371172217528,-0.436578504965497,0.0,-0.013796759175718251,,
41.400000000000006,5.803057469150438,-0.10111285020413457,8.01997102195333,-0.011501209215524666,-0.003926363456049441,0.009065523297246142,13.8792539056481,-0.25776657345924026,242.09895720896267,96.39148649403145,0.9964179807293974,-0.19148872367487382,0.9146834598067672,-0.4391706866030609,0.0,-0.013796759175718251,,
41.5,5.83098860765103,0.03200546083265471,7.824244116636463,-0.014008761208504283,0.009339262862797366,-0.018833259932652703,13.97889570372104,-0.2591462493768121,243.454738622458,96.03106093454196,0.9964179807293974,-0.1928634575667217,0.9137243932401123,-0.4417610652642769,0.0,-0.013796759175718251,,
41.6,5.878339387294101,-0.29990906390291805,7.864528203720988,0.0005321455500605261,-0.0066830632568931885,-0.019830904007147175,14.07853750179398,-0.2605259252943839,244.81964763966383,95.6661918772279,0.9964179807293974,-0.1942381914585696,0.9127599206850315,-0.4443496309585513,0.0,-0.013796759175718251,,
41.7,6.09880013869994,-0.34805490457598076,7.783060206192728,-0.012287509495872519,-0.005875128533268931,-0.007307407926136185,14.178179299866919,-0.2619056012119557,246.1936745618239,95.29685345465356,0.9964179807293974,-0.1956129253504175,0.9117900453220371,-0.44693637370059197,0.0,-0.013796759175718251,,
41.800000000000004,5.781458592889748,0.1366022097978476,7.985693019385703,-0.008019104873083337,0.006810160682161813,-0.003990604617369499,14.277821097939858,-0.26328527712952754,247.5768096361858,94.9230198177125,0.9964179807293974,-0.19698765924226538,0.9108147703489036,-0.44952128351043674,0.0,-0.013796759175718251,,
41.900000000000006,6.278405505591054,-0.13741815681081165,7.631293759511362,-0.007874973488715057,0.013427668077844415,0.00470839038115067,14.377462896012798,-0.26466495304709936,248.96904305603314,94.54466513572741,0.9964179807293974,-0.19836239313411327,0.9098340989806579,-0.45210435041348207,0.0,-0.013796759175718251,,
42.0,6.065723633249877,-0.0554374220814641,7.646199611914203,0.007139989216002729,-0.007601531708719958,-0.018348265933799682,14.477104694085737,-0.2660446289646712,250.37036496071792,94.16176359654969,0.9964179807293974,-0.19973712702596116,0.9088480344495709,-0.45468556444051134,0.0,-0.013796759175718251,245.60649330714298,93.27510336577491
42.1,6.22111349071665,-0.4088027449863797,8.01375407865719,-0.0007071283739969771,0.009451757891903098,-0.008457500550622502,14.576746492158676,-0.267424304882243,251.780765435693,93.77428940665918,0.9964179807293974,-0.20111186091780905,0.9078565800051482,-0.4572649156277242,0.0,-0.013796759175718251,,
42.2,5.7670950387567395,-0.09636860511484573,8.028114842070442,-0.023494802004975328,0.011698018646518078,-0.010531842721559857,14.676388290231616,-0.2688039807998148,253.20023451254474,93.38221679126369,0.9964179807293974,-0.20248659480965694,0.9068597389141226,-0.4598423940167643,0.0,-0.013796759175718251,,
42.300000000000004,5.847229589804171,-0.044852405925011496,7.712217727143563,-0.0014553701548798972,0.0034781323831434654,0.005344014750725911,14.776030088304555,-0.27018365671738664,254.62876216902583,92.98551999439854,0.9964179807293974,-0.20386132870150483,0.905857514460444,-0.46241798965474823,0.0,-0.013796759175718251,,
42.400000000000006,5.935881379245288,0.10838279394176037,7.814452869266391,-0.01771850620794591,0.005734844881203395,-0.005232419263851979,14.875671886377495,-0.27156333263495847,256.06633832908835,92.58417327902606,0.9964179807293974,-0.20523606259335272,0.9048499099452711,-0.4649916925942945,0.0,-0.013796759175718251,,
42.5,5.698731725951576,-0.23718433921740367,7.748918281654049,-0.02506572843788865,-0.004109257661570945,-0.0018395391463528806,14.975313684450434,-0.2729430085525303,257.51295286291696,92.17815092713498,0.9964179807293974,-0.20661079648520062,0.9038369286869623,-0.46756349289355104,0.0,-0.013796759175718251,,
42.6,5.784184544878439,-0.07402913646421251,7.628413696377079,-0.004772627037846476,-0.003566282144959169,-0.013359339276019913,15.074955482523373,-0.2743226844701021,258.9685955869623,91.76742723983978,0.9964179807293974,-0.2079855303770485,0.9028185740210665,-0.47013338061622467,0.0,-0.013796759175718251,,
42.7,6.107377861472294,0.0819275305376777,7.591134924187402,-0.0024258487168899254,-0.019569190293274072,-0.02340518253823752,15.174597280596313,-0.27570236038767393,260.4332562639743,91.35197653748003,0.9964179807293974,-0.2093602642688964,0.9017948493003146,-0.4727013458316094,0.0,-0.013796759175718251,,
42.800000000000004,6.008381384738475,-0.342165058103292,7.896128714504813,-0.020887990837949105,0.034431188220398985,-0.03243115380187844,15.274239078669252,-0.27708203630524575,261.90692460303603,90.93177315971964,0.9964179807293974,-0.21073499816074429,0.90076575789461,-0.47526737861461443,0.0,-0.013796759175718251,,
42.900000000000006,6.075240824079932,-0.23474452983741567,7.7247391662664295,-0.0341138315338875,-0.0007509100203195441,0.005444379010539298,15.373880876742192,-0.27846171222281757,263.3895902595977,90.50679146564603,0.9964179807293974,-0.21210973205259218,0.89973130319102,-0.47783146904579327,0.0,-0.013796759175718251,,
43.0,6.011976208639144,-0.3088611623314562,8.029478808863741,0.0006518164242973563,-0.008760165328298377,-0.017455821578982365,15.47352267481513,-0.2798413881403894,264.8812428355104,90.07700583386931,0.9964179807293974,-0.21348446594444007,0.8986914885937658,-0.4803936072113719,0.0,-0.013796759175718251,268.94058068765474,88.50184383190869
43.1,5.94790010863554,-0.0005581001037760769,7.7666905237972745,7.604913016016467e-05,-0.0022085425466456822,0.00217739286444933,15.57316447288807,-0.2812210640579612,266.3818718790607,89.64239066262128,0.9964179807293974,-0.21485919983628796,0.8976463175242138,-0.48295378320327714,0.0,-0.013796759175718251,,
43.2,6.0452040793049004,-0.3776146776405723,7.898869418447331,-0.001245584485626285,-0.016731923243694116,-0.012371694232844694,15.67280627096101,-0.28260073997553303,267.89146688500466,89.20292036985452,0.9964179807293974,-0.21623393372813585,0.8965957934208665,-0.4855119871191653,0.0,-0.013796759175718251,,
43.300000000000004,5.833702915435028,-0.043975623508702905,7.8503184513756725,-0.01643073089077878,0.011132502141203615,-0.0065493868596087764,15.772448069033949,-0.28398041589310485,269.4100172946025,88.75856939334138,0.9964179807293974,-0.21760866761998374,0.8955399197393528,-0.4880682090624504,0.0,-0.013796759175718251,,
43.400000000000006,5.793667291632234,-0.17097582810983122,7.7393276884401745,-0.015991021037478313,-0.006352118564668621,-0.0063284131671985065,15.872089867106888,-0.2853600918106767,270.9375124956535,88.3093121907728,0.9964179807293974,-0.21898340151183163,0.8944786999524189,-0.49062243914233283,0.0,-0.013796759175718251,,
43.5,6.116912309226546,-0.11335076473522043,7.908614928565094,-0.00089606328266118,-0.010749552351514131,-0.020209187359839918,15.971731665179828,-0.2867397677282485,272.4739418225307,87.85512323985725,0.9964179807293974,-0.22035813540367954,0.8934121375499192,-0.49317466747382754,0.0,-0.013796759175718251,,
43.6,5.88352107295966,-0.05441180098816037,7.731428815867297,-0.003208742436134425,0.0023139362066793194,-0.008158882261790632,16.07137346325277,-0.2881194436458203,274.01929455621615,87.39597703841945,0.9964179807293974,-0.22173286929552743,0.8923402360388056,-0.4957248841777924,0.0,-0.013796759175718251,,
43.7,5.9378542192739046,-0.36518819337082464,7.8943557886573625,-0.0033643502026991664,0.014469806808949746,-0.01749143078482584,16.17101526132571,-0.28949911956339214,275.5735599243359,86.93184810449914,0.9964179807293974,-0.22310760318737535,0.89126299894312,-0.4982730793809567,0.0,-0.013796759175718251,,
43.800000000000004,5.928164108881004,-0.42746447391974995,7.947127489107864,-0.012793337813871044,-0.007203484961439882,-0.005991088603963025,16.27065705939865,-0.29087879548096396,277.1367271011955,86.46271097644976,0.9964179807293974,-0.22448233707922327,0.8901804298039828,-0.5008192432159493,0.0,-0.013796759175718251,,
43.900000000000006,5.8500323987622,0.07938500979929553,7.941285136940425,0.002002647739526714,-0.004033880053927384,-0.0026788894324428674,16.370298857471592,-0.2922584713985358,278.7087852078158,85.98854021303704,0.9964179807293974,-0.2258570709710712,0.8890925321795846,-0.5033633658213273,0.0,-0.013796759175718251,,
44.0,6.17680563775841,0.040234834336461245,7.624595555022394,-0.0014333442632980696,0.003765879766362965,-0.008831938341977309,16.469940655544534,-0.2936381473161076,280.28972331196854,85.50931039353756,0.9964179807293974,-0.2272318048629191,0.8879993096451764,-0.505905437341604,0.0,-0.013796759175718251,276.4590958292744,91.18928646671174
44.1,6.09409744948156,-0.12099423430631066,7.7380735660769195,-0.019842337594890243,-0.00929395504033098,0.0015475739924391864,16.569582453617475,-0.2950178232336794,281.8795304282121,85.02499611783726,0.9964179807293974,-0.22860653875476702,0.8869007657930591,-0.5084454479272774,0.0,-0.013796759175718251,,
44.2,5.888953756286011,-0.08366084121574785,8.075520358315,-0.012398709229697595,0.0057028003763681,-0.0027458206172616267,16.669224251690416,-0.29639749915125124,283.4781955179279,84.53557200652986,0.9964179807293974,-0.22998127264661494,0.8857969042325751,-0.5109833877348584,0.0,-0.013796759175718251,,
44.300000000000004,5.907673125043044,-0.18463832178601639,7.8933637722798125,-0.00835989243467159,0.0026459828375692764,-0.003476567701676178,16.768866049763357,-0.29777717506882306,285.0857074893565,84.04101270101523,0.9964179807293974,-0.23135600653846286,0.8846877285900971,-0.5135192469268991,0.0,-0.013796759175718251,,
44.400000000000006,6.167133666972482,-0.28573769521351866,7.7727998636504125,-0.00019632376238636583,-0.0019823811841305394,0.0015255862527626222,16.868507847836298,-0.2991568509863949,286.70205519763397,83.54129286359776,0.9964179807293974,-0.23273074043031078,0.8835732425090197,-0.5160530156720213,0.0,-0.013796759175718251,,
44.5,6.015953182586211,-0.2606475275298198,8.019705437941841,-0.004270795629961505,0.002396099583032787,-0.011022042870440077,16.96814964590924,-0.3005365269039667,288.3272274448288,83.03638717758453,0.9964179807293974,-0.2341054743221587,0.8824534496497485,-0.5185846841449441,0.0,-0.013796759175718251,,
44.6,5.893135222546914,-0.40792611668663276,7.9105391060073815,-0.019576278891986494,-0.010826894266614819,-0.02102802703426486,17.06779144398218,-0.3019162028215385,289.96121297997826,82.52627034738353,0.9964179807293974,-0.23548020821400661,0.8813283536896906,-0.5211142425265127,0.0,-0.013796759175718251,,
44.7,5.972797038399936,0.06629871349190064,7.989772535749366,-0.00591136991814355,0.022255051379561554,-0.00833629508410024,17.16743324205512,-0.30329587873911035,291.60400049912556,82.01091709860181,0.9964179807293974,-0.23685494210585453,0.880197958323245,-0.5236416810037265,0.0,-0.013796759175718251,,
44.800000000000004,6.0369983245712895,-0.44206913254333025,7.946914414551189,0.018874761358759665,-0.004692845752352508,-0.005408102146500279,17.267075040128063,-0.30467555465668217,293.25557864535693,81.49030217814355,0.9964179807293974,-0.23822967599770245,0.8790622672617916,-0.5261669897697674,0.0,-0.013796759175718251,,
44.900000000000006,6.048658066613126,0.03372128933770949,7.933875457687671,-0.00018280718551358637,0.0008974101834680137,-0.006037787170640441,17.366716838201004,-0.306055230574254,294.91593600883914,80.96440035430805,0.9964179807293974,-0.23960440988955037,0.8779212842336823,-0.5286901590240273,0.0,-0.013796759175718251,,
45.0,5.921047084531438,0.09684926444936556,7.932981749540384,-0.00660422580617376,0.00540351160459833,-0.009021336220042104,17.466358636273945,-0.3074349064918258,296.5850611268565,80.43318641688766,0.9964179807293974,-0.2409791437813983,0.8767750129842304,-0.5312111789721372,0.0,-0.013796759175718251,292.1301058458564,80.08689083959092
45.1,6.113451796603239,-0.011963229986181018,7.797336229321212,-0.03509630170168351,-0.004568668355023576,-0.015419612474325866,17.566000434346886,-0.30881458240939763,298.2629424838487,79.8966351772657,0.9964179807293974,-0.24235387767324618,0.8756234572757005,-0.5337300398259948,0.0,-0.013796759175718251,,
45.2,6.210075602830992,-0.08491398881123294,7.80857143567464,-0.0030329454991747202,0.00019957640641785673,0.0029061939181899924,17.665642232419827,-0.31019425832696945,299.9495685114487,79.35472146851421,0.9964179807293974,-0.2437286115650941,0.874466620887298,-0.5362467318037927,0.0,-0.013796759175718251,,
45.300000000000004,5.856170114520228,-0.3357484738052282,7.724015756048667,-0.010261762337347333,0.004130100126892003,-0.006100170562995766,17.76528403049277,-0.3115739342445413,301.6449275885208,78.80742014549182,0.9964179807293974,-0.245103345456942,0.8733045076151598,-0.5387612451300464,0.0,-0.013796759175718251,,
45.400000000000006,5.817404035096671,0.007555020180081057,7.88660105350314,0.020827044673240418,0.01491710924313171,-0.006973202375353036,17.86492582856571,-0.3129536101621131,303.34900804119815,78.2547060849413,0.9964179807293974,-0.24647807934878993,0.872137121272343,-0.541273570035623,0.0,-0.013796759175718251,,
45.5,6.170944852163192,-0.3175424232337904,8.047984392959014,-0.010604016866209133,0.023629034631172885,-0.01058919242437573,17.96456762663865,-0.3143332860796849,305.0617981429218,77.69655418558733,0.9964179807293974,-0.24785281324063785,0.8709644656888154,-0.5437836967577684,0.0,-0.013796759175718251,,
45.6,5.58827683683691,-0.1668378731948839,7.930950166658718,-0.002523007140938098,0.01687208877494584,-0.023634390658339915,18.064209424711592,-0.31571296199725674,306.7832861144788,77.13293936823395,0.9964179807293974,-0.24922754713248577,0.8697865447114443,-0.5462916155401358,0.0,-0.013796759175718251,,
45.7,6.2566828583150516,-0.32016444108737124,7.86665391832368,-0.004998951191901002,0.007127429018640289,-0.013445390045137746,18.163851222784533,-0.31709263791482856,308.5134601240409,76.5638365758621,0.9964179807293974,-0.2506022810243337,0.8686033622039875,-0.5487973166328143,0.0,-0.013796759175718251,,
45.800000000000004,6.012751453874571,-0.11942704295208482,8.073039495741652,0.0032682338586557027,-0.011773892288590002,-0.01024921520276951,18.263493020857474,-0.3184723138324004,310.2523082872032,75.98922077372707,0.9964179807293974,-0.2519770149161816,0.867414922047081,-0.5513007902923555,0.0,-0.013796759175718251,,
45.900000000000006,6.096162937578212,-0.41787601315399875,7.9640970491490215,0.006420849498010625,0.008023990769107165,0.002732755997577392,18.363134818930416,-0.3198519897499722,311.9998186670234,75.40906694945586,0.9964179807293974,-0.2533517488080295,0.8662212281382301,-0.553802026781803,0.0,-0.013796759175718251,,
46.0,5.821182661350218,0.06964827262749587,7.800577731868022,0.006156284042031394,0.00553695738179949,0.015075171098908541,18.462776617003357,-0.321231665667544,313.75597927406073,74.82335011314447,0.9964179807293974,-0.2547264826998774,0.8650222843917982,-0.5563010163707197,0.0,-0.013796759175718251,309.7622226125431,71.39486331337154
46.1,5.772775520927597,-0.34988543951013484,7.604526494775731,0.001304912246997473,0.015297763371248415,-0.00917150866875678,18.562418415076298,-0.32261134158511584,315.5207780664154,74.23204529745517,0.9964179807293974,-0.25610121659172536,0.863818094738996,-0.5587977493352156,0.0,-0.013796759175718251,,
46.2,5.829619154737449,-0.16410939336368544,7.622077460280318,-0.0013979311772657202,-0.007078413123988553,-0.00633860430116079,18.66206021314924,-0.32399101750268766,317.29420294976796,73.63512755771363,0.9964179807293974,-0.25747595048357325,0.8626086631278714,-0.5612922159579765,0.0,-0.013796759175718251,,
46.300000000000004,5.918082387231098,-0.24294059153202996,7.815051241243457,-0.009975018779215592,-0.00768746350940325,-0.0009629177591424813,18.76170201122218,-0.3253706934202595,319.0762417774191,73.03257197200604,0.9964179807293974,-0.2588506843754212,0.8613939935232984,-0.563784406528291,0.0,-0.013796759175718251,,
46.400000000000006,6.164992944113844,-0.24258866920896616,7.8901413978561745,-0.0035510645026972263,0.018718013090593958,-0.019983860030863526,18.86134380929512,-0.3267503693378313,320.8668823503294,72.4243536412762,0.9964179807293974,-0.2602254182672691,0.860174089906967,-0.5662743113420791,0.0,-0.013796759175718251,,
46.5,5.922597977910691,-0.27421367866364804,7.740334935419839,-0.02216003564798222,-0.01116577151520839,-0.013411050366405126,18.960985607368062,-0.3281300452554031,322.66611241715907,71.81044768942242,0.9964179807293974,-0.261600152159117,0.8589489562773713,-0.56876192070192,0.0,-0.013796759175718251,,
46.6,5.979907295372237,-0.2803120421848542,7.62158451056416,-0.012822702324317918,-0.004777440246763622,-0.015471723884268297,19.060627405441004,-0.32950972117297495,324.4739196743086,71.19082926339448,0.9964179807293974,-0.2629748860509649,0.8577185966498004,-0.5712472249170798,0.0,-0.013796759175718251,,
46.7,5.777447574547437,-0.22464027205581724,8.122945482332055,-0.01231594361495843,-0.0037619080624705452,-0.01743598212954744,19.160269203513945,-0.33088939709054677,326.29029176595867,70.56547353329043,0.9964179807293974,-0.26434961994281286,0.8564830150563254,-0.5737302143035397,0.0,-0.013796759175718251,,
46.800000000000004,5.851267409120973,-0.19922830568191874,7.906407471461254,0.0007870311881826488,-0.0008027629426827765,-0.009487963885439031,19.259911001586886,-0.3322690730081186,328.1152162841108,69.93435569245344,0.9964179807293974,-0.26572435383466075,0.8552422155457908,-0.576210879184023,0.0,-0.013796759175718251,,
46.900000000000006,5.9293459338022085,-0.24664280583227174,8.30128644512213,-0.016603193893404172,0.007361389487662056,0.0026309997809755726,19.359552799659827,-0.3336487489256904,329.94868076862787,69.29745095756839,0.9964179807293974,-0.2670990877265087,0.8539962021838016,-0.5786892098880247,0.0,-0.013796759175718251,,
47.0,5.6888968274904,-0.22850360943961218,7.929239859568789,-0.002255765500032301,0.0010292835572222304,-0.0056083575541066326,19.45919459773277,-0.33502842484326223,331.7906727072753,68.65473456875858,0.9964179807293974,-0.2684738216183566,0.8527449790527136,-0.5811651967518374,0.0,-0.013796759175718251,339.64097736802364,69.6896077308045
47.1,6.127493969844543,0.019779158464625995,7.7536718545487515,-0.020392109285994872,-0.0019838587265964135,-0.015170966036502856,19.55883639580571,-0.33640810076083405,333.6411795357616,68.00618178968233,0.9964179807293974,-0.26984855551020454,0.851488550251622,-0.5836388301185801,0.0,-0.013796759175718251,,
47.2,6.294888429189877,-0.22457833556475848,7.9037739219348,-0.0077533200218447215,0.0070265710449891865,-0.03150773112079756,19.65847819387865,-0.33778777667840587,335.50018863777973,67.3517679076294,0.9964179807293974,-0.2712232894020524,0.8502269198963498,-0.5861101003382259,0.0,-0.013796759175718251,,
47.300000000000004,5.836319627814496,-0.13361035500207702,8.040506424501107,-0.017711341509430656,-0.010088382379045807,-0.009532441732232937,19.75811999195159,-0.3391674525959777,337.36768734504847,66.69146823361744,0.9964179807293974,-0.2725980232939003,0.8489600921194376,-0.5885789977676297,0.0,-0.013796759175718251,,
47.400000000000006,5.855959783668647,-0.3358407235085781,7.930277439271763,-0.005151123937872147,0.01391476667181832,-0.007024640383972284,19.857761790024533,-0.3405471285135495,339.2436629373539,66.02525810248841,0.9964179807293974,-0.27397275718574826,0.8476880710701318,-0.5910455127705563,0.0,-0.013796759175718251,,
47.5,5.9784898328406255,-0.6224698727726413,8.361813021577614,-0.005085665469214438,-0.011614532305439754,-0.01531193748208119,19.957403588097474,-0.34192680443112133,341.12810264259105,65.3531128730048,0.9964179807293974,-0.27534749107759615,0.8464108609143737,-0.593509635717707,0.0,-0.013796759175718251,,
47.6,6.075478817996308,-0.2978884982118066,7.76791385930348,-0.010215760750040655,-0.007596859152775922,-0.0169382328985175,20.057045386170415,-0.34330648034869315,343.02099363680554,64.67500792794593,0.9964179807293974,-0.2767222249694441,0.845128465834788,-0.5959713569867491,0.0,-0.013796759175718251,,
47.7,5.982725907270895,-0.21844255692310743,7.524886014306961,-0.013710791514016739,0.012895334709165053,-0.007285635635247607,20.156687184243356,-0.344686156266265,344.9223230442359,63.99091867420402,0.9964179807293974,-0.278096958861292,0.8438408900306714,-0.5984306669623417,0.0,-0.013796759175718251,,
47.800000000000004,5.990491053625643,-0.27941347198846295,7.867590020131746,-0.00749594313179172,-0.0005437256286807536,-0.013508891856161649,20.256328982316298,-0.3460658321838368,346.8320779373554,63.30082054288032,0.9964179807293974,-0.27947169275313993,0.8425481377179821,-0.6008875560361651,0.0,-0.013796759175718251,,
47.900000000000006,5.965587830080488,-0.15326820794339127,7.990715951867794,-0.005698731937623344,-0.008130655717217947,0.005434542088987606,20.35597078038924,-0.3474455081014086,348.75024533691465,62.60468898938114,0.9964179807293974,-0.2808464266449878,0.8412502131293274,-0.603342014606947,0.0,-0.013796759175718251,,
48.0,5.837170795092745,-0.24193515921761582,8.053524386668446,-0.015568571078840973,-0.0010123404509745236,0.0030397580482091745,20.45561257846218,-0.34882518401898044,350.676812211984,61.902499493513744,0.9964179807293974,-0.28222116053683577,0.8399471205139525,-0.6057940330804917,0.0,-0.013796759175718251,365.66235348967547,60.798936360026815
48.1,5.9917645271630295,-0.31574478585782795,7.821323928255043,-0.024785744764416966,0.01168726820850163,-0.021002859482332582,20.55525437653512,-0.35020485993655226,352.611765479996,61.19422755958225,0.9964179807293974,-0.28359589442868366,0.8386388641377298,-0.6082436018697059,0.0,-0.013796759175718251,,
48.2,6.100124540432349,-0.33343598089088433,8.069554929095533,-0.0011668977157876194,0.0021084830300446525,0.0012911676219867045,20.654896174608062,-0.3515845358541241,354.55509200678864,60.47984871648344,0.9964179807293974,-0.2849706283205316,0.8373254482831461,-0.6106907113946279,0.0,-0.013796759175718251,,
48.300000000000004,5.709628867252501,-0.44737966164599074,7.832441329195031,0.005396671371558019,0.016240677146605428,-0.01196130367803519,20.754537972681003,-0.3529642117716959,356.50677860664797,59.75933851780245,0.9964179807293974,-0.2863453622123795,0.8360068772492922,-0.6131353520824544,0.0,-0.013796759175718251,,
48.400000000000006,5.930894812525374,-0.24454990940103108,7.850351027742701,-0.01105541621016753,-0.019707227763206173,0.012154551658137577,20.854179770753944,-0.3543438876892677,358.46681204235136,59.03267254190846,0.9964179807293974,-0.28772009610422744,0.8346831553518508,-0.6155775143675684,0.0,-0.013796759175718251,,
48.5,6.293356492349728,-0.17754455153626447,7.9653524602639445,-0.007004803485148765,-0.007771364749836801,-0.011194778005172596,20.953821568826886,-0.35572356360683954,360.43517902521097,58.299826392050285,0.9964179807293974,-0.28909482999607533,0.8333542869230844,-0.6180171886915661,0.0,-0.013796759175718251,,
48.6,5.676877208663561,-0.5532978825589918,7.607336803879056,0.005525581753748473,-0.0104532653077952,-0.019116698597506337,21.053463366899827,-0.35710323952441136,362.4118662151171,57.560775696451834,0.9964179807293974,-0.2904695638879233,0.8320202763118248,-0.6204543655032857,0.0,-0.013796759175718251,,
48.7,5.834039135044741,-0.11513031940287935,7.990724536107697,-0.014613213463700089,0.006025467649232869,-0.010264572386898443,21.153105164972768,-0.3584829154419832,364.3968602205817,56.81549610840761,0.9964179807293974,-0.29184429777977117,0.8306811278834598,-0.6228890352588335,0.0,-0.013796759175718251,,
48.800000000000004,5.849701765216408,-0.44971964676800247,7.776487572937471,-0.009386342369018134,-0.005741651134777626,-0.02339742448584485,21.25274696304571,-0.359862591359555,366.3901475987825,56.06396330637803,0.9964179807293974,-0.29321903167161906,0.8293368460199232,-0.6253211884216127,0.0,-0.013796759175718251,,
48.900000000000006,5.762923624562766,-0.3587587630458908,7.711546890883352,-0.01331818919995109,-0.007460486899880399,-0.002471250534776713,21.35238876111865,-0.3612422672771268,368.3917148556069,55.306152994084755,0.9964179807293974,-0.294593765563467,0.8279874351196808,-0.6277508154623497,0.0,-0.013796759175718251,,
49.0,5.7991469394433635,-0.22797008881782238,7.922730116930918,-0.007150975902559424,-0.001544340507365411,0.01846304419658691,21.45203055919159,-0.36262194319469865,370.40154844569594,54.54204090060589,0.9964179807293974,-0.2959684994553149,0.8266328995977208,-0.6301779068591226,0.0,-0.013796759175718251,372.5413002101568,56.02934147590256
49.1,6.005683050597435,0.02060746966260546,7.97726219177301,0.0029695407487030645,-0.0034500265657074224,0.01346692946482257,21.551672357264533,-0.36400161911227047,372.41963477248885,53.77160278047112,0.9964179807293974,-0.29734323334716284,0.8252732438855404,-0.6326024530973877,0.0,-0.013796759175718251,,
49.2,5.78728605178269,-0.3085670840561411,7.80182847734153,-0.007907587108184976,-0.014610874397487704,-0.00927550956874994,21.651314155337474,-0.3653812950298423,374.4459601882673,52.99481441375681,0.9964179807293974,-0.29871796723901073,0.823908472431134,-0.6350244446700077,0.0,-0.013796759175718251,,
49.300000000000004,6.204768507248092,-0.3200651683900524,7.763820309785153,-0.005713573747168524,0.0037425011135840992,-0.0265700110720391,21.750955953410415,-0.3667609709474141,376.48051099420024,52.21165160618096,0.9964179807293974,-0.3000927011308587,0.8225385896989821,-0.6374438720772788,0.0,-0.013796759175718251,,
49.400000000000006,5.8575985147801815,-0.30139743276131836,7.830906412506773,-0.02199771904269258,0.02110488339666359,-0.0043514662949112395,21.850597751483356,-0.36814064686498593,378.52327344038866,51.42209018919817,0.9964179807293974,-0.30146743502270656,0.8211636001700379,-0.6398607258269582,0.0,-0.013796759175718251,,
49.5,5.972482922457224,-0.35191403298664836,7.939700324614764,0.0046714610269253404,0.0016659763179448445,-0.019032136079835858,21.950239549556297,-0.36952032278255775,380.5742337259106,50.626106020094475,0.9964179807293974,-0.3028421689145545,0.8197835083417164,-0.6422749964342909,0.0,-0.013796759175718251,,
49.6,5.866894460217915,-0.26267230601671376,7.987480985224193,-0.02028377121365047,-0.0034268993182197493,-0.022738574067516934,22.04988134762924,-0.3708999987001296,382.633377998866,49.82367498208209,0.9964179807293974,-0.3042169028064024,0.8183983187278814,-0.6446866744220379,0.0,-0.013796759175718251,,
49.7,5.685958377206127,-0.21349215672076588,7.701250891697829,-0.0065492019017880185,0.006871538553753941,-0.01710942464544439,22.14952314570218,-0.3722796746177014,384.70069235642256,49.01477298439415,0.9964179807293974,-0.30559163669825035,0.817008035858834,-0.6470957503205035,0.0,-0.013796759175718251,,
49.800000000000004,5.930154623286159,-0.17832825712063455,7.871591993861093,-0.00376218002686003,-0.0010955385998273205,-0.003975354937070627,22.24916494377512,-0.3736593505352732,386.7761628448606,48.1993759623793,0.9964179807293974,-0.30696637059009824,0.8156126642812997,-0.6495022146675614,0.0,-0.013796759175718251,,
49.900000000000006,5.852574398258599,-0.176983331722819,8.133561614437935,-0.00035794573436617825,0.0007852721534704098,-0.015248446731579284,22.348806741848062,-0.37503902645284504,388.85977545961913,47.37745987759626,0.9964179807293974,-0.3083411044819462,0.8142122085584169,-0.6519060580086835,0.0,-0.013796759175718251,,
50.0,3.5964579353575785,-1.4591204428129505,9.278195747288592,-0.042261917018923914,-0.0019332193912992093,-0.04797942887681497,22.448448539921003,-0.37641870237041686,390.9374533077721,46.54774824821249,-1.5271537589699968,-1.5765500454227064,-1.999760840587574,-0.904801210051693,0.0,-0.07022979973957053,395.0680029870647,48.202332681099065
50.1,3.6996528585570423,-1.4468252170819005,9.160161382562285,-0.03633920673107943,0.012821352418972778,-0.047317602495924836,22.295733164024004,-0.3834416823443739,392.9951104227778,45.7092287447284,-1.5271537589699968,-1.5658248751563069,-2.0020534319694416,-0.8807883961167033,0.0,-0.07022979973957053,,
50.2,3.740255964155841,-1.5182266056182927,9.483664076591749,-0.02931997746322434,0.008143379334470933,-0.05254558869657046,22.143017788127004,-0.390464662318331,395.0327262634635,44.86214136792929,-1.5271537589699968,-1.5550997048899073,-2.0041075732970755,-0.8567884980193043,0.0,-0.07022979973957053,,
50.300000000000004,3.9052433347441164,-1.3827352666499513,9.25352152522148,-0.0256553865717054,-0.0021327735852260145,-0.06477758294937896,21.990302412230005,-0.39748764229228806,397.05028267019304,44.0067259678045,-1.5271537589699968,-1.5443745346235078,-2.0059235624999965,-0.8328036792288392,0.0,-0.07022979973957053,,
50.400000000000006,3.8471792679438805,-1.3513001090605918,9.098356577359102,-0.028751080259514707,0.016606039803599926,-0.03738148385528807,21.837587036333005,-0.4045106222662451,399.04776386170187,43.14322222194827,-1.5271537589699968,-1.5336493643571083,-2.007501716124705,-0.8088360996428875,0.0,-0.07022979973957053,,
50.5,3.9729430081356187,-1.5097642518540744,9.124901553747643,-0.04468270711573873,0.010249317737428425,-0.04464518062685776,21.684871660436006,-0.4115336022402022,401.0251564317452,42.27186961399792,-1.5271537589699968,-1.5229241940907088,-2.008842369299037,-0.784887915432552,0.0,-0.07022979973957053,,
50.6,3.73964450259218,-1.4176837160375446,9.207556092039514,-0.038201844268234184,0.0005800523602798925,-0.05011341579840103,21.532156284539006,-0.41855658221415926,402.9824493455615,41.39290741211081,-1.5271537589699968,-1.5121990238243093,-2.0099458756952684,-0.7609612788880695,0.0,-0.07022979973957053,,
50.7,3.754674173442985,-1.6572904212864112,9.068573837814307,-0.032174612496737205,-0.0064889254573941915,-0.048830953844520096,21.379440908642007,-0.4255795621881163,404.9196339361507,40.50657464748166,-1.5271537589699968,-1.5014738535579097,-2.010812607491962,-0.7370583382647584,0.0,-0.07022979973957053,,
50.800000000000004,3.811553976561427,-1.3780327130019758,9.373979291246046,-0.022169895191085927,0.002650761620695604,-0.05530796927095993,21.226725532745007,-0.4326025421620734,406.8367039003675,39.61311009290178,-1.5271537589699968,-1.4907486832915102,-2.0114429553345743,-0.7131812376293112,0.0,-0.07022979973957053,,
50.900000000000006,3.7725059137639634,-1.350941541639459,9.124335608918877,-0.048625183446549994,0.006535323449069537,-0.041436283923837566,21.074010156848008,-0.43962552213603046,408.733655294831,38.71275224136163,-1.5271537589699968,-1.480023513025111,-2.0118373282948094,-0.6893321167064428,0.0,-0.07022979973957053,,
51.0,4.108261991466025,-1.6834225372633687,9.177241115897996,-0.03608072955910265,-0.0037318493692640774,-0.0829410760565643,20.92129478095101,-0.4466485021099875,410.6104865316496,37.80573928469847,-1.5271537589699968,-1.4692983427587114,-2.0119961538287336,-0.6655131107259046,0.0,-0.07022979973957053,411.1848093468333,41.45685689909078
51.1,3.588345405904897,-1.197989680093834,8.885834490852755,-0.02378661884245544,-0.001424770540806001,-0.05437122811829562,20.76857940505401,-0.4536714820839446,412.4671983739634,36.892309092290375,-1.5271537589699968,-1.4585731724923119,-2.0119198777336504,-0.6417263502698732,0.0,-0.07022979973957053,,
51.2,3.905597393183982,-1.3804792782917295,9.010087548028181,-0.03544056149524358,-0.030052859340804604,-0.06069272192443478,20.61586402915701,-0.46069446205790165,414.30379393130306,35.97269918979827,-1.5271537589699968,-1.4478480022259124,-2.011608964103739,-0.6179739611207254,0.0,-0.07022979973957053,,
51.300000000000004,3.827179760232533,-1.5058978272163268,9.165208346019968,-0.030120865305408164,-0.0038086818880421498,-0.053599447778954486,20.46314865326001,-0.4677174420318587,416.12027865476637,35.04714673795754,-1.5271537589699968,-1.4371228319595128,-2.0110638952844586,-0.5942580641092066,0.0,-0.07022979973957053,,
51.400000000000006,3.797279524877169,-1.3103008483032925,9.216406472897779,-0.04018751204833903,0.004080942375158038,-0.05695065155214731,20.31043327736301,-0.4747404220058158,417.9166603320126,34.11588851142057,-1.5271537589699968,-1.4263976616931133,-2.010285171825726,-0.5705807749630052,0.0,-0.07022979973957053,,
51.5,3.836350447399371,-1.5703365968781686,9.13319652408281,-0.037970669428006296,0.010485361755235487,-0.05483200268662824,20.15771790146601,-0.48176340197977285,419.6929490820754,33.179160877651945,-1.5271537589699968,-1.4156724914267138,-2.009273312433864,-0.5469442041557423,0.0,-0.07022979973957053,,
51.6,3.6002936370288587,-1.3908912654350978,8.934903040480982,-0.04545595813381258,-0.013437617945439483,-0.05347151271748104,20.00500252556901,-0.4887863819537299,421.44915734999483,32.237199775877585,-1.5271537589699968,-1.4049473211603143,-2.0080288539223283,-0.5233504567563835,0.0,-0.07022979973957053,,
51.7,3.7774123767000254,-1.3180461901533926,9.330516189771835,-0.037068764505723356,-0.006410606913359262,-0.05506908267899325,19.852287149672012,-0.495809361927687,423.1852999012684,31.29024069608951,-1.5271537589699968,-1.3942221508939148,-2.006552351161216,-0.499801632279087,0.0,-0.07022979973957053,,
51.800000000000004,3.6235049344798114,-1.611011608818273,9.242776223226569,-0.0539233156834107,-0.01427480716468544,-0.031042963946690923,19.699571773775013,-0.502832341901644,424.9013938161223,30.338518658107596,-1.5271537589699968,-1.3834969806275152,-2.00484437702556,-0.47629982453349473,0.0,-0.07022979973957053,,
51.900000000000006,3.9007041601401586,-1.2873151187892886,9.266938211617298,-0.03851556034914811,0.002962778258675649,-0.05302264349553348,19.546856397878013,-0.5098553218756011,426.5974584836033,29.38226819069991,-1.5271537589699968,-1.3727718103611157,-2.002905522342405,-0.45284712147547546,0.0,-0.07022979973957053,,
52.0,3.680679337077602,-1.245406845055243,9.182621091332598,-0.03491488941129025,0.009551169501103343,-0.06150537034654294,19.394141021981014,-0.5168783018495582,428.27351559549106,28.421723310763046,-1.5271537589699968,-1.3620466400947162,-2.0007363958366873,-0.4294456050583343,0.0,-0.07022979973957053,422.17035773890433,26.947761833976323
52.1,3.5792499547335805,-1.2584764138457016,9.101408558077395,-0.04165510217941655,-0.0021433305800564,-0.06597964776709983,19.241425646084014,-0.5239012818235153,429.9295891400328,27.45711750256397,-1.5271537589699968,-1.3513214698283167,-1.9983376240759,-0.40609735108449097,0.0,-0.07022979973957053,,
52.2,3.832877883068118,-1.0006985607671253,9.088130527405648,-0.031346740489325654,-0.004742893199968268,-0.04658690764333916,19.088710270187015,-0.5309242617974723,431.5657053954995,26.488683697044877,-1.5271537589699968,-1.3405962995619172,-1.9957098514135638,-0.3828044290576432,0.0,-0.07022979973957053,,
52.300000000000004,3.6705902312202516,-1.2546619145730307,9.050918760522103,-0.06145296799566889,-0.010132868448328267,-0.05722668476384671,18.935994894290015,-0.5379472417714294,433.18189292356504,25.51665425119248,-1.5271537589699968,-1.3298711292955177,-1.9928537399315003,-0.35956890203542147,0.0,-0.07022979973957053,,
52.400000000000006,3.6911498181005222,-1.4735237863351027,9.020108117230182,-0.04285603869257549,-0.001504089408793925,-0.04854125660915766,18.783279518393016,-0.5449702217453865,434.77818256250873,24.541260927473243,-1.5271537589699968,-1.3191459590291181,-1.9897699693809154,-0.33639282648254265,0.0,-0.07022979973957053,,
52.5,3.9108208773488418,-1.2847773933322697,9.276500616075651,-0.019668119051479093,0.019374885621449373,-0.033890436985697235,18.630564142496016,-0.5519932017193435,436.3546074202417,23.562734873336005,-1.5271537589699968,-1.3084207887627186,-1.9864592371222916,-0.313278252124478,0.0,-0.07022979973957053,,
52.6,3.5577772469550966,-1.3179533794545926,9.141908045759358,-0.028704423572912686,0.0011996923323912038,-0.058422107197566915,18.477848766599017,-0.5590161816933006,437.9112028671575,22.58130660078345,-1.5271537589699968,-1.297695618496319,-1.9829222580641024,-0.2902272218016374,0.0,-0.07022979973957053,,
52.7,3.728576107673372,-1.2036675334332951,9.095200825978974,-0.03703415020004103,0.0102861923148483,-0.07445841569414526,18.325133390702018,-0.5660391616672577,439.44800652880843,21.597205966013895,-1.5271537589699968,-1.2869704482299198,-1.9791597646003405,-0.2672417713240881,0.0,-0.07022979973957053,,
52.800000000000004,3.6890407921497994,-0.9280273970704986,9.15614821255926,-0.043402017608352376,0.0014132135308279406,-0.06489177302179969,18.172418014805018,-0.5730621416412147,440.965058278407,20.610662149134818,-1.5271537589699968,-1.2762452779635203,-1.9751725065468797,-0.24432392932680624,0.0,-0.07022979973957053,,
52.900000000000006,3.661361779800566,-1.0973329730694559,9.311810461930914,-0.0484663059314773,0.005500103568716961,-0.06587883234295208,18.01970263890802,-0.5800851216151718,442.4624002291546,19.621903633949575,-1.5271537589699968,-1.2655201076971208,-1.9709612510766608,-0.22147571712548286,0.0,-0.07022979973957053,,
53.0,3.839893475504612,-1.1706849831113997,9.026472047177803,-0.038345508250094654,-0.00453770238410461,-0.05756608937316832,17.86698726301102,-0.5871081015891289,443.9400767263962,18.63115818781875,-1.5271537589699968,-1.2547949374307212,-1.9665267826537147,-0.19869914857288196,0.0,-0.07022979973957053,445.25822668866493,15.408769931298295
53.1,3.7397332712374527,-1.4156654003213718,9.157351182237381,-0.04396118576147967,-0.0025893867190425325,-0.05751258645153613,17.71427188711402,-0.5941310815630859,445.39813433960404,17.638652841597583,-1.5271537589699968,-1.2440697671643217,-1.961869902966024,-0.17599622991576935,0.0,-0.07022979973957053,,
53.2,3.855005763447645,-0.8698133559853606,9.216124918764844,-0.026093100367005916,0.0017130392933568954,-0.05997374814904841,17.56155651121702,-0.601154061537043,446.83662185418865,16.644613869650854,-1.5271537589699968,-1.2333445968979222,-1.9569914308572292,-0.15336895965241626,0.0,-0.07022979973957053,,
53.300000000000004,3.711501685174705,-1.377342202063202,9.183166956245259,-0.05588809191133944,-0.016391881689624386,-0.055384466680413726,17.40884113532002,-0.608177041511,448.2555902631397,15.6492667699467,-1.5271537589699968,-1.2226194266315227,-1.9518922022571825,-0.13081932839068633,0.0,-0.07022979973957053,,
53.400000000000006,3.773078102549141,-1.2305086144449056,9.056942972729125,-0.03482645865237913,0.0021207353017570524,-0.039801306560183415,17.25612575942302,-0.6152000214849571,449.6550927584966,14.65283624423072,-1.5271537589699968,-1.2118942563651232,-1.9465730701113575,-0.10834931870671971,0.0,-0.07022979973957053,,
53.5,3.530592615097417,-0.8812653026642184,9.231508584711033,-0.03753432941581241,-0.009548958762306364,-0.06886820055498434,17.103410383526022,-0.6222230014589142,451.03518472264926,13.655546178281835,-1.5271537589699968,-1.2011690860987236,-1.9410349043091137,-0.08596090500421938,0.0,-0.07022979973957053,,
53.6,3.874081899996163,-1.1185175834836398,9.299541865720215,-0.030004088522235014,-0.00429763840417987,-0.059104081699336224,16.950695007629022,-0.6292459814328712,452.39592371947066,12.657619622251252,-1.5271537589699968,-1.1904439158323241,-1.9352785916108282,-0.06365605337434876,0.0,-0.07022979973957053,,
53.7,4.064777985314375,-0.917635064425915,8.909076292340472,-0.04170129400701642,0.007545823980808241,-0.0493667529308467,16.797979631732023,-0.6362689614068283,453.73736948528114,11.659278771085958,-1.5271537589699968,-1.1797187455659246,-1.9293050355738948,-0.041436721456253434,0.0,-0.07022979973957053,,
53.800000000000004,3.9549287543778404,-1.2887202697577957,9.386926082241885,-0.03391899713313279,-0.014345504290895253,-0.06784976939014523,16.645264255835023,-0.6432919413807854,455.05958391964543,10.660744945038127,-1.5271537589699968,-1.168993575299525,-1.9231151564775948,-0.01930485829821038,0.0,-0.07022979973957053,,
53.900000000000006,3.8838608277393405,-1.062586280543087,9.130855986832199,-0.01814312338865364,0.004622683361419142,-0.058047855091014046,16.492548879938024,-0.6503149213547424,456.3626310760036,9.662238570261804,-1.5271537589699968,-1.1582684050331256,-1.9167098912468505,0.0027375957805811924,0.0,-0.07022979973957053,,
54.0,3.6843027414891987,-1.2436421510056246,9.19211236540811,-0.03709817412688638,-0.015561497290223806,-0.06854704960082683,16.339833504041025,-0.6573379013286995,457.64657715213576,8.663979159498274,-1.5271537589699968,-1.147543234766726,-1.9100901933748604,0.024688709327561176,0.0,-0.07022979973957053,460.65209435542823,6.393399839357697
54.1,3.760193039775834,-1.398478242823738,9.269876662364327,-0.014475894705137101,0.02859656479399916,-0.048168050117664486,16.187118128144025,-0.6643608813026566,458.9114904804624,7.666185292851449,-1.5271537589699968,-1.1368180645003265,-1.9032570328446234,0.04654655989371359,0.0,-0.07022979973957053,,
54.2,3.9647026493997286,-0.9987973666881131,9.208345146939418,-0.05848116456756329,-0.006599125955256206,-0.0712580453762985,16.034402752247026,-0.6713838612766136,460.15744151818035,6.669074598654673,-1.5271537589699968,-1.126092894233927,-1.8962113960493614,0.06830923416980539,0.0,-0.07022979973957053,,
54.300000000000004,3.5985032898893095,-1.0691936278802925,8.902848371833725,-0.037854110446874444,0.003580141055900374,-0.060646593349022414,15.881687376350026,-0.6784068412505707,461.38450283723535,5.67286373443026,-1.5271537589699968,-1.1153677239675275,-1.888954285711838,0.08997482812194924,0.0,-0.07022979973957053,,
54.400000000000006,3.8560668032755734,-1.4027478792063977,8.98643788517758,-0.06766257402420353,0.00017358602675112325,-0.04884794402639276,15.728972000453027,-0.6854298212245278,462.59274911413235,4.677768367943154,-1.5271537589699968,-1.104642553701128,-1.8814867208025863,0.1115414471264854,0.0,-0.07022979973957053,,
54.5,3.927268527240774,-0.9492721703196827,9.362547763724736,-0.03830475597296867,-0.0030465065765128965,-0.05717689275971873,15.576256624556027,-0.6924528011984848,463.78225711958413,3.6840031583500177,-1.5271537589699968,-1.0939173834347284,-1.8738097364570496,0.13300720610416827,0.0,-0.07022979973957053,,
54.6,3.605641876361092,-1.2275101067038705,9.147089078174744,-0.02145839429111186,-0.0018191448570365426,-0.05631622033491664,15.423541248659028,-0.6994757811724419,464.95310570799904,2.691781737445113,-1.5271537589699968,-1.0831922131683291,-1.8659243838916333,0.15437022965365588,0.0,-0.07022979973957053,,
54.7,3.7070166409333134,-1.2163567861294373,9.041565500100912,-0.047934522821111214,0.01970535689535938,-0.04576316398835234,15.270825872762028,-0.706498761146399,466.1053758068088,1.701316691004283,-1.5271537589699968,-1.0724670429019296,-1.8578317303186882,0.17562865218428636,0.0,-0.07022979973957053,,
54.800000000000004,4.112409979367749,-0.8426482595305345,9.22988304554237,-0.05046592922168665,-0.007780455131128821,-0.06684415846182581,15.118110496865029,-0.713521741120356,467.2391504056372,0.7128195402283612,-1.5271537589699968,-1.06174187263553,-1.8495328588604165,0.1967806180481403,0.0,-0.07022979973957053,,
54.900000000000006,3.6237642555016154,-1.0646572237318206,8.953397500976235,-0.05411119223488614,-0.011828185898714294,-0.08012320710119233,14.96539512096803,-0.7205447210943131,468.35451454531056,-0.2734992767126733,-1.5271537589699968,-1.0510167023691306,-1.841028868461715,0.21782428167137258,0.0,-0.07022979973957053,,
55.0,3.9576559541832297,-0.9852481764794214,9.01895766131973,-0.006893257018870336,-0.0027969061950121267,-0.0453930415052235,14.81267974507103,-0.7275677010682702,469.45155530671093,-1.2574304230334983,-1.5271537589699968,-1.040291532102731,-1.8323208738019603,0.23875780768481392,0.0,-0.07022979973957053,462.7365494694987,5.377946270866036
55.1,3.89331366705559,-1.0228179001655744,8.95785356036626,-0.03440689969369905,0.003227234480523576,-0.07821043513390302,14.65996436917403,-0.7345906810422272,470.53036179947276,-2.2387656815839017,-1.5271537589699968,-1.0295663618363315,-1.8234100052057385,0.25957937105382534,0.0,-0.07022979973957053,,
55.2,3.78124196766239,-0.9183708488118973,9.083230388736125,-0.04958776391524611,-0.01359802921875191,-0.07052942155382202,14.507248993277031,-0.7416136610161843,471.5910251505238,-3.217297972994599,-1.5271537589699968,-1.018841191569932,-1.814297408552529,0.2802871572074036,0.0,-0.07022979973957053,,
55.300000000000004,3.8410433511064936,-0.6868619680596806,9.061253659507004,-0.019301242205486714,-0.007815258097659896,-0.04475450583181225,14.354533617380032,-0.7486366409901414,472.6336384924721,-4.19282137371713,-1.5271537589699968,-1.0081160213035325,-1.8049842451853477,0.3008793621665262,0.0,-0.07022979973957053,,
55.400000000000006,3.575353333986593,-0.8518674427846403,9.253521894259716,-0.046953728085198466,0.013174357749854058,-0.050899543025435916,14.201818241483032,-0.7556596209640984,473.65829695183817,-5.165131133956559,-1.5271537589699968,-0.997390851037133,-1.795471691818356,0.3213541926717277,0.0,-0.07022979973957053,,
55.5,3.688579994251067,-0.7935899556396857,9.41463757335795,-0.045368810764890743,0.008161849141344336,-0.048256228066262855,14.049102865586033,-0.7626826009380555,474.6650976371355,-6.134023695495715,-1.5271537589699968,-0.9866656807707335,-1.785760940443439,0.34170986630990063,0.0,-0.07022979973957053,,
55.6,3.6825579990719843,-0.9901154749379056,9.548552141681583,-0.055462516044970975,0.010115398184438384,-0.04953842987686766,13.896387489689033,-0.7697055809120126,475.6541396267984,-7.099296709409697,-1.5271537589699968,-0.975940510504334,-1.7758531982357653,0.36194461164031044,0.0,-0.07022979973957053,,
55.7,3.98097410772637,-0.9888292927204215,9.055931801529686,-0.04529648565735619,-0.005730560121542453,-0.05835439953347002,13.743672113792034,-0.7767285608859696,476.6255239569595,-8.060749053669413,-1.5271537589699968,-0.9652153402379344,-1.7657496874583274,0.38205666831982166,0.0,-0.07022979973957053,,
55.800000000000004,3.7187638368514047,-0.9156639923779997,8.952476507065109,-0.0333894249254271,-0.006583174639032249,-0.047576400096528304,13.590956737895034,-0.7837515408599267,477.579353609077,-9.018180850632897,-1.5271537589699968,-0.9544901699715349,-1.7554516453654763,0.4020442872273188,0.0,-0.07022979973957053,,
55.900000000000006,3.7409764126115297,-0.8529374385607239,9.007818392523742,-0.04592330454793977,-0.0038635711557380844,-0.08351563094637562,13.438241361998035,-0.7907745208338838,478.51573349741307,-9.971393484423162,-1.5271537589699968,-0.9437649997051355,-1.7449603241054523,0.42190573058732095,0.0,-0.07022979973957053,,
56.0,4.138780120620233,-0.7363036447250436,9.214369195267984,-0.034507010030476175,0.007263219865865508,-0.03873043284508955,13.285525986101035,-0.7977975008078408,479.4347704563645,-10.920189618191376,-1.5271537589699968,-0.933039829438736,-1.7342769906219175,0.4416392720927812,0.0,-0.07022979973957053,479.70903770777846,-13.961630873209286
56.1,3.836665374085813,-0.9636735850192266,8.916604472612251,-0.03742507137963439,0.003536191266095011,-0.050086895543533655,13.132810610204036,-0.8048204807817979,480.33657322764617,-11.864373211264127,-1.5271537589699968,-0.9223146591723365,-1.7234029265545048,0.46124319702705996,0.0,-0.07022979973957053,,
56.2,3.7504581279010023,-0.7257032276374107,9.192643493570747,-0.04045936564242492,-0.001466871184766882,-0.050225798384198946,12.980095234307036,-0.811843460755755,481.2212524473284,-12.803749536173573,-1.5271537589699968,-0.9115894889059369,-1.7123394281383761,0.48071580238506595,0.0,-0.07022979973957053,,
56.300000000000004,3.881146391269462,-0.48513516235805265,9.025429126568545,-0.031089992351366495,0.004872976221415153,-0.055952827968295336,12.827379858410037,-0.818866440729712,482.0889206327299,-13.738125195569282,-1.5271537589699968,-0.9008643186395374,-1.701087806102814,0.5000553969935579,0.0,-0.07022979973957053,,
56.400000000000006,3.7167962724933896,-0.7948206727303265,9.250742497715345,-0.044501404943895165,-0.021408674862670986,-0.06281154291909997,12.674664482513037,-0.8258894207036691,482.93969216916616,-14.667308139010544,-1.5271537589699968,-0.8901391483731379,-1.6896493855688357,0.5192603016305998,0.0,-0.07022979973957053,,
56.5,3.729133678593737,-0.9058249693992112,9.157099775830178,-0.031772091704109266,0.02091861639139168,-0.058120680532484814,12.521949106616038,-0.8329124006776262,483.7736832965556,-15.591107679637988,-1.5271537589699968,-0.8794139781067384,-1.6780255059458533,0.5383288491441576,0.0,-0.07022979973957053,,
56.6,3.9148119903849854,-0.7981909796160044,9.012134308109863,-0.026495170048476818,0.007814930050799281,-0.05121903690786472,12.369233730719039,-0.8399353806515832,484.59101209588323,-16.509334510723328,-1.5271537589699968,-0.8686888078403389,-1.6662175208273702,0.557259384569836,0.0,-0.07022979973957053,,
56.7,3.8015479336814493,-0.8175732796010092,9.185877805620587,-0.04846036691376384,0.014572336245930706,-0.04824653161884036,12.216518354822039,-0.8469583606255403,485.391798475524,-17.421800722096062,-1.5271537589699968,-0.8579636375739393,-1.654226797885738,0.5760502652477428,0.0,-0.07022979973957053,,
56.800000000000004,3.6744987561545615,-1.1116210154336577,9.04008260297476,-0.041490445953429364,0.007244552253402479,-0.06098081576165928,12.06380297892504,-0.8539813405994974,486.17616415742634,-18.32831981644596,-1.5271537589699968,-0.8472384673075398,-1.642054718765966,0.5946998609384776,0.0,-0.07022979973957053,,
56.900000000000006,3.754922758874266,-0.8753270306173658,9.268486878579388,-0.01266490671606612,0.013590172879904758,-0.04189873915683737,11.91108760302804,-0.8610043205734544,486.9442326631568,-19.228706725500178,-1.5271537589699968,-0.8365132970411404,-1.6297026789786013,0.6132065539382309,0.0,-0.07022979973957053,,
57.0,3.953612360169193,-0.8000145420285235,9.121964127266162,-0.04995584530560174,0.0008171747306086437,-0.03889364077612544,11.75837222713104,-0.8680273005474115,487.6961292998073,-20.122777826073936,-1.5271537589699968,-0.8257881267747409,-1.6171720877916789,0.6315687391929946,0.0,-0.07022979973957053,487.17645360653455,-24.308648857243732
57.1,3.980842549509001,-0.68238441888695,9.3507424772645,-0.040481516292792535,-0.0035218534429443038,-0.03712629160535366,11.605656851234041,-0.8750502805213686,488.431981145766,-21.01035095599348,-1.5271537589699968,-0.8150629565083414,-1.6044643681217556,0.6497848244118701,0.0,-0.07022979973957053,,
57.2,3.779416973352312,-0.8328384332156986,9.16049280099744,-0.03379174165068351,0.0069309241113634755,-0.06177702118507088,11.452941475337042,-0.8820732604953256,489.1519170363524,-21.891245429890347,-1.5271537589699968,-0.8043377862419419,-1.5915809564240293,0.6678532301794692,0.0,-0.07022979973957053,,
57.300000000000004,3.7493184955374397,-0.7619903779642472,9.531849405287474,-0.026459692838734783,0.0007868872860871291,-0.0469522338741978,11.300226099440042,-0.8890962404692827,489.85606754931894,-22.765282054865747,-1.5271537589699968,-0.7936126159755423,-1.578523302581555,0.6857723900674004,0.0,-0.07022979973957053,,
57.400000000000006,3.8280175944204045,-0.6340037903707874,9.220620661958154,-0.035842136213521836,0.003432290348752754,-0.05634278366445097,11.147510723543043,-0.8961192204432398,490.5445649902182,-23.632283146023944,-1.5271537589699968,-0.7828874457091428,-1.5652928697935644,0.7035407507448336,0.0,-0.07022979973957053,,
57.5,3.997956794437709,-0.8350406448182457,9.09303188395446,-0.029917224148533914,-0.008660841735995213,-0.06039951875971033,10.994795347646043,-0.9031422004171968,491.21754337763934,-24.4920725418736,-1.5271537589699968,-0.7721622754427433,-1.5518911344628934,0.7211567720881362,0.0,-0.07022979973957053,,
57.6,3.753501248427545,-0.6488710756158736,9.087507901625939,-0.042946301380982606,-0.013104473323336113,-0.04454969130010952,10.842079971749044,-0.9101651803911539,491.8751384283128,-25.344475619595944,-1.5271537589699968,-0.7614371051763438,-1.5383195860825292,0.7386189272895716,0.0,-0.07022979973957053,,
57.7,3.4421894687296204,-0.7492743348938972,9.244785805837681,-0.04264904126876402,0.003966988905017727,-0.05894017143096738,10.689364595852044,-0.917188160365111,492.51748754208575,-26.189319310178682,-1.5271537589699968,-0.7507119349099443,-1.5245797271212838,0.7559257029650569,0.0,-0.07022979973957053,,
57.800000000000004,3.6640443952145443,-0.8725908003495884,8.9970437179661,-0.040273610963802595,0.010897639033467124,-0.06177830516468019,10.536649219955045,-0.924211140339068,493.1447297867683,-27.026432113414643,-1.5271537589699968,-0.7399867646435448,-1.5106730729085978,0.7730755992609689,0.0,-0.07022979973957053,,
57.900000000000006,3.834511856556675,-0.5765587959382585,9.13830483553222,-0.033038989400608704,-0.011887317411561554,-0.057799455843942825,10.383933844058046,-0.9312341203130251,493.7570058828531,-27.855644112764036,-1.5271537589699968,-0.7292615943771453,-1.4966011515184874,0.7900671299599955,0.0,-0.07022979973957053,,
58.0,3.9807441533249,-0.8282727018251936,8.915953442199884,-0.04311785950061158,0.006569352055681761,-0.0595153987727064,10.231218468161046,-0.9382571002869822,494.3544581881079,-28.67678699007929,-1.5271537589699968,-0.7185364241107458,-1.4823655036526389,0.806898822586021,0.0,-0.07022979973957053,495.0870637737296,-25.044691067565687
58.1,3.9528988136925682,-0.5417084028484102,9.155736662257278,-0.04098425111276164,0.02075768920987231,-0.047542993797466786,10.078503092264047,-0.9452800802609392,494.9372306820435,-29.489694040191452,-1.5271537589699968,-0.7078112538443463,-1.4679676825226595,0.8235692185080432,0.0,-0.07022979973957053,,
58.2,3.576458195832906,-0.7668797232230716,9.213773267196624,-0.05591535849498933,-0.009073485863335598,-0.057420768449175874,9.925787716367047,-0.9523030602348963,495.50546895025764,-30.29420018535711,-1.5271537589699968,-0.6970860835779468,-1.4534092537314942,0.840076873043112,0.0,-0.07022979973957053,,
58.300000000000004,3.675916196770153,-0.724890447261322,9.289412610940174,-0.04789396009438288,0.007071441445781058,-0.06236360866030751,9.773072340470048,-0.9593260402088534,496.0593201686561,-31.090141989564795,-1.5271537589699968,-0.6863609133115472,-1.4386917951540106,0.856420355558287,0.0,-0.07022979973957053,,
58.400000000000006,3.69431967984811,-0.44865670155692183,9.139574082993773,-0.016810716165743606,-0.004665613464834768,-0.050516540380306174,9.620356964573048,-0.9663490201828104,496.59893308755227,-31.8773576726999,-1.5271537589699968,-0.6756357430451477,-1.42381689681677,0.8725982495716021,0.0,-0.07022979973957053,,
58.5,3.7771425826383,-0.6004294634343673,9.148324629174843,-0.029340360330947172,0.002893671914133412,-0.04588913812430523,9.467641588676049,-0.9733720001567675,497.1244580156466,-32.65568712456706,-1.5271537589699968,-0.6649105727787482,-1.4087861607769803,0.8886091528520348,0.0,-0.07022979973957053,,
58.6,3.8027774136123105,-0.7975141883689999,9.316971440881632,-0.047207860156369054,0.006001792539124192,-0.0638689147348781,9.31492621277905,-0.9803949801307246,497.63604680388676,-33.42497191876904,-1.5271537589699968,-0.6541854025123487,-1.39360120100065,0.9044516775184734,0.0,-0.07022979973957053,,
58.7,3.9093174193611695,-0.5902254178473966,9.086068422167074,-0.043373542664962635,-0.010303216535852977,-0.05405600918831764,9.16221083688205,-0.9874179601046816,498.13385282921,-34.18505532644117,-1.5271537589699968,-0.6434602322459493,-1.3782636432399449,0.9201244501376739,0.0,-0.07022979973957053,,
58.800000000000004,3.764072994676937,-0.6117519914002278,9.138376064145762,-0.04558141363190461,0.0004732857008780553,-0.04188444390363215,9.00949546098505,-0.9944409400786387,498.618030978169,-34.9357823298403,-1.5271537589699968,-0.6327350619795498,-1.3627751249097546,0.9356261118212007,0.0,-0.07022979973957053,,
58.900000000000006,3.8192135558465,-0.3835611872802563,8.972365151412822,-0.04975146706882808,-0.016014634972994483,-0.04601595480053547,8.856780085088051,-1.0014639200525957,499.08873763044204,-35.67699963578735,-1.5271537589699968,-0.6220098917131502,-1.3471372949634866,0.9509553183213479,0.0,-0.07022979973957053,,
59.0,3.7818687539879363,-0.4886338460311119,9.392039190259329,-0.055404366494517604,-7.39993212879986e-06,-0.050799739954037894,8.704064709191051,-1.0084869000265526,499.54613064222957,-36.408555688962494,-1.5271537589699968,-0.6112847214467507,-1.3313518137680806,0.9661107401260298,0.0,-0.07022979973957053,503.67424687831516,-37.254821047753225
59.1,3.88343117782988,-0.34174237072810953,9.126870310024612,-0.032085099364580844,0.004396194548978729,-0.04908409336121809,8.551349333294052,-1.0155098800005096,499.99036932953715,-37.130300685052106,-1.5271537589699968,-0.6005595511803512,-1.315420352978268,0.9810910625526383,0.0,-0.07022979973957053,,
59.2,3.549712004447466,-0.6254483474576114,9.137413795187184,-0.039543555384945465,-0.007849092262423233,-0.06321036146943092,8.398633957397053,-1.0225328599744665,500.4216144513474,-37.842086583746415,-1.5271537589699968,-0.5898343809139517,-1.2993445954100724,0.9958949858408622,0.0,-0.07022979973957053,,
59.300000000000004,3.8972288120504857,-0.4179074716586988,9.100304304328326,-0.03773857409383631,0.006988663255160382,-0.05300776558399166,8.245918581500053,-1.0295558399484235,500.8400281926814,-38.543767121587045,-1.5271537589699968,-0.5791092106475522,-1.2831262349135657,1.010521225244457,0.0,-0.07022979973957053,,
59.400000000000006,3.7503637329813087,-0.5729699689225912,9.299510838127611,-0.04519518182359839,0.011400009321252026,-0.057313665505378225,8.093203205603054,-1.0365788199223804,501.245774147551,-39.23519782466351,-1.5271537589699968,-0.5683840403811526,-1.2667669762448877,1.0249685111219662,0.0,-0.07022979973957053,,
59.5,3.8179719724917103,-0.5270122507036735,9.136598246306363,-0.05508026435041956,-0.004501709935774459,-0.04906109534451174,7.940487829706054,-1.0436017998963374,501.6390173018032,-39.91623602115774,-1.5271537589699968,-0.5576588701147531,-1.250268534937533,1.0392355890263807,0.0,-0.07022979973957053,,
59.6,3.655824396923336,-0.37269604774431453,9.2625162979146,-0.032499732528088306,-0.004094689811579364,-0.04855698394783957,7.787772453809055,-1.0506247798702943,502.01992401585875,-40.586740853735805,-1.5271537589699968,-0.5469336998483537,-1.2336326371729256,1.0533212197937405,0.0,-0.07022979973957053,,
59.7,3.8030588708115833,-0.3621948823020429,9.455008500906485,-0.03848920748084809,-0.020702604742054192,-0.05400687712373627,7.635057077912055,-1.0576477598442513,502.38866200734435,-41.24657329178596,-1.5271537589699968,-0.5362085295819542,-1.21686101965027,1.0672241796306614,0.0,-0.07022979973957053,,
59.800000000000004,4.084378796207775,-0.6305793424491792,9.211417059888737,-0.02936239592776748,-0.0011214800238532792,-0.058287417817602535,7.482341702015056,-1.0646707398182083,502.7454003336222,-41.895596143502,-1.5271537589699968,-0.5254833593155547,-1.1999554294557107,1.0809432602007898,0.0,-0.07022979973957053,,
59.900000000000006,3.966178678434924,-0.36108386026580463,8.966002197643212,-0.046095964174171944,0.00651545341973587,-0.05948440898338818,7.329626326118056,-1.0716937197921652,503.09030937421613,-42.53367406781134,-1.5271537589699968,-0.5147581890491552,-1.18291762393079,1.094477268710178,0.0,-0.07022979973957053,,
60.0,3.751884278143374,-0.6936712593775536,9.121004392760444,-0.018890453659386776,-0.007637286754509907,-0.05964874390175352,7.176910950221057,-1.0787166997661222,503.4235608131372,-43.16067358614672,-1.5271537589699968,-0.5040330187827556,-1.1657493705402224,1.1078250279915707,0.0,-0.07022979973957053,507.6037164476222,-45.38127802104483
60.1,3.9488626167508785,-0.45272615818988854,9.229743781913143,-0.03899810510583155,0.006824203571625851,-0.050895761053770194,7.024195574324057,-1.0857396797400791,503.7453276211088,-43.77646309406088,-1.5271537589699968,-0.4933078485163561,-1.1484524467389923,1.1209853765876028,0.0,-0.07022979973957053,,
60.2,3.8023501813883254,-0.26632924474897135,8.97161470907411,-0.051358993684933824,-0.012535816876218889,-0.06464809900087558,6.871480198427058,-1.092762659714036,504.0557840376934,-44.38091287268324,-1.5271537589699968,-0.4825826782499566,-1.131028639838783,1.1339571688328993,0.0,-0.07022979973957053,,
60.300000000000004,4.035236040435333,-0.4758531434787544,9.07546331287117,-0.04079935298145522,-0.01748239156820194,-0.052711332584669,6.7187648225300585,-1.099785639687993,504.3551055533222,-44.97389510001792,-1.5271537589699968,-0.47185750798355713,-1.1134797468737467,1.1467392749350749,0.0,-0.07022979973957053,,
60.400000000000006,3.7213955283437965,-0.4235642015673009,9.176624170280292,-0.0565373038338683,0.010560444495289048,-0.0649738364759235,6.566049446633059,-1.10680861966195,504.6434688912287,-45.55528386208219,-1.5271537589699968,-0.4611323377171576,-1.0958075744656233,1.1593305810546228,0.0,-0.07022979973957053,,
60.5,3.852245040344544,-0.3909998868215607,8.975965179240257,-0.03337493103068015,-0.012268805714616717,-0.04799556014008273,6.4133340707360595,-1.113831599635907,504.921051989288,-46.12495516388463,-1.5271537589699968,-0.4504071674507581,-1.0780139386882197,1.1717299893836965,0.0,-0.07022979973957053,,
60.6,3.5706471216041744,-0.3575299752189611,9.0856813786236,-0.053125836139079355,-0.005681359083109735,-0.05904801118736708,6.26061869483906,-1.120854579609864,505.1880339817627,-46.682786940242146,-1.5271537589699968,-0.4396819971843586,-1.060100664931254,1.1839364182237704,0.0,-0.07022979973957053,,
60.7,4.058370023270504,-0.3549001747509922,9.213572092647064,-0.04586227058129112,0.01157461630882723,-0.04723392815442983,6.107903318942061,-1.1278775595838209,505.44459518095704,-47.22865906643519,-1.5271537589699968,-0.42895682691795906,-1.0420695877635784,1.1959488020621791,0.0,-0.07022979973957053,,
60.800000000000004,3.7186190722683894,-0.2829475672895227,9.198292918494577,-0.034199289695578394,-0.005976262910853042,-0.06591058958053732,5.955187943045061,-1.1349005395577778,505.6909170587808,-47.762453368700335,-1.5271537589699968,-0.4182316566515596,-1.0239225507957863,1.20776609164753,0.0,-0.07022979973957053,,
60.900000000000006,3.866779997440305,-0.3168051714007626,9.331148594470573,-0.02468578925271974,-0.0021267063410397562,-0.04011145252887055,5.802472567148062,-1.1419235195317348,505.92718222822396,-48.28405363455948,-1.5271537589699968,-0.40750648638516007,-1.0056614065422147,1.2193872540639843,0.0,-0.07022979973957053,,
61.0,3.6883248084479976,-0.267165683029529,9.327655859075575,-0.02968215607109914,0.004282545639984764,-0.07501990170849707,5.649757191251062,-1.1489464995056917,506.15357442474374,-48.79334562298497,-1.5271537589699968,-0.39678131611876055,-0.9872880162823505,1.2308112728044003,0.0,-0.07022979973957053,498.2332799479294,-46.46226176687525
61.1,3.850342018422297,-0.3817250923399195,9.246339799484801,-0.03518524556445313,-0.0027847829408028583,-0.0492069190862475,5.497041815354063,-1.1559694794796487,506.3702784875656,-49.290217074399976,-1.5271537589699968,-0.38605614585236103,-0.9688042499216495,1.2420371478423344,0.0,-0.07022979973957053,,
61.2,3.8616280700572636,-0.5169121125600176,9.036434689840924,-0.04181142943430228,-0.0009188091072446838,-0.05159081775744436,5.344326439457063,-1.1629924594536056,506.57748034089906,-49.77455772051324,-1.5271537589699968,-0.3753309755859615,-0.9502119858517768,1.2530638957028981,0.0,-0.07022979973957053,,
61.300000000000004,3.641100176969227,-0.32147533131251443,9.18528509484715,-0.04273405792775868,-0.0007515915236225116,-0.062665665736375,5.191611063560064,-1.1700154394275626,506.77536697507026,-50.246259293987706,-1.5271537589699968,-0.36460580531956205,-0.9315131108102805,1.263890549532463,0.0,-0.07022979973957053,,
61.400000000000006,3.7947875000910636,-0.3099430419839544,9.038227963628758,-0.03213599982633188,0.01176379512400486,-0.04828621440452955,5.038895687663064,-1.1770384194015195,506.9641264275724,-50.70521553794218,-1.5271537589699968,-0.35388063505316253,-0.9127095197397043,1.274516159167211,0.0,-0.07022979973957053,,
61.5,4.150961262115006,-0.44397404546865027,9.214917374532309,-0.05159684240984738,-0.008467500379521356,-0.06436965069997107,4.886180311766065,-1.1840613993754765,507.1439477640356,-51.1513222152855,-1.5271537589699968,-0.343155464786763,-0.8938031156461501,1.2849397912005236,0.0,-0.07022979973957053,,
61.6,3.7121419411141794,-0.3516572410766448,9.04096922459133,-0.0380899874347184,-0.004721120057729898,-0.06764721761541048,4.7334649358690655,-1.1910843793494335,507.31502105911744,-51.58447711788237,-1.5271537589699968,-0.3324302945203635,-0.8747958094573023,1.2951605290492103,0.0,-0.07022979973957053,,
61.7,3.8793751269523415,-0.23781023682188696,9.08739016907938,-0.04991311161292522,-0.002328454366181953,-0.05282341149202757,4.580749559972066,-1.1981073593233904,507.4775373773158,-52.00458007555043,-1.5271537589699968,-0.321705124253964,-0.855689519879917,1.3051774730185648,0.0,-0.07022979973957053,,
61.800000000000004,3.7303626122414504,-0.15232281965961766,8.835633973115279,-0.03965041806951851,-0.0052932538040640536,-0.04820637715146397,4.4280341840750665,-1.2051303392973474,507.6316887537053,-52.41153296488765,-1.5271537589699968,-0.3109799539875645,-0.836486173256793,1.3149897403662532,0.0,-0.07022979973957053,,
61.900000000000006,3.9235791156904067,-0.43041370348971375,9.476111840621197,-0.03187321521744274,-0.0037160507677618765,-0.061361462239066925,4.275318808178067,-1.2121533192713043,507.777668174599,-52.80523971792971,-1.5271537589699968,-0.300254783721165,-0.8171877034232267,1.324596465365021,0.0,-0.07022979973957053,,
62.0,3.9637615465534983,-0.3126858356177133,9.358490428015656,-0.023154614458066096,0.0074220847440572306,-0.040513556122467216,4.122603432281068,-1.2191762992452613,507.9156695581361,-53.18560633063654,-1.5271537589699968,-0.28952961345476547,-0.7977960515629682,1.3339967993642246,0.0,-0.07022979973957053,505.78753716884177,-52.073388255959756
62.1,3.796373205069207,-0.3215094022173405,9.39193382150087,-0.03991375302972362,0.005199846300582633,-0.059819933772055335,3.969888056384068,-1.2261992792192182,508.0458877347982,-53.55254087120751,-1.5271537589699968,-0.27880444318836595,-0.7783131660636802,1.3431899108501735,0.0,-0.07022979973957053,,
62.2,4.218289660010526,-0.436316934925153,9.025903556549178,-0.02493956883888507,-0.012068298878667536,-0.03376899683806695,3.8171726804870687,-1.2332222591931752,508.16851842785474,-53.90595348822465,-1.5271537589699968,-0.2680792729219665,-0.7587410023719148,1.3521749855052871,0.0,-0.07022979973957053,,
62.300000000000004,3.7889756394182283,-0.1260380326613496,9.347146756526552,-0.03510603615124791,0.010821406143793611,-0.054245447601225925,3.6644573045900692,-1.2402452391671321,508.28375823373904,-54.24575641862334,-1.5271537589699968,-0.25735410265556696,-0.7390815228476157,1.36095122626606,0.0,-0.07022979973957053,,
62.400000000000006,3.8102307788202423,-0.003965744058708254,9.132130703004767,-0.027067681405254156,0.028852593353174423,-0.06512132668709758,3.51174192869307,-1.247268219141089,508.3918046023571,-54.57186399548987,-1.5271537589699968,-0.24662893238916744,-0.7193366966181558,1.3695178533798278,0.0,-0.07022979973957053,,
62.5,3.6641665153410674,-0.172865901337486,8.908385903076782,-0.03904683598347457,0.007167912782566064,-0.05692717453723894,3.3590265527960703,-1.254291199115046,508.49285581733005,-54.88419265568537,-1.5271537589699968,-0.23590376212276795,-0.6995084994319182,1.377874104460336,0.0,-0.07022979973957053,,
62.6,3.9313013792502494,-0.16488465398846114,9.029881960750554,-0.043271832137394405,0.013715100998496743,-0.04571740710420284,3.206311176899071,-1.261314179089003,508.5871109761716,-55.18266094729549,-1.5271537589699968,-0.22517859185636843,-0.6795989135114342,1.3860192345421065,0.0,-0.07022979973957053,,
62.7,3.819926103335233,0.08649819945164694,9.170007424952658,-0.03550182334831598,0.0011100720322054654,-0.0710530301401264,3.0535958010020714,-1.26833715906296,508.6747699704024,-55.467189536905366,-1.5271537589699968,-0.2144534215899689,-0.6596099274060835,1.393952516133594,0.0,-0.07022979973957053,,
62.800000000000004,3.543996665096374,-0.06470801083211862,9.211551015445464,-0.03644863113827288,0.004861443431898588,-0.05993759058934088,2.900880425105072,-1.275360139036917,508.75603346560297,-55.737701216699314,-1.5271537589699968,-0.20372825132356942,-0.6395435358443684,1.4016732392691365,0.0,-0.07022979973957053,,
62.900000000000006,3.7441963832017633,-0.11046442372826963,9.162353456276104,-0.0451546746370961,-0.010317373841108986,-0.05261962593515665,2.7481650492080725,-1.2823831190108739,508.8311028814056,-55.99412091138478,-1.5271537589699968,-0.1930030810571699,-0.6194017395857728,1.4091807115596884,0.0,-0.07022979973957053,,
63.0,3.827303417387157,0.011067817909503841,9.21137559311066,-0.04251724142279786,-0.007932048923951438,-0.050018958751784026,2.595449673311073,-1.2894060989848308,508.9001803714281,-56.23637568494,-1.5271537589699968,-0.1822779107907704,-0.5991865452722143,1.4164742582423402,0.0,-0.07022979973957053,507.60992995000385,-58.23866140493831
63.1,3.9910569188711826,0.017603676469157753,8.995552710380013,-0.06136980225583202,-0.0050307094166236336,-0.0845191612495132,2.4427342974140736,-1.2964290789587878,508.9634688031498,-56.464394747184905,-1.5271537589699968,-0.1715527405243709,-0.5788999652790974,1.4235532222286154,0.0,-0.07022979973957053,,
63.2,3.846400926726922,-0.22780951638687202,9.182142463558176,-0.04479434348413497,0.0047020980622901835,-0.05238017103036731,2.290018921517074,-1.3034520589327447,509.0211717377316,-56.67810946017485,-1.5271537589699968,-0.1608275702579714,-0.5585440175659832,1.4304169641515458,0.0,-0.07022979973957053,,
63.300000000000004,3.9307039130315324,0.09276438671474099,9.22694443642569,-0.03312837228462936,-0.013886718712869593,-0.036657177040593306,2.1373035456200746,-1.3104750389067017,509.0734934097824,-56.877453344416665,-1.5271537589699968,-0.15010239999157188,-0.5381207255268787,1.437064862411522,0.0,-0.07022979973957053,,
63.400000000000006,3.9179181503424862,-0.28142338738374123,8.989118005302467,-0.042183562640678386,-0.008229913683989133,-0.06094565995524425,1.984588169723075,-1.3174980188806587,509.12063870707163,-57.062362084906525,-1.5271537589699968,-0.13937722972517236,-0.5176321178401613,1.4434963132209113,0.0,-0.07022979973957053,,
63.5,3.78496689045716,-0.051900831139951,8.907442165398129,-0.026126981678161854,-0.008139333058463386,-0.05716775683381018,1.8318727938260753,-1.3245209988546156,509.1628131501916,-57.23277353698934,-1.5271537589699968,-0.12865205945877284,-0.4970802283181433,1.449710730647448,0.0,-0.07022979973957053,,
63.6,4.050679273730467,-0.05829235973891019,9.082049785577293,-0.04497461151765956,0.02507564459013827,-0.032312459575600624,1.6791574179290756,-1.3315439788285726,509.2002228721689,-57.38862773203912,-1.5271537589699968,-0.1179268891923733,-0.4764670957562915,1.4557075466563834,0.0,-0.07022979973957053,,
63.7,3.803503446386138,-0.3062324081241308,9.060226763242964,-0.047782029593919875,0.0013500055334135048,-0.07198889911806308,1.526442042032076,-1.3385669588025295,509.23307459802834,-57.52986688295999,-1.5271537589699968,-0.10720171892597379,-0.45579476378210715,1.4614862111514046,0.0,-0.07022979973957053,,
63.800000000000004,3.884949718230086,-0.1745044484806374,8.988273872103441,-0.022983657442194785,-0.006668134185218593,-0.0714241638432998,1.3737266661350762,-1.3455899387764865,509.2615756243095,-57.6564353895074,-1.5271537589699968,-0.09647654865957427,-0.43506528070367945,1.4670461920143085,0.0,-0.07022979973957053,,
63.900000000000006,3.757995579615972,-0.1612605179264277,9.05341098177301,-0.04607558977955119,0.021856236679567015,-0.0607464378217062,1.2210112902380765,-1.3526129187504434,509.28593379853834,-57.76827984342915,-1.5271537589699968,-0.08575137839317473,-0.41428069935792033,1.4723869751434346,0.0,-0.07022979973957053,,
64.0,3.554544832441901,-0.1171046841260735,9.206247250262896,-0.059633831573400464,-0.00208626827126895,-0.06966704758584669,1.0682959143410768,-1.3596358987244004,509.306357498655,-57.86534903342592,-1.5271537589699968,-0.07502620812677521,-0.393443076958493,1.4775080644908531,0.0,-0.07022979973957053,513.654333174047,-62.075961573819875
64.10000000000001,3.8740217164536768,-0.09222523885419401,9.200840566566985,-0.04227995724566985,0.0024349193173180484,-0.05983089393663117,0.9155805384440772,-1.3666588786983573,509.3230556123993,-57.9475939499309,-1.5271537589699968,-0.06430103786037569,-0.37255447494344074,1.4824089820983042,0.0,-0.07022979973957053,,
64.2,3.9382076019812673,0.11747812388376616,9.302232369405905,-0.04440602744180755,-0.015022549349522686,-0.06824159316474881,0.7628651625470775,-1.3736818586723143,509.3362375166552,-58.014967789708095,-1.5271537589699968,-0.053575867593976166,-0.3516169588225303,1.4870892681318875,0.0,-0.07022979973957053,,
64.3,3.6638225835090568,-0.12312394406217822,9.163459499897726,-0.023422231085895487,0.007310342181421255,-0.07527312603526748,0.6101497866500778,-1.3807048386462712,509.34611305675696,-58.0674259602692,-1.5271537589699968,-0.042850697327576646,-0.3306325980243157,1.4915484809155022,0.0,-0.07022979973957053,,
64.4,4.051278397674148,0.07062365415000398,9.072534794150807,-0.04939402457616809,-0.006135337770168827,-0.05504003012310007,0.4574344107530781,-1.3877278186202282,509.3528925257565,-58.104926084108406,-1.5271537589699968,-0.03212552706117712,-0.3096034657429356,1.495786196963026,0.0,-0.07022979973957053,,
64.5,3.796524923917327,0.017822830140064846,9.2500568436751,-0.007151020602322648,0.004887534426189896,-0.050130551062598866,0.30471903485607843,-1.3947507985941852,509.35678664365554,-58.12742800275514,-1.5271537589699968,-0.0214003567947776,-0.2885316387846529,1.4998020110092456,0.0,-0.07022979973957053,,
64.60000000000001,5.022190498562686,0.193260865144013,8.418015032038719,-0.020629932283132993,0.0019480984482538744,-0.0455653651505548,0.15200365895907875,-1.4017737785681421,509.3580065366028,-58.1348937806442,0.0,-0.010675186528378075,-0.010523061529756336,-0.0017957682079341327,0.0,-0.07022979973957053,,
64.7,5.1091944777610765,0.24149873577572206,8.332969796328042,-0.043725825912720284,-0.00713129023289666,-0.04801463353612811,0.0,-1.408796758542099,509.3567749488303,-58.12735798893747,0.0,-0.0,0.0,-0.0,0.0,-0.07022979973957053,,
64.8,5.359519707820112,0.40658068039761286,8.26753301423492,-0.04746119378838584,0.01590464808853286,-0.04048537985171839,0.0,-1.415819738516056,509.35559631470926,-58.11981373372591,0.0,-0.0,0.0,-0.0,0.0,-0.07022979973957053,,
64.9,5.096937865555415,0.1483020864481312,8.432705222964435,-0.02694464633344283,0.00683001739067666,-0.04123716680335198,0.0,-1.422842718490013,509.3544706923723,-58.112261387107615,0.0,-0.0,0.0,-0.0,0.0,-0.07022979973957053,,
65.0,4.779112355877015,-0.13428875647055688,8.358944676082627,-0.03257172653997431,-0.0004911103545782254,-0.046198928930904,0.0,-1.42986569846397,509.3533981373373,-58.10470132157976,0.0,-0.0,0.0,-0.0,0.0,-0.07022979973957053,504.56823037431593,-55.04771052965984
65.10000000000001,5.118155851579582,0.16603977408097884,8.264642982784235,-0.021437213325527203,0.012700766719686457,-0.06955449225562779,0.0,-1.436888678437927,509.352378702505,-58.09713391002024,0.0,-0.0,0.0,-0.0,0.0,-0.07022979973957053,,
65.2,4.734917460892069,-0.07893027699460774,8.387162530441888,-0.03229592784356956,0.005993093972128126,-0.057944858292861,0.0,-1.4439116584118838,509.351412438156,-58.08955952566927,0.0,-0.0,0.0,-0.0,0.0,-0.07022979973957053,,
65.3,5.057113224659541,-0.03921107937725776,8.351959352267336,-0.0329569586907518,0.0036265142340810796,-0.06051973730302332,0.0,-1.4509346383858408,509.35049939194835,-58.081978542110974,0.0,-0.0,0.0,-0.0,0.0,-0.07022979973957053,,
65.4,4.9625496076441555,-0.004265417406933009,8.398604546380364,-0.025467783330581188,-0.01307560354183418,-0.06286167728038078,0.0,-1.4579576183597978,509.3496396089154,-58.074391333254965,0.0,-0.0,0.0,-0.0,0.0,-0.07022979973957053,,
65.5,4.920623347855824,-0.03221758665379788,8.44235001183511,-0.014085096415946383,-0.006522840789638815,-0.05073785918534882,0.0,-1.4649805983337547,509.3488331314635,-58.0667982733179,0.0,-0.0,0.0,-0.0,0.0,-0.07022979973957053,,
65.60000000000001,5.0653922713749555,-0.15282204268444424,8.111667535189069,-0.051347478158423054,-0.00042428350589008906,-0.05459134871988948,0.0,-1.4720035783077117,509.34807999936965,-58.05919973680502,0.0,-0.0,0.0,-0.0,0.0,-0.07022979973957053,,
65.7,4.983795384416492,-0.01698068420144598,8.416953621855438,-0.040455614526227104,-0.006421555346941348,-0.0451688828261637,0.0,-1.4790265582816686,509.34738024977986,-58.051596098491686,0.0,-0.0,0.0,-0.0,0.0,-0.07022979973957053,,
65.8,4.957205839027102,0.31600994873821553,8.3235329465984,-0.029310262469111094,0.008156147310055846,-0.03950470995901876,0.0,-1.4860495382556256,509.34673391720725,-58.04398773340489,0.0,-0.0,0.0,-0.0,0.0,-0.07022979973957053,,
65.9,5.240877795847426,0.08841500760452475,8.599976949200748,-0.04321299560454965,0.015626975700368247,-0.044834948772484826,0.0,-1.4930725182295825,509.3461410335303,-58.036375016804755,0.0,-0.0,0.0,-0.0,0.0,-0.07022979973957053,,
66.0,5.110268775886947,-0.053397405689789346,8.478686535826219,-0.045365676766776636,0.0036867010959940262,-0.04924882022952645,0.0,-1.5000954982035395,509.34560162799113,-58.028758324166034,0.0,-0.0,0.0,-0.0,0.0,-0.07022979973957053,508.92003846663465,-57.53941284130034
66.10000000000001,5.127795534033274,-0.22049924362283732,8.173989092502245,-0.02974030266916204,-0.0008435714047082943,-0.049750922158712144,0.0,-1.5071184781774964,509.34511572719447,-58.02113803115958,0.0,-0.0,0.0,-0.0,0.0,-0.07022979973957053,,
66.2,5.133685107663291,0.05050862701037836,8.41862651362306,-0.02877618673215204,0.013819311881618064,-0.06982613929034695,0.0,-1.5141414581514534,509.3446833551058,-58.01351451363383,0.0,-0.0,0.0,-0.0,0.0,-0.07022979973957053,,
66.3,5.338656840899692,-0.16250671859327057,8.550956497897896,-0.016466772961801684,-0.006801325795649231,-0.056745809949404195,0.0,-1.5211644381254104,509.3443045330507,-58.00588814759626,0.0,-0.0,0.0,-0.0,0.0,-0.07022979973957053,,
66.4,4.955099390536006,0.07993017252429963,8.354322500291161,-0.04258479746576294,-0.014265348944570377,-0.0480229940634954,0.0,-1.5281874180993673,509.34397927971344,-57.998259309194836,0.0,-0.0,0.0,-0.0,0.0,-0.07022979973957053,,
66.5,5.059789103138286,0.08445175634572843,8.475140799420837,-0.04072837862916807,-0.010531949886067316,-0.048660439364870106,0.0,-1.5352103980733243,509.34370761113615,-57.990628374699476,0.0,-0.0,0.0,-0.0,0.0,-0.07022979973957053,,
66.60000000000001,5.111752113236514,-0.08284286398290777,8.186529753341938,-0.02234426227042477,0.005826581975997838,-0.04764817835024604,0.0,-1.5422333780472812,509.34348954071805,-57.982995720483466,0.0,-0.0,0.0,-0.0,0.0,-0.07022979973957053,,
66.7,5.0997660716263535,0.12984413003326378,8.441703708047507,-0.034203529892724654,0.018359915025049106,-0.05735803655760216,0.0,-1.5492563580212382,509.3433250792149,-57.97536172300492,0.0,-0.0,0.0,-0.0,0.0,-0.07022979973957053,,
66.8,5.153221434606358,0.11258009852046913,8.270319071644998,-0.026301009066862065,0.0031116625851812054,-0.05623835160225753,0.0,-1.5562793379951951,509.3432142347382,-57.96772675878822,0.0,-0.0,0.0,-0.0,0.0,-0.07022979973957053,,
66.9,5.132191990821432,0.051193792591060924,8.21823663544858,-0.034405912822012476,-0.004506232556232329,-0.05972609491088195,0.0,-1.563302317969152,509.34315701275506,-57.960091204405394,0.0,-0.0,0.0,-0.0,0.0,-0.07022979973957053,,
67.0,4.958039666694517,-0.1658874179982501,8.344822667599189,-0.025601475676088073,0.008305696171370135,-0.05678022613883263,0.0,-1.570325297943109,509.3431534160878,-57.95245543645761,0.0,-0.0,0.0,-0.0,0.0,-0.07022979973957053,514.5280733064508,-62.4163969637454
67.10000000000001,5.045776191602105,0.005263946429203942,8.204639993389522,-0.03438067394062972,-0.007167815028301736,-0.046531377342313725,0.0,-1.577348277917066,509.34320344491374,-57.94481983155656,0.0,-0.0,-0.0,0.0,0.0,-0.07022979973957053,,
67.2,4.809757529320617,-0.16297497257574525,8.779702077757758,-0.02030660642321329,-0.006660190055550423,-0.05535338450001401,0.0,-1.584371257891023,509.34330709676544,-57.93718476630588,0.0,-0.0,-0.0,0.0,0.0,-0.07022979973957053,,
67.3,5.122308416453501,-0.06489078215456742,8.451298298826925,-0.028828500870391828,-0.0025007701100342606,-0.05659242434044198,0.0,-1.59139423786498,509.34346436653055,-57.92955061728262,0.0,-0.0,-0.0,0.0,0.0,-0.07022979973957053,,
67.4,5.0548812884615355,0.3695273014311009,8.276717281756545,-0.043406778562718726,-0.0062568275601003155,-0.07520136199129884,0.0,-1.5984172178389369,509.3436752464522,-57.92191776101861,0.0,-0.0,-0.0,0.0,0.0,-0.07022979973957053,,
67.5,5.074320069906263,0.042623163943186035,8.325199448040422,-0.0325052764576656,-0.003585422939117257,-0.06824714270056624,0.0,-1.6054401978128938,509.3439397261294,-57.91428657398193,0.0,-0.0,-0.0,0.0,0.0,-0.07022979973957053,,
67.60000000000001,5.148239890687747,0.1943856555458158,8.368213169516258,-0.031014573767781772,0.00196960768763636,-0.052822461773968196,0.0,-1.6124631777868508,509.34425779251745,-57.90665743255834,0.0,-0.0,-0.0,0.0,0.0,-0.07022979973957053,,
67.7,5.049484425351047,0.07325456289992788,8.425631189468243,-0.0437592746517888,-0.020884010980922733,-0.05879122794554911,0.0,-1.6194861577608077,509.34462942992866,-57.89903071303269,0.0,-0.0,-0.0,0.0,0.0,-0.07022979973957053,,
67.8,5.1681157536782285,0.11647620144984669,8.435958363751658,-0.025958565673411323,0.0009727123578669708,-0.050050596374517475,0.0,-1.6265091377347647,509.34505462003307,-57.891406791570375,0.0,-0.0,-0.0,0.0,0.0,-0.07022979973957053,,
67.9,5.107118377248791,0.23439869869081473,8.357124305340845,-0.044813975345320674,0.0066023088310026125,-0.045052775803665415,0.0,-1.6335321177087216,509.3455333418595,-57.8837860441988,0.0,-0.0,-0.0,0.0,0.0,-0.07022979973957053,,
68.0,5.0193529791232185,0.17761442783188486,8.10149369894621,-0.033011518361168564,0.00952548943083689,-0.04231446149807424,0.0,-1.6405550976826786,509.3460655717964,-57.876168846788815,0.0,-0.0,-0.0,0.0,0.0,-0.07022979973957053,512.800352829907,-59.753579678810716
68.10000000000001,5.055075540381853,0.05555901544967527,8.598553122396158,-0.046101009934897796,-0.0033646254018949258,-0.05528748016213329,0.0,-1.6475780776566356,509.346651283593,-57.86855557503617,0.0,-0.0,-0.0,0.0,0.0,-0.07022979973957053,,
68.2,5.396390774026513,-0.11237553891029403,8.465824679498093,-0.03457108801144329,0.00434222760650106,-0.05828679415376735,0.0,-1.6546010576305925,509.3472904483609,-57.86094660444299,0.0,-0.0,-0.0,0.0,0.0,-0.07022979973957053,,
68.3,5.103224846850069,-0.07994331275876031,8.356104119083625,-0.022100710263159018,-0.006307880275926613,-0.05810863192495398,0.0,-1.6616240376045495,509.3479830345752,-57.85334231029927,0.0,-0.0,-0.0,0.0,0.0,-0.07022979973957053,,
68.4,5.1396836777690345,0.2690490143046984,8.478178246974888,-0.034794302848187145,0.005790255598525746,-0.05551100787107689,0.0,-1.6686470175785064,509.3487290080761,-57.84574306766435,0.0,-0.0,-0.0,0.0,0.0,-0.07022979973957053,,
68.5,5.129823267681662,0.024794165741341904,8.44952047057783,-0.0525654661395586,0.008475844963178655,-0.05663199655153386,0.0,-1.6756699975524634,509.34952833207063,-57.83814925134842,0.0,-0.0,-0.0,0.0,0.0,-0.07022979973957053,,
68.60000000000001,5.188602926216813,0.11823080042698575,8.046818935572368,-0.0435005949121847,0.01065485416090436,-0.05915163476466382,0.0,-1.6826929775264203,509.3503809671345,-57.83056123589402,0.0,-0.0,-0.0,0.0,0.0,-0.07022979973957053,,
68.7,5.134330015154786,0.1411067806193078,8.259302191309303,-0.020526070370084547,3.753934982111032e-05,-0.05872476923055614,0.0,-1.6897159575003773,509.3512868712141,-57.82297939555759,0.0,-0.0,-0.0,0.0,0.0,-0.07022979973957053,,
68.8,5.049969843008039,-0.01657520690771324,8.527738694339085,-0.018336638798707124,-0.014937255549668231,-0.07113145940374704,0.0,-1.6967389374743342,509.3522459996283,-57.81540410429101,0.0,-0.0,-0.0,0.0,0.0,-0.07022979973957053,,
68.9,5.055562753101311,-0.08365899124700925,8.506026333452581,-0.03803686471759609,0.018278620875985283,-0.0262617318913685,0.0,-1.7037619174482912,509.3532583050709,-57.80783573572313,0.0,-0.0,-0.0,0.0,0.0,-0.07022979973957053,,
69.0,5.004431606091277,0.03372381150136649,8.138427356330991,-0.045719489846843805,-0.013520954586441791,-0.06141196731017483,0.0,-1.7107848974222482,509.35432373761296,-57.80027466314137,0.0,-0.0,-0.0,0.0,0.0,-0.07022979973957053,512.1910866239843,-54.25724984741289
69.10000000000001,5.058229326770141,0.08817252309545276,8.291900495833683,-0.054592985483367246,-0.009754104491023966,-0.04770398782455596,0.0,-1.717807877396205,509.3554422447052,-57.79272125947329,0.0,-0.0,-0.0,0.0,0.0,-0.07022979973957053,,
69.2,4.910337631070739,-0.0572558694804603,8.483557441584555,-0.04018234676914544,-0.0072072821161160965,-0.055976475867872105,0.0,-1.724830857370162,509.35661377118055,-57.7851758972682,0.0,-0.0,-0.0,0.0,0.0,-0.07022979973957053,,
69.3,5.10048583720845,-0.03136338447287799,8.237698381415402,-0.03971959384513518,-0.008934848668515577,-0.04323571160474965,0.0,-1.731853837344119,509.35783825925694,-57.777638948678806,0.0,-0.0,-0.0,0.0,0.0,-0.07022979973957053,,
69.4,4.94357642712297,-0.09184309456189184,8.260592526279794,-0.03037475684492416,0.0036072692871170365,-0.05883088524991621,0.0,-1.738876817318076,509.35911564854007,-57.77011078544281,0.0,-0.0,-0.0,0.0,0.0,-0.07022979973957053,,
69.5,5.379944012088798,0.032249446431600076,8.211804437485165,-0.037240985610854635,0.013826149396364189,-0.05906561358594342,0.0,-1.745899797292033,509.3604458760265,-57.76259177886463,0.0,-0.0,-0.0,0.0,0.0,-0.07022979973957053,,
69.60000000000001,5.279922130733638,0.04250040593956533,8.431337551121795,-0.05038962333704375,0.0007707000857606842,-0.05059857336639071,0.0,-1.7529227772659899,509.3618288761067,-57.755082299797046,0.0,-0.0,-0.0,0.0,0.0,-0.07022979973957053,,
69.7,5.175778052853612,-0.030941784522274092,8.281025764353469,-0.03825044198253734,0.008224455081097379,-0.0737135876904524,0.0,-1.7599457572399468,509.3632645805683,-57.747582718622915,0.0,-0.0,-0.0,0.0,0.0,-0.07022979973957053,,
69.8,5.271501233585487,0.1595989417701632,8.44579341310609,-0.049180226483126935,-0.0035768060675440395,-0.05024051598582695,0.0,-1.7669687372139038,509.3647529185994,-57.74009340523692,0.0,-0.0,-0.0,0.0,0.0,-0.07022979973957053,,
69.9,5.061728795517856,-0.23987508828041934,8.247294382839314,-0.03183310964428634,-0.021153635081961032,-0.04960313099048229,0.0,-1.7739917171878608,509.3662938167921,-57.73261472902731,0.0,-0.0,-0.0,0.0,0.0,-0.07022979973957053,,
70.0,6.368862053325883,0.0367515047834215,7.7920750227597,-0.01933401142082298,-0.003222316461076372,-0.03890455143497962,0.0,-1.7810146971618177,509.36485942842796,-57.739337245547624,1.3747683200453786,-0.0,-0.2868776728257209,-1.3445033040623184,0.0,-0.04794187781187698,,
70.10000000000001,6.339792399218676,0.038456084393291984,7.639448136815224,-0.041575554618341684,0.012185164247061007,-0.015134265349705196,0.13747683200453786,-1.7858088849430054,509.3604274304707,-57.7594769020792,1.3747683200453786,-0.0065908974819254935,-0.2997592862173769,-1.341706280844082,0.0,-0.04794187781187698,,
70.2,6.396407227353399,0.005282375327006778,7.634017449204483,-0.03601952788122754,0.002014208915781515,-0.04907480292576161,0.2749536640090757,-1.790603072724193,509.3528692100246,-57.79300480249523,1.3747683200453786,-0.013181794963850987,-0.3126205264560534,-1.3388166789957472,0.0,-0.04794187781187698,,
70.3,6.235321238837331,0.19107112990307898,7.7236212973436436,-0.019990287459857314,0.004293774929380433,-0.05105779289369084,0.4124304960136136,-1.7953972605053807,509.3420563638409,-57.839891126197315,1.3747683200453786,-0.01977269244577648,-0.3254608020966115,-1.3358346302838455,0.0,-0.04794187781187698,,
70.4,6.471688556021757,-0.19163832840371356,7.876001361044456,-0.02013864903934602,-0.0024449534833590157,-0.02305393731429406,0.5499073280181515,-1.8001914482865684,509.32786070422367,-57.90010512946856,1.3747683200453786,-0.026363589927701974,-0.33827952249247173,-1.3327602700172805,0.0,-0.04794187781187698,,
70.5,6.341123271227799,-0.01126524960628453,7.708673322954378,-0.028170749471008692,0.002800015796828777,-0.011055082166654143,0.6873841600226893,-1.804985636067756,509.3101542649285,-57.97361514686203,1.3747683200453786,-0.03295448740962747,-0.3510760978159826,-1.3295937370426827,0.0,-0.04794187781187698,,
70.60000000000001,6.33410814383102,-0.01905983596806048,7.747913433690422,-0.021298401769107547,-0.0004714850595389421,-0.04191433162472692,0.8248609920272272,-1.8097798238489438,509.28880930705225,-58.060388592624584,1.3747683200453786,-0.03954538489155296,-0.36384993907876156,-1.326335173739653,0.0,-0.04794187781187698,,
70.7,6.241722208276651,-0.08526836120029682,7.669107164148308,-0.028058723882954075,-0.005912525182848896,-0.021445168057902034,0.962337824031765,-1.8145740116301314,509.26369832491457,-58.16039196215593,1.3747683200453786,-0.04613628237347845,-0.3766004581520102,-1.3229847260158878,0.0,-0.04794187781187698,,
70.8,6.493329096397019,0.2141232686495999,7.386086751265407,-0.029487441268372938,0.008635809386254753,-0.03260237422339492,1.099814656036303,-1.819368199411319,509.23469405193003,-58.27359083350292,1.3747683200453786,-0.05272717985540395,-0.3893270677868014,-1.3195425433021961,0.0,-0.04794187781187698,,
70.9,6.430351669062349,-0.023625185000164934,7.496318201928155,-0.02363688156450008,0.008007285171355181,-0.027303859386347773,1.2372914880408408,-1.8241623871925068,509.2016694664719,-58.3999498688891,1.3747683200453786,-0.05931807733732944,-0.4020291816343382,-1.316008778547398,0.0,-0.04794187781187698,,
71.0,6.512101881711003,0.14101430917585495,7.691155792095332,-0.020942347870483265,-0.0015811403276507474,-0.03957497059997105,1.3747683200453786,-1.8289565749736945,509.1644977977264,-58.53943281627927,1.3747683200453786,-0.06590897481925494,-0.4147062142661846,-1.3123835882131134,0.0,-0.04794187781187698,,
71.10000000000001,6.239668317123446,-0.14047142234250165,7.836779401008143,-0.027345138962094957,-0.008955934291348338,-0.022592017663099158,1.5122451520499165,-1.8337507627548821,509.12305253153767,-58.69200251097923,1.3747683200453786,-0.07249987230118042,-0.4273575811944665,-1.3086671322684371,0.0,-0.04794187781187698,,
71.2,6.21216838471472,-0.3105521529782609,7.984748069155026,-0.025831986864204567,-0.016569115070827308,-0.041488380047533586,1.6497219840544544,-1.8385449505360698,509.07720741624274,-58.85762087727045,1.3747683200453786,-0.07909076978310592,-0.43998269889204217,-1.3048595741844986,0.0,-0.04794187781187698,,
71.3,6.131948325887635,-0.15741270728630413,7.622089206116018,-0.022740504929136346,0.01210720532540552,-0.01933133927203515,1.7871988160589922,-1.8433391383172575,509.0268364684974,-59.03624893007977,1.3747683200453786,-0.08568166726503142,-0.4525809848126435,-1.3009610809289132,0.0,-0.04794187781187698,,
71.4,6.246272266484223,0.22090373273881886,7.578619878854566,-0.0260960641492351,-0.016099949812142255,-0.02031992864658936,1.92467564806353,-1.8481333260984452,508.97181397909145,-59.22784677668401,1.3747683200453786,-0.0922725647469569,-0.4651518574109845,-1.2969718229601155,0.0,-0.04794187781187698,,
71.5,6.219891005491013,-0.011091945694889048,7.289250876233584,-0.03250394184369319,-0.00812573385472972,-0.037851367449738035,2.062152480068068,-1.8529275138796328,508.91201451875406,-59.43237361844938,1.3747683200453786,-0.09886346222888241,-0.4776947361628394,-1.2928919742215859,0.0,-0.04794187781187698,,
71.60000000000001,6.557156646254969,-0.07892009066845705,7.670285507718114,-0.02604986041469971,-0.008869266792832751,-0.042405084202877225,2.199629312072606,-1.8577217016608205,508.84731294394857,-59.649787752605725,1.3747683200453786,-0.1054543597108079,-0.49020904158508666,-1.2887217121359598,0.0,-0.04794187781187698,,
71.7,6.093407789627096,-0.05512538103418131,7.637539491757244,0.0012776746342724396,0.002401297037225083,-0.021177752559371963,2.3371061440771435,-1.8625158894420082,508.77758440265666,-59.88004657405548,1.3747683200453786,-0.11204525719273338,-0.5026941952557215,-1.2844612175990293,0.0,-0.04794187781187698,,
71.8,6.158776410800771,-0.3073838608047519,7.53807054783219,-0.019663311198136524,0.02504233873408765,-0.039783289087172685,2.474582976081681,-1.8673100772231959,508.7027043401519,-60.12310657721731,1.3747683200453786,-0.11863615467465886,-0.5151496198338338,-1.2801106749736286,0.0,-0.04794187781187698,,
71.9,6.498100635960278,0.08336532081332398,7.600124814204185,-0.04091094531079843,0.0011530091827796878,-0.023943878256668452,2.6120598080862187,-1.8721042650043835,508.6225485047621,-60.378923357904355,1.3747683200453786,-0.12522705215658433,-0.5275747390795519,-1.2756702720834108,0.0,-0.04794187781187698,,
72.0,6.48692446536248,0.11903929625200446,7.6140637029144695,-0.016800991897386756,0.016614222885956473,-0.013081064294807796,2.7495366400907564,-1.8768984527855712,508.5369929536205,-60.64745161523702,1.3747683200453786,-0.13181794963850982,-0.5399689778739518,-1.2711402002065124,0.0,-0.04794187781187698,,
72.10000000000001,6.264162202947755,-0.114473296083565,7.544856587368628,-0.03631751920846192,0.001912877950505381,-0.01886273178180939,2.887013472095294,-1.881692640566759,508.4459140584056,-60.9286451535902,1.3747683200453786,-0.1384088471204353,-0.5523317622389304,-1.2665206540691067,0.0,-0.04794187781187698,,
72.2,6.310016351475895,-0.13086375424963642,7.6957934649892215,-0.023621754677555715,0.025341819343034915,-0.02970873301975384,3.0244903040998317,-1.8864868283479466,508.3491885110694,-61.222456884575045,1.3747683200453786,-0.14499974460236079,-0.5646625193570429,-1.261811831838844,0.0,-0.04794187781187698,,
72.3,6.1054636285371195,-0.023919549414435012,7.5610967429762175,-0.017327603166704106,-0.00312681403983902,-0.03037714125521395,3.1619671361043693,-1.8912810161291342,508.24669332955375,-61.528838829054905,1.3747683200453786,-0.15159064208428627,-0.5769606775913029,-1.2570139351181846,0.0,-0.04794187781187698,,
72.4,6.213129194532173,-0.06363171873299167,7.8271555246379165,-0.013526294752305015,0.005615446152057212,-0.037606600275546756,3.299443968108907,-1.896075203910322,508.1383058634945,-61.84774211919569,1.3747683200453786,-0.15818153956621175,-0.5892256665049465,-1.2521271689376168,0.0,-0.04794187781187698,,
72.5,6.435808427059858,0.10173850934594522,7.849774292475766,-0.009538374724656986,0.008467903161914224,-0.05183700571518849,3.4369208001134446,-1.9008693916915096,508.0239037999142,-62.179117000550384,1.3747683200453786,-0.16477243704813724,-0.6014569168811565,-1.2471517417487692,0.0,-0.04794187781187698,,
72.60000000000001,6.12394605656723,0.0624078341237041,7.575947687061204,-0.03131038818775233,0.0047737346121532,-0.02417787232421203,3.5743976321179822,-1.9056635794726973,507.90336516890136,-62.52291283417769,1.3747683200453786,-0.17136333453006272,-0.6136538607427506,-1.2420878654174075,0.0,-0.04794187781187698,,
72.7,6.628089841794616,-0.01045024398988964,7.618909914173676,-0.01854578093951411,0.002370250042370005,-0.037223918241323734,3.71187446412252,-1.910457767253885,507.776568349278,-62.879078098794785,1.3747683200453786,-0.1779542320119882,-0.6258159313718273,-1.2369357552163254,0.0,-0.04794187781187698,,
72.8,6.4510230873784975,-0.13997188898600882,7.677574357222921,-0.02233404131397782,0.02378802723169442,-0.04875253188986914,3.8493512961270575,-1.9152519550350726,507.6433920742539,-63.247560392964054,1.3747683200453786,-0.1845451294939137,-0.6379425633293747,-1.2316956298181239,0.0,-0.04794187781187698,,
72.9,6.489472933633154,0.12177866898379408,7.455010188045271,-0.013914765615014344,-0.005420642667579152,-0.01879808291307444,3.986828128131595,-1.9200461428162603,507.50371543706797,-63.62830643731373,1.3747683200453786,-0.19113602697583917,-0.6500331924748378,-1.2263677112878797,0.0,-0.04794187781187698,,
73.0,6.211761153610927,-0.09240104321112332,7.588416244076784,-0.002136936059996996,0.009140271963258298,-0.03563730060813032,4.124304960136133,-1.924840330597448,507.3574178966166,-64.02126207679241,1.3747683200453786,-0.19772692445776466,-0.6620872559856444,-1.2209522250757066,0.0,-0.04794187781187698,,
73.10000000000001,6.22518285992418,-0.17525667539392067,7.659087757752641,-0.025632182270697076,-0.004127554576471546,-0.027942106979323762,4.26178179214067,-1.9296345183786356,507.20437928306865,-64.42637228295732,1.3747683200453786,-0.20431782193969014,-0.6741041923766911,-1.2154494000092069,0.0,-0.04794187781187698,,
73.2,6.296228684830797,-0.3684187395123653,7.70957114923406,-0.027344057593308026,0.003576333391160315,-0.020416457767228828,4.399258624145208,-1.9344287061598233,507.0444798034664,-64.84358115629632,1.3747683200453786,-0.21090871942161563,-0.6860834415197846,-1.2098594682858117,0.0,-0.04794187781187698,,
73.3,6.088327273057721,-0.5580736056951952,7.635534412767982,-0.03714868514041008,0.003451508210472566,-0.029864848775637713,4.536735456149746,-1.939222893941011,506.8776000473135,-65.27283192858351,1.3747683200453786,-0.2174996169035411,-0.6980244446630429,-1.2041826654650158,0.0,-0.04794187781187698,,
73.4,6.501870606153901,-0.10213693634531146,7.727456914810802,-0.014214306024224481,-0.005680740093362038,-0.019468166811593277,4.674212288154283,-1.9440170817221987,506.70362099214805,-65.71406696526837,1.3747683200453786,-0.2240905143854666,-0.7099266444502512,-1.198419230460502,0.0,-0.04794187781187698,,
73.5,6.190474237277219,-0.19735207082159134,7.936976644778614,-0.03117409149761164,0.010490513415285242,-0.03322656605808328,4.811689120158821,-1.9488112695033863,506.5224240091025,-66.16722776789834,1.3747683200453786,-0.23068141186739205,-0.7217894849401751,-1.1925694055321572,0.0,-0.04794187781187698,,
73.60000000000001,6.092479248698501,-0.33349773686256273,7.603961576895277,-0.014656775383315826,0.006949777356261217,-0.04045540091498863,4.949165952163359,-1.953605457284574,506.3338908684486,-66.63225497657481,1.3747683200453786,-0.23727230934931753,-0.7336124116258278,-1.1866334362779802,0.0,-0.04794187781187698,,
73.7,6.398836363675128,-0.19885232191206165,7.567011975656588,-0.035504329694779256,0.007643758251091512,-0.04238168625799082,5.086642784167896,-1.9583996450657617,506.13790374512763,-67.10908837244244,1.3747683200453786,-0.24386320683124302,-0.7453948714536941,-1.1806115716258845,0.0,-0.04794187781187698,,
73.8,6.22530711696619,-0.1939995447049341,7.791637223612277,-0.023816491659304023,-0.015903845406228682,-0.02438038845729515,5.224119616172434,-1.9631938328469494,505.9343452242668,-67.59766688021165,1.3747683200453786,-0.2504541043131685,-0.757136312842907,-1.174504063825388,0.0,-0.04794187781187698,,
73.9,6.329201843104376,-0.1306490096024303,7.781182990798793,-0.028536792351917823,0.009357683758133058,-0.030233269066502366,5.361596448176972,-1.967988020628137,505.7230983066797,-68.0979285707142,1.3747683200453786,-0.257045001795094,-0.768836185704379,-1.1683111684392022,0.0,-0.04794187781187698,,
74.0,6.387596578723156,-0.3483787790559366,7.538954108476935,-0.047381732605877816,-0.010557952183694083,-0.053316993341426144,5.499073280181509,-1.9727822084093247,505.50404641435216,-68.60981066349197,1.3747683200453786,-0.26363589927701947,-0.7804939414598856,-1.1620331443347078,0.0,-0.04794187781187698,,
74.10000000000001,6.392549673164565,-0.33830367332857,7.53127345745139,-0.02129444061449829,-0.011718102368858924,-0.04453673800904662,5.636550112186047,-1.9775763961905124,505.2770733959131,-69.13324952941852,1.3747683200453786,-0.27022679675894495,-0.7921090330611025,-1.1556702536753285,0.0,-0.04794187781187698,,
74.2,6.500424780281713,-0.1616817751783229,7.680265909662813,-0.0186691975610786,-0.0007149429289734574,-0.025249943772166487,5.7740269441905845,-1.9823705839717,505.042063532089,-69.66818069335363,1.3747683200453786,-0.27681769424087044,-0.8036809150085935,-1.149222761911795,0.0,-0.04794187781187698,,
74.3,6.443097107055159,-0.19572249588907953,7.661804798566028,-0.015552114924484748,-0.012278904075179165,-0.033266482745796785,5.911503776195122,-1.9871647717528877,504.79890154114366,-70.21453883683063,1.3747683200453786,-0.2834085917227959,-0.8152090433707506,-1.1426909377733054,0.0,-0.04794187781187698,,
74.4,6.608590460069615,-0.44062092941278985,7.4958533451348615,-0.01810269445800677,0.006063610575300989,-0.02825775905513893,6.04898060819966,-1.9919589595340754,504.54747258430143,-70.77225780077633,1.3747683200453786,-0.2899994892047214,-0.8266928758026846,-1.1360750532585773,0.0,-0.04794187781187698,,
74.5,6.1581574134076265,-0.1660780108581325,7.552834090172505,-0.015591012439780868,-0.0015955508320090314,-0.03330400035301066,6.186457440204197,-1.996753147315263,504.2876622711548,-71.34127058826368,1.3747683200453786,-0.2965903866866469,-0.8381318715650651,-1.1293753836267943,0.0,-0.04794187781187698,,
74.60000000000001,6.196841404454521,-0.4718947137893721,7.396493997337379,-0.01938746753440568,-0.0013988944531015957,-0.047069581027859554,6.323934272208735,-2.001547335096451,504.0193566650554,-71.92150936729685,1.3747683200453786,-0.3031812841685724,-0.8495254915429122,-1.1225922073884491,0.0,-0.04794187781187698,,
74.7,6.2856807991912085,-0.4430532474155392,7.660836231394209,-0.027198708446831667,-0.004826089434513457,-0.019213617319587144,6.461411104213273,-2.006341522877639,503.74244228848875,-72.51290547362876,1.3747683200453786,-0.30977218165049786,-0.8608731982643343,-1.11572580629608,0.0,-0.04794187781187698,,
74.8,6.359586881022043,-0.19359567719831994,7.695022488963533,-0.03348849857810318,0.018658345747470925,-0.03128724068898282,6.59888793621781,-2.011135710658827,503.45680612843256,-73.115389413611,1.3747683200453786,-0.31636307913242334,-0.8721744559192168,-1.108776465334902,0.0,-0.04794187781187698,,
74.9,6.254367650882897,-0.08901003647264799,7.631351375510599,-0.02733112420875134,0.0033957700519492468,-0.026362849585668455,6.736364768222348,-2.0159298984400147,503.16233564169784,-73.72889086707582,1.3747683200453786,-0.3229539766143488,-0.8834287303778576,-1.101744472713333,0.0,-0.04794187781187698,,
75.0,6.084446859256546,-0.16656205736657903,7.666026138898959,-0.01702954089019547,-0.0081733822757313,-0.017143857199737503,6.873841600226886,-2.0207240862212026,502.85891876025323,-74.35333869025042,1.3747683200453786,-0.3295448740962743,-0.8946354892095498,-1.0946301198534192,0.0,-0.04794187781187698,,
75.10000000000001,6.11483859432496,-0.08279722340805895,7.532610906576452,-0.024983530038414123,-0.012120468567456352,-0.051991077401212324,7.011318432231423,-2.0255182740023905,502.5464438965324,-74.98866091870325,1.3747683200453786,-0.3361357715781998,-0.9057942017011118,-1.0874337013811508,0.0,-0.04794187781187698,,
75.2,6.285982128614073,-0.10975038283577851,7.6650292584047275,-0.04256769979067558,0.00840497568414452,-0.04740548444187041,7.148795264235961,-2.0303124617835784,502.22479994872344,-75.63478477032214,1.3747683200453786,-0.3427266690601253,-0.9169043388753622,-1.0801555151166782,0.0,-0.04794187781187698,,
75.3,6.211182552926267,-0.29893276049313333,7.6752639671238265,-0.030243819792857507,-0.004480963390352737,-0.026716359776109908,7.2862720962404985,-2.0351066495647663,501.89387630604136,-76.2916366483244,1.3747683200453786,-0.34931756654205076,-0.9279653735095421,-1.072795862064423,0.0,-0.04794187781187698,,
75.4,6.49026616774445,-0.4844643472163481,7.998776836579614,-0.02351681729328302,-0.015038203680064994,-0.040689210351230784,7.423748928245036,-2.039900837345954,501.55356285398267,-76.95914214429862,1.3747683200453786,-0.35590846402397625,-0.9389767801536818,-1.0653550464030865,0.0,-0.04794187781187698,,
75.5,6.150558716446158,-0.32313231302447454,7.7056946956096555,-0.03311030953548235,-0.013114268038053878,-0.03413782106836002,7.561225760249574,-2.044695025127142,501.2037499795617,-77.6372260412781,1.3747683200453786,-0.36249936150590173,-0.9499380351489097,-1.0578333754755556,0.0,-0.04794187781187698,,
75.60000000000001,6.406398411040638,-0.4940014653316883,7.621536523918441,-0.03807555962662346,-0.0027358914922577834,-0.036452907202596474,7.6987025922541115,-2.04948921290833,500.84432857652934,-78.3258123168458,1.3747683200453786,-0.3690902589878272,-0.9608486166457095,-1.0502311597787033,0.0,-0.04794187781187698,,
75.7,6.0539101899903995,-0.14128373901417307,7.755549454187238,-0.01397437576936371,-0.011697812702471446,-0.037579230275642764,7.836179424258649,-2.054283400689518,500.47519005057336,-79.0248241462708,1.3747683200453786,-0.3756811564697527,-0.9717080046221165,-1.0425487129530917,0.0,-0.04794187781187698,,
75.8,6.1749997317983985,-0.4577289031797349,7.629848719468768,-0.0413094754247618,-0.007303670525697308,-0.02938010726433983,7.973656256263187,-2.0590775884707058,500.09622632449987,-79.734183905676,1.3747683200453786,-0.3822720539516782,-0.9825156809018589,-1.0347863517725695,0.0,-0.04794187781187698,,
75.9,6.34087743190701,-0.39243952849861147,7.518634411906394,-0.023067768081341547,-0.020629649556022357,-0.03700934691025593,8.111133088267724,-2.0638717762518937,499.7073298433966,-80.45381317523714,1.3747683200453786,-0.38886295143360367,-0.9932711291724412,-1.026944396133768,0.0,-0.04794187781187698,,
76.0,6.2020721409577115,-0.117812649500661,7.708040335752988,-0.011494170217353378,0.006537596899509299,-0.03686134492608309,8.248609920272262,-2.0686659640330816,499.3083935797775,-81.18363274241287,1.3747683200453786,-0.39545384891552915,-1.0039738350031682,-1.0190231690454983,0.0,-0.04794187781187698,,
76.10000000000001,6.308056008249724,-0.621081216829653,7.827583830091122,-0.026266122597096205,0.0025306823474718133,-0.04438470797848187,8.3860867522768,-2.0734601518142695,498.89931103870754,-81.92356260520587,1.3747683200453786,-0.40204474639745463,-1.0146232858631115,-1.0110229966180437,0.0,-0.04794187781187698,,
76.2,6.213040285772159,-0.10965832220251814,7.867596158531185,-0.02433270543247184,-0.0018867563266779417,-0.03817860969176075,8.523563584281337,-2.0782543395954574,498.4799762629093,-82.67352197545488,1.3747683200453786,-0.4086356438793801,-1.0252189711390147,-1.0029442080523565,0.0,-0.04794187781187698,,
76.3,6.387958551428663,-0.5031458330158709,7.745513677697784,-0.00676059743864281,0.001347062702050252,-0.030197069373627754,8.661040416285875,-2.0830485273766453,498.0502838378496,-83.43342928215745,1.3747683200453786,-0.4152265413613056,-1.0357603821531407,-0.9947871356291478,0.0,-0.04794187781187698,,
76.4,6.583661415877404,-0.4038322225311346,7.560183883061469,-0.010705060773833514,0.00567531855026453,-0.04346724354970788,8.798517248290413,-2.087842715157833,497.61012889680654,-84.20320217482356,1.3747683200453786,-0.4218174388432311,-1.046247012181057,-0.986552114697884,0.0,-0.04794187781187698,,
76.5,6.134554939239987,-0.3959284537797691,7.932176414752099,-0.01732327730068959,0.017893798178413294,-0.03523160333415592,8.93599408029495,-2.092636902939021,497.1594071259176,-84.9827575268596,1.3747683200453786,-0.42840833632515657,-1.05667835646936,-0.9782394836656785,0.0,-0.04794187781187698,,
76.60000000000001,6.273815060935289,-0.6959116086038797,7.593446641275537,-0.02366415538343269,-0.01462073047689448,-0.050481275929610436,9.073470912299488,-2.097431090720209,496.69801476920674,-85.77201143898297,1.3747683200453786,-0.43499923380708205,-1.0670539122533382,-0.9698495839860872,0.0,-0.04794187781187698,,
76.7,6.445270324023049,-0.4421048969942481,7.793000787872711,-0.03230751762422609,-0.0038380610049185827,-0.03559552912790648,9.210947744304026,-2.102225278501397,496.2258486335923,-86.57087924266693,1.3747683200453786,-0.4415901312890075,-1.0773731787745724,-0.9613827601478033,0.0,-0.04794187781187698,,
76.80000000000001,6.128528184411377,-0.1540917807925285,7.5908083433280975,-0.01460253070969496,0.00041130718601790607,-0.05262100284407807,9.348424576308563,-2.1070194662825847,495.74280609387426,-87.37927550361582,1.3747683200453786,-0.44818102877093297,-1.087635657298475,-0.9528393596632535,0.0,-0.04794187781187698,,
76.9,6.404657596685771,-0.42336765723299197,7.815253150338602,-0.033493288650384895,-0.002195671852139626,-0.0470021344336792,9.4859014083131,-2.1118136540637726,495.24878509770133,-88.19711402527018,1.3747683200453786,-0.45477192625285845,-1.0978408511317623,-0.9442197330570969,0.0,-0.04794187781187698,,
77.0,6.342115959075736,-0.3359759067893947,7.583140933220151,-0.006015026757298321,0.0013236839698867184,-0.03926981568099223,9.623378240317638,-2.1166078418449605,494.74368417051693,-89.02430785234218,1.3747683200453786,-0.46136282373478393,-1.107988265639868,-0.9355242338546248,0.0,-0.04794187781187698,,
77.10000000000001,6.183336614091287,-0.7195351308841276,7.794496351387518,-0.038228865243729884,-0.007649378572111432,-0.033313175584127004,9.760855072322176,-2.1214020296261484,494.22740242048536,-89.8607692743806,1.3747683200453786,-0.4679537212167094,-1.1180774082642875,-0.9267532185700634,0.0,-0.04794187781187698,,
77.2,5.982585014751242,-0.7582711109651241,7.640455867512146,-0.026203177525652748,-0.011940348129204562,-0.04096611804780616,9.898331904326714,-2.1261962174073363,493.6998395433959,-90.7064098293659,1.3747683200453786,-0.4745446186986349,-1.12810778853986,-0.9179070466947794,0.0,-0.04794187781187698,,
77.30000000000001,6.128084267339467,-0.41383059513232,7.6467406710853,-0.021237192473327008,0.0019095306968018684,-0.054825771108831814,10.035808736331251,-2.1309904051885242,493.1608958275469,-91.56114030733468,1.3747683200453786,-0.4811355161805604,-1.1380789181119855,-0.9089860806853862,0.0,-0.04794187781187698,,
77.4,6.578221838987401,-0.5982793507086711,7.705395872347679,-0.020546336938780954,0.0002988320608502375,-0.019607266177922127,10.173285568335789,-2.135784592969712,492.6104721586075,-92.42487075403389,1.3747683200453786,-0.48772641366248587,-1.1479903107537732,-0.899990685951759,0.0,-0.04794187781187698,,
77.5,6.309794995310012,-0.38638213993228704,7.6251607581515986,-0.019981355423760404,0.0025627695828915305,-0.02275592579787353,10.310762400340327,-2.1405787807509,492.04847002445894,-93.29751047460428,1.3747683200453786,-0.49431731114441135,-1.157841482383127,-0.8909212308449477,0.0,-0.04794187781187698,,
77.60000000000001,6.115206389467444,-0.16200381071808656,7.742662284829808,0.0009674629249878386,-0.008600660655486026,-0.02293080946396847,10.448239232344864,-2.145372968532088,491.4747915200136,-94.17896803729322,1.3747683200453786,-0.5009082086263369,-1.1676319510797601,-0.8817780866449965,0.0,-0.04794187781187698,,
77.7,6.1889268836702716,-0.6431680534324626,7.830869636863431,-0.01880347491494242,0.004280415533154763,-0.04685373607569823,10.585716064349402,-2.150167156313276,490.88933935201237,-95.06915127719671,1.3747683200453786,-0.5074991061082623,-1.1773612371021458,-0.8725616275486691,0.0,-0.04794187781187698,,
77.80000000000001,6.463745916354974,-0.4714225801786203,7.724499437921349,-0.01365914679650981,-0.01626291113843042,-0.03928922203483673,10.72319289635394,-2.1549613440944637,490.2920168438001,-95.96796730003038,1.3747683200453786,-0.5140900035901879,-1.1870288629043975,-0.8632722306570768,0.0,-0.04794187781187698,,
77.9,6.359922702859717,-0.2806428454669576,7.579502457117239,-0.032741337824965154,0.012852280229112348,-0.0459224799793521,10.860669728358477,-2.1597555318756516,489.6827279400793,-96.87532248592943,1.3747683200453786,-0.5206809010721133,-1.19663435315308,-0.8539102759632127,0.0,-0.04794187781187698,,
78.0,6.1738778096384985,-0.4467377559704956,7.585200983579035,-0.01194665206325127,0.006671289488106259,-0.04765093584757609,10.998146560363015,-2.1645497196568395,489.0613772116406,-97.79112249327736,1.3747683200453786,-0.5272717985540388,-1.2061772347439554,-0.844476146339391,0.0,-0.04794187781187698,,
78.10000000000001,6.304294310155849,-0.5140684672443103,7.553089976223101,-0.023044337277736165,-0.0003598234350234229,-0.03891101562714468,11.135623392367552,-2.1693439074380274,488.42786986007184,-98.71527226256337,1.3747683200453786,-0.5338626960359643,-1.2156570368186534,-0.8349702275245938,0.0,-0.04794187781187698,,
78.2,6.529627193533846,-0.33862591712105394,7.5105175217582465,-0.03426778069108193,-0.002215328203022898,-0.04279047625038182,11.27310022437209,-2.1741380952192153,487.7821117224439,-99.64767602026835,1.3747683200453786,-0.5404535935178898,-1.2250732907812774,-0.825392908111722,0.0,-0.04794187781187698,,
78.30000000000001,6.153147369851561,-0.3274138937100304,7.584264923268614,-0.010851607343390789,0.00017743242330652353,-0.0321092037066828,11.410577056376628,-2.178932283000403,487.1240092759738,-100.58823728277913,1.3747683200453786,-0.5470444909998152,-1.2344255303149345,-0.8157445795347538,0.0,-0.04794187781187698,,
78.4,6.308971102265655,-0.686669108593414,7.758152717505135,-0.02463673319146214,-0.0036239242661617946,-0.02435522239836467,11.548053888381165,-2.183726470781591,486.45346964266486,-101.5368588603312,1.3747683200453786,-0.5536353884817408,-1.2437132913982003,-0.8060256360558118,0.0,-0.04794187781187698,,
78.5,6.394046088034689,-0.5624242956114391,7.673804393287017,-0.042454314670634444,-0.0056279905806040555,-0.04737809332654043,11.685530720385703,-2.188520658562779,485.77040059392414,-102.49344286097946,1.3747683200453786,-0.5602262859636662,-1.2529361123215053,-0.7962364747521355,0.0,-0.04794187781187698,,
78.60000000000001,5.9614699626407335,-0.5631939337074813,7.328614998638382,-0.040274634438007925,0.017382108946411824,-0.037280946938322006,11.82300755239024,-2.193314846343967,485.074710555156,-103.45789069459701,1.3747683200453786,-0.5668171834455917,-1.262093533703455,-0.7863774955029627,0.0,-0.04794187781187698,,
78.7,6.240881110106642,-0.4729941054707425,7.600002918052218,-0.006608402247154459,-0.01595306850675724,-0.042673152821802764,11.960484384394778,-2.198109034125155,484.3663086103325,-104.43010307690189,1.3747683200453786,-0.5734080809275172,-1.271185098507073,-0.7764491009763193,0.0,-0.04794187781187698,,
78.80000000000001,6.226555627769164,-0.33791566691293606,7.811473707921797,-0.030215301761022828,-0.00260155168674796,-0.038183224029286235,12.097961216399316,-2.2029032219063427,483.64510450654024,-105.40998003351143,1.3747683200453786,-0.5799989784094426,-1.2802103520559736,-0.7664516966157163,0.0,-0.04794187781187698,,
78.9,6.120777972300976,-0.3309744750575597,7.690725923863488,-0.023967572541144903,0.004142353145209541,-0.04338522357226621,12.235438048403854,-2.2076974096875306,482.91100865850336,-106.39742090402447,1.3747683200453786,-0.5865898758913681,-1.2891688420504597,-0.7563856906267596,0.0,-0.04794187781187698,,
79.0,6.31346869442783,-0.5504564869787358,7.638662720604178,-0.019926115523290377,0.0006544042164474073,-0.03154889096909548,12.372914880408391,-2.2124915974687185,482.1639321530826,-107.39232434613075,1.3747683200453786,-0.5931807733732936,-1.2980601185835459,-0.7462514939636649,0.0,-0.04794187781187698,,
79.10000000000001,6.244589039717022,-0.6891089963278849,7.468678798706518,-0.016437777875875973,-0.011278012314858336,-0.0382614272561934,12.510391712412929,-2.2172857852499064,481.4037867537503,-108.39458833974791,1.3747683200453786,-0.5997716708552191,-1.3068837341569086,-0.7360495203156838,0.0,-0.04794187781187698,,
79.2,6.16514627962462,-0.4122325741732472,7.4703237242433795,-0.04070036030523104,-0.005601829472607301,-0.023880166206565474,12.647868544417467,-2.2220799730310943,480.6304849050412,-109.4041101911856,1.3747683200453786,-0.6063625683371445,-1.3156392436967583,-0.7257801860934434,0.0,-0.04794187781187698,,
79.30000000000001,6.163571046493101,-0.5673931792953495,7.963154026531199,-0.04932743487517902,-0.004941875398871278,-0.01882870350595583,12.785345376422004,-2.226874160812282,479.84393973697877,-110.42078653733664,1.3747683200453786,-0.6129534658190701,-1.324326204569638,-0.7154439104151911,0.0,-0.04794187781187698,,
79.4,6.029612063852495,-0.45687385128685953,7.686739414769311,-0.024213008770303624,-0.010157018199343283,-0.026710435183953773,12.922822208426542,-2.23166834859347,479.04406506947686,-111.44451334989519,1.3747683200453786,-0.6195443633009955,-1.3329441765981462,-0.7050411150929556,0.0,-0.04794187781187698,,
79.5,6.246980345579757,-0.6072771518771024,7.650558986606951,-0.028127127098623396,0.00442747316635151,-0.03779746278283485,13.06029904043108,-2.236462536374658,478.230775416717,-112.47518593960163,1.3747683200453786,-0.626135260782921,-1.3414927220765813,-0.6945722246186163,0.0,-0.04794187781187698,,
79.60000000000001,6.261932630264384,-0.9406074756250247,7.4358686261035265,-0.027844165235562456,0.008173733708428827,-0.031728310728405346,13.197775872435617,-2.241256724155846,477.40398599150046,-113.51269896051423,1.3747683200453786,-0.6327261582648465,-1.3499714057865086,-0.6840376661498854,0.0,-0.04794187781187698,,
79.7,6.27265517552553,-0.5359254700805076,7.575959108114753,-0.026580288490073233,0.0012750469733755524,-0.020639541127761788,13.335252704440155,-2.2460509119370338,476.56361270957547,-114.55694641430716,1.3747683200453786,-0.639317055746772,-1.3583797950122523,-0.673437869496203,0.0,-0.04794187781187698,,
79.80000000000001,6.418827659458442,-0.5982813564326025,7.864555466126742,-0.01706252498445686,0.005744677376613015,-0.0414922060536341,13.472729536444692,-2.2508450997182217,475.7095721939391,-115.60782165459503,1.3747683200453786,-0.6459079532286974,-1.3667174595563067,-0.6627732671045452,0.0,-0.04794187781187698,,
79.9,5.976173709239249,-0.5009189829668287,7.541355696160779,-0.034246406433018024,-0.007719485085814705,-0.0292577693200754,13.61020636844923,-2.2556392874994096,474.841781779114,-116.6652173912836,1.3747683200453786,-0.652498850710623,-1.3749839717546704,-0.6520442940451427,0.0,-0.04794187781187698,,
80.0,6.167307618700753,-0.6756718370887782,7.649618786190453,-0.013003676181145202,0.007803970813911577,-0.028688112220957768,13.747683200453768,-2.2604334752805975,473.96015951539965,-117.7290256949466,1.3747683200453786,-0.6590897481925484,-1.3831789064920992,-0.641251387997118,0.0,-0.04794187781187698,,
80.10000000000001,6.136602322264022,-0.6091328623016206,7.718912280261441,-0.02941413169777085,-0.0018999519741671035,-0.03794812597443473,13.885160032458305,-2.2652276630617854,473.06462417309774,-118.79913800122839,1.3747683200453786,-0.6656806456744739,-1.3913018412172833,-0.6303949892340317,0.0,-0.04794187781187698,,
80.2,6.357058287308702,-0.6076955247795484,7.7366721641626865,-0.03867881242508457,0.0008499537508873775,-0.018570016223235772,14.022636864462843,-2.2700218508429733,472.15509524671194,-119.87544511527263,1.3747683200453786,-0.6722715431563994,-1.3993523559579404,-0.6194755406093458,0.0,-0.04794187781187698,,
80.30000000000001,5.9580818215934945,-0.8552904767672841,7.678467969120939,-0.02352467196541708,0.006570975250365977,-0.035737459820717465,14.16011369646738,-2.274816038624161,471.23149295912174,-120.95783721617639,1.3747683200453786,-0.6788624406383249,-1.4073300333358305,-0.6084934875418022,0.0,-0.04794187781187698,,
80.4,6.0651196946449595,-0.6788504683745087,7.827991151715527,-0.022651995008448986,-0.010055833439430626,-0.04194246463136061,14.297590528471918,-2.279610226405349,470.2937382657302,-122.04620386146989,1.3747683200453786,-0.6854533381202503,-1.4152344585816903,-0.5974492780007162,0.0,-0.04794187781187698,,
80.5,6.384727594021198,-0.5989698462196176,7.563107806142806,-0.027372690515926435,0.012528852329750945,-0.04561545025386366,14.435067360476456,-2.284404414186537,469.34175285858527,-123.14043399162158,1.3747683200453786,-0.6920442356021759,-1.4230652195500826,-0.586343362491184,0.0,-0.04794187781187698,,
80.60000000000001,6.354354062923982,-0.7027507944978728,7.845084990306054,-0.014593065875527536,-0.008827720139193623,-0.04221734633983983,14.572544192480994,-2.289198601967725,468.37545917047487,-124.24041593456835,1.3747683200453786,-0.6986351330841013,-1.4308219067341685,-0.5751761940392099,0.0,-0.04794187781187698,,
80.7,6.3979816373195275,-0.6089872289351207,7.591953973669798,-0.030473335422183223,0.005245398298871139,-0.025258245829866986,14.710021024485531,-2.2939927897489127,467.3947803789957,-125.34603741027092,1.3747683200453786,-0.7052260305660268,-1.4385041132803944,-0.5639482281767476,0.0,-0.04794187781187698,,
80.80000000000001,6.027008451920374,-0.5602591826311695,7.575400191045005,-0.0006255801386759637,0.010241002864181422,-0.03136124307372675,14.847497856490069,-2.2987869775301006,466.39964041059466,-126.45718553529409,1.3747683200453786,-0.7118169280479523,-1.4461114350030968,-0.5526599229266588,0.0,-0.04794187781187698,,
80.9,6.380165647451527,-0.6668649209916333,7.443465174927341,-0.01348784660403008,-0.004267326863603061,-0.04879613393761831,14.984974688494606,-2.3035811653112885,465.38996394458445,-127.5737468274117,1.3747683200453786,-0.7184078255298778,-1.4536434703990229,-0.5413117387875913,0.0,-0.04794187781187698,,
81.0,6.082767255530774,-0.7048023044951737,7.857319825585164,-0.02842955817806419,-0.001239657203492984,-0.03544612021021459,15.122451520499144,-2.3083753530924764,464.3656764171312,-128.6956072102362,1.3747683200453786,-0.7249987230118032,-1.461099820661769,-0.5299041387187733,0.0,-0.04794187781187698,,
81.10000000000001,6.185833017663432,-0.5708972191588824,7.755925956512113,-0.009897578352563496,0.013131757626138092,-0.03627165695919892,15.259928352503682,-2.3131695408736643,463.32670402521575,-129.82265201787283,1.3747683200453786,-0.7315896204937288,-1.4684800896961345,-0.5184375881247265,0.0,-0.04794187781187698,,
81.2,6.483985917810138,-0.8638690372256478,7.578356047908248,-0.033456145537196065,0.003784471354380849,-0.03348047056671218,15.39740518450822,-2.3179637286548522,462.27297373056695,-130.95476599959787,1.3747683200453786,-0.7381805179756542,-1.4757838841323898,-0.5069125548398995,0.0,-0.04794187781187698,,
81.30000000000001,6.396000789110813,-0.8234478745756508,7.669254713569104,-0.027676681125479403,-0.000262478709422656,-0.04989361172093471,15.534882016512757,-2.32275791643604,461.2044132635683,-132.09183332456118,1.3747683200453786,-0.7447714154575797,-1.4830108133404614,-0.4953295091132187,0.0,-0.04794187781187698,,
81.4,6.4892491286010525,-0.6213041056217669,7.502655290388783,-0.029718221665435147,-0.0035238157740636504,-0.03577935014036881,15.672358848517295,-2.327552104217228,460.1209511271368,-133.2337375865127,1.3747683200453786,-0.7513623129395052,-1.490160489444028,-0.48368892359256077,0.0,-0.04794187781187698,,
81.5,6.317388583215338,-0.649539257580736,7.7899268119157625,-0.03391688316063165,-0.006216984415610511,-0.05725757739482071,15.809835680521832,-2.332346291998416,459.0225166005737,-134.3803618085527,1.3747683200453786,-0.7579532104214307,-1.497232527334535,-0.47199127330914425,0.0,-0.04794187781187698,,
81.60000000000001,6.281347717719485,-0.7723060780840059,7.573782811040554,-0.03136961179952388,-0.011117612876640764,-0.03139675410195607,15.94731251252637,-2.337140479779604,457.909039743388,-135.5315884479059,1.3747683200453786,-0.7645441079033561,-1.5042265446851184,-0.46023703566184304,0.0,-0.04794187781187698,,
81.7,6.33736371723674,-0.5291483804310175,7.6466060002282195,-0.02199302957559335,-0.010974242074812512,-0.025614013156300887,16.084789344530908,-2.3419346675607917,456.78045139909193,-136.68729940071896,1.3747683200453786,-0.7711350053852817,-1.511142161964446,-0.44842669040142,0.0,-0.04794187781187698,,
81.80000000000001,6.090093674378877,-0.7876994485731581,7.681755873340399,-0.03200368413680555,-0.008764847568253673,-0.02628854166684315,16.222266176535445,-2.3467288553419796,455.6366831989678,-137.84737600688126,1.3747683200453786,-0.7777259028672071,-1.517979002450467,-0.436560719614684,0.0,-0.04794187781187698,,
81.9,6.383548603090437,-0.7365230605185621,7.714710275385004,-0.023348872749766107,0.0019547061481363323,-0.03398722107129245,16.359743008539983,-2.3515230431231675,454.4776675658072,-139.01169905486915,1.3747683200453786,-0.7843168003491326,-1.5247366922440764,-0.4246396077085681,0.0,-0.04794187781187698,,
82.0,6.679274969781775,-0.8488054375754731,7.636254098795243,-0.021708890148431106,-0.017542499653798956,-0.03346802863162408,16.49721984054452,-2.3563172309043554,453.3033377176219,-140.18014878661293,1.3747683200453786,-0.7909076978310581,-1.5314148602826922,-0.41266384139412915,0.0,-0.04794187781187698,,
82.10000000000001,6.356824081369389,-1.0012159104586347,7.457335634568785,-0.023403072311092333,-0.00035556702673261584,-0.04756611680731393,16.634696672549058,-2.3611114186855433,452.1136276713254,-141.3526049023869,1.3747683200453786,-0.7974985953129836,-1.5380131383537414,-0.4006339096704742,0.0,-0.04794187781187698,,
82.2,6.3864740213466265,-0.8922153812985644,7.681218032765774,-0.01947754738555499,0.007955014474859648,-0.02169399163959898,16.772173504553596,-2.365905606466731,450.90847224638685,-142.52894656572212,1.3747683200453786,-0.804089492794909,-1.544531161108058,-0.3885503038086068,0.0,-0.04794187781187698,,
82.30000000000001,6.279377813908405,-0.7305419077146206,7.646166972834027,-0.03058162703767005,0.00023089953293946427,-0.03914831016958368,16.909650336558133,-2.370699794247919,449.6878070684558,-143.70905240834165,1.3747683200453786,-0.8106803902768346,-1.550968566073193,-0.37641351733520034,0.0,-0.04794187781187698,,
82.4,6.5376810045028675,-0.6613140169540674,7.44116571391854,-0.015464843028281383,0.019266529672158986,-0.04051909918721648,17.04712716856267,-2.375493982029107,448.4515685729579,-144.89280053511823,1.3747683200453786,-0.81727128775876,-1.5573249936666316,-0.3642240460162942,0.0,-0.04794187781187698,,
82.5,6.384040175344951,-0.8266411826094942,7.650354482879183,-0.04158480466130152,0.013339344880105894,-0.040185274514984076,17.18460400056721,-2.380288169810295,447.1996940086617,-146.0800685290542,1.3747683200453786,-0.8238621852406856,-1.5636000872089248,-0.35198238784091573,0.0,-0.04794187781187698,,
82.60000000000001,6.08512067034305,-0.9810105192749987,7.780552665040262,-0.020708701263049918,-0.014001737171881442,-0.021768476553507193,17.322080832571746,-2.385082357591483,445.93212144121634,-147.2707334562834,1.3747683200453786,-0.830453082722611,-1.5697934929367239,-0.3396890430046282,0.0,-0.04794187781187698,,
82.7,6.395184574418735,-0.902181749706136,7.742068004141234,-0.0281882407098258,0.0073594529639318465,-0.04078049820335369,17.459557664576284,-2.3898765453726707,444.6487897566599,-148.4646718710952,1.3747683200453786,-0.8370439802045365,-1.5759048600157302,-0.327344513893004,0.0,-0.04794187781187698,,
82.80000000000001,6.3580800664050905,-0.9106573294026727,7.623801375080686,-0.009550173610025671,0.004064141772267647,-0.039579934075943304,17.59703449658082,-2.3946707331538586,443.34963866489824,-149.66175982097994,1.3747683200453786,-0.843634877686462,-1.5819338405535488,-0.31494930506502616,0.0,-0.04794187781187698,,
82.9,6.40829659264426,-1.0211854463807277,7.428878732031631,-0.008367002546040253,-0.010648032492088122,-0.03931642320648632,17.73451132858536,-2.3994649209350465,442.0346087031547,-150.86187285169618,1.3747683200453786,-0.8502257751683875,-1.587880089612454,-0.3025039232364144,0.0,-0.04794187781187698,,
83.0,6.122909377142442,-0.6612646651460955,7.436662468586682,-0.0211045868390251,0.0003726363056978282,-0.04549528754312179,17.871988160589897,-2.4042591087162344,440.7036412393893,-152.06488601235924,1.3747683200453786,-0.8568166726503129,-1.593743265222059,-0.29000887726288127,0.0,-0.04794187781187698,,
83.10000000000001,6.331896688329015,-0.7107725523373415,7.629702433458346,-0.027329528456060737,-0.02009637898193831,-0.061232638700222095,18.009464992594435,-2.4090532964974223,439.35667847568914,-153.27067386055106,1.3747683200453786,-0.8634075701322383,-1.5995230283918935,-0.2774646781233151,0.0,-0.04794187781187698,,
83.2,6.233661276427814,-1.008850869940124,7.700283285952882,-0.03727656535079461,0.011065247530203185,-0.056389367666763814,18.146941824598972,-2.41384748427861,437.9936634516282,-154.47911046745097,1.3747683200453786,-0.8699984676141639,-1.6052190431238929,-0.2648718389028919,0.0,-0.04794187781187698,,
83.30000000000001,6.253917056949175,-1.2201644716418676,7.555501702946997,-0.029564055139249704,-0.005280338515127274,-0.04618617207826207,18.28441865660351,-2.418641672059798,436.6145400475972,-155.6900694229875,1.3747683200453786,-0.8765893650960893,-1.6108309764247868,-0.25223087477611716,0.0,-0.04794187781187698,,
83.4,6.412961426467845,-0.870663630894262,7.520707590994208,-0.017712598086074803,-0.007388355646092022,-0.025170221457728164,18.421895488608047,-2.423435859840986,435.2192529881035,-156.90342384101095,1.3747683200453786,-0.8831802625780149,-1.6163584983183987,-0.23954230298979473,0.0,-0.04794187781187698,,
83.5,6.099667184414147,-1.0469186758210696,7.670267273368371,-0.020511222368269865,-0.006471083227211602,-0.04081672114845633,18.559372320612585,-2.428230047622174,433.80774784504047,-158.11904636448622,1.3747683200453786,-0.8897711600599403,-1.6218012818578493,-0.2268066428459301,0.0,-0.04794187781187698,,
83.60000000000001,6.463804409201411,-0.9959314864124118,7.7549033642567915,-0.03477441628077594,0.007933284580468013,-0.032523985472102994,18.696849152617123,-2.4330242354033618,432.3799710409267,-159.33680917070643,1.3747683200453786,-0.8963620575418658,-1.627159003137666,-0.21402441568456,0.0,-0.04794187781187698,,
83.7,6.120378779727493,-0.9825795577878913,7.634790607469846,0.008773531226425636,-0.0035192256516743585,-0.02409167328014497,18.83432598462166,-2.4378184231845497,430.93586985211437,-160.5565839765264,1.3747683200453786,-0.9029529550237912,-1.6324313413057965,-0.20119614486651616,0.0,-0.04794187781187698,,
83.80000000000001,6.301871449102096,-0.7833725575795037,7.657316735732452,-0.019340774442832,0.005130071872632552,-0.019015807097344333,18.971802816626198,-2.4426126109657376,429.4753924119673,-161.77824204361644,1.3747683200453786,-0.9095438525057168,-1.6376179785755283,-0.18832235575611955,0.0,-0.04794187781187698,,
83.9,6.39197285759673,-1.1171159132817365,7.310103583451766,-0.034521275115625666,-0.0017473424128099436,-0.04054202093736006,19.109279648630736,-2.4474067987469255,427.9984877140078,-163.0016541837357,1.3747683200453786,-0.9161347499876422,-1.6427186002373115,-0.1754035757038067,0.0,-0.04794187781187698,,
84.0,6.387835429945581,-1.0666799826529831,7.483031686335144,-0.016319228872406336,0.01286516629121481,-0.03536333244110844,19.246756480635273,-2.4522009865281134,426.50510561503324,-164.22669076402553,1.3747683200453786,-0.9227256474695678,-1.6477328946704843,-0.16244033402868963,0.0,-0.04794187781187698,,
84.10000000000001,6.545203212155563,-0.8983350023880975,7.667644102107951,-0.027988412654408063,0.017623310013008812,-0.00752165185267575,19.38423331263981,-2.4569951743093013,424.995196838201,-165.45322171232215,1.3747683200453786,-0.9293165449514932,-1.6526605533549052,-0.14943316200104872,0.0,-0.04794187781187698,,
84.2,6.183556538485244,-0.8270597706377988,7.572488014608613,-0.01613536690459736,-0.007702403777418077,-0.024459601136341484,19.52171014464435,-2.461789362090489,423.46871297608254,-166.68111652248862,1.3747683200453786,-0.9359074424334187,-1.6575012708824848,-0.13638259282475818,0.0,-0.04794187781187698,,
84.30000000000001,6.484350325553032,-0.8569807920411595,7.588211080573009,-0.03040937084738173,0.003753646758665851,-0.03659701927219269,19.659186976648886,-2.466583549871677,421.92560649368636,-167.9102442597662,1.3747683200453786,-0.9424983399153442,-1.6622547449686214,-0.1232891616196482,0.0,-0.04794187781187698,,
84.4,6.222126073857804,-0.9061927015303206,7.776142558635491,-0.027114326654431094,-0.008929664163311044,-0.0433936679696744,19.796663808653424,-2.471377737652865,420.3658307314496,-169.14047356614438,1.3747683200453786,-0.9490892373972697,-1.6669206764635411,-0.11015340540379925,0.0,-0.04794187781187698,,
84.5,6.24136232960964,-0.4364382567817275,7.7418996404215115,-0.04384141432493529,-0.01564787054273905,-0.02595335104879655,19.93414064065796,-2.476171925434053,418.78933990819786,-170.37167266575003,1.3747683200453786,-0.9556801348791951,-1.6714987693635368,-0.09697586307577455,0.0,-0.04794187781187698,,
84.60000000000001,6.17104275817076,-1.0872586929565664,7.859701011748711,-0.011283046245674628,0.0008069345577313779,-0.049278485106270024,20.0716174726625,-2.4809661132152407,417.1960891240738,-171.60370937025496,1.3747683200453786,-0.9622710323611207,-1.6759887308221098,-0.08375707539678567,0.0,-0.04794187781187698,,
84.7,6.438981534033374,-0.7456719311358554,7.862027228974371,-0.029987993024251036,0.01785490940198662,-0.04198111606563326,20.209094304667037,-2.4857603009964286,415.58603436343407,-172.836451084302,1.3747683200453786,-0.9688619298430461,-1.6803902711610144,-0.07049758497279712,0.0,-0.04794187781187698,,
84.80000000000001,6.314315153934046,-0.9792364686977421,7.663476773564883,-0.02641856459585256,-0.0014698371680741571,-0.04581159458947878,20.346571136671574,-2.4905544887776165,413.959132497714,-174.06976481094938,1.3747683200453786,-0.9754528273249716,-1.6847031038812004,-0.05719793623656588,0.0,-0.04794187781187698,,
84.9,6.627309729528765,-0.8610363203051665,7.70414137684387,-0.0332521273306976,0.011738261334298861,-0.030994629266712127,20.484047968676112,-2.4953486765588044,412.3153412882608,-175.30351715713303,1.3747683200453786,-0.9820437248068971,-1.6889269456736593,-0.043858675429620186,0.0,-0.04794187781187698,,
85.0,6.332186567223599,-0.9505292018457292,7.775803835153769,-0.02156338022475781,-0.01618718644563077,-0.04879302317499338,20.62152480068065,-2.5001428643399923,410.65461938913495,-176.53757433914708,1.3747683200453786,-0.9886346222888226,-1.6930615164301686,-0.03048035058417442,0.0,-0.04794187781187698,,
85.10000000000001,6.261290247155516,-0.8944628476101811,8.000585412165533,-0.026992335962998583,0.006695553087112659,-0.03495470640437156,20.759001632685187,-2.5049370521211802,408.97692634987874,-177.77180218814183,1.3747683200453786,-0.995225519770748,-1.697106539253935,-0.017063511504984863,0.0,-0.04794187781187698,,
85.2,6.207112678347346,-1.134127831738727,7.6702547905199,-0.02475563093627575,0.0003703519425840135,-0.049181653336017116,20.896478464689725,-2.509731239902368,407.2822226182533,-179.00606615563936,1.3747683200453786,-1.0018164172526736,-1.7010617404701416,-0.0036087097511428023,0.0,-0.04794187781187698,,
85.30000000000001,6.057293830585749,-0.8108363908785261,7.57507254658356,-0.011437551120595172,0.002124767700014538,-0.03125155113212316,21.033955296694263,-2.514525427683556,405.57046954294293,-180.24023131906654,1.3747683200453786,-1.008407314734599,-1.70492684963639,0.00988350138219174,0.0,-0.04794187781187698,,
85.4,6.453726856847127,-1.1097638886556394,7.739624576160727,-0.017773500886537303,0.017809764783300683,-0.028471868798637282,21.1714321286988,-2.519319615464744,403.8416293762272,-181.47416238730517,1.3747683200453786,-1.0149982122165244,-1.7087015995530417,0.02341256688211657,0.0,-0.04794187781187698,,
85.5,6.173539476070038,-0.9079869912829025,7.758764749487331,-0.024487318528917147,-0.02097556063928854,-0.021088818296064873,21.308908960703338,-2.524113803245932,402.0956652766203,-182.7077237062591,1.3747683200453786,-1.02158910969845,-1.7123857262734612,0.03697793003637273,0.0,-0.04794187781187698,,
85.60000000000001,6.254994053326665,-1.0080840703130112,7.792922569516549,-0.022172285816266298,-0.014637116693173602,-0.031364137868739844,21.446385792707876,-2.5289079910271197,400.33254131147794,-183.9407792644381,1.3747683200453786,-1.0281800071803755,-1.7159789691141527,0.05057903245178785,0.0,-0.04794187781187698,,
85.7,6.153714821356223,-0.9533772874796149,7.619315533617028,-0.019101272969499216,0.007620006067193208,-0.036407846026798925,21.583862624712413,-2.5337021788083076,398.55222245957145,-185.17319269855858,1.3747683200453786,-1.034770904662301,-1.719481070664799,0.0642153140727797,0.0,-0.04794187781187698,,
85.80000000000001,6.319362529443087,-0.8843144190919202,7.909441047012562,-0.016717654811855064,-0.011141274597958687,-0.018508389824253693,21.72133945671695,-2.5384963665894955,396.75467461362916,-186.40482729916053,1.3747683200453786,-1.0413618021442264,-1.722891776798195,0.07788621319991451,0.0,-0.04794187781187698,,
85.9,6.38312292510091,-0.9564569180858695,7.817646383978984,-0.023294976272216765,0.010291052023564614,-0.03945746790765591,21.85881628872149,-2.5432905543706834,394.9398645828445,-187.63554601624074,1.3747683200453786,-1.047952699626152,-1.7262108366800795,0.09159116650852539,0.0,-0.04794187781187698,,
86.0,6.250077088374343,-1.1994139821336616,7.6659235619198745,-0.015632818708897097,0.016262838561039623,-0.018797333564058907,21.996293120726026,-2.5480847421518713,393.10776009535164,-188.86521146490216,1.3747683200453786,-1.0545435971080774,-1.7294380027788645,0.10532960906738364,0.0,-0.04794187781187698,,
86.10000000000001,6.284495614132044,-1.2666777868895789,7.579510298420825,-0.032040064874958835,0.01714981845042183,-0.04393867318905191,22.133769952730564,-2.552878929933059,391.2583298006675,-190.09368593101914,1.3747683200453786,-1.061134494590003,-1.73257303087526,0.11910097435742939,0.0,-0.04794187781187698,,
86.2,6.328213532370644,-0.9563981446400713,7.588642725983213,-0.023457787688785696,0.008645801355403085,-0.04283213880362073,22.2712467847351,-2.557673117714247,389.39154327210076,-191.32083137691833,1.3747683200453786,-1.0677253920719283,-1.735615680071795,0.1329046942905544,0.0,-0.04794187781187698,,
86.30000000000001,6.140115255413568,-0.6110496724525478,7.557067279170188,-0.03707259124369379,-0.005459548810340289,-0.03369428284480118,22.40872361673964,-2.562467305495435,387.5073710091275,-192.54650944707498,1.3747683200453786,-1.0743162895538538,-1.7385657128022367,0.14674019922844272,0.0,-0.04794187781187698,,
86.4,6.431194865902572,-0.9087339272720156,7.682202876597095,-0.03746948140655461,-0.009159766725264466,-0.031229587289494883,22.546200448744177,-2.567261493276623,385.6057844397335,-193.77058147382476,1.3747683200453786,-1.0809071870357794,-1.7414228948409014,0.16060691800146254,0.0,-0.04794187781187698,,
86.5,6.28109683124542,-1.1443898028614707,7.442878705423639,-0.038021071293877155,-0.019013755187796057,-0.04247307471736675,22.683677280748714,-2.572055681057811,383.6867559227231,-194.99290848309056,1.3747683200453786,-1.087498084517705,-1.744186995311865,0.1745042779276138,0.0,-0.04794187781187698,,
86.60000000000001,6.1304004275163555,-0.8292292795714007,7.703864301273486,-0.014911268547686037,0.013208395257121856,-0.043744031520144874,22.821154112753252,-2.5768498688389987,381.7502587499942,-196.21335120012418,1.3747683200453786,-1.0940889819996302,-1.7468577866980657,0.1884317048315276,0.0,-0.04794187781187698,,
86.7,6.364979031452794,-1.142250444669013,7.797730741151051,-0.028168372372414485,0.00654094193076666,-0.04088674208075611,22.95863094475779,-2.5816440566201866,379.79626714878,-197.43177005526306,1.3747683200453786,-1.1006798794815558,-1.7494350448503018,0.20238862306351912,0.0,-0.04794187781187698,,
86.80000000000001,6.283041479577682,-0.8934079052460124,7.6949297094421585,-0.03642994233188102,-0.012713897423936788,-0.030999387013420896,23.096107776762327,-2.5864382444013745,377.82475628385635,-198.6480251897011,1.3747683200453786,-1.1072707769634813,-1.7519185489961266,0.21637445551869083,0.0,-0.04794187781187698,,
86.9,6.377067752512097,-0.9396456763413199,7.82866180241531,-0.011345593034473586,-0.01664587482057123,-0.04554929558363989,23.233584608766865,-2.5912324321825624,375.8357022597161,-199.8619764612742,1.3747683200453786,-1.1138616744454068,-1.7543080817486338,0.23038862365608925,0.0,-0.04794187781187698,,
87.0,6.276573754808205,-1.1083250798788098,7.7822172398845595,-0.04384517114347787,-0.009711473377509324,-0.021748334863779677,23.371061440771403,-2.5960266199637503,373.82908212270854,-201.07348345025986,1.3747683200453786,-1.1204525719273322,-1.7566034291151378,0.24443054751790994,0.0,-0.04794187781187698,,
87.10000000000001,6.05761640032026,-0.9981628403179886,7.646390193216637,-0.020083973740682187,0.004982990630055475,-0.03275154582016182,23.50853827277594,-2.600820807744938,371.8048738631458,-202.28240546519075,1.3747683200453786,-1.1270434694092577,-1.7588043805057505,0.25849964574875495,0.0,-0.04794187781187698,,
87.2,6.314047972814624,-0.7688443770280433,7.499953962403625,-0.037543651337321064,-0.0031739283931086575,-0.04228825265937807,23.646015104780478,-2.605614995526126,369.7630564173743,-203.48860154868203,1.3747683200453786,-1.1336343668911832,-1.760910728741848,0.2725953356149381,0.0,-0.04794187781187698,,
87.30000000000001,6.298272115013368,-1.1611993010612705,7.785873975959252,-0.035739260478071855,-0.004466700529738585,-0.05733517043715619,23.783491936785015,-2.610409183307314,367.70360966981235,-204.69193048327227,1.3747683200453786,-1.1402252643731086,-1.76292227006443,0.28671703302384055,0.0,-0.04794187781187698,,
87.4,6.179752517931474,-0.7825627339323515,7.61420551334798,-0.03625757132735073,-0.03125155055414664,-0.031018868764702202,23.920968768789553,-2.615203371088502,365.62651445495374,-205.89225079727794,1.3747683200453786,-1.146816161855034,-1.7648388041423777,0.3008641525433138,0.0,-0.04794187781187698,,
87.5,6.507654145276501,-1.2647545464636436,7.579108385202739,-0.026985807091968315,0.023878822480119778,-0.011400965674296056,24.05844560079409,-2.6199975588696898,363.5317525593364,-207.08942077066067,1.3747683200453786,-1.1534070593369596,-1.7666601340805954,0.3150361074211311,0.0,-0.04794187781187698,,
87.60000000000001,6.264248470483535,-1.2376818385823198,7.743199095091944,-0.010647407254995628,0.012693370633143708,-0.0486477440434394,24.19592243279863,-2.6247917466508777,361.41930672347706,-208.28329844090808,1.3747683200453786,-1.1599979568188852,-1.7683860664280515,0.3292323096044859,0.0,-0.04794187781187698,,
87.7,6.361992824485028,-1.1407033115334209,7.931358684190283,-0.026713418714945723,0.008254978544216985,-0.018251413767222533,24.333399264803166,-2.6295859344320656,359.2891606437713,-209.47374160892699,1.3747683200453786,-1.1665888543008105,-1.7700164111857088,0.34345216975953674,0.0,-0.04794187781187698,,
87.80000000000001,6.2179850621689265,-1.2219961658950387,7.545286306590488,-0.03598792765968387,0.019221377101914322,-0.05055056065461784,24.470876096807704,-2.6343801222132535,357.14129897435885,-210.6606078449494,1.3747683200453786,-1.173179751782736,-1.7715509818143471,0.357695097291,0.0,-0.04794187781187698,,
87.9,6.06972101173618,-1.2417490289041047,7.631699601248108,-0.018084869632846324,-0.005037500441875861,-0.04258842072087735,24.60835292881224,-2.6391743099944414,354.97570732895423,-211.84375449445088,1.3747683200453786,-1.1797706492646616,-1.7729895952422747,0.3719605003617841,0.0,-0.04794187781187698,,
88.0,6.077027404632645,-0.9056657053093594,7.479781727118323,-0.023886865329729893,0.0018450421138127547,-0.03915664336205002,24.74582976081678,-2.6439684977756293,352.792372282643,-213.0230386840812,1.3747683200453786,-1.1863615467465871,-1.7743320718729358,0.38624778591267317,0.0,-0.04794187781187698,,
88.10000000000001,6.131128121930765,-1.2206366592041498,7.627110008118359,-0.02559783312189037,0.010285393181713403,-0.041018754835826135,24.883306592821317,-2.648762685556817,350.5912813736426,-214.19831732760696,1.3747683200453786,-1.1929524442285124,-1.7755782355924048,0.4005563596820526,0.0,-0.04794187781187698,,
88.2,6.2250528468802955,-1.054259947091272,7.682814395846226,-0.023656000414097936,-0.0029456681443507772,-0.042795263722757514,25.020783424825854,-2.653556873338005,348.3724231050288,-215.36944713186602,1.3747683200453786,-1.199543341710438,-1.776727913776773,0.41488562622567793,0.0,-0.04794187781187698,,
88.30000000000001,6.208598272184594,-1.202543903565507,7.697530741796381,-0.03368873539225965,1.6858496400837543e-05,-0.0412644209495312,25.158260256830392,-2.658351061119193,346.13578694642695,-216.53628460273367,1.3747683200453786,-1.2061342391923635,-1.7777809372994264,0.42923498893648815,0.0,-0.04794187781187698,,
88.4,6.536779012398541,-1.0698740665689082,7.710072698049124,-0.03108248466309162,-0.0015948405819509873,-0.03676947205458707,25.29573708883493,-2.663145248900381,343.8813633356681,-217.69868605109997,1.3747683200453786,-1.212725136674289,-1.7787371405382113,0.4436038500644611,0.0,-0.04794187781187698,,
88.5,6.222599836200419,-1.0357960216033961,7.74261540715695,0.001901273609452428,0.011389291109899715,-0.06267344890920813,25.433213920839467,-2.6679394366815687,341.60914368041006,-218.85650759885868,1.3747683200453786,-1.2193160341562144,-1.7795963613824926,0.4579916107365112,0.0,-0.04794187781187698,,
88.60000000000001,6.367407587421102,-1.2718533255079458,7.70839435347419,-0.0414303536918189,-0.006026724832663234,-0.04537442883899343,25.570690752844005,-2.6727336244627566,339.3191203597237,-220.009605184907,1.3747683200453786,-1.22590693163814,-1.7803584412401003,0.4723976709764264,0.0,-0.04794187781187698,,
88.7,6.538363380202197,-1.0699862093405568,7.46448848249293,-0.024758709045384977,0.0011359643346136664,-0.03756745791842754,25.708167584848542,-2.6775278122439445,337.0112867256431,-221.15783457115612,1.3747683200453786,-1.2324978291200654,-1.7810232250441658,0.4868214297248489,0.0,-0.04794187781187698,,
88.80000000000001,6.10482912469494,-1.1170371880020313,7.722501651162874,-0.03506687195236535,0.0015340710156312304,-0.054915527473484806,25.84564441685308,-2.6823220000251324,334.68563710468146,-222.30105134855245,1.3747683200453786,-1.239088726601991,-1.781590561259847,0.5012622848592941,0.0,-0.04794187781187698,,
88.9,6.229485535169414,-1.4179986185729658,7.609991184664466,-0.02914881209569963,0.017123521335761928,-0.01922883319943272,25.983121248857618,-2.6871161878063203,332.3421667993105,-223.4391109431094,1.3747683200453786,-1.2456796240839163,-1.7820603018909438,0.5157196332142089,0.0,-0.04794187781187698,,
89.0,6.143157803266411,-0.9806342092315221,7.919972591430854,-0.011688559771998472,0.012015031564269718,-0.037506863947086966,26.120598080862155,-2.6919103755875082,329.98087208940535,-224.57186862194922,1.3747683200453786,-1.2522705215658418,-1.7824323024864013,0.5301928706010711,0.0,-0.04794187781187698,,
89.10000000000001,6.263323997412508,-1.3416562825523233,7.7231482161822544,-0.019028087975279506,0.008547564694826077,-0.046683843453066476,26.258074912866693,-2.696704563368696,327.60175023365355,-225.69917949935484,1.3747683200453786,-1.2588614190477674,-1.7827064221467013,0.5446813918285242,0.0,-0.04794187781187698,,
89.2,6.246810636809155,-1.3519479371870233,7.878899382785097,-0.039060552013876884,0.009165853727156883,-0.03705323879979293,26.39555174487123,-2.701498751149884,325.20479947092826,-226.8208985428318,1.3747683200453786,-1.265452316529693,-1.7828825235301433,0.559184590722551,0.0,-0.04794187781187698,,
89.30000000000001,6.364439940064779,-1.3340531452877438,7.706479569833469,-0.017375931129446076,0.00015493469484125736,-0.0295459763031466,26.53302857687577,-2.706292938931072,322.7900190216262,-227.93688057917953,1.3747683200453786,-1.2720432140116182,-1.7829604728590125,0.5737018601466856,0.0,-0.04794187781187698,,
89.4,6.674686206518957,-1.3774787995553197,7.492481791130002,-0.03041208586101265,-0.0051070118679477925,-0.03323128192950997,26.670505408880306,-2.71108712671226,320.35740908896975,-229.04698030057213,1.3747683200453786,-1.2786341114935438,-1.7829401399256368,0.5882325920222605,0.0,-0.04794187781187698,,
89.5,6.132170923879926,-1.1424705751491713,7.576440868135304,-0.03557345200176312,0.007263817732142499,-0.030667167476517748,26.807982240884844,-2.7158813144934477,317.906970860273,-230.15105227064845,1.3747683200453786,-1.2852250089754693,-1.7828213980983314,0.6027761773486896,0.0,-0.04794187781187698,,
89.60000000000001,6.116586793498323,-0.9577699254898195,7.694766187369058,-0.038831384030944015,0.0050206061920430875,-0.038635785852350855,26.94545907288938,-2.7206755022746356,315.43870650817274,-231.24895093061113,1.3747683200453786,-1.2918159064573949,-1.7826041243272293,0.6173320062237873,0.0,-0.04794187781187698,,
89.7,6.346731715939973,-1.2263414547121454,7.938561258637319,-0.032813042344263035,0.00944980551412987,-0.04777376842554021,27.08293590489392,-2.7254696900558235,312.95261919182263,-232.34053060533444,1.3747683200453786,-1.2984068039393202,-1.7822881991500013,0.6318994678641203,0.0,-0.04794187781187698,,
89.80000000000001,6.249905135413288,-1.239588202948385,7.876629113425593,-0.03294219780279304,0.004884630707658842,-0.035722591738085605,27.220412736898457,-2.7302638778370114,310.4487130580522,-233.42564550948066,1.3747683200453786,-1.3049977014212457,-1.781873506697463,0.6464779506253977,0.0,-0.04794187781187698,,
89.9,6.127853842126133,-1.1298847863767651,7.5278804747893515,-0.03016572160858344,0.01147211165722678,-0.031588869746003174,27.357889568902994,-2.7350580656181993,307.9269932424893,-234.5041497536251,1.3747683200453786,-1.3115885989031713,-1.781359934699066,0.6610668420228889,0.0,-0.04794187781187698,,
90.0,5.978179129224399,2.257266405847636,7.896165579569455,0.032683938823864445,-0.0164618230087949,0.0774105043654902,27.495366400907532,-2.739852253399387,305.3958525385917,-235.5913503185005,1.0394672059040602,2.1822190622995876,-0.10341378553608327,-2.414928093541251,0.0,0.07936679331640258,,
90.10000000000001,5.836427602096593,2.414886708223044,7.840800417487877,0.0546053845013235,0.007651179831041604,0.07529685850441227,27.59931312149794,-2.731915574067747,302.8639021478947,-236.70278345364176,1.0394672059040602,2.1904689801886046,-0.0809581690392005,-2.423240021166768,0.0,0.07936679331640258,,
90.2,5.885269854569736,2.11173531556498,7.94032025930309,0.03858548430147952,0.0027551431995735125,0.0803518801138119,27.703259842088347,-2.7239788947361068,300.33136788024757,-237.8385302315372,1.0394672059040602,2.198718898077621,-0.05837733680025936,-2.4313471474599777,0.0,0.07936679331640258,,
90.30000000000001,6.001670203441016,2.3354666795019208,7.780201971298427,0.02574240972194779,-0.0002709958956681195,0.07133197298173835,27.807206562678754,-2.7160422154044666,297.79847677926864,-238.9986696620248,1.0394672059040602,2.206968815966638,-0.03567312895511221,-2.4392480100780505,0.0,0.07936679331640258,,
90.4,5.856526683956071,2.277454335070201,7.955115184261002,0.03792244012077647,-0.010563205553468843,0.08192417455929031,27.91115328326916,-2.7081055360728263,295.26545710379054,-240.18327867783213,1.0394672059040602,2.2152187338556546,-0.012847400950975363,-2.4469411630163584,0.0,0.07936679331640258,,
90.5,6.07292550971063,1.8924535181736326,8.013193673987322,0.030451727201865807,0.008335433340461652,0.08178508496422165,28.01510000385957,-2.700168856741186,292.7325383091539,-241.39243212028097,1.0394672059040602,2.2234686517446716,0.010097976597236435,-2.454425176759296,0.0,0.07936679331640258,,
90.60000000000001,5.9311516732779745,2.4375574128667075,7.85243336616917,0.05103119007377592,-0.000558150672236037,0.06389020685007378,28.119046724449976,-2.692232177409546,290.19995102835077,-242.62620272515844,1.0394672059040602,2.231718569633688,0.033161118052002725,-2.4616986384298483,0.0,0.07936679331640258,,
90.7,5.815311945983972,2.4851712553603256,7.816314209534238,0.049081258716294436,0.0012961022227923843,0.07437450075254501,28.222993445040384,-2.6842954980779057,287.6679270530196,-243.884661108756,1.0394672059040602,2.239968487522705,0.056340122899711464,-2.4687601519378903,0.0,0.07936679331640258,,
90.80000000000001,5.9946312889221005,2.334065497433516,7.856830883043756,0.03145722285758401,0.01213662880105002,0.08745202021922034,28.32694016563079,-2.6763588187462655,285.13669931429246,-245.16787575407776,1.0394672059040602,2.2482184054117216,0.07963307589857538,-2.4756083381272065,0.0,0.07936679331640258,,
90.9,6.023738897311063,2.6117621693143915,7.613231132535017,0.04681085578704132,-0.00640074760694849,0.0722862603072457,28.4308868862212,-2.6684221394146252,282.60650186349693,-246.47591299721958,1.0394672059040602,2.256468323300738,0.10303804722794752,-2.4822418349212247,0.0,0.07936679331640258,,
91.0,5.962085063314303,2.3129639383982785,7.691276255832927,0.031524447200993774,-0.011422876055780424,0.0908781457774078,28.534833606811606,-2.660485460082985,280.0775698527133,-247.8088370139204,1.0394672059040602,2.264718241189755,0.1265530926390206,-2.4886592974674357,0.0,0.07936679331640258,281.3694826502235,-243.92679980099987
91.10000000000001,5.925849442696787,2.2383368011140115,7.9241822171825405,0.05334299165219462,0.0012059411391871575,0.08588589658762626,28.638780327402014,-2.652548780751345,277.55013951518924,-249.1667098062873,1.0394672059040602,2.2729681590787716,0.15017625360689757,-2.4948593982804983,0.0,0.07936679331640258,,
91.2,6.093943103962592,2.2655949558770603,8.045472956454791,0.05812606113436458,0.004568134860700733,0.07580275883878322,28.74272704799242,-2.6446121014197046,275.0244481456132,-250.54959118969563,1.0394672059040602,2.2812180769677886,0.1739055574840277,-2.500840827384018,0.0,0.07936679331640258,,
91.30000000000001,6.202047492342358,1.9848180957671666,7.9443612690365075,0.032012084572291565,0.004984398402832029,0.056421196672634996,28.84667376858283,-2.6366754220880644,272.5007340802482,-251.95753877986564,1.0394672059040602,2.289467994856805,0.19773901765498825,-2.506602292450973,0.0,0.07936679331640258,,
91.4,5.859646228256397,2.546761452969916,7.646232261261626,0.044144464292419576,-0.0119654089471227,0.08367058296588704,28.950620489173236,-2.628738742756424,269.97923667692737,-253.39060798011687,1.0394672059040602,2.297717912745822,0.22167463369260887,-2.5121425189427966,0.0,0.07936679331640258,,
91.5,6.008913167577345,2.490108063802198,7.756689402491457,0.022013947022685526,0.008880703585126335,0.08047178693655281,29.054567209763643,-2.620802063424784,267.460196294913,-254.84885196880208,1.0394672059040602,2.3059678306348386,0.2457103915154204,-2.517460250247077,0.0,0.07936679331640258,,
91.60000000000001,5.8268685663401385,2.363062539024045,7.78155868468919,0.052371764511560635,0.0081711430822272,0.0578888688127793,29.15851393035405,-2.6128653840931437,264.9438542746206,-256.33232168692143,1.0394672059040602,2.314217748523855,0.2698442635464193,-2.522554247813891,0.0,0.07936679331640258,,
91.7,6.09486023673843,2.4039823359847112,7.730218980749094,0.03029111534669381,-0.028450246770042046,0.0815036471118106,29.26246065094446,-2.6049287047615035,262.4304529172097,-257.84106582591915,1.0394672059040602,2.322467666412872,0.29407420887313473,-2.5274232912907335,0.0,0.07936679331640258,,
91.80000000000001,5.835283604636279,2.2847618786843173,7.867360969872423,0.03959621811376361,0.002778617527291416,0.09087004607097476,29.366407371534866,-2.5969920254298633,259.9202354640429,-259.37513081566277,1.0394672059040602,2.3307175843018886,0.3183981734089856,-2.532066178656049,0.0,0.07936679331640258,,
91.9,5.869091633272158,2.278311335170189,7.823029009970999,0.053260172510170005,0.010965057174081139,0.06281764329981201,29.470354092125273,-2.589055346098223,257.41344607601457,-260.9345608126079,1.0394672059040602,2.3389675021909055,0.3428140900559179,-2.5364817263513433,0.0,0.07936679331640258,,
92.0,6.031438306054604,2.199387721283716,7.609263797767834,0.03113252705119176,-0.007326107424936711,0.07753666982753044,29.57430081271568,-2.581118666766583,254.91032981275146,-262.5193976881482,1.0394672059040602,2.347217420079922,0.3673198788683063,-2.540668769411867,0.0,0.07936679331640258,247.82848291740987,-256.1903915996762
92.10000000000001,6.124011463950321,2.4455541651163095,7.7574941414252265,0.05105561648567333,-0.000680067095675508,0.05914683755742295,29.678247533306088,-2.5731819874349426,252.41113261168616,-264.1296810171528,1.0394672059040602,2.355467337968939,0.39191344721811117,-2.544626161595862,0.0,0.07936679331640258,,
92.2,5.870575798542369,2.2729623933195664,7.636436651568124,0.03190672930930621,-0.007299457443601606,0.07279265250018599,29.782194253896495,-2.5652453081033024,249.91610126700553,-265.7654480666925,1.0394672059040602,2.3637172558579556,0.41659268996127474,-2.5483527755123476,0.0,0.07936679331640258,,
92.30000000000001,6.25027291463658,2.298690952814237,8.04158026531921,0.045616201160181516,-0.012675791744696047,0.06885110322997454,29.886140974486903,-2.557308628771662,247.42548340847574,-267.4267337849554,1.0394672059040602,2.371967173746972,0.4413554896053479,-2.551847502747454,0.0,0.07936679331640258,,
92.4,6.027761297531265,2.4899047145549456,7.8180652857849795,0.03681293330532938,0.0017753825505272543,0.058364788336220844,29.99008769507731,-2.549371949440022,244.93952748014524,-269.11357079035366,1.0394672059040602,2.380217091635989,0.46619971647833147,-2.55510925398927,0.0,0.07936679331640258,,
92.5,5.838110665119491,2.3533514150471126,7.986700221435287,0.03681579955188448,-0.014087609295727868,0.06551712528739778,30.094034415667718,-2.5414352701083818,242.45848271892797,-270.8259893608226,1.0394672059040602,2.3884670095250056,0.49112322889871973,-2.558136959151213,0.0,0.07936679331640258,,
92.60000000000001,5.995847175588274,2.224996029756528,7.885842920956366,0.044178046148841875,0.002145461334540362,0.08874633825194012,30.197981136258125,-2.5334985907767416,239.98259913306785,-272.56401742331315,1.0394672059040602,2.3967169274140225,0.5161238733467356,-2.560929567493895,0.0,0.07936679331640258,,
92.7,5.998001850640428,2.5743990866279733,7.852660703605744,0.04379242044933441,0.001595927938348362,0.07456486594938376,30.301927856848533,-2.5255619114451013,237.51212748048695,-274.3276805434791,1.0394672059040602,2.404966845303039,0.5411994846367414,-2.563486047745486,0.0,0.07936679331640258,,
92.80000000000001,6.039857628328483,2.6269092895866932,7.770131427606099,0.03779478430530805,-0.0025263775021940054,0.06580518513799187,30.40587457743894,-2.517625232113461,235.04731924701844,-276.11700191556014,1.0394672059040602,2.413216763192056,0.5663478860908132,-2.5658053882205496,0.0,0.07936679331640258,,
92.9,5.942422669694219,2.7217661639528785,7.8454150272795316,0.04682598078118541,-0.0064901173294835204,0.08413782534183785,30.509821298029348,-2.509688552781821,232.58842662452653,-277.9320023524617,1.0394672059040602,2.4214666810810725,0.5915668897134667,-2.5678865969373557,0.0,0.07936679331640258,,
93.0,5.858203822310276,2.417821887908365,8.013217187501017,0.04546979907953681,0.012443771727407425,0.07627719845623607,30.613768018619755,-2.5017518734501807,230.135702488915,-279.77270027603373,1.0394672059040602,2.429716598970089,0.6168542963675179,-2.569728701733649,0.0,0.07936679331640258,233.0670276089743,-283.2586113748303
93.10000000000001,6.096706704027736,2.306390662292454,7.78830593418889,0.04136834813164034,0.0004351924455117663,0.05996507583944853,30.717714739210162,-2.4938151941185405,227.68940037802594,-281.63911170754784,1.0394672059040602,2.437966516859106,0.6422078959510701,-2.571330750380864,0.0,0.07936679331640258,,
93.2,5.839549177584586,2.3719172653790483,7.6948007592152114,0.02640716694691428,-0.015163440208611606,0.06788597763324705,30.82166145980057,-2.4858785147869003,225.24977446943078,-283.5312502583756,1.0394672059040602,2.4462164347481226,0.6676254675756083,-2.5726918106967767,0.0,0.07936679331640258,,
93.30000000000001,5.985454583626666,2.566583279718366,7.555329825360643,0.04277040774734977,-0.00816527403526975,0.06582349649087545,30.925608180390977,-2.47794183545526,222.81707955811518,-285.4491271208683,1.0394672059040602,2.4544663526371395,0.6931047797451914,-2.5738109706565915,0.0,0.07936679331640258,,
93.4,5.7803425326385,2.422180376334179,7.670862690630526,0.05106170632079421,-0.0064267530469294,0.07795307907678492,31.029554900981385,-2.47000515612362,220.39157103405958,-287.3927510594389,1.0394672059040602,2.462716270526156,0.7186435905367257,-2.574687338502432,0.0,0.07936679331640258,,
93.5,5.887618935168073,2.8556004158394868,7.815897891784837,0.036185157470004635,0.004842993904239233,0.08174904516483843,31.133501621571792,-2.4620684767919796,217.9735048597175,-289.3621284018487,1.0394672059040602,2.470966188415173,0.7442396477813095,-2.5753200428512484,0.0,0.07936679331640258,,
93.60000000000001,5.8234875575272556,2.6175333815215875,7.714817239075875,0.04046929787671913,0.010569680670698793,0.06690639297168666,31.2374483421622,-2.4541317974603394,215.56313754739296,-291.35726303069754,1.0394672059040602,2.4792161063041895,0.7698906892466288,-2.5757082328011167,0.0,0.07936679331640258,,
93.7,6.173392236406062,2.560719636595695,7.721703689125619,0.042546246316322714,-0.007421517385875001,0.08221929114955734,31.341395062752607,-2.446195118128699,213.16072613651912,-293.37815637512125,1.0394672059040602,2.4874660241932065,0.7955944428203965,-2.5758510780359285,0.0,0.07936679331640258,,
93.80000000000001,5.9171734021664575,2.635576773514178,7.828711162343898,0.032958311496517415,0.011997784067241795,0.08881500679478102,31.445341783343014,-2.438258438797059,210.76652817084025,-295.4248074026947,1.0394672059040602,2.495715942082223,0.8213486266948166,-2.575747768928451,0.0,0.07936679331640258,,
93.9,6.071094127708175,2.4672726336762314,7.943980301597883,0.041016894821804165,-0.00010020047126664575,0.06492538892039544,31.549288503933422,-2.4303217594654187,208.38080167549828,-297.49721261154366,1.0394672059040602,2.5039658599712395,0.847150949552062,-2.5753975166417593,0.0,0.07936679331640258,,
94.0,5.815780236565429,2.6044140129524282,8.054726739691215,0.04895538092601823,-0.0045344908234338085,0.08263464133266735,31.65323522452383,-2.4223850801337785,206.0038051340262,-299.5953660226653,1.0394672059040602,2.5122157778602565,0.8729991107507501,-2.5747995532290293,0.0,0.07936679331640258,203.7471106002129,-303.79724066349104
94.10000000000001,6.103353273550551,2.7958184272022826,7.946531755300933,0.04069408253341028,0.022578942617326292,0.08312135649790167,31.757181945114237,-2.4144484008021383,203.63579746525025,-301.7192591724584,1.0394672059040602,2.520465695749273,0.8988908005133979,-2.5739531317316646,0.0,0.07936679331640258,,
94.2,6.091244027947618,2.560609887072586,8.22414341103016,0.04401755448823569,0.002894397763364117,0.061801756767574934,31.861128665704644,-2.406511721470498,201.27703800010238,-303.8688811054644,1.0394672059040602,2.52871561363829,0.9248237001148554,-2.572857526275782,0.0,0.07936679331640258,,
94.30000000000001,5.843039213695093,2.4114111555713857,7.8222036924025415,0.04063492912308956,0.005238819302304475,0.06836877887509771,31.96507538629505,-2.398575042138858,198.92778645834534,-306.0442183673207,1.0394672059040602,2.5369655315273065,0.9507954820716823,-2.571512032167009,0.0,0.07936679331640258,,
94.4,6.1323259368594,2.6700494837106583,7.891858580562529,0.042712802163649595,0.005863057646019309,0.07238066092642564,32.069022106885456,-2.3906383628072176,196.58830292521196,-308.24525499792594,1.0394672059040602,2.545215449416323,0.9768038103324738,-2.5699159659836135,0.0,0.07936679331640258,,
94.5,5.96106668522576,2.806509152339868,7.647941847370059,0.04471146725235048,0.003463015415793266,0.06891830550531146,32.17296882747586,-2.3827016834755774,194.25884782796072,-310.4719725248198,1.0394672059040602,2.5534653673053396,1.002846340469107,-2.568068665667939,0.0,0.07936679331640258,,
94.60000000000001,6.344906729308794,2.4723037325411736,7.7519844565411615,0.058451045760155404,-0.02904998246019365,0.06727132571863646,32.27691554806627,-2.374765004143937,191.9396819123495,-312.72434995677673,1.0394672059040602,2.5617152851943565,1.028920719868897,-2.5659694906161428,0.0,0.07936679331640258,,
94.7,6.223537947323377,2.7816550531093753,7.8436788670336615,0.0701308764955777,0.01524841107802285,0.07733253084042553,32.38086226865668,-2.366828324812297,189.63106621902932,-315.0023637776151,1.0394672059040602,2.569965203083373,1.0550245879276514,-2.563617821766233,0.0,0.07936679331640258,,
94.80000000000001,5.957848806644107,2.62466950605208,7.704131523263497,0.03716413643303633,0.002881963900227257,0.06671037564116512,32.484808989247085,-2.3588916454806568,187.3332620598602,-317.30598794022285,1.0394672059040602,2.57821512097239,1.0811555762436043,-2.5610130616843856,0.0,0.07936679331640258,,
94.9,5.880649254629698,2.533571794060266,7.841358973873212,0.035521616431785426,-0.008138576135947005,0.06218780014817882,32.58875570983749,-2.3509549661490166,185.04653099415097,-319.63519386080037,1.0394672059040602,2.5864650388614066,1.1073113088122113,-2.5581546346495396,0.0,0.07936679331640258,,
95.0,5.895268219320065,2.3123469466210085,8.064528852442802,0.04827334089733244,-0.0029036479773002256,0.07532505492231834,32.6927024304279,-2.3430182868173763,182.77113480482495,-321.989950413321,1.0394672059040602,2.5947149567504235,1.133489402221803,-2.555041986736266,0.0,0.07936679331640258,175.84439278658215,-325.0647335705637
95.10000000000001,5.91980427604022,2.853212469727986,7.626227358661686,0.03836814383206916,0.0025974321346286912,0.08023564309884997,32.79664915101831,-2.335081607485736,180.50733547451352,-324.3702239242106,1.0394672059040602,2.60296487463944,1.1596874658500664,-2.55167458589589,0.0,0.07936679331640258,,
95.2,5.968665194194194,2.797522695455912,7.974940645786633,0.02862292016537939,0.0021363762961425403,0.09178548676845999,32.900595871608715,-2.327144928154096,178.2553951615797,-326.7759781672465,1.0394672059040602,2.6112147925284566,1.185903102061348,-2.548051922035871,0.0,0.07936679331640258,,
95.30000000000001,6.127767319953902,2.732640298604862,8.069254106387236,0.058215361566235316,0.002213063245721625,0.0743671813492789,33.00454259219912,-2.3192082488224557,176.01557617607347,-329.20717435867675,1.0394672059040602,2.6194647104174735,1.2121339064047634,-2.5441735070974265,0.0,0.07936679331640258,,
95.4,5.920849578763387,2.7408535775358422,7.898695321557989,0.03975482928323024,-0.015663240344920563,0.0806970211678812,33.10848931278953,-2.3112715694908155,173.78814095562078,-331.66377115256086,1.0394672059040602,2.62771462830649,1.238377467813093,-2.540038875131391,0.0,0.07936679331640258,,
95.5,5.779071570926696,2.541500566204978,7.769319739846468,0.03160693341862909,-0.001020530634026096,0.05746184922717973,33.21243603337994,-2.3033348901591753,171.57335204124874,-334.1457246363317,1.0394672059040602,2.635964546195507,1.2646313688024517,-2.535647582372305,0.0,0.07936679331640258,,
95.60000000000001,5.99061088655006,2.7158691991837944,7.664005687214683,0.034622642612842515,-0.010038548775232812,0.07669222032538223,33.316382753970345,-2.295398210827535,169.37147205314832,-336.6529883265806,1.0394672059040602,2.6442144640845235,1.2908931856727175,-2.530999207310729,0.0,0.07936679331640258,,
95.7,6.12612264506619,2.925970224168164,8.052276845528736,0.0383019408167285,0.007917890536821556,0.07982959190573519,33.42032947456075,-2.287461531495895,167.18276366637713,-339.1855131650655,1.0394672059040602,2.6524643819735405,1.3171604887087014,-2.526093350763769,0.0,0.07936679331640258,,
95.80000000000001,5.864016596293116,2.7948793560534226,8.153809833830133,0.039786341716441895,-0.012154836561490632,0.07949979729248555,33.52427619515116,-2.2795248521642546,165.00748958650385,-341.7432475149428,1.0394672059040602,2.660714299862557,1.343430842382042,-2.520929635943806,0.0,0.07936679331640258,,
95.9,6.126899733273355,2.7022700522326972,8.040083324447567,0.03923862247912501,-0.001830892076898241,0.08939837121369515,33.62822291574157,-2.2715881728326144,162.8459125251968,-344.32613715722425,1.0394672059040602,2.6689642177515736,1.3697018055538155,-2.5155077085254343,0.0,0.07936679331640258,,
96.0,5.992171453312087,2.7602361162070905,7.685423087817193,0.03360789472864362,-0.016308624726190483,0.0776682200902577,33.732169636331975,-2.263651493500974,160.6982951757582,-346.93412528745876,1.0394672059040602,2.6772141356405905,1.395970931677836,-2.5098272367105876,0.0,0.07936679331640258,162.28598668264405,-347.00196871352773
96.10000000000001,5.946784161316345,2.647302762765698,7.822523706009845,0.0327759547574964,-0.0044043002869364875,0.05895962671881492,33.83611635692238,-2.255714814169334,158.56490018860654,-349.56715251264035,1.0394672059040602,2.685464053529607,1.4222357690046326,-2.50388791129185,0.0,0.07936679331640258,,
96.2,5.82690028426794,2.813385855519942,7.672680767715109,0.047001843452367444,-0.005358274053783828,0.06400731268692769,33.94006307751279,-2.2477781348376937,156.4459901467089,-352.22515684834264,1.0394672059040602,2.693713971418624,1.4484938607860989,-2.4976894457139527,0.0,0.07936679331640258,,
96.30000000000001,6.084601223340544,2.689669882421516,7.7444595214909455,0.04020645252149299,-0.002150692313713388,0.07361607238761102,34.0440097981032,-2.2398414555060535,154.34182754096557,-354.90807371608014,1.0394672059040602,2.7019638893076405,1.4747427454807776,-2.491231576133436,0.0,0.07936679331640258,,
96.4,6.054098832203083,2.6171833910217295,8.011896997773713,0.04259436401248177,-0.014196629656617528,0.05608170670784026,34.147956518693604,-2.2319047761744133,152.2526747455482,-357.61583594089774,1.0394672059040602,2.7102138071966575,1.5009799569597835,-2.4845140614764896,0.0,0.07936679331640258,,
96.5,5.87156769145681,2.5113324943085757,7.670440263222389,0.06700663587915223,-0.003547417548715428,0.0676732291975295,34.25190323928401,-2.223968096842773,150.17879399319492,-360.348373749188,1.0394672059040602,2.718463725085674,1.5272030247133384,-2.477536683494939,0.0,0.07936679331640258,,
96.60000000000001,5.9194923612391825,2.7835822220130817,8.08629923392048,0.043117386026153906,-0.011384400122704776,0.06679808037407364,34.35584995987442,-2.216031417511133,148.12044735046305,-363.1056147667374,1.0394672059040602,2.7267136429746905,1.5534094740579043,-2.470299246820402,0.0,0.07936679331640258,,
96.7,6.031722331715758,2.6617438585384425,7.522340711142702,0.04518344462316814,-0.006210166893099608,0.0826812736979372,34.45979668046483,-2.2080947381794926,146.07789669294263,-365.88748401700207,1.0394672059040602,2.7349635608637075,1.5795968263438982,-2.462801579016582,0.0,0.07936679331640258,,
96.80000000000001,6.011955616380551,2.6600762555288187,7.852233693435563,0.02664571377872195,0.006463486331249638,0.069679179943159,34.563743401055234,-2.2001580588478524,144.05140368043203,-368.69390391961304,1.0394672059040602,2.743213478752724,1.6057625991639721,-2.4550435306297076,0.0,0.07936679331640258,,
96.9,5.970561270984619,2.805418588927534,7.900624788913113,0.03379051621228851,0.0031945128751710602,0.07444047537521412,34.66769012164564,-2.192221379516212,142.04122973207828,-371.52479428911215,1.0394672059040602,2.751463396641741,1.6319043065618462,-2.4470249752371145,0.0,0.07936679331640258,,
97.0,6.231504899620644,3.0047325280805524,7.733774058877391,0.042105212222704365,0.0041517160980568055,0.08240710433317357,34.77163684223605,-2.184284700184572,140.0476360014839,-374.3800723339184,1.0394672059040602,2.7597133145307575,1.6580194592416666,-2.438745809493951,0.0,0.07936679331640258,133.32967531227803,-370.8008581732413
97.10000000000001,5.8189052295716115,2.8533930439163946,7.921391116119855,0.04699267007352663,0.003629351114671344,0.0660130494531409,34.875583562826456,-2.1763480208529318,138.07088335178258,-377.25965265552594,1.0394672059040602,2.7679632324197745,1.6841055647778904,-2.4302059531780147,0.0,0.07936679331640258,,
97.2,5.76249415472402,2.8515376077587766,8.035315511958169,0.0368588829050028,-0.004060332074579956,0.09209988518999265,34.979530283416864,-2.1684113415212916,136.1112323306854,-380.1634472479331,1.0394672059040602,2.776213150308791,1.7101601278256582,-2.4214053492327103,0.0,0.07936679331640258,,
97.30000000000001,6.001146795351364,2.8747891297972497,7.997147487892547,0.028791050464020952,-0.004205782790952035,0.060238087162654455,35.08347700400727,-2.1604746621896513,134.16894314550012,-383.09136549730425,1.0394672059040602,2.7844630681978075,1.7361806503316597,-2.412343963808121,0.0,0.07936679331640258,,
97.4,5.933633618241359,2.75056357115246,8.04310719867209,0.04566298232545961,0.007081414194341892,0.07036054249166855,35.18742372459768,-2.152537982858011,132.24427563812577,-386.0433141818634,1.0394672059040602,2.7927129860868245,1.7621646317454598,-2.403021786300193,0.0,0.07936679331640258,,
97.5,6.0094494784519545,2.897499913001929,7.74800954835068,0.042592609221386545,0.01777946952986321,0.06434342900710967,35.291370445188086,-2.144601303526371,130.33748926002372,-389.01919747202123,1.0394672059040602,2.800962903975841,1.7881095692312767,-2.393438829388023,0.0,0.07936679331640258,,
97.60000000000001,6.116674555084308,2.9838100948691872,7.959176764648917,0.035781259113183944,-0.004094941323865582,0.06123748332077407,35.39531716577849,-2.1366646241947307,128.44884304716874,-392.0189169307347,1.0394672059040602,2.809212821864858,1.8140129578801933,-2.383595129069252,0.0,0.07936679331640258,,
97.7,5.83387450332993,2.9225479326179857,7.472332828332208,0.053229829220183655,0.014576839507644754,0.06596245950131001,35.4992638863689,-2.1287279448630905,126.57859559498092,-395.0423715141009,1.0394672059040602,2.8174627397538745,1.8398722909227823,-2.3734907446935525,0.0,0.07936679331640258,,
97.80000000000001,5.961486143386474,2.8499032910822266,8.02569836213798,0.033795486859549376,0.006783420687195877,0.0791192875751394,35.60321060695931,-2.1207912655314503,124.72700503324145,-398.0894575721842,1.0394672059040602,2.8257126576428915,1.865685059942133,-2.363125758994211,0.0,0.07936679331640258,,
97.9,6.10146719319842,2.467354963295503,7.869874757263928,0.050803981962622057,-0.01724152000570119,0.07257940224785853,35.707157327549716,-2.11285458619981,122.89432900099385,-401.16006885007755,1.0394672059040602,2.833962575531908,1.8914487550872585,-2.352500278117794,0.0,0.07936679331640258,,
98.0,6.061170264626903,3.0552995486781964,7.787569087300157,0.04788418978852601,-0.00599644551174721,0.0800161322934852,35.81110404814012,-2.10491790686817,121.08082462143314,-404.2540964891986,1.0394672059040602,2.842212493420925,1.917160865286872,-2.341614431651906,0.0,0.07936679331640258,120.6325760903629,-404.0975123548292
98.10000000000001,5.910662701598128,3.0057025557397,8.039112514677878,0.04024476697705802,0.000909264423865891,0.09467554880163254,35.91505076873053,-2.0969812275365296,119.28674847678484,-407.37142902882,1.0394672059040602,2.8504624113099415,1.9428188784635045,-2.330468372651019,0.0,0.07936679331640258,,
98.2,6.268229106034644,3.0409274570393103,8.008141799831572,0.041555064136934605,0.004428253196922599,0.08158637149646566,36.01899748932094,-2.0890445482048894,117.51235658317613,-410.5119524078348,1.0394672059040602,2.858712329198958,1.9684202817479628,-2.31906227766039,0.0,0.07936679331640258,,
98.30000000000001,6.104377735535732,3.043440195197634,7.862448617012155,0.026349626103563062,-0.008051477351631921,0.06343926364266164,36.122944209911346,-2.081107868873249,115.75790436550118,-413.67554996675744,1.0394672059040602,2.866962247087975,1.993962561694095,-2.3073963467380385,0.0,0.07936679331640258,,
98.4,5.714725140692204,3.0173187839978186,7.745111674550648,0.046138305452595646,-0.013798817164928067,0.07389235406620417,36.22689093050175,-2.073171189541609,114.02364663228295,-416.862102449959,1.0394672059040602,2.8752121649769915,2.0194432044938555,-2.2954708034748035,0.0,0.07936679331640258,,
98.5,6.180349599100302,2.669447929661623,7.734250465712939,0.04566869890085967,-0.006951254636287906,0.06614028345637463,36.33083765109216,-2.0652345102099687,112.30983755053336,-420.07148800813917,1.0394672059040602,2.8834620828660085,2.0448596961926517,-2.283285895012464,0.0,0.07936679331640258,,
98.60000000000001,5.589339336737896,3.024914228646106,7.837991929832521,0.05573735569408553,0.017131853394947393,0.08549854873361837,36.43478437168257,-2.0572978308783285,110.61673062061438,-423.303582201033,1.0394672059040602,2.891712000755025,2.070209522904952,-2.2708418920599196,0.0,0.07936679331640258,,
98.7,6.048009451525445,2.820535965503989,8.037165858575987,0.03121884048780131,0.0030779000033524986,0.0765189036612763,36.538731092272975,-2.0493611515466883,108.94457865110174,-426.55825800035393,1.0394672059040602,2.899961918644042,2.0954901710301383,-2.258139088907437,0.0,0.07936679331640258,,
98.80000000000001,6.208834524864979,2.9704230448714246,7.823999974915861,0.03054826205711315,0.009393680167754681,0.08139658610015173,36.64267781286338,-2.041424472215048,107.2936337336538,-429.83538579297243,1.0394672059040602,2.9082118365330585,2.120699127468592,-2.245177803438946,0.0,0.07936679331640258,,
98.9,5.931176992526389,2.972859681559769,7.602243163411664,0.0421637911510893,0.01779326497594497,0.06690256783313567,36.74662453345379,-2.033487792883408,105.66414721788757,-433.1348333843312,1.0394672059040602,2.916461754422075,2.145833879837987,-2.2319583771423996,0.0,0.07936679331640258,,
99.0,5.838593837313465,2.894541577141213,7.945747587770134,0.021781559067582324,0.010504095866958186,0.08274039227449367,36.8505712540442,-2.0255511135517676,104.05636968626399,-436.45646600209596,1.0394672059040602,2.924711672311092,2.1708919166897767,-2.218481175118177,0.0,0.07936679331640258,105.60739991009709,-433.43137173732606
99.10000000000001,6.214409311330297,2.9759121171717093,7.892424107151229,0.0495814374328058,0.0125436417000919,0.06204653529813815,36.954517974634605,-2.0176144342201274,102.47055092898479,-439.8001463000425,1.0394672059040602,2.9329615902001085,2.1958707277258593,-2.204746586085541,0.0,0.07936679331640258,,
99.2,6.131630398511591,3.130480762126706,8.02707922255117,0.04377843367155495,-0.0023490833871766845,0.08319317454853505,37.05846469522501,-2.009677754888487,100.90693991890302,-443.16573436218044,1.0394672059040602,2.9412115080891255,2.2207678040154066,-2.190755022387142,0.0,0.07936679331640258,,
99.30000000000001,5.899183252165943,2.8522495929440597,7.605963860791449,0.05052959675653378,-0.016796819719913564,0.07322229384421448,37.16241141581542,-2.001741075556847,99.36578478644938,-446.55308770711264,1.0394672059040602,2.949461425978142,2.2455806382118237,-2.176506919991569,0.0,0.07936679331640258,,
99.4,5.942674557747356,2.84368582368877,7.624224554382256,0.042164732703513355,-0.016965894628529276,0.0728667846177662,37.26635813640583,-1.9938043962252068,97.8473327945766,-449.96206129263135,1.0394672059040602,2.957711343867159,2.270306724769847,-2.162002738493936,0.0,0.07936679331640258,,
99.5,5.893079744886391,3.088046687483776,7.878885217784604,0.03592687992744964,0.0005686454809056818,0.07429456989031313,37.370304856996235,-1.9858677168935666,96.35183031372398,-453.39250752055017,1.0394672059040602,2.9659612617561755,2.294943560162738,-2.147242961114521,0.0,0.07936679331640258,,
99.60000000000001,6.043885098858077,3.0942377019945653,7.991333743172235,0.04872160302346192,0.013081790538718838,0.08436282807374675,37.47425157758664,-1.9779310375619263,94.8795227968043,-456.8442762417727,1.0394672059040602,2.974211179645192,2.319488643099574,-2.1322280946954373,0.0,0.07936679331640258,,
99.7,6.078997793265996,3.091286892515265,7.630625692183591,0.0362608418772673,0.009831673671548935,0.07187168151234893,37.57819829817705,-1.9699943582302861,93.43065475421528,-460.31721476159714,1.0394672059040602,2.982461097534209,2.3439394747426117,-2.116958669695344,0.0,0.07936679331640258,,
99.80000000000001,6.201277901837075,3.207240394556604,7.842075217134735,0.04193600668619673,0.0030415933704182954,0.06733458032942073,37.68214501876746,-1.962057678898646,92.00546972887773,-463.8111678452567,1.0394672059040602,2.9907110154232255,2.3682935589246985,-2.101435240182195,0.0,0.07936679331640258,,
99.9,5.920005550313838,2.8022067807103466,7.838196245377396,0.037508547686760076,-0.009027185669456221,0.09164981316290688,37.786091739357865,-1.9541209995670057,90.60421027130252,-467.32597772369667,1.0394672059040602,2.9989609333122424,2.392548402366729,-2.0856583838240246,0.0,0.07936679331640258,,
100.0,6.0208631542572535,3.2430211018101636,7.812615950344607,0.0354983651044464,-0.01268271258312776,0.06748004983359886,37.89003845994827,-1.9461843202353655,89.22711791468873,-470.86148409958656,1.0394672059040602,3.007210851201259,2.4167015148951183,-2.069628701877763,0.0,0.07936679331640258,91.3747525565455,-475.5548955233227
100.10000000000001,5.689698356081371,3.003384249424059,7.889487007079817,0.05072124023312366,0.0024280903701182446,0.06270416275273423,37.99398518053868,-1.9382476409037253,87.87443315005495,-474.417524153569,1.0394672059040602,3.015460769090276,2.4407504096592785,-2.0533468191760917,0.0,0.07936679331640258,,
100.2,6.044950321682963,2.993662226562997,8.177837747183013,0.02830883363548232,-0.0011172681197428413,0.08208896629966597,38.09793190112909,-1.930310961572085,86.54639540140596,-477.9939325507431,1.0394672059040602,3.0237106869792925,2.464692603349079,-2.036813384112329,0.0,0.07936679331640258,,
100.30000000000001,6.004578548657079,2.9700915245427533,7.613170457545213,0.040733680934890146,-0.005804963975312443,0.051318575769255075,38.201878621719494,-1.9223742822404448,85.24324300093706,-481.59054144738434,1.0394672059040602,3.031960604868309,2.4885256164122755,-2.0200290686233453,0.0,0.07936679331640258,,
100.4,6.122849747723453,3.085148803382228,7.9059819578008765,0.03672748122302371,-0.0032881481696712405,0.07258223065261203,38.3058253423099,-1.9144376029088046,83.96521316427811,-485.2071804978988,1.0394672059040602,3.040210522757326,2.5122469732718895,-2.002994568170517,0.0,0.07936679331640258,,
100.5,5.76614018140362,2.818963193152019,7.801034008178347,0.03557331811031413,0.0008034282426355514,0.08888501042316513,38.40977206290031,-1.9065009235771644,82.71254196577952,-488.84367686201296,1.0394672059040602,3.0484604406463425,2.535854202543518,-1.9857106017187058,0.0,0.07936679331640258,,
100.60000000000001,6.109331912507384,3.0280595525386027,7.70397071332535,0.05017116839122138,-0.0030788480742473963,0.07070630615123122,38.51371878349072,-1.8985642442455242,81.48546431384229,-492.4998552121983,1.0394672059040602,3.0567103585353594,2.559344837252561,-1.9681779117132734,0.0,0.07936679331640258,,
100.7,6.01452856471898,3.2413739704374316,7.7641770691686505,0.029839253851881742,-0.011163621873639397,0.0852718444313197,38.617665504081124,-1.890627564913884,80.28421392629438,-496.17553774133034,1.0394672059040602,3.064960276424376,2.582716415051342,-1.9503972640551264,0.0,0.07936679331640258,,
100.80000000000001,5.901454714174925,3.1785398348286256,7.693279922260768,0.031334105139507365,0.011800943834900561,0.06828600166917079,38.72161222467153,-1.8826908855822437,79.10902330581548,-499.8705441705816,1.0394672059040602,3.073210194313393,2.6059664784361165,-1.932369448073795,0.0,0.07936679331640258,,
100.9,5.9171458152914616,2.9049991909952717,8.014019815289005,0.05914527199017088,-0.014725210552694986,0.0608543731692467,38.82555894526194,-1.8747542062506035,77.96012371541242,-503.5846917575494,1.0394672059040602,3.0814601122024095,2.6290925749639276,-1.9140952764985406,0.0,0.07936679331640258,,
101.0,5.97333710409323,3.2696585272786303,7.614074313933028,0.053861133318056635,-0.023257857133418162,0.07254862924645225,38.929505665852346,-1.8668175269189633,76.83774515394728,-507.3177953046165,1.0394672059040602,3.0897100300914264,2.6520922574693264,-1.8955755854274994,0.0,0.07936679331640258,77.93633132137965,-504.2642229716833
101.10000000000001,6.103801401564128,3.1860757707119984,7.795468269219866,0.02016595132601971,-0.007667802834235046,0.06462604544776844,39.033452386442754,-1.858880847587323,75.74211633172057,-511.0696671675457,1.0394672059040602,3.097959947980443,2.6749630842809013,-1.8768112342948586,0.0,0.07936679331640258,,
101.2,6.087093566753628,3.2529562147336173,7.8923498892045,0.011813587094814039,0.004232438723732165,0.07637291220712725,39.13739910703316,-1.8509441682556829,74.67346464611138,-514.840117264307,1.0394672059040602,3.1062098658694595,2.697702619437626,-1.8578031058360658,0.0,0.07936679331640258,,
101.30000000000001,6.035959268982479,3.0354404964968724,8.094497328556187,0.052694185797421106,-0.0020015821578670727,0.07193269803115043,39.24134582762357,-1.8430074889240426,73.63201615727691,-518.628953084138,1.0394672059040602,3.1144597837584764,2.720308432904999,-1.838552106051074,0.0,0.07936679331640258,,
101.4,5.884078818620245,3.3968520033551366,7.689506782191702,0.05017943090172923,-0.00798585154591487,0.06333225448121776,39.345292548213976,-1.8350708095924024,72.61799556391328,-522.4359796968358,1.0394672059040602,3.122709701647493,2.7427781007909533,-1.8190591641656244,0.0,0.07936679331640258,,
101.5,5.713950560782523,3.302199229823333,7.521804885517954,0.0540162242419358,-0.0015546412119996403,0.07436077391414175,39.449239268804384,-1.8271341302607622,71.63162617908011,-526.2609997622812,1.0394672059040602,3.13095961953651,2.7651092055615285,-1.7993252325905664,0.0,0.07936679331640258,,
101.60000000000001,6.361846898341436,3.4297128078538375,7.9107104997888635,0.02976471568366481,0.0009991884294277482,0.08104008542041036,39.55318598939479,-1.819197450929122,70.67312990609071,-530.1038135401948,1.0394672059040602,3.1392095374255264,2.787299336256275,-1.7793512868792132,0.0,0.07936679331640258,,
101.7,6.111784664710191,3.0949603139969146,7.799796734913953,0.056555185444220106,-0.017284158423025924,0.05580261882582584,39.6571327099852,-1.8112607715974818,69.74272721447011,-533.9642189001224,1.0394672059040602,3.1474594553145434,2.8093460887033888,-1.759138325682744,0.0,0.07936679331640258,,
101.80000000000001,5.997249613520901,3.176193768159834,7.615584644921204,0.03950268899450341,-0.01009252114010831,0.08473696735656013,39.761079430575606,-1.8033240922658416,68.8406371159833,-537.8420113316536,1.0394672059040602,3.15570937320356,2.8312470657345408,-1.7386873707036443,0.0,0.07936679331640258,,
101.9,5.891087802849692,3.4954831836361366,7.850870734286228,0.019624462706467147,0.010808402856039961,0.08332356565227222,39.86502615116601,-1.7953874129342013,67.96707714073548,-541.7369839548674,1.0394672059040602,3.1639592910925765,2.8529998773994008,-1.7179994666471923,0.0,0.07936679331640258,,
102.0,5.772113440230801,3.199047585743453,7.468910110809895,0.06107782430842432,0.0026085505874297523,0.060483909340589975,39.96897287175642,-1.7874507336025611,67.12226331334675,-545.6489275310098,1.0394672059040602,3.1722092089815934,2.8746021411798255,-1.697075681170991,0.0,0.07936679331640258,61.63823493708939,-543.8650027727607
102.10000000000001,6.289754740253007,3.064193675112255,7.744498495298639,0.047160951023514905,0.011735516910979842,0.0778187540241667,40.07291959234683,-1.779514054270921,66.30641012920317,-549.5776304733992,1.0394672059040602,3.18045912687061,2.8960514822036996,-1.6759171048325485,0.0,0.07936679331640258,,
102.2,5.812995357088365,2.842633753807778,7.852463052479287,0.02971998857402442,-0.005343891387471886,0.07164573983596081,40.176866312937236,-1.7715773749392807,65.51973053078646,-553.5228788585601,1.0394672059040602,3.188709044759627,2.917345533458412,-1.6545248510349122,0.0,0.07936679331640258,,
102.30000000000001,6.22439437211039,3.3046622272791213,7.791466560608151,0.03689963460479652,0.004037188325533213,0.07995898719293679,40.28081303352764,-1.7636406956076405,64.76243588408443,-557.4844564375858,1.0394672059040602,3.1969589626486434,2.9384819360039476,-1.6329000559703513,0.0,0.07936679331640258,,
102.4,6.1996507339328435,3.4303140484624697,7.606635825461483,0.03766536166938969,-0.003562079848035598,0.06659446462733525,40.38475975411805,-1.7557040162760003,64.03473595508426,-561.4621446477267,1.0394672059040602,3.2052088805376604,2.959458339185578,-1.6110438785621006,0.0,0.07936679331640258,,
102.5,5.94846589102688,3.255198544276134,7.81348885346958,0.037379891761999434,0.01825797376011586,0.06615289524410153,40.48870647470846,-1.74776733694436,63.336838886350776,-565.4557226242075,1.0394672059040602,3.213458798426677,2.9802724008461334,-1.5889575004041605,0.0,0.07936679331640258,,
102.60000000000001,5.9943333779628,3.1585851328079486,7.777984638527409,0.05470712336198971,-0.012077397271934026,0.0687743838463544,40.592653195298865,-1.7398306576127198,62.668951173691745,-569.464967212268,1.0394672059040602,3.2217087163156934,3.0009217875378433,-1.5666421256991592,0.0,0.07936679331640258,,
102.7,6.22808682462806,3.31118311519479,7.545077457105091,0.039773651053296596,-0.005139627101874208,0.06925175433985087,40.69659991588927,-1.7318939782810796,62.03127764291246,-573.4896529794315,1.0394672059040602,3.2299586342047104,3.0214041747337173,-1.544098981194281,0.0,0.07936679331640258,,
102.80000000000001,5.702310678534328,3.1146841760412394,7.784646503973654,0.04312381633204895,-0.006013866660094538,0.07538313259919478,40.80054663647968,-1.7239572989494394,61.42402142666159,-577.529552227997,1.0394672059040602,3.238208552093727,3.041717247038458,-1.5213293161152626,0.0,0.07936679331640258,,
102.9,5.983844849864561,3.246631019996565,7.653818143279231,0.042738282608260326,0.009643586212450518,0.07188201349378118,40.90449335707009,-1.7160206196177992,60.84738394137052,-581.584435007755,1.0394672059040602,3.246458469982744,3.06185869839889,-1.4983344020984601,0.0,0.07936679331640258,,
103.0,5.839266388746842,3.190224339944946,7.710408760449644,0.012925606220540696,0.004886824357691906,0.08881576541592955,41.008440077660495,-1.708083940286159,60.30156486428811,-585.6540691289284,1.0394672059040602,3.2547083878717604,3.081826232313878,-1.4751155331209946,0.0,0.07936679331640258,60.681767898861956,-579.987143005805
103.10000000000001,5.910503916770218,3.594803979728235,7.91193319095147,0.017192206759380078,0.012239229609159642,0.07181300348319102,41.1123867982509,-1.7001472609545187,59.786762110613154,-589.738220175334,1.0394672059040602,3.2629583057607774,3.101617562043728,-1.4516740254289722,0.0,0.07936679331640258,,
103.2,5.732645997501631,3.3648319120858208,7.869680722067651,0.05386183617053325,-0.017845319796294445,0.07934227226222636,41.21633351884131,-1.6922105816228785,59.3031718107265,-593.8366515177677,1.0394672059040602,3.271208223649794,3.1212304108190425,-1.4280112174637927,0.0,0.07936679331640258,,
103.30000000000001,5.6440933229055625,3.404178524854717,7.861934279421949,0.0327881247438239,0.01110357437075689,0.05453005036203952,41.32028023943172,-1.6842739022912383,58.85098828752498,-597.9491243276095,1.0394672059040602,3.2794581415388104,3.1406625120490244,-1.4041284697865408,0.0,0.07936679331640258,,
103.4,6.042565216961368,3.431948461491334,8.000059037635184,0.05190330838163912,-0.0052356385890975745,0.07274829842276719,41.424226960022125,-1.676337222959598,58.430404033859176,-602.0753975906505,1.0394672059040602,3.2877080594278274,3.159911609529204,-1.3800271650004714,0.0,0.07936679331640258,,
103.5,5.977485284082756,3.367576761152187,7.7878599540893,0.04677581904919962,0.006635047353691625,0.091200611971964,41.52817368061253,-1.6684005436279579,58.04160969007716,-606.2152281211376,1.0394672059040602,3.295957977316844,3.1789754576485745,-1.35570870767159,0.0,0.07936679331640258,,
103.60000000000001,6.102287566575145,3.3980264816993193,7.79589250482719,0.04890337782610618,0.0020779166459709815,0.07074394768473889,41.63212040120294,-1.6604638642963176,57.684794021676204,-610.3683705760387,1.0394672059040602,3.304207895205861,3.197851821596121,-1.331174524247332,0.0,0.07936679331640258,,
103.7,5.786346515382159,3.3101295539334292,7.66964459778086,0.04093138368871008,0.015598255872835799,0.0648069117119099,41.73606712179335,-1.6525271849646774,57.36014389706454,-614.5345774695254,1.0394672059040602,3.3124578130948774,3.2165384775667207,-1.3064260629733515,0.0,0.07936679331640258,,
103.80000000000001,5.910113663021356,3.155966233532882,8.110254116123658,0.05190760551935992,0.005955574884775699,0.0802897664117185,41.840013842383755,-1.6445905056330372,57.06784426543526,-618.7135991876718,1.0394672059040602,3.3207077309838944,3.2350332129664077,-1.2814647938084125,0.0,0.07936679331640258,,
103.9,6.039149690662516,3.2337049549331653,8.013909166521204,0.045113706547796575,-0.001583970083552373,0.05602026692589056,41.94396056297416,-1.636653826301397,56.80807813475438,-622.9051840033713,1.0394672059040602,3.328957648872911,3.2533338266169656,-1.256292208337402,0.0,0.07936679331640258,,
104.0,6.029163720705321,3.563538137249908,8.010574214808685,0.05010308457013905,0.008775275661888274,0.08225727193670992,42.04790728356457,-1.6287171469697568,56.58102654986507,-627.1090780914675,1.0394672059040602,3.337207566761928,3.271438128959855,-1.230909819682459,0.0,0.07936679331640258,62.70301876953213,-635.8402716280755
104.10000000000001,6.083687402256706,3.0701703564093705,7.899319360374763,0.03364491420494193,0.0076007002014969825,0.06808502768286945,42.15185400415498,-1.6207804676381166,56.38686857071012,-631.3250255441,1.0394672059040602,3.3454574846509444,3.2893439422594435,-1.2053191624122306,0.0,0.07936679331640258,,
104.2,5.928557789142948,3.433086363112332,7.663649942999051,0.03327589709413191,0.016892029829668417,0.08193157012278458,42.255800724745384,-1.6128437883064763,56.22578125067469,-635.5527683862637,1.0394672059040602,3.353707402539961,3.307049100805523,-1.1795217924492556,0.0,0.07936679331640258,,
104.30000000000001,6.058719387213666,3.2377095442597237,7.547239979461667,0.04411298589900263,0.007853254004321832,0.07043247146854452,42.35974744533579,-1.6049071089748361,56.097939615051295,-639.7920465915805,1.0394672059040602,3.361957320428978,3.3245514511151044,-1.1535192869754893,0.0,0.07936679331640258,,
104.4,6.009582742622937,3.197721133054127,7.943269423037418,0.03776443216981223,-0.0031751204580060905,0.08174061814973436,42.4636941659262,-1.596970429643196,56.0035166396291,-644.0425980982835,1.0394672059040602,3.3702072383179944,3.341848852133458,-1.127313244335966,0.0,0.07936679331640258,,
104.5,6.00976771788052,3.3465763033104143,7.829555169903901,0.041158180260628584,-0.005278213214896494,0.07780041421221343,42.56764088651661,-1.5890337503115557,55.94268322940948,-648.3041588254105,1.0394672059040602,3.3784571562070114,3.3589391754344113,-1.1009052839406104,0.0,0.07936679331640258,,
104.60000000000001,6.21397007436632,3.39587171179568,8.130463393075809,0.056385843674559635,-0.0032520195320606448,0.08373892190628764,42.671587607107014,-1.5810970709799155,55.915608197449906,-652.5764626892079,1.0394672059040602,3.386707074096028,3.375820305419845,-1.0742970461642043,0.0,0.07936679331640258,,
104.7,6.2031204505427375,3.2871805277291255,7.740277500145443,0.05059352243631877,0.01041299321400072,0.0793688725750498,42.77553432769742,-1.5731603916482753,55.922458243838015,-656.8592416197434,1.0394672059040602,3.394956991985045,3.392490139518418,-1.047490192244511,0.0,0.07936679331640258,,
104.80000000000001,6.213996681573464,3.4622429184401007,7.840759079481999,0.030970735870430206,0.008085927508207566,0.04994403876069821,42.87948104828783,-1.565223712316635,55.963397934798024,-661.1522255777263,1.0394672059040602,3.4032069098740614,3.4089465883834627,-1.0204864041785675,0.0,0.07936679331640258,,
104.9,6.195885060110085,3.3492384907185566,7.916677676665404,0.04866395621862877,0.012856121688098049,0.07388131177399904,42.98342776887824,-1.5572870329849948,56.038589681931285,-665.4551425715333,1.0394672059040602,3.411456827763078,3.4251875760900656,-0.9932873846171496,0.0,0.07936679331640258,,
105.0,4.769053159039159,2.887242529106884,8.871111536753906,0.029967798821385276,0.0038749573232955306,0.053418871299390124,43.087374489468644,-1.5493503536533546,56.145435846794896,-669.7592055218803,-0.6745999311505702,2.9047703933019213,2.8896360806951065,0.7367356554808367,0.0,0.0674158132798716,51.20025552797759,-676.0123874780083
105.10000000000001,4.677174464311818,2.9274835263935763,8.879296810872983,0.04594174760880815,0.02062469030007711,0.0719576961055572,43.019914496353586,-1.5426087723253674,56.28108269591316,-674.0557076798102,-0.6745999311505702,2.900222523002215,2.880057626118681,0.7560713063417462,0.0,0.0674158132798716,,
105.2,4.395716297158073,2.9243678614541446,8.876949479669282,0.027461816840557957,-0.003812198751132004,0.047578512927239344,42.95245450323853,-1.5358671909973802,56.445433152362746,-678.344456644667,-0.6745999311505702,2.8956746527025086,2.870350004742526,0.7753112998575015,0.0,0.0674158132798716,,
105.30000000000001,4.628046666295291,2.8774627335684615,9.113377986010283,0.039602143772885984,0.010781949541622884,0.04967901600912929,42.88499451012347,-1.529125609669393,56.63838885609131,-682.6252609809883,-0.6745999311505702,2.8911267824028024,2.8605140709476924,0.7944547746381762,0.0,0.0674158132798716,,
105.4,4.555592671926161,2.9298627985829038,8.730592853360967,0.049297399069081066,-0.0070980349917816625,0.05345318749363839,42.81753451700841,-1.5223840283414058,56.85985017251873,-686.8979302270467,-0.6745999311505702,2.8865789121030963,2.850550684849546,0.8135008764656811,0.0,0.0674158132798716,,
105.5,4.358786982668832,2.947275427526219,8.89620547786162,0.03948766484118309,-0.01075215065570763,0.07100507545428114,42.75007452389335,-1.5156424470134187,57.109716201195084,-691.1622749033207,-0.6745999311505702,2.88203104180339,2.8404607122399033,0.832448758331868,0.0,0.0674158132798716,,
105.60000000000001,4.6873690946388145,2.900130707701749,8.467136242359233,0.015105868064240607,0.015786191110955975,0.06110191929773983,42.682614530778295,-1.5089008656854315,57.38788478451475,-695.4181065208924,-0.6745999311505702,2.877483171503684,2.830245024528911,0.8512975804761784,0.0,0.0674158132798716,,
105.7,4.5079958846530905,3.0394762373819204,8.651593909856484,0.05240168126132572,0.00785026275627312,0.04861695554636136,42.61515453766324,-1.5021592843574443,57.6942525164862,-699.6652375897712,-0.6745999311505702,2.8729353012039778,2.8199044986866815,0.870046510422838,0.0,0.0674158132798716,,
105.80000000000001,4.617362084502926,2.86085160467427,8.81703611580545,0.02769444561690256,0.009259557676087245,0.056926089273330295,42.54769454454818,-1.495417703029457,58.02871475155675,-703.9034816271469,-0.6745999311505702,2.8683874309042716,2.809440017184679,0.8886947230175919,0.0,0.0674158132798716,,
105.9,4.506267332187641,2.8149642359170755,8.792531650502147,0.03184112566906976,-9.634408844891632e-05,0.06767784832844247,42.48023455143312,-1.48867612170147,58.39116561349173,-708.1326531655666,-0.6745999311505702,2.8638395606045655,2.798852467936861,0.907241400463982,0.0,0.0674158132798716,,
106.0,4.470615493105571,2.984649775891599,8.711367613723683,0.035516616681571224,0.004955119723665271,0.07250022045651959,42.41277455831806,-1.4819345403734827,58.78149800430754,-712.3525677610389,-0.6745999311505702,2.8592916903048593,2.7881427442405906,0.9256857323591632,0.0,0.0674158132798716,63.869952038707076,-713.0204941968929
106.10000000000001,4.37686125355785,2.906778822129815,8.454867545956143,0.03801851540801236,-0.0137412300140898,0.056768255200322665,42.345314565203005,-1.4751929590454955,59.199603613257885,-716.5630420010643,-0.6745999311505702,2.854743820005153,2.777311744717304,0.9440269157292569,0.0,0.0674158132798716,,
106.2,4.348844770587276,2.9632143801835116,8.570999270417985,0.03192721288474182,-0.0009070528935363843,0.053024300477170105,42.277854572087946,-1.4684513777175083,59.64537292587272,-720.7638935125897,-0.6745999311505702,2.850195949705447,2.7663603732529483,0.9622641550642408,0.0,0.0674158132798716,,
106.30000000000001,4.525256049418061,2.7985794238736275,8.726878769824722,0.02046833895888473,0.011691239174495018,0.054780787876782686,42.21039457897289,-1.4617097963895211,60.11869523304916,-724.9549409698883,-0.6745999311505702,2.845648079405741,2.7552895389381966,0.9803966623523739,0.0,0.0674158132798716,,
106.4,4.576211898675599,2.7573250918571652,8.883863638398706,0.034899383903944925,0.005756207901127417,0.05820079743212807,42.14293458585783,-1.454968215061534,60.61945864019392,-729.1360041023655,-0.6745999311505702,2.8411002091060347,2.7441001560084333,0.9984236571141538,0.0,0.0674158132798716,,
106.5,4.489845117085272,2.8240771951609402,8.755873147920003,0.02446612049992663,0.0008892524399636584,0.06011811865144013,42.07547459274277,-1.4482266337335468,61.14755007641655,-733.3069037022872,-0.6745999311505702,2.8365523388063285,2.7327931437835185,1.0163443664358063,0.0,0.0674158132798716,,
106.60000000000001,4.410433044885947,2.9701949469201367,8.83773420370182,0.02653142843617058,-0.0022780207180385236,0.04735409923143466,42.008014599627714,-1.4414850524055596,61.702855303772914,-737.4674616324329,-0.6745999311505702,2.8320044685066224,2.7213694266073407,1.0341580250023041,0.0,0.0674158132798716,,
106.7,4.510340160667503,2.753645630825616,8.900919366871674,0.03064958243714037,-0.007462125861127339,0.06104538494277732,41.940554606512656,-1.4347434710775724,62.28525892655835,-741.6175008336733,-0.6745999311505702,2.827456598206916,2.709829933787147,1.0518638751299165,0.0,0.0674158132798716,,
106.80000000000001,4.656144122781077,2.9110488428880603,8.906415468753133,0.03538688374057688,0.018417730245990957,0.06311516961961056,41.8730946133976,-1.4280018897495852,62.89464440064977,-745.7568453324699,-0.6745999311505702,2.82290872790721,2.6981755995326746,1.0694611667982852,0.0,0.0674158132798716,,
106.9,4.3069432767515865,2.8443343826400493,8.724577961051416,0.03230196193039578,0.03226581154312509,0.058867639584851736,41.80563462028254,-1.421260308421598,63.53089404289626,-749.8853202482984,-0.6745999311505702,2.818360857607504,2.686407362895061,1.086949157682024,0.0,0.0674158132798716,,
107.0,4.48501141783791,2.8204508081155217,8.85578690367999,0.020892365750048943,-0.0016860162360118074,0.05420255517668411,41.73817462716748,-1.4145187270936108,64.19388904055742,-754.0027518009949,-0.6745999311505702,2.8138129873077973,2.674526167705567,1.104327113181849,0.0,0.0674158132798716,66.82586963378904,-753.1981377670791
107.10000000000001,4.589158764673943,3.033593643312914,8.494697128554723,0.03544386336191106,0.01689294865623814,0.05783792060203451,41.67071463405242,-1.4077771457656236,64.88350946078893,-758.1089673180242,-0.6745999311505702,2.809265117008091,2.6625329625140903,1.1215943064552265,0.0,0.0674158132798716,,
107.2,4.754203247169532,2.676310772256456,8.752247394292697,0.01544928271636889,0.002031107643973439,0.05960140886359151,41.603254640937365,-1.4010355644376364,65.59963426017465,-762.2037952416704,-0.6745999311505702,2.804717246708385,2.6504287005274842,1.1387500184465458,0.0,0.0674158132798716,,
107.30000000000001,4.437349135218558,2.5638353759386496,8.883508492234558,0.043986420066953795,-0.004929185249813821,0.07045397315792343,41.53579464782231,-1.3942939831096492,66.34214129430472,-766.2870651361493,-0.6745999311505702,2.800169376408679,2.638214339547691,1.1557935379168132,0.0,0.0674158132798716,,
107.4,4.843086972427137,2.9259723448655137,8.787484579795242,0.025514635048305583,-0.008077061039240965,0.06562807728940452,41.46833465470725,-1.387552401781662,67.11090732739895,-770.3586076946426,-0.6745999311505702,2.7956215061089726,2.625890841909679,1.1727241614728647,0.0,0.0674158132798716,,
107.5,4.353561516550115,2.577459519854603,8.70833557394087,0.03638656947743299,-0.0037513231889253176,0.0572111054079876,41.40087466159219,-1.3808108204536749,67.90580804197491,-774.4182547462527,-0.6745999311505702,2.7910736358092665,2.6134591744191993,1.1895411935960984,0.0,0.0674158132798716,,
107.60000000000001,4.4017389067180615,2.462711275786894,8.764677916379366,0.043908073219126105,-0.0034382144939085475,0.05161814015264687,41.33341466847713,-1.3740692391256877,68.72671804856014,-778.4658392628792,-0.6745999311505702,2.7865257655095603,2.6009203082903625,1.2062439466707227,0.0,0.0674158132798716,,
107.7,4.475752478131698,2.965184237070686,8.405870569918742,0.0321465456083546,-0.011905573471742542,0.05396175163024068,41.265954675362075,-1.3673276577977005,69.57351089544782,-782.5011953660155,-0.6745999311505702,2.781977895209854,2.5882752190830347,1.2228317410115228,0.0,0.0674158132798716,,
107.80000000000001,4.4156974550075025,2.8256028812603224,8.401565525865333,0.04194274551264848,-0.004151626000753007,0.04317966774851721,41.198494682247016,-1.3605860764697133,70.44605907849522,-786.5241583334664,-0.6745999311505702,2.777430024910148,2.575524886640063,1.239303904891141,0.0,0.0674158132798716,,
107.9,4.373554343217976,2.61758366965102,8.737402585137604,0.02699287916275156,0.007517118934704474,0.05616845667240504,41.13103468913196,-1.3538444951417261,71.34423405096437,-790.5345646059853,-0.6745999311505702,2.772882154610442,2.562670295024328,1.255659774566871,0.0,0.0674158132798716,,
108.0,4.443006080547654,2.89051850197412,8.786331133914915,0.033446427939121406,0.013345026819598347,0.048565681707627054,41.0635746960169,-1.347102913813739,72.26790623340436,-794.5322517938317,-0.6745999311505702,2.7683342843107357,2.549712432455633,1.2718986943069663,0.0,0.0674158132798716,71.49491079394214,-797.6067496420891
108.10000000000001,4.590057644231297,2.865489346214952,8.421193911962671,0.04742069124513791,0.017126483573116375,0.060223300711462764,40.99611470290184,-1.3403613324857517,73.2169450235745,-798.5170586832483,-0.6745999311505702,2.7637864140110295,2.536652291247431,1.2880200164164601,0.0,0.0674158132798716,,
108.2,4.513840935845293,2.683613307977535,8.79722526737336,0.04346326894006308,0.0031959559692743083,0.05408246622439254,40.928654709786784,-1.3336197511577645,74.19121880640779,-802.4888252428567,-0.6745999311505702,2.7592385437113234,2.523490867743389,1.3040231012624957,0.0,0.0674158132798716,,
108.30000000000001,4.253468451999289,2.770770987578103,8.659396693098865,0.011483275568676784,0.007974002226164172,0.05606332418136191,40.861194716671726,-1.3268781698297774,75.19059496401411,-806.4473926299738,-0.6745999311505702,2.754690673411617,2.5102291622538004,1.319907317299168,0.0,0.0674158132798716,,
108.4,4.503273788385628,2.7306593197147206,8.74723549467294,0.03746221958287216,-0.00395785125403615,0.06321490294319546,40.79373472355667,-1.3201365885017902,76.21493988572237,-810.3926031968456,-0.6745999311505702,2.750142803111911,2.4968681789918468,1.3356720410918737,0.0,0.0674158132798716,,
108.5,4.7535049046881515,2.7918839355134115,8.6182857090133,0.034179629311779716,0.00784350619015046,0.07274351766168037,40.72627473044161,-1.313395007173803,77.26411897816116,-814.3243004968001,-0.6745999311505702,2.745594932812205,2.483408926009709,1.3513166573411692,0.0,0.0674158132798716,,
108.60000000000001,4.541192899614865,2.3795375998624393,8.876516804663693,0.018150224480803365,0.009598306849537015,0.05991556969103105,40.65881473732655,-1.3066534258458158,78.33799667537696,-818.2423292903192,-0.6745999311505702,2.7410470625124987,2.4698524151345382,1.366840558906137,0.0,0.0674158132798716,,
108.7,4.374094530925805,2.6457599775081557,8.451501777006628,0.030785885429050912,0.0031032204008806523,0.059467486331303554,40.59135474421149,-1.2999118445178286,79.43643644898964,-822.1465355510278,-0.6745999311505702,2.7364991922127926,2.4561996619042805,1.382243146827257,0.0,0.0674158132798716,,
108.80000000000001,4.3937664772541964,2.897352615938758,8.720738505707905,0.024379998591531046,-0.010239992340725024,0.05155146343414068,40.523894751096435,-1.2931702631898414,80.55930081838439,-826.0367664716019,-0.6745999311505702,2.731951321913086,2.442451685503374,1.397523830348785,0.0,0.0674158132798716,,
108.9,4.3752917997525635,3.0323026658781265,8.779093465023074,0.0376332704300918,0.006709690202926797,0.07079371421542381,40.45643475798138,-1.2864286818618542,81.70645136093937,-829.9128704695937,-0.6745999311505702,2.72740345161338,2.4286095086983064,1.4126820269406362,0.0,0.0674158132798716,,
109.0,4.4685569016100795,2.3677839322998926,8.493172309579183,0.04204089369714889,0.0030956662502961522,0.0696558500164825,40.38897476486632,-1.279687100533867,82.87774872228866,-833.7746971931741,-0.6745999311505702,2.7228555813136737,2.414674157773044,1.4277171623197706,0.0,0.0674158132798716,86.17150977918503,-836.447117336759
109.10000000000001,4.6144628004084804,2.7320827406813133,8.65711504933529,0.04905192588069465,0.0009155904994940421,0.06821433259628817,40.32151477175126,-1.2729455192058798,84.07305262661961,-837.6220975267935,-0.6745999311505702,2.7183077110139675,2.4006466624643408,1.442628670471085,0.0,0.0674158132798716,,
109.2,4.322429327765925,2.8007061418340156,9.001699936275141,0.009763975301037627,-0.0123850090091033,0.06067157972170711,40.2540547786362,-1.2662039378778926,85.29222188700423,-841.4549235967586,-0.6745999311505702,2.7137598407142614,2.38652805589692,1.4574159936678044,0.0,0.0674158132798716,,
109.30000000000001,4.627836971980655,2.3180850362471026,8.492473062648342,0.045838899925843654,0.008458299852580071,0.042836904506887624,40.186594785521145,-1.2594623565499055,86.53511441576367,-845.2730287767267,-0.6745999311505702,2.709211970414555,2.372319374518542,1.4720785824913776,0.0,0.0674158132798716,,
109.4,4.348924172976395,3.1137594243470748,8.63061568965371,0.02580087967350008,-0.007235951530952403,0.05645768301916004,40.119134792406086,-1.2527207752219183,87.80158723486531,-849.0762676931168,-0.6745999311505702,2.704664100114849,2.3580216580349567,1.4866158958508733,0.0,0.0674158132798716,,
109.5,4.481425558693291,2.6451519293396744,8.914830038495293,0.04493968389599512,-0.002642446151372846,0.06498430030939129,40.05167479929103,-1.245979193893931,89.09149648635187,-852.8644962304371,-0.6745999311505702,2.700116229815143,2.3436359493447445,1.501027401001878,0.0,0.0674158132798716,,
109.60000000000001,4.396934833631593,2.7678082482436124,8.795893094314204,0.029589523065273057,-0.008983714027226867,0.06456247822295179,39.98421480617597,-1.239237612565944,90.40469744280166,-856.6375715365282,-0.6745999311505702,2.6955683595154367,2.329163294474057,1.5153125735648914,0.0,0.0674158132798716,,
109.7,4.406870326356844,2.964205683336306,8.832479357372153,0.02427065955125074,1.5385875475551926e-05,0.05116206198842406,39.91675481306091,-1.2324960312379567,91.74104451781956,-860.3953520277239,-0.6745999311505702,2.6910204892157306,2.314604742511246,1.5294708975432236,0.0,0.0674158132798716,,
109.80000000000001,4.46049115249019,2.893709537749705,8.568873719812231,0.02505679277803327,0.005344870617038592,0.0768640985693443,39.849294819945854,-1.2257544499099695,93.10039127655791,-864.1376973939268,-0.6745999311505702,2.6864726189160244,2.2999613455414005,1.5435018653403916,0.0,0.0674158132798716,,
109.9,4.396758602211126,2.636177961545089,8.584068501757253,0.03040663249464611,0.015188706361546983,0.04623181798685551,39.781834826830796,-1.2190128685819823,94.4825904462667,-867.8644686036,-0.6745999311505702,2.6819247486163182,2.2852341585807876,1.5574049777770118,0.0,0.0674158132798716,,
110.0,4.620670285430378,2.6161950330024566,8.717663735879178,0.05046305425967931,0.0004423967829039543,0.06437315660074416,39.71437483371574,-1.2122712872539951,95.88749392687251,-871.5755279086748,-0.6745999311505702,2.677376878316612,2.2704242395112018,1.5711797441071926,0.0,0.0674158132798716,92.61948008784036,-873.614627878268
110.10000000000001,4.5303433169392715,2.6261621757638447,9.021974676805785,0.022725668610593178,-0.012082871365527572,0.06600522222010421,39.64691484060068,-1.205529705926008,97.31495280158529,-875.2707388493735,-0.6745999311505702,2.672829008016906,2.2555326490142225,1.5848256820344235,0.0,0.0674158132798716,,
110.2,4.643284269228651,2.770071366207482,8.697376703046809,0.022439446899262135,-0.005923505096770363,0.06086943671518688,39.57945484748562,-1.1987881245980208,98.76481734753268,-878.9499662589479,-0.6745999311505702,2.6682811377171998,2.240560450505397,1.598342317726963,0.0,0.0674158132798716,,
110.30000000000001,4.68389388939137,2.698170866005319,8.715042889079754,0.03394577182457356,-0.003304799957382091,0.061630733204937886,39.51199485437056,-1.1920465432700336,100.2369370464208,-882.6130762683327,-0.6745999311505702,2.6637332674174936,2.2255087100683357,1.6117291858327198,0.0,0.0674158132798716,,
110.4,4.88856270322865,2.8065306191274693,8.574307736782643,0.03982964842020066,0.009389853782411374,0.055716379026346435,39.444534861255505,-1.1853049619420464,101.73116059522121,-886.2599363107141,-0.6745999311505702,2.6591853971177875,2.210378496388735,1.624985829493634,0.0,0.0674158132798716,,
110.5,4.675272492661652,2.7867760743728027,8.846741480200981,0.02553843150927792,-0.004917027526313947,0.05438776472764668,39.37707486814045,-1.1785633806140592,103.24733591688319,-889.8904151260133,-0.6745999311505702,2.6546375268180813,2.1951708806883263,1.6381118003595514,0.0,0.0674158132798716,,
110.60000000000001,4.554824341406784,2.6300599285823476,8.937562242013188,0.03531503963724994,0.00936654557009141,0.07331019544109228,39.30961487502539,-1.171821799286072,104.78531017107069,-893.504382765285,-0.6745999311505702,2.650089656518375,2.179886936658759,1.6511066586015952,0.0,0.0674158132798716,,
110.7,4.518177623075772,2.7334366981524942,9.071442293461129,0.03460197639080046,0.0015241705553028979,0.07347624617352491,39.24215488191033,-1.1650802179580848,106.34492976492335,-897.10171059503,-0.6745999311505702,2.6455417862186685,2.1645277403954153,1.6639699729250328,0.0,0.0674158132798716,,
110.80000000000001,4.568687429722595,2.726171114969891,8.677589069610251,0.03172176480660987,0.024158798327863135,0.07461836704068678,39.17469488879527,-1.1583386366300976,107.92604036384085,-900.6822713014232,-0.6745999311505702,2.6409939159189624,2.149094370331169,1.6767013205816368,0.0,0.0674158132798716,,
110.9,4.606087559301494,2.5277478085728293,8.681364707955899,0.02261847460685442,0.008287820342578031,0.05637249699659465,39.107234895680214,-1.1515970553021104,109.5284869022901,-904.2459388944548,-0.6745999311505702,2.636446045619256,2.133587907170081,1.689300287381542,0.0,0.0674158132798716,,
111.0,4.239721331178332,2.662683112298512,9.062395220260761,0.042590063435256134,-0.010488815603394293,0.06257320042117671,39.039774902565156,-1.1448554739741232,111.15211359463426,-907.7925887119872,-0.6745999311505702,2.63189817531955,2.1180094338210482,1.7017664677045954,0.0,0.0674158132798716,105.21633884559735,-906.2027034378043
111.10000000000001,4.341486476328138,2.6197249825038034,8.737951351490572,0.02656524922724129,0.008658215706704815,0.07887458592674879,38.9723149094501,-1.138113892646136,112.79676394598337,-911.3220974237249,-0.6745999311505702,2.627350305019844,2.102360035331396,1.7140994645112029,0.0,0.0674158132798716,,
111.2,4.403726920364473,2.6133142549571837,8.604032826698186,0.01768355267968464,0.0010966953321103505,0.06737226199296309,38.90485491633504,-1.1313723113181489,114.46228076306554,-914.8343430350998,-0.6745999311505702,2.6228024347201377,2.086640798820434,1.726298889352669,0.0,0.0674158132798716,,
111.30000000000001,4.7892085040736205,2.555114635138572,8.601622930924092,0.036601298822503965,0.007980675154082122,0.05788323035202495,38.83739492321998,-1.1246307299901617,116.14850616511825,-918.3292048910682,-0.6745999311505702,2.6182545644204316,2.0708528134129596,1.738364362381031,0.0,0.0674158132798716,,
111.4,4.600490288234785,2.6132167442439305,8.945526732725,0.03810255113733435,-0.0051125453091550865,0.07870896309461002,38.769934930104924,-1.1178891486621745,117.85528159479912,-921.8065636798249,-0.6745999311505702,2.6137066941207254,2.054997170172733,1.7502955123583859,0.0,0.0674158132798716,,
111.5,4.615975490957888,2.6250217430993703,8.971050077891313,0.0579034659367869,-0.010799660628138155,0.06085391120092413,38.702474936989866,-1.1111475673341873,119.58244782911522,-925.266301436428,-0.6745999311505702,2.6091588238210193,2.0390749620359108,1.7620919766657153,0.0,0.0674158132798716,,
111.60000000000001,4.583421542479973,2.847483601310767,8.666262555583948,0.04321818586055609,-0.01110078470038621,0.07854399769576573,38.63501494387481,-1.1044059860062,121.32984499037062,-928.7083015463396,-0.6745999311505702,2.604610953521313,2.023087283744454,1.7737534013111982,0.0,0.0674158132798716,,
111.7,4.449791605955278,2.6105191682369377,8.617832057239154,0.03748913811169555,0.016054184907489586,0.058065685411612174,38.56755495075975,-1.097664404678213,123.09731255713123,-932.1324487488794,-0.6745999311505702,2.600063083221607,2.007035231779506,1.7852794409380255,0.0,0.0674158132798716,,
111.80000000000001,4.5100219398519625,2.6513840331199092,8.750712923276613,0.02428575889872129,-0.007467782002944784,0.06819982988539003,38.50009495764469,-1.0909228233502257,124.8846893752064,-935.5386291405914,-0.6745999311505702,2.595515212921901,1.990919904294749,1.7966697588317007,0.0,0.0674158132798716,,
111.9,4.568866353093385,2.598666114080057,8.528259691974831,0.049860245171001905,-0.003161581111933317,0.052138144450198265,38.43263496452963,-1.0841812420222385,126.69181366864656,-938.9267301785248,-0.6745999311505702,2.5909673426221946,1.9747424010497443,1.8079240269268406,0.0,0.0674158132798716,,
112.0,4.512028538107036,2.6590305995691352,8.856743987633843,0.04668450785502011,0.00448819815659229,0.06421110343960885,38.365174971414575,-1.0774396606942513,128.51852305075627,-942.2966406834284,-0.6745999311505702,2.5864194723224885,1.9585038233432503,1.8190419258134662,0.0,0.0674158132798716,132.45354804088203,-942.9417138848308
112.10000000000001,4.551358889496338,2.5202453283044908,8.899610018458935,0.02178771976257521,-0.01875593763173848,0.07859088019290937,38.29771497829952,-1.0706980793662642,130.36465453512199,-945.6482508428575,-0.6745999311505702,2.5818716020227823,1.9422052739465379,1.8300231447427915,0.0,0.0674158132798716,,
112.2,4.407082326304405,2.697072673470747,8.518067213397755,0.05048307657130792,-0.00936820905575979,0.06216698566917002,38.23025498518446,-1.063956498038277,132.2300445466539,-948.9814522141949,-0.6745999311505702,2.577323731723076,1.9258478570366893,1.8408673816325034,0.0,0.0674158132798716,,
112.30000000000001,4.565796190424196,2.5887451042679235,8.602641701553917,0.04203399355494183,-0.0021161176754590466,0.07320913563017192,38.1627949920694,-1.0572149167102898,134.1145289326411,-952.2961377275853,-0.6745999311505702,2.57277586142337,1.9094326781298996,1.8515743430715377,0.0,0.0674158132798716,,
112.4,4.428282153378385,2.7484238671785413,8.854879261949552,0.031000288722674525,-0.013896563788065426,0.06928765741345583,38.09533499895434,-1.0504733353823026,136.01794297381966,-955.5922016887828,-0.6745999311505702,2.568227991123664,1.8929608440147763,1.8621437443243503,0.0,0.0674158132798716,,
112.5,4.452508278334542,2.6708084644382186,8.419805317188324,0.04331806936759252,0.002650261068467267,0.03854536566235993,38.027875005839284,-1.0437317540543154,137.94012139545245,-958.8695397819106,-0.6745999311505702,2.5636801208239572,1.876433462685638,1.8725753093346822,0.0,0.0674158132798716,,
112.60000000000001,4.495844027021123,2.2617930778492994,8.692108974884928,0.03602651041976729,-0.0028049838509396495,0.06049867605099518,37.960415012724226,-1.0369901727263282,139.88089837842065,-962.1280490721356,-0.6745999311505702,2.559132250524251,1.859851643275832,1.8828687707288203,0.0,0.0674158132798716,,
112.7,4.4460312896300715,2.5511116296013627,8.608810961489965,0.046410295273548716,0.00018690584870471102,0.061453073853481706,37.89295501960917,-1.030248591398341,141.84010757032578,-965.367628008255,-0.6745999311505702,2.554584380224545,1.8432164959910478,1.893023869818355,0.0,0.0674158132798716,,
112.80000000000001,4.218074622448551,2.7682703733533005,8.798460373940753,0.03860784476380204,-0.01190538083720734,0.057475810818223186,37.82549502649411,-1.0235070100703538,143.81758209660197,-968.5881764251964,-0.6745999311505702,2.5500365099248388,1.8265291320426575,1.9030403566024294,0.0,0.0674158132798716,,
112.9,4.265516803128221,2.4713280404186317,8.70490832345691,0.050361481354793715,-0.0005630345178773564,0.06394398520497982,37.75803503337905,-1.0167654287423666,145.81315457163745,-971.7895955464304,-0.6745999311505702,2.5454886396251326,1.8097906635810712,1.9129179897694901,0.0,0.0674158132798716,,
113.0,4.522993465071577,2.594395876545171,8.615321796370441,0.02457513287263565,0.0006796778619792345,0.049177648859049225,37.690575040263994,-1.0100238474143794,147.82665710990483,-974.9717879862976,-0.6745999311505702,2.5409407693254265,1.7930022036291118,1.9226565366985318,0.0,0.0674158132798716,148.41538281596146,-978.1884221334485
113.10000000000001,4.418036024214821,2.747790959921156,8.855579921065894,0.02702305532303078,-0.0009459079727816508,0.06887956708307466,37.623115047148936,-1.0032822660863923,149.85792133709944,-978.1346577522474,-0.6745999311505702,2.5363928990257203,1.7761648660154217,1.9322557734598365,0.0,0.0674158132798716,,
113.2,4.631122939760207,2.412459604848291,8.7156295066514,0.04231292500498697,-0.005709751746355087,0.06252603780671999,37.55565505403388,-0.9965406847584051,151.90677840128512,-981.2781102469905,-0.6745999311505702,2.531845028726014,1.7592797653078946,1.941715484815215,0.0,0.0674158132798716,,
113.30000000000001,4.622698110896181,2.495191259251486,8.707752419694843,0.01223020593743648,-0.00988716109873779,0.061902514772978555,37.48819506091882,-0.9897991034304179,153.97305898404662,-984.4020522705644,-0.6745999311505702,2.527297158426308,1.7423480167471437,1.9510354642177419,0.0,0.0674158132798716,,
113.4,4.553027325847049,2.473295763687969,8.716847013179905,0.032804474089201285,0.011282781447012344,0.06445145490050644,37.42073506780376,-0.9830575221024307,156.0565933116482,-987.5063920223117,-0.6745999311505702,2.522749288126602,1.7253707361800084,1.9602155138109905,0.0,0.0674158132798716,,
113.5,4.614423017250161,2.63273677452328,8.646274969435728,0.024417374756197652,-0.003653086766786665,0.060898613410000864,37.3532750746887,-0.9763159407744435,158.1572111661974,-990.5910391027726,-0.6745999311505702,2.5182014178268957,1.7083490399930978,1.969255444427767,0.0,0.0674158132798716,,
113.60000000000001,4.553978182766037,2.564097548674775,8.830863436374827,0.03629139025010775,0.016885861752638558,0.07594539350780423,37.285815081573645,-0.9695743594464563,160.27474189681394,-993.6559045154884,-0.6745999311505702,2.5136535475271895,1.6912840450463835,1.9781550755883426,0.0,0.0674158132798716,,
113.7,4.4522722020702306,2.527442593119531,8.575314736228748,0.03660748830077913,0.0238302952277613,0.05377921777371591,37.21835508845859,-0.9628327781184691,162.40901443080216,-996.7009006687205,-0.6745999311505702,2.5091056772274833,1.6741768686068408,1.9869142354981846,0.0,0.0674158132798716,,
113.80000000000001,4.5606198532379505,2.5718713756873504,8.740432355211304,0.04588958282765433,-0.0034513487174211537,0.05629718132605212,37.15089509534353,-0.9560911967904819,164.55985728482736,-999.7259413770812,-0.6745999311505702,2.504557806927777,1.657028628282138,1.995532761045192,0.0,0.0674158132798716,,
113.9,4.482999965685801,2.4399528610707453,8.78071579933444,0.034902167016912226,-0.014224040988273066,0.07494827623575914,37.08343510222847,-0.9493496154624947,166.7270985760946,-1002.730941863078,-0.6745999311505702,2.500009936628071,1.6398404419543886,2.0040104977964264,0.0,0.0674158132798716,,
114.0,4.6639055519761285,2.357206155947079,8.605117251844668,0.027241711115755463,-0.0003961024293239941,0.0717858543498438,37.01597510911341,-0.9426080341345076,168.91056603352962,-1005.7158187585708,-0.6745999311505702,2.495462066328365,1.6226134277139574,2.0123472999943495,0.0,0.0674158132798716,172.43818786166105,-1012.8059973929844
114.10000000000001,4.266597708005207,2.623346666350714,8.699111524560337,0.044989117758425526,0.011052059588303794,0.056073473691313845,36.948515115998354,-0.9358664528065204,171.1100870089614,-1008.6804901061435,-0.6745999311505702,2.4909141960286587,1.6053487037933345,2.020543030552558,0.0,0.0674158132798716,,
114.2,4.641846079470749,2.4351718757654037,8.883547450449337,0.03834765446020715,-0.016887109789272242,0.058465926581203524,36.881055122883296,-0.9291248714785332,173.325488488305,-1011.6248753603878,-0.6745999311505702,2.4863663257289526,1.5880473885010722,2.028597561051026,0.0,0.0674158132798716,,
114.30000000000001,4.583582133643552,2.5715874157682683,8.455571213511536,0.03926767085283861,-0.008341253775498984,0.06650937911069164,36.81359512976824,-0.922383290150546,175.55659710274512,-1014.5488953891007,-0.6745999311505702,2.481818455429246,1.5707106001557973,2.036510771730849,0.0,0.0674158132798716,,
114.4,4.520562298439081,2.8073762684356978,8.64312777672585,0.03733734907900554,0.019148003744237436,0.07238782781719386,36.74613513665318,-0.9156417088225588,177.80323913991847,-1017.4524724743956,-0.6745999311505702,2.47727058512954,1.553339457020297,2.0442825514884913,0.0,0.0674158132798716,,
114.5,4.632367414921389,2.7400278446173174,8.77040114235247,0.03316630197424548,0.013908504081057808,0.061296704744985005,36.67867514353812,-0.9089001274945716,180.06524055509556,-1020.3355303137268,-0.6745999311505702,2.4727227148298336,1.535935077235679,2.051912797869541,0.0,0.0674158132798716,,
114.60000000000001,4.7169699264099325,2.480270656431567,8.679745939449313,0.027808500423547204,-0.021603455340325955,0.061229737561100284,36.611215150423064,-0.9021585461665844,182.34242698236002,-1023.197994020828,-0.6745999311505702,2.4681748445301275,1.51849857875562,2.059401417061966,0.0,0.0674158132798716,,
114.7,4.641839881050612,2.425059750990689,8.890592862611745,0.01927570394685499,0.0029900042197840322,0.06589014337482817,36.543755157308006,-0.8954169648385972,184.63462374578583,-1026.0397901265635,-0.6745999311505702,2.4636269742304213,1.5010310792806953,2.0667483238888877,0.0,0.0674158132798716,,
114.80000000000001,4.788798083561873,2.4564576562492584,8.77699960123346,0.04115121429016734,0.0006723601712124328,0.05831773030946182,36.47629516419295,-0.88867538351061,186.9416558706111,-1028.8608465796938,-0.6745999311505702,2.459079103930715,1.4835336961928,2.073953441800845,0.0,0.0674158132798716,,
114.9,4.629916872434993,2.5297976465744925,8.964043580610722,0.028774243638264436,-0.000858876868981873,0.06928628857742607,36.40883517107789,-0.8819338021826229,189.26334809440814,-1031.6610927475554,-0.6745999311505702,2.454531233631009,1.4660075464896611,2.0810167028675863,0.0,0.0674158132798716,,
115.0,4.675212652515491,2.367466094124883,8.625797155106758,0.039619260588015216,-0.003887926406798902,0.06429256146593493,36.34137517796283,-0.8751922208546357,191.59952487824899,-1034.4404594166533,-0.6745999311505702,2.449983363331303,1.44845374671945,2.087938047769355,0.0,0.0674158132798716,190.60463014502312,-1035.1592706169583
115.10000000000001,4.388367383000936,2.478591813425685,8.75400033474431,0.04497816846439177,-0.014498739069453011,0.05645546448902074,36.27391518484777,-0.8684506395266485,193.95001041786583,-1037.198878793169,-0.6745999311505702,2.4454354930315967,1.43087341291549,2.0947174257876933,0.0,0.0674158132798716,,
115.2,4.694318767325253,2.2160492108640097,8.931541699425793,0.027641981782687446,0.003060529066736388,0.07298226069762298,36.206455191732715,-0.8617090581986613,196.31462865480552,-1039.9362845033804,-0.6745999311505702,2.4408876227318905,1.413267660531073,2.101354794795758,0.0,0.0674158132798716,,
115.30000000000001,4.635892715368608,2.6965604505719796,8.928651372958708,0.023664510087684408,-0.003762541762601868,0.06395887902820359,36.13899519861766,-0.8549674768706741,198.69320328757777,-1042.652611593999,-0.6745999311505702,2.4363397524321844,1.3956376043743801,2.1078501212481435,0.0,0.0674158132798716,,
115.4,4.451958330935497,2.5952686054119805,8.692187422212125,0.03704824396815947,0.004356682741033153,0.06677143822256813,36.0715352055026,-0.8482258955426869,201.0855577827962,-1045.347796532418,-0.6745999311505702,2.431791882132478,1.3779843585435148,2.1142033801702222,0.0,0.0674158132798716,,
115.5,4.455792045269258,2.403748887948695,8.753715750825654,0.022317598851083736,-0.00018545841800027957,0.05805244995036877,36.00407521238754,-0.8414843142146997,203.49151538631153,-1048.0217772068777,-0.6745999311505702,2.427244011832772,1.3603090363616506,2.120414555146998,0.0,0.0674158132798716,,
115.60000000000001,4.656043288859028,2.5577356952749004,8.793722425297654,0.02543038341487048,0.005547075481896581,0.06154383999224377,35.93661521927248,-0.8347427328867125,205.91089913433657,-1050.6744929265435,-0.6745999311505702,2.422696141533066,1.3426127503122975,2.1264836383114747,0.0,0.0674158132798716,,
115.7,4.382124038790163,2.485786841714262,8.800684581382805,0.039778351626621536,-0.002955412013718633,0.06998667338664379,35.869155226157424,-0.8280011515587253,208.34353186456204,-1053.305884421499,-0.6745999311505702,2.4181482712333597,1.3248966119746899,2.132410630332542,0.0,0.0674158132798716,,
115.80000000000001,4.765243977964116,2.540655413554923,8.56273358750372,0.025337274559630724,0.012896329300214256,0.07298350436204554,35.801695233042366,-0.8212595702307381,210.78923622726268,-1055.9158938426551,-0.6745999311505702,2.4136004009336536,1.3071617319592992,2.1381955404023767,0.0,0.0674158132798716,,
115.9,4.353199589253447,2.497822656302861,8.438086837695998,0.03272583196952783,-3.0397751777969806e-05,0.08346185481216892,35.73423523992731,-0.814517988902751,213.2478346963931,-1058.5044647615716,-0.6745999311505702,2.4090525306339474,1.2894092198434777,2.1438383862233676,0.0,0.0674158132798716,,
116.0,4.513906329742931,2.267751091698172,8.604272426007904,0.02617532017568811,-0.0076872316299009084,0.06509286637717296,35.66677524681225,-0.8077764075747638,215.71914958067273,-1061.0715421701964,-0.6745999311505702,2.4045046603342413,1.2716401841072331,2.1493391939945545,0.0,0.0674158132798716,220.9378007969955,-1059.549884931445
116.10000000000001,4.380623623196073,2.2659535954783814,8.804816167099148,0.027886813645610374,0.005151495309901286,0.06690818699788471,35.59931525369719,-0.8010348262467766,218.2030030346589,-1063.6170724805177,-0.6745999311505702,2.399956790034535,1.2538557320691388,2.1546979983975914,0.0,0.0674158132798716,,
116.2,4.56821628826494,2.3116525395916585,8.843377117837722,0.05607960861883306,-0.012842649458342417,0.052880033690956965,35.531855260582134,-0.7942932449187894,220.69921706980793,-1066.141003524133,-0.6745999311505702,2.3954089197348285,1.2360569698223873,2.1599148425822325,0.0,0.0674158132798716,,
116.30000000000001,4.490000795167596,2.4668239005111605,8.556565307201767,0.041066344393021835,-0.01095319720620583,0.059248475302020265,35.464395267467076,-0.7875516635908022,223.2076135655232,-1068.6432845517336,-0.6745999311505702,2.3908610494351223,1.2182450021709823,2.164989778151341,0.0,0.0674158132798716,,
116.4,4.743886790808216,2.6035971777187,8.39642063051256,0.04062304137157807,-0.0015702345859173962,0.048143450417601256,35.39693527435202,-0.780810082262815,225.72801428018965,-1071.123866232503,-0.6745999311505702,2.386313179135416,1.200420932566081,2.1699228651454203,0.0,0.0674158132798716,,
116.5,4.76360284177841,2.5714453235761727,8.742542081464268,0.03893218582536147,0.01846325706904659,0.0645494204624205,35.32947528123696,-0.7740685009348278,228.26024086219437,-1073.5827006534323,-0.6745999311505702,2.38176530883571,1.1825858630424846,2.1747141720266785,0.0,0.0674158132798716,,
116.60000000000001,4.976122855924942,2.5612173513184096,8.75917237446448,0.058412559841924665,-0.003377631364054305,0.0578798649552461,35.2620152881219,-0.7673269196068406,230.80411486093192,-1076.0197413185535,-0.6745999311505702,2.377217438536004,1.1647408941552833,2.179363775662609,0.0,0.0674158132798716,,
116.7,4.395514006524113,2.4903856444508214,8.83663566617308,0.0409331502671004,-0.012651868990003179,0.06683614331750504,35.19455529500684,-0.7605853382788534,233.35945773779477,-1078.4349431480844,-0.6745999311505702,2.3726695682362977,1.1468871249166595,2.1838717613091143,0.0,0.0674158132798716,,
116.80000000000001,4.524522026513496,2.7042556180240394,8.507737607725446,0.030555228262915703,0.013034998067612132,0.06412531547052203,35.127095301891785,-0.7538437569508663,235.92609087714726,-1080.8282624774934,-0.6745999311505702,2.3681216979365916,1.1290256527328493,2.188238222593144,0.0,0.0674158132798716,,
116.9,4.54450967599093,2.4267277315268956,8.623246136595416,0.031084709924516354,0.0027680463535358145,0.06278246606664446,35.05963530877673,-0.7471021756228791,238.50383559728306,-1083.1996570564802,-0.6745999311505702,2.3635738276368854,1.1111575733412709,2.1924632614948805,0.0,0.0674158132798716,,
117.0,4.498405378553189,2.346392069957613,9.139541715157305,0.028291613525412998,-0.0019766729317673227,0.06670013926667487,34.99217531566167,-0.7403605942948919,241.0925131613653,-1085.549086047872,-0.6745999311505702,2.3590259573371792,1.093283980747818,2.1965469883294446,0.0,0.0674158132798716,242.61753106626261,-1091.052076830092
117.10000000000001,4.433593020956135,2.3391046743845014,8.352108687486776,0.03575967798872303,0.0004289860346254972,0.05330023661749957,34.92471532254661,-0.7336190129669047,243.69194478834874,-1087.8765100264368,-0.6745999311505702,2.354478087037473,1.0754059671643268,2.200489521728143,0.0,0.0674158132798716,,
117.2,4.722401533814036,2.418886478536155,8.895491520673938,0.03371669603423795,-0.0015004140309308712,0.07768137370109834,34.85725532943155,-0.7268774316389175,246.30195166388336,-1090.181890977615,-0.6745999311505702,2.349930216737767,1.0575246229462145,2.2042909886192494,0.0,0.0674158132798716,,
117.30000000000001,4.682907334120482,2.4747395967826615,8.652761706630537,0.04119505564424512,-0.016139443035681312,0.06154893609226498,34.789795336316494,-0.7201358503109303,248.9223549511988,-1092.4651922961668,-0.6745999311505702,2.3453823464380608,1.0396410365303,2.207951524208324,0.0,0.0674158132798716,,
117.4,4.2302650129387445,2.3619455919664722,8.586319076919066,0.007004758349189032,0.0020157354445282825,0.061205180158287506,34.722335343201436,-0.7133942689829431,251.55297580196893,-1094.726378784738,-0.6745999311505702,2.3408344761383546,1.0217562943728,2.21147127195807,0.0,0.0674158132798716,,
117.5,4.3245833867117245,2.3317274126615444,8.7871780689747,0.04505011535893062,-0.001401569715194023,0.06788546850895062,34.65487535008638,-0.7066526876549559,254.19363536715608,-1096.9654166523421,-0.6745999311505702,2.3362866058386484,1.0038714808875155,2.214850383567733,0.0,0.0674158132798716,,
117.60000000000001,4.5902244452202146,2.482013206038063,8.888951907476741,0.040974228982522294,-0.016121388421970792,0.0734981767054964,34.58741535697132,-0.6999111063269687,256.8441548078342,-1099.1822735127619,-0.6745999311505702,2.3317387355389423,0.9859876783842021,2.2180890189520412,0.0,0.0674158132798716,,
117.7,4.342179796854638,2.28101710490994,8.522041207907213,0.03247348313769452,0.010216453747986305,0.06452245407449458,34.51995536385626,-0.6931695249989815,259.50435530599026,-1101.376918382868,-0.6745999311505702,2.327190865239236,0.9681059670071351,2.221187346219692,0.0,0.0674158132798716,,
117.80000000000001,4.281693764399377,2.4814027974787565,8.691620413742383,0.03777614353485342,-0.0029145793135723947,0.05712891630752932,34.452495370741204,-0.6864279436709944,262.1740580753037,-1103.549321680857,-0.6745999311505702,2.32264299493953,0.9502274246738662,2.2241455416513762,0.0,0.0674158132798716,,
117.9,4.600071270892438,2.5472298991178803,8.654762424658529,0.034097165142754016,-0.02027608307033874,0.06781517107486507,34.385035377626146,-0.6796863623430072,264.8530843719025,-1105.6994552244053,-0.6745999311505702,2.318095124639824,0.9323531270141809,2.226963789677361,0.0,0.0674158132798716,,
118.0,4.3347470802238055,2.172113935822148,8.567044748763436,0.0605156235299864,0.002236371512052731,0.06407781747021091,34.31757538451109,-0.67294478101502,267.5412555050962,-1107.827292228745,-0.6745999311505702,2.313547254340117,0.9144841473092544,2.2296422828546096,0.0,0.0674158132798716,267.54408757649077,-1112.6063066231663
118.10000000000001,4.271360833647199,2.3705799455037773,9.003891262254085,0.027865479931099408,-0.006835642701369152,0.04971449264202129,34.25011539139603,-0.6662031996870328,270.23839284808463,-1109.932807304657,-0.6745999311505702,2.308999384040411,0.8966215564310167,2.2321812218434625,0.0,0.0674158132798716,,
118.2,4.420967727683558,2.2017579174950637,8.63211689461942,0.02880624349369173,-0.0016816133923024318,0.028969168663160336,34.18265539828097,-0.6594616183590456,272.944317848642,-1112.015976456383,-0.6745999311505702,2.304451513740705,0.8787664227817205,2.23458081538386,0.0,0.0674158132798716,,
118.30000000000001,4.437410012121903,2.5128605248121207,8.933482383115752,0.02589128378868446,-0.006669709253955646,0.06570088530166929,34.11519540516591,-0.6527200370310584,275.6588520397757,-1114.0767770794582,-0.6745999311505702,2.2999036434409987,0.8609198122337239,2.236841280271129,0.0,0.0674158132798716,,
118.4,4.558370121624002,2.135909917579924,8.556400300137499,0.03057671106704774,-4.743349928222072e-05,0.07939132418017417,34.047735412050855,-0.6459784557030712,278.3818170503591,-1116.1151879584627,-0.6745999311505702,2.2953557731412926,0.8430827880694877,2.2389628413313147,0.0,0.0674158132798716,,
118.5,4.660697240805798,2.3514281129992933,8.649620192734966,0.043839653366303986,-0.02349721141869092,0.056472062377671675,33.9802754189358,-0.639236874375084,281.11303461573794,-1118.1311892646931,-0.6745999311505702,2.2908079028415864,0.825256410921786,2.24094573139608,0.0,0.0674158132798716,,
118.60000000000001,4.459071246113754,2.1566147702599907,8.711964564786223,0.01974536203729231,0.0020705858375143263,0.08178978857937491,33.91281542582074,-0.6324952930470968,283.8523265883097,-1120.1247625537549,-0.6745999311505702,2.2862600325418803,0.8074417387141458,2.242790191277158,0.0,0.0674158132798716,,
118.7,4.3432198487930735,2.3105141262500095,8.82857250842037,0.03418352521150799,0.005982495417363188,0.052443500497509205,33.84535543270568,-0.6257537117191097,286.59951494807524,-1122.0958907630736,-0.6745999311505702,2.281712162242174,0.7896398266015036,2.2444964697403647,0.0,0.0674158132798716,,
118.80000000000001,4.780694432239069,2.3464751669430974,8.649008866615162,0.0501494925608124,-0.01628992689973916,0.07180804480465058,33.77789543959062,-0.6190121303911225,289.3544218131618,-1124.0445582093294,-0.6745999311505702,2.277164291942468,0.7718517269110918,2.2460648234791805,0.0,0.0674158132798716,,
118.9,4.71733154919192,2.0965988554865986,8.707716426984037,0.026560045626192366,-0.010647113955992769,0.05608451624942313,33.710435446475564,-0.6122705490631353,292.11686945031784,-1125.9707505858098,-0.6745999311505702,2.272616421642762,0.7540784890835587,2.24749551708789,0.0,0.0674158132798716,,
119.0,4.665476892989047,2.0584991928141094,8.904060382072354,0.030142210647856667,0.006078891277395929,0.06934758230382072,33.642975453360506,-0.6055289677351481,294.8866802853778,-1127.8744549596859,-0.6745999311505702,2.2680685513430556,0.7363211596143174,2.2487888230342943,0.0,0.0674158132798716,295.04605340073795,-1129.6109269185802
119.10000000000001,4.81448877417774,2.334711740768215,8.804936888764134,0.026459606617673135,-0.0030204448171266053,0.07323490439719803,33.57551546024545,-0.5987873864071609,297.66367691369715,-1129.7556597692083,-0.6745999311505702,2.2635206810433495,0.7185807819951358,2.2499450216319867,0.0,0.0674158132798716,,
119.2,4.639905560139887,2.2078796067092803,8.914011700073932,0.0395259361352063,-0.012152346749832099,0.059386671335354274,33.50805546713039,-0.5920458050791737,300.44768211055685,-1131.6143548208267,-0.6745999311505702,2.2589728107436433,0.7008583966559637,2.2509644010122023,0.0,0.0674158132798716,,
119.30000000000001,4.389201349213808,2.135646454032261,8.581673240471124,0.02980963504205677,-0.010844522503514935,0.0567288297782615,33.44059547401533,-0.5853042237511865,303.23851884153623,-1133.4505312862302,-0.6745999311505702,2.254424940443937,0.6831550409070072,2.2518472570952386,0.0,0.0674158132798716,,
119.4,4.2650683916401615,2.2656526241817327,8.757757886886631,0.02982000357754436,0.005282887419148847,0.05978427345423341,33.373135480900274,-0.5785626424231993,306.0360102728546,-1135.26418169931,-0.6745999311505702,2.249877070144231,0.6654717488810431,2.2525938935614533,0.0,0.0674158132798716,,
119.5,4.434478555287105,1.955641830207844,8.647367416514887,0.03115788784208223,0.028888860798136854,0.054649432250747684,33.305675487785216,-0.5718210610952121,308.8399797816802,-1137.0552999530469,-0.6745999311505702,2.245329199844525,0.6478095514759902,2.2532046218218365,0.0,0.0674158132798716,,
119.60000000000001,4.385009015042249,2.4226004556252314,8.744990832813421,0.04060848425522697,-0.002776611997730319,0.06798535975030293,33.23821549467016,-0.565079479767225,311.6502509664063,-1138.8238812963177,-0.6745999311505702,2.2407813295448187,0.630169476297728,2.253679760988159,0.0,0.0674158132798716,,
119.7,4.260751501394279,2.1469684480511266,8.719890837808675,0.03223040407765414,0.004032560796849435,0.07110992800513376,33.1707555015551,-0.5583378984392378,314.4666476568938,-1140.5699223306299,-0.6745999311505702,2.2362334592451125,0.6125525476031732,2.2540196378427093,0.0,0.0674158132798716,,
119.80000000000001,4.614291502705639,2.1209723042423714,8.984182759301753,0.03880723500868083,0.006381954818917222,0.05033726280870994,33.10329550844004,-0.5515963171112506,317.2889939246799,-1142.2934210067754,-0.6745999311505702,2.231685588945406,0.5949597862436132,2.2542245868076036,0.0,0.0674158132798716,,
119.9,4.1452664616039305,2.2151758718671064,8.812467089424695,0.03345858985794027,0.009643388623048902,0.07203016784629576,33.03583551532498,-0.5448547357832634,320.1171140931518,-1143.9943766214114,-0.6745999311505702,2.2271377186456998,0.5773922096083061,2.2542949499136897,0.0,0.0674158132798716,,
120.0,5.029543447064592,0.1802618213548174,8.374213393845556,0.020092307238306874,-0.0008492039018672091,-0.0022219475113205624,32.968375522209925,-0.5381131544552762,322.9480334935279,-1145.6840609689477,0.0,0.0,0.0,0.0,0.0,0.0,321.2421282967785,-1155.1360523697392
