time,accel_x,accel_y,accel_z,gyro_x,gyro_y,gyro_z,true_speed,true_heading,true_x,true_y,true_accel_x_vehicle,true_accel_y_vehicle,true_accel_x_world,true_accel_y_world,true_accel_z_world,true_yaw_rate,gnss_x,gnss_y
0.0,6.303327670890063,-0.09942978228937477,7.926177785390127,0.014669742112443557,-0.003357088793644228,-0.008605961387548003,0.0,0.0,0.0,0.0,1.5,0.0,1.5,0.0,0.0,0.0,-0.5237600551062764,1.530500627709475
0.1,6.021869192562937,0.1950095443915752,7.88786760801916,-0.0026036462197732593,0.012606944354365384,0.009436217327364068,0.15000000000000002,0.0,0.022500000000000006,0.0,1.5,0.0,1.5,0.0,0.0,0.0,,
0.2,6.273554504693745,0.08471335388836818,7.585461246676387,-0.004736139583845225,-0.00806876333134436,-0.011462460059970387,0.30000000000000004,0.0,0.06000000000000001,0.0,1.5,0.0,1.5,0.0,0.0,0.0,,
0.30000000000000004,6.258112011253184,-0.2078108836658432,7.593374996884198,9.612839875713624e-05,0.00045055602286736795,-0.011568547286229254,0.45000000000000007,0.0,0.11250000000000003,0.0,1.5,0.0,1.5,0.0,0.0,0.0,,
0.4,6.220492487536669,-0.37466441702358527,7.722739254164396,0.018289085789413035,0.010786841998902688,-0.0074975079207445705,0.6000000000000001,0.0,0.18000000000000005,0.0,1.5,0.0,1.5,0.0,0.0,0.0,,
0.5,6.197499848109786,-0.00442602825495177,7.603971531498191,0.005804748933903702,0.007643880608710701,-0.00403374384565638,0.7500000000000001,0.0,0.26250000000000007,0.0,1.5,0.0,1.5,0.0,0.0,0.0,,
0.6000000000000001,6.414433074278651,-0.09020712327994303,7.495563942174147,-0.007385058618676751,0.0034672857662227455,-0.005656461009876127,0.9000000000000001,0.0,0.3600000000000001,0.0,1.5,0.0,1.5,0.0,0.0,0.0,,
0.7000000000000001,6.52313943703216,-0.22921082983562754,7.706862494624475,-0.006983788097220111,-0.0038986464268722307,-0.012311120004971223,1.0500000000000003,0.0,0.47250000000000014,0.0,1.5,0.0,1.5,0.0,0.0,0.0,,
0.8,6.290488348868939,0.2567078468369593,7.9506512984850675,-0.0045525592949687815,-0.004654493722975551,0.0016679889921414849,1.2000000000000002,0.0,0.6000000000000001,0.0,1.5,0.0,1.5,0.0,0.0,0.0,,
0.9,6.06751080013346,0.10063784287314327,7.589142594187537,0.020500057763794703,-0.0016689151161787261,-0.012255846157396721,1.35,0.0,0.7425,0.0,1.5,0.0,1.5,0.0,0.0,0.0,,
1.0,6.2697448887945795,-0.052271272215040104,7.618425531160493,-0.016488295120451652,0.00040966157822744115,0.016013611144078756,1.5,0.0,0.9,0.0,1.5,0.0,1.5,0.0,0.0,0.0,-0.394972564655539,-0.8006674789981189
1.1,6.139087304826409,0.25478623980224724,7.604946039584464,0.013470314681594625,0.0026922712568192347,0.011666344310678922,1.65,0.0,1.0725,0.0,1.5,0.0,1.5,0.0,0.0,0.0,,
1.2000000000000002,6.285846078088611,0.04355699594188732,7.612951706366136,-0.011776838048256312,0.012921582450965178,-0.000955505740315752,1.7999999999999998,0.0,1.26,0.0,1.5,0.0,1.5,0.0,0.0,0.0,,
1.3,6.338494777585418,-0.04506124306432718,7.827002924628009,-0.012590132327406718,0.005640921369778672,0.005258592600243718,1.9499999999999997,0.0,1.4625000000000001,0.0,1.5,0.0,1.5,0.0,0.0,0.0,,
1.4000000000000001,6.24915101657168,0.16723246724519097,7.852360398421111,-0.005520789470394157,0.01306678112005178,-0.002301160526523409,2.0999999999999996,0.0,1.6800000000000002,0.0,1.5,0.0,1.5,0.0,0.0,0.0,,
1.5,6.25114446120842,0.12306496720206113,7.889733102691244,-0.016687492345024726,0.008939051682143984,0.009514228064414274,2.2499999999999996,0.0,1.9125000000000003,0.0,1.5,0.0,1.5,0.0,0.0,0.0,,
1.6,6.423973995577592,-0.02980771638984756,7.614289734076842,-0.01777753426390308,6.202518356073514e-05,-0.002236630773067784,2.3999999999999995,0.0,2.16,0.0,1.5,0.0,1.5,0.0,0.0,0.0,,
1.7000000000000002,6.231851945413,-0.1416853760539691,7.781539351841311,-0.0016850627037876382,0.010160014004326682,0.005761836493813741,2.5499999999999994,0.0,2.4225,0.0,1.5,0.0,1.5,0.0,0.0,0.0,,
1.8,6.208557367688169,0.08330348333087972,7.732272336497718,-0.0016823614751435366,0.0007037348247404511,0.005913120220637231,2.6999999999999993,0.0,2.6999999999999997,0.0,1.5,0.0,1.5,0.0,0.0,0.0,,
1.9000000000000001,6.131494074216128,0.037524389457178134,8.006038501495109,0.01372312680474498,-0.005212533189745579,-0.0057318844521141695,2.849999999999999,0.0,2.9924999999999993,0.0,1.5,0.0,1.5,0.0,0.0,0.0,,
2.0,6.267055651839886,-0.008221024206773706,7.831888489728797,-0.0012110711610049758,-0.010525944674876258,0.01969798545637286,2.999999999999999,0.0,3.299999999999999,0.0,1.5,0.0,1.5,0.0,0.0,0.0,2.0029715228499914,-0.19135154330195125
2.1,6.371105308256028,-0.3176254924965065,7.654219842268479,-0.004755706020380927,-0.0024628988535566327,-0.008325167839649913,3.149999999999999,0.0,3.6224999999999987,0.0,1.5,0.0,1.5,0.0,0.0,0.0,,
2.2,6.18537635764889,-0.32780540782519474,7.798578798067298,-0.0020335233195356668,-0.0035489236860727497,-0.0037008746912025143,3.299999999999999,0.0,3.9599999999999986,0.0,1.5,0.0,1.5,0.0,0.0,0.0,,
2.3000000000000003,6.193702167675209,-0.21212298356312634,7.787199191041769,-0.002216208724470067,0.007064911883797316,0.0049170199301281576,3.449999999999999,0.0,4.312499999999999,0.0,1.5,0.0,1.5,0.0,0.0,0.0,,
2.4000000000000004,6.216251944602322,-0.021000730269712806,7.541970019261445,-0.005794314583471093,0.008010692977368125,0.019062367007656227,3.5999999999999988,0.0,4.68,0.0,1.5,0.0,1.5,0.0,0.0,0.0,,
2.5,6.151411653590498,0.20816628825004072,7.6487791528218105,0.00132080701236599,0.003966113747673863,0.023449442808360157,3.7499999999999987,0.0,5.0625,0.0,1.5,0.0,1.5,0.0,0.0,0.0,,
2.6,6.263602788145643,-0.20911722212772868,7.873012253322807,0.018883225410455666,-0.010418365769984773,0.006650660480686393,3.8999999999999986,0.0,5.46,0.0,1.5,0.0,1.5,0.0,0.0,0.0,,
2.7,6.381644368494363,0.26520718447726194,7.678034806652363,-0.0181725465906859,-0.005951604748163043,-0.0016543030231469646,4.049999999999999,0.0,5.8725000000000005,0.0,1.5,0.0,1.5,0.0,0.0,0.0,,
2.8000000000000003,6.359147507941899,-0.14695588796505832,7.8825706536893785,0.006429741244544075,0.0070460452902844665,-0.0017643682678610854,4.199999999999999,0.0,6.300000000000001,0.0,1.5,0.0,1.5,0.0,0.0,0.0,,
2.9000000000000004,6.445768714636971,0.168557172124171,7.888383928399744,0.018381213075443287,0.025431069812711857,-0.002346342074225475,4.35,0.0,6.742500000000001,0.0,1.5,0.0,1.5,0.0,0.0,0.0,,
3.0,6.291065602730676,-0.052688922758003354,7.4373175946553465,-0.0011588193699452192,-0.009878284284160696,0.006996046499605127,4.5,0.0,7.200000000000001,0.0,1.5,0.0,1.5,0.0,0.0,0.0,14.16532033938537,-5.660443040137883
3.1,6.253454750711623,-0.15395796317305246,8.005499215725141,-0.005934709560691178,-0.0013058986380997909,0.012438237031867059,4.65,0.0,7.672500000000001,0.0,1.5,0.0,1.5,0.0,0.0,0.0,,
3.2,6.350801843059659,-0.1545093831518618,7.500761960677223,-0.010980600120750921,0.009501140574749349,0.015672088242306346,4.800000000000001,0.0,8.160000000000002,0.0,1.5,0.0,1.5,0.0,0.0,0.0,,
3.3000000000000003,6.175469936242112,-0.009476613734328503,7.696917957336455,-0.004848276602833199,0.005805236452058651,0.0028777858918954875,4.950000000000001,0.0,8.662500000000001,0.0,1.5,0.0,1.5,0.0,0.0,0.0,,
3.4000000000000004,6.358791060779714,0.15417951788477596,7.693993331067669,-0.0013442265381841843,-0.004537023105859996,0.0026905894414284326,5.100000000000001,0.0,9.180000000000001,0.0,1.5,0.0,1.5,0.0,0.0,0.0,,
3.5,6.290514193275165,-0.10135717084040363,7.724856154572719,-0.009905746599066848,-0.0017142016914860933,-0.003638442128911225,5.250000000000002,0.0,9.712500000000002,0.0,1.5,0.0,1.5,0.0,0.0,0.0,,
3.6,6.21156109973529,0.11505163027315812,7.437606000467472,-0.010413924431485729,0.006849420595286663,0.007734781447963691,5.400000000000002,0.0,10.260000000000003,0.0,1.5,0.0,1.5,0.0,0.0,0.0,,
3.7,6.183482945073858,0.07873693015737059,7.644665265188185,-0.023422493466001223,-0.00892961502674685,0.012159523391856462,5.5500000000000025,0.0,10.822500000000003,0.0,1.5,0.0,1.5,0.0,0.0,0.0,,
3.8000000000000003,6.381324331789559,0.05421805433568276,7.6586964666154165,0.006667385997239955,0.007070523409249989,-0.002325515276402016,5.700000000000003,0.0,11.400000000000004,0.0,1.5,0.0,1.5,0.0,0.0,0.0,,
3.9000000000000004,6.367747427365056,0.17114642239878047,7.999725098987796,0.002717074425500881,0.0028758617120377018,0.004916207295414263,5.850000000000003,0.0,11.992500000000005,0.0,1.5,0.0,1.5,0.0,0.0,0.0,,
4.0,6.407593537490273,0.15095450111516787,7.760178591539155,0.0116894375044216,0.007715153772873441,0.003919180395290617,6.0000000000000036,0.0,12.600000000000005,0.0,1.5,0.0,1.5,0.0,0.0,0.0,12.603156927497498,-0.24562363218096153
4.1000000000000005,6.3494442592458675,-9.958301554548188e-05,7.2873515837179035,0.008905204048172395,0.008051978535632007,-0.004772647272268446,6.150000000000004,0.0,13.222500000000005,0.0,1.5,0.0,1.5,0.0,0.0,0.0,,
4.2,6.216207189218943,-0.08641196528424314,7.889855620664008,0.0023964409814298242,0.006341092925156657,-0.0054258963381507265,6.300000000000004,0.0,13.860000000000007,0.0,1.5,0.0,1.5,0.0,0.0,0.0,,
4.3,6.230402166695281,0.2223406429469268,7.3648164787055554,-0.004693159493749991,0.008275102955353855,-0.011088023258970518,6.450000000000005,0.0,14.512500000000006,0.0,1.5,0.0,1.5,0.0,0.0,0.0,,
4.4,6.250828927537406,0.30971197212448803,7.612843214357762,-0.006901974323091817,0.0013523551301364112,0.007864612545820214,6.600000000000005,0.0,15.180000000000007,0.0,1.5,0.0,1.5,0.0,0.0,0.0,,
4.5,6.399042624981395,-0.11009721095317236,7.8157201403371666,-0.0005898154406763086,-0.012309581480348776,0.02176513555957019,6.750000000000005,0.0,15.862500000000008,0.0,1.5,0.0,1.5,0.0,0.0,0.0,,
4.6000000000000005,6.4854754430197765,-0.28100509478165314,7.518441821474924,0.0066891711397436635,-0.005114823794456389,0.0011834315637185761,6.900000000000006,0.0,16.56000000000001,0.0,1.5,0.0,1.5,0.0,0.0,0.0,,
4.7,6.13614442914392,0.18756965830851155,7.739588779674124,-0.014380658995586023,-0.017801267303346826,0.008848229755846142,7.050000000000006,0.0,17.27250000000001,0.0,1.5,0.0,1.5,0.0,0.0,0.0,,
4.800000000000001,6.324286158094628,0.06432245288762561,7.779474685372417,0.01990385610952791,0.011096053258605089,0.01960692857200937,7.200000000000006,0.0,18.000000000000014,0.0,1.5,0.0,1.5,0.0,0.0,0.0,,
4.9,6.358148353767173,-0.1333212921710639,7.539662107962096,-0.010632013509887898,-0.006128576302354606,-0.0017100002158380867,7.350000000000007,0.0,18.742500000000014,0.0,1.5,0.0,1.5,0.0,0.0,0.0,,
5.0,6.231773316117103,-0.018232429985768395,7.500622493684119,-0.005217936692700909,-0.0026020174630693223,-0.00523019868366243,7.500000000000007,0.0,19.500000000000014,0.0,1.5,0.0,1.5,0.0,0.0,0.0,16.79254143841888,7.690993845870669
5.1000000000000005,6.229919677670607,-0.02480336343129964,7.805786212996158,-0.001698870266339183,0.010933481518409479,0.007093466576421969,7.6500000000000075,0.0,20.272500000000015,0.0,1.5,0.0,1.5,0.0,0.0,0.0,,
5.2,6.425123614534534,-0.24121442725175693,7.548487457767247,0.0065910005359881806,0.00641367401370954,0.014869745089796462,7.800000000000008,0.0,21.060000000000016,0.0,1.5,0.0,1.5,0.0,0.0,0.0,,
5.300000000000001,6.323642135047179,-0.1542720324307796,7.747765183608614,0.012811208398309635,0.009016695822073057,0.006321876578546795,7.950000000000008,0.0,21.86250000000002,0.0,1.5,0.0,1.5,0.0,0.0,0.0,,
5.4,6.0526296032051405,0.13029194795320245,7.842456425880811,-0.009616749587501937,-0.008595576861417289,0.017843536377705766,8.100000000000009,0.0,22.68000000000002,0.0,1.5,0.0,1.5,0.0,0.0,0.0,,
5.5,6.3421667538302104,0.06463789626794895,7.855527415864684,-0.016868188689610788,-0.005415092846849042,0.008208435485915388,8.250000000000009,0.0,23.51250000000002,0.0,1.5,0.0,1.5,0.0,0.0,0.0,,
5.6000000000000005,6.492516064574681,0.025480879037987132,7.86320129511658,-0.0046112757557741765,-0.011573805548244791,0.00551202413765667,8.40000000000001,0.0,24.36000000000002,0.0,1.5,0.0,1.5,0.0,0.0,0.0,,
5.7,6.354715120635661,0.026005886871708045,7.74274795230487,0.00032790309532319687,-0.0011822246210425088,0.004306633047201949,8.55000000000001,0.0,25.22250000000002,0.0,1.5,0.0,1.5,0.0,0.0,0.0,,
5.800000000000001,6.1708443474125545,0.18116834266131027,7.878635332906262,-0.017308167065616338,0.01358886790571144,-0.015166675330876882,8.70000000000001,0.0,26.100000000000023,0.0,1.5,0.0,1.5,0.0,0.0,0.0,,
5.9,6.110997667280898,-0.09982726263123383,7.926176840234249,-0.005990210394331268,-0.009326285525342372,-0.016162488724302534,8.85000000000001,0.0,26.992500000000025,0.0,1.5,0.0,1.5,0.0,0.0,0.0,,
6.0,6.506354875227293,-0.05062732065565834,7.812872325873796,-0.013584938481419385,-0.004824465435799251,-0.00047850447231229803,9.00000000000001,0.0,27.900000000000027,0.0,1.5,0.0,1.5,0.0,0.0,0.0,33.02936031389333,-5.995675761350871
6.1000000000000005,6.121595292345986,-0.017268225796730468,7.661005685670309,-0.009610151147852698,-0.0069069527788394435,0.014109900303496403,9.150000000000011,0.0,28.82250000000003,0.0,1.5,0.0,1.5,0.0,0.0,0.0,,
6.2,6.334396802099354,-0.06917451971259858,7.712210550382888,0.00501736473265466,-0.0010611394668421517,0.012632767105129204,9.300000000000011,0.0,29.76000000000003,0.0,1.5,0.0,1.5,0.0,0.0,0.0,,
6.300000000000001,6.240588807515374,0.14477791001029536,7.760891295757774,0.011156862288153194,0.0011559490281714444,0.0025655389228236014,9.450000000000012,0.0,30.71250000000003,0.0,1.5,0.0,1.5,0.0,0.0,0.0,,
6.4,6.253077171684315,0.12352738319297092,7.776530234524264,0.008909542296409313,-0.009845066360687903,0.023405808865680746,9.600000000000012,0.0,31.68000000000003,0.0,1.5,0.0,1.5,0.0,0.0,0.0,,
6.5,6.1633132071426475,-0.18618255235178321,7.792186410160839,-0.001565350924612614,-0.0016173744310267804,-0.00782049292306471,9.750000000000012,0.0,32.66250000000003,0.0,1.5,0.0,1.5,0.0,0.0,0.0,,
6.6000000000000005,6.230805435233175,0.25636302805982253,7.877872822726607,0.023603971392777978,0.00451358017972267,-0.004269590199777043,9.900000000000013,0.0,33.66000000000003,0.0,1.5,0.0,1.5,0.0,0.0,0.0,,
6.7,6.19009308132587,-0.047928378025693,7.957484843809321,-0.013711092668856496,0.0011872748418299325,-0.010288489191502416,10.050000000000013,0.0,34.672500000000035,0.0,1.5,0.0,1.5,0.0,0.0,0.0,,
6.800000000000001,6.242101235003684,-0.009287543202582512,7.494386136691135,-0.0023837734583609786,-0.002624197878144204,0.014259661630959163,10.200000000000014,0.0,35.70000000000004,0.0,1.5,0.0,1.5,0.0,0.0,0.0,,
6.9,6.14466414016476,0.23190140382994273,7.97463149418667,0.01640271024225662,-0.006095959314157827,-0.011542467462034214,10.350000000000014,0.0,36.74250000000004,0.0,1.5,0.0,1.5,0.0,0.0,0.0,,
7.0,6.41355500251703,-0.04344642842231071,7.799066153212805,0.02321653942410447,0.015285125303591432,0.011819134717138868,10.500000000000014,0.0,37.80000000000005,0.0,1.5,0.0,1.5,0.0,0.0,0.0,26.335361235731824,-0.623390754507421
7.1000000000000005,6.1738147443994595,0.3408114718754224,7.876970293517779,0.003548777139942508,0.00247683156112199,0.008009675070139102,10.650000000000015,0.0,38.87250000000005,0.0,1.5,0.0,1.5,0.0,0.0,0.0,,
7.2,6.229593473885763,0.10721114456024662,7.743945099775698,0.009906970056227657,-0.013778213200544804,0.008151099577533703,10.800000000000015,0.0,39.96000000000005,0.0,1.5,0.0,1.5,0.0,0.0,0.0,,
7.300000000000001,6.327728934696006,0.04545652348310866,7.554261984189492,-0.00878571479652967,-0.0033083187117450247,0.00017228157899796485,10.950000000000015,0.0,41.06250000000005,0.0,1.5,0.0,1.5,0.0,0.0,0.0,,
7.4,6.41165192123186,-0.20196640133778193,7.6306198904263995,-0.0009849162296213386,-0.009355615852655257,0.01933844531625915,11.100000000000016,0.0,42.18000000000005,0.0,1.5,0.0,1.5,0.0,0.0,0.0,,
7.5,6.265876777236059,0.22936624587989174,7.787165522507238,-0.0010883435103288023,-0.0033687935753824103,0.01742757443399996,11.250000000000016,0.0,43.31250000000005,0.0,1.5,0.0,1.5,0.0,0.0,0.0,,
7.6000000000000005,6.13695461585606,-0.079940420980338,7.808091418803622,0.0014098626211106133,-0.008539235468105756,-0.004496282180675927,11.400000000000016,0.0,44.46000000000005,0.0,1.5,0.0,1.5,0.0,0.0,0.0,,
7.7,6.380582033156396,0.010363684682988539,7.56821090536421,0.0013056672534988852,0.006355295420018308,0.0018698041351870348,11.550000000000017,0.0,45.62250000000005,0.0,1.5,0.0,1.5,0.0,0.0,0.0,,
7.800000000000001,6.396267921030058,0.13053837386090153,7.441015316026165,-0.0004522893286891166,-0.0071891145318219675,0.003867419448497912,11.700000000000017,0.0,46.800000000000054,0.0,1.5,0.0,1.5,0.0,0.0,0.0,,
7.9,6.403756818314577,-0.0025374606069164703,8.038356477451536,-0.0019216904351788688,-0.004762666326299378,0.008042129708590478,11.850000000000017,0.0,47.99250000000006,0.0,1.5,0.0,1.5,0.0,0.0,0.0,,
8.0,6.040278401379915,-0.03494565306636396,7.806037091992302,-0.0005007729719369958,0.0003605097593701161,-0.0006454854570749824,12.000000000000018,0.0,49.20000000000006,0.0,1.5,0.0,1.5,0.0,0.0,0.0,44.78371467028467,4.3930038224047525
8.1,6.458844180524798,0.01688369919216893,7.804164997836355,0.00023518340387440668,-0.0015930756282200506,-0.0029094860971805346,12.150000000000018,0.0,50.42250000000006,0.0,1.5,0.0,1.5,0.0,0.0,0.0,,
8.200000000000001,6.266154126145396,-0.112324080478538,7.83974679191579,0.012665617353258813,0.0035333936717710478,-0.005191524468361189,12.300000000000018,0.0,51.66000000000007,0.0,1.5,0.0,1.5,0.0,0.0,0.0,,
8.3,6.449323180872015,0.15486475721088325,7.791058599597963,-0.0034177324036321955,0.006694469725352456,-0.009233620571992632,12.450000000000019,0.0,52.91250000000007,0.0,1.5,0.0,1.5,0.0,0.0,0.0,,
8.4,6.2712179962846015,0.1309016201554711,7.613101175099777,0.0030706323317542666,0.0033485979184059577,0.007900546550372105,12.60000000000002,0.0,54.18000000000008,0.0,1.5,0.0,1.5,0.0,0.0,0.0,,
8.5,6.418141165714553,0.03733979101909259,7.671005600294245,-0.011668752147879583,-0.002799973182965095,0.015607102310443696,12.75000000000002,0.0,55.462500000000084,0.0,1.5,0.0,1.5,0.0,0.0,0.0,,
8.6,6.329684760135389,-0.0294580681266392,7.713038248011155,-0.02337702838684177,0.010710906499714332,0.006979337165818221,12.90000000000002,0.0,56.76000000000008,0.0,1.5,0.0,1.5,0.0,0.0,0.0,,
8.700000000000001,6.394157039621392,-0.1135663496483001,7.85164745133398,-0.005996361883899292,0.003060501989991144,0.004596727531538597,13.05000000000002,0.0,58.07250000000008,0.0,1.5,0.0,1.5,0.0,0.0,0.0,,
8.8,6.4104393497245304,0.030046093047730517,7.481181900666976,-0.00404407782391434,0.013831402628297107,0.006551403862431552,13.20000000000002,0.0,59.400000000000084,0.0,1.5,0.0,1.5,0.0,0.0,0.0,,
8.9,6.420024611021494,-0.014739142218433188,7.760439057953195,0.000496929549761976,0.01900116965588749,0.007368514221103909,13.350000000000021,0.0,60.742500000000085,0.0,1.5,0.0,1.5,0.0,0.0,0.0,,
9.0,6.365995499967348,-0.054989188649504195,7.884390421891605,0.019212666947540466,0.01537079410630911,0.013673235259130414,13.500000000000021,0.0,62.10000000000009,0.0,1.5,0.0,1.5,0.0,0.0,0.0,60.71964625789442,0.27919060381152977
9.1,6.1335159979576055,0.009610528266752107,7.590296159937915,-0.00010019189168160247,0.0012032915939433246,-0.0001803565275611263,13.650000000000022,0.0,63.47250000000009,0.0,1.5,0.0,1.5,0.0,0.0,0.0,,
9.200000000000001,6.147857865043905,-0.1282278756280316,7.893801669469386,0.0004630555597381347,-0.003641404751639979,-0.0068655775478964785,13.800000000000022,0.0,64.86000000000008,0.0,1.5,0.0,1.5,0.0,0.0,0.0,,
9.3,6.244039175525477,-0.09389487606282465,7.923760484804413,0.006343616246140781,0.012995833484649394,0.01076281573400115,13.950000000000022,0.0,66.26250000000007,0.0,1.5,0.0,1.5,0.0,0.0,0.0,,
9.4,6.006034648713858,0.06766240430867877,7.850619567674751,0.011858396911331502,0.0003288181866569439,-0.006200464001782224,14.100000000000023,0.0,67.68000000000006,0.0,1.5,0.0,1.5,0.0,0.0,0.0,,
9.5,6.278894741922203,-0.03489104612185427,7.705827436114085,0.0004491064864152824,-0.009535813360853322,0.0065594292438122155,14.250000000000023,0.0,69.11250000000005,0.0,1.5,0.0,1.5,0.0,0.0,0.0,,
9.600000000000001,6.332850497825791,0.02804796427103865,7.708452046393095,-0.0016554671175183695,-0.002692532301496331,0.018052237759998493,14.400000000000023,0.0,70.56000000000004,0.0,1.5,0.0,1.5,0.0,0.0,0.0,,
9.700000000000001,6.1559261324333026,-0.04181606332248637,7.8742808702248706,-0.004115448159118109,-0.011832786766986405,-0.006677636039829771,14.550000000000024,0.0,72.02250000000004,0.0,1.5,0.0,1.5,0.0,0.0,0.0,,
9.8,6.411529336594853,-0.12796838660474588,7.98519966528714,0.001379225726788066,0.0028008437098196665,0.0020322282367376066,14.700000000000024,0.0,73.50000000000003,0.0,1.5,0.0,1.5,0.0,0.0,0.0,,
9.9,5.905643889407728,0.029124333446040502,7.665809527393922,0.004744693060986208,0.025291166202940658,0.00986380506516046,14.850000000000025,0.0,74.99250000000002,0.0,1.5,0.0,1.5,0.0,0.0,0.0,,
10.0,6.301256911965475,0.3165106894123308,7.639180188746252,0.009510072046069637,0.0024931973091383477,0.004784487699583026,15.000000000000025,0.0,76.50000000000001,0.0,1.5,0.0,1.5,0.0,0.0,0.0,87.13759550060949,-2.7790951958390173
10.100000000000001,5.8303449324523555,-0.008701423873742072,7.67834051809885,0.00537082209179184,-0.006803819714579522,0.013655302147224907,15.150000000000025,0.0,78.02250000000001,0.0,1.5,0.0,1.5,0.0,0.0,0.0,,
10.200000000000001,6.395961889288387,-0.0033175099253312905,7.833645188895827,-0.0034287441156835717,0.007557361402082066,0.0013682252701877396,15.300000000000026,0.0,79.56,0.0,1.5,0.0,1.5,0.0,0.0,0.0,,
10.3,6.372585328719929,-0.061407987086509574,7.697839000337599,-0.01622971510182502,-0.005087461074175626,0.0037704531434110157,15.450000000000026,0.0,81.1125,0.0,1.5,0.0,1.5,0.0,0.0,0.0,,
10.4,6.186752218523484,0.19353660490195745,7.3567984379847555,0.0003064433820955522,-0.010222283121118718,0.0114013752484654,15.600000000000026,0.0,82.67999999999999,0.0,1.5,0.0,1.5,0.0,0.0,0.0,,
10.5,6.09070660698602,-0.24730587041337496,7.673813850241118,-0.000978149432213581,0.011336655450970089,0.0017840429548337446,15.750000000000027,0.0,84.26249999999999,0.0,1.5,0.0,1.5,0.0,0.0,0.0,,
10.600000000000001,6.353429663544731,-0.08168975278813058,7.697541564571311,-0.015049722613346445,0.0035848091641915614,-0.0010185355927638156,15.900000000000027,0.0,85.85999999999999,0.0,1.5,0.0,1.5,0.0,0.0,0.0,,
10.700000000000001,6.406589533230309,0.26962883844232566,7.468906301577406,0.006405908200839334,-0.0010133194838291189,-0.0038973705873237745,16.050000000000026,0.0,87.47249999999998,0.0,1.5,0.0,1.5,0.0,0.0,0.0,,
10.8,6.195482817271792,-0.15698170369032735,7.922701349047538,-0.009755369179860297,-0.0065589644088752995,-0.013695820290082494,16.200000000000024,0.0,89.09999999999998,0.0,1.5,0.0,1.5,0.0,0.0,0.0,,
10.9,6.479548237719931,0.05987927153161181,7.72924612374896,-0.007233672003190324,0.009955101210611286,-0.011618454868247294,16.350000000000023,0.0,90.74249999999998,0.0,1.5,0.0,1.5,0.0,0.0,0.0,,
11.0,6.129347994633163,0.16579309871759002,7.622674879693324,-0.003344797487723294,-0.0014053215604806282,0.01703120297422199,16.50000000000002,0.0,92.39999999999998,0.0,1.5,0.0,1.5,0.0,0.0,0.0,97.52409845530876,7.619793702027696
11.100000000000001,6.006781308238802,0.19875803541397585,7.7840578158763485,0.02330727511905693,-0.0029992068648235677,0.007986598840906283,16.65000000000002,0.0,94.07249999999998,0.0,1.5,0.0,1.5,0.0,0.0,0.0,,
11.200000000000001,6.124201460019113,0.08272501591813444,7.84479889113726,0.006956585375436333,-0.002235936618057958,0.010580246600197055,16.80000000000002,0.0,95.75999999999998,0.0,1.5,0.0,1.5,0.0,0.0,0.0,,
11.3,6.3080004839229655,0.028892612126826818,7.608878413129199,0.0009095899046024022,-0.013778671186931407,0.011938904665316556,16.950000000000017,0.0,97.46249999999998,0.0,1.5,0.0,1.5,0.0,0.0,0.0,,
11.4,6.092370152847758,0.10896965408327355,7.6808052660087345,0.004523697532921252,0.0027098702569532535,-0.0023937820863146157,17.100000000000016,0.0,99.17999999999998,0.0,1.5,0.0,1.5,0.0,0.0,0.0,,
11.5,6.287672505000945,-0.019518107489785868,7.837330231402495,-0.005393255799551461,0.0038350930881993006,0.02169498706337557,17.250000000000014,0.0,100.91249999999997,0.0,1.5,0.0,1.5,0.0,0.0,0.0,,
11.600000000000001,6.224483922088699,-0.002349903156744982,7.55820816085639,-0.0011359183541191282,0.010988831787468274,-0.0005010604885237876,17.400000000000013,0.0,102.65999999999995,0.0,1.5,0.0,1.5,0.0,0.0,0.0,,
11.700000000000001,6.089946099000983,0.06930584817944281,7.667127140641941,0.0019256881012216143,-0.00835833796861418,0.013879439426626446,17.55000000000001,0.0,104.42249999999994,0.0,1.5,0.0,1.5,0.0,0.0,0.0,,
11.8,6.57896101623704,0.6039904494902563,7.799113377616541,0.0034107650660625626,0.013007756807654425,-0.007029046892468361,17.70000000000001,0.0,106.19999999999993,0.0,1.5,0.0,1.5,0.0,0.0,0.0,,
11.9,6.310701443072856,-0.10561454003831271,8.022018719931628,-0.0027280614255992116,0.011957696066971241,0.01451810772211851,17.85000000000001,0.0,107.99249999999992,0.0,1.5,0.0,1.5,0.0,0.0,0.0,,
12.0,5.870744618221376,0.1786189099301976,7.680321455888317,0.011935982614852186,-0.005342846078502977,0.019235650894422276,18.000000000000007,0.0,109.79999999999991,0.0,1.5,0.0,1.5,0.0,0.0,0.0,107.68780354459724,0.4464911436661803
12.100000000000001,5.987949993242859,0.09916094309650741,7.617651074921691,0.008762575416270707,-0.005443927752718929,0.01599841005851657,18.150000000000006,0.0,111.6224999999999,0.0,1.5,0.0,1.5,0.0,0.0,0.0,,
12.200000000000001,6.386462649477373,0.22671403314654168,7.820922161590337,0.018411291833927628,0.010829543230961273,0.00401678046387424,18.300000000000004,0.0,113.4599999999999,0.0,1.5,0.0,1.5,0.0,0.0,0.0,,
12.3,5.937141346766538,-0.08971560269505996,7.721999599142969,-0.00891976858081774,-0.007792976463176785,0.023431603948012168,18.450000000000003,0.0,115.31249999999989,0.0,1.5,0.0,1.5,0.0,0.0,0.0,,
12.4,6.506179902213118,0.11019240762303015,7.887144916181221,0.001989056737513476,-0.020876566618019305,0.0029514442937683895,18.6,0.0,117.17999999999988,0.0,1.5,0.0,1.5,0.0,0.0,0.0,,
12.5,6.145059193639553,0.12536785863415978,7.751177532964971,-0.001185835875966203,0.005016677942860374,0.0014307505854765945,18.75,0.0,119.06249999999987,0.0,1.5,0.0,1.5,0.0,0.0,0.0,,
12.600000000000001,6.318554079939742,-0.135375649984936,7.617515231404878,0.012381527891632079,-0.0015963779023747246,0.00584464828065456,18.9,0.0,120.95999999999987,0.0,1.5,0.0,1.5,0.0,0.0,0.0,,
12.700000000000001,6.155229072196964,-0.09915656837054342,7.717070027008018,0.019229015922862813,0.0037534080998665627,0.026349419964581157,19.049999999999997,0.0,122.87249999999986,0.0,1.5,0.0,1.5,0.0,0.0,0.0,,
12.8,6.252036663016091,0.08305691918569336,7.933114693023888,0.001021839052663844,0.005775677695672729,0.009936129835676403,19.199999999999996,0.0,124.79999999999986,0.0,1.5,0.0,1.5,0.0,0.0,0.0,,
12.9,6.146891666531765,-0.06656551237452032,7.676052115734293,-0.0027251910859915694,-0.005210784864005856,-0.0010900273071314812,19.349999999999994,0.0,126.74249999999985,0.0,1.5,0.0,1.5,0.0,0.0,0.0,,
13.0,6.65753003064479,-0.11066926266383852,7.785194329651318,0.018276407389529556,-0.0053188692172974105,0.012182460767550165,19.499999999999993,0.0,128.69999999999985,0.0,1.5,0.0,1.5,0.0,0.0,0.0,133.33849907138298,-4.405460488248588
13.100000000000001,6.184417147740903,0.0029202793345568592,7.857741018368264,0.006366134156608024,0.015578191530173223,0.008644950217614848,19.64999999999999,0.0,130.67249999999984,0.0,1.5,0.0,1.5,0.0,0.0,0.0,,
13.200000000000001,6.277560613544138,0.09086094602286131,7.507921372902903,0.0068038226420398555,-0.006019238203560539,-0.008602204456071391,19.79999999999999,0.0,132.65999999999983,0.0,1.5,0.0,1.5,0.0,0.0,0.0,,
13.3,6.038912236097765,0.10856601748679844,7.5799368658818915,0.0008902173162671206,0.01165729575479753,0.024675483663419057,19.94999999999999,0.0,134.66249999999982,0.0,1.5,0.0,1.5,0.0,0.0,0.0,,
13.4,6.177451484223494,0.12349648647005498,8.005338986195683,-0.0010547670870465463,0.01755119236937193,0.011378077752285564,20.099999999999987,0.0,136.6799999999998,0.0,1.5,0.0,1.5,0.0,0.0,0.0,,
13.5,6.158188557300398,0.1345489613367385,7.613757556427565,-0.006874885589319602,0.02636891425746847,0.005185563072293357,20.249999999999986,0.0,138.7124999999998,0.0,1.5,0.0,1.5,0.0,0.0,0.0,,
13.600000000000001,6.023447880552763,-0.23274218807484218,7.882506552947272,-0.0006222938146625117,0.002700677843897105,0.010869233820259769,20.399999999999984,0.0,140.7599999999998,0.0,1.5,0.0,1.5,0.0,0.0,0.0,,
13.700000000000001,6.285691256886477,-0.045236819981956014,7.8428228456342985,-0.014622508686450318,0.006508844998917032,-0.004499160943502071,20.549999999999983,0.0,142.8224999999998,0.0,1.5,0.0,1.5,0.0,0.0,0.0,,
13.8,6.32500610193634,-0.3542941235893306,7.7114424525544765,0.008969121041751366,0.014297464441273607,0.0036358145935175804,20.69999999999998,0.0,144.89999999999978,0.0,1.5,0.0,1.5,0.0,0.0,0.0,,
13.9,6.384304788980515,0.09124439192283615,7.8341477384205955,0.0033100896745741973,-3.46385177435471e-05,0.0012810102449678919,20.84999999999998,0.0,146.99249999999978,0.0,1.5,0.0,1.5,0.0,0.0,0.0,,
14.0,6.272688757704957,-0.16057925469689782,7.56106686878334,-0.021468515970030667,0.004001868989267486,0.02166022376163666,20.99999999999998,0.0,149.09999999999977,0.0,1.5,0.0,1.5,0.0,0.0,0.0,145.84659104244383,3.8310413538765142
14.100000000000001,6.3630590714711825,-0.06094005468213004,7.552834120660895,0.0014002781514248172,-0.020919602890753404,0.01101021103334801,21.149999999999977,0.0,151.22249999999977,0.0,1.5,0.0,1.5,0.0,0.0,0.0,,
14.200000000000001,6.284484858647915,-0.03678377850683247,7.966640503635995,0.0017766726133383464,-0.002649005765773014,0.0037395755203374842,21.299999999999976,0.0,153.35999999999976,0.0,1.5,0.0,1.5,0.0,0.0,0.0,,
14.3,6.072295093826955,0.0977079536671602,7.563919826080204,0.009442234941660776,0.012451872171515044,0.006102268669946693,21.449999999999974,0.0,155.51249999999976,0.0,1.5,0.0,1.5,0.0,0.0,0.0,,
14.4,6.450453349792996,0.03654624907569139,7.593221884458253,0.00408325448465937,-0.00560643843575068,-0.0007198164006249072,21.599999999999973,0.0,157.67999999999975,0.0,1.5,0.0,1.5,0.0,0.0,0.0,,
14.5,6.207013056568288,0.09084122070103008,7.523674412128745,-0.021004981924912878,-0.0014757146606634208,0.016311085174224704,21.74999999999997,0.0,159.86249999999973,0.0,1.5,0.0,1.5,0.0,0.0,0.0,,
14.600000000000001,6.1124189419732,0.1590320877550794,7.6698119368145985,0.0006583477460910466,-0.007386049595217967,-0.010562157692969521,21.89999999999997,0.0,162.05999999999972,0.0,1.5,0.0,1.5,0.0,0.0,0.0,,
14.700000000000001,6.326308503077896,0.23206578612494302,7.524524377110854,0.0035300020063406853,0.016636392074475724,0.0069022673066933245,22.04999999999997,0.0,164.2724999999997,0.0,1.5,0.0,1.5,0.0,0.0,0.0,,
14.8,6.147180478812422,-0.22902448014007562,7.613312307752333,0.0058807221761523155,0.002097729992822487,0.009041471159134656,22.199999999999967,0.0,166.4999999999997,0.0,1.5,0.0,1.5,0.0,0.0,0.0,,
14.9,6.22373408528997,-0.09965255603595728,7.747392466113302,0.018179330431294653,0.02194651549814078,0.02337746379245059,22.349999999999966,0.0,168.74249999999967,0.0,1.5,0.0,1.5,0.0,0.0,0.0,,
15.0,5.172126016213198,-0.2609149622663869,8.687650356610785,0.005959178086986337,0.002938509280254044,0.015295596747745922,22.499999999999964,0.0,170.99249999999967,0.0,0.0,0.0,0.0,0.0,0.0,0.0,170.61695957428995,-0.7719643859178861
15.100000000000001,4.999845062388014,-0.10149654765066045,8.448686247160516,0.0058843045434819,0.022408227608836997,0.004606222128009475,22.499999999999964,0.0,173.24249999999967,0.0,0.0,0.0,0.0,0.0,0.0,0.0,,
15.200000000000001,4.871970148594667,0.032297473255991936,8.593968620778693,0.021117223511494126,0.0030170298113479013,-0.009575162258038138,22.499999999999964,0.0,175.49249999999967,0.0,0.0,0.0,0.0,0.0,0.0,0.0,,
15.3,4.862275268826629,-0.3424243941821501,8.648663609650969,-0.008121990640847456,-0.0067503505349867455,0.004408694837893616,22.499999999999964,0.0,177.74249999999967,0.0,0.0,0.0,0.0,0.0,0.0,0.0,,
15.4,4.897788620749545,0.2818232304642768,8.476909390216123,-0.013233131497788373,0.00870436352960338,-0.002660739477159035,22.499999999999964,0.0,179.99249999999967,0.0,0.0,0.0,0.0,0.0,0.0,0.0,,
15.5,4.709141743101125,0.18170150448202096,8.49630757913707,-0.0010364570053401957,-0.0069982809744088504,-0.00292413366471292,22.499999999999964,0.0,182.24249999999967,0.0,0.0,0.0,0.0,0.0,0.0,0.0,,
15.600000000000001,4.685118900714688,-0.10934252226451606,8.335945537364191,-0.009450623493270046,0.011018079311239715,0.029163040278396852,22.499999999999964,0.0,184.49249999999967,0.0,0.0,0.0,0.0,0.0,0.0,0.0,,
15.700000000000001,4.95362408131748,0.04988795445920119,8.318769178625654,0.015418518080176052,-0.017424772923192496,0.0005350642364900862,22.499999999999964,0.0,186.74249999999967,0.0,0.0,0.0,0.0,0.0,0.0,0.0,,
15.8,5.01775854066522,0.10050198643948564,8.419258911051413,0.021974307665763068,0.003992457632708315,-0.0011426108580110707,22.499999999999964,0.0,188.99249999999967,0.0,0.0,0.0,0.0,0.0,0.0,0.0,,
15.9,4.871377407675361,-0.21301219193311569,8.671603491140356,-0.00424341313818537,0.00021551994599471318,-0.0037264358358382365,22.499999999999964,0.0,191.24249999999967,0.0,0.0,0.0,0.0,0.0,0.0,0.0,,
16.0,5.085651545993443,-0.14453276512475743,8.464887707918319,-0.00796913462798574,0.007966290157365856,0.013239471372417228,22.499999999999964,0.0,193.49249999999967,0.0,0.0,0.0,0.0,0.0,0.0,0.0,194.69127198079778,-6.536002116100101
16.1,5.099063838041807,0.014405889817739048,8.541147879195806,-0.001690027818422965,-0.0027416676437647483,0.0025667899344033866,22.499999999999964,0.0,195.74249999999967,0.0,0.0,0.0,0.0,0.0,0.0,0.0,,
16.2,5.195393996262661,-0.034233306149582185,8.532461759183308,0.014660985977984256,-0.0072217670933499645,0.014355540433042008,22.499999999999964,0.0,197.99249999999967,0.0,0.0,0.0,0.0,0.0,0.0,0.0,,
16.3,5.13842875191267,0.052940122238974194,8.315819575191334,-0.00475088725076569,0.0013209479310133617,-0.012196589111944958,22.499999999999964,0.0,200.24249999999967,0.0,0.0,0.0,0.0,0.0,0.0,0.0,,
16.400000000000002,4.8741912858071,0.16299967851965513,8.48946669023685,0.016937761089407807,0.018790939940328356,0.012801301171830065,22.499999999999964,0.0,202.49249999999967,0.0,0.0,0.0,0.0,0.0,0.0,0.0,,
16.5,4.886011187920495,0.1991666520035974,7.943573741797074,-0.003949489710887067,0.00885865029429499,0.01323023248341991,22.499999999999964,0.0,204.74249999999967,0.0,0.0,0.0,0.0,0.0,0.0,0.0,,
16.6,5.024249607862217,0.11063101757733278,8.289446079909336,0.006143502542199395,0.02651276838127365,0.008830757262988861,22.499999999999964,0.0,206.99249999999967,0.0,0.0,0.0,0.0,0.0,0.0,0.0,,
16.7,4.837859901441278,-0.12590742712393643,8.35935295890634,-0.0005262006816605729,0.017080003579558835,0.022741277019306942,22.499999999999964,0.0,209.24249999999967,0.0,0.0,0.0,0.0,0.0,0.0,0.0,,
16.8,4.831932902741193,-0.07911504128167388,8.523423979021265,-0.00024918530208756,-0.001059069060079608,-0.0018396870956697313,22.499999999999964,0.0,211.49249999999967,0.0,0.0,0.0,0.0,0.0,0.0,0.0,,
16.900000000000002,4.864710363957708,0.13279102679576124,8.679185222210126,0.008385481296948218,-0.005241919512298123,0.012668966278485325,22.499999999999964,0.0,213.74249999999967,0.0,0.0,0.0,0.0,0.0,0.0,0.0,,
17.0,4.870071997564567,0.1646454456417111,8.522326165752208,-0.013881033881457686,0.012829133199992992,0.024649048759002305,22.499999999999964,0.0,215.99249999999967,0.0,0.0,0.0,0.0,0.0,0.0,0.0,221.51203630878524,-3.8065237096689937
17.1,5.03407444074044,0.04444184401132858,8.512773979309005,-0.0037803789137701342,0.014969059498122996,0.004161119322666007,22.499999999999964,0.0,218.24249999999967,0.0,0.0,0.0,0.0,0.0,0.0,0.0,,
17.2,4.870450361227676,0.23812501770903724,8.477767132443544,-0.0008070301825079851,-0.002733426911121342,0.014603858427659395,22.499999999999964,0.0,220.49249999999967,0.0,0.0,0.0,0.0,0.0,0.0,0.0,,
17.3,4.938515710838807,0.10633180147782212,8.473310720132226,-0.005014403956968252,-0.014969849798908023,-0.0035051584107097704,22.499999999999964,0.0,222.74249999999967,0.0,0.0,0.0,0.0,0.0,0.0,0.0,,
17.400000000000002,5.032185006016076,-0.29387837335501626,8.215013300499711,-0.0020930357400859405,-0.005533864302474822,0.004737239876162069,22.499999999999964,0.0,224.99249999999967,0.0,0.0,0.0,0.0,0.0,0.0,0.0,,
17.5,4.892261822530738,-0.016684514232754254,8.286374920615502,0.006041146551983909,-0.010974813642590517,0.0029512246095092986,22.499999999999964,0.0,227.24249999999967,0.0,0.0,0.0,0.0,0.0,0.0,0.0,,
17.6,4.4610639706009705,-0.017702628460950293,8.48137911483414,-0.0025248008892436342,-0.011278630150475519,0.005717478534752221,22.499999999999964,0.0,229.49249999999967,0.0,0.0,0.0,0.0,0.0,0.0,0.0,,
17.7,4.6795567624761265,-0.03298262834614568,8.358999023154757,-0.005103519556174008,-0.007157033048730082,-0.001446777186732695,22.499999999999964,0.0,231.74249999999967,0.0,0.0,0.0,0.0,0.0,0.0,0.0,,
17.8,4.943939263991073,0.316305882180073,8.499017455289419,-0.0020115483657216445,-0.01385133695857298,0.024138868525779338,22.499999999999964,0.0,233.99249999999967,0.0,0.0,0.0,0.0,0.0,0.0,0.0,,
17.900000000000002,4.735469281163982,-0.09278132823855538,8.531105573893221,-0.006152840819993731,-0.005125928892682712,-0.00542322341635972,22.499999999999964,0.0,236.24249999999967,0.0,0.0,0.0,0.0,0.0,0.0,0.0,,
18.0,5.190456547584315,0.0009456374268881004,8.795625222906043,-0.011156146083040394,-0.0022838708740425965,0.0072390084062261585,22.499999999999964,0.0,238.49249999999967,0.0,0.0,0.0,0.0,0.0,0.0,0.0,238.9027665415066,-1.045091382285268
18.1,4.909917910495713,-0.07974188066808138,8.041904569004506,-0.0014034401900413773,0.020551887286136956,0.006027743716676422,22.499999999999964,0.0,240.74249999999967,0.0,0.0,0.0,0.0,0.0,0.0,0.0,,
18.2,5.147794684472737,0.031637085615751966,8.516069903192609,0.0004815816487515818,-0.00723562501399162,0.018218402990422475,22.499999999999964,0.0,242.99249999999967,0.0,0.0,0.0,0.0,0.0,0.0,0.0,,
18.3,5.005954377378384,0.26424642131246484,8.304025967596615,0.011274278950339587,0.002356569097273592,0.005446966649494365,22.499999999999964,0.0,245.24249999999967,0.0,0.0,0.0,0.0,0.0,0.0,0.0,,
18.400000000000002,5.226360337961035,0.13249264006515798,8.368475518197263,-0.011124641158154048,-0.009338580405444209,0.009204437700767006,22.499999999999964,0.0,247.49249999999967,0.0,0.0,0.0,0.0,0.0,0.0,0.0,,
18.5,4.97737864331761,0.008181727623930019,8.321944925896446,-0.0007557195370205111,-0.01365915850689399,0.008116512503563001,22.499999999999964,0.0,249.74249999999967,0.0,0.0,0.0,0.0,0.0,0.0,0.0,,
18.6,5.090772820471536,0.08181479718400536,8.669286058469002,-0.00976326445207226,0.013129549217779956,0.00909113466093962,22.499999999999964,0.0,251.99249999999967,0.0,0.0,0.0,0.0,0.0,0.0,0.0,,
18.7,4.9454834290504195,-0.05892494459039388,8.441922487928723,-0.0025519453205357988,0.015052105965036255,-0.014753428243563193,22.499999999999964,0.0,254.24249999999967,0.0,0.0,0.0,0.0,0.0,0.0,0.0,,
18.8,4.9185331179112115,0.194354408210388,8.333638385672874,0.0067693652780515794,0.008617671147657123,0.019262029013835363,22.499999999999964,0.0,256.49249999999967,0.0,0.0,0.0,0.0,0.0,0.0,0.0,,
18.900000000000002,5.106174286743082,-0.23899916911469046,8.5168921373627,-0.004220097688798505,-0.01201866158980221,0.01206576617917014,22.499999999999964,0.0,258.74249999999967,0.0,0.0,0.0,0.0,0.0,0.0,0.0,,
19.0,4.919018791896492,-0.005270037310275151,8.438858835156667,0.006024162571551645,0.00014198563444597597,0.004107862762179159,22.499999999999964,0.0,260.99249999999967,0.0,0.0,0.0,0.0,0.0,0.0,0.0,257.4571007077207,-0.5561793397562849
19.1,4.910523451081403,0.09950324999690588,8.411923986232381,0.0015232450524901154,0.01175833283799922,-0.003876043945742722,22.499999999999964,0.0,263.24249999999967,0.0,0.0,0.0,0.0,0.0,0.0,0.0,,
19.200000000000003,5.120157068338762,-0.09917820687303523,8.382025605747746,0.02057875502095635,-0.007725716019975505,0.008825052992012476,22.499999999999964,0.0,265.49249999999967,0.0,0.0,0.0,0.0,0.0,0.0,0.0,,
19.3,4.822313409637991,-0.16408566297600993,8.700779863323472,-0.00771871808055303,-0.01170210540980879,0.0008189288078738095,22.499999999999964,0.0,267.74249999999967,0.0,0.0,0.0,0.0,0.0,0.0,0.0,,
19.400000000000002,5.053400000271912,-0.02808961745576268,8.643039056478674,-0.006438307144870812,0.004101279412558549,-0.00016864576923239592,22.499999999999964,0.0,269.99249999999967,0.0,0.0,0.0,0.0,0.0,0.0,0.0,,
19.5,4.806647006631604,-0.07173720815880105,8.351485219102583,-0.001234616140107876,0.006386737976723952,0.005558055384737607,22.499999999999964,0.0,272.24249999999967,0.0,0.0,0.0,0.0,0.0,0.0,0.0,,
19.6,4.921453588372154,-0.07877573507853265,8.496304538741194,0.0067966833685080275,0.0008872705388465646,0.00785113906978648,22.499999999999964,0.0,274.49249999999967,0.0,0.0,0.0,0.0,0.0,0.0,0.0,,
19.700000000000003,4.865552071752659,0.37268723987288394,8.533007014710812,0.019051581749413342,-0.009210759439755963,-0.0013181748471557675,22.499999999999964,0.0,276.74249999999967,0.0,0.0,0.0,0.0,0.0,0.0,0.0,,
19.8,5.14314512707329,-0.21763326227348914,8.579484328358447,-0.014160621554013904,0.015755949539440706,-0.002598238648772141,22.499999999999964,0.0,278.99249999999967,0.0,0.0,0.0,0.0,0.0,0.0,0.0,,
19.900000000000002,4.835036660384519,0.20591978020141852,8.404601742120192,-0.006818671878857502,0.007568558869016889,-0.0007708883369074559,22.499999999999964,0.0,281.24249999999967,0.0,0.0,0.0,0.0,0.0,0.0,0.0,,
20.0,5.127681395290705,0.03756104473132777,8.468039761894055,-0.020864485186348942,-0.016971004143084462,-0.0016746813605884323,22.499999999999964,0.0,283.49249999999967,0.0,0.0,0.0,0.0,0.0,0.0,0.0,285.96375264775185,0.40969402709762975
20.1,5.014923179939543,-0.18276259411916201,8.13234402257646,-0.008083566629039467,-0.006600758545340632,-0.0005199392593272746,22.499999999999964,0.0,285.74249999999967,0.0,0.0,0.0,0.0,0.0,0.0,0.0,,
20.200000000000003,4.70411251889041,0.09548708722729284,8.372820218390656,-0.007734454967627199,-0.012545201543001773,0.0036843664723263986,22.499999999999964,0.0,287.99249999999967,0.0,0.0,0.0,0.0,0.0,0.0,0.0,,
20.3,4.921543943152228,0.23987390802535377,8.473623650758253,0.00835692451363103,-0.004671150946937731,0.03284524100176609,22.499999999999964,0.0,290.24249999999967,0.0,0.0,0.0,0.0,0.0,0.0,0.0,,
20.400000000000002,4.985748149014229,-0.10640771520110272,8.327116530478959,0.01946847192182845,0.004782243722776673,0.008947665026982465,22.499999999999964,0.0,292.49249999999967,0.0,0.0,0.0,0.0,0.0,0.0,0.0,,
20.5,4.990332209590067,-0.05010136904308417,8.687831679526436,0.010251127295086959,0.011118642542567685,0.024602738181772707,22.499999999999964,0.0,294.74249999999967,0.0,0.0,0.0,0.0,0.0,0.0,0.0,,
20.6,5.095899025659273,-0.07304808561097567,8.379356381596084,0.00262618475826092,0.006239182830836445,-0.0015329278949070546,22.499999999999964,0.0,296.99249999999967,0.0,0.0,0.0,0.0,0.0,0.0,0.0,,
20.700000000000003,5.194840987375915,-0.024506810353121893,8.436355016861262,-0.001854009899578801,0.008094071422051126,-0.007032379189931804,22.499999999999964,0.0,299.24249999999967,0.0,0.0,0.0,0.0,0.0,0.0,0.0,,
20.8,4.928097462922163,0.07345819447525875,8.136786315158352,0.007917849359111346,0.01964692193305043,0.02213526694623436,22.499999999999964,0.0,301.49249999999967,0.0,0.0,0.0,0.0,0.0,0.0,0.0,,
20.900000000000002,4.883131204180539,-0.0750407421433904,8.462868906076691,0.001998338806944356,0.0007676790295116786,0.016022073901404518,22.499999999999964,0.0,303.74249999999967,0.0,0.0,0.0,0.0,0.0,0.0,0.0,,
21.0,4.913518851553692,-0.02959039586157221,8.577737469164614,-0.009420112601202112,0.015553533147137439,0.004185892014080445,22.499999999999964,0.0,305.99249999999967,0.0,0.0,0.0,0.0,0.0,0.0,0.0,311.9022592782622,0.13253657535927862
21.1,4.844732924191258,0.04160935126690733,8.198193190262112,-0.009260081714669091,0.007671945461291755,-0.018070726415923447,22.499999999999964,0.0,308.24249999999967,0.0,0.0,0.0,0.0,0.0,0.0,0.0,,
21.200000000000003,4.9211259236588605,0.06946586671896385,8.787450346140263,-0.0018378146598612103,0.0032549716384632494,0.014568753666084375,22.499999999999964,0.0,310.49249999999967,0.0,0.0,0.0,0.0,0.0,0.0,0.0,,
21.3,4.797374064682561,-0.20503421655215837,8.305735792159602,0.015560957339027749,0.019856955266549098,0.01017028862497571,22.499999999999964,0.0,312.74249999999967,0.0,0.0,0.0,0.0,0.0,0.0,0.0,,
21.400000000000002,4.813418112167137,0.18089523129358476,8.113830840645505,5.828014176562902e-05,0.0015429263558869922,-0.00781860980045998,22.499999999999964,0.0,314.99249999999967,0.0,0.0,0.0,0.0,0.0,0.0,0.0,,
21.5,4.920096502202059,-0.0703638883559036,8.43382299443069,0.019828559486809113,-0.0018531540107777703,-0.0071238830223502,22.499999999999964,0.0,317.24249999999967,0.0,0.0,0.0,0.0,0.0,0.0,0.0,,
21.6,4.906647598397216,0.25135192935667866,8.50935042120238,-0.003351528454386868,0.00737180361409304,0.0032141977814548178,22.499999999999964,0.0,319.49249999999967,0.0,0.0,0.0,0.0,0.0,0.0,0.0,,
21.700000000000003,5.060678134668774,-0.055451592782934656,8.553179801964548,0.00048115533663341454,0.011264832216298171,0.0018046011483906022,22.499999999999964,0.0,321.74249999999967,0.0,0.0,0.0,0.0,0.0,0.0,0.0,,
21.8,4.849891406408954,0.18248809723131207,8.434094873543923,-0.008975942987809793,-0.0053043844860805565,0.015127604853325927,22.499999999999964,0.0,323.99249999999967,0.0,0.0,0.0,0.0,0.0,0.0,0.0,,
21.900000000000002,4.960071571703727,-0.04426330432114069,8.490566704593784,-0.013218825325506379,0.013785345565352679,0.0025439603322437265,22.499999999999964,0.0,326.24249999999967,0.0,0.0,0.0,0.0,0.0,0.0,0.0,,
22.0,4.972793750949897,0.1774404649993025,8.348155872755983,-0.008969748949392902,0.012502406053927224,0.0011762500113857775,22.499999999999964,0.0,328.49249999999967,0.0,0.0,0.0,0.0,0.0,0.0,0.0,328.1402609764445,-1.7344659587942466
22.1,5.112475350790885,-0.03984268063953955,8.54663039700664,0.0028615220523354307,0.0028433009428477873,0.008813478332105275,22.499999999999964,0.0,330.74249999999967,0.0,0.0,0.0,0.0,0.0,0.0,0.0,,
22.200000000000003,4.964677938173606,-0.10392502132054689,8.503500662432966,-0.0048108372368392575,0.0006147716431244454,0.021972481560383773,22.499999999999964,0.0,332.99249999999967,0.0,0.0,0.0,0.0,0.0,0.0,0.0,,
22.3,4.942602324482959,0.1373325724139568,8.555412670861001,0.005176152460512069,0.00024799417254748023,0.014525401487072872,22.499999999999964,0.0,335.24249999999967,0.0,0.0,0.0,0.0,0.0,0.0,0.0,,
22.400000000000002,5.010594074341883,0.07499835475402261,8.527654700300271,-0.007442893285460342,-0.00634224636820505,0.00829782200142514,22.499999999999964,0.0,337.49249999999967,0.0,0.0,0.0,0.0,0.0,0.0,0.0,,
22.5,5.064752369133115,0.19820223758953198,8.471457412795434,0.0036867618579122753,-0.011180029976668355,0.000526889400096384,22.499999999999964,0.0,339.74249999999967,0.0,0.0,0.0,0.0,0.0,0.0,0.0,,
22.6,5.154782988056106,0.30758545276899973,8.685779849748002,0.004738764005326992,0.009939881479703858,0.003620813569188882,22.499999999999964,0.0,341.99249999999967,0.0,0.0,0.0,0.0,0.0,0.0,0.0,,
22.700000000000003,5.021595174271494,0.2048830277637943,8.492471498133344,0.007088326760713738,-0.004726651680697644,0.009847886930973925,22.499999999999964,0.0,344.24249999999967,0.0,0.0,0.0,0.0,0.0,0.0,0.0,,
22.8,5.013992792833527,-0.05648355895814608,8.3684589066545,-0.005603141956595254,-0.013942792837657916,0.005607391607783821,22.499999999999964,0.0,346.49249999999967,0.0,0.0,0.0,0.0,0.0,0.0,0.0,,
22.900000000000002,4.606773154549856,0.14948272883578792,8.282543652384497,-0.00477385376071902,-0.009636782039768836,0.023220083654570334,22.499999999999964,0.0,348.74249999999967,0.0,0.0,0.0,0.0,0.0,0.0,0.0,,
23.0,5.085060365420706,0.006203163842399174,8.500985312659768,-0.0004909815356145947,0.00822518537440661,-0.004526126787566206,22.499999999999964,0.0,350.99249999999967,0.0,0.0,0.0,0.0,0.0,0.0,0.0,343.0862171365023,-8.22804361183335
23.1,4.779688055763832,0.0011682030161030213,8.720148570789288,0.002470603111236754,0.010841475588622593,0.017532555049498754,22.499999999999964,0.0,353.24249999999967,0.0,0.0,0.0,0.0,0.0,0.0,0.0,,
23.200000000000003,4.997487539284482,-0.30384594741709636,8.922446871102698,-0.0007475167332670145,-0.025805637171288347,-0.005347867748635418,22.499999999999964,0.0,355.49249999999967,0.0,0.0,0.0,0.0,0.0,0.0,0.0,,
23.3,4.935314350909838,0.1607351815374331,8.578911286177988,0.011850508046886624,-0.01249257846415558,0.0046700160789341465,22.499999999999964,0.0,357.74249999999967,0.0,0.0,0.0,0.0,0.0,0.0,0.0,,
23.400000000000002,4.543578574737899,-0.04341435889665925,8.47103246728197,-0.0011625027902421887,0.00705780303521199,0.003373778329665663,22.499999999999964,0.0,359.99249999999967,0.0,0.0,0.0,0.0,0.0,0.0,0.0,,
23.5,4.829843917744245,0.18021236849194602,8.85391328187753,0.01575431605492007,-0.0015504845050543154,0.0038561399022230764,22.499999999999964,0.0,362.24249999999967,0.0,0.0,0.0,0.0,0.0,0.0,0.0,,
23.6,4.681493745307262,-0.15452527844262212,8.595496800999747,-0.0005882026316744697,-0.0006100291505913374,0.0074262354817609625,22.499999999999964,0.0,364.49249999999967,0.0,0.0,0.0,0.0,0.0,0.0,0.0,,
23.700000000000003,5.222630703796697,-0.07138110844861614,8.38972672010854,-0.0009818429044823698,0.01624381791987231,-0.004988008317782628,22.499999999999964,0.0,366.74249999999967,0.0,0.0,0.0,0.0,0.0,0.0,0.0,,
23.8,4.74394329078802,0.046773609524006776,8.082549390200663,0.015460260689598207,-0.006466249071590324,-0.00042662005050666304,22.499999999999964,0.0,368.99249999999967,0.0,0.0,0.0,0.0,0.0,0.0,0.0,,
23.900000000000002,5.024192185647155,-0.04322082797251953,8.393295323766766,0.007682216926170436,-0.016764643281875297,0.01720765318797011,22.499999999999964,0.0,371.24249999999967,0.0,0.0,0.0,0.0,0.0,0.0,0.0,,
24.0,4.644019744686168,-0.023393474339718206,8.409646998757362,-0.010095643273207205,-0.013587993827030052,0.002421205434248879,22.499999999999964,0.0,373.49249999999967,0.0,0.0,0.0,0.0,0.0,0.0,0.0,374.81399535853177,-2.2205241433494103
24.1,4.7277241448022504,0.20823050543446558,8.417792097418774,-0.004683915823561983,-0.006779162185822236,-0.001399263102840366,22.499999999999964,0.0,375.74249999999967,0.0,0.0,0.0,0.0,0.0,0.0,0.0,,
24.200000000000003,5.018895251666819,0.2096172070029206,8.396106991451758,0.011860908296401827,0.0036452510602105947,-0.007342919413518588,22.499999999999964,0.0,377.99249999999967,0.0,0.0,0.0,0.0,0.0,0.0,0.0,,
24.3,4.884101351053041,-0.13646133916549735,8.324926719961937,0.005023378510948821,-0.014889014469054341,0.008146349574560008,22.499999999999964,0.0,380.24249999999967,0.0,0.0,0.0,0.0,0.0,0.0,0.0,,
24.400000000000002,5.025472044006134,0.05242026283329368,8.651519346195007,0.026269936508427433,-0.007633392809564918,0.01839593660219398,22.499999999999964,0.0,382.49249999999967,0.0,0.0,0.0,0.0,0.0,0.0,0.0,,
24.5,5.005242251214962,0.06882176269434624,8.521763148699852,0.0041119468062547114,0.002598970407086352,0.009946004579531788,22.499999999999964,0.0,384.74249999999967,0.0,0.0,0.0,0.0,0.0,0.0,0.0,,
24.6,5.29618391606928,-0.16003308497831117,8.205411925214918,0.011535822786482753,0.007158663346923031,0.0019682545646578426,22.499999999999964,0.0,386.99249999999967,0.0,0.0,0.0,0.0,0.0,0.0,0.0,,
24.700000000000003,4.939796694136631,0.13904414297840742,8.404203089249998,-0.0199504170768784,-0.005082944961118855,0.013885493170905195,22.499999999999964,0.0,389.24249999999967,0.0,0.0,0.0,0.0,0.0,0.0,0.0,,
24.8,4.99331193053951,0.022775699347368332,8.416070466144307,-0.01717811962758436,0.03250733728388138,0.014839407244729111,22.499999999999964,0.0,391.49249999999967,0.0,0.0,0.0,0.0,0.0,0.0,0.0,,
24.900000000000002,5.051278464613742,-0.0987260236025185,8.39568888388835,-0.005535025277399535,0.008815009143453251,0.010537414460818025,22.499999999999964,0.0,393.74249999999967,0.0,0.0,0.0,0.0,0.0,0.0,0.0,,
25.0,4.97222343518517,0.030993391107990008,8.48771944757041,-0.004191196372025114,-0.005119514325818613,-0.01982852405603345,22.499999999999964,0.0,395.99249999999967,0.0,0.0,0.0,0.0,0.0,0.0,0.0,394.3351541235052,-1.3878904733581456
25.1,5.145450011116204,0.1498613019107559,8.398757115350163,0.00812485462522666,0.00804869292070542,0.006918061639483579,22.499999999999964,0.0,398.24249999999967,0.0,0.0,0.0,0.0,0.0,0.0,0.0,,
25.200000000000003,5.039979893359992,-0.24034471210488048,8.438832441521559,-0.005178348332805425,0.0008092971077842196,0.003902283589933719,22.499999999999964,0.0,400.49249999999967,0.0,0.0,0.0,0.0,0.0,0.0,0.0,,
25.3,5.107439398186954,-0.05234266050696813,8.325113394844177,-0.013647539057884347,0.012152959975996422,-0.005557408459549413,22.499999999999964,0.0,402.74249999999967,0.0,0.0,0.0,0.0,0.0,0.0,0.0,,
25.400000000000002,4.948841792299169,0.1198007905933437,8.589741384575674,-0.014224194093210478,-0.004569340996695456,-0.012225935242376355,22.499999999999964,0.0,404.99249999999967,0.0,0.0,0.0,0.0,0.0,0.0,0.0,,
25.5,5.054357693608877,0.0677544521699979,8.584528581498748,-0.008399153252535372,-0.005297853147933605,0.004946981231694045,22.499999999999964,0.0,407.24249999999967,0.0,0.0,0.0,0.0,0.0,0.0,0.0,,
25.6,4.6831204209965,0.2950811570103576,8.234842094414763,0.00831220594199056,-0.015605952768013976,0.006237180229415598,22.499999999999964,0.0,409.49249999999967,0.0,0.0,0.0,0.0,0.0,0.0,0.0,,
25.700000000000003,4.772430014161239,-0.011489108280023832,8.72487949428452,-0.00570795483051977,0.007356722981002781,0.006162400541651451,22.499999999999964,0.0,411.74249999999967,0.0,0.0,0.0,0.0,0.0,0.0,0.0,,
25.8,4.985788424429548,0.15665931033187555,8.55937699376813,0.016721155988057936,0.004315548281196474,0.007650706517538693,22.499999999999964,0.0,413.99249999999967,0.0,0.0,0.0,0.0,0.0,0.0,0.0,,
25.900000000000002,4.786002428948987,0.11493866453625406,8.578452208733394,-0.010856495222663355,-0.004588145719285537,0.0011769209572876898,22.499999999999964,0.0,416.24249999999967,0.0,0.0,0.0,0.0,0.0,0.0,0.0,,
26.0,5.047044735286597,0.2798266532616278,8.52353386058429,-0.0013692366581504317,0.011024178841198407,0.010056122884863346,22.499999999999964,0.0,418.49249999999967,0.0,0.0,0.0,0.0,0.0,0.0,0.0,419.01899243154037,5.497410393311249
26.1,4.89797820051289,0.18315701082390198,8.362906184626164,-0.002771993655028924,-0.016040658152241732,0.005632370019821792,22.499999999999964,0.0,420.74249999999967,0.0,0.0,0.0,0.0,0.0,0.0,0.0,,
26.200000000000003,4.6024767725111415,0.05979886045195254,8.288690474699758,-0.0009654400394201325,0.008325723841936045,0.004897589700368871,22.499999999999964,0.0,422.99249999999967,0.0,0.0,0.0,0.0,0.0,0.0,0.0,,
26.3,5.047901906243643,-0.17725138521285175,8.5139103856001,-0.008890718877022934,-0.014396128274237528,0.0025157074673580583,22.499999999999964,0.0,425.24249999999967,0.0,0.0,0.0,0.0,0.0,0.0,0.0,,
26.400000000000002,4.626478634641828,0.23609427031056446,8.509488599905419,-0.004235096510439437,0.011056317075092324,-0.0007782044110677434,22.499999999999964,0.0,427.49249999999967,0.0,0.0,0.0,0.0,0.0,0.0,0.0,,
26.5,4.98595993758791,0.12063809389113543,8.41005233817091,0.0028163799997029627,-0.019968428478080686,-0.0061627484991778865,22.499999999999964,0.0,429.74249999999967,0.0,0.0,0.0,0.0,0.0,0.0,0.0,,
26.6,4.730969977975242,-0.06241196364361212,8.588733046423492,0.006984143524925259,0.005874303643993862,0.032097518516489634,22.499999999999964,0.0,431.99249999999967,0.0,0.0,0.0,0.0,0.0,0.0,0.0,,
26.700000000000003,4.614094196347294,-0.006480551172064527,8.526698624543684,-0.011230965393943007,0.0159740007017745,0.013022520972529504,22.499999999999964,0.0,434.24249999999967,0.0,0.0,0.0,0.0,0.0,0.0,0.0,,
26.8,5.039557640228079,0.2713489765898488,8.622853606958108,-0.006802521770316633,-0.000541332824035292,0.00781443497751111,22.499999999999964,0.0,436.49249999999967,0.0,0.0,0.0,0.0,0.0,0.0,0.0,,
26.900000000000002,4.833471528023645,0.01780180247033274,8.668007870802185,-0.0005243657903230795,0.005204453709264883,0.008603288124499293,22.499999999999964,0.0,438.74249999999967,0.0,0.0,0.0,0.0,0.0,0.0,0.0,,
27.0,5.01044659116274,0.058315188804309304,8.74099235721476,0.015138983017294142,-0.002184277351142833,0.011399638905675722,22.499999999999964,0.0,440.99249999999967,0.0,0.0,0.0,0.0,0.0,0.0,0.0,442.9259478511999,-9.989387208763675
27.1,5.012039642891251,0.0765302715786041,8.357440952272324,-0.0071659848595362445,-0.011544414246282402,0.009448213364324342,22.499999999999964,0.0,443.24249999999967,0.0,0.0,0.0,0.0,0.0,0.0,0.0,,
27.200000000000003,5.116155995751863,-0.20560444170490647,8.330135707811008,0.006954006850035577,0.011832318565199645,0.011708538203728674,22.499999999999964,0.0,445.49249999999967,0.0,0.0,0.0,0.0,0.0,0.0,0.0,,
27.3,5.02987879175109,-0.24815366240687983,8.328400345476654,0.008438424215959308,-0.012242335105819752,-0.011009612602413916,22.499999999999964,0.0,447.74249999999967,0.0,0.0,0.0,0.0,0.0,0.0,0.0,,
27.400000000000002,4.91874821395741,0.054631727219650456,8.339663143598314,0.009241888435047994,0.004240127717807075,0.014987256203704221,22.499999999999964,0.0,449.99249999999967,0.0,0.0,0.0,0.0,0.0,0.0,0.0,,
27.5,5.081877795120569,-0.2152671025090021,8.479605750273315,-0.013207733783198474,-0.02645242419768721,0.0007050957718102964,22.499999999999964,0.0,452.24249999999967,0.0,0.0,0.0,0.0,0.0,0.0,0.0,,
27.6,5.03484574976575,-0.21063878869245062,8.540015619868935,-0.0003397011203887397,-0.026257238199618737,-0.005111643634014115,22.499999999999964,0.0,454.49249999999967,0.0,0.0,0.0,0.0,0.0,0.0,0.0,,
27.700000000000003,4.876244033928591,0.041118131777954786,8.493392251712933,-0.0020295453668099004,0.0007573441423504123,0.01318656093776242,22.499999999999964,0.0,456.74249999999967,0.0,0.0,0.0,0.0,0.0,0.0,0.0,,
27.8,5.010882693087307,0.11791025325849445,8.407183069354593,0.006715515021099654,0.0012865983147832948,0.007537843440094653,22.499999999999964,0.0,458.99249999999967,0.0,0.0,0.0,0.0,0.0,0.0,0.0,,
27.900000000000002,4.95732998216321,-0.14171986271062662,8.265693537299432,0.0036028697265059755,-0.01532928213917226,-0.021667494592726128,22.499999999999964,0.0,461.24249999999967,0.0,0.0,0.0,0.0,0.0,0.0,0.0,,
28.0,5.024392134033035,0.01176860439035989,8.454300312050483,0.006536308181155533,-0.011690781826365087,0.007040827481060526,22.499999999999964,0.0,463.49249999999967,0.0,0.0,0.0,0.0,0.0,0.0,0.0,462.03742551785604,-0.8165382387209813
28.1,5.070686243561656,-0.11444727134714332,8.400014866784067,-0.013559809405697665,-0.0012570189543043354,0.008347429699014242,22.499999999999964,0.0,465.74249999999967,0.0,0.0,0.0,0.0,0.0,0.0,0.0,,
28.200000000000003,4.859689161226952,-0.126209446778173,8.51926090258002,0.010552228792785561,0.006975407117365176,0.006601483560250286,22.499999999999964,0.0,467.99249999999967,0.0,0.0,0.0,0.0,0.0,0.0,0.0,,
28.3,5.039354214391351,0.1284850316657844,8.618869232966553,0.010171433334000335,-0.01001228439376688,0.002698360195615977,22.499999999999964,0.0,470.24249999999967,0.0,0.0,0.0,0.0,0.0,0.0,0.0,,
28.400000000000002,4.9271680698182685,-0.1559836281706706,8.421301001359257,0.002751756346901027,-0.01908728664053065,0.009449946503619876,22.499999999999964,0.0,472.49249999999967,0.0,0.0,0.0,0.0,0.0,0.0,0.0,,
28.5,5.011276898639751,-0.054031259705046894,8.548228816826082,0.005399790631869761,-0.0007388384918818137,0.0025244997658813747,22.499999999999964,0.0,474.74249999999967,0.0,0.0,0.0,0.0,0.0,0.0,0.0,,
28.6,5.135001181911741,0.005225890783643048,8.342319363013932,0.0007614674956929479,-0.00045293600841084166,0.0038601626238093083,22.499999999999964,0.0,476.99249999999967,0.0,0.0,0.0,0.0,0.0,0.0,0.0,,
28.700000000000003,4.626022978233529,0.06816672018118448,8.560217744510073,-0.009814938188567279,-0.0036559592562295114,0.0038506869590679274,22.499999999999964,0.0,479.24249999999967,0.0,0.0,0.0,0.0,0.0,0.0,0.0,,
28.8,4.97917550415462,-0.10327333441300487,8.367494093873953,0.011572906024619387,0.005492670015974429,-0.009137820168853995,22.499999999999964,0.0,481.49249999999967,0.0,0.0,0.0,0.0,0.0,0.0,0.0,,
28.900000000000002,5.02998523791101,0.108379381391851,8.638711490143766,0.006077217565548285,0.009510841501950914,0.007633460117795133,22.499999999999964,0.0,483.74249999999967,0.0,0.0,0.0,0.0,0.0,0.0,0.0,,
29.0,5.09748140477295,0.16637250306977314,8.451718047804807,-0.001862194856222653,-0.0018158762364300963,-0.001006590913086353,22.499999999999964,0.0,485.99249999999967,0.0,0.0,0.0,0.0,0.0,0.0,0.0,487.25505576451843,4.4658679172393345
29.1,4.729361558214443,-0.09717390486256962,8.251988433833576,0.007521571893258435,-0.000780164128142378,0.024725062419256687,22.499999999999964,0.0,488.24249999999967,0.0,0.0,0.0,0.0,0.0,0.0,0.0,,
29.200000000000003,5.111576656085292,-0.014824281802227317,8.302365577557305,-0.006190688978911077,-0.004253360738599333,0.030852157772944887,22.499999999999964,0.0,490.49249999999967,0.0,0.0,0.0,0.0,0.0,0.0,0.0,,
29.3,5.0544356897963105,-0.04564455592656723,8.215669673366707,0.006074086583456272,0.00739894370094547,5.555560848963508e-05,22.499999999999964,0.0,492.74249999999967,0.0,0.0,0.0,0.0,0.0,0.0,0.0,,
29.400000000000002,5.106553306262567,-0.1626565956475902,8.46600147249666,-0.007273941880043222,-0.0010335472685135373,0.0030449748980244007,22.499999999999964,0.0,494.99249999999967,0.0,0.0,0.0,0.0,0.0,0.0,0.0,,
29.5,5.006788051103343,-0.1429063013696715,8.500073956721508,-0.0025358747288872275,0.015359240690519662,0.0034210566909008595,22.499999999999964,0.0,497.24249999999967,0.0,0.0,0.0,0.0,0.0,0.0,0.0,,
29.6,4.903947308235602,0.3155536589114859,8.482631389185208,0.0019408058154968054,-0.00587272648292226,0.007064970297685085,22.499999999999964,0.0,499.49249999999967,0.0,0.0,0.0,0.0,0.0,0.0,0.0,,
29.700000000000003,4.8045317229459785,0.05435912024289384,8.338007196172933,-0.013518806204631258,-0.0018147741809701136,-0.006766585237357897,22.499999999999964,0.0,501.74249999999967,0.0,0.0,0.0,0.0,0.0,0.0,0.0,,
29.8,5.037737527284306,0.024544094282653004,8.669927151950876,-0.017985691909378147,-0.0038015419950876797,0.006365441733570882,22.499999999999964,0.0,503.99249999999967,0.0,0.0,0.0,0.0,0.0,0.0,0.0,,
29.900000000000002,4.891144688145807,-0.024962103613516622,8.565846437918278,-0.0023746231499276967,0.006401161716586873,0.013003855004151747,22.499999999999964,0.0,506.24249999999967,0.0,0.0,0.0,0.0,0.0,0.0,0.0,,
30.0,2.56186824307928,-0.020703293654648066,9.675847534950453,0.0012774936221659303,-0.0016653203320257878,0.005644509456578607,22.499999999999964,0.0,508.47849999999966,0.0,-2.8,0.0,-2.8,0.0,0.0,0.0,508.5673373259147,-1.5134767492082477
30.1,2.387782377261439,0.11909746034655057,9.709873104229752,0.015970642843741462,-0.0008262762965161029,0.004521668163434938,22.219999999999963,0.0,510.6864999999996,0.0,-2.8,0.0,-2.8,0.0,0.0,0.0,,
30.200000000000003,2.4653351223066626,0.08423245157862372,10.018931523652359,-0.002713501957447543,-0.019226601162734835,0.003557971032219753,21.939999999999962,0.0,512.8664999999996,0.0,-2.8,0.0,-2.8,0.0,0.0,0.0,,
30.3,2.7329428935382407,-0.02656778623447163,9.809752963341948,-0.0022017287326108453,0.02105380418199133,0.008173899549076352,21.65999999999996,0.0,515.0184999999996,0.0,-2.8,0.0,-2.8,0.0,0.0,0.0,,
30.400000000000002,2.500129273005017,0.041179737379021614,10.0270219570215,-0.01030313171379832,0.008340762648719672,0.002560303504012698,21.37999999999996,0.0,517.1424999999996,0.0,-2.8,0.0,-2.8,0.0,0.0,0.0,,
30.5,2.3587384484037615,-0.19037522267350787,9.986992733958184,0.0012945690111997024,-0.0012442537707162834,0.008540500588446878,21.09999999999996,0.0,519.2384999999996,0.0,-2.8,0.0,-2.8,0.0,0.0,0.0,,
30.6,2.482273463335242,0.0782185912341192,9.963689498709913,0.00881872062459454,-0.007545921098731782,0.018994670787608883,20.819999999999958,0.0,521.3064999999996,0.0,-2.8,0.0,-2.8,0.0,0.0,0.0,,
30.700000000000003,2.560652873256042,-0.03632337895682333,9.823725804362205,-0.007451397188603417,0.007088807911608373,-0.003537639379397081,20.539999999999957,0.0,523.3464999999995,0.0,-2.8,0.0,-2.8,0.0,0.0,0.0,,
30.8,2.6198160871344025,0.22124954101314118,9.848526956456068,-0.010217476662854554,0.0031846169191689696,-0.0008277654415188686,20.259999999999955,0.0,525.3584999999995,0.0,-2.8,0.0,-2.8,0.0,0.0,0.0,,
30.900000000000002,2.5230206358736127,-0.033991648646401,9.825432472373084,-0.01064451749105791,0.011305808033964342,0.028241782196850616,19.979999999999954,0.0,527.3424999999995,0.0,-2.8,0.0,-2.8,0.0,0.0,0.0,,
31.0,2.7300193559192674,0.12843319663007408,9.749786923066834,-0.0020921526273718657,-0.004574356073051323,0.005832402091833679,19.699999999999953,0.0,529.2984999999995,0.0,-2.8,0.0,-2.8,0.0,0.0,0.0,526.2438047497287,5.329227473409935
31.1,2.349718634320153,0.06778475133062495,9.851445263860542,0.008270423447199932,-0.0058139922993083685,0.011672785198617643,19.419999999999952,0.0,531.2264999999995,0.0,-2.8,0.0,-2.8,0.0,0.0,0.0,,
31.200000000000003,2.4828306762679753,0.016351209770625926,9.863064119374618,-0.0008414656293962787,0.002642364294743169,0.008616374114393695,19.13999999999995,0.0,533.1264999999995,0.0,-2.8,0.0,-2.8,0.0,0.0,0.0,,
31.3,2.6299830811412823,0.6015564821313382,9.7157784014449,-0.0030991536533601207,0.012833078565811918,-0.00731019756413952,18.85999999999995,0.0,534.9984999999995,0.0,-2.8,0.0,-2.8,0.0,0.0,0.0,,
31.400000000000002,2.5858892851306994,0.13547923675714757,9.700181424600295,0.008831037978732598,-0.009597493071468987,0.009483480059703496,18.57999999999995,0.0,536.8424999999994,0.0,-2.8,0.0,-2.8,0.0,0.0,0.0,,
31.5,2.414394697291391,0.26359347899564484,9.980727361004675,-0.0023020754202890234,0.00010169062550166175,-0.00554284808421198,18.299999999999947,0.0,538.6584999999994,0.0,-2.8,0.0,-2.8,0.0,0.0,0.0,,
31.6,2.577986687477215,0.39528450123675424,9.937889921724333,0.00042743083854555457,-0.0008800959912888954,0.013697622382306023,18.019999999999946,0.0,540.4464999999994,0.0,-2.8,0.0,-2.8,0.0,0.0,0.0,,
31.700000000000003,2.7119344363013407,0.0688537141846961,10.038682973011639,-0.014320690685480262,-0.012957952818922099,0.008691080239568636,17.739999999999945,0.0,542.2064999999994,0.0,-2.8,0.0,-2.8,0.0,0.0,0.0,,
31.8,2.5181161454247576,0.06653210898500286,9.697039367716924,0.0049136138644194135,0.001443016981990852,0.004638810697705174,17.459999999999944,0.0,543.9384999999994,0.0,-2.8,0.0,-2.8,0.0,0.0,0.0,,
31.900000000000002,2.66165609521322,0.15343031465916449,9.972482025509786,-0.0005522622964533246,-0.006707749310946827,0.0043949950816981765,17.179999999999943,0.0,545.6424999999994,0.0,-2.8,0.0,-2.8,0.0,0.0,0.0,,
32.0,2.3321980569635246,0.2388348595234716,9.718806493315293,0.005253417523469905,0.0053117533757719715,-0.0037772765049378524,16.89999999999994,0.0,547.3184999999993,0.0,-2.8,0.0,-2.8,0.0,0.0,0.0,553.5583234402038,7.259872185960651
32.1,2.6495232505531243,-0.16194687852412185,10.199916078775564,0.024134189058842365,-0.01678425636066104,0.004071864692419785,16.61999999999994,0.0,548.9664999999993,0.0,-2.8,0.0,-2.8,0.0,0.0,0.0,,
32.2,2.459697104319932,-0.03596463428781545,9.902455454870617,0.011349740109259052,0.009576125438691052,0.0022220937328133327,16.33999999999994,0.0,550.5864999999993,0.0,-2.8,0.0,-2.8,0.0,0.0,0.0,,
32.300000000000004,2.6762663393225186,-0.07756067507265062,9.964673729416923,0.009902376311532523,-0.0005055431143766481,0.015073524631845386,16.05999999999994,0.0,552.1784999999993,0.0,-2.8,0.0,-2.8,0.0,0.0,0.0,,
32.4,2.479838590887372,-0.027870631521548537,9.671932170870138,0.014804950963533566,-0.009528929101508914,0.007677060962623144,15.779999999999939,0.0,553.7424999999993,0.0,-2.8,0.0,-2.8,0.0,0.0,0.0,,
32.5,2.517294635557086,0.0150191202122219,10.066224912206156,-0.0017840694883704356,-0.02188913577500329,0.011386254895426363,15.49999999999994,0.0,555.2784999999992,0.0,-2.8,0.0,-2.8,0.0,0.0,0.0,,
32.6,2.637647922957326,0.033710060225588374,9.794307925468985,0.00833902500835798,0.0017161853108699774,0.02342262615508504,15.21999999999994,0.0,556.7864999999993,0.0,-2.8,0.0,-2.8,0.0,0.0,0.0,,
32.7,2.414735560481801,-0.039122779383695905,9.816811527990923,0.0014882371945440828,0.008580665429267654,0.00700051521320522,14.93999999999994,0.0,558.2664999999993,0.0,-2.8,0.0,-2.8,0.0,0.0,0.0,,
32.800000000000004,2.539293522530294,-0.07863688113207706,9.7126330806168,-0.016070243029047707,-0.017922128534359594,0.012420696193536925,14.659999999999942,0.0,559.7184999999993,0.0,-2.8,0.0,-2.8,0.0,0.0,0.0,,
32.9,2.502895681998714,0.13841756354969667,9.822420606849436,0.011191929971302597,-0.01002074582954815,-0.0011974312799916589,14.379999999999942,0.0,561.1424999999992,0.0,-2.8,0.0,-2.8,0.0,0.0,0.0,,
33.0,2.2570008441083633,0.24021959329286874,10.06869095590798,-0.0019191005782533122,-0.004463121485773509,-0.0024030091363150315,14.099999999999943,0.0,562.5384999999992,0.0,-2.8,0.0,-2.8,0.0,0.0,0.0,558.5716781303494,5.478476263134423
33.1,2.6849642464034726,0.15810621099799443,10.09886285925085,-0.003367884443432481,0.010275172430877375,-0.012851966339930281,13.819999999999943,0.0,563.9064999999991,0.0,-2.8,0.0,-2.8,0.0,0.0,0.0,,
33.2,2.5854737483494343,-0.15357131680000774,10.002803471887995,-0.0023461858945661015,0.011522821141662252,-0.003108213449565856,13.539999999999944,0.0,565.2464999999992,0.0,-2.8,0.0,-2.8,0.0,0.0,0.0,,
33.300000000000004,2.381407363394705,0.1388062436890354,9.732730061631496,0.008136420365979582,-0.008575467226442276,0.01508217213410442,13.259999999999945,0.0,566.5584999999992,0.0,-2.8,0.0,-2.8,0.0,0.0,0.0,,
33.4,2.537562353404598,0.05171351711469217,9.804226333820509,-0.01326083766879969,-0.006489808077330465,-0.0009787696745737814,12.979999999999945,0.0,567.8424999999992,0.0,-2.8,0.0,-2.8,0.0,0.0,0.0,,
33.5,2.6205070288446293,-0.005377135798444434,9.71762189574304,0.014420053593633714,0.002960075965174201,-0.013990326772751978,12.699999999999946,0.0,569.0984999999991,0.0,-2.8,0.0,-2.8,0.0,0.0,0.0,,
33.6,2.5586765020124456,-0.10379101601994116,9.927311227006946,-0.003180004013504128,-0.02384897048976654,-0.007814035964480867,12.419999999999947,0.0,570.3264999999991,0.0,-2.8,0.0,-2.8,0.0,0.0,0.0,,
33.7,2.4561828070616993,0.19660266684914357,9.854196768459774,0.012484881781017504,0.0021400806973789423,-0.014402731435495926,12.139999999999947,0.0,571.526499999999,0.0,-2.8,0.0,-2.8,0.0,0.0,0.0,,
33.800000000000004,2.442196344869321,0.2088151526824754,9.922660057458886,0.004038414927698413,-0.01622524048638214,0.018980889528335442,11.859999999999948,0.0,572.6984999999991,0.0,-2.8,0.0,-2.8,0.0,0.0,0.0,,
33.9,2.2976245554754,-0.11712158866421025,9.730895537643212,0.00483123500154111,-0.00409664211246998,0.015486764402092155,11.579999999999949,0.0,573.8424999999991,0.0,-2.8,0.0,-2.8,0.0,0.0,0.0,,
34.0,2.2885690720601706,-0.012120331995963077,9.938331190244604,-0.0026682519798208572,-0.00844179959911225,0.00045686903646754637,11.29999999999995,0.0,574.958499999999,0.0,-2.8,0.0,-2.8,0.0,0.0,0.0,572.2199778374219,0.8816409449216874
34.1,2.7335135583435224,-0.05795568167532972,9.76682172327714,0.0045423596241858525,-0.010711169838055317,-0.004806407493533493,11.01999999999995,0.0,576.046499999999,0.0,-2.8,0.0,-2.8,0.0,0.0,0.0,,
34.2,2.4405830878217234,0.19948002540374268,10.05107723813889,-0.013674382264483179,-0.007667216729506632,0.012074091616160654,10.73999999999995,0.0,577.106499999999,0.0,-2.8,0.0,-2.8,0.0,0.0,0.0,,
34.300000000000004,2.3098879090404627,-0.125307628882853,9.785425818310234,-0.0016142351668943576,0.004233514995831987,0.009349575899270724,10.459999999999951,0.0,578.138499999999,0.0,-2.8,0.0,-2.8,0.0,0.0,0.0,,
34.4,2.729608719566988,-0.16882822764600833,9.846443411954667,-0.00726021932502248,0.0023232221278889,0.01674457046114584,10.179999999999952,0.0,579.142499999999,0.0,-2.8,0.0,-2.8,0.0,0.0,0.0,,
34.5,2.378412121745015,-0.07398483952481473,9.897862332202411,0.012612455498426312,0.001968472394443585,0.021252021738638844,9.899999999999952,0.0,580.118499999999,0.0,-2.8,0.0,-2.8,0.0,0.0,0.0,,
34.6,2.446768331554008,0.033584874292475635,10.01385159707655,0.0006230950374638693,-0.024255286297277467,-0.005271846567336899,9.619999999999953,0.0,581.066499999999,0.0,-2.8,0.0,-2.8,0.0,0.0,0.0,,
34.7,2.6822898323324846,-0.09032288428782212,9.789844193731206,-0.020260125640842275,0.005162504628777862,0.0029981623382505595,9.339999999999954,0.0,581.986499999999,0.0,-2.8,0.0,-2.8,0.0,0.0,0.0,,
34.800000000000004,2.6281769743066348,-0.05714194973028605,9.849986336045772,0.01488690386108353,-0.004719638358108871,0.004097126709978768,9.059999999999954,0.0,582.8784999999989,0.0,-2.8,0.0,-2.8,0.0,0.0,0.0,,
34.9,2.4506285338822873,0.07908358462986488,9.636929934857722,-0.012144363918176032,-0.007591563169617252,0.0004564174507588484,8.779999999999955,0.0,583.7424999999989,0.0,-2.8,0.0,-2.8,0.0,0.0,0.0,,
35.0,2.592949030123673,-0.23640791093434962,9.81981103267071,-0.02606006549486824,0.006828229961530374,0.01803707042757316,8.499999999999956,0.0,584.5784999999989,0.0,-2.8,0.0,-2.8,0.0,0.0,0.0,588.093437205333,-5.491427855034667
35.1,2.544721488103123,-0.13058745857183976,9.800856830198382,-0.012043639108522032,0.006888465735404481,-0.006927084108841048,8.219999999999956,0.0,585.3864999999989,0.0,-2.8,0.0,-2.8,0.0,0.0,0.0,,
35.2,2.5345805212322334,-0.06163061651560563,10.086098666352392,0.008317477145770951,0.004520494838868328,0.01403066032086437,7.939999999999956,0.0,586.1664999999989,0.0,-2.8,0.0,-2.8,0.0,0.0,0.0,,
35.300000000000004,2.585529073542916,0.14407061195495505,10.05685850748092,0.010872712216306351,0.0036691153907205017,0.019370665602320068,7.659999999999956,0.0,586.9184999999989,0.0,-2.8,0.0,-2.8,0.0,0.0,0.0,,
35.4,2.2011155779385696,-0.18955851904032325,9.796434282797929,-0.006959692263495372,-0.0008835659525772703,-0.00129300772352859,7.3799999999999555,0.0,587.6424999999988,0.0,-2.8,0.0,-2.8,0.0,0.0,0.0,,
35.5,2.4131249894926934,-0.0811460421029084,10.010011307315088,0.01165099705375099,0.01361280269287049,-0.0032273938017814375,7.099999999999955,0.0,588.3384999999988,0.0,-2.8,0.0,-2.8,0.0,0.0,0.0,,
35.6,2.4828467412112163,0.17961947112634422,9.541600328072798,0.0016296470655898718,0.00033972763138842164,0.005258849046643477,6.819999999999955,0.0,589.0064999999988,0.0,-2.8,0.0,-2.8,0.0,0.0,0.0,,
35.7,2.466475917808358,0.03462309699655722,9.832799066199312,-0.006879292011127083,0.014371173912748864,0.01709209414111539,6.539999999999955,0.0,589.6464999999988,0.0,-2.8,0.0,-2.8,0.0,0.0,0.0,,
35.800000000000004,2.457923152434242,0.07004753052533529,9.8020485148767,-0.0047647180594990145,0.00564823414171329,-0.016423459582266903,6.2599999999999545,0.0,590.2584999999988,0.0,-2.8,0.0,-2.8,0.0,0.0,0.0,,
35.9,2.861658397748377,-0.09207671686344743,9.749047457435445,0.0038946662800260962,0.00146081957403739,0.030454441647517323,5.979999999999954,0.0,590.8424999999987,0.0,-2.8,0.0,-2.8,0.0,0.0,0.0,,
36.0,2.552855720552787,0.13269049433490404,9.849170068932631,-0.00821064478139883,-0.01472592628878087,0.012887420551140047,5.699999999999954,0.0,591.3984999999988,0.0,-2.8,0.0,-2.8,0.0,0.0,0.0,590.9737778699122,3.7147555649100434
36.1,2.6810686735052136,-0.11117021938328227,9.950304317673318,0.002208412366111998,0.012159198507530918,0.008775152398741087,5.419999999999954,0.0,591.9264999999988,0.0,-2.8,0.0,-2.8,0.0,0.0,0.0,,
36.2,2.4267969781910925,-0.02743116959273603,9.91762205151178,0.015993217894785607,0.002385315472752299,0.007749859530596138,5.1399999999999535,0.0,592.4264999999988,0.0,-2.8,0.0,-2.8,0.0,0.0,0.0,,
36.300000000000004,2.5573324809592686,0.10357341388318425,9.8558744666305,-0.0008010377561619346,0.004207299903420498,-0.0029539014598604823,4.859999999999953,0.0,592.8984999999988,0.0,-2.8,0.0,-2.8,0.0,0.0,0.0,,
36.4,2.445517866433493,-0.054518178678751084,10.039587676388553,0.01655123813592295,0.006839723345899848,-0.005607230167805955,4.579999999999953,0.0,593.3424999999987,0.0,-2.8,0.0,-2.8,0.0,0.0,0.0,,
36.5,2.5447678375598755,-0.2236842192558135,10.0690592015374,0.003147298428301829,-0.009542501090863452,-0.012642895775237722,4.299999999999953,0.0,593.7584999999987,0.0,-2.8,0.0,-2.8,0.0,0.0,0.0,,
36.6,2.7586184664171283,0.10727747421559605,9.7265907875889,-0.028722648607665567,-7.46181656273756e-06,0.0010062311764670179,4.0199999999999525,0.0,594.1464999999987,0.0,-2.8,0.0,-2.8,0.0,0.0,0.0,,
36.7,2.4167654174770963,-0.009872994943581792,9.883589480160904,0.013336338740340108,-0.03548971742248574,0.02187211003886988,3.7399999999999527,0.0,594.5064999999987,0.0,-2.8,0.0,-2.8,0.0,0.0,0.0,,
36.800000000000004,2.661787468245555,0.08910483094043556,9.615757931105522,-0.010763721547977188,-0.004954925846795231,0.001574870471838431,3.459999999999953,0.0,594.8384999999987,0.0,-2.8,0.0,-2.8,0.0,0.0,0.0,,
36.9,2.736989314266439,0.21591307469459445,9.95640577823543,0.004578315367905146,-0.00532822978274847,-0.009634941237448225,3.179999999999953,0.0,595.1424999999987,0.0,-2.8,0.0,-2.8,0.0,0.0,0.0,,
37.0,2.660404730113071,-0.14786841526663597,9.949994407730582,0.0026944638046174038,-0.004414467400801304,0.020861186419734126,2.8999999999999533,0.0,595.4184999999986,0.0,-2.8,0.0,-2.8,0.0,0.0,0.0,596.9047145890972,4.823707701250777
37.1,2.5214519003344336,0.10620715105597842,9.671731691877117,0.01445923295496415,-0.006032455526404932,-0.0007317228958445996,2.6199999999999535,0.0,595.6664999999986,0.0,-2.8,0.0,-2.8,0.0,0.0,0.0,,
37.2,2.7472991509229283,-0.11468220946630926,9.827015270143441,-0.008442608909728661,0.00460085242573824,0.0051533114031402875,2.3399999999999537,0.0,595.8864999999986,0.0,-2.8,0.0,-2.8,0.0,0.0,0.0,,
37.300000000000004,2.353094010308469,0.0897740706590649,9.975005624747258,-0.006603173650514108,0.006450947168529928,-0.014840573153167967,2.059999999999954,0.0,596.0784999999986,0.0,-2.8,0.0,-2.8,0.0,0.0,0.0,,
37.4,2.496908942419275,-0.19269454102769457,9.92325609266236,0.0019696906960277225,-0.013539745838108574,-0.009202854714765361,1.7799999999999538,0.0,596.2424999999986,0.0,-2.8,0.0,-2.8,0.0,0.0,0.0,,
37.5,2.569794078750798,0.1188570210471496,9.856353475428667,0.01130252751427235,0.004378602473916551,-0.00025113863250219616,1.4999999999999538,0.0,596.3784999999986,0.0,-2.8,0.0,-2.8,0.0,0.0,0.0,,
37.6,2.5111965046970313,0.1306045851522149,9.926054659140565,0.02530938690086263,-0.009388988170850342,-0.007611864460894835,1.2199999999999538,0.0,596.4864999999985,0.0,-2.8,0.0,-2.8,0.0,0.0,0.0,,
37.7,2.5838361610232936,-0.01379662003516523,9.833691034966902,0.012509979959709403,0.012359669116972343,-0.00011054661802173491,0.9399999999999538,0.0,596.5664999999985,0.0,-2.8,0.0,-2.8,0.0,0.0,0.0,,
37.800000000000004,2.6542260450509385,-0.07048039959808887,9.920731872144776,-0.00991407689108989,-0.00033546735988736594,-0.015062690188381574,0.6599999999999537,0.0,596.6184999999986,0.0,-2.8,0.0,-2.8,0.0,0.0,0.0,,
37.9,2.586800953729812,0.018805981107194402,9.649185419835064,-0.010720197125994747,-0.013625426102539836,0.00953728740072912,0.37999999999995376,0.0,596.6424999999986,0.0,-2.8,0.0,-2.8,0.0,0.0,0.0,,
38.0,5.045819751252377,0.10828507538100077,8.570010124065384,-0.00859179893932401,-0.009191751457670483,0.007893881728649398,0.09999999999995379,0.0,596.6524999999986,0.0,0.0,0.0,0.0,0.0,0.0,0.0,593.8859625034729,6.675663465062274
38.1,4.968570165601461,-0.26583884965999943,8.550120434848752,0.014445010474392079,-0.001829992876488282,0.01714297401823706,0.09999999999995379,0.0,596.6624999999985,0.0,0.0,0.0,0.0,0.0,0.0,0.0,,
38.2,5.212673892242668,-0.12362056135104617,8.446858157077845,0.004407608158488178,0.011662126793646367,-0.00021183377208960907,0.09999999999995379,0.0,596.6724999999985,0.0,0.0,0.0,0.0,0.0,0.0,0.0,,
38.300000000000004,5.110273144273104,-0.021454250856343112,8.495136183330214,-0.009112501664942752,-0.0039560340301961015,-0.007519569498716854,0.09999999999995379,0.0,596.6824999999985,0.0,0.0,0.0,0.0,0.0,0.0,0.0,,
38.400000000000006,4.940449953911876,0.03833782138464792,8.27293655705966,0.008235536801719793,-0.004266474629839251,-0.020413762662865296,0.09999999999995379,0.0,596.6924999999985,0.0,0.0,0.0,0.0,0.0,0.0,0.0,,
38.5,4.843424344871994,0.18388548458931003,8.189355327142245,0.0001909818018037339,-0.004626232457025996,0.008554550186322944,0.09999999999995379,0.0,596.7024999999985,0.0,0.0,0.0,0.0,0.0,0.0,0.0,,
38.6,4.927318118680229,0.26113576211803247,8.408918223729426,-0.004023118944615307,0.00384216759284164,-0.0199629433495875,0.09999999999995379,0.0,596.7124999999985,0.0,0.0,0.0,0.0,0.0,0.0,0.0,,
38.7,4.829725836417262,-0.05690312730911598,8.24606736643818,0.008927296348216766,0.002406351587063105,-0.0003150839456991326,0.09999999999995379,0.0,596.7224999999985,0.0,0.0,0.0,0.0,0.0,0.0,0.0,,
38.800000000000004,4.917818371300015,0.12724829427071097,8.425363512906545,-0.015151774078675984,0.004232111972344145,-0.006753319796123922,0.09999999999995379,0.0,596.7324999999985,0.0,0.0,0.0,0.0,0.0,0.0,0.0,,
38.900000000000006,4.879257769309548,0.034369532176925115,8.445970271311433,0.01635129183717858,-0.004789362912088716,0.027757447254305664,0.09999999999995379,0.0,596.7424999999985,0.0,0.0,0.0,0.0,0.0,0.0,0.0,,
39.0,5.030985431221266,0.019462025505531066,8.429912059123644,0.008340560144408635,-0.006884953210217049,-0.00018128920716246368,0.09999999999995379,0.0,596.7524999999985,0.0,0.0,0.0,0.0,0.0,0.0,0.0,602.6484662942881,-7.024483030689083
39.1,5.00764135123244,0.11675823901859825,8.459976064801907,0.008793572987814767,0.008970647061102828,-0.011078726768259203,0.09999999999995379,0.0,596.7624999999985,0.0,0.0,0.0,0.0,0.0,0.0,0.0,,
39.2,5.269520309226772,0.20765202387229115,8.271842131398424,0.006220875980822002,0.0010757266751106223,5.456695222910441e-05,0.09999999999995379,0.0,596.7724999999984,0.0,0.0,0.0,0.0,0.0,0.0,0.0,,
39.300000000000004,5.117186299448548,0.26940195961827434,8.59142857486778,-0.006433063333071415,0.00652234405095634,-0.004615227380048719,0.09999999999995379,0.0,596.7824999999984,0.0,0.0,0.0,0.0,0.0,0.0,0.0,,
39.400000000000006,4.89480902818817,-0.07773263084881109,8.677059403357706,0.0004523434574074995,-0.005074723949228987,-0.0020603086204473266,0.09999999999995379,0.0,596.7924999999984,0.0,0.0,0.0,0.0,0.0,0.0,0.0,,
39.5,4.880849924415392,0.09950503394077273,8.323058918089961,-0.0030171162522321096,0.004648972627199081,0.0044596012617190315,0.09999999999995379,0.0,596.8024999999984,0.0,0.0,0.0,0.0,0.0,0.0,0.0,,
39.6,5.222467870524882,0.09059718393967417,8.35154213187133,-0.020888539612799652,-0.0006178114556161946,0.015460324924568801,0.09999999999995379,0.0,596.8124999999984,0.0,0.0,0.0,0.0,0.0,0.0,0.0,,
39.7,4.917795476632454,-0.08837027548821694,8.411136620254977,0.0026474307447983537,0.017605764656973936,0.004482861900647671,0.09999999999995379,0.0,596.8224999999984,0.0,0.0,0.0,0.0,0.0,0.0,0.0,,
39.800000000000004,5.0025018895659965,0.0884082588415848,8.47668424325525,-0.018746390791560902,-0.006689724285511126,0.006221627052868682,0.09999999999995379,0.0,596.8324999999984,0.0,0.0,0.0,0.0,0.0,0.0,0.0,,
39.900000000000006,5.119783471886361,-0.02168749522237885,8.456812308888434,-0.008352410888222804,-0.020954728062968053,0.01685942182132451,0.09999999999995379,0.0,596.8424999999984,0.0,0.0,0.0,0.0,0.0,0.0,0.0,,
40.0,4.820965597044706,0.26886709102131184,8.438604760275771,0.0038505889342186172,0.0088936921769464,-0.005039386244500214,0.09999999999995379,0.0,596.8524999999984,0.0,0.0,0.0,0.0,0.0,0.0,0.0,605.8307499603969,-2.0655213244878183
40.1,4.8648828610769606,-0.15856583220800666,8.354937680297178,0.0023801239983787,0.015825706692570902,0.015505238827358228,0.09999999999995379,0.0,596.8624999999984,0.0,0.0,0.0,0.0,0.0,0.0,0.0,,
40.2,4.8939508465962716,0.09388558195131218,8.405389876967448,0.0077207750993430945,0.020137325616407416,0.016543464692893684,0.09999999999995379,0.0,596.8724999999984,0.0,0.0,0.0,0.0,0.0,0.0,0.0,,
40.300000000000004,4.7726561168792845,0.07868840140658173,8.444962957396832,0.006241714124172126,-0.0001737729676938415,-0.01647621377242714,0.09999999999995379,0.0,596.8824999999983,0.0,0.0,0.0,0.0,0.0,0.0,0.0,,
40.400000000000006,4.8812591697501935,-0.02877855703184151,8.138578688966687,0.0016868360121870523,0.016337236111379962,0.007761257478494236,0.09999999999995379,0.0,596.8924999999983,0.0,0.0,0.0,0.0,0.0,0.0,0.0,,
40.5,5.046579027195536,0.09417563586919764,8.650175308027666,-0.004083133093821553,0.008349562117918269,0.013304243800288409,0.09999999999995379,0.0,596.9024999999983,0.0,0.0,0.0,0.0,0.0,0.0,0.0,,
40.6,4.913678201629192,0.18266710641793493,8.599800658503966,0.009589471240552615,0.00862666760319279,0.002214623744674163,0.09999999999995379,0.0,596.9124999999983,0.0,0.0,0.0,0.0,0.0,0.0,0.0,,
40.7,5.178349684951957,0.16203576741835932,8.441228606030771,-0.009762055300915602,-0.01611604097138377,-0.012904573810562096,0.09999999999995379,0.0,596.9224999999983,0.0,0.0,0.0,0.0,0.0,0.0,0.0,,
40.800000000000004,4.785546783052545,-0.04263510354905457,8.529742361438625,0.004746949869217824,-0.008374629666254732,0.0023488057822288896,0.09999999999995379,0.0,596.9324999999983,0.0,0.0,0.0,0.0,0.0,0.0,0.0,,
40.900000000000006,4.96298593213059,0.12498965358816465,8.038157626308337,0.0048173613195736705,-0.004143457597046303,-0.005461557586616113,0.09999999999995379,0.0,596.9424999999983,0.0,0.0,0.0,0.0,0.0,0.0,0.0,,
41.0,4.8879951549057585,-0.01988433906602347,8.583922953318671,-0.009313736493532327,0.004965333694872236,0.01203626870460744,0.09999999999995379,0.0,596.9524999999983,0.0,0.0,0.0,0.0,0.0,0.0,0.0,585.6397757066331,-4.299266720363762
41.1,5.010574993492172,-0.051967762917796326,8.512199956111925,-0.002974689575398068,-0.006548454858021329,0.013355776502208143,0.09999999999995379,0.0,596.9624999999983,0.0,0.0,0.0,0.0,0.0,0.0,0.0,,
41.2,4.941285944899651,-0.19998998480101604,8.518846646543421,0.006872959924117741,-0.004358349373351407,-0.005290321784499675,0.09999999999995379,0.0,596.9724999999983,0.0,0.0,0.0,0.0,0.0,0.0,0.0,,
41.300000000000004,4.71874041921521,0.0354938130461298,8.596764971292448,-0.005146378915448921,0.014442632791880062,0.014928704922844233,0.09999999999995379,0.0,596.9824999999983,0.0,0.0,0.0,0.0,0.0,0.0,0.0,,
41.400000000000006,5.0969761124284,-0.007854760491809169,8.416291525056096,0.001289657102866769,0.02026638920199876,0.005434387810121453,0.09999999999995379,0.0,596.9924999999982,0.0,0.0,0.0,0.0,0.0,0.0,0.0,,
41.5,4.78028387082692,0.11020151873472955,8.495964649729231,0.010420387674091779,0.004622632812775624,-0.0005212003725605773,0.09999999999995379,0.0,597.0024999999982,0.0,0.0,0.0,0.0,0.0,0.0,0.0,,
41.6,5.119573159438499,-0.1769447102681741,8.379743631500515,-0.0008507207979006581,0.013224871891050967,0.018216266399559172,0.09999999999995379,0.0,597.0124999999982,0.0,0.0,0.0,0.0,0.0,0.0,0.0,,
41.7,5.051834303768304,0.1989654403733767,8.40654786322131,0.005169849197827064,5.934969386118658e-05,0.004210315447486142,0.09999999999995379,0.0,597.0224999999982,0.0,0.0,0.0,0.0,0.0,0.0,0.0,,
41.800000000000004,5.120339042087837,0.07647638268385437,8.515290873070967,-0.0048302124541671635,0.00225474146385217,0.012771790438026476,0.09999999999995379,0.0,597.0324999999982,0.0,0.0,0.0,0.0,0.0,0.0,0.0,,
41.900000000000006,5.378215508855425,0.040928923113659144,8.679929685809537,-0.0024755932001680643,-0.0007277032389715445,0.014510388133584011,0.09999999999995379,0.0,597.0424999999982,0.0,0.0,0.0,0.0,0.0,0.0,0.0,,
42.0,4.894820270445144,-0.1852047870089875,8.213231450781773,0.012879733666774359,-0.001636276721865006,0.007014808626756868,0.09999999999995379,0.0,597.0524999999982,0.0,0.0,0.0,0.0,0.0,0.0,0.0,603.4710756717898,6.11731761497024
42.1,5.19112290375347,-0.12611286171907457,8.41884637634671,-0.0011923408703412492,-0.006968070506204333,0.0028116337628954872,0.09999999999995379,0.0,597.0624999999982,0.0,0.0,0.0,0.0,0.0,0.0,0.0,,
42.2,4.905738970504302,-0.018127932126787424,8.504542777895747,-0.002673508720859603,0.014629681830868064,0.004480482858398316,0.09999999999995379,0.0,597.0724999999982,0.0,0.0,0.0,0.0,0.0,0.0,0.0,,
42.300000000000004,4.989151958569803,0.11937680335243246,8.371414713043942,-0.0023167939729513117,0.01032361076785058,-0.0044546444779470255,0.09999999999995379,0.0,597.0824999999982,0.0,0.0,0.0,0.0,0.0,0.0,0.0,,
42.400000000000006,5.176808021745892,0.04583001647947846,8.458990449627782,-0.0052900128423997396,0.004177226292611539,-0.002500493972394274,0.09999999999995379,0.0,597.0924999999982,0.0,0.0,0.0,0.0,0.0,0.0,0.0,,
42.5,4.921706394602905,-0.05786267838045282,8.396355944363988,-0.006966811227221898,0.002641876315359034,0.016202177121325642,0.09999999999995379,0.0,597.1024999999981,0.0,0.0,0.0,0.0,0.0,0.0,0.0,,
42.6,5.007471492251653,0.10598083976088932,8.606660179321642,0.0020190206114638963,0.004586617083546453,0.022356730246685986,0.09999999999995379,0.0,597.1124999999981,0.0,0.0,0.0,0.0,0.0,0.0,0.0,,
42.7,4.7910241061952865,0.12353799882479624,8.24633477127731,-0.0032713182753889274,0.0033642782601689633,0.01409909153453643,0.09999999999995379,0.0,597.1224999999981,0.0,0.0,0.0,0.0,0.0,0.0,0.0,,
42.800000000000004,4.942656082652863,-0.02847331587004442,8.71474872591968,0.0003062943112697949,0.004604952451990017,-0.0073327209543843095,0.09999999999995379,0.0,597.1324999999981,0.0,0.0,0.0,0.0,0.0,0.0,0.0,,
42.900000000000006,4.846699469000996,-0.060788311667295536,8.564692658073332,-0.008456271795903253,0.007172603227210168,-0.0036900504038844322,0.09999999999995379,0.0,597.1424999999981,0.0,0.0,0.0,0.0,0.0,0.0,0.0,,
43.0,4.847021030559968,-0.022623903091125674,8.580595308649837,-0.00433729451401132,-0.006048943395121453,-0.006590553888057901,0.09999999999995379,0.0,597.1524999999981,0.0,0.0,0.0,0.0,0.0,0.0,0.0,593.2438970283232,-4.067277438797714
43.1,4.932746902978327,0.21628198890179795,8.246285820123685,0.005320101876832177,-0.0015675253094943498,0.009454142108594321,0.09999999999995379,0.0,597.1624999999981,0.0,0.0,0.0,0.0,0.0,0.0,0.0,,
43.2,4.842507747321615,0.05329318685389123,8.434715552214312,0.009093579782153822,-0.011158865445061037,0.001844522384360483,0.09999999999995379,0.0,597.1724999999981,0.0,0.0,0.0,0.0,0.0,0.0,0.0,,
43.300000000000004,4.808846108985666,0.01272084080002715,8.520734277720406,0.003212917399464077,-0.0035250494533829264,-0.006585407231333803,0.09999999999995379,0.0,597.1824999999981,0.0,0.0,0.0,0.0,0.0,0.0,0.0,,
43.400000000000006,4.800590150779967,-0.06667598112091674,8.482814784857256,0.013630030802822508,-0.016771977766335516,0.01670916102901292,0.09999999999995379,0.0,597.1924999999981,0.0,0.0,0.0,0.0,0.0,0.0,0.0,,
43.5,4.950163127297208,-0.01125893096353384,8.545740223080099,0.006639543942744033,-0.009331072445784,0.016572856352957025,0.09999999999995379,0.0,597.202499999998,0.0,0.0,0.0,0.0,0.0,0.0,0.0,,
43.6,4.953578048856897,0.09383419272229361,8.62004266250128,0.0036230707742371917,0.014784534829907405,0.011022773079111627,0.09999999999995379,0.0,597.212499999998,0.0,0.0,0.0,0.0,0.0,0.0,0.0,,
43.7,5.006572603085994,0.07721030379505914,8.617530398545219,-0.005356031696553226,-0.015297902228295055,0.0019355500610941574,0.09999999999995379,0.0,597.222499999998,0.0,0.0,0.0,0.0,0.0,0.0,0.0,,
43.800000000000004,4.953928331377808,-0.36626932650216204,8.249068301990148,-0.0003685287537351644,0.007830829339990047,-0.001556816435986482,0.09999999999995379,0.0,597.232499999998,0.0,0.0,0.0,0.0,0.0,0.0,0.0,,
43.900000000000006,4.963835890377812,-0.11366642254558594,8.70836910030291,-0.00318317752480369,0.0003418153586694924,0.015144237351685158,0.09999999999995379,0.0,597.242499999998,0.0,0.0,0.0,0.0,0.0,0.0,0.0,,
44.0,5.121684221244906,-0.01404414401242737,8.489158507307852,-0.004327091260203351,0.0059617352773994724,0.014804731239043273,0.09999999999995379,0.0,597.252499999998,0.0,0.0,0.0,0.0,0.0,0.0,0.0,601.6655182392738,5.913341180076395
44.1,5.1005804791201115,0.0357364762237784,8.560158255430359,-0.02231339326082645,0.022198205514576914,0.016010137091370998,0.09999999999995379,0.0,597.262499999998,0.0,0.0,0.0,0.0,0.0,0.0,0.0,,
44.2,4.817078207778683,-0.079924631744549,8.410996770926683,0.00905538451380193,-0.0027085078073547466,0.0008828455288642642,0.09999999999995379,0.0,597.272499999998,0.0,0.0,0.0,0.0,0.0,0.0,0.0,,
44.300000000000004,4.865546014457082,0.2550545214808551,8.360474358241335,-0.01148596214111051,-0.004029263765844441,0.008551384141675809,0.09999999999995379,0.0,597.282499999998,0.0,0.0,0.0,0.0,0.0,0.0,0.0,,
44.400000000000006,5.062565663731478,0.00976725486699973,8.46854229522213,0.02435887494661584,-0.005916212174238529,0.00931433467675663,0.09999999999995379,0.0,597.292499999998,0.0,0.0,0.0,0.0,0.0,0.0,0.0,,
44.5,5.107453227099671,0.08468051606846241,8.304638270863288,0.0020755887813923776,0.016750693211459916,0.011626833576400293,0.09999999999995379,0.0,597.302499999998,0.0,0.0,0.0,0.0,0.0,0.0,0.0,,
44.6,4.944109326990453,0.07164370826990418,8.374512932237344,-0.009943636255239328,0.007799749598456813,0.006178074174158374,0.09999999999995379,0.0,597.312499999998,0.0,0.0,0.0,0.0,0.0,0.0,0.0,,
44.7,4.8885532142619565,0.16125262123561054,8.222926094790857,0.005426961527762884,0.011687919702652348,0.02345805778600132,0.09999999999995379,0.0,597.322499999998,0.0,0.0,0.0,0.0,0.0,0.0,0.0,,
44.800000000000004,5.087035492296401,-0.06193954897200982,8.483907165875461,0.013663403392245182,-0.003329225670154873,0.02053210407586022,0.09999999999995379,0.0,597.3324999999979,0.0,0.0,0.0,0.0,0.0,0.0,0.0,,
44.900000000000006,4.92904186408331,0.02933599219469609,8.549266397110378,0.008400710534227852,-0.0023278078152902206,0.0017004082601390492,0.09999999999995379,0.0,597.3424999999979,0.0,0.0,0.0,0.0,0.0,0.0,0.0,,
45.0,6.789296741148195,0.33084526285552984,7.365158868281645,-0.011641038151238318,0.013812338688852852,0.021420216451152514,0.09999999999995379,0.0,597.3624999999979,0.0,2.0,0.0,2.0,0.0,0.0,0.0,599.1937476627156,4.2851072812901165
45.1,6.6977912212078365,0.2893201280971575,7.521002663123722,-0.020543322500716558,-0.0019405320275314236,0.009444887887750471,0.2999999999999538,0.0,597.4024999999979,0.0,2.0,0.0,2.0,0.0,0.0,0.0,,
45.2,6.84249872724127,0.1162706506902132,7.504559470034226,0.012051044442627334,0.0036594306096754585,0.0035037189891553343,0.4999999999999538,0.0,597.4624999999978,0.0,2.0,0.0,2.0,0.0,0.0,0.0,,
45.300000000000004,6.907622990090955,-0.033727144927645766,7.436698897236205,0.0017399119837710232,-0.006229630635121202,0.005134813461774201,0.6999999999999538,0.0,597.5424999999979,0.0,2.0,0.0,2.0,0.0,0.0,0.0,,
45.400000000000006,6.457485781337928,0.1906444049545713,7.512897174463277,-0.010167885580332145,-0.014901298007024293,0.0063049226227431835,0.8999999999999537,0.0,597.6424999999979,0.0,2.0,0.0,2.0,0.0,0.0,0.0,,
45.5,6.9104201438860855,0.07359515428197748,7.554606511470549,-0.01007305549913887,-0.0025881113734785265,4.111116063823788e-05,1.0999999999999537,0.0,597.7624999999979,0.0,2.0,0.0,2.0,0.0,0.0,0.0,,
45.6,6.951507298648913,-0.09091452039644235,7.467163318379908,0.001531752578764827,0.012143070904005432,0.007259530180536004,1.2999999999999536,0.0,597.9024999999979,0.0,2.0,0.0,2.0,0.0,0.0,0.0,,
45.7,6.6629196054891935,0.05132579628199137,7.415829811556846,-0.006476786462490723,0.01734090333961914,0.004018614294654976,1.4999999999999536,0.0,598.0624999999978,0.0,2.0,0.0,2.0,0.0,0.0,0.0,,
45.800000000000004,6.732292612698172,-0.09023233860389163,7.307575609679544,-0.007771229800622151,-0.0027256705196985493,0.01072841900781884,1.6999999999999535,0.0,598.2424999999978,0.0,2.0,0.0,2.0,0.0,0.0,0.0,,
45.900000000000006,6.597288095116422,-0.23791614853273088,7.089515292479849,0.010889527953066658,-0.0197637845165761,0.01501466997498047,1.8999999999999535,0.0,598.4424999999977,0.0,2.0,0.0,2.0,0.0,0.0,0.0,,
46.0,6.72640775926167,-0.009966074853422411,7.461720816441059,0.02572446709501782,0.005741607904623185,-0.00994924318317569,2.0999999999999535,0.0,598.6624999999977,0.0,2.0,0.0,2.0,0.0,0.0,0.0,601.0844715080062,1.0750895031658672
46.1,6.943635091301594,-0.03675713645670098,7.470213176634269,-0.0033569650677824827,0.006746852339797203,0.01729116372978844,2.2999999999999536,0.0,598.9024999999978,0.0,2.0,0.0,2.0,0.0,0.0,0.0,,
46.2,6.742900319738809,-0.0730102821249187,7.643040836908016,0.0037592362480204397,0.018046817484757238,0.02268756900968799,2.499999999999954,0.0,599.1624999999977,0.0,2.0,0.0,2.0,0.0,0.0,0.0,,
46.300000000000004,6.690725913751135,0.0859231435535089,7.31228823361157,0.005266631604495236,0.0077662167669782225,0.016155660864659298,2.699999999999954,0.0,599.4424999999977,0.0,2.0,0.0,2.0,0.0,0.0,0.0,,
46.400000000000006,6.842688214825311,0.07759149199725088,7.7020510044726755,-0.01197884515614048,-0.008515332982125626,0.019582613543234356,2.899999999999954,0.0,599.7424999999977,0.0,2.0,0.0,2.0,0.0,0.0,0.0,,
46.5,6.8293960374934555,0.022789591408697723,7.423221445229833,0.0035522646016032007,-0.015302692947003137,0.014854871614424829,3.0999999999999543,0.0,600.0624999999976,0.0,2.0,0.0,2.0,0.0,0.0,0.0,,
46.6,6.769054136062789,-0.006083860070153078,7.4788974626303455,-0.013185397941418948,0.004154951455230862,0.011751559716336813,3.2999999999999545,0.0,600.4024999999976,0.0,2.0,0.0,2.0,0.0,0.0,0.0,,
46.7,6.745002216490866,0.045640755564278324,7.415166087552106,0.0011159811944394132,-0.011365100654415204,-0.001806543399540705,3.4999999999999547,0.0,600.7624999999977,0.0,2.0,0.0,2.0,0.0,0.0,0.0,,
46.800000000000004,6.541900915378253,-0.24318428454376936,7.3881640033891705,-0.0013844207893231575,-0.008717715940568273,0.011286359629739659,3.699999999999955,0.0,601.1424999999977,0.0,2.0,0.0,2.0,0.0,0.0,0.0,,
46.900000000000006,6.389387021241576,0.18104151877290653,7.567818171827653,-0.0005759525848374216,0.02293227556184395,0.029943182711726045,3.899999999999955,0.0,601.5424999999976,0.0,2.0,0.0,2.0,0.0,0.0,0.0,,
47.0,6.751615600620759,0.268290392144638,7.355487833309598,-0.003511151266260331,0.011086451432990143,0.016280897860809877,4.099999999999955,0.0,601.9624999999976,0.0,2.0,0.0,2.0,0.0,0.0,0.0,601.6032086011608,7.341369173241871
47.1,6.526916249326721,0.12274647528058916,7.551388092021141,0.0029160522092443555,-0.0056742232308048994,-0.00566703092411669,4.299999999999955,0.0,602.4024999999975,0.0,2.0,0.0,2.0,0.0,0.0,0.0,,
47.2,6.31612290697802,-0.04280902684966456,7.527114847964151,-0.0022764766006838945,0.003226200292593229,0.01890124604600422,4.499999999999956,0.0,602.8624999999976,0.0,2.0,0.0,2.0,0.0,0.0,0.0,,
47.300000000000004,6.67576772031962,-0.0270098541961593,7.486753715186287,-0.0008140881394538345,-0.0031716258179953884,0.0008971015441695531,4.699999999999956,0.0,603.3424999999976,0.0,2.0,0.0,2.0,0.0,0.0,0.0,,
47.400000000000006,6.652730952847748,0.019707747598420297,7.776083922646279,0.010469934244135738,0.005744430070376292,0.0013857571246691579,4.899999999999956,0.0,603.8424999999976,0.0,2.0,0.0,2.0,0.0,0.0,0.0,,
47.5,6.245621006761185,0.20078989576358042,7.515591648259463,0.004396621197872359,-0.007276663779028892,0.013449015167388854,5.099999999999956,0.0,604.3624999999976,0.0,2.0,0.0,2.0,0.0,0.0,0.0,,
47.6,6.657265654131308,0.05035979608307969,7.449517926293145,-0.0020501866878758824,-0.02228250885064617,0.004506030558134587,5.299999999999956,0.0,604.9024999999975,0.0,2.0,0.0,2.0,0.0,0.0,0.0,,
47.7,6.669652382381734,0.12525223118339504,7.5270825546060545,-0.003188050259839403,0.01591944018884373,-0.0030150726482006404,5.4999999999999565,0.0,605.4624999999975,0.0,2.0,0.0,2.0,0.0,0.0,0.0,,
47.800000000000004,6.680843889162694,-0.033487569897383176,7.558070924910218,-0.0034334117980355343,-0.00310202912290095,-0.0011580637836730466,5.699999999999957,0.0,606.0424999999975,0.0,2.0,0.0,2.0,0.0,0.0,0.0,,
47.900000000000006,6.867323827242576,0.028453436852374798,7.335568963549619,0.0053597706887897455,-0.004034702312958592,-0.005811254023589276,5.899999999999957,0.0,606.6424999999975,0.0,2.0,0.0,2.0,0.0,0.0,0.0,,
48.0,6.941813769557634,0.003683595371212718,7.6819099243753675,0.005964275136402203,-0.014618286212154424,-0.014025821653249646,6.099999999999957,0.0,607.2624999999975,0.0,2.0,0.0,2.0,0.0,0.0,0.0,602.0061415707659,-4.5138875150044235
48.1,6.761232036553071,-0.08244508271646064,7.508744794884904,-0.027506513280081385,0.02271226615415349,0.0200525850398187,6.299999999999957,0.0,607.9024999999975,0.0,2.0,0.0,2.0,0.0,0.0,0.0,,
48.2,6.754849548384127,0.17894344722881486,7.469187034338859,-0.0019366566892597714,-0.007173950458084972,0.013978751426290858,6.499999999999957,0.0,608.5624999999975,0.0,2.0,0.0,2.0,0.0,0.0,0.0,,
48.300000000000004,6.749363380494067,-0.04623078714117826,7.259319702289998,0.024361067163340633,0.0013571038440351529,0.015885868763096826,6.6999999999999575,0.0,609.2424999999974,0.0,2.0,0.0,2.0,0.0,0.0,0.0,,
48.400000000000006,6.689081177147719,-0.059030116154408924,7.543521506178656,-0.012214354695259633,0.00853720570530022,-0.00034365967469604086,6.899999999999958,0.0,609.9424999999974,0.0,2.0,0.0,2.0,0.0,0.0,0.0,,
48.5,6.979984493807282,0.10549362602902351,7.528797407637806,0.009421751712356739,0.003735095738785839,-0.005476904280043268,7.099999999999958,0.0,610.6624999999974,0.0,2.0,0.0,2.0,0.0,0.0,0.0,,
48.6,6.621825868999876,0.008887420647559366,7.502238334676607,0.00333934363707258,0.01177657585287324,-0.00284422835362881,7.299999999999958,0.0,611.4024999999974,0.0,2.0,0.0,2.0,0.0,0.0,0.0,,
48.7,6.44600379768832,-0.1137043569553008,7.690739914451054,-0.0005862765115222418,-0.00036243725669165525,0.0007946430052398305,7.499999999999958,0.0,612.1624999999974,0.0,2.0,0.0,2.0,0.0,0.0,0.0,,
48.800000000000004,6.508468229309814,0.13320253979223723,7.6246014253652215,0.008932884960756038,0.0022076278386368798,0.008963294601716267,7.699999999999958,0.0,612.9424999999974,0.0,2.0,0.0,2.0,0.0,0.0,0.0,,
48.900000000000006,6.877314190088959,-0.16978232040119062,7.397821970547958,0.009109280916483891,0.01440642255616922,0.008994856214208985,7.899999999999959,0.0,613.7424999999973,0.0,2.0,0.0,2.0,0.0,0.0,0.0,,
49.0,6.65289982884402,0.0555458810857731,7.248123542525636,-0.007844968808537725,-0.005922179242917055,0.0042721766569938004,8.099999999999959,0.0,614.5624999999973,0.0,2.0,0.0,2.0,0.0,0.0,0.0,612.1981980891372,3.3858217097947634
49.1,6.617489230992763,0.07948057086139837,7.450989511594098,0.005006466971565003,0.02947972685902482,0.0009203021921016276,8.299999999999958,0.0,615.4024999999973,0.0,2.0,0.0,2.0,0.0,0.0,0.0,,
49.2,6.382026597831288,-0.2860822112947167,7.43729798176575,0.028306387931210413,0.002145920228408924,-0.0038348993620974875,8.499999999999957,0.0,616.2624999999973,0.0,2.0,0.0,2.0,0.0,0.0,0.0,,
49.300000000000004,6.461645880215227,0.20134298753437813,7.344364317728851,0.007857413494412099,-0.0049320768402176,-0.011377913852293822,8.699999999999957,0.0,617.1424999999973,0.0,2.0,0.0,2.0,0.0,0.0,0.0,,
49.400000000000006,6.595218428433642,-0.24065339083963286,7.51782742990785,0.012195354612580154,0.019181053933563903,0.0047215437554552625,8.899999999999956,0.0,618.0424999999973,0.0,2.0,0.0,2.0,0.0,0.0,0.0,,
49.5,6.80160327596611,-0.05466149615098265,7.605859505626327,-0.0261133448990547,0.0046351558236686005,0.00519014198518008,9.099999999999955,0.0,618.9624999999972,0.0,2.0,0.0,2.0,0.0,0.0,0.0,,
49.6,6.697990181188291,0.1165929258314588,7.508541296177445,0.012648618509654852,-0.028183706729372267,0.0033929447075272436,9.299999999999955,0.0,619.9024999999972,0.0,2.0,0.0,2.0,0.0,0.0,0.0,,
49.7,6.7390079618969025,-0.05680444106896286,7.4770102754264425,0.00945908842866216,0.002441180792303297,-0.009184758957170035,9.499999999999954,0.0,620.8624999999972,0.0,2.0,0.0,2.0,0.0,0.0,0.0,,
49.800000000000004,6.612507870314298,0.3492146193042806,7.532109555720824,-0.001167396519052228,-0.00042238424729349274,0.005714669044889569,9.699999999999953,0.0,621.8424999999972,0.0,2.0,0.0,2.0,0.0,0.0,0.0,,
49.900000000000006,6.63038360640534,-0.0925014712610769,7.502918696551911,-0.0063511252388711685,-0.01756520877262406,0.02165549413217866,9.899999999999952,0.0,622.8424999999972,0.0,2.0,0.0,2.0,0.0,0.0,0.0,,
50.0,6.619318258401354,0.11442715457026766,7.453468034163322,-0.013037969035919882,0.004746333979720633,0.006956557907582334,10.099999999999952,0.0,623.8624999999972,0.0,2.0,0.0,2.0,0.0,0.0,0.0,622.6513064540927,-3.593238279360185
50.1,6.57844227104035,0.04671797165781906,7.647427445470274,0.00598692162000723,0.004598790955685296,0.009971866897920834,10.299999999999951,0.0,624.9024999999972,0.0,2.0,0.0,2.0,0.0,0.0,0.0,,
50.2,6.812450302600862,0.06363737921183187,7.02989061663847,0.00993905919268312,0.0047158312759545155,0.005493147274452444,10.49999999999995,0.0,625.9624999999971,0.0,2.0,0.0,2.0,0.0,0.0,0.0,,
50.300000000000004,6.704905383239103,-0.2476822264493219,7.305062215718583,-0.0029341638114115482,0.006459879433326643,-0.0020059159436858764,10.69999999999995,0.0,627.0424999999972,0.0,2.0,0.0,2.0,0.0,0.0,0.0,,
50.400000000000006,6.733533139687582,-0.21858373062028405,7.199663317157374,0.007848015082428873,-0.009729731944129707,0.014896701966192232,10.899999999999949,0.0,628.1424999999972,0.0,2.0,0.0,2.0,0.0,0.0,0.0,,
50.5,6.726512340128658,-0.013588188096347199,7.37141744941611,-0.0036009655162838705,0.0033032090826934043,0.010992889584518242,11.099999999999948,0.0,629.2624999999972,0.0,2.0,0.0,2.0,0.0,0.0,0.0,,
50.6,6.515734768501732,0.16389430151601395,7.405564944687712,-0.020189148913179737,0.0027569308209514022,0.0030947550101388236,11.299999999999947,0.0,630.4024999999972,0.0,2.0,0.0,2.0,0.0,0.0,0.0,,
50.7,6.7454939620221825,-0.01016114731125635,7.499091886762784,-0.0009548333090877124,-0.006838448111500507,0.017963734787499845,11.499999999999947,0.0,631.5624999999972,0.0,2.0,0.0,2.0,0.0,0.0,0.0,,
50.800000000000004,6.863333547904466,-0.031986308141844666,7.532712198552663,0.000545013665785313,-0.011048916914353701,0.0006963006036743704,11.699999999999946,0.0,632.7424999999971,0.0,2.0,0.0,2.0,0.0,0.0,0.0,,
50.900000000000006,6.540966885222849,-0.1784899245779742,7.586274545304151,-0.012867638203156007,-0.009744138322859098,0.005157833885308646,11.899999999999945,0.0,633.942499999997,0.0,2.0,0.0,2.0,0.0,0.0,0.0,,
51.0,6.438763445663383,0.06263563391494396,7.349437174134865,0.0037872409071339616,-0.01711778150770688,0.007247412399294605,12.099999999999945,0.0,635.1624999999971,0.0,2.0,0.0,2.0,0.0,0.0,0.0,640.890197882786,-3.492882940622516
51.1,6.631881518707778,-0.10226132701312357,7.386688214115896,0.011947830904453014,-0.02004300462666894,0.008557637470177076,12.299999999999944,0.0,636.4024999999971,0.0,2.0,0.0,2.0,0.0,0.0,0.0,,
51.2,6.639402471233909,-0.1704262343468864,7.195801236222098,-0.012148195351386962,0.0127640035147263,0.0016149683692916871,12.499999999999943,0.0,637.6624999999971,0.0,2.0,0.0,2.0,0.0,0.0,0.0,,
51.300000000000004,6.766851728749416,0.004800271202285591,7.5110422130145444,0.006744250524636619,-0.000987204855210812,0.015207856191885989,12.699999999999942,0.0,638.942499999997,0.0,2.0,0.0,2.0,0.0,0.0,0.0,,
51.400000000000006,6.840477704423171,0.09947854788895225,7.360549020027938,-0.011033617999786211,-0.0027868521670198648,0.003473863873040662,12.899999999999942,0.0,640.242499999997,0.0,2.0,0.0,2.0,0.0,0.0,0.0,,
51.5,6.578084841086148,0.08993848414504682,7.50460650532648,-0.01503156996262301,0.008775670884390845,0.0240108730390611,13.099999999999941,0.0,641.5624999999969,0.0,2.0,0.0,2.0,0.0,0.0,0.0,,
51.6,6.479047964304871,0.15965490787182093,7.4759754261261,0.013138104808933432,0.015528702876175336,-0.005685258768118842,13.29999999999994,0.0,642.902499999997,0.0,2.0,0.0,2.0,0.0,0.0,0.0,,
51.7,6.700936698863526,0.05858077227255244,7.522593052946629,0.010377899418074748,0.009140212241812006,0.008724850384154678,13.49999999999994,0.0,644.262499999997,0.0,2.0,0.0,2.0,0.0,0.0,0.0,,
51.800000000000004,6.4578682681568385,0.11675493408356119,7.479157222450868,-0.00013279605686526382,-0.0012252085439500302,-0.00843725642825923,13.699999999999939,0.0,645.642499999997,0.0,2.0,0.0,2.0,0.0,0.0,0.0,,
51.900000000000006,6.640633698305184,0.05951793001704554,7.692110691351443,-0.006471446348213471,0.017738744994657635,-0.013069215591317587,13.899999999999938,0.0,647.042499999997,0.0,2.0,0.0,2.0,0.0,0.0,0.0,,
52.0,6.708377546234662,0.23389986457507989,7.5727949169262185,0.009805863917350643,-0.014569965478555194,-0.004054821856111336,14.099999999999937,0.0,648.4624999999969,0.0,2.0,0.0,2.0,0.0,0.0,0.0,648.468297088884,0.722679325609214
52.1,6.519526934293472,-0.19733656293293136,7.315367110253859,0.00633946847285398,-0.000706383775251927,0.006495023482526426,14.299999999999937,0.0,649.9024999999968,0.0,2.0,0.0,2.0,0.0,0.0,0.0,,
52.2,6.5453556275056,-0.13796453196470526,7.343322757138218,-0.01561689661660918,0.006777827831812092,0.0003337574613138444,14.499999999999936,0.0,651.3624999999969,0.0,2.0,0.0,2.0,0.0,0.0,0.0,,
52.300000000000004,6.763830319068188,0.03173784194361942,7.645326558403775,0.006013960039824004,-0.01741733323983148,-0.01129307879975832,14.699999999999935,0.0,652.8424999999969,0.0,2.0,0.0,2.0,0.0,0.0,0.0,,
52.400000000000006,6.852034554671322,0.23699853672411547,7.419095132061147,-0.022494498944540604,-0.007111782096807988,0.0022949497038309606,14.899999999999935,0.0,654.3424999999969,0.0,2.0,0.0,2.0,0.0,0.0,0.0,,
52.5,6.560556041309541,0.017833394977071253,7.516365376198866,0.011510803792721713,0.01016653991823294,-0.0027372021119331444,15.099999999999934,0.0,655.8624999999969,0.0,2.0,0.0,2.0,0.0,0.0,0.0,,
52.6,6.981052820174395,0.2202161631683265,7.418436514253974,0.0007645073400299041,0.007141978854614714,-0.005352997873937137,15.299999999999933,0.0,657.4024999999968,0.0,2.0,0.0,2.0,0.0,0.0,0.0,,
52.7,6.890899006562807,-0.050477395677204995,7.53437013002465,0.004214272419419966,0.0028739764168643463,-0.0040431063555476454,15.499999999999932,0.0,658.9624999999968,0.0,2.0,0.0,2.0,0.0,0.0,0.0,,
52.800000000000004,6.707745511711513,0.06913190457464628,7.600536163182216,-0.006056268232922789,-1.2951260250622465e-05,0.018439816165974728,15.699999999999932,0.0,660.5424999999968,0.0,2.0,0.0,2.0,0.0,0.0,0.0,,
52.900000000000006,6.662710218029778,-0.1520974922405635,7.41380023404429,0.004642330706770898,-0.0036025442470378533,-0.012615176007081695,15.899999999999931,0.0,662.1424999999969,0.0,2.0,0.0,2.0,0.0,0.0,0.0,,
53.0,6.38324746851373,-0.1586410456661298,7.382602605697398,-0.005655959623414214,-0.0033572373697419817,0.010673221266342632,16.09999999999993,0.0,663.7624999999969,0.0,2.0,0.0,2.0,0.0,0.0,0.0,664.5713328761005,3.952184758543524
53.1,6.804128679529651,0.026900251559402663,7.505464579590148,-0.0016504548615530166,0.006732769972231341,-0.002709664138004402,16.29999999999993,0.0,665.4024999999968,0.0,2.0,0.0,2.0,0.0,0.0,0.0,,
53.2,6.7033646351448555,-0.18811222986092968,7.508918388341146,-0.005870147805467328,-0.011967041029821896,-0.007995077373406767,16.49999999999993,0.0,667.0624999999968,0.0,2.0,0.0,2.0,0.0,0.0,0.0,,
53.300000000000004,6.637465000531201,0.07998183833983091,7.62418218948293,0.004384023400954406,-0.0015506513640448777,-0.009420162204944408,16.69999999999993,0.0,668.7424999999968,0.0,2.0,0.0,2.0,0.0,0.0,0.0,,
53.400000000000006,6.8426025613635195,0.02001628258745782,7.164255201446123,-0.008398829877503162,0.010218979263713117,7.190886941212463e-05,16.899999999999928,0.0,670.4424999999967,0.0,2.0,0.0,2.0,0.0,0.0,0.0,,
53.5,6.770502686919681,-0.14446356792721143,7.63751240309887,-0.010742419964420043,-0.0032760647859506726,0.014223149173984217,17.099999999999927,0.0,672.1624999999967,0.0,2.0,0.0,2.0,0.0,0.0,0.0,,
53.6,6.9647529397452725,0.2050170242122097,7.467859170335974,0.015599307545333688,-0.005982099370619588,-0.006033533536268186,17.299999999999926,0.0,673.9024999999967,0.0,2.0,0.0,2.0,0.0,0.0,0.0,,
53.7,6.520149238338943,0.08815067031329697,7.405247933257391,-0.023941048527613557,-0.0004548657944958823,-0.009966670606917707,17.499999999999925,0.0,675.6624999999967,0.0,2.0,0.0,2.0,0.0,0.0,0.0,,
53.800000000000004,6.684915447240243,-0.17689712028982885,7.3399505786887635,0.006656389327884867,-0.01072316437915757,0.016423599266991967,17.699999999999925,0.0,677.4424999999967,0.0,2.0,0.0,2.0,0.0,0.0,0.0,,
53.900000000000006,6.462383389434927,-0.20624225314420375,7.5929988580481815,0.013359036168329553,-0.005032416981029746,0.007347116007693961,17.899999999999924,0.0,679.2424999999967,0.0,2.0,0.0,2.0,0.0,0.0,0.0,,
54.0,6.737461577158961,-0.1950375983556882,7.295097448807088,0.005575648664725389,-0.005050494961217075,0.006395935903509836,18.099999999999923,0.0,681.0624999999966,0.0,2.0,0.0,2.0,0.0,0.0,0.0,680.2392228633478,6.190220801099064
54.1,6.683102963538338,-0.01519867164543567,7.633381831661436,0.01514508540103776,-0.0048964405959782825,-0.010403506580359139,18.299999999999923,0.0,682.9024999999966,0.0,2.0,0.0,2.0,0.0,0.0,0.0,,
54.2,6.612140856592065,0.15960246498668745,7.56448041020256,0.0023649265921301225,-0.006985278615885612,-6.586050284477021e-05,18.499999999999922,0.0,684.7624999999966,0.0,2.0,0.0,2.0,0.0,0.0,0.0,,
54.300000000000004,6.669738452245619,0.3070246482987314,7.579088081389024,0.004784345060368024,-0.017588320796002147,0.03059660523451496,18.69999999999992,0.0,686.6424999999966,0.0,2.0,0.0,2.0,0.0,0.0,0.0,,
54.400000000000006,6.499853272945463,0.30328386902495963,7.4700237217159255,-0.01876002074022393,0.0075860854813449,0.013105257919105072,18.89999999999992,0.0,688.5424999999966,0.0,2.0,0.0,2.0,0.0,0.0,0.0,,
54.5,6.7240834359012345,-0.02405929286270837,7.546266640730934,0.006958512413045868,-0.0021241802008322964,-0.009930157157076392,19.09999999999992,0.0,690.4624999999966,0.0,2.0,0.0,2.0,0.0,0.0,0.0,,
54.6,6.566117883747719,0.036632584636423736,7.55917962123865,-0.006554963191926288,0.0010548027130922438,-0.01754432829429163,19.29999999999992,0.0,692.4024999999965,0.0,2.0,0.0,2.0,0.0,0.0,0.0,,
54.7,6.70458281922497,-0.019567434939184728,7.632332824899356,0.005221518874624566,0.008182093588405649,0.0011275665850493176,19.49999999999992,0.0,694.3624999999965,0.0,2.0,0.0,2.0,0.0,0.0,0.0,,
54.800000000000004,6.58826605943794,0.23992697878578517,7.505956068846952,-0.006946701808266186,-0.02027009283080547,0.0033921746864644118,19.699999999999918,0.0,696.3424999999966,0.0,2.0,0.0,2.0,0.0,0.0,0.0,,
54.900000000000006,6.485231739031629,-0.15755078907801187,7.715052260775274,-0.009322036084584158,-0.004950271310427514,-0.012451899943164719,19.899999999999917,0.0,698.3424999999966,0.0,2.0,0.0,2.0,0.0,0.0,0.0,,
55.0,6.753609253446833,-0.09005648774491731,7.398344953736368,-0.010538439418066347,0.009518049741380555,-0.0281433259648767,20.099999999999916,0.0,700.3624999999965,0.0,2.0,0.0,2.0,0.0,0.0,0.0,695.7366527795502,-1.964260243298107
55.1,6.726774859865921,-0.014282591604859004,7.464371209550076,-0.0065051368939316465,-0.006597548029506999,0.00760184946616395,20.299999999999915,0.0,702.4024999999965,0.0,2.0,0.0,2.0,0.0,0.0,0.0,,
55.2,6.812721538424862,0.2896973603649935,7.5489482704037725,-0.00713161929841078,0.009847063033288446,0.0073977188916541925,20.499999999999915,0.0,704.4624999999965,0.0,2.0,0.0,2.0,0.0,0.0,0.0,,
55.300000000000004,6.8735714132962835,-0.03664271644410483,7.4919849417998625,-0.017941067456746534,-0.006216692655728268,0.025898649318385352,20.699999999999914,0.0,706.5424999999964,0.0,2.0,0.0,2.0,0.0,0.0,0.0,,
55.400000000000006,6.781779939622352,0.004803798707293812,7.17312760693086,-0.014168838202297158,-0.011808613837638728,0.01740421912374543,20.899999999999913,0.0,708.6424999999964,0.0,2.0,0.0,2.0,0.0,0.0,0.0,,
55.5,6.909919462275885,-0.20555533594086053,7.529298399001838,-0.002339872050634382,0.0006601382488705203,0.013692597554435876,21.099999999999913,0.0,710.7624999999964,0.0,2.0,0.0,2.0,0.0,0.0,0.0,,
55.6,6.556300683221323,-0.041475444734883904,7.573110390427103,0.0080911269239756,-0.010891949367893868,0.019151433568917683,21.299999999999912,0.0,712.9024999999964,0.0,2.0,0.0,2.0,0.0,0.0,0.0,,
55.7,6.602595146571373,-0.29086173072412747,7.375119213290744,0.0021526529488855467,-0.003038577763523513,0.016423350519142715,21.49999999999991,0.0,715.0624999999964,0.0,2.0,0.0,2.0,0.0,0.0,0.0,,
55.800000000000004,6.7003229870184,-0.02688760613697033,7.72977620730557,0.006104493725642693,-0.006532227420085974,-0.0009272633575601562,21.69999999999991,0.0,717.2424999999963,0.0,2.0,0.0,2.0,0.0,0.0,0.0,,
55.900000000000006,6.623943568645571,-0.1573268255218798,7.803784223609159,7.135771850399583e-05,-0.009325940893022584,-0.0019289942079583535,21.89999999999991,0.0,719.4424999999962,0.0,2.0,0.0,2.0,0.0,0.0,0.0,,
56.0,6.855603381995166,0.09028221390437659,7.2847458328095716,0.007750787193839031,-0.005244903452055324,0.00637238138434056,22.09999999999991,0.0,721.6624999999963,0.0,2.0,0.0,2.0,0.0,0.0,0.0,719.0451882589015,-1.8486633846242182
56.1,6.863693532032047,0.050627622499307405,7.569840434040284,0.0031106424544227397,0.013865786081471805,-0.018818748723516313,22.29999999999991,0.0,723.9024999999963,0.0,2.0,0.0,2.0,0.0,0.0,0.0,,
56.2,6.631642554560298,-0.035359905175585266,7.646097126121509,0.0021345047444872433,0.018543876917604986,0.005735894413945713,22.499999999999908,0.0,726.1624999999963,0.0,2.0,0.0,2.0,0.0,0.0,0.0,,
56.300000000000004,6.501167657673835,0.2903353878768841,7.404538262500061,-0.00016972891424562182,0.005698021824728699,0.001649834697804736,22.699999999999907,0.0,728.4424999999962,0.0,2.0,0.0,2.0,0.0,0.0,0.0,,
56.400000000000006,6.573845888099498,-0.17581582675962984,7.315110826490011,0.014513619037325662,0.0018709303075156356,0.0023386722025080862,22.899999999999906,0.0,730.7424999999962,0.0,2.0,0.0,2.0,0.0,0.0,0.0,,
56.5,6.906130072113958,-0.016659211148917007,7.344025054089158,0.011787113480851548,0.0027429039727602657,0.01378479640227269,23.099999999999905,0.0,733.0624999999961,0.0,2.0,0.0,2.0,0.0,0.0,0.0,,
56.6,6.9067893311720985,0.024290747503422517,7.462034763806684,-0.002504612478925066,0.009342200491085709,-0.014453021370871729,23.299999999999905,0.0,735.4024999999962,0.0,2.0,0.0,2.0,0.0,0.0,0.0,,
56.7,6.724215969470162,-0.1994437216365391,7.6449416370517005,0.00403739225952457,-0.006837436655959324,0.002432123743609833,23.499999999999904,0.0,737.7624999999962,0.0,2.0,0.0,2.0,0.0,0.0,0.0,,
56.800000000000004,6.575261243214085,0.014813849359992352,7.56824993647274,0.004680603396345787,0.0069517322381742845,0.013652451050918654,23.699999999999903,0.0,740.1424999999962,0.0,2.0,0.0,2.0,0.0,0.0,0.0,,
56.900000000000006,6.648306247956048,-0.047948982075729216,7.494751747622884,0.007866433699533958,-0.005283722508635929,-0.01044129719495301,23.899999999999903,0.0,742.5424999999962,0.0,2.0,0.0,2.0,0.0,0.0,0.0,,
57.0,6.991907627457925,0.14322462828328877,7.43860577691849,-0.007364016763029668,0.009996318203895502,0.01928855562411866,24.099999999999902,0.0,744.9624999999961,0.0,2.0,0.0,2.0,0.0,0.0,0.0,741.312886803674,3.33982025061061
57.1,6.590961930522569,0.007109752780988878,7.38185112277026,0.012195148947234646,0.01595968310779196,0.010633467205939539,24.2999999999999,0.0,747.402499999996,0.0,2.0,0.0,2.0,0.0,0.0,0.0,,
57.2,6.73464515204451,-0.12065536054904479,7.560110015868482,-4.972714917454434e-05,-0.006796877480189734,0.01420337902893433,24.4999999999999,0.0,749.8624999999961,0.0,2.0,0.0,2.0,0.0,0.0,0.0,,
57.300000000000004,6.381260352162506,0.023108128996849994,7.293797342208695,-0.0015566427891394354,-0.007809612451769007,0.012432998161596563,24.6999999999999,0.0,752.3424999999961,0.0,2.0,0.0,2.0,0.0,0.0,0.0,,
57.400000000000006,6.455122636842596,0.11478406029896102,7.347676247187836,0.009940236000078064,0.0037008697606323994,0.005633175354905544,24.8999999999999,0.0,754.8424999999961,0.0,2.0,0.0,2.0,0.0,0.0,0.0,,
57.5,6.641453294887186,-0.20801597335865105,7.222968576185361,-0.006624078574558006,0.0047702346530018,-0.008445715923463756,25.0999999999999,0.0,757.3624999999961,0.0,2.0,0.0,2.0,0.0,0.0,0.0,,
57.6,6.937442355432458,-0.08674267251206486,7.663571589746782,0.008958197540378115,-0.0163991282190461,0.014791559607922354,25.299999999999898,0.0,759.902499999996,0.0,2.0,0.0,2.0,0.0,0.0,0.0,,
57.7,6.608684000273576,-0.06667582438366507,7.564102166155925,-0.008024559409025047,0.0018395793309260759,0.006006541985639041,25.499999999999897,0.0,762.462499999996,0.0,2.0,0.0,2.0,0.0,0.0,0.0,,
57.800000000000004,6.828747397934644,0.08141554523046961,7.198333125741722,0.0018484579479853128,0.009381562814827991,0.005692929114845684,25.699999999999896,0.0,765.0424999999959,0.0,2.0,0.0,2.0,0.0,0.0,0.0,,
57.900000000000006,6.887723270261158,-0.13672152267853202,7.548054137576766,-0.011785324925874831,-0.0039621135949620325,-0.0025330526456138827,25.899999999999896,0.0,767.642499999996,0.0,2.0,0.0,2.0,0.0,0.0,0.0,,
58.0,6.952766463848914,-0.0013625060234670403,7.343024271267698,-0.019562238183316056,-0.020202138603637773,0.008161285181764882,26.099999999999895,0.0,770.262499999996,0.0,2.0,0.0,2.0,0.0,0.0,0.0,772.6457605417193,3.1034099760597726
58.1,6.562235901337231,0.09097739992629532,7.272352150661166,-0.000941326755938888,0.006838257369693769,0.006341076918185154,26.299999999999894,0.0,772.9024999999959,0.0,2.0,0.0,2.0,0.0,0.0,0.0,,
58.2,6.719504560332852,0.013774190389776083,7.14082370332155,-0.014104080027125116,-0.0037900573242477037,-0.014321715471350815,26.499999999999893,0.0,775.5624999999959,0.0,2.0,0.0,2.0,0.0,0.0,0.0,,
58.300000000000004,6.637376575850207,-0.031849220096056785,7.531715298270125,0.015406085352359647,0.010405956285010587,0.008914373653528703,26.699999999999893,0.0,778.2424999999959,0.0,2.0,0.0,2.0,0.0,0.0,0.0,,
58.400000000000006,6.891944106576955,0.22673608049442823,7.326234735708529,-0.012723365426654394,0.0042386140664283905,-0.00035901707738547877,26.899999999999892,0.0,780.9424999999958,0.0,2.0,0.0,2.0,0.0,0.0,0.0,,
58.5,6.795414202115951,0.22536001910065517,7.517351368954537,-0.009223108901217515,-0.006805710179462037,0.010060449370842418,27.09999999999989,0.0,783.6624999999958,0.0,2.0,0.0,2.0,0.0,0.0,0.0,,
58.6,6.639124686670085,0.0033640496463015618,7.414575841993223,-0.015886155554359536,0.01172270659871615,0.0051889472499868465,27.29999999999989,0.0,786.4024999999958,0.0,2.0,0.0,2.0,0.0,0.0,0.0,,
58.7,6.862434891090969,0.09528894579823542,7.457631096081758,-0.005378113350801587,-0.005377226489819585,-0.0032028568532812976,27.49999999999989,0.0,789.1624999999958,0.0,2.0,0.0,2.0,0.0,0.0,0.0,,
58.800000000000004,6.475687748159445,-0.13305200645412915,7.410265608585561,-0.0027756753889161163,-0.007461525794264516,0.007526508906397316,27.69999999999989,0.0,791.9424999999958,0.0,2.0,0.0,2.0,0.0,0.0,0.0,,
58.900000000000006,6.7731120916679455,0.11371582151490739,7.5272996560668695,-0.018408921743554085,-0.014157788712080257,-0.0012798736179980485,27.89999999999989,0.0,794.7424999999957,0.0,2.0,0.0,2.0,0.0,0.0,0.0,,
59.0,6.782431347093977,-0.10078111696142521,7.149530646928968,0.016534218016629736,-0.013192438998550743,0.01323957709978936,28.099999999999888,0.0,797.5624999999957,0.0,2.0,0.0,2.0,0.0,0.0,0.0,805.6699452961946,2.4331566656254036
59.1,6.631430596193392,-0.1810971217759708,7.477908831272188,-0.002677518524063873,0.00467225541986581,0.01031815295730109,28.299999999999887,0.0,800.4024999999957,0.0,2.0,0.0,2.0,0.0,0.0,0.0,,
59.2,6.66712191097794,-0.061631289904109626,7.398851051993389,0.008909300800245044,-0.013849004510280559,0.0055451998822046876,28.499999999999886,0.0,803.2624999999957,0.0,2.0,0.0,2.0,0.0,0.0,0.0,,
59.300000000000004,6.701869315718492,-0.18877387084842884,7.349259199594205,0.017215149541455803,0.0010621277304610063,0.01525632561494637,28.699999999999886,0.0,806.1424999999957,0.0,2.0,0.0,2.0,0.0,0.0,0.0,,
59.400000000000006,6.519498080186592,0.05263214018668451,7.690689101665515,0.007856061297880499,-0.0011057484158734762,0.0010639471542198123,28.899999999999885,0.0,809.0424999999957,0.0,2.0,0.0,2.0,0.0,0.0,0.0,,
59.5,6.76230706548891,-0.10166320635115401,7.468094936565533,0.0073351548334829545,-0.008639485112281263,0.014033481636327144,29.099999999999884,0.0,811.9624999999957,0.0,2.0,0.0,2.0,0.0,0.0,0.0,,
59.6,6.83031953411613,0.11844708476589333,7.238026170469239,-0.0017772692812915408,0.005420041026394269,0.014292625825747633,29.299999999999883,0.0,814.9024999999956,0.0,2.0,0.0,2.0,0.0,0.0,0.0,,
59.7,6.478306447574052,0.262127391744644,7.465816220752915,0.014690603688309399,-0.014286530525075012,0.017998270937101254,29.499999999999883,0.0,817.8624999999956,0.0,2.0,0.0,2.0,0.0,0.0,0.0,,
59.800000000000004,6.586057589083201,0.29377358889220045,7.733383913109228,0.0003466934894931249,-0.004520699283230819,-0.00047133980008846974,29.699999999999882,0.0,820.8424999999957,0.0,2.0,0.0,2.0,0.0,0.0,0.0,,
59.900000000000006,6.748612154129673,0.0030244522179175386,7.273816960446989,-0.005504752001568589,-0.003160044647268154,0.0065556123486961385,29.89999999999988,0.0,823.8424999999957,0.0,2.0,0.0,2.0,0.0,0.0,0.0,,
60.0,4.802934086532566,3.2809397814042467,8.493082643830235,0.054204221615798555,0.009190745809661156,0.09526305208958198,30.09999999999988,0.0,826.8524999999956,0.015760323145508737,0.0,3.152064629101747,0.0,3.152064629101747,0.0,0.10471975511965978,833.204946269807,-4.483459931277229
60.1,4.89378084211841,3.1970357564231766,8.296962725399373,0.04958875482354032,-0.009589801585752917,0.07201545225605346,30.09999999999988,0.010471975511965978,829.8621699210843,0.06303985233239938,0.0,3.152064629101747,-0.033007740316407866,3.1518917993981863,0.0,0.10471975511965978,,
60.2,4.8760398668065665,3.4859306068664413,8.566569604553724,0.04820531603080771,-0.028411232813525457,0.09511985787489752,30.09999999999988,0.020943951023931956,832.8711797190388,0.14183340282750476,0.0,3.152064629101747,-0.0660118609621266,3.1513733292402297,0.0,0.10471975511965978,,
60.300000000000004,5.150488464876057,3.1241845329915097,8.514762313849452,0.05502580243534454,-0.012727468466205429,0.08550339562873764,30.09999999999988,0.031415926535897934,835.8791994220263,0.2521323340300904,0.0,3.152064629101747,-0.09900874266340479,3.1505092754839725,0.0,0.10471975511965978,,
60.400000000000006,5.090162606682579,3.416054658291591,8.752390893100342,0.05179710347081596,-0.006691549207492515,0.11227953312141646,30.09999999999988,0.04188790204786391,838.8858991667892,0.393924550419394,0.0,3.152064629101747,-0.1319947669403228,3.1492997328826458,0.0,0.10471975511965978,,
60.5,5.0709134378934735,3.153405564559673,8.66563952169934,0.05216841641465805,-0.012853661188795225,0.09548318596754632,30.09999999999988,0.05235987755982989,841.890949234818,0.5671945028810355,0.0,3.152064629101747,-0.16496631650360002,3.1477448340762257,0.0,0.10471975511965978,,
60.6,4.889099964174488,2.855598993393917,8.513246064776233,0.05186883419677407,0.003639482445998983,0.08315331351756175,30.09999999999988,0.06283185307179587,844.8940200885088,0.7719231904121524,0.0,3.152064629101747,-0.19791977565127117,3.1458447495768898,0.0,0.10471975511965978,,
60.7,5.136299543390315,3.664657825766724,8.416591914420868,0.0598143061511706,0.0034323257230278034,0.09008003819672972,30.09999999999988,0.07330382858376185,847.8947824073011,1.0080881622050746,0.0,3.152064629101747,-0.23085153066518901,3.143599687750314,0.0,0.10471975511965978,,
60.800000000000004,4.923647852054091,3.068735609655389,8.288341222563949,0.05190735566183797,-0.0006581480176214898,0.0997120130899756,30.09999999999988,0.08377580409572782,850.8929071237911,1.2756635201093074,0.0,3.152064629101747,-0.2637579702073091,3.141009894792828,0.0,0.10471975511965978,,
60.900000000000006,4.818344475222065,3.3015943935983962,8.335610537457722,0.05412397624689448,0.010306437397293054,0.09985272117558441,30.09999999999988,0.0942477796076938,853.8880654598179,1.5746199214715564,0.0,3.152064629101747,-0.29663548571571385,3.138075654704414,0.0,0.10471975511965978,,
61.0,5.220791215851962,2.971760112814902,8.550674836653355,0.04690293332062183,-0.011376560528566787,0.09983199048152598,30.09999999999988,0.10471975511965978,856.8799289625174,1.90492458235348,0.0,3.152064629101747,-0.3294804718003317,3.1347972892575626,0.0,0.10471975511965978,857.6022029393779,-0.7385616760629881
61.1,4.757679748613592,2.8270723365572406,8.345188056183789,0.047932255275253875,-0.005279564376499734,0.11740256716817205,30.09999999999988,0.11519173063162576,859.8681695403415,2.2665412811268166,0.0,3.152064629101747,-0.36228932663830926,3.13117515796199,0.0,0.10471975511965978,,
61.2,4.872267185636508,3.070105463084033,8.554290244987337,0.0643511421742434,0.012866855799628901,0.10149313354297693,30.09999999999988,0.12566370614359174,862.8524594990362,2.6594303624454967,0.0,3.152064629101747,-0.39505845236899134,3.12720965802521,0.0,0.10471975511965978,,
61.300000000000004,5.07362534743348,3.245290845644289,8.3986349151184,0.05406986235757237,0.010222441324235007,0.09588401625676407,30.09999999999988,0.13613568165555773,865.8324715775777,3.083548741594296,0.0,3.152064629101747,-0.427784255488467,3.1229012243089778,0.0,0.10471975511965978,,
61.400000000000006,4.857368355246311,3.07134687753791,8.494123080162844,0.055188660504625515,0.006367445571114534,0.10972786309628435,30.09999999999988,0.14660765716752372,868.8078789840602,3.5388499092135612,0.0,3.152064629101747,-0.46046314724363796,3.1182503292816017,0.0,0.10471975511965978,,
61.5,4.913775680870678,3.141878011067191,8.767012088611038,0.06632420178615034,-0.008797267361812007,0.10527465700061531,30.09999999999988,0.1570796326794897,871.7783554315313,4.025283936399485,0.0,3.152064629101747,-0.49309154402576566,3.113257482966133,0.0,0.10471975511965978,,
61.6,4.910437511658774,3.074228173602012,8.200081427871918,0.055688393025818024,-0.0029189702808679087,0.10468481848724095,30.09999999999988,0.1675516081914557,874.7435751737747,4.542797480179373,0.0,3.152064629101747,-0.5256658677634543,3.107923232884433,0.0,0.10471975511965978,,
61.7,4.681977144625082,2.977704766027771,8.238169397067356,0.04127803396420328,0.005101443281867916,0.09174174875341554,30.09999999999988,0.1780235837034217,877.7032130410305,5.091333789361302,0.0,3.152064629101747,-0.5581825463150267,3.1022481639971367,0.0,0.10471975511965978,,
61.800000000000004,4.632211520195708,3.1136146545496697,8.437236693034654,0.058837813425330225,0.0022235860486415865,0.103575848102186,30.09999999999988,0.1884955592153877,880.6569444756545,5.670832710757528,0.0,3.152064629101747,-0.5906380138602502,3.0962328986394985,0.0,0.10471975511965978,,
61.900000000000006,4.769013511156715,3.3195899682246,8.401430099244568,0.0552532274875686,-0.0029010913832229696,0.09514731839124646,30.09999999999988,0.19896753472735368,883.6044455677095,6.281230695780962,0.0,3.152064629101747,-0.6230287112913684,3.0898780964531514,0.0,0.10471975511965978,,
62.0,4.829916306779602,3.290766223036249,8.414841594956425,0.05810312331616429,0.015121782396676562,0.08368668183559037,30.09999999999988,0.20943951023931967,886.5453930904852,6.922460807413984,0.0,3.152064629101747,-0.655351086603398,3.0831844543137663,0.0,0.10471975511965978,885.6605436180166,12.1506585605495
62.1,5.09890640013187,3.0773520663799983,8.377155933514246,0.06690521535634089,-0.003121099125262156,0.09764422259203767,30.09999999999988,0.21991148575128566,889.4794645359443,7.594452727548847,0.0,3.152064629101747,-0.6876015952836462,3.076152706254635,0.0,0.10471975511965978,,
62.2,4.8750901229264905,3.400861388997801,8.533739550664453,0.057489452357938946,-0.003802972040758708,0.09587780551643209,30.09999999999988,0.23038346126325165,892.406338150089,8.29713276469885,0.0,3.152064629101747,-0.7197767007004057,3.068783623386173,0.0,0.10471975511965978,,
62.300000000000004,5.096669708121741,3.2011076689150797,8.461758994085612,0.04654733197839514,0.0070524754483902476,0.11616795623984635,30.09999999999988,0.24085543677521765,895.3256929682447,9.030423862079433,0.0,3.152064629101747,-0.7518728744907873,3.061078013811359,0.0,0.10471975511965978,,
62.400000000000006,5.112656420578361,3.158278738398314,8.37017400825084,0.062264599958502496,-0.0023745142241017483,0.09416122751047262,30.09999999999988,0.25132741228718364,898.237208850257,9.794245606058329,0.0,3.152064629101747,-0.7838865969476438,3.053036722537116,0.0,0.10471975511965978,,
62.5,5.0607395984450765,3.0462478203553123,8.619967362997421,0.05017731319191344,-0.0024463686192496745,0.09522135692159889,30.09999999999988,0.26179938779914963,901.1405665156001,10.588514234973822,0.0,3.152064629101747,-0.8158143574055461,3.04466063138165,0.0,0.10471975511965978,,
62.6,4.8615757566621856,3.2563430240790447,8.340547934482503,0.04058516644557879,-0.010185860626007027,0.09407182085756714,30.09999999999988,0.2722713633111156,904.0354475783879,11.413142648320157,0.0,3.152064629101747,-0.8476526546257664,3.0359506588777467,0.0,0.10471975511965978,,
62.7,4.937759814556829,2.9145726305496917,8.677005317117823,0.05095555208110852,-0.011145577928429134,0.09288678418136197,30.09999999999988,0.2827433388230816,906.9215345822896,12.268040416299094,0.0,3.152064629101747,-0.8793979971802299,3.0269077601720427,0.0,0.10471975511965978,,
62.800000000000004,4.922623725191721,3.1398347771943516,8.397409244050158,0.040323896645425,0.008768186166984574,0.09047830568627824,30.09999999999988,0.2932153143350476,909.7985110353419,13.153113789736551,0.0,3.152064629101747,-0.911046903834388,3.0175329269202864,0.0,0.10471975511965978,,
62.900000000000006,4.846372696720326,3.32905227947167,8.399077400617756,0.05982829146149176,0.009236683519687134,0.09467158379275607,30.09999999999988,0.3036872898470136,912.6660614446562,14.068265710363264,0.0,3.152064629101747,-0.9425959039289752,3.007827187178587,0.0,0.10471975511965978,,
63.0,4.993244805022923,3.269429595793984,8.329525873495893,0.04723142429215543,-0.011386609307444884,0.09976242179706105,30.09999999999988,0.3141592653589796,915.5238713510158,15.013395821458307,0.0,3.152064629101747,-0.9740415377606061,2.997791605290683,0.0,0.10471975511965978,918.8491837126858,15.900235317521322
63.1,4.96576833897518,3.1616401829513077,8.69171888727008,0.04966615706579856,0.0005395442667078229,0.09747299919945197,30.09999999999988,0.3246312408709456,918.3716273633598,15.98840047885435,0.0,3.152064629101747,-1.005380356961171,2.987427281771217,0.0,0.10471975511965978,,
63.2,5.108825075455257,3.291068486002938,8.647760796935692,0.035778464769081364,0.0027569366664459507,0.09503687028069978,30.09999999999988,0.3351032163829116,921.2090171931503,16.99317276230341,0.0,3.152064629101747,-1.0366089248759884,2.9767353531850596,0.0,0.10471975511965978,,
63.300000000000004,5.225712695950142,3.2861468434665895,8.443067344658866,0.05690191159685698,0.01062747596748773,0.09108694682913668,30.09999999999988,0.34557519189487756,924.0357296886178,18.027602487201847,0.0,3.152064629101747,-1.0677238169406724,2.9657169920226667,0.0,0.10471975511965978,,
63.400000000000006,4.839573490184346,3.053672101302359,8.412563857360592,0.061915504364395614,0.0040161093394122565,0.08449762557118573,30.09999999999988,0.35604716740684356,926.8514548688831,19.091576216673364,0.0,3.152064629101747,-1.098721621056675,2.9543734065715057,0.0,0.10471975511965978,,
63.5,5.30175896941727,3.1351745493576573,8.452419866235918,0.06289671110680063,-0.002262823135870014,0.09822072201881842,30.09999999999988,0.36651914291880955,929.6558839579499,20.18497727400863,0.0,3.152064629101747,-1.1295989379654614,2.9427058407835527,0.0,0.10471975511965978,,
63.6,5.039990945144744,3.250047270748852,8.320500827494282,0.05282352356607133,-0.0027228453909197807,0.09050983820378287,30.09999999999988,0.37699111843077554,932.4487094185654,21.307685755460202,0.0,3.152064629101747,-1.160352381621277,2.930715574138876,0.0,0.10471975511965978,,
63.7,5.040252584746624,3.207489779067135,8.595936359103305,0.039908203788359735,-0.014895669577944626,0.09130531490243232,30.09999999999988,0.38746309394274153,935.2296249859457,22.459578543391313,0.0,3.152064629101747,-1.1909785795624648,2.918403921505333,0.0,0.10471975511965978,,
63.800000000000004,4.838275715758673,3.274049087663319,8.675982687953182,0.0569032075846067,-0.009497988414490083,0.09723410620541588,30.09999999999988,0.3979350694547075,937.9983257013607,23.640529319777112,0.0,3.152064629101747,-1.221474173281295,2.905772232994374,0.0,0.10471975511965978,,
63.900000000000006,4.898825180749429,3.2018972390973115,8.505042448707904,0.05196620096842608,0.013273881222632162,0.09759911411766575,30.09999999999988,0.4084070449666735,940.7545079455766,24.85040858005686,0.0,3.152064629101747,-1.251835818592262,2.8928218938129904,0.0,0.10471975511965978,,
64.0,5.028086278205544,3.121345218060474,8.500114981894693,0.03779653435898905,-0.00993538984427246,0.09854859681721523,30.09999999999988,0.4188790204786395,943.4978694721508,26.089083647335574,0.0,3.152064629101747,-1.282060185998813,2.87955432411181,0.0,0.10471975511965978,943.915997499014,29.134959183953928
64.10000000000001,4.670422099969983,3.4094379290097367,8.323281952383859,0.051380818545477304,0.011342049620588433,0.10342991493973731,30.09999999999988,0.4293509959906055,946.2281094405772,27.356418686933523,0.0,3.152064629101747,-1.312143961058464,2.865970978829363,0.0,0.10471975511965978,,
64.2,5.130612443246618,3.1370323878460398,8.437838614030193,0.06541438409656833,-0.004228867365307691,0.09314609256935194,30.09999999999988,0.4398229715025715,948.9449284492762,28.65227472128205,0.0,3.152064629101747,-1.3420838447462666,2.85207334753253,0.0,0.10471975511965978,,
64.3,4.903784036975043,3.425220554595671,8.541770626884478,0.07612719075515172,-0.009849974400716117,0.10445451261884942,30.09999999999988,0.4502949470145375,951.6480285684277,29.97650964516402,0.0,3.152064629101747,-1.3718765538165822,2.837862954253195,0.0,0.10471975511965978,,
64.4,5.004996576835166,3.36762625577965,8.132942867618011,0.027344380775586416,-0.017151764150018782,0.09062953379554797,30.09999999999988,0.4607669225265035,954.3371133726424,31.328978241297254,0.0,3.152064629101747,-1.4015188211631284,2.8233413573211172,0.0,0.10471975511965978,,
64.5,5.138294697129134,3.2532738410158153,8.614094505131611,0.05663255727596733,0.0013214466969548363,0.09698641757357211,30.09999999999988,0.47123889803846947,957.0118879734686,32.70953219625925,0.0,3.152064629101747,-1.4310073961772525,2.8085101491930438,0.0,0.10471975511965978,,
64.60000000000001,4.949718149529249,3.0911079602349503,8.385944903932794,0.05752557106650406,-0.011001657276866925,0.10143457328438725,30.09999999999988,0.48171087355043546,959.672059051729,34.11802011675141,0.0,3.152064629101747,-1.4603390451043983,2.793370956278079,0.0,0.10471975511965978,,
64.7,4.829213900484429,3.1845834170482616,8.419486359466296,0.050160282451430394,-0.018982410837909726,0.10210687644319554,30.09999999999988,0.49218284906240145,962.3173348896877,35.55428754620106,0.0,3.152064629101747,-1.489510551398723,2.777925438759328,0.0,0.10471975511965978,,
64.8,4.697167292074449,3.1003219828633544,8.544135019912755,0.04936409700346682,0.009089127750257737,0.08134405159700275,30.09999999999988,0.5026548245743674,964.9474254030393,37.018176981699284,0.0,3.152064629101747,-1.5185187160758284,2.7621752904118435,0.0,0.10471975511965978,,
64.9,4.932907304647532,2.974642917729154,8.441913928413847,0.059671050487583616,0.00858914392940159,0.09720603760976139,30.09999999999988,0.5131268000863334,967.5620421727208,38.50952789127294,0.0,3.152064629101747,-1.5473603580635655,2.7461222384168784,0.0,0.10471975511965978,,
65.0,4.922987433815059,3.158148557410256,8.40035911312524,0.0319274321371959,0.013949964654014511,0.0951202675654405,30.09999999999988,0.5235987755982994,970.1608984765392,40.0281767314888,0.0,3.152064629101747,-1.5760323145508748,2.7297680431724864,0.0,0.10471975511965978,971.1021880151962,41.69808651113275
65.10000000000001,5.13040987118826,3.3554424666256946,8.36946279861098,0.04748071119353585,-0.014555446905230236,0.1005324659300017,30.09999999999988,0.5340707511102654,972.7437093206144,41.573956965387914,0.0,3.152064629101747,-1.6045314413346237,2.7131144981004707,0.0,0.10471975511965978,,
65.2,4.828271522508524,3.0324393588000085,8.695135367998354,0.04732844971308094,0.015765704522794622,0.08285368612958735,30.09999999999988,0.5445427266222314,975.3101914706316,43.14669908074828,0.0,3.152064629101747,-1.6328546131644042,2.6961634294497165,0.0,0.10471975511965978,,
65.3,4.976501795043093,3.3613345389865685,8.390010344370788,0.04442097532250396,-0.0039522286683764144,0.10441723022054471,30.09999999999988,0.5550147021341973,977.8600634829016,44.74623060867375,0.0,3.152064629101747,-1.6609987240852524,2.678916696095923,0.0,0.10471975511965978,,
65.4,5.21611052030531,3.057853236254095,8.409190690530034,0.051657285801113596,0.009002447911154284,0.10144327068654406,30.09999999999988,0.5654866776461633,980.3930457352237,46.37237614250721,0.0,3.152064629101747,-1.6889606877782504,2.6613761893377554,0.0,0.10471975511965978,,
65.5,4.7437201134423175,3.0417484681635574,8.57840633335923,0.0576677111771119,-0.01773277396512744,0.11467312816545233,30.09999999999988,0.5759586531581293,982.90886045755,48.02495735706589,0.0,3.152064629101747,-1.7167374378989761,2.6435438326894434,0.0,0.10471975511965978,,
65.60000000000001,4.980736904484172,3.137787604864271,8.622393499501213,0.0715753633303037,0.02065622768974287,0.09038607626741131,30.09999999999988,0.5864306286700953,985.4072317624452,49.70379302819669,0.0,3.152064629101747,-1.744325928413764,2.625421581669846,0.0,0.10471975511965978,,
65.7,4.769449711992533,3.4217820390741283,8.43097806733802,0.047678115289019815,0.007283838532504199,0.09362491349015611,30.09999999999988,0.5969026041820613,987.887885675342,51.40869905264954,0.0,3.152064629101747,-1.7717231339337347,2.6070114235880055,0.0,0.10471975511965978,,
65.8,4.74843075461965,3.224503231456649,8.339215566920705,0.051180736441525744,0.00744025755338074,0.09578065984948929,30.09999999999988,0.6073745796940273,990.3505501645842,53.1394884682663,0.0,3.152064629101747,-1.7989260500465645,2.5883153773252205,0.0,0.10471975511965978,,
65.9,4.989886867633135,3.1435746279720274,8.391119062559085,0.05521606859191524,-0.013940840820688782,0.11484563604451692,30.09999999999988,0.6178465552059933,992.7949551712588,54.895971474483325,0.0,3.152064629101747,-1.8259316936459524,2.5693354931136487,0.0,0.10471975511965978,,
66.0,4.971231052328693,3.125125566678179,8.506783202397989,0.042705943583208505,0.013709456779912942,0.09891267289683589,30.09999999999988,0.6283185307179593,995.2208326388111,56.67795545314522,0.0,3.152064629101747,-1.8527371032587527,2.550073852311477,0.0,0.10471975511965978,1004.4161298943501,54.01418709278193
66.10000000000001,4.662825222741685,3.1186666236228935,8.375669757500425,0.04846978743298388,0.00031050066590445,0.10541334510569052,30.09999999999988,0.6387905062299253,997.6279165424395,58.485244989627596,0.0,3.152064629101747,-1.879339339369731,2.53053256717468,0.0,0.10471975511965978,,
66.2,5.149441373130918,3.072163653403566,8.596766471210456,0.04877052823369425,0.006018507599534893,0.08519747687131066,30.09999999999988,0.6492624817418913,1000.0159429182686,60.317641894266465,0.0,3.152064629101747,-1.9057354847439179,2.510713780625382,0.0,0.10471975511965978,,
66.3,5.084941252895132,3.0637226453509028,8.660752481891588,0.05339046767940681,0.014386624958481932,0.10165653019517348,30.09999999999988,0.6597344572538573,1002.3846498922957,62.174945224092006,0.0,3.152064629101747,-1.9319226447465156,2.4906196660168654,0.0,0.10471975511965978,,
66.4,4.951791863369325,3.229962210275298,8.483508981747946,0.045587333348385696,-0.011390133630048585,0.11021018404394829,30.09999999999988,0.6702064327658233,1004.7337777091082,64.05695130486419,0.0,3.152064629101747,-1.9578979476603275,2.4702524268952377,0.0,0.10471975511965978,,
66.5,4.895716629582068,3.1950864731948485,8.614028059140228,0.05361048039122905,0.01661476408530572,0.09433255050853463,30.09999999999988,0.6806784082777892,1007.0630687603685,65.96345375340798,0.0,3.152064629101747,-1.983658545000674,2.449614296757786,0.0,0.10471975511965978,,
66.60000000000001,4.916840760338562,3.2773918771874584,8.558565417174508,0.05681452513682672,0.005812850299585249,0.09967042277567764,30.09999999999988,0.6911503837897552,1009.3722676130645,67.89424350024557,0.0,3.152064629101747,-2.0092016118277614,2.428707538808051,0.0,0.10471975511965978,,
66.7,4.892004614720017,3.14507344149139,8.63214788716596,0.05327384112413428,0.011262968284610897,0.07827632985240557,30.09999999999988,0.7016223593017212,1011.6611210375196,69.8491088125232,0.0,3.152064629101747,-2.034524347056467,2.4075344457076393,0.0,0.10471975511965978,,
66.8,5.2772118109527275,2.9938765936807323,8.202306334315221,0.04510714596726349,0.00300249926361342,0.0939409422257549,30.09999999999988,0.7120943348136872,1013.9293780351626,71.82783531723004,0.0,3.152064629101747,-2.059623973763513,2.386097339324808,0.0,0.10471975511965978,,
66.9,4.90072720157945,3.173463364312717,8.473571031139908,0.057982942399395665,-0.006743449181841351,0.09919232787377442,30.09999999999988,0.7225663103256532,1016.1767898660528,73.83020602470663,0.0,3.152064629101747,-2.084497739491983,2.3643985704798474,0.0,0.10471975511965978,,
67.0,5.104608526691673,3.1308113812279768,8.444390575060154,0.05296291444300222,-0.00474734877659056,0.0948818825674417,30.09999999999988,0.7330382858376192,1018.403110076157,75.85600135244023,0.0,3.152064629101747,-2.1091429165531634,2.342440518687283,0.0,0.10471975511965978,1018.8601850218713,75.69725812733739
67.10000000000001,4.728925320738288,3.1323249689174113,8.269735774742312,0.062246528055910216,0.008147759058804122,0.08918318859389235,30.09999999999988,0.7435102613495852,1020.6080945243757,77.90499914914452,0.0,3.152064629101747,-2.133556802325663,2.32022559189494,0.0,0.10471975511965978,,
67.2,5.372003192683516,3.245638073481204,8.394857722209453,0.06122636627131068,0.0020477192830227024,0.09586004039463807,30.09999999999988,0.7539822368615512,1022.7915014093164,79.97697471912097,0.0,3.152064629101747,-2.1577367195517883,2.2977562262198794,0.0,0.10471975511965978,,
67.3,5.100758059188668,3.4298677686568273,8.410540042541607,0.045992348850893955,0.005385700038930976,0.10352481806626748,30.09999999999988,0.7644542123735172,1024.9530912958094,82.0717008468993,0.0,3.152064629101747,-2.1816800166311316,2.2750348856812543,0.0,0.10471975511965978,,
67.4,4.84969203487179,2.9432810761973083,8.457124441369642,0.04539634513861632,-0.000409131455024493,0.10647878772656168,30.09999999999988,0.7749261878854832,1027.0926271411645,84.18894782215418,0.0,3.152064629101747,-2.205384067911352,2.252064061930102,0.0,0.10471975511965978,,
67.5,5.056671854130547,3.0675882499835674,8.542561389536845,0.0747521653749347,0.007947311731964795,0.09639102998167814,30.09999999999988,0.7853981633974492,1029.2098743211661,86.32848346489556,0.0,3.152064629101747,-2.228846273976107,2.228846273976103,0.0,0.10471975511965978,,
67.60000000000001,4.889931672023888,3.0797189562136036,8.333164014448892,0.04943196700308766,-0.01498398981939181,0.10031580900160467,30.09999999999988,0.7958701389094152,1031.3046006558016,88.49007315092985,0.0,3.152064629101747,-2.2520640619301058,2.2053840679113486,0.0,0.10471975511965978,,
67.7,4.8811541638737355,3.1409779627337575,8.313662046122293,0.060808803069487126,0.005346996140488061,0.08995547341763606,30.09999999999988,0.8063421144213812,1033.3765764347231,90.67347983758906,0.0,3.152064629101747,-2.2750348856812583,2.1816800166311276,0.0,0.10471975511965978,,
67.8,5.002412790037883,3.342816756629166,8.5405401075941,0.051865505347258714,-0.009490034601987787,0.094181796350034,30.09999999999988,0.8168140899333471,1035.4255744424374,92.87846408972526,0.0,3.152064629101747,-2.2977562262198834,2.1577367195517843,0.0,0.10471975511965978,,
67.9,4.965671270984561,3.160956251889699,8.618117371348871,0.05542131032124557,0.00024195237376818356,0.07427139341488034,30.09999999999988,0.8272860654453131,1037.4513699832228,95.10478410596728,0.0,3.152064629101747,-2.320225591894944,2.1335568023256593,0.0,0.10471975511965978,,
68.0,4.802780089602537,3.174518219242725,8.758680655149222,0.03482564668191583,0.01956999107667062,0.07936089437673526,30.09999999999988,0.8377580409572791,1039.4537409057696,97.352195745237,0.0,3.152064629101747,-2.3424405186872868,2.1091429165531594,0.0,0.10471975511965978,1036.7796397295185,99.37366679105043
68.10000000000001,5.0357722035811605,3.1394009252094732,8.518006047310699,0.04061965705264744,-0.012375892818380505,0.0823247424391128,30.09999999999988,0.8482300164692451,1041.4324676275412,99.62045255352213,0.0,3.152064629101747,-2.364398570479851,2.084497739491979,0.0,0.10471975511965978,,
68.2,4.7086606015366135,3.3889782392715415,8.31652323075318,0.0682748369636427,0.003857186158277733,0.08914776099544486,30.09999999999988,0.8587019919812111,1043.3873331588547,101.90930579090274,0.0,3.152064629101747,-2.3860973393248117,2.0596239737635087,0.0,0.10471975511965978,,
68.3,5.394671252971379,3.184727533446727,8.455067973381858,0.042668610223310005,-0.0001629114752631108,0.10009548655634119,30.09999999999988,0.8691739674931771,1045.3181231266751,104.21850445882828,0.0,3.152064629101747,-2.4075344457076424,2.0345243470564633,0.0,0.10471975511965978,,
68.4,4.764813299921112,3.0548302575513313,8.77377705320451,0.06799053030498302,0.014717928194846939,0.09421200236108865,30.09999999999988,0.8796459430051431,1047.2246257981246,106.54779532764253,0.0,3.152064629101747,-2.4287075388080543,2.009201611827757,0.0,0.10471975511965978,,
68.5,5.22038245641734,2.984265692389387,8.449017506821408,0.048257469177838914,-0.011423117655029845,0.09101783550538226,30.09999999999988,0.8901179185171091,1049.1066321037008,108.89692296435301,0.0,3.152064629101747,-2.4496142967577894,1.9836585450006698,0.0,0.10471975511965978,,
68.60000000000001,4.705611666945138,3.2200077072067015,8.46610356830013,0.04911059439449901,-0.00705946017125854,0.10004946218312691,30.09999999999988,0.9005898940290751,1050.963935660204,111.26562976064207,0.0,3.152064629101747,-2.470252426895241,1.957897947660323,0.0,0.10471975511965978,,
68.7,5.048245393770314,3.3269590136753333,8.641156485075433,0.04811250022636298,0.013518398302264967,0.11205693645660644,30.09999999999988,0.9110618695410411,1052.7963327933694,113.65365596111663,0.0,3.152064629101747,-2.4906196660168685,1.9319226447465114,0.0,0.10471975511965978,,
68.8,4.894444677232652,3.419759208423302,8.601490265851472,0.04745178744866541,-0.01493942519819448,0.10943128300759948,30.09999999999988,0.9215338450530071,1054.603622560202,116.06073969179316,0.0,3.152064629101747,-2.510713780625385,1.9057354847439136,0.0,0.10471975511965978,,
68.9,4.983371632174774,3.0073911981339876,8.646541920113755,0.05892436942722473,-0.016683369144332886,0.09774209721323773,30.09999999999988,0.932005820564973,1056.3856067710128,118.48661698881526,0.0,3.152064629101747,-2.5305325671746832,1.8793393393697264,0.0,0.10471975511965978,,
69.0,4.912087479221551,3.2610692304642805,8.72231071426158,0.051970219839753126,0.0032895210506133695,0.08571180461603951,30.09999999999988,0.942477796076939,1058.1420900111516,120.93102182740013,0.0,3.152064629101747,-2.5500738523114808,1.8527371032587483,0.0,0.10471975511965978,1055.2975445567968,124.06602976780212
69.10000000000001,4.96129635269561,2.881164688134359,8.444517465790765,0.044078261264982266,0.014117802862257492,0.096289209226388,30.09999999999988,0.952949771588905,1059.8728796624375,123.3936861510113,0.0,3.152064629101747,-2.569335493113652,1.8259316936459482,0.0,0.10471975511965978,,
69.2,4.7344243064582265,2.954895036684112,8.596711318959285,0.05295729470581822,0.004321223509804751,0.09386013712885596,30.09999999999988,0.963421747100871,1061.5777859242812,125.87433990075397,0.0,3.152064629101747,-2.5883153773252237,1.7989260500465603,0.0,0.10471975511965978,,
69.3,5.004283990480799,3.2078687723365857,8.580448813879423,0.048473231134464535,-0.003137474315748092,0.07285491440384798,30.09999999999988,0.973893722612837,1063.256621834498,128.37271104499007,0.0,3.152064629101747,-2.6070114235880086,1.7717231339337303,0.0,0.10471975511965978,,
69.4,5.078023582878525,3.1356980623847504,8.391586509538307,0.05542899331949605,0.002751636220494042,0.09363303579311359,30.09999999999988,0.984365698124803,1064.9092032898122,130.88852560916953,0.0,3.152064629101747,-2.6254215816698485,1.7443259284137593,0.0,0.10471975511965978,,
69.5,5.288696547517264,3.178462154245703,8.566604969944335,0.042732759961492936,0.005494814065848145,0.10166844007115228,30.09999999999988,0.994837673636769,1066.5353490660439,133.42150770587475,0.0,3.152064629101747,-2.6435438326894465,1.7167374378989715,0.0,0.10471975511965978,,
69.60000000000001,4.978752353351779,3.210343652579346,8.462341055051699,0.055807947517781814,0.024642426536465083,0.09384829180930988,30.09999999999988,1.005309649148735,1068.134880837984,135.9713795650747,0.0,3.152064629101747,-2.6613761893377585,1.6889606877782457,0.0,0.10471975511965978,,
69.7,4.9697476357716805,3.3028940154826922,8.823025729325906,0.06738825269776148,-0.007559759445655091,0.08519953277936282,30.09999999999988,1.015781624660701,1069.7076231989483,138.53786156458557,0.0,3.152064629101747,-2.678916696095926,1.660998724085248,0.0,0.10471975511965978,,
69.8,4.991742729489253,3.0306392826163577,8.68371111992447,0.05294975346725739,-0.015462183899294647,0.1150742087296924,30.09999999999988,1.026253600172667,1071.2534036800143,141.12067226073452,0.0,3.152064629101747,-2.6961634294497197,1.6328546131643995,0.0,0.10471975511965978,,
69.9,5.146846148142624,3.3147032449343277,8.309109754942353,0.04754350275034234,-0.00032111353413146387,0.09166218912736561,30.09999999999988,1.036725575684633,1072.7720527689326,143.71952841922305,0.0,3.152064629101747,-2.7131144981004733,1.6045314413346188,0.0,0.10471975511965978,,
70.0,5.184725912102654,3.124084940002793,8.364501374707201,0.05726918025101799,0.004903945048490229,0.09970081448942311,30.09999999999988,1.047197551196599,1074.2634039287166,146.33414504618696,0.0,3.152064629101747,-2.729768043172489,1.5760323145508701,0.0,0.10471975511965978,,
70.10000000000001,5.21432988746853,3.0725479064404215,8.564227659621423,0.05415669164125365,0.0066350480111975205,0.09736957502778296,30.09999999999988,1.057669526708565,1075.7272936159059,148.96423541944904,0.0,3.152064629101747,-2.746122238416881,1.5473603580635609,0.0,0.10471975511965978,,
70.2,5.149056656102253,3.1953642730175793,8.669202492648248,0.054305730172048844,0.006909570694899267,0.0979901473980665,30.09999999999988,1.068141502220531,1077.1635612985,151.60951111996144,0.0,3.152064629101747,-2.7621752904118457,1.5185187160758236,0.0,0.10471975511965978,,
70.3,4.795786352158676,3.2699374124778,8.439377565893519,0.04848914783528132,0.014437737036669989,0.08194092786718447,30.09999999999988,1.078613477732497,1078.5720494735622,154.26968206343403,0.0,3.152064629101747,-2.777925438759331,1.4895105513987181,0.0,0.10471975511965978,,
70.4,4.713574343103038,3.2113649366256727,8.463332559456296,0.04760730271628089,0.00501242959609818,0.1116416449446775,30.09999999999988,1.089085453244463,1079.9526036844916,156.9444565321455,0.0,3.152064629101747,-2.793370956278081,1.4603390451043934,0.0,0.10471975511965978,,
70.5,4.675996359666865,2.905098353547787,8.177351995313836,0.06511559634529414,0.029131832663720082,0.09585829990129054,30.09999999999988,1.099557428756429,1081.3050725379617,159.63354120693336,0.0,3.152064629101747,-2.8085101491930464,1.4310073961772476,0.0,0.10471975511965978,,
70.60000000000001,5.1688645871836,3.0363557151740292,8.465335097839487,0.056016836711049414,0.0002561274492722096,0.10150572639278932,30.09999999999988,1.110029404268395,1082.6293077205216,162.3366411993598,0.0,3.152064629101747,-2.8233413573211195,1.4015188211631235,0.0,0.10471975511965978,,
70.7,4.803147384873693,3.01716696333479,8.28213716314677,0.06661285775365568,0.002916391839539271,0.10168978087581076,30.09999999999988,1.120501379780361,1083.925164014861,165.05346008404948,0.0,3.152064629101747,-2.8378629542531972,1.3718765538165771,0.0,0.10471975511965978,,
70.8,4.9673137636075575,3.129754312034393,8.547714848757234,0.04483277141952011,0.01056288653297514,0.10384282917550355,30.09999999999988,1.130973355292327,1085.192499315734,167.7836999311959,0.0,3.152064629101747,-2.852073347532533,1.3420838447462615,0.0,0.10471975511965978,,
70.9,4.881015137704073,3.1541737122228843,8.401197618300127,0.05916091743810428,0.0029077014146294683,0.09882868906324306,30.09999999999988,1.141445330804293,1086.4311746455437,170.52706133923286,0.0,3.152064629101747,-2.8659709788293655,1.3121439610584589,0.0,0.10471975511965978,,
71.0,4.809768416105269,3.1523426394804037,8.547660735862129,0.04825624911698501,0.011291873500644558,0.107987600698681,30.09999999999988,1.1519173063162589,1087.6410541695814,173.28324346766706,0.0,3.152064629101747,-2.8795543241118122,1.2820601859988079,0.0,0.10471975511965978,,
71.10000000000001,5.115103432651681,3.2058452220595814,8.649807418158222,0.05277004766487453,0.0034866916168545766,0.08730808164365099,30.09999999999988,1.1623892818282249,1088.822005210923,176.0519440700688,0.0,3.152064629101747,-2.892821893812992,1.251835818592257,0.0,0.10471975511965978,,
71.2,4.9289475299356384,3.0118419377333634,8.473083300884916,0.06223670977881869,0.00361017883721118,0.09289414659303108,30.09999999999988,1.1728612573401909,1089.9738982649787,178.83285952721658,0.0,3.152064629101747,-2.905772232994376,1.22147417328129,0.0,0.10471975511965978,,
71.3,5.090041137533184,3.2705650158282373,8.320962631519414,0.051629047041079325,0.0011127486463691244,0.11173108131237602,30.09999999999988,1.1833332328521569,1091.0966070136947,181.62568488039247,0.0,3.152064629101747,-2.9184039215053352,1.1909785795624597,0.0,0.10471975511965978,,
71.4,5.1257697166149665,3.537375052443113,8.200475241292985,0.03657288571923237,0.003290264497123554,0.07745569231248886,30.09999999999988,1.1938052083641228,1092.190008339405,184.43011386482422,0.0,3.152064629101747,-2.9307155741388784,1.1603523816212717,0.0,0.10471975511965978,,
71.5,4.843874755347621,3.350221437680666,8.500360175559402,0.04124249548938551,0.003921753152000168,0.09018028706658587,30.09999999999988,1.2042771838760888,1093.2539823383324,187.24583894327063,0.0,3.152064629101747,-2.9427058407835545,1.1295989379654563,0.0,0.10471975511965978,,
71.60000000000001,4.848507244990425,3.151530491400331,8.557702271092893,0.037776710554667504,-0.0025640836706055893,0.0985058648295781,30.09999999999988,1.2147491593880548,1094.2884123337383,190.0725513397465,0.0,3.152064629101747,-2.954373406571508,1.0987216210566697,0.0,0.10471975511965978,,
71.7,4.932676805429945,2.842761261326383,8.563956752594237,0.05030674493812997,-0.020867616258874407,0.10351913960754149,30.09999999999988,1.2252211349000208,1095.2931848887165,192.9099410733834,0.0,3.152064629101747,-2.965716992022669,1.067723816940667,0.0,0.10471975511965978,,
71.8,4.813592221270529,3.1646161342680528,8.579103419596802,0.055223117339410224,0.0012232858328741097,0.1051543038529989,30.09999999999988,1.2356931104119868,1096.2681898186336,195.75769699242258,0.0,3.152064629101747,-2.9767353531850613,1.036608924875983,0.0,0.10471975511965978,,
71.9,5.199129404660273,3.295470319900307,8.58868175179077,0.05542602396843613,7.848433991526693e-06,0.0960749742052374,30.09999999999988,1.2461650859239528,1097.2133202032119,198.61550680833625,0.0,3.152064629101747,-2.9874272817712186,1.0053803569611657,0.0,0.10471975511965978,,
72.0,4.987262761402463,3.225080674152863,8.579027092036705,0.04752028901880112,0.008776699062737653,0.08349846356958775,30.09999999999988,1.2566370614359188,1098.1284723982542,201.48305713007346,0.0,3.152064629101747,-2.9977916052906846,0.9740415377606008,0.0,0.10471975511965978,,
72.10000000000001,4.850094453547144,3.2592297420600564,8.698744970519492,0.03394717346354274,-0.015085007586562288,0.10151863817685707,30.09999999999988,1.2671090369478848,1099.0135460470092,204.36003349842707,0.0,3.152064629101747,-3.007827187178589,0.9425959039289697,0.0,0.10471975511965978,,
72.2,5.117542110421108,3.1594159227994387,8.520127926032725,0.036036540209632525,-0.013653402030495976,0.10756874230647454,30.09999999999988,1.2775810124598508,1099.8684440911775,207.24612042051774,0.0,3.152064629101747,-3.0175329269202877,0.9110469038343826,0.0,0.10471975511965978,,
72.3,5.159663286840841,3.202005403763442,8.242260043804547,0.03626433872668218,0.004889878378267055,0.08508878960328357,30.09999999999988,1.2880529879718168,1100.6930727815547,210.14100140439123,0.0,3.152064629101747,-3.0269077601720444,0.8793979971802246,0.0,0.10471975511965978,,
72.4,4.893942874840564,3.4197813813027618,8.208447006195971,0.06733950363056472,0.005344040541765443,0.1100323997510685,30.09999999999988,1.2985249634837828,1101.4873416883122,213.0443589937253,0.0,3.152064629101747,-3.035950658877748,0.8476526546257611,0.0,0.10471975511965978,,
72.5,4.838096130187813,3.277884424340666,8.271294514453556,0.05223697296127448,-0.0033712215645402307,0.09704394380834683,30.09999999999988,1.3089969389957488,1102.2511637109137,215.95587480264243,0.0,3.152064629101747,-3.0446606313816518,0.8158143574055406,0.0,0.10471975511965978,,
72.60000000000001,5.069569925600161,3.0603830996889023,8.412546371828517,0.04882710132786985,0.003248663294730427,0.08303598367945832,30.09999999999988,1.3194689145077148,1102.9844550876674,218.87522955062434,0.0,3.152064629101747,-3.0530367225371173,0.7838865969476384,0.0,0.10471975511965978,,
72.7,5.1181285583340195,3.3126911252287776,8.38332728848632,0.059466556268145114,0.006219497562959277,0.09758206672789436,30.09999999999988,1.3299408900196807,1103.68713540491,221.8021030975248,0.0,3.152064629101747,-3.0610780138113602,0.7518728744907819,0.0,0.10471975511965978,,
72.8,4.747645133299836,3.044834577959426,8.426586680065398,0.04532354921114317,-0.005316394178689033,0.09828121671859405,30.09999999999988,1.3404128655316467,1104.359127605826,224.7361744786765,0.0,3.152064629101747,-3.0687836233861745,0.7197767007004003,0.0,0.10471975511965978,,
72.9,4.912086148881861,2.9660266486884934,8.333189291818456,0.058435627548223575,0.010350506508455336,0.1015127997761724,30.09999999999988,1.3508848410436127,1105.0003579988982,227.67712194008854,0.0,3.152064629101747,-3.076152706254637,0.6876015952836407,0.0,0.10471975511965978,,
73.0,4.470227749211191,3.17116422956884,8.607541677267884,0.04099545009676277,0.005645166554999261,0.11557415809647213,30.09999999999988,1.3613568165555787,1105.610756265988,230.62462297373028,0.0,3.152064629101747,-3.083184454313768,0.6553510866033926,0.0,0.10471975511965978,,
73.10000000000001,4.81662842433247,3.5493113079543166,8.36660469074644,0.053332016698555196,0.0018307764191458837,0.1001089059976938,30.09999999999988,1.3718287920675447,1106.1902554700468,233.57835435289812,0.0,3.152064629101747,-3.0898780964531527,0.6230287112913628,0.0,0.10471975511965978,,
73.2,5.101508458205393,2.9728975263127646,8.72267558242191,0.044986529702421535,-0.008973853701785816,0.10041612943925864,30.09999999999988,1.3823007675795107,1106.7387920624567,236.53799216766075,0.0,3.152064629101747,-3.0962328986394994,0.5906380138602447,0.0,0.10471975511965978,,
73.3,4.900872453216836,3.1243553621158124,8.4606741549431,0.04070982996877108,-0.005677812590637357,0.07848117988095714,30.09999999999988,1.3927727430914767,1107.2563058899987,239.50321186037974,0.0,3.152064629101747,-3.1022481639971375,0.5581825463150212,0.0,0.10471975511965978,,
73.4,5.092457263306381,3.115634383033536,8.514380110584137,0.03116006381491566,-0.0018418466332663383,0.11303963278152993,30.09999999999988,1.4032447186034427,1107.7427402014496,242.47368826130077,0.0,3.152064629101747,-3.1079232328844344,0.5256658677634488,0.0,0.10471975511965978,,
73.5,5.061344409156607,3.058884782191674,8.384196884106471,0.040132906642281946,0.0015797767296592388,0.08784038214785558,30.09999999999988,1.4137166941154087,1108.1980416538058,245.44909562421225,0.0,3.152064629101747,-3.1132574829661337,0.49309154402576016,0.0,0.10471975511965978,,
73.60000000000001,4.777478310145537,3.2321253555584306,8.510686438435382,0.055392645639049345,0.005445493009188637,0.08794221257622646,30.09999999999988,1.4241886696273747,1108.6221603181323,248.42910766216704,0.0,3.152064629101747,-3.118250329281602,0.46046314724363246,0.0,0.10471975511965978,,
73.7,5.002973349338492,3.3453953228046287,8.354290872582785,0.04714060515474564,-0.02256219960068885,0.10769924828256255,30.09999999999988,1.4346606451393407,1109.015049685038,251.4133975832635,0.0,3.152064629101747,-3.122901224308978,0.42778425548846144,0.0,0.10471975511965978,,
73.8,5.1496853491860834,3.079991598295548,8.440180518103041,0.04399261009423877,-0.008948853005392035,0.0869624040445669,30.09999999999988,1.4451326206513067,1109.3766666697766,254.4016381264819,0.0,3.152064629101747,-3.127209658025211,0.39505845236898574,0.0,0.10471975511965978,,
73.9,4.9877539589923625,3.2678480688186458,8.28603388759275,0.052248435694646427,-0.0023380658211481923,0.11951637503039977,30.09999999999988,1.4556045961632726,1109.7069716169701,257.3935015975723,0.0,3.152064629101747,-3.131175157961991,0.3622893266383037,0.0,0.10471975511965978,,
74.0,5.000475575332407,3.22036229741948,8.2087130179553,0.039065845069267295,0.001730480365055186,0.09503178743410416,30.09999999999988,1.4660765716752386,1110.0059283049595,260.3886599049898,0.0,3.152064629101747,-3.1347972892575635,0.32948047180032614,0.0,0.10471975511965978,,
74.10000000000001,4.891421561117312,3.3136895096471677,8.60450960825481,0.05897118624310893,0.0070666404628414526,0.0870040576862397,30.09999999999988,1.4765485471872046,1110.2735039497747,263.3867845958736,0.0,3.152064629101747,-3.1380756547044144,0.29663548571570814,0.0,0.10471975511965978,,
74.2,5.010435627188307,3.1150346240299447,8.60473877730036,0.05578699678378624,0.008221829334770095,0.0923921389883782,30.09999999999988,1.4870205226991706,1110.5096692087309,266.38754689206564,0.0,3.152064629101747,-3.1410098947928287,0.2637579702073034,0.0,0.10471975511965978,,
74.3,4.745337674600894,3.2925992550671417,8.62089166038559,0.046154081085009256,-0.001183964693580776,0.08491626167818929,30.09999999999988,1.4974924982111366,1110.7143981836464,269.3906177261646,0.0,3.152064629101747,-3.1435996877503145,0.2308515306651832,0.0,0.10471975511965978,,
74.4,5.186931398052999,3.449353925943247,8.472485891865482,0.05848889552744371,-0.013351045853562298,0.10444726957644199,30.09999999999988,1.5079644737231026,1110.8876684236816,272.39566777761195,0.0,3.152064629101747,-3.14584474957689,0.19791977565126534,0.0,0.10471975511965978,,
74.5,5.0683746222025094,3.326922485583361,8.284151394945043,0.048610599108694405,0.003926873209867466,0.08728167660020848,30.09999999999988,1.5184364492350686,1111.0294609278023,275.4023675088057,0.0,3.152064629101747,-3.147744834076226,0.16496631650359414,0.0,0.10471975511965978,,
74.60000000000001,4.981207888444588,3.199480669624704,8.598118953087061,0.05480381541559873,0.002181784120076579,0.08840524430372866,30.09999999999988,1.5289084247470346,1111.139760146863,278.410387201238,0.0,3.152064629101747,-3.1492997328826458,0.1319947669403169,0.0,0.10471975511965978,,
74.7,4.800558748728512,3.2755519813485217,8.389003926718056,0.06736021622222982,-0.011026060619116087,0.11875892978905558,30.09999999999988,1.5393804002590006,1111.2185539853108,281.41939699165215,0.0,3.152064629101747,-3.1505092754839725,0.09900874266339882,0.0,0.10471975511965978,,
74.8,4.820332364108174,3.215975792506964,8.548200640360994,0.04877950113924019,0.013969042531714698,0.10784364193287245,30.09999999999988,1.5498523757709666,1111.2658338025135,284.4290669082162,0.0,3.152064629101747,-3.1513733292402297,0.0660118609621206,0.0,0.10471975511965978,,
74.9,5.148361555898449,2.8542997818706386,8.409689387971675,0.06143264320192997,-0.010965180600767488,0.10964080964360423,30.09999999999988,1.5603243512829326,1111.2815944137062,287.439066906708,0.0,3.152064629101747,-3.1518917993981863,0.0330077403164018,0.0,0.10471975511965978,,
75.0,5.507889266545002,-1.1670515618347557,8.12614778717862,-0.022431281622306468,-0.00413782736769216,-0.048141839376450585,30.09999999999988,1.5707963267948986,1111.2881612150168,290.45156690670797,0.5,-1.3133602621257277,1.3133602621257268,0.5000000000000026,0.0,-0.04363323129985824,,
75.10000000000001,5.153353484262029,-1.253058904417414,8.173664969480281,-0.02465919642067046,-0.001961909172635955,-0.03816286383103531,30.14999999999988,1.5664330036649128,1111.307905147787,293.46900948170133,0.5,-1.3155419236907206,1.3177110553221358,0.4942551240702568,0.0,-0.04363323129985824,,
75.2,5.402250018824245,-1.3976402307442575,8.092367135456929,-0.01085294340724105,0.019295593470488304,-0.02388956933496611,30.199999999999882,1.562069680534927,1111.3408694683828,296.4913368983546,0.5,-1.3177235852557136,1.322036678128504,0.48848179988830975,0.0,-0.04363323129985824,,
75.3,5.417356644041356,-1.0911235272469026,8.409316574049665,-0.04104781447355521,0.008327538884473799,-0.026752968918245506,30.249999999999883,1.5577063574049412,1111.3870971798117,299.51849113995553,0.5,-1.3199052468207066,1.326336965121802,0.4826801379136277,0.0,-0.04363323129985824,,
75.4,5.247865193666055,-1.5337826484971444,7.93329371258792,-0.015248413342870802,0.018222179844787727,-0.01701409522881094,30.299999999999883,1.5533430342749555,1111.4466310300736,302.5504139075269,0.5,-1.3220869083856994,1.3306117513645213,0.4768502495076396,0.0,-0.04363323129985824,,
75.5,5.269263540488514,-1.1206143369031976,8.168439990149464,-0.028488210213520014,-0.005477754281373058,-0.025826940084393547,30.349999999999884,1.5489797111449697,1111.5195135105157,305.587046620949,0.5,-1.3242685699506924,1.3348608724093962,0.47099224693160047,0.0,-0.04363323129985824,,
75.60000000000001,5.364556721317612,-1.5525467316812305,8.265060525100845,-0.016332410834899738,-0.010790597867888942,-0.040083223317687114,30.399999999999885,1.544616388014984,1111.605786854193,308.62833042009146,0.5,-1.3264502315156854,1.3390841643041143,0.4651062433444292,0.0,-0.04363323129985824,,
75.7,5.2931250666187255,-1.1988356117185623,8.280782741636799,-0.009387817178576476,0.002807833185244171,-0.04410951377411645,30.449999999999886,1.5402530648849981,1111.705493034235,311.67420616595325,0.5,-1.3286318930806784,1.3432814635960204,0.45919235280052356,0.0,-0.04363323129985824,,
75.8,5.508013761159244,-1.5846860144910266,8.242756734782782,-0.006163097420149689,0.013225094599279778,-0.03047917145590242,30.499999999999886,1.5358897417550124,1111.8186737622143,314.7246144418127,0.5,-1.3308135546456712,1.3474526073368092,0.45325069024755077,0.0,-0.04363323129985824,,
75.9,5.196461311562986,-1.377806610081147,8.295413822917569,-0.007557461050536696,0.006965605423350422,-0.029546360320846447,30.549999999999887,1.5315264186250266,1111.9453704865236,317.77949555438573,0.5,-1.3329952162106642,1.3515974330872091,0.44728137152421416,0.0,-0.04363323129985824,,
76.0,5.5456292647862115,-1.5229394378921997,8.17357322685841,-0.01730290170612405,-0.008577071082948444,-0.03599576394794464,30.599999999999888,1.5271630954950408,1112.0856243907563,320.838789534993,0.5,-1.3351768777756572,1.3557157789216547,0.4412845133579959,0.0,-0.04363323129985824,,
76.10000000000001,5.0514830189350075,-1.3479325848175356,7.846527219933261,-0.013689316440325373,-0.009673027377391329,-0.04066504774658462,30.64999999999989,1.522799772365055,1112.2394763920913,323.90243614073614,0.5,-1.3373585393406502,1.3598074834329499,0.43526023336287617,0.0,-0.04363323129985824,,
76.2,5.59519772157573,-1.4432591350039548,7.971985730809712,-0.0125910487853403,-0.011337399520890952,-0.031244163655449842,30.69999999999989,1.5184364492350693,1112.4069671396858,326.9703748556829,0.5,-1.339540200905643,1.3638723857369217,0.4292086500370285,0.0,-0.04363323129985824,,
76.3,5.156279282745119,-1.2888564142657146,8.372522802211666,-0.02337294351447414,0.003138417805541199,-0.0650575559150421,30.74999999999989,1.5140731261050835,1112.5881370130705,330.0425448920605,0.5,-1.341721862470636,1.3679103254770635,0.423129882760491,0.0,-0.04363323129985824,,
76.4,5.44426226945285,-1.4224802427330203,8.211699868383228,-0.00822410540340127,-0.008170206820546587,-0.0006572372083982758,30.79999999999989,1.5097098029750977,1112.7830261205522,333.11888519145884,0.5,-1.343903524035629,1.3719211428291664,0.41702405179281454,0.0,-0.04363323129985824,,
76.5,4.9830665850453615,-1.5011630279642065,8.226070695581942,-0.0300219976548337,-0.006284041925362356,-0.01840883468035054,30.84999999999989,1.505346479845112,1112.9916742976197,336.1993344260413,0.5,-1.346085185600622,1.3759046785059428,0.41089127827068683,0.0,-0.04363323129985824,,
76.60000000000001,5.236959505705337,-1.2256981806165712,8.3003639546889,-0.01675709186055888,0.005890118745280116,-0.029865529678851626,30.899999999999892,1.5009831567151262,1113.214121105358,339.28383099976514,0.5,-1.3482668471656147,1.3798607737616355,0.40473168420553307,0.0,-0.04363323129985824,,
76.7,5.363573931680645,-1.3493258946385747,8.30862850185091,-0.023398498958264728,-0.00240863295404619,-0.023638361038576042,30.949999999999893,1.4966198335851404,1113.4504058288646,342.37231304961045,0.5,-1.3504485087306077,1.3837892703966215,0.3985453924810929,0.0,-0.04363323129985824,,
76.80000000000001,5.176601037424093,-1.3656545515335725,8.582415819521708,-0.022943363896268835,0.0005433026809793576,-0.03324105557884208,30.999999999999893,1.4922565104551546,1113.700567475675,345.46471844681736,0.5,-1.3526301702956007,1.3876900107619985,0.39233252685097414,0.0,-0.04363323129985824,,
76.9,5.440367422305437,-1.3044597452189017,8.321623176384737,-0.025030137767193896,0.004254239380379094,-0.04353372315698601,31.049999999999894,1.4878931873251688,1113.964644774189,348.56098479813255,0.5,-1.3548118318605937,1.3915628377641664,0.38609321193618296,0.0,-0.04363323129985824,,
77.0,5.475014218584203,-1.322146159919252,8.35367747340519,-0.0113718242382117,0.0065506251504577106,-0.014119538227358806,31.099999999999895,1.483529864195183,1114.2426761721088,351.661049447064,0.5,-1.3569934934255865,1.3954075948693934,0.37982757322263044,0.0,-0.04363323129985824,,
77.10000000000001,5.327312938398928,-1.3190282851807382,8.249914177969469,0.004268844699570586,-0.0066466774941505245,-0.013114845807347671,31.149999999999896,1.4791665410651973,1114.5346998348757,354.76484947514433,0.5,-1.3591751549905795,1.3992241261083735,0.3735357370586162,0.0,-0.04363323129985824,,
77.2,5.581881525897957,-1.5153243794186344,8.382188022562756,-0.025612048461693706,0.0006310452969496411,-0.03964258067964819,31.199999999999896,1.4748032179352115,1114.840753644119,357.87232170320317,0.5,-1.3613568165555725,1.4030122760807726,0.36721783065228825,0.0,-0.04363323129985824,,
77.30000000000001,5.408094713356251,-1.0117705527458112,8.217234422750376,-0.03429057493618788,-0.0009423675948267081,-0.0309811680740773,31.249999999999897,1.4704398948052257,1115.1608751961066,360.98340269264764,0.5,-1.3635384781205655,1.4067718899597594,0.3608739820690803,0.0,-0.04363323129985824,,
77.4,5.657992063780748,-1.249291297189967,8.058712759222173,-0.022864350530425806,-0.006444929716491192,-0.04459645795976511,31.299999999999898,1.46607657167524,1115.4951018002018,364.0980287467515,0.5,-1.3657201396855583,1.4105028134965298,0.3545043202291246,0.0,-0.04363323129985824,,
77.5,5.759822183213478,-1.4566677573706432,8.323919343248877,-0.015421812684643066,0.001328154375766272,-0.029238479109288545,31.3499999999999,1.4617132485452542,1115.8434704773279,367.21613591195296,0.5,-1.3679018012505513,1.4142048930248194,0.34810897490464365,0.0,-0.04363323129985824,,
77.60000000000001,5.464044112480427,-1.509812908045912,7.849073185669523,-0.03137487351950961,0.004120354515548445,-0.04191243307678435,31.3999999999999,1.4573499254152684,1116.2060179584364,370.337659979161,0.5,-1.3700834628155443,1.4178779754653974,0.3416880767173164,0.0,-0.04363323129985824,,
77.7,5.45181781670839,-1.4026073426189,8.458638479890235,-0.015145789238081013,0.005981632053632844,-0.02459146338095933,31.4499999999999,1.4529866022852826,1116.582780682983,373.4625364850699,0.5,-1.3722651243805373,1.4215219083305577,0.33524175713562354,0.0,-0.04363323129985824,,
77.80000000000001,5.42850312222411,-1.1526901638693308,8.189304115572765,-0.021809332629966902,0.005389916000974232,-0.03756402486480657,31.4999999999999,1.4486232791552969,1116.973794797408,376.5907007134824,0.5,-1.37444678594553,1.4251365397285924,0.3287701484721687,0.0,-0.04363323129985824,,
77.9,5.129215045616271,-1.3539060294289735,8.394635107663529,-0.021325835034904986,0.0012029076826382803,-0.037164553131315996,31.5499999999999,1.444259956025311,1117.3790961536233,379.7220876966413,0.5,-1.376628447510523,1.4287217183682543,0.3222733838809766,0.0,-0.04363323129985824,,
78.0,5.413806424820775,-1.510279332185137,8.318610759249191,-0.028496875854046276,0.007178723470897037,-0.020075050975399703,31.599999999999902,1.4398966328953253,1117.7987203075063,382.8566322165693,0.5,-1.378810109075516,1.432277293563208,0.315751597354769,0.0,-0.04363323129985824,,
78.10000000000001,5.283832275838179,-1.3422400880101308,8.080021548282637,-0.01808515312535287,-0.011056855171375007,-0.04386827772944977,31.649999999999903,1.4355333097653395,1118.2327025173988,385.99426880641744,0.5,-1.380991770640509,1.4358031152364679,0.30920492372221753,0.0,-0.04363323129985824,,
78.2,5.539633897091087,-1.1798846362619677,8.333880749090936,-0.028534311554699508,-0.0016418706811086134,-0.03911498479991453,31.699999999999903,1.4311699866353538,1118.681077742612,389.1349317518214,0.5,-1.3831734322055018,1.4392990339248233,0.30263349864517364,0.0,-0.04363323129985824,,
78.30000000000001,5.546688517792485,-1.3373547700466404,8.226554474492808,-0.017768556082085694,-0.02049078953011561,-0.0262308581784416,31.749999999999904,1.426806663505368,1119.1438806419378,392.2785550922669,0.5,-1.3853550937704948,1.442764900783253,0.2960374586158759,0.0,-0.04363323129985824,,
78.4,5.60631779598516,-1.3545711575493338,8.537621282757527,-0.022594243607389753,-0.01072482015972321,-0.042012138439462395,31.799999999999905,1.4224433403753822,1119.621145572168,395.42507262246255,0.5,-1.3875367553354878,1.4462005675893244,0.2894169409541346,0.0,-0.04363323129985824,,
78.5,5.544627443928966,-1.1877973865416054,8.430005773052887,0.0012819223418300066,0.005350763824678176,-0.034854265672735536,31.849999999999905,1.4180800172453965,1120.1129065866164,398.5744178937214,0.5,-1.3897184169004808,1.4496058867475816,0.28277208380449415,0.0,-0.04363323129985824,,
78.60000000000001,5.325501391315556,-1.0542132328608285,7.88466467562704,-0.010489269829838195,0.0040988572985325,-0.02990681137253819,31.899999999999906,1.4137166941154107,1120.6191974336512,401.72652421535054,0.5,-1.3919000784654736,1.45298071129392,0.27610302613337256,0.0,-0.04363323129985824,,
78.7,5.253862903535145,-1.29407550100029,8.357024319557603,-0.023540161645919478,0.004495166721918233,-0.04516816372509588,31.949999999999907,1.409353370985425,1121.1400515552298,404.8813246560491,0.5,-1.3940817400304666,1.4563248948999483,0.2694099077261781,0.0,-0.04363323129985824,,
78.80000000000001,5.569447456746553,-1.0549533490854042,8.168654845664477,-0.019657624495578462,0.0054369122424131,-0.02277759381806946,31.999999999999908,1.4049900478554391,1121.6755020854432,408.03875204531414,0.5,-1.3962634015954596,1.4596382918773365,0.26269286918440476,0.0,-0.04363323129985824,,
78.9,5.362908495800015,-1.5224696788521752,8.16658452261251,-0.03248607688586878,-0.000228319680206441,-0.035744373699153516,32.049999999999905,1.4006267247254534,1122.2255818490653,411.19873897485485,0.5,-1.3984450631604524,1.4629207571821514,0.25595205192270404,0.0,-0.04363323129985824,,
79.0,5.398230998383921,-1.2998033569018193,8.029897394207334,-0.033021108806805956,0.0038379210424981896,-0.037629702806575946,32.0999999999999,1.3962634015954676,1122.7903233601082,414.36121780001486,0.5,-1.4006267247254451,1.4661721464191781,0.2491875981659349,0.0,-0.04363323129985824,,
79.10000000000001,5.427759055992818,-1.432140998432682,8.0640687835232,-0.0338944693813452,0.011575364775010843,-0.0417125824235418,32.1499999999999,1.3919000784654818,1123.3697588203859,417.5261206412024,0.5,-1.402808386290438,1.46939231584623,0.24239965094619212,0.0,-0.04363323129985824,,
79.2,5.3954812223835535,-1.3934090235136147,8.055336173149167,-0.027703832359864657,-0.005906165209560747,-0.035677943725683184,32.199999999999896,1.387536755335496,1123.9639201180826,420.6933793853288,0.5,-1.4049900478554307,1.4725811223784404,0.23558835409981138,0.0,-0.04363323129985824,,
79.30000000000001,5.31825887695713,-1.1569584554124899,8.148300551301556,-0.031185214520442976,0.004569451471837255,-0.03452425361272195,32.24999999999989,1.3831734322055103,1124.5728388263287,423.86292568725486,0.5,-1.4071717094204235,1.4757384235925468,0.22875385226435313,0.0,-0.04363323129985824,,
79.4,5.310053029620501,-1.4719225921750694,8.123909825534247,-0.008443829630466118,0.0020228226124986144,-0.022423243236756745,32.29999999999989,1.3788101090755245,1125.1965462017836,427.03469097124514,0.5,-1.4093533709854162,1.4788640777311564,0.22189629087556395,0.0,-0.04363323129985824,,
79.5,5.367333574130238,-1.2917555763909192,8.20138690692655,-0.013316363232369049,-0.015245305062478058,-0.01999303545016416,32.34999999999989,1.3744467859455387,1125.8350731832243,430.2086064324304,0.5,-1.411535032550409,1.4819579437069992,0.21501581616431598,0.0,-0.04363323129985824,,
79.60000000000001,5.4082921915781865,-1.1985365177604046,8.391967624764233,-0.0249212607285724,0.0035932183267528284,-0.04290101420737385,32.399999999999885,1.370083462815553,1126.4884503901415,433.3846030382776,0.5,-1.4137166941154018,1.4850198811071686,0.20811257515352483,0.0,-0.04363323129985824,,
79.7,5.158147463849252,-1.2910580163991487,8.191690493404625,-0.027899066176587127,0.0015886227944531348,-0.03358810975618311,32.44999999999988,1.3657201396855672,1127.1567081213423,436.5626115300683,0.5,-1.4158983556803946,1.488049750197345,0.20118671565504487,0.0,-0.04363323129985824,,
79.80000000000001,5.483748594521356,-1.4127027137238561,8.016828504380708,-0.028386396681871245,0.007989469991449772,-0.03212536522212907,32.49999999999988,1.3613568165555814,1127.8398763535597,439.7425624243845,0.5,-1.4180800172453873,1.4910474119260082,0.19423838626654344,0.0,-0.04363323129985824,,
79.9,5.417796718910715,-1.5330173685945525,8.329641964035881,-0.024738627643216972,-0.00017126543438685828,-0.034672446083542356,32.549999999999876,1.3569934934255956,1128.5379847400686,442.9243860146024,0.5,-1.4202616788103801,1.494012727928632,0.1872677363683531,0.0,-0.04363323129985824,,
80.0,5.387112614324143,-1.5302517327518774,8.01324654544692,-0.022926627106977886,0.01955799182298141,-0.036756677560627886,32.59999999999987,1.3526301702956098,1129.2510626093094,446.108012372394,0.5,-1.422443340375373,1.4969455605318676,0.1802749161203021,0.0,-0.04363323129985824,,
80.10000000000001,5.140409327111762,-1.439547633376089,8.465127495911139,-0.02495980079571357,0.011315680438569627,-0.030798830036457066,32.64999999999987,1.348266847165624,1129.9791389635184,449.2933713492366,0.5,-1.424625001940366,1.4998457727577108,0.17326007645852326,0.0,-0.04363323129985824,,
80.2,5.406852487864206,-1.2252240774616074,8.202763787473144,-0.015769068131871948,-0.01810269554339699,-0.020223078139597887,32.69999999999987,1.3439035240356383,1130.7222424773645,452.4803925779298,0.5,-1.4268066635053587,1.5027132283276534,0.16622336909224178,0.0,-0.04363323129985824,,
80.30000000000001,5.6689753308819855,-1.379250735865798,8.237224075705583,-0.022190463053484835,0.003622380815400838,-0.03975583532285474,32.749999999999865,1.3395402009056525,1131.4804014965937,455.6690054741203,0.5,-1.4289883250703515,1.5055477916668232,0.1591649465005407,0.0,-0.04363323129985824,,
80.4,5.195474886745509,-1.3655315177798655,8.246058229959006,-0.04047402095568327,0.01808128284184385,-0.036489810737902376,32.79999999999986,1.3351768777756667,1132.2536440366807,458.8591392378343,0.5,-1.4311699866353442,1.5083493279081057,0.15208496192910603,0.0,-0.04363323129985824,,
80.5,5.476784184586027,-1.2405472241939524,8.349124156414064,-0.03398697848422869,0.0129862930268298,-0.03877828803480257,32.84999999999986,1.330813554645681,1133.0419977814865,462.0507228550178,0.5,-1.433351648200337,1.5111177028962508,0.14498356938694973,0.0,-0.04363323129985824,,
80.60000000000001,5.484363551919391,-1.4437460551855252,7.882397548623826,-0.03722233005609104,-0.0005699723303854814,-0.053805602528352196,32.89999999999986,1.3264502315156952,1133.8454900819254,465.243685099084,0.5,-1.4355333097653298,1.513852783191969,0.13786092364311175,0.0,-0.04363323129985824,,
80.7,5.441981111656926,-1.4309194276634392,8.282558704064025,-0.020654847483828974,-0.007155276776108494,-0.04788255152463963,32.949999999999854,1.3220869083857094,1134.6641479546363,468.43795453246884,0.5,-1.4377149713303226,1.5165544360760046,0.13071718022334117,0.0,-0.04363323129985824,,
80.80000000000001,5.303000596634798,-1.491825763702391,7.994103033859465,-0.04134716658961053,0.004725179669623323,-0.03878055212026661,32.99999999999985,1.3177235852557236,1135.4979980806636,471.6334595081936,0.5,-1.4398966328953153,1.519222529553202,0.12355249540675556,0.0,-0.04363323129985824,,
80.9,5.122644960408302,-1.2939470975654863,8.240165115928239,-0.020066551368821132,0.004326268530680746,-0.0352009806471686,33.04999999999985,1.3133602621257379,1136.3470668041448,474.8301281714353,0.5,-1.442078294460308,1.5218569323565498,0.11636702622248002,0.0,-0.04363323129985824,,
81.0,5.4301505819682445,-1.3291406862594828,7.999776386710355,-0.026242846361668234,-0.00505906721336556,-0.039131769606058305,33.099999999999845,1.308996938995752,1137.2113801310038,478.02788846110434,0.5,-1.4442599560253009,1.524457513951212,0.10916093044626463,0.0,-0.04363323129985824,,
81.10000000000001,5.2000600746922085,-1.392842508072667,8.270298083509733,-0.015699760304071067,0.01457081677150125,-0.049199637375898886,33.14999999999984,1.3046336158657663,1138.0909637276545,481.2266681114298,0.5,-1.4464416175902937,1.5270241445385455,0.10193436659708155,0.0,-0.04363323129985824,,
81.2,5.241664765554378,-1.2616808689358052,7.948516603429193,-0.042819727464710654,-0.0010215135004633493,-0.01903980039986987,33.19999999999984,1.3002702927357805,1138.9858429197095,484.42639465355205,0.5,-1.4486232791552864,1.529556695060098,0.09468749393370096,0.0,-0.04363323129985824,,
81.30000000000001,5.45201625971865,-1.6014418575494258,8.26881526974247,-0.03969334843088519,-0.012868060460860654,-0.017667331944620827,33.24999999999984,1.2959069696057948,1139.896042690697,487.62699541712266,0.5,-1.4508049407202792,1.5320550372015926,0.0874204724512464,0.0,-0.04363323129985824,,
81.4,5.634699125876002,-1.3248580403017833,8.396815395128366,-0.022091130933542234,0.008319753111280179,-0.030926477438538057,33.299999999999834,1.291543646475809,1140.8215876807844,490.82839753191166,0.5,-1.452986602285272,1.5345190433968952,0.08013346287772904,0.0,-0.04363323129985824,,
81.5,5.310662297494384,-1.3199244585188359,8.254173824477903,-0.012297231415020982,0.003049003274704969,-0.03846576140337408,33.34999999999983,1.2871803233458232,1141.762502185512,494.0305279294221,0.5,-1.4551682638502648,1.536948586831967,0.07282662667056222,0.0,-0.04363323129985824,,
81.60000000000001,5.398438713354321,-1.3629546999937434,7.8404793477095645,-0.025200337605843115,-0.0039003109795690883,-0.03897272064611288,33.39999999999983,1.2828170002158374,1142.7188101545303,497.2333133445119,0.5,-1.4573499254152575,1.539343541448799,0.06550012601305422,0.0,-0.04363323129985824,,
81.7,5.393891890836531,-1.502276162255573,8.209787398582499,-0.011282474534886646,-0.011280101476322147,-0.041529238038212034,33.449999999999825,1.2784536770858517,1143.6905351903486,500.43668031702305,0.5,-1.4595315869802503,1.541703781949333,0.0581541238108822,0.0,-0.04363323129985824,,
81.80000000000001,5.569151690788699,-1.3738776948515885,8.088864148874746,-0.01764023273566215,0.005793606855190076,-0.03337474575028425,33.49999999999982,1.274090353955866,1144.6777005470885,503.64055519341764,0.5,-1.461713248545243,1.5440291837993625,0.05078878368854378,0.0,-0.04363323129985824,,
81.9,5.489795720775927,-1.5080069220428576,8.245613345024246,-0.015216528793902409,-0.0050152622959848585,-0.009481984824880958,33.54999999999982,1.2697270308258801,1145.6803291292476,506.8448641284214,0.5,-1.4638949101102359,1.5463196232324208,0.04340426998579039,0.0,-0.04363323129985824,,
82.0,5.314695022480926,-1.6205269801615698,8.1586542610539,-0.010599281799454867,-0.00331102575147054,-0.017878769214508802,33.59999999999982,1.2653637076958943,1146.6984434904682,510.0495330866742,0.5,-1.4660765716752289,1.5485749772536501,0.03600074775403839,0.0,-0.04363323129985824,,
82.10000000000001,5.347949565494476,-1.7152015390516633,8.34204579904452,-0.002712333980208384,-0.007194554551241267,-0.043214192382374485,33.649999999999814,1.2610003845659086,1147.7320658323156,513.2544878443877,0.5,-1.4682582332402216,1.5507951236436532,0.028578382752761866,0.0,-0.04363323129985824,,
82.2,5.389917412058283,-1.3091154553612017,8.332533837525538,-0.03224204987079049,0.007838409615453278,-0.011378909099079976,33.69999999999981,1.2566370614359228,1148.781218003064,516.4596539910095,0.5,-1.4704398948052144,1.5529799409623328,0.021137341445864155,0.0,-0.04363323129985824,,
82.30000000000001,5.448228351163764,-1.6769068805333924,8.107026283487178,-0.026047701690531944,0.004375746257181314,-0.022513817294431283,33.74999999999981,1.252273738305937,1149.8459214964894,519.6649569308959,0.5,-1.4726215563702072,1.5551293085527085,0.013677790998029515,0.0,-0.04363323129985824,,
82.4,5.245879516449691,-1.589364175989462,8.034683996043993,-0.031747251142192456,0.003951272141759172,-0.037650996025099345,33.799999999999805,1.2479104151759512,1150.9261974506712,522.8703218849893,0.5,-1.4748032179352,1.5572431065447199,0.006199899271055576,0.0,-0.04363323129985824,,
82.5,5.521911307852167,-1.4509728415413625,8.168371828982085,-0.02681182643157694,-9.454138525339467e-05,-0.04122681090892906,33.8499999999998,1.2435470920459655,1152.0220666468015,526.0756738925044,0.5,-1.4769848795001927,1.5593212158590113,-0.001296165179834885,0.0,-0.04363323129985824,,
82.60000000000001,5.529222410601186,-1.3258773868825682,8.10978232285199,-0.0073806083951720725,-0.0013586360852690807,-0.04127988200129306,33.8999999999998,1.2391837689159797,1153.1335495080023,529.2809378126204,0.5,-1.4791665410651855,1.5613635182107009,-0.008810233109701193,0.0,-0.04363323129985824,,
82.7,5.614458528737899,-1.3578018311162248,8.151060288820036,-0.013649736496642495,-0.00047612862308838073,-0.016260697743352776,33.9499999999998,1.234820445785994,1154.26066609815,532.486038326181,0.5,-1.4813482026301783,1.5633698961131302,-0.016342134587612578,0.0,-0.04363323129985824,,
82.80000000000001,5.366018080313454,-1.441314762888343,8.122142954065797,-0.002121394628817788,0.00948112032140682,-0.04663531770448792,33.999999999999794,1.2304571226560082,1155.4034361207093,535.6908999373994,0.5,-1.483529864195171,1.5653402328815986,-0.023891699000394506,0.0,-0.04363323129985824,,
82.9,5.43513432039355,-1.6377504522364725,8.336472128212591,-0.01048170180358411,0.011672595396972223,-0.03869277081823839,34.04999999999979,1.2260937995260224,1156.5618789175737,538.8954469755721,0.5,-1.4857115257601639,1.5672744126370775,-0.03145875505639539,0.0,-0.04363323129985824,,
83.0,5.414656462009274,-1.5558961107249487,8.264605668792786,-0.02469350373011942,0.02409906560897336,-0.03872290846383256,34.09999999999979,1.2217304763960366,1157.7360134679157,542.099603596798,0.5,-1.4878931873251566,1.5691723203099095,-0.039043130789272684,0.0,-0.04363323129985824,,
83.10000000000001,5.237951330167396,-1.3822408809670867,8.18474738001793,-0.012636592838823893,0.01036391881915106,-0.04740856459086501,34.149999999999785,1.2173671532660508,1158.9258583870435,545.3032937857055,0.5,-1.4900748488901494,1.5710338416434895,-0.0466446535617972,0.0,-0.04363323129985824,,
83.2,5.177925602108491,-1.588545851449703,8.45028243113596,-0.021481173383916304,-0.005918595289747616,-0.03335127218497225,34.19999999999978,1.213003830136065,1160.131431925267,548.5064413571847,0.5,-1.4922565104551422,1.5728588631979263,-0.054263150069678245,0.0,-0.04363323129985824,,
83.30000000000001,5.281058807542056,-1.5007690236460756,8.247887691141777,-0.02730276241165719,0.009945583851241405,-0.017813186676254936,34.24999999999978,1.2086405070060793,1161.352751966771,551.7089699581276,0.5,-1.494438172020135,1.5746472723536873,-0.061898446345407254,0.0,-0.04363323129985824,,
83.4,5.263031528479637,-1.5545964278473916,8.239209187350097,-0.007535656171780085,-0.011608742158590804,-0.04724553738283723,34.29999999999978,1.2042771838760935,1162.589836028498,554.9108030691741,0.5,-1.4966198335851277,1.5763989573152253,-0.06955036776212026,0.0,-0.04363323129985824,,
83.5,5.52252931602823,-1.408437274410632,8.038779748691407,-0.02654527446027499,0.023746253336504798,-0.02307183181108984,34.349999999999774,1.1999138607461077,1163.8427012590382,558.1118640064653,0.5,-1.4988014951501205,1.5781138071145877,-0.07721873903747972,0.0,-0.04363323129985824,,
83.60000000000001,5.339173603917337,-1.7424267689972741,8.193191603602113,-0.010330114679141886,0.0039504548718954395,-0.0511897770796826,34.39999999999977,1.195550537616122,1165.111364437528,561.3120759234023,0.5,-1.5009831567151133,1.5797917116150066,-0.08490338423757515,0.0,-0.04363323129985824,,
83.7,5.338227426174079,-1.6851695189860427,8.116969361727437,-0.019649535460903093,-0.004119067210485676,-0.042780168186881656,34.44999999999977,1.1911872144861362,1166.395841972557,564.5113618124121,0.5,-1.503164818280106,1.5814325615144713,-0.09260412678084279,0.0,-0.04363323129985824,,
83.80000000000001,5.197879780665799,-1.548200578954711,8.342293951221617,-0.026576882780644292,-0.00991902432271904,-0.039041102675904486,34.499999999999766,1.1868238913561504,1167.6961499010836,567.7096445067203,0.5,-1.5053464798450988,1.5830362483492801,-0.10032078944200368,0.0,-0.04363323129985824,,
83.9,5.351153099256834,-1.332176667935529,8.229238640251337,-0.03093663804677063,0.015800174128819202,-0.028941127027811566,34.54999999999976,1.1824605682261646,1169.0123038873585,570.9068466821292,0.5,-1.5075281414100918,1.5846026644975786,-0.10805319435602112,0.0,-0.04363323129985824,,
84.0,5.553752265184421,-1.2914346948040267,8.260444393491575,-0.03994141852389911,-0.011329727409596108,-0.028855254218160167,34.59999999999976,1.1780972450961789,1170.3443192218576,574.1028908588031,0.5,-1.5097098029750846,1.5861317031828737,-0.11580116302207522,0.0,-0.04363323129985824,,
84.10000000000001,5.232722743284477,-1.6346785878107575,8.144191220829734,-0.04265131095370871,0.00826616259312175,-0.0375346670289288,34.64999999999976,1.173733921966193,1171.6922108202214,577.2976994030597,0.5,-1.5118914645400774,1.587623258477533,-0.12356451630755821,0.0,-0.04363323129985824,,
84.2,5.622380386745423,-1.668415680658175,8.010375589698961,-0.014286361978442307,0.008648523267626931,-0.02243841011763903,34.699999999999754,1.1693705988362073,1173.0559932222056,580.4911945291674,0.5,-1.5140731261050702,1.5890772253062635,-0.1313430744520861,0.0,-0.04363323129985824,,
84.30000000000001,5.200543649342726,-1.7083223721302547,7.994399582143764,-0.013491380792999929,0.025919022739661467,-0.021094782805946868,34.74999999999975,1.1650072757062215,1174.4356805906382,583.6832983011494,0.5,-1.516254787670063,1.5904934994495725,-0.13913665707152945,0.0,-0.04363323129985824,,
84.4,5.369815250702184,-1.4084938690006692,8.33160610190143,-0.019759175114468685,0.01308851871660774,-0.024407708278260155,34.79999999999975,1.1606439525762358,1175.8312867103857,586.8739326345939,0.5,-1.5184364492350557,1.5918719775472079,-0.14694508316206278,0.0,-0.04363323129985824,,
84.5,5.402636711416755,-1.4807821822478178,8.284098913860202,-0.014842826861985195,0.0020700283487785783,-0.04362882039034165,34.849999999999746,1.15628062944625,1177.242824987329,590.0630192984696,0.5,-1.5206181108000485,1.5932125571015814,-0.15476817110423186,0.0,-0.04363323129985824,,
84.60000000000001,5.219553961618394,-1.3898406486149895,8.273356657744253,-0.016063386624073854,-0.0008051556620990425,-0.027744150979180655,34.89999999999974,1.1519173063162642,1178.670308447346,593.250479916949,0.5,-1.5227997723650413,1.5945151364811712,-0.16260573866703842,0.0,-0.04363323129985824,,
84.7,5.392649794660286,-1.2580940491323072,8.317150150295744,-0.026061296442563088,0.0038924183778387324,-0.025203169755982486,34.94999999999974,1.1475539831862784,1180.113749735305,596.4362359712359,0.5,-1.524981433930034,1.5957796149239065,-0.17045760301204388,0.0,-0.04363323129985824,,
84.80000000000001,5.585787762240701,-1.3829163889449942,7.9392030265523434,-0.030113389265355957,0.0038178895750986463,-0.03823456747950902,34.99999999999974,1.1431906600562927,1181.5731611140645,599.6202088014003,0.5,-1.5271630954950268,1.597005892540531,-0.17832358069748994,0.0,-0.04363323129985824,,
84.9,5.180546728524761,-1.6321951512843205,8.280239836925878,-0.03635337497962829,0.006401792728379992,-0.020452154637832197,35.049999999999734,1.1388273369263069,1183.0485544634848,602.8023196082187,0.5,-1.5293447570600196,1.5981938703179492,-0.18620348768243794,0.0,-0.04363323129985824,,
85.0,5.282580589938611,-1.4384538565237073,8.173622417587255,-0.015161499023816801,-0.011037528351910334,-0.027563374781981724,35.09999999999973,1.1344640137963211,1184.5399412794452,605.9824894550208,0.5,-1.5315264186250124,1.5993434501225519,-0.19409713933092548,0.0,-0.04363323129985824,,
85.10000000000001,5.541568380196929,-1.500145132479386,8.219771081084927,-0.017427627618563174,0.007386428875286954,-0.02331461806083919,35.14999999999973,1.1301006906663353,1186.0473326728725,609.1606392695408,0.5,-1.5337080801900052,1.6004545347035213,-0.20200435041614018,0.0,-0.04363323129985824,,
85.2,5.521501087107329,-1.5895689543815401,8.0759417385993,0.010397052306906115,-0.0030735988896129734,-0.030769665346932703,35.199999999999726,1.1257373675363496,1187.5707393687762,612.3366898457766,0.5,-1.535889741754998,1.601527027696118,-0.20992493512461186,0.0,-0.04363323129985824,,
85.30000000000001,5.44437156742686,-1.5096312971711947,7.923913001664005,-0.004530267060749434,-0.011151825477388019,-0.03611237350949351,35.24999999999972,1.1213740444063638,1189.110171705295,615.5105618458534,0.5,-1.5380714033199907,1.6025608336249477,-0.21785870706042115,0.0,-0.04363323129985824,,
85.4,5.597764946002783,-1.6430375792120853,8.091116391222533,-0.00946815031611983,-0.011036293686530155,-0.02809007696042039,35.29999999999972,1.117010721276378,1190.6656396327498,618.6821758018932,0.5,-1.5402530648849835,1.6035558579072082,-0.22580547924942662,0.0,-0.04363323129985824,,
85.5,5.25631226320307,-1.359489726706353,8.379474656584586,-0.026410475860128152,0.014255952175074338,-0.023731950079232123,35.34999999999972,1.1126473981463922,1192.2371527127084,621.8514521178905,0.5,-1.5424347264499763,1.6045120068559147,-0.2337650641435079,0.0,-0.04363323129985824,,
85.60000000000001,5.4383676842168125,-1.9496267138042067,8.242875089916591,-0.04717693201506984,-0.009283364146119483,-0.03524802985863316,35.399999999999714,1.1082840750164065,1193.8247201170557,625.0183110715935,0.5,-1.544616388014969,1.6054291876831082,-0.241737273624827,0.0,-0.04363323129985824,,
85.7,5.374357222468141,-1.3529512394672008,8.16885535978018,-0.010450739838146672,-0.010566258442786167,-0.017624982008553964,35.44999999999971,1.1039207518864207,1195.428350627076,628.182672816391,0.5,-1.5467980495799618,1.606307308503041,-0.2497219190101057,0.0,-0.04363323129985824,,
85.80000000000001,5.440997428027493,-1.5515805235973668,8.250968160065053,-0.009363729146971214,-0.013767308570668007,-0.03603072290720977,35.49999999999971,1.099557428756435,1197.048052632543,631.3444573832044,0.5,-1.5489797111449548,1.6071462783353434,-0.2577188110549212,0.0,-0.04363323129985824,,
85.9,5.139215003058195,-1.465304478261939,7.95698813573939,-0.038451811629174604,-0.0003937280879219191,-0.031292200915821994,35.549999999999706,1.0951941056264491,1198.6838341308192,634.5035846823863,0.5,-1.5511613727099476,1.607946007108169,-0.2657277599580167,0.0,-0.04363323129985824,,
86.0,5.541287386077691,-1.6888593578126145,8.459277024992842,-0.018380013297514382,0.011376576243457585,-0.03627789451402627,35.5999999999997,1.0908307824964634,1200.3357027259642,637.659974505624,0.5,-1.5533430342749404,1.6087064056613207,-0.2737485753656307,0.0,-0.04363323129985824,,
86.10000000000001,5.580087554710653,-1.4682507785716077,8.15312678907029,-0.026290155681709677,-0.012582451927099898,-0.023814945818422736,35.6499999999997,1.0864674593664776,1202.003665627852,640.8135465278477,0.5,-1.5555246958399331,1.609427385749357,-0.2817810663758424,0.0,-0.04363323129985824,,
86.2,5.397217893901883,-1.5091560034060139,8.105937737459058,-0.016922560782505248,0.008585237813711233,-0.05376880593723224,35.6999999999997,1.0821041362364918,1203.6877296512978,643.9642203091464,0.5,-1.557706357404926,1.6101088600446742,-0.28982504154293237,0.0,-0.04363323129985824,,
86.30000000000001,5.4318253190083405,-1.619030158612957,8.290487421894168,-0.031250147659909557,-0.00048325300408538595,-0.05328962496819873,35.749999999999694,1.077740813106506,1205.3879012151942,647.1119152966862,0.5,-1.5598880189699187,1.610750742140572,-0.2978803088817617,0.0,-0.04363323129985824,,
86.4,5.56450907489552,-1.60463633949691,8.079408973076816,-0.0162300979125173,0.009241510522587728,-0.046780237190493394,35.79999999999969,1.0733774899765203,1207.1041863416565,650.2565508266367,0.5,-1.5620696805349115,1.6113529465542962,-0.30594667587216595,0.0,-0.04363323129985824,,
86.5,5.172019669182074,-1.5419679842024019,8.170077583897168,-0.01860352038488811,0.010518208028420158,-0.035092997839257935,35.84999999999969,1.0690141668465345,1208.836590655176,653.3980461261009,0.5,-1.5642513420999042,1.6119153887300601,-0.31402394946336676,0.0,-0.04363323129985824,,
86.60000000000001,5.613779539175475,-1.7496091346563474,8.3303477458696,-0.04296292200940087,0.008805704526307632,-0.03769149001946548,35.899999999999686,1.0646508437165487,1210.5851193817855,656.5363203150508,0.5,-1.566433003664897,1.6124379850420472,-0.3221119360783975,0.0,-0.04363323129985824,,
86.7,5.3894572841500485,-1.7263312024697353,8.140642170185702,-0.031449292104825666,0.0055904146845465056,-0.03335823451016817,35.94999999999968,1.060287520586563,1212.349777348231,659.6712924082694,0.5,-1.5686146652298898,1.6129206527973912,-0.33021044161854807,0.0,-0.04363323129985824,,
86.80000000000001,5.581328499053522,-1.4188745795985473,8.442056269543443,-0.026138785901750006,0.004551999623783853,-0.038933206119209696,35.99999999999968,1.0559241974565772,1214.1305689811547,662.8028813172957,0.5,-1.5707963267948826,1.613363310239134,-0.3383192714678228,0.0,-0.04363323129985824,,
86.9,5.504402264809209,-1.8678101331131085,8.117034022577917,-0.025875533546245805,0.01266737755283212,-0.03398525530309166,36.04999999999968,1.0515608743265914,1215.9274983062865,665.9310058523765,0.5,-1.5729779883598753,1.6137658765491665,-0.34643823049741596,0.0,-0.04363323129985824,,
87.0,5.594219950416071,-1.4798013900458369,8.121965892476904,-0.03293417391400173,-0.012004907893684014,-0.025209469797375036,36.099999999999675,1.0471975511966056,1217.7405689476457,669.0555847244229,0.5,-1.5751596499248681,1.6141282718511418,-0.354567123070202,0.0,-0.04363323129985824,,
87.10000000000001,5.5969269871726235,-1.3833372211857689,8.234471899305776,-0.005993543191138501,0.00939437286785115,-0.019595139729584397,36.14999999999967,1.0428342280666199,1219.5697841267513,672.1765365469716,0.5,-1.577341311489861,1.614450417213374,-0.36270575304524283,0.0,-0.04363323129985824,,
87.2,5.298899464326841,-1.2794057838467243,8.253723333997613,-0.02778496439550314,-0.0021152272550584326,-0.04106841579833206,36.19999999999967,1.038470904936634,1221.4151466618423,675.2937798381511,0.5,-1.5795229730548537,1.6147322346517115,-0.3708539237823092,0.0,-0.04363323129985824,,
87.30000000000001,5.206401038640119,-1.5523966283824,8.353885731847663,-0.018849895855634752,-0.011871166489084643,-0.03467890426068308,36.249999999999666,1.0341075818066483,1223.276658967107,678.4072330226531,0.5,-1.5817046346198465,1.6149736471323877,-0.379011438146418,0.0,-0.04363323129985824,,
87.4,5.66732181874988,-1.5502621883170145,8.28270869517888,-0.0011228820018078095,-0.01160246208601263,-0.028263215393830966,36.29999999999966,1.0297442586766625,1225.1543230519235,681.5168144337093,0.5,-1.5838862961848392,1.615174578574855,-0.3871780985123863,0.0,-0.04363323129985824,,
87.5,5.59994493251186,-1.4231431567432926,8.344917196125841,-0.026865829226542466,0.00395850172865343,-0.03736559048383639,36.34999999999966,1.0253809355466768,1227.0481405201062,684.6224423150717,0.5,-1.586067957749832,1.615334953854593,-0.39535370676939807,0.0,-0.04363323129985824,,
87.60000000000001,5.4998776836715235,-1.3978729587429521,8.0787385161923,-0.02174187449092887,-0.006832915204736696,-0.025945286276422397,36.39999999999966,1.021017612416691,1228.9581125691664,687.724034822999,0.5,-1.5882496193148248,1.6154546988058942,-0.40353806432558886,0.0,-0.04363323129985824,,
87.7,5.4089874900142805,-1.7722976206225722,8.306135660424996,-0.010778992792837764,0.02114418231624147,-0.05234775622198098,36.449999999999655,1.0166542892867052,1230.8842399895786,690.8215100282473,0.5,-1.5904312808798178,1.6155337402246341,-0.4117309721126429,0.0,-0.04363323129985824,,
87.80000000000001,5.573102606116347,-1.7117917187111047,8.179077750691832,-0.03929142475135898,-0.009007821048146358,-0.019254928243692952,36.49999999999965,1.0122909661567194,1232.8265231640592,693.9147859180654,0.5,-1.5926129424448106,1.6155720058710112,-0.41993223059040713,0.0,-0.04363323129985824,,
87.9,5.39213278302247,-1.4923885131951926,8.144137448964011,-0.017412341654595084,-0.0021220577640637807,-0.03314134671858904,36.54999999999965,1.0079276430267337,1234.784962066853,697.0037803981946,0.5,-1.5947946040098033,1.615569424472271,-0.4281416397515205,0.0,-0.04363323129985824,,
88.0,5.419037541117265,-1.6888601669770393,8.383895143970234,-0.02844043172085099,0.004451243906062195,-0.02874907354666321,36.599999999999646,1.0035643198967479,1236.7595562630308,700.0884112948742,0.5,-1.596976265574796,1.6155259257254058,-0.4363589991260549,0.0,-0.04363323129985824,,
88.10000000000001,5.171051084479061,-1.7130103286601268,7.917498052780606,-0.013992782980535523,-0.010234314494537003,-0.03952033008844523,36.64999999999964,0.9992009967667621,1238.750304907796,703.1685963568498,0.5,-1.5991579271397889,1.6154414402998325,-0.4445841077861744,0.0,-0.04363323129985824,,
88.2,5.318970993916599,-1.7083269176616596,8.162561170591184,-0.03403294356325772,0.002377262085316275,-0.03822402156286239,36.69999999999964,0.9948376736367763,1240.7572067458002,706.2442532573878,0.5,-1.6013395887047817,1.6153158998400483,-0.4528167643508069,0.0,-0.04363323129985824,,
88.30000000000001,5.4016561012731295,-1.593401117359471,8.136200785814289,-0.03087239514576273,0.01639811102290487,-0.02081930400200166,36.74999999999964,0.9904743505067906,1242.7802601104706,709.3152995962932,0.5,-1.6035212502697744,1.6151492369682636,-0.461056766990331,0.0,-0.04363323129985824,,
88.4,5.366207097681801,-1.5308821098696828,8.115688777161095,-0.02791000987454797,-0.004120521823386818,-0.033499895481123344,36.799999999999635,0.9861110273768048,1244.8194629233453,712.3816529019333,0.5,-1.6057029118347672,1.6149413852870136,-0.46930391343127703,0.0,-0.04363323129985824,,
88.5,5.368213332488908,-1.5480319433672132,8.337612179638775,-0.02612610896274299,0.0031207088951825807,-0.046783721295052795,36.84999999999963,0.981747704246819,1246.8748126934195,715.4432306332634,0.5,-1.60788457339976,1.614692279381747,-0.47755800096104184,0.0,-0.04363323129985824,,
88.60000000000001,5.412918489591952,-1.6173123690925666,8.267076615863163,-0.033446715858133275,-0.006145021283125947,-0.04416141731924371,36.89999999999963,0.9773843811168332,1248.9463065165007,718.4999501818594,0.5,-1.6100662349647528,1.6144018548233916,-0.485818826432619,0.0,-0.04363323129985824,,
88.7,5.357518781799575,-1.5848001855929175,8.212684710836962,-0.030241532694851112,0.0012099684351512844,-0.03451256228592508,36.949999999999626,0.9730210579868475,1251.0339410745748,721.551728873953,0.5,-1.6122478965297455,1.6140700481708985,-0.4940861862693415,0.0,-0.04363323129985824,,
88.80000000000001,5.38821382762472,-1.8532452521175626,8.371560855891728,-0.010333683701142796,0.013015052910650199,-0.042150831834623564,36.99999999999962,0.9686577348568617,1253.1377126351817,724.5984839724722,0.5,-1.6144295580947383,1.6136967969737626,-0.5023598764696395,0.0,-0.04363323129985824,,
88.9,5.247524814308062,-1.602032550803667,8.110119332412435,-0.021607464285916256,0.017354764406136352,-0.017975399537642302,37.04999999999962,0.9642944117268759,1255.2576170507998,727.6401326790849,0.5,-1.616611219659731,1.6132820397745204,-0.5106396926118116,0.0,-0.04363323129985824,,
89.0,5.305080389140324,-1.4137480785160788,8.209239997116002,-0.025092492022007154,0.018936208873051676,-0.03902888205348153,37.09999999999962,0.9599310885968901,1257.3936497582426,730.6765921362478,0.5,-1.6187928812247239,1.6128257161112274,-0.5189254298588091,0.0,-0.04363323129985824,,
89.10000000000001,5.35803281410599,-1.8051012426479678,7.9279932724561135,-0.0026696466842690246,0.0029999587821335446,-0.037070590766821274,37.149999999999615,0.9555677654669044,1259.5458057780634,733.7077794292586,0.5,-1.6209745427897166,1.6123277665199072,-0.5272168829630351,0.0,-0.04363323129985824,,
89.2,5.3745373262611125,-1.826773757047778,8.370040629760677,-0.028173700965551357,-0.00761208792326715,-0.046819033665196505,37.19999999999961,0.9512044423369186,1261.7140797139707,736.7336115883128,0.5,-1.6231562043547094,1.6117881325369847,-0.5355138462711558,0.0,-0.04363323129985824,,
89.30000000000001,5.357468201052466,-1.5816377299631357,8.27875431292552,-0.013325682752562447,0.015834089301045056,-0.03343391310088761,37.24999999999961,0.9468411192069328,1263.8984657522537,739.7540055905638,0.5,-1.6253378659197022,1.6112067567016901,-0.5438161137289266,0.0,-0.04363323129985824,,
89.4,5.2540675369295835,-1.497813358409056,8.315000017746586,-0.023914314796617302,0.0033479734775233513,-0.02917070116067961,37.299999999999606,0.942477796076947,1266.0989576612176,742.7688783621879,0.5,-1.627519527484695,1.6105835825584442,-0.5521234788860298,0.0,-0.04363323129985824,,
89.5,5.354788174556046,-1.9054789961884548,8.128993807582006,-0.04227368712908712,-0.009222904479368316,-0.012896959875267032,37.3499999999996,0.9381144729469613,1268.3155487906288,745.7781467804524,0.5,-1.6297011890496877,1.6099185546592176,-0.560435734900927,0.0,-0.04363323129985824,,
89.60000000000001,5.215224625467822,-1.763386195452815,8.51738908595804,-0.03180850463951626,-0.005752216167019606,-0.030456321462786592,37.3999999999996,0.9337511498169755,1270.5482320711715,748.781727675788,0.5,-1.6318828506146807,1.6092116185658687,-0.5687526745457236,0.0,-0.04363323129985824,,
89.7,5.432708836168275,-1.3401222486879973,8.21916744011862,-0.01081760379359331,-0.008703301052123273,-0.03126793692053669,37.4499999999996,0.9293878266869897,1272.7970000139128,751.779537833865,0.5,-1.6340645121796735,1.6084627208524565,-0.5770740902110467,0.0,-0.04363323129985824,,
89.80000000000001,5.41828655272959,-1.5305079939060238,8.57053420601793,-0.026203284336213852,0.012401204030282212,-0.03759921773410388,37.499999999999595,0.9250245035570039,1275.0618447097784,754.7714939976727,0.5,-1.6362461737446663,1.6076718091075324,-0.5853997739109353,0.0,-0.04363323129985824,,
89.9,5.488297560791737,-1.6605388063364237,7.918754978423463,-0.029614879977152852,0.003922079428389126,-0.030416223996260733,37.54999999999959,0.9206611804270182,1277.342757829039,757.7575128696038,0.5,-1.638427835309659,1.606838831936407,-0.593729517287744,0.0,-0.04363323129985824,,
90.0,5.256753617007499,-1.7644775978369451,8.395477533241973,-0.014725838607567704,0.0005583211697032354,-0.024711451279042486,37.59999999999959,0.9162978572970324,1279.6397306208069,760.7375111135408,0.5,-1.6406094968746519,1.6059637389633938,-0.6020631116170587,0.0,-0.04363323129985824,,
90.10000000000001,5.303448672956178,-1.6133317556774287,8.34811509425231,-0.014015778166710426,0.004540832072516002,-0.03903711337866552,37.64999999999959,0.9119345341670466,1281.9527539125406,763.7114053569472,0.5,-1.6427911584396446,1.605046480834028,-0.6104003478126245,0.0,-0.04363323129985824,,
90.2,5.414170301942876,-1.5468774388674735,8.014080148173383,-0.028481681406608332,0.009910820281751494,-0.012599507812112175,37.699999999999584,0.9075712110370608,1284.2818181095645,766.6791121929624,0.5,-1.6449728200046374,1.604087009217264,-0.6187410164312875,0.0,-0.04363323129985824,,
90.30000000000001,5.26224048450096,-1.8941368756415606,8.384090624442658,-0.02062242564122528,-0.013541665254524342,-0.036777315728425866,37.74999999999958,0.9032078879070751,1286.626913194593,769.6405481824988,0.5,-1.6471544815696302,1.6030852768076496,-0.6270849076779469,0.0,-0.04363323129985824,,
90.4,5.23784350705578,-1.4637112015818499,8.07694903475704,-0.007321936393081317,-0.00895810611484677,-0.03561178952204042,37.79999999999958,0.8988445647770893,1288.9880287272697,772.5956298563439,0.5,-1.649336143134623,1.6020412373274724,-0.6354318114105205,0.0,-0.04363323129985824,,
90.5,5.243097758138808,-1.5091913317884809,8.107829620552266,-0.023604795096033172,0.007314718425356771,-0.026904354976750738,37.849999999999575,0.8944812416471035,1291.3651538437139,775.5442737172647,0.5,-1.6515178046996157,1.6009548455288864,-0.6437815171449217,0.0,-0.04363323129985824,,
90.60000000000001,5.739267133229941,-1.811319533557994,8.145613916014572,-0.041351906456921064,-0.00204161574676987,-0.03335917599527958,37.89999999999957,0.8901179185171177,1293.7582772560786,778.4863962421163,0.5,-1.6536994662646085,1.599826057196014,-0.65213381406005,0.0,-0.04363323129985824,,
90.7,5.181977127465788,-1.5018731737114637,8.197855616938314,-0.021940218759901167,-0.015612491392969054,-0.03799553187579595,37.94999999999957,0.885754595387132,1296.167387252119,781.4219138839532,0.5,-1.6558811278296013,1.598654829147021,-0.6604884910027893,0.0,-0.04363323129985824,,
90.80000000000001,5.424454065332813,-1.5800269294522378,8.02499557743775,-0.00844918681387463,0.003546430143239866,-0.033661333628601776,37.99999999999957,0.8813912722571462,1298.5924716947707,784.350743074144,0.5,-1.658062789394594,1.597441119236173,-0.6688453364930227,0.0,-0.04363323129985824,,
90.9,5.572326185060998,-1.7922068762845518,8.154308242050767,-0.020775457910548252,0.0050850242908372836,-0.035566895945531515,38.049999999999564,0.8770279491271604,1301.0335180217387,787.27280022449,0.5,-1.6602444509595868,1.5961848863558628,-0.6772041387286567,0.0,-0.04363323129985824,,
91.0,5.4199679254819735,-1.5391887381223943,7.994177443853042,-0.012953301865514275,0.003737154768112841,-0.038515565906709216,38.09999999999956,0.8726646259971746,1303.4905132450965,790.1880017293453,0.5,-1.6624261125245796,1.5948860904386155,-0.6855646855906558,0.0,-0.04363323129985824,1302.116925746693,788.8590023969474
91.10000000000001,5.209370235036369,-1.8110117165078905,8.24181863240421,-0.0052406315367852264,-0.0006931655982628361,-0.03689941756616023,38.14999999999956,0.8683013028671889,1305.9634439508966,793.0962639677424,0.5,-1.6646077740895724,1.593544692459071,-0.6939267646480901,0.0,-0.04363323129985824,,
91.2,5.423740102291499,-1.6359647769211256,8.290524191274947,-0.03208385508829329,0.011271799672792338,-0.040049332159949116,38.199999999999555,0.8639379797372031,1308.45229629879,795.9975033055186,0.5,-1.6667894356545652,1.592160654435939,-0.7022901631631944,0.0,-0.04363323129985824,,
91.30000000000001,5.493149150749594,-1.561465989014064,8.09127433134698,-0.03209688381757467,0.00025040770275243406,-0.03346564282288282,38.24999999999955,0.8595746566072173,1310.957056021657,798.8916360974472,0.5,-1.668971097219558,1.5907339394339328,-0.7106546680964363,0.0,-0.04363323129985824,,
91.4,5.538673385617372,-1.7286730896284566,8.192974414850323,-0.02832411863852515,0.006471872626493152,-0.042601973723745794,38.29999999999955,0.8552113334772316,1313.4777084252487,801.7785786893699,0.5,-1.6711527587845507,1.5892645115656765,-0.7190200661115979,0.0,-0.04363323129985824,,
91.5,5.210842845470434,-1.6153525674637232,8.239474107457115,-0.015939483516828425,7.872940122109741e-05,-0.03142734703174203,38.34999999999955,0.8508480103472458,1316.0142383878374,804.6582474203339,0.5,-1.6733344203495437,1.587752335993589,-0.7273861435808664,0.0,-0.04363323129985824,,
91.60000000000001,5.349322037441902,-1.8085518162415803,8.182875570029557,-0.0070232041117166775,-0.0035892609475329735,-0.029811589503200342,38.399999999999544,0.84648468721726,1318.5666303598805,807.5305586247307,0.5,-1.6755160819145365,1.5861973789317427,-0.7357526865899364,0.0,-0.04363323129985824,,
91.7,5.213876699374274,-1.6112947563045428,8.127744174054635,-0.03273268063469875,-0.00903532492577835,-0.020595007718258368,38.44999999999954,0.8421213640872742,1321.134868363692,810.3954286344382,0.5,-1.6776977434795293,1.584599607647699,-0.7441194809431232,0.0,-0.04363323129985824,,
91.80000000000001,5.349174121897309,-1.721696668579335,8.304630757154,-0.00960413535666249,-0.00813232448531738,-0.034912800214498704,38.49999999999954,0.8377580409572885,1323.7189359931258,813.2527737809653,0.5,-1.679879405044522,1.582958990464317,-0.7524863121684857,0.0,-0.04363323129985824,,
91.9,5.427158018476315,-1.702132576920298,8.145574241822644,-0.030817765721427654,-0.0034192279183549506,-0.019007155915562908,38.549999999999535,0.8333947178273027,1326.3188164132703,816.1025103975994,0.5,-1.6820610666095148,1.5812754967615403,-0.7608529655229597,0.0,-0.04363323129985824,,
92.0,5.336497159000243,-1.479760284324371,8.02061034082288,-0.015719228175884663,-0.00442807854972846,-0.05031358637213415,38.59999999999953,0.8290313946973169,1328.9344923601514,818.9445548215565,0.5,-1.6842427281745076,1.5795490969781567,-0.7692192259975033,0.0,-0.04363323129985824,1333.716577363452,819.3126438323543
92.10000000000001,5.180678087164024,-1.4815521492765824,8.246760929129001,-0.020726171658868697,0.014527875541248679,-0.029817860770112534,38.64999999999953,0.8246680715673311,1331.5659461404491,821.7788233961338,0.5,-1.6864243897395004,1.5777797626135337,-0.77758487832225,0.0,-0.04363323129985824,,
92.2,5.457344248461479,-1.5397866870555035,8.400564676422773,-0.037077814060249015,-0.004489734245284169,-0.042843229784268605,38.69999999999953,0.8203047484373454,1334.213159631222,824.6052324728652,0.5,-1.6886060513044931,1.5759674662293293,-0.7859497069716738,0.0,-0.04363323129985824,,
92.30000000000001,5.412660040297951,-1.5752036989504503,8.16266555068071,-0.01878908810295719,-0.009570392742043722,-0.0461221496323377,38.749999999999524,0.8159414253073596,1336.8761142796438,827.4236984136786,0.5,-1.690787712869486,1.5741121814511805,-0.7943134961697632,0.0,-0.04363323129985824,,
92.4,5.52345344617535,-1.6944433638414584,8.323755355893612,-0.028941555209831903,0.014960871729313848,-0.048697464105906835,38.79999999999952,0.8115781021773738,1339.5547911027504,830.2341375930569,0.5,-1.6929693744344787,1.5722138829703616,-0.8026760298952054,0.0,-0.04363323129985824,,
92.5,5.42168618501682,-1.6235637683881623,8.413343901184215,-0.022497955124847736,-0.009431590453089727,-0.029366081366376362,38.84999999999952,0.807214779047388,1342.2491706871972,833.0364664001996,0.5,-1.6951510359994715,1.570272546545421,-0.8110370918865797,0.0,-0.04363323129985824,,
92.60000000000001,5.472143379487076,-1.8602461183691121,8.134757759457331,-0.04700104985170764,0.0054096141229411235,-0.022752854559579115,38.899999999999515,0.8028514559174023,1344.9592331890278,835.8306012411887,0.5,-1.6973326975644643,1.5682881490037932,-0.8193964656475625,0.0,-0.04363323129985824,,
92.7,5.392472761360754,-1.7827577887287434,8.195383530671178,-0.014287640134261181,0.006229714733651359,-0.03805714966448127,38.94999999999951,0.7984881327874165,1347.6849583334522,838.6164585411555,0.5,-1.699514359129457,1.5662606682433848,-0.8277539344521383,0.0,-0.04363323129985824,,
92.80000000000001,5.280365420405743,-1.9220023235774473,8.247757998100587,-0.02792279228366315,0.014638424905372087,-0.036740882269355804,38.99999999999951,0.7941248096574307,1350.4263254146376,841.39395474645,0.5,-1.7016960206944498,1.5641900832341342,-0.8361092813498231,0.0,-0.04363323129985824,,
92.9,5.237807641037679,-1.8649284729127262,8.26250341545345,-0.01921426972594146,0.008892700946507988,-0.03514727010303198,39.04999999999951,0.7897614865274449,1353.1833132955082,844.1630063268132,0.5,-1.7038776822594426,1.5620763740195485,-0.8444622891708959,0.0,-0.04363323129985824,,
93.0,5.28158004775515,-2.0822466407981692,8.050751276673148,-0.025414255221564225,-0.00963257035526515,-0.03537121325175049,39.099999999999504,0.7853981633974592,1355.955900407556,846.9235297775499,0.5,-1.7060593438244354,1.559919521718213,-0.8528127405316394,0.0,-0.04363323129985824,1357.5749921463262,844.2426721832943
93.10000000000001,5.432371137649349,-1.5595321542505802,8.395019701486227,-0.03042901821014738,0.011863058127810841,-0.028036613034777773,39.1499999999995,0.7810348402674734,1358.744064750664,849.6754416217058,0.5,-1.7082410053894281,1.5577195085252766,-0.8611604178395884,0.0,-0.04363323129985824,,
93.2,5.276294414948315,-1.7756505078813767,8.399344114627306,-0.043624864492990245,0.010887367326180031,-0.03314419118382127,39.1999999999995,0.7766715171374876,1361.5477838929369,852.4186584122447,0.5,-1.710422666954421,1.5554763177139121,-0.8695051032987915,0.0,-0.04363323129985824,,
93.30000000000001,5.367249779565371,-1.6980950426462158,8.24326573909231,-0.019610039151601383,-0.009395651727261926,-0.024889322302632733,39.249999999999496,0.7723081940075018,1364.367034970547,855.1530967342287,0.5,-1.7126043285194137,1.55318993363675,-0.8778465789150739,0.0,-0.04363323129985824,,
93.4,5.516105008872661,-1.8356284887189083,8.267786521647322,-0.0212852422207798,-0.02642068250691199,-0.03688582176760206,39.29999999999949,0.7679448708775161,1367.2017946875865,857.878673207,0.5,-1.7147859900844067,1.5508603417272877,-0.8861846265013174,0.0,-0.04363323129985824,,
93.5,5.43928242036618,-1.7419110567893306,8.38650350539934,-0.02706039496442489,0.0035110328343007143,-0.03200379717034826,39.34999999999949,0.7635815477475303,1370.052039315934,860.5953044863649,0.5,-1.7169676516493995,1.548487528501271,-0.8945190276827426,0.0,-0.04363323129985824,,
93.60000000000001,5.442494926010746,-1.8699512670467817,8.211510674521406,-0.009320283893202922,0.01885127546577956,-0.04167476012856862,39.39999999999949,0.7592182246175445,1372.9177446951303,863.3029072667787,0.5,-1.7191493132143922,1.5460714815580554,-0.9028495639022018,0.0,-0.04363323129985824,,
93.7,5.489611883593579,-1.7946100679995214,7.902203212249678,-0.010765512833311227,-0.0009885151976868083,-0.0398620916670439,39.449999999999484,0.7548549014875587,1375.798886232264,866.0013982835341,0.5,-1.721330974779385,1.5436121895819361,-0.9111760164254812,0.0,-0.04363323129985824,,
93.80000000000001,5.525629660161393,-1.9903777787519896,8.510413769006757,-0.01026619323355086,-0.004251858051571911,-0.032685660936471655,39.49999999999948,0.750491578357573,1378.6954389018715,868.6906943149492,0.5,-1.7235126363443778,1.5411096423434545,-0.9194981663466095,0.0,-0.04363323129985824,,
93.9,5.312101841215901,-1.4453255885243732,8.181602775890106,-0.02974409967940984,0.02637980642150861,-0.023357666971128534,39.54999999999948,0.7461282552275872,1381.6073772458433,871.3707121845589,0.5,-1.7256942979093706,1.5385638307006804,-0.9278157945931744,0.0,-0.04363323129985824,,
94.0,5.187773187016235,-1.7826998643379277,8.462670934188518,-0.044476708665497286,-0.006943861991427952,-0.03309767215771702,39.599999999999476,0.7417649320976014,1384.5346753733443,874.0413687633072,0.5,-1.7278759594743633,1.5359747466004658,-0.9361286819316489,0.0,-0.04363323129985824,1386.0828583390785,874.66942427863
94.10000000000001,5.393704813676093,-1.3701913566143298,8.32954162228238,-0.01130264239019618,0.004875159635641818,-0.03358319634763842,39.64999999999947,0.7374016089676156,1387.477306960745,876.7025809717408,0.5,-1.7300576210393561,1.5333423830796753,-0.9444366089727242,0.0,-0.04363323129985824,,
94.2,5.373048593619217,-1.4766637268038654,8.331561638999453,-0.002553759722361701,-0.00016910721317672035,-0.029558211544546898,39.69999999999947,0.7330382858376299,1390.4352452515616,879.3542657822046,0.5,-1.732239282604349,1.5306667342663893,-0.9527393561766488,0.0,-0.04363323129985824,,
94.30000000000001,5.432422783822301,-1.735206801590774,8.042076230072269,-0.028508792667603988,-0.0043639414182804525,-0.046200613315739825,39.74999999999947,0.7286749627076441,1393.4084630564087,881.9963402210387,0.5,-1.7344209441693417,1.527947795381082,-0.9610367038585789,0.0,-0.04363323129985824,,
94.4,5.34310497807855,-1.810242647638672,8.26599706945061,-0.03452245644738052,0.0017111628076433693,-0.04196340066378065,39.799999999999464,0.7243116395776583,1396.3969327529626,884.6287213707765,0.5,-1.7366026057343344,1.5251855627377724,-0.9693284321939315,0.0,-0.04363323129985824,,
94.5,5.390731326940102,-1.7743444093554748,8.053917912765757,-0.024884991220413967,-0.007477219253634833,-0.03685155622663053,39.84999999999946,0.7199483164476725,1399.400626285935,887.2513263723441,0.5,-1.7387842672993272,1.522380033745151,-0.9776143212237487,0.0,-0.04363323129985824,,
94.60000000000001,5.351498398454747,-1.931109495969572,8.07967276926252,-0.00549438148471218,0.0009093202682777113,-0.026813758602946037,39.89999999999946,0.7155849933176868,1402.4195151670583,889.8640724272619,0.5,-1.74096592886432,1.5195312069076796,-0.9858941508600678,0.0,-0.04363323129985824,,
94.7,5.367116538757414,-1.6478179359831715,8.262217753944604,-0.018106296582639247,0.00035422698831748034,-0.035197124219789426,39.949999999999456,0.711221670187701,1405.4535704750815,892.466876799846,0.5,-1.7431475904293128,1.516639081826666,-0.994167700891297,0.0,-0.04363323129985824,,
94.80000000000001,5.36432549265089,-1.641056813812761,8.23296877071873,-0.0414179366577825,-0.003775721639305325,-0.023712579419958673,39.99999999999945,0.7068583470577152,1408.5027628557775,895.0596568194118,0.5,-1.7453292519943056,1.5137036592013082,-1.0024347509876002,0.0,-0.04363323129985824,,
94.9,5.637474058451397,-1.2794340595324447,8.24307801160214,-0.026898548668102172,0.014616965055539638,-0.025069470750136612,40.04999999999945,0.7024950239277294,1411.5670625219605,897.6423298824783,0.5,-1.7475109135592983,1.5107249408297216,-1.0106950807062869,0.0,-0.04363323129985824,,
95.0,4.030414722485512,-0.13409900111009815,8.893323565419255,0.004272176308023194,0.01648178906577613,-0.011399532492933063,40.09999999999945,0.6981317007977437,1414.634304472209,900.2160514716631,-1.2,0.0,-0.9192533317427645,-0.771345131623858,0.0,0.0,1410.6384513137643,899.9347743109428
95.10000000000001,3.923045212478736,-0.06593416211271158,9.010010651537208,-0.016138547541133842,-0.011133358261629788,0.026173829424425785,39.97999999999945,0.6981317007977437,1417.69235388914,902.7820596095318,-1.2,0.0,-0.9192533317427645,-0.771345131623858,0.0,0.0,,
95.2,3.9731314602270804,0.28319213949897737,9.021862706672586,0.006071708671083535,-0.0028442645393007998,0.008982351166268719,39.85999999999945,0.6981317007977437,1420.7412107727534,905.3403542960842,-1.2,0.0,-0.9192533317427645,-0.771345131623858,0.0,0.0,,
95.30000000000001,3.757056319581075,0.19751831099786055,9.22133087097807,0.00976773084987963,0.001623060552634704,-0.001474354711198311,39.739999999999455,0.6981317007977437,1423.7808751230496,907.8909355313205,-1.2,0.0,-0.9192533317427645,-0.771345131623858,0.0,0.0,,
95.4,3.8135969013644475,0.13389695039616806,8.969407388839654,-0.0015447254439806945,0.00195460633827977,0.011125511813182453,39.61999999999946,0.6981317007977437,1426.8113469400282,910.4338033152404,-1.2,0.0,-0.9192533317427645,-0.771345131623858,0.0,0.0,,
95.5,3.8608480108171994,0.1560422457055318,8.63253956687226,0.007791512631770073,0.0021557644171634675,0.011191473570253149,39.49999999999946,0.6981317007977437,1429.8326262236894,912.9689576478441,-1.2,0.0,-0.9192533317427645,-0.771345131623858,0.0,0.0,,
95.60000000000001,3.928653030824538,0.06541311877322159,9.261201358905495,-0.00799983221366608,0.0008652883807126174,0.017716122904615664,39.37999999999946,0.6981317007977437,1432.8447129740332,915.4963985291316,-1.2,0.0,-0.9192533317427645,-0.771345131623858,0.0,0.0,,
95.7,3.9475274368666624,0.17492673993109067,9.206475204257119,0.011846106103114278,-0.002505821986118926,0.037737246540427524,39.259999999999465,0.6981317007977437,1435.8476071910595,918.0161259591029,-1.2,0.0,-0.9192533317427645,-0.771345131623858,0.0,0.0,,
95.80000000000001,3.7997188062921707,-0.09236292103369881,9.164147229036026,-0.011767887294590076,-0.004458410830784771,0.010627354413153139,39.13999999999947,0.6981317007977437,1438.8413088747686,920.5281399377578,-1.2,0.0,-0.9192533317427645,-0.771345131623858,0.0,0.0,,
95.9,3.915742108848974,-0.18994906489174662,9.11891473761614,0.00259862795570017,0.0030102998354941007,0.010182693832160182,39.01999999999947,0.6981317007977437,1441.8258180251603,923.0324404650966,-1.2,0.0,-0.9192533317427645,-0.771345131623858,0.0,0.0,,
96.0,3.8904747806502242,0.07323382815397023,8.954235925122463,0.019651752565573343,0.01112849055203171,-0.005849142079443173,38.89999999999947,0.6981317007977437,1444.8011346422345,925.529027541119,-1.2,0.0,-0.9192533317427645,-0.771345131623858,0.0,0.0,1441.1473538627324,924.6042976499097
96.10000000000001,3.8359584763259456,-0.011997939403608913,9.107310101339477,0.004919061784987284,-0.0017407748768358373,0.006655607864117696,38.779999999999475,0.6981317007977437,1447.7672587259913,928.0179011658253,-1.2,0.0,-0.9192533317427645,-0.771345131623858,0.0,0.0,,
96.2,3.7734757314080136,-0.06598354728981336,9.401162255344744,-0.0019449035170553586,0.013245993454740472,-0.0005458368727454125,38.65999999999948,0.6981317007977437,1450.7241902764306,930.4990613392154,-1.2,0.0,-0.9192533317427645,-0.771345131623858,0.0,0.0,,
96.30000000000001,4.079599812116209,0.4075559283494946,8.938771080888133,0.0012146582692977163,0.004611895800173218,0.015049947244361778,38.53999999999948,0.6981317007977437,1453.6719292935525,932.9725080612892,-1.2,0.0,-0.9192533317427645,-0.771345131623858,0.0,0.0,,
96.4,3.5493036470116706,0.12943205421907522,8.899964506397241,-0.006806991032815969,-0.007882931414410453,0.014547270145606708,38.41999999999948,0.6981317007977437,1456.610475777357,935.4382413320468,-1.2,0.0,-0.9192533317427645,-0.771345131623858,0.0,0.0,,
96.5,3.8867634055067994,0.05149986545551351,8.889702228025303,0.004818490122901667,0.002072455008135893,-0.0015310732367701816,38.299999999999486,0.6981317007977437,1459.5398297278439,937.8962611514881,-1.2,0.0,-0.9192533317427645,-0.771345131623858,0.0,0.0,,
96.60000000000001,4.115356653455667,0.07960221049458807,9.011290019549412,0.008043326260386362,0.009924101743558062,0.011621457871781971,38.17999999999949,0.6981317007977437,1462.4599911450134,940.3465675196132,-1.2,0.0,-0.9192533317427645,-0.771345131623858,0.0,0.0,,
96.7,3.973444446093711,-0.07019502287497122,9.012466999293913,-0.018486356343098136,0.002126439558425652,-0.0005862626731712207,38.05999999999949,0.6981317007977437,1465.3709600288655,942.7891604364221,-1.2,0.0,-0.9192533317427645,-0.771345131623858,0.0,0.0,,
96.80000000000001,3.6327938787063028,0.15184274345832982,9.110108025000455,-0.01327919989384305,-0.001607993024951518,-0.008596769906617965,37.93999999999949,0.6981317007977437,1468.2727363794002,945.2240399019147,-1.2,0.0,-0.9192533317427645,-0.771345131623858,0.0,0.0,,
96.9,3.950075112267493,-0.21190470168033795,9.073519670076,0.0038446092642858737,-0.013421239123764278,0.015570389783879684,37.819999999999496,0.6981317007977437,1471.1653201966174,947.651205916091,-1.2,0.0,-0.9192533317427645,-0.771345131623858,0.0,0.0,,
97.0,4.135568227882386,0.046741776301729564,9.05790542621807,-0.011199683500424702,-0.0013332827538363578,0.006729141921080976,37.6999999999995,0.6981317007977437,1474.0487114805173,950.0706584789511,-1.2,0.0,-0.9192533317427645,-0.771345131623858,0.0,0.0,1477.3706038292814,951.2677259035802
97.10000000000001,3.892303209712526,-0.19575206379188076,9.098801211166494,-0.013470676204859127,0.004844168910672979,-0.00449452674188175,37.5799999999995,0.6981317007977437,1476.9229102310999,952.482397590495,-1.2,0.0,-0.9192533317427645,-0.771345131623858,0.0,0.0,,
97.2,3.8163428332586764,-0.07370257930052478,9.062222516695538,0.0027080277425191772,-0.01039613536604894,0.003595341572280097,37.4599999999995,0.6981317007977437,1479.787916448365,954.8864232507226,-1.2,0.0,-0.9192533317427645,-0.771345131623858,0.0,0.0,,
97.30000000000001,4.164072223140936,-0.043430785548934966,8.887532109374108,0.001328161866697728,-0.002739856726371066,0.003942827305611667,37.339999999999506,0.6981317007977437,1482.6437301323126,957.2827354596341,-1.2,0.0,-0.9192533317427645,-0.771345131623858,0.0,0.0,,
97.4,3.9235980805115775,-0.006990701969934846,9.17516125396145,0.007253214927529698,0.0038989005327616376,0.01413273554171442,37.21999999999951,0.6981317007977437,1485.4903512829428,959.6713342172293,-1.2,0.0,-0.9192533317427645,-0.771345131623858,0.0,0.0,,
97.5,3.905477176435574,0.11130378773217951,8.98821360260937,-0.0023464351048908556,0.006724973041746208,0.00215985589519135,37.09999999999951,0.6981317007977437,1488.3277799002556,962.0522195235083,-1.2,0.0,-0.9192533317427645,-0.771345131623858,0.0,0.0,,
97.60000000000001,3.8087917276641203,0.1366060954741523,8.958825135266173,-0.006154130042317169,-0.004183188373769209,0.02123727720719852,36.979999999999514,0.6981317007977437,1491.1560159842509,964.425391378471,-1.2,0.0,-0.9192533317427645,-0.771345131623858,0.0,0.0,,
97.7,3.9160168087020804,0.19579039967642642,9.307777017993532,-0.006209833907902103,-0.011022180487735282,0.007865895361912591,36.859999999999516,0.6981317007977437,1493.9750595349287,966.7908497821174,-1.2,0.0,-0.9192533317427645,-0.771345131623858,0.0,0.0,,
97.80000000000001,4.199225459026704,-0.17014987288871097,8.8957899386405,0.010313589463606013,-0.02016233673882428,-0.002481996515616854,36.73999999999952,0.6981317007977437,1496.7849105522891,969.1485947344477,-1.2,0.0,-0.9192533317427645,-0.771345131623858,0.0,0.0,,
97.9,3.9032979578864038,0.00043687082617304557,8.878098132803872,0.011437391949318155,-0.00764882212914586,0.0165057603674447,36.61999999999952,0.6981317007977437,1499.5855690363321,971.4986262354616,-1.2,0.0,-0.9192533317427645,-0.771345131623858,0.0,0.0,,
98.0,3.9513159322673137,0.13948702519493433,9.247263631708135,-0.001480508286176209,-0.009935220895740308,0.005751850274047394,36.499999999999524,0.6981317007977437,1502.3770349870576,973.8409442851594,-1.2,0.0,-0.9192533317427645,-0.771345131623858,0.0,0.0,1504.2336731559876,969.3580437584382
98.10000000000001,3.8658683125304187,-0.12608167155863897,9.173933273777402,-0.01219630600137614,0.0326839348604223,0.0009965197751410047,36.37999999999953,0.6981317007977437,1505.1593084044657,976.1755488835408,-1.2,0.0,-0.9192533317427645,-0.771345131623858,0.0,0.0,,
98.2,4.121868686059644,-0.1474822036975341,9.072743104426978,0.008863973255695802,-0.009929828096803683,0.003322014702067185,36.25999999999953,0.6981317007977437,1507.9323892885564,978.5024400306061,-1.2,0.0,-0.9192533317427645,-0.771345131623858,0.0,0.0,,
98.30000000000001,4.035197411377468,0.16817236499446458,8.902381225505668,0.014952927200159088,-0.009849761844999338,0.0037986396309804995,36.13999999999953,0.6981317007977437,1510.6962776393298,980.821617726355,-1.2,0.0,-0.9192533317427645,-0.771345131623858,0.0,0.0,,
98.4,4.0575497157676255,-0.23546152222451086,8.789749501047211,-0.007654168883852305,0.0283225667566667,-0.0028998471516507437,36.019999999999534,0.6981317007977437,1513.4509734567857,983.1330819707879,-1.2,0.0,-0.9192533317427645,-0.771345131623858,0.0,0.0,,
98.5,4.0304265067559815,0.005399687656972787,9.043768382618895,-0.012686082619321096,0.00509952156414534,-0.0006543868151452151,35.89999999999954,0.6981317007977437,1516.1964767409243,985.4368327639045,-1.2,0.0,-0.9192533317427645,-0.771345131623858,0.0,0.0,,
98.60000000000001,4.031730294755161,0.23031388530047045,9.365920729110153,-0.019603174362424196,-0.010364163439769149,0.01683500931814134,35.77999999999954,0.6981317007977437,1518.9327874917453,987.7328701057048,-1.2,0.0,-0.9192533317427645,-0.771345131623858,0.0,0.0,,
98.7,3.881664487110208,-0.04560885776144562,9.236113206437937,-0.014313545053864726,0.011698071379982574,0.0022495468919172122,35.65999999999954,0.6981317007977437,1521.659905709249,990.0211939961889,-1.2,0.0,-0.9192533317427645,-0.771345131623858,0.0,0.0,,
98.80000000000001,3.718372413006884,0.22034944418609181,9.215707198457459,0.006467617049945399,0.013668873156343138,0.005802631750011387,35.539999999999544,0.6981317007977437,1524.3778313934351,992.3018044353568,-1.2,0.0,-0.9192533317427645,-0.771345131623858,0.0,0.0,,
98.9,4.074420415724846,-0.07732998347950615,9.299364465009015,-0.0003252407653002932,0.0131783873109954,-0.00825722573333237,35.41999999999955,0.6981317007977437,1527.0865645443039,994.5747014232084,-1.2,0.0,-0.9192533317427645,-0.771345131623858,0.0,0.0,,
99.0,3.9110804755870343,0.10508089537219863,8.999800074140486,-0.0036919549002416593,-0.01321843398763648,-0.007836041276234964,35.29999999999955,0.6981317007977437,1529.7861051618552,996.8398849597437,-1.2,0.0,-0.9192533317427645,-0.771345131623858,0.0,0.0,1528.104093163378,997.1271620644663
99.10000000000001,3.663519210390163,0.08704475413501507,9.284006450606345,0.005582353630178426,-0.013601730226447043,-0.011100318112463921,35.17999999999955,0.6981317007977437,1532.476453246089,999.0973550449628,-1.2,0.0,-0.9192533317427645,-0.771345131623858,0.0,0.0,,
99.2,4.007064435293272,-0.16342516836848242,8.894623892674797,-0.005803637268291409,-0.0066803953434946,0.0025640536169468544,35.059999999999555,0.6981317007977437,1535.1576087970054,1001.3471116788656,-1.2,0.0,-0.9192533317427645,-0.771345131623858,0.0,0.0,,
99.30000000000001,4.145923796096861,-0.10179416427076066,8.960608388397514,-9.05439299052049e-05,-0.005383956586551572,0.013772835632831874,34.93999999999956,0.6981317007977437,1537.8295718146044,1003.5891548614522,-1.2,0.0,-0.9192533317427645,-0.771345131623858,0.0,0.0,,
99.4,3.9468138078068504,0.013926206052367014,8.941547750419467,-0.0007163715211166391,-0.01722620114638337,0.005815718533078788,34.81999999999956,0.6981317007977437,1540.492342298886,1005.8234845927227,-1.2,0.0,-0.9192533317427645,-0.771345131623858,0.0,0.0,,
99.5,3.7722851966950683,-0.22347610425978037,9.111520109656572,0.012997992976649273,-0.007133549019029687,0.01710539101390833,34.69999999999956,0.6981317007977437,1543.1459202498502,1008.0501008726769,-1.2,0.0,-0.9192533317427645,-0.771345131623858,0.0,0.0,,
99.60000000000001,3.6329972276384996,0.015690234920153485,9.049705753545709,-0.008484125554749745,-0.014170635195994683,0.0032769976637061233,34.579999999999565,0.6981317007977437,1545.790305667497,1010.2690037013149,-1.2,0.0,-0.9192533317427645,-0.771345131623858,0.0,0.0,,
99.7,3.8145462836660244,0.026168177592437798,8.737520328767724,0.010344283062136668,0.01239715154537718,-0.014264430793837265,34.45999999999957,0.6981317007977437,1548.4254985518264,1012.4801930786366,-1.2,0.0,-0.9192533317427645,-0.771345131623858,0.0,0.0,,
99.80000000000001,3.734555347664867,-0.3330269677214245,9.103296785169501,-0.0026146512051428827,-0.0023716963798186184,-0.003977334048270957,34.33999999999957,0.6981317007977437,1551.0514989028384,1014.6836690046421,-1.2,0.0,-0.9192533317427645,-0.771345131623858,0.0,0.0,,
99.9,3.8909299012133185,-0.12627436173348205,9.127280692831144,-0.006230605920205975,0.005808886616401416,0.010933200986579893,34.21999999999957,0.6981317007977437,1553.6683067205329,1016.8794314793313,-1.2,0.0,-0.9192533317427645,-0.771345131623858,0.0,0.0,,
100.0,3.8614509587809813,-0.23827453068065127,9.08720219065194,0.019139471354783263,-0.00325247467615011,-0.010581393901757673,34.099999999999575,0.6981317007977437,1556.27592200491,1019.0674805027043,-1.2,0.0,-0.9192533317427645,-0.771345131623858,0.0,0.0,1558.4856522858447,1016.9951538390427
100.10000000000001,4.160286441541309,-0.03562526351254769,9.007319434083673,0.012836511397624643,-0.012780118673239867,0.008025365858146286,33.97999999999958,0.6981317007977437,1558.8743447559696,1021.247816074761,-1.2,0.0,-0.9192533317427645,-0.771345131623858,0.0,0.0,,
100.2,3.808439953318619,-0.17332094223350492,8.973773710022327,0.0037822917017038093,-0.010968770956328875,0.0076666178694394385,33.85999999999958,0.6981317007977437,1561.4635749737117,1023.4204381955014,-1.2,0.0,-0.9192533317427645,-0.771345131623858,0.0,0.0,,
100.30000000000001,3.5993597913907696,-0.07302136764330051,9.121930954063345,0.00622930738090022,0.006675676410587797,0.02312577132894594,33.73999999999958,0.6981317007977437,1564.0436126581365,1025.5853468649257,-1.2,0.0,-0.9192533317427645,-0.771345131623858,0.0,0.0,,
100.4,3.84627481995615,0.046284078724624075,8.934986399191363,0.001272958319283858,0.0010838556861164283,0.001581795838855371,33.619999999999585,0.6981317007977437,1566.6144578092437,1027.7425420830336,-1.2,0.0,-0.9192533317427645,-0.771345131623858,0.0,0.0,,
100.5,4.08612823680489,-0.12857484739961378,9.385146844862291,-0.001963179102532547,0.005507728298206242,0.023074762490322174,33.49999999999959,0.6981317007977437,1569.1761104270336,1029.8920238498254,-1.2,0.0,-0.9192533317427645,-0.771345131623858,0.0,0.0,,
100.60000000000001,3.920066357313198,0.15569712587816037,8.927708280660587,0.01914577118317046,-0.006764937542597006,0.005915842205146163,33.37999999999959,0.6981317007977437,1571.728570511506,1032.0337921653008,-1.2,0.0,-0.9192533317427645,-0.771345131623858,0.0,0.0,,
100.7,3.854768031030093,-0.07835913421639458,9.171192004463448,0.0010589267789785687,-0.009632089282538153,-0.003953974549573737,33.25999999999959,0.6981317007977437,1574.2718380626611,1034.16784702946,-1.2,0.0,-0.9192533317427645,-0.771345131623858,0.0,0.0,,
100.80000000000001,3.6502400913949735,-0.0955734319501184,9.115172517216994,-0.010362724674246242,-0.009196699841731019,-0.013305334321259962,33.139999999999596,0.6981317007977437,1576.8059130804988,1036.294188442303,-1.2,0.0,-0.9192533317427645,-0.771345131623858,0.0,0.0,,
100.9,3.966004089187877,-0.1438364959964774,9.126886935853529,-0.005518804275585133,-0.012881813795199542,-0.0003878740719123709,33.0199999999996,0.6981317007977437,1579.3307955650191,1038.4128164038298,-1.2,0.0,-0.9192533317427645,-0.771345131623858,0.0,0.0,,
101.0,3.734856909850435,-0.1306011468213923,9.394276836179928,0.010417618933290396,0.007757201881461824,0.007572022545706544,32.8999999999996,0.6981317007977437,1581.846485516222,1040.5237309140405,-1.2,0.0,-0.9192533317427645,-0.771345131623858,0.0,0.0,1582.8820469009993,1038.7250867670825
101.10000000000001,4.023609498918837,0.05895022275844744,9.107589532757217,0.004443152744466561,0.006183107240404805,0.019626220131658812,32.7799999999996,0.6981317007977437,1584.3529829341073,1042.626931972935,-1.2,0.0,-0.9192533317427645,-0.771345131623858,0.0,0.0,,
101.2,4.001353439186859,0.08344363644557885,9.177761559834703,0.0010768349650622058,0.014310704414604915,-0.011705945595966438,32.659999999999606,0.6981317007977437,1586.8502878186753,1044.7224195805131,-1.2,0.0,-0.9192533317427645,-0.771345131623858,0.0,0.0,,
101.30000000000001,3.896130651217574,-0.02990638322787179,9.341131375326293,0.00026312276724563906,-0.02115542657295634,0.0021663266381639723,32.53999999999961,0.6981317007977437,1589.3384001699258,1046.810193736775,-1.2,0.0,-0.9192533317427645,-0.771345131623858,0.0,0.0,,
101.4,4.041664645043943,-0.14526978644325111,9.171686053465692,-0.007342404344339487,0.017286804171040667,0.018534178033802914,32.41999999999961,0.6981317007977437,1591.8173199878588,1048.8902544417208,-1.2,0.0,-0.9192533317427645,-0.771345131623858,0.0,0.0,,
101.5,3.6889782013438435,0.0812944530936502,8.935430560772408,0.005904286463895719,-0.006055284993740385,-0.007871556117725137,32.29999999999961,0.6981317007977437,1594.2870472724744,1050.9626016953503,-1.2,0.0,-0.9192533317427645,-0.771345131623858,0.0,0.0,,
101.60000000000001,4.13106241685361,0.06364346438002691,8.960361164834438,0.002670088161591887,-0.005552410304397743,-0.008485357151759597,32.179999999999616,0.6981317007977437,1596.7475820237726,1053.0272354976635,-1.2,0.0,-0.9192533317427645,-0.771345131623858,0.0,0.0,,
101.7,3.8010638772057947,0.08368211887509283,9.069843880565706,-0.00035287309695695003,-0.002663271987768935,0.0016508923474133795,32.05999999999962,0.6981317007977437,1599.1989242417533,1055.0841558486604,-1.2,0.0,-0.9192533317427645,-0.771345131623858,0.0,0.0,,
101.80000000000001,3.946896817027511,0.1435488673892929,9.328676736625196,-0.0009239940820097267,-0.015694250256547266,-0.0009577141005887371,31.939999999999618,0.6981317007977437,1601.6410739264165,1057.1333627483411,-1.2,0.0,-0.9192533317427645,-0.771345131623858,0.0,0.0,,
101.9,4.1492425583980435,0.004932225793730349,9.095451077871207,0.014128304586138257,-0.0010362415522318779,0.0014438414162488474,31.819999999999617,0.6981317007977437,1604.0740310777624,1059.1748561967056,-1.2,0.0,-0.9192533317427645,-0.771345131623858,0.0,0.0,,
102.0,4.097503498729641,-0.229952880390089,9.066537716716855,-0.001613392601923741,0.008946371273312811,0.015461453540041942,31.699999999999616,0.6981317007977437,1606.497795695791,1061.2086361937538,-1.2,0.0,-0.9192533317427645,-0.771345131623858,0.0,0.0,1605.661210627471,1058.3784138883937
102.10000000000001,3.723087539162961,0.21037787773002212,8.984295584832743,0.009135868953886881,-0.010032263884713786,0.0024812709703788964,31.579999999999615,0.6981317007977437,1608.912367780502,1063.2347027394858,-1.2,0.0,-0.9192533317427645,-0.771345131623858,0.0,0.0,,
102.2,3.947848373439753,0.006507532584356846,8.901880895963616,-0.001242512242043538,-0.006850832275356911,0.02120719016342878,31.459999999999614,0.6981317007977437,1611.3177473318958,1065.2530558339015,-1.2,0.0,-0.9192533317427645,-0.771345131623858,0.0,0.0,,
102.30000000000001,4.012151129683363,0.26944283201860125,9.167253234535544,0.007498803939470548,0.005050910804722555,-0.015287363878066482,31.339999999999613,0.6981317007977437,1613.713934349972,1067.263695477001,-1.2,0.0,-0.9192533317427645,-0.771345131623858,0.0,0.0,,
102.4,3.8067323282884398,-0.1417029357217059,8.83873379725499,-0.005206531183039842,-0.0034261693376554042,-0.0024365097625140796,31.21999999999961,0.6981317007977437,1616.100928834731,1069.2666216687842,-1.2,0.0,-0.9192533317427645,-0.771345131623858,0.0,0.0,,
102.5,4.053866335369824,0.2495444919095778,9.115338390812008,1.61223963871078e-05,-0.003860163581135726,0.016861496814869443,31.09999999999961,0.6981317007977437,1618.4787307861723,1071.2618344092512,-1.2,0.0,-0.9192533317427645,-0.771345131623858,0.0,0.0,,
102.60000000000001,3.9425881403218868,-0.09678504392510216,9.103087424267365,-0.008533305318130149,-0.005108109891944508,0.009665947283531316,30.97999999999961,0.6981317007977437,1620.8473402042962,1073.2493336984019,-1.2,0.0,-0.9192533317427645,-0.771345131623858,0.0,0.0,,
102.7,3.969848969350665,-0.02756542031568365,9.029004896766493,0.005131934526280169,0.009626111300873234,-0.012806035108755172,30.85999999999961,0.6981317007977437,1623.2067570891027,1075.2291195362363,-1.2,0.0,-0.9192533317427645,-0.771345131623858,0.0,0.0,,
102.80000000000001,3.805176319691558,0.1465160375183044,8.985699384317678,0.02285961004176687,0.009095291395259778,-0.0003959943675222073,30.739999999999608,0.6981317007977437,1625.5569814405917,1077.2011919227546,-1.2,0.0,-0.9192533317427645,-0.771345131623858,0.0,0.0,,
102.9,3.9182488319192275,-0.4066343315399473,9.056291515725034,0.00910332993791189,0.01030645541802363,-0.005264193310665829,30.619999999999607,0.6981317007977437,1627.8980132587633,1079.1655508579565,-1.2,0.0,-0.9192533317427645,-0.771345131623858,0.0,0.0,,
103.0,3.759876080314152,0.23989335217886068,8.983329618226339,0.0025482673029016277,0.004080752256952074,0.011665898567667813,30.499999999999606,0.6981317007977437,1630.2298525436174,1081.1221963418423,-1.2,0.0,-0.9192533317427645,-0.771345131623858,0.0,0.0,1627.6728175114513,1084.7929048150745
103.10000000000001,3.938245008253923,-0.1330476772086066,8.813533225823797,-0.0009765281118013268,-0.01249614574774529,0.022529098088963046,30.379999999999605,0.6981317007977437,1632.5524992951541,1083.0711283744117,-1.2,0.0,-0.9192533317427645,-0.771345131623858,0.0,0.0,,
103.2,3.815938975830034,-0.26924587805550065,8.910370494748292,-0.007450067304951258,0.004350470862704685,0.006236370021499283,30.259999999999604,0.6981317007977437,1634.8659535133736,1085.0123469556652,-1.2,0.0,-0.9192533317427645,-0.771345131623858,0.0,0.0,,
103.30000000000001,3.7774544852815968,0.08930399391395547,8.787308202575815,-0.0004697201839428353,0.010260227976241862,0.005095607277581033,30.139999999999603,0.6981317007977437,1637.1702151982756,1086.9458520856024,-1.2,0.0,-0.9192533317427645,-0.771345131623858,0.0,0.0,,
103.4,3.6020400062729494,-0.05078241295883014,8.984586126292756,-0.021877037022908847,-0.002461302600894471,-0.00010525796905920797,30.0199999999996,0.6981317007977437,1639.4652843498602,1088.8716437642233,-1.2,0.0,-0.9192533317427645,-0.771345131623858,0.0,0.0,,
103.5,3.994108950434601,-0.2844557757600085,9.059565988139239,0.006456344719982325,0.01300822252514714,0.01698121531588645,29.8999999999996,0.6981317007977437,1641.7511609681274,1090.789721991528,-1.2,0.0,-0.9192533317427645,-0.771345131623858,0.0,0.0,,
103.60000000000001,3.877861123866608,0.06779045365151849,8.98353481604931,-0.00462358147278351,0.006574113312950969,0.011179928936447401,29.7799999999996,0.6981317007977437,1644.027845053077,1092.7000867675165,-1.2,0.0,-0.9192533317427645,-0.771345131623858,0.0,0.0,,
103.7,3.708033237216804,0.06975518227178162,8.820739740414977,0.00147130089876249,-0.002440371961293912,0.0029828869541423985,29.6599999999996,0.6981317007977437,1646.2953366047093,1094.6027380921887,-1.2,0.0,-0.9192533317427645,-0.771345131623858,0.0,0.0,,
103.80000000000001,4.057521971307642,-0.026671624516167964,9.21433646676273,0.007878776724468026,-0.007316584751829617,0.00026665141686144176,29.539999999999598,0.6981317007977437,1648.553635623024,1096.4976759655447,-1.2,0.0,-0.9192533317427645,-0.771345131623858,0.0,0.0,,
103.9,3.7217214210031857,-0.10045312718011319,9.002503681327124,0.014476878814066134,-0.029124847280761257,0.01329851341511444,29.419999999999597,0.6981317007977437,1650.8027421080214,1098.3849003875844,-1.2,0.0,-0.9192533317427645,-0.771345131623858,0.0,0.0,,
104.0,3.8971876501657325,0.12871378642965572,8.828163625608166,-0.00319069341833863,-0.0032830449656162082,-0.009901588756421342,29.299999999999596,0.6981317007977437,1653.0426560597014,1100.2644113583078,-1.2,0.0,-0.9192533317427645,-0.771345131623858,0.0,0.0,1659.6966018330843,1102.7502599420093
104.10000000000001,3.952658117172982,0.2460272210592914,8.913568324947136,0.005344485169557139,-0.0167215205095636,0.008486689784809404,29.179999999999595,0.6981317007977437,1655.2733774780638,1102.136208877715,-1.2,0.0,-0.9192533317427645,-0.771345131623858,0.0,0.0,,
104.2,3.8412982271075475,0.04373074736429121,9.261773341855852,0.004673196137897932,0.007696864489461045,0.008633298056000679,29.059999999999594,0.6981317007977437,1657.4949063631088,1104.000292945806,-1.2,0.0,-0.9192533317427645,-0.771345131623858,0.0,0.0,,
104.30000000000001,4.069721692641305,0.0787697311831351,9.105349289619195,-0.017950999028044725,-0.013054022146939135,-0.00427900644124594,28.939999999999593,0.6981317007977437,1659.7072427148364,1105.8566635625807,-1.2,0.0,-0.9192533317427645,-0.771345131623858,0.0,0.0,,
104.4,3.898145499851773,0.14776380731325245,9.140164266717417,-0.002882291083937852,-0.013231848544427589,-0.002904523271692592,28.81999999999959,0.6981317007977437,1661.9103865332465,1107.7053207280392,-1.2,0.0,-0.9192533317427645,-0.771345131623858,0.0,0.0,,
104.5,3.967648993322495,-0.062242484627493475,8.956062561741144,-0.0035028183081091987,0.004069945198324467,-0.004695055131182599,28.69999999999959,0.6981317007977437,1664.1043378183394,1109.5462644421814,-1.2,0.0,-0.9192533317427645,-0.771345131623858,0.0,0.0,,
104.60000000000001,3.6887701092425518,0.06585397351320622,9.00087581712918,-0.01056250973530635,0.011949166882485101,0.014318330317055449,28.57999999999959,0.6981317007977437,1666.289096570115,1111.3794947050073,-1.2,0.0,-0.9192533317427645,-0.771345131623858,0.0,0.0,,
104.7,4.0550494377857556,-0.012005224846911109,9.02180237450021,-0.0012298344264808118,-0.002290179379883684,-0.014425945335055302,28.45999999999959,0.6981317007977437,1668.464662788573,1113.205011516517,-1.2,0.0,-0.9192533317427645,-0.771345131623858,0.0,0.0,,
104.80000000000001,4.0750109768527585,0.3253799495912525,9.0793416299284,0.0012490617798561123,0.016879287780480395,-0.001933635343009629,28.339999999999588,0.6981317007977437,1670.6310364737135,1115.0228148767105,-1.2,0.0,-0.9192533317427645,-0.771345131623858,0.0,0.0,,
104.9,3.9340024917870875,0.05232514661021477,8.841631167232123,-0.0025735851010413634,0.006527945640054005,0.01567292117373568,28.219999999999587,0.6981317007977437,1672.7882176255366,1116.8329047855877,-1.2,0.0,-0.9192533317427645,-0.771345131623858,0.0,0.0,,
105.0,3.6435074990772094,-0.0076929487943438145,8.914530439269335,-0.006999256027697218,-0.013745463909747265,0.003851563396137657,28.099999999999586,0.6981317007977437,1674.9362062440423,1118.6352812431487,-1.2,0.0,-0.9192533317427645,-0.771345131623858,0.0,0.0,1675.9162117985372,1125.1894484263232
105.10000000000001,3.76439706799703,-0.21320692074494849,8.8540042465465,-0.02249162020412654,-0.016296912912550893,0.003526000930333258,27.979999999999585,0.6981317007977437,1677.0750023292305,1120.4299442493934,-1.2,0.0,-0.9192533317427645,-0.771345131623858,0.0,0.0,,
105.2,3.8503163578260224,-0.013621697850152627,8.952735647812304,0.011955946460623602,0.009215704817495918,-0.009409388271049111,27.859999999999584,0.6981317007977437,1679.2046058811013,1122.216893804322,-1.2,0.0,-0.9192533317427645,-0.771345131623858,0.0,0.0,,
105.30000000000001,4.015343206366138,0.022177166903698087,9.286115647751101,0.01967994088351124,-0.002743544391330229,0.010090063021354099,27.739999999999583,0.6981317007977437,1681.3250168996547,1123.9961299079343,-1.2,0.0,-0.9192533317427645,-0.771345131623858,0.0,0.0,,
105.4,3.8401318554983614,0.05337280153435574,9.042390268668678,-0.006660641778264281,0.008169109036312376,0.013054993616709233,27.61999999999958,0.6981317007977437,1683.4362353848906,1125.7676525602305,-1.2,0.0,-0.9192533317427645,-0.771345131623858,0.0,0.0,,
105.5,4.019685267231029,0.09640028561153861,9.004371947060683,-0.008315745259834452,-0.0002680205492376522,0.007362391459566813,27.49999999999958,0.6981317007977437,1685.538261336809,1127.5314617612105,-1.2,0.0,-0.9192533317427645,-0.771345131623858,0.0,0.0,,
105.60000000000001,4.054223480302798,-0.2805998430533731,9.098987416737454,0.009564958306952025,-0.0005428074375228167,0.0029221814125828093,27.37999999999958,0.6981317007977437,1687.63109475541,1129.2875575108742,-1.2,0.0,-0.9192533317427645,-0.771345131623858,0.0,0.0,,
105.7,3.950672709394363,-0.4305145686941504,9.152410344859803,-0.005686776163671553,-0.008917342052101259,-0.016501653284621737,27.25999999999958,0.6981317007977437,1689.7147356406938,1131.0359398092216,-1.2,0.0,-0.9192533317427645,-0.771345131623858,0.0,0.0,,
105.80000000000001,3.7434617994942756,-0.20113586632063843,9.03056433149817,0.019159847259866757,-0.006269283060197853,-0.006014895204338222,27.139999999999578,0.6981317007977437,1691.7891839926601,1132.7766086562528,-1.2,0.0,-0.9192533317427645,-0.771345131623858,0.0,0.0,,
105.9,3.832493904454004,0.1493993455943005,8.94955990000284,0.010948953104092078,-0.00888637138350314,0.012045778792368265,27.019999999999577,0.6981317007977437,1693.854439811309,1134.5095640519678,-1.2,0.0,-0.9192533317427645,-0.771345131623858,0.0,0.0,,
106.0,4.1061548653222815,0.014265317937974208,8.951988796906091,-0.015152256825113248,-0.0014859522297047153,0.010418324152313148,26.899999999999576,0.6981317007977437,1695.9105030966405,1136.2348059963665,-1.2,0.0,-0.9192533317427645,-0.771345131623858,0.0,0.0,1698.9113902178215,1135.6212071737948
106.10000000000001,3.7883083455404445,-0.08931902417338332,9.06163287190439,-0.012968312343424262,0.01263367550751203,-0.006838527991783199,26.779999999999575,0.6981317007977437,1697.9573738486545,1137.952334489449,-1.2,0.0,-0.9192533317427645,-0.771345131623858,0.0,0.0,,
106.2,3.9652472527565275,0.022191089843979536,9.094282462140988,0.012041222135109124,-0.0015244372134949888,0.009025192632788264,26.659999999999574,0.6981317007977437,1699.995052067351,1139.6621495312152,-1.2,0.0,-0.9192533317427645,-0.771345131623858,0.0,0.0,,
106.30000000000001,3.94136584245906,-0.09043694398153615,9.203720112608458,0.0060101887925905996,-0.003492184338300004,-0.0027280740033952334,26.539999999999573,0.6981317007977437,1702.0235377527301,1141.3642511216651,-1.2,0.0,-0.9192533317427645,-0.771345131623858,0.0,0.0,,
106.4,4.226003446941601,0.21203406762553312,9.1322180675835,0.012433770614131326,0.003880851772930892,0.0033282157139004846,26.419999999999572,0.6981317007977437,1704.0428309047918,1143.0586392607988,-1.2,0.0,-0.9192533317427645,-0.771345131623858,0.0,0.0,,
106.5,3.9722610211231393,-0.05515793405878418,8.96242925534707,-0.004446416774413527,-0.01628307786797154,-0.0010434355030002462,26.29999999999957,0.6981317007977437,1706.052931523536,1144.7453139486163,-1.2,0.0,-0.9192533317427645,-0.771345131623858,0.0,0.0,,
106.60000000000001,3.6121516451533044,-0.2053728989013386,9.042490497599253,0.015833028674738573,0.01300990683099718,0.019073847312402126,26.17999999999957,0.6981317007977437,1708.0538396089628,1146.4242751851175,-1.2,0.0,-0.9192533317427645,-0.771345131623858,0.0,0.0,,
106.7,3.9924683019692044,-0.04092114437985074,9.034436285798025,0.006128309526659175,-0.0020350657572159943,-0.0005919424721129475,26.05999999999957,0.6981317007977437,1710.0455551610721,1148.0955229703025,-1.2,0.0,-0.9192533317427645,-0.771345131623858,0.0,0.0,,
106.80000000000001,3.948950343753453,-0.08778019930129098,8.976920556336319,0.019042790412671567,0.011616833212838145,-0.01189689602405683,25.939999999999568,0.6981317007977437,1712.028078179864,1149.7590573041712,-1.2,0.0,-0.9192533317427645,-0.771345131623858,0.0,0.0,,
106.9,4.1212574159032895,-0.23082791800438054,9.05413191225147,-0.008620419341031228,0.011120261688982114,0.006826840416616549,25.819999999999567,0.6981317007977437,1714.0014086653384,1151.4148781867236,-1.2,0.0,-0.9192533317427645,-0.771345131623858,0.0,0.0,,
107.0,4.00132289068281,0.06723671510388506,9.052474465377635,0.005433730637097025,-0.009458870196020633,0.010257169657131533,25.699999999999566,0.6981317007977437,1715.9655466174956,1153.0629856179598,-1.2,0.0,-0.9192533317427645,-0.771345131623858,0.0,0.0,1720.8827823200108,1147.7988066396122
107.10000000000001,4.001496263217226,0.008890880624484338,9.218811836291918,0.005252952521674779,0.014366653249211698,-0.002464733085604928,25.579999999999565,0.6981317007977437,1717.9204920363354,1154.7033795978798,-1.2,0.0,-0.9192533317427645,-0.771345131623858,0.0,0.0,,
107.2,4.021961486090078,0.07078831306787538,9.490353872850022,-0.001447849771556505,0.010581987079100543,0.017018352329506742,25.459999999999564,0.6981317007977437,1719.8662449218577,1156.3360601264835,-1.2,0.0,-0.9192533317427645,-0.771345131623858,0.0,0.0,,
107.30000000000001,3.634670416888677,0.1960625526645825,9.157539092640317,-0.003742817013289083,-0.007832122148810638,-0.0008053173752379317,25.339999999999563,0.6981317007977437,1721.8028052740626,1157.961027203771,-1.2,0.0,-0.9192533317427645,-0.771345131623858,0.0,0.0,,
107.4,3.6000426221612005,0.02027812081836112,9.054546949952432,-0.011569379688302135,0.003064898338926827,0.010250395504928525,25.219999999999562,0.6981317007977437,1723.73017309295,1159.5782808297422,-1.2,0.0,-0.9192533317427645,-0.771345131623858,0.0,0.0,,
107.5,4.0936517498813005,-0.1650336771980313,8.94930681781604,0.014726508533521821,0.006784629927916615,-0.02850818357227453,25.09999999999956,0.6981317007977437,1725.64834837852,1161.1878210043974,-1.2,0.0,-0.9192533317427645,-0.771345131623858,0.0,0.0,,
107.60000000000001,3.864912385593065,-0.11150562304354529,9.215989282782797,0.0057447493448745625,0.0057942382301504934,0.002229922086609344,24.97999999999956,0.6981317007977437,1727.5573311307726,1162.7896477277363,-1.2,0.0,-0.9192533317427645,-0.771345131623858,0.0,0.0,,
107.7,4.053710813285425,-0.23274825326073753,8.769727297561568,-0.005112328628707645,0.008155242798548996,0.002920701365169637,24.85999999999956,0.6981317007977437,1729.4571213497077,1164.383760999759,-1.2,0.0,-0.9192533317427645,-0.771345131623858,0.0,0.0,,
107.80000000000001,3.90742074514434,-0.03122945877348145,8.642358162135581,-0.01049796105217542,-0.013256299864932491,0.005511075124611815,24.739999999999558,0.6981317007977437,1731.3477190353253,1165.9701608204655,-1.2,0.0,-0.9192533317427645,-0.771345131623858,0.0,0.0,,
107.9,4.067199231224327,-0.132952583087633,8.829160088159243,0.00035846819846218356,-0.002053809333719751,-0.0006596194562446481,24.619999999999557,0.6981317007977437,1733.2291241876255,1167.5488471898557,-1.2,0.0,-0.9192533317427645,-0.771345131623858,0.0,0.0,,
108.0,3.9968463192046273,-0.09493169485927516,8.86842969604039,-0.006673085484321836,0.004638535823759694,0.007932925159395234,24.499999999999556,0.6981317007977437,1735.1013368066083,1169.1198201079296,-1.2,0.0,-0.9192533317427645,-0.771345131623858,0.0,0.0,1735.2940004393222,1166.3061713278894
108.10000000000001,3.8607961063413043,0.10980837507680644,9.157409880542609,0.019011843588095847,0.007808464617902044,0.005536595023287653,24.379999999999555,0.6981317007977437,1736.9643568922736,1170.6830795746873,-1.2,0.0,-0.9192533317427645,-0.771345131623858,0.0,0.0,,
108.2,4.299749647674903,-0.08406947193608319,9.162558262452478,0.01770638737977541,-0.013608302861139935,-0.0025893605476606145,24.259999999999554,0.6981317007977437,1738.8181844446215,1172.2386255901288,-1.2,0.0,-0.9192533317427645,-0.771345131623858,0.0,0.0,,
108.30000000000001,3.6786472406626354,0.341017232573271,9.366622959635214,-0.0012401031916099636,0.00417386238975871,0.030702983646820295,24.139999999999553,0.6981317007977437,1740.662819463652,1173.786458154254,-1.2,0.0,-0.9192533317427645,-0.771345131623858,0.0,0.0,,
108.4,4.02369508296042,-0.08612513519115143,9.006461189303554,-0.00022039869647785232,-0.004577601049628845,0.004352050457647955,24.019999999999552,0.6981317007977437,1742.4982619493653,1175.326577267063,-1.2,0.0,-0.9192533317427645,-0.771345131623858,0.0,0.0,,
108.5,4.137516207377578,-0.11932576692213744,9.149017690233244,0.0159223642571354,0.0009199810008056293,0.0032109501675129095,23.89999999999955,0.6981317007977437,1744.324511901761,1176.8589829285556,-1.2,0.0,-0.9192533317427645,-0.771345131623858,0.0,0.0,,
108.60000000000001,3.6845495414224794,0.16693055697200973,9.045501886932033,-0.007179672359648792,0.0008107118214238472,0.007750047259523801,23.77999999999955,0.6981317007977437,1746.1415693208394,1178.383675138732,-1.2,0.0,-0.9192533317427645,-0.771345131623858,0.0,0.0,,
108.7,3.9793155544351255,0.13814540424262414,9.083452523783226,0.0021163399605137333,0.020692326808642005,-0.004626506167537874,23.65999999999955,0.6981317007977437,1747.9494342066002,1179.9006538975923,-1.2,0.0,-0.9192533317427645,-0.771345131623858,0.0,0.0,,
108.80000000000001,3.9811437401345975,0.12323444083341265,9.05947718167048,0.008472238338134944,-0.019047190627945722,0.0009909509251360164,23.539999999999548,0.6981317007977437,1749.7481065590437,1181.4099192051362,-1.2,0.0,-0.9192533317427645,-0.771345131623858,0.0,0.0,,
108.9,3.9857892177421275,-0.11383462970531023,9.200362785916173,-0.030438560214147082,-0.004315208501113428,0.0031381529464113945,23.419999999999547,0.6981317007977437,1751.5375863781696,1182.911471061364,-1.2,0.0,-0.9192533317427645,-0.771345131623858,0.0,0.0,,
109.0,4.079599420244146,0.047073359806630924,8.871547516635603,-0.011480529905663115,0.005584413008952381,0.0035500600300125288,23.299999999999546,0.6981317007977437,1753.3178736639782,1184.4053094662754,-1.2,0.0,-0.9192533317427645,-0.771345131623858,0.0,0.0,1756.1651420920568,1181.3835318094018
109.10000000000001,3.7946868170894916,-0.4806887099553685,9.101904783594604,-0.009778483995700967,-0.0043947576344071405,0.01546793493584081,23.179999999999545,0.6981317007977437,1755.0889684164692,1185.8914344198706,-1.2,0.0,-0.9192533317427645,-0.771345131623858,0.0,0.0,,
109.2,3.9744985199191682,0.14370616378685652,9.168628114929064,0.004050054771999675,-0.007771054173367783,0.003902374574101442,23.059999999999544,0.6981317007977437,1756.8508706356429,1187.3698459221496,-1.2,0.0,-0.9192533317427645,-0.771345131623858,0.0,0.0,,
109.30000000000001,4.040045935842974,0.01792724692481246,9.049174454813336,0.010334245067275953,0.0016086368301647092,-0.005180311141814717,22.939999999999543,0.6981317007977437,1758.603580321499,1188.8405439731123,-1.2,0.0,-0.9192533317427645,-0.771345131623858,0.0,0.0,,
109.4,4.116785261559545,-0.2592308635225896,9.06714377011228,0.0016777774899623618,-0.004194332841276525,0.010342417425126801,22.819999999999542,0.6981317007977437,1760.3470974740378,1190.3035285727588,-1.2,0.0,-0.9192533317427645,-0.771345131623858,0.0,0.0,,
109.5,3.920277092601712,-0.08801777532167236,9.024575288222987,-0.003207376152887075,0.004698981022467361,0.0063359078748443706,22.69999999999954,0.6981317007977437,1762.0814220932593,1191.758799721089,-1.2,0.0,-0.9192533317427645,-0.771345131623858,0.0,0.0,,
109.60000000000001,3.910739568234648,-0.21105905450434917,9.093985779317972,0.005219032466084314,-0.014263185800984879,-0.0027984062717263123,22.57999999999954,0.6981317007977437,1763.8065541791634,1193.206357418103,-1.2,0.0,-0.9192533317427645,-0.771345131623858,0.0,0.0,,
109.7,3.868514712234092,-0.012794119863822933,9.00614433690615,-0.006626536749919273,0.01813171834192067,0.00811395198843843,22.45999999999954,0.6981317007977437,1765.52249373175,1194.6462016638009,-1.2,0.0,-0.9192533317427645,-0.771345131623858,0.0,0.0,,
109.80000000000001,3.9550763871444117,-0.19224906105469847,8.883629672135966,-0.010937673847237097,-0.0012682415920348379,0.011433873481202585,22.339999999999538,0.6981317007977437,1767.2292407510192,1196.0783324581826,-1.2,0.0,-0.9192533317427645,-0.771345131623858,0.0,0.0,,
109.9,3.900978006410459,0.003346346430828224,8.848366515147761,0.014947903876788085,-0.003458429421210232,-0.019306188644257163,22.219999999999537,0.6981317007977437,1768.926795236971,1197.502749801248,-1.2,0.0,-0.9192533317427645,-0.771345131623858,0.0,0.0,,
110.0,3.7942128845911594,-0.11541761962810367,9.15427953655533,0.015569598659640584,0.0017797616366860627,0.007440977963563585,22.099999999999536,0.6981317007977437,1770.6151571896053,1198.9194536929972,-1.2,0.0,-0.9192533317427645,-0.771345131623858,0.0,0.0,1765.466162478439,1190.274570355392
110.10000000000001,3.653660754730252,-0.3233643943859078,9.334975229240792,0.013589933592931733,-0.0015485381500327151,0.009789041736592273,21.979999999999535,0.6981317007977437,1772.2943266089221,1200.3284441334301,-1.2,0.0,-0.9192533317427645,-0.771345131623858,0.0,0.0,,
110.2,3.8859817410732314,0.12215942997197052,8.948882022333024,0.0067809696144353546,-0.0041814416373917975,0.010690485103780902,21.859999999999534,0.6981317007977437,1773.9643034949215,1201.7297211225468,-1.2,0.0,-0.9192533317427645,-0.771345131623858,0.0,0.0,,
110.30000000000001,3.721145051575914,0.09912521095687475,9.241694144852557,0.004628239935866323,0.01639266635694551,0.0013893095908782782,21.739999999999533,0.6981317007977437,1775.6250878476035,1203.1232846603473,-1.2,0.0,-0.9192533317427645,-0.771345131623858,0.0,0.0,,
110.4,4.115960535147993,0.07340437332798845,9.233493411535026,-0.0023597582729146713,0.004018368359454751,0.010739667086251868,21.619999999999532,0.6981317007977437,1777.276679666968,1204.5091347468315,-1.2,0.0,-0.9192533317427645,-0.771345131623858,0.0,0.0,,
110.5,3.882095657339278,0.009722946910749947,8.890202550151727,-0.010945849857817687,-0.0025971704374398484,0.0010414677852873281,21.49999999999953,0.6981317007977437,1778.919078953015,1205.8872713819994,-1.2,0.0,-0.9192533317427645,-0.771345131623858,0.0,0.0,,
110.60000000000001,3.73377352413671,-0.15760207967491813,9.113664790800561,-0.008124650510626174,0.0008625785425815744,0.0068531041312567525,21.37999999999953,0.6981317007977437,1780.5522857057447,1207.2576945658511,-1.2,0.0,-0.9192533317427645,-0.771345131623858,0.0,0.0,,
110.7,3.916131179479734,-0.19326185311981087,8.862245164964028,-0.014784587477296766,0.005671429019601894,-0.0061263455672586195,21.25999999999953,0.6981317007977437,1782.1762999251569,1208.6204042983866,-1.2,0.0,-0.9192533317427645,-0.771345131623858,0.0,0.0,,
110.80000000000001,4.03525282103353,0.03028841616892968,9.06963837276176,0.0004671031082331154,-0.006407993252376345,-0.004291278820780709,21.139999999999528,0.6981317007977437,1783.7911216112518,1209.9754005796058,-1.2,0.0,-0.9192533317427645,-0.771345131623858,0.0,0.0,,
110.9,3.8325477823487604,-0.07568786991109144,9.043251048454172,0.011116227718231229,0.0038320240954183627,0.007217360189801345,21.019999999999527,0.6981317007977437,1785.3967507640293,1211.3226834095087,-1.2,0.0,-0.9192533317427645,-0.771345131623858,0.0,0.0,,
111.0,3.797678672344595,-0.09749819811412845,9.074682215480811,0.0024981714863978625,-0.005985263602682971,-0.00919524386433123,20.899999999999526,0.6981317007977437,1786.9931873834894,1212.6622527880954,-1.2,0.0,-0.9192533317427645,-0.771345131623858,0.0,0.0,1789.5207600536485,1217.2838010971145
111.10000000000001,4.183660267775508,0.004378183241533721,9.093392631837904,0.012233509682320383,-0.009372818692412396,0.009455762438542164,20.779999999999525,0.6981317007977437,1788.580431469632,1213.9941087153659,-1.2,0.0,-0.9192533317427645,-0.771345131623858,0.0,0.0,,
111.2,4.099855067638877,0.11771528700440169,9.156985220819392,0.00939074678136289,-0.005292227106819388,-0.0018480464174579795,20.659999999999524,0.6981317007977437,1790.1584830224572,1215.31825119132,-1.2,0.0,-0.9192533317427645,-0.771345131623858,0.0,0.0,,
111.30000000000001,3.917773977381927,-0.10136314166877831,9.273624947037321,-0.0001630840759666977,-0.009368869306168034,0.008731757290152208,20.539999999999523,0.6981317007977437,1791.727342041965,1216.634680215958,-1.2,0.0,-0.9192533317427645,-0.771345131623858,0.0,0.0,,
111.4,4.302565966073604,0.08445661924861597,9.125349943694204,-0.006066686377985737,-0.0009098585381479195,0.0010432871473007779,20.419999999999522,0.6981317007977437,1793.2870085281552,1217.9433957892797,-1.2,0.0,-0.9192533317427645,-0.771345131623858,0.0,0.0,,
111.5,3.969212870405542,0.17481486307659774,9.070136017276509,0.005081742068162583,0.008185457514444737,-0.0011895295631927675,20.29999999999952,0.6981317007977437,1794.837482481028,1219.2443979112852,-1.2,0.0,-0.9192533317427645,-0.771345131623858,0.0,0.0,,
111.60000000000001,3.917854042304546,-0.12737073057818538,9.375873773590783,-0.006286156449659528,0.010660408993549067,-0.0023105300860773855,20.17999999999952,0.6981317007977437,1796.3787639005834,1220.5376865819744,-1.2,0.0,-0.9192533317427645,-0.771345131623858,0.0,0.0,,
111.7,3.720112514688044,-0.04441089537282755,8.96671486429313,-0.009463767473978719,0.009766002093984124,-0.0003996381845493731,20.05999999999952,0.6981317007977437,1797.9108527868214,1221.8232618013474,-1.2,0.0,-0.9192533317427645,-0.771345131623858,0.0,0.0,,
111.80000000000001,4.089992200811724,0.1068003805656466,8.776715487605042,-0.020141055810218262,0.003996932579491625,0.00907145558677724,19.939999999999518,0.6981317007977437,1799.4337491397418,1223.101123569404,-1.2,0.0,-0.9192533317427645,-0.771345131623858,0.0,0.0,,
111.9,4.101171520912212,-0.18104845326883728,8.918330487826445,0.008722198592330577,0.006903206815142855,0.006069982730954818,19.819999999999517,0.6981317007977437,1800.947452959345,1224.3712718861448,-1.2,0.0,-0.9192533317427645,-0.771345131623858,0.0,0.0,,
112.0,3.882656212050748,0.005843158416708951,8.907490419194822,-0.0007071252977737367,-0.0009421684260083981,0.0005077368425832288,19.699999999999516,0.6981317007977437,1802.4519642456307,1225.6337067515692,-1.2,0.0,-0.9192533317427645,-0.771345131623858,0.0,0.0,1809.3079507004538,1225.6948323670183
112.10000000000001,3.8932306709555125,0.05406247172811196,9.135901500757594,-0.00927859970894781,-0.007054348269982826,0.00477394048171812,19.579999999999515,0.6981317007977437,1803.9472829985991,1226.8884281656774,-1.2,0.0,-0.9192533317427645,-0.771345131623858,0.0,0.0,,
112.2,3.92906753567515,-0.025228847812090418,9.160655472564434,0.010666842917642994,0.002495606732163479,0.014177268956926885,19.459999999999514,0.6981317007977437,1805.43340921825,1228.1354361284693,-1.2,0.0,-0.9192533317427645,-0.771345131623858,0.0,0.0,,
112.30000000000001,3.8107465126185627,-0.12045593229946457,9.323211421136305,-0.011116300312379493,0.0015249570163025337,-0.0026321260064231904,19.339999999999513,0.6981317007977437,1806.9103429045836,1229.374730639945,-1.2,0.0,-0.9192533317427645,-0.771345131623858,0.0,0.0,,
112.4,3.9611819458725703,-0.10412014393586262,8.947392899784646,-5.533520827387286e-05,0.012348068221495723,0.01434808195593142,19.219999999999512,0.6981317007977437,1808.3780840575996,1230.6063117001045,-1.2,0.0,-0.9192533317427645,-0.771345131623858,0.0,0.0,,
112.5,3.9543675772496103,0.02201410415193099,9.260321266768218,-0.002516383215082844,0.009227693187946149,-0.009160714846413679,19.09999999999951,0.6981317007977437,1809.8366326772982,1231.8301793089477,-1.2,0.0,-0.9192533317427645,-0.771345131623858,0.0,0.0,,
112.60000000000001,3.8215885888676824,-0.0453870353106965,8.858034035802438,0.00959883122515219,-0.0037392668575482904,6.828270450706143e-05,18.97999999999951,0.6981317007977437,1811.2859887636794,1233.0463334664746,-1.2,0.0,-0.9192533317427645,-0.771345131623858,0.0,0.0,,
112.7,3.78282049094049,0.09110331202424261,9.017931053018138,-0.005803826918489122,-0.005400345779570801,0.016149540234028495,18.85999999999951,0.6981317007977437,1812.726152316743,1234.2547741726853,-1.2,0.0,-0.9192533317427645,-0.771345131623858,0.0,0.0,,
112.80000000000001,4.115300245454232,0.11615980967683981,9.065553795569752,0.008094509163575365,-0.00023290037880280474,0.0158503995913853,18.739999999999508,0.6981317007977437,1814.1571233364893,1235.4555014275797,-1.2,0.0,-0.9192533317427645,-0.771345131623858,0.0,0.0,,
112.9,4.074228298963952,0.09649820218424851,8.655360367407653,-0.0017656680858030593,-0.013552061286197396,-0.005484058171058045,18.619999999999507,0.6981317007977437,1815.5789018229182,1236.648515231158,-1.2,0.0,-0.9192533317427645,-0.771345131623858,0.0,0.0,,
113.0,3.8097874738786444,-0.40504992671310375,9.149858493961878,0.0013360954643667055,0.010963294452889802,0.008093625934925625,18.499999999999506,0.6981317007977437,1816.9914877760295,1237.83381558342,-1.2,0.0,-0.9192533317427645,-0.771345131623858,0.0,0.0,1805.1246234784367,1235.0706098480107
113.10000000000001,3.8254773327365146,-0.049805095078559236,9.062190319042971,0.005406453675473313,-0.014168070909603973,0.009326744059731887,18.379999999999505,0.6981317007977437,1818.3948811958235,1239.0114024843656,-1.2,0.0,-0.9192533317427645,-0.771345131623858,0.0,0.0,,
113.2,3.8502936886008063,-0.019904106607752454,8.991695462834597,-0.0028056831415497656,-0.005872237747222624,0.009543202172386293,18.259999999999504,0.6981317007977437,1819.7890820823,1240.181275933995,-1.2,0.0,-0.9192533317427645,-0.771345131623858,0.0,0.0,,
113.30000000000001,3.6715297959115025,0.12534147139101143,9.299593887866823,0.007192673445829554,-0.011176421889617776,-0.004318534834395164,18.139999999999503,0.6981317007977437,1821.1740904354592,1241.3434359323082,-1.2,0.0,-0.9192533317427645,-0.771345131623858,0.0,0.0,,
113.4,3.9442550641602816,0.06301167632545923,9.201623463284257,0.0013063430287970875,0.006988982235950252,0.0035173434822463392,18.019999999999502,0.6981317007977437,1822.549906255301,1242.4978824793052,-1.2,0.0,-0.9192533317427645,-0.771345131623858,0.0,0.0,,
113.5,3.8796268335707476,-0.30358538309949107,9.427153900078771,0.0021208462531192907,-0.012978783133482835,0.00025185809341109113,17.8999999999995,0.6981317007977437,1823.9165295418254,1243.644615574986,-1.2,0.0,-0.9192533317427645,-0.771345131623858,0.0,0.0,,
113.60000000000001,4.020868549270178,0.1537019312397906,9.029326326743561,0.016452210105736036,0.005191884250387445,0.002771406944998527,17.7799999999995,0.6981317007977437,1825.2739602950323,1244.7836352193503,-1.2,0.0,-0.9192533317427645,-0.771345131623858,0.0,0.0,,
113.7,3.9527106091268216,0.37576756855732535,9.057049025979993,0.009555546303467504,-0.0008308622733294117,0.01929139507892829,17.6599999999995,0.6981317007977437,1826.6221985149218,1245.9149414123985,-1.2,0.0,-0.9192533317427645,-0.771345131623858,0.0,0.0,,
113.80000000000001,3.8101495727019747,0.08765176915504568,9.1337844551905,0.014913664411913247,0.011208343366123249,0.013145533368803614,17.539999999999498,0.6981317007977437,1827.9612442014939,1247.0385341541305,-1.2,0.0,-0.9192533317427645,-0.771345131623858,0.0,0.0,,
113.9,3.663670989278607,0.11629321176788168,9.012362717160547,0.00011408303453351857,0.003392049243979055,0.012511651883364672,17.419999999999497,0.6981317007977437,1829.2910973547484,1248.1544134445462,-1.2,0.0,-0.9192533317427645,-0.771345131623858,0.0,0.0,,
114.0,4.13143113719918,0.005011335770283024,8.880571271607666,-0.0012962445340339713,-0.011353815900457339,-0.0019244752924844847,17.299999999999496,0.6981317007977437,1830.6117579746856,1249.262579283646,-1.2,0.0,-0.9192533317427645,-0.771345131623858,0.0,0.0,1826.8974729985378,1252.676883738799
114.10000000000001,3.8468940144883375,-0.01825352036053419,8.992582538286667,0.009735862128635524,0.0036860841090437914,0.004185538337352416,17.179999999999495,0.6981317007977437,1831.9232260613053,1250.3630316714293,-1.2,0.0,-0.9192533317427645,-0.771345131623858,0.0,0.0,,
114.2,3.920758500267929,-0.07935549860392227,9.077936867792404,-0.00024967111301888193,-0.0046351974666675975,0.01633614955936626,17.059999999999494,0.6981317007977437,1833.2255016146075,1251.4557706078965,-1.2,0.0,-0.9192533317427645,-0.771345131623858,0.0,0.0,,
114.30000000000001,4.046458942881815,-0.07343371652676876,9.018779053961138,0.003329388823099232,0.009012231421857432,0.016958999869095732,16.939999999999493,0.6981317007977437,1834.5185846345923,1252.5407960930474,-1.2,0.0,-0.9192533317427645,-0.771345131623858,0.0,0.0,,
114.4,3.885422303030759,0.018153556875852368,8.87775760320276,-0.0012324564951064609,0.008862958217431221,-0.0007049111537809471,16.819999999999492,0.6981317007977437,1835.8024751212597,1253.6181081268821,-1.2,0.0,-0.9192533317427645,-0.771345131623858,0.0,0.0,,
114.5,3.8877073419815176,0.0895794740868261,8.790427144713561,0.009828918834666857,0.021005986655696484,-0.006999712817284201,16.69999999999949,0.6981317007977437,1837.0771730746098,1254.6877067094006,-1.2,0.0,-0.9192533317427645,-0.771345131623858,0.0,0.0,,
114.60000000000001,4.059741699870665,0.04861708864126742,9.46247801110747,-0.007412389417870582,0.007546322829986525,0.0042322234338321805,16.57999999999949,0.6981317007977437,1838.3426784946425,1255.7495918406028,-1.2,0.0,-0.9192533317427645,-0.771345131623858,0.0,0.0,,
114.7,4.2261019927807055,0.17630150639009132,9.204126635615278,0.006581252388241071,-0.01031244001087473,0.01692132019881282,16.45999999999949,0.6981317007977437,1839.5989913813578,1256.8037635204887,-1.2,0.0,-0.9192533317427645,-0.771345131623858,0.0,0.0,,
114.80000000000001,3.6097877256412936,0.0001573495730737319,9.200306738883947,0.003966232145581066,0.02134162512361518,0.02344434490794806,16.33999999999949,0.6981317007977437,1840.8461117347556,1257.8502217490584,-1.2,0.0,-0.9192533317427645,-0.771345131623858,0.0,0.0,,
114.9,4.0837643569763244,0.08628905851766433,9.161632397253339,-0.013742340090239488,-2.8851750262068616e-05,0.0030915587855285627,16.219999999999487,0.6981317007977437,1842.084039554836,1258.8889665263118,-1.2,0.0,-0.9192533317427645,-0.771345131623858,0.0,0.0,,
115.0,3.938454023352469,0.1293738750479311,9.13206840596389,0.002959233278009785,-0.013467086551814719,0.00437123358945156,16.099999999999486,0.6981317007977437,1843.3127748415989,1259.919997852249,-1.2,0.0,-0.9192533317427645,-0.771345131623858,0.0,0.0,1843.0249256966908,1258.4235369475089
115.10000000000001,3.9656899771633394,-0.11854304486060364,9.101857664496018,0.0024957512191701252,-0.004209302933327024,-0.0002642082077464166,15.979999999999487,0.6981317007977437,1844.5323175950443,1260.94331572687,-1.2,0.0,-0.9192533317427645,-0.771345131623858,0.0,0.0,,
115.2,3.562188753079505,-0.08829669768055735,9.368630434625976,0.0003650819691964529,-0.015240493492017244,0.015378829287548586,15.859999999999488,0.6981317007977437,1845.7426678151724,1261.9589201501747,-1.2,0.0,-0.9192533317427645,-0.771345131623858,0.0,0.0,,
115.30000000000001,4.243674479800541,0.19309310495186469,9.355587690371909,-0.004818048680663964,0.0021157688091940547,0.0006394833927395403,15.739999999999489,0.6981317007977437,1846.943825501983,1262.966811122163,-1.2,0.0,-0.9192533317427645,-0.771345131623858,0.0,0.0,,
115.4,3.994778273921891,-0.12372889465542149,9.257044308707073,0.003685785187746097,-0.0018789605887225673,0.007472703531367229,15.61999999999949,0.6981317007977437,1848.135790655476,1263.9669886428353,-1.2,0.0,-0.9192533317427645,-0.771345131623858,0.0,0.0,,
115.5,3.9742794489504067,-0.01834076307949972,9.14110596368282,0.013892377142442722,0.0032996675593956076,0.0014322057599906262,15.49999999999949,0.6981317007977437,1849.3185632756517,1264.9594527121913,-1.2,0.0,-0.9192533317427645,-0.771345131623858,0.0,0.0,,
115.60000000000001,3.6748857999349176,-0.25129303981889706,9.074842451237496,-0.004747093864312856,0.01781069876868886,-0.007859447373175624,15.379999999999491,0.6981317007977437,1850.49214336251,1265.944203330231,-1.2,0.0,-0.9192533317427645,-0.771345131623858,0.0,0.0,,
115.7,3.924031746210848,-0.11443150946617418,9.24308514520721,0.011829555458241544,-0.006361276818004939,0.0058886111544437765,15.259999999999492,0.6981317007977437,1851.6565309160508,1266.9212404969544,-1.2,0.0,-0.9192533317427645,-0.771345131623858,0.0,0.0,,
115.80000000000001,3.9906222415888175,0.09141491053398833,8.991846606501436,-0.0009047209423858848,-0.007820362834264636,0.007002082108208494,15.139999999999493,0.6981317007977437,1852.8117259362743,1267.8905642123616,-1.2,0.0,-0.9192533317427645,-0.771345131623858,0.0,0.0,,
115.9,4.011274214824053,0.07314050868484501,9.141504662260182,0.0060697883480888715,-0.014159283583873545,-0.006820309522564144,15.019999999999493,0.6981317007977437,1853.9577284231805,1268.8521744764525,-1.2,0.0,-0.9192533317427645,-0.771345131623858,0.0,0.0,,
116.0,4.014492247254193,-0.138976534529555,9.27184530710607,-0.002244510059417556,0.0004314034105875397,-0.0006599412496150672,14.899999999999494,0.6981317007977437,1855.0945383767692,1269.8060712892272,-1.2,0.0,-0.9192533317427645,-0.771345131623858,0.0,0.0,1856.4509178402418,1273.085030214621
116.10000000000001,3.8081865502969054,-0.33967325470714393,9.108443860657653,0.006375674269800047,0.007131334835454273,0.009067372243139487,14.779999999999495,0.6981317007977437,1856.2221557970404,1270.7522546506857,-1.2,0.0,-0.9192533317427645,-0.771345131623858,0.0,0.0,,
116.2,3.803376366573066,0.003434037921867115,9.303939103459342,0.002928517309229044,0.009220292136706387,-0.004550022474387637,14.659999999999496,0.6981317007977437,1857.3405806839942,1271.6907245608281,-1.2,0.0,-0.9192533317427645,-0.771345131623858,0.0,0.0,,
116.30000000000001,4.058826016185283,-0.05485953872150569,9.36396905150323,0.0029194856058530273,0.011936941953068308,0.0005122436524978837,14.539999999999496,0.6981317007977437,1858.4498130376305,1272.6214810196543,-1.2,0.0,-0.9192533317427645,-0.771345131623858,0.0,0.0,,
116.4,4.363185012409273,0.12162060124532688,9.206568156770995,0.0007924999580861116,0.013146961640372547,0.01117857842675521,14.419999999999497,0.6981317007977437,1859.5498528579494,1273.5445240271642,-1.2,0.0,-0.9192533317427645,-0.771345131623858,0.0,0.0,,
116.5,3.9445826250130955,0.3150621860725225,9.10368059367842,0.00047662392701849655,-0.004572049584250068,0.0006540970883624798,14.299999999999498,0.6981317007977437,1860.6407001449509,1274.459853583358,-1.2,0.0,-0.9192533317427645,-0.771345131623858,0.0,0.0,,
116.60000000000001,4.008620268845352,0.10983163448167634,9.082055856475836,0.008160128256771326,-0.0014384023589330147,0.020106674987646563,14.179999999999499,0.6981317007977437,1861.7223548986349,1275.3674696882354,-1.2,0.0,-0.9192533317427645,-0.771345131623858,0.0,0.0,,
116.7,3.709177687638598,-0.02661705908373876,9.116643224643914,-0.013136482991151631,-0.021251271124848595,0.0035576242477208045,14.0599999999995,0.6981317007977437,1862.7948171190014,1276.2673723417965,-1.2,0.0,-0.9192533317427645,-0.771345131623858,0.0,0.0,,
116.80000000000001,3.945243516435236,0.10585135786509517,9.081062706263612,0.012002964195851987,-0.004574623764788218,0.011525342940788406,13.9399999999995,0.6981317007977437,1863.8580868060506,1277.1595615440415,-1.2,0.0,-0.9192533317427645,-0.771345131623858,0.0,0.0,,
116.9,3.7485208121510145,-0.04325826482355476,9.220940899425049,0.0031509958390919285,-0.005761986661242248,-0.004021929590402704,13.819999999999501,0.6981317007977437,1864.9121639597822,1278.0440372949702,-1.2,0.0,-0.9192533317427645,-0.771345131623858,0.0,0.0,,
117.0,3.7863979793502143,0.1614623907546413,8.991063857047548,0.0038580067435534334,0.0004694262206834459,0.018106542952495985,13.699999999999502,0.6981317007977437,1865.9570485801967,1278.9207995945826,-1.2,0.0,-0.9192533317427645,-0.771345131623858,0.0,0.0,1863.4128342251897,1277.9113347914983
117.10000000000001,3.8912615491262934,0.030598199303777638,9.121725741384727,-0.004690927951879726,0.003432851600987651,-0.0011722405935515592,13.579999999999503,0.6981317007977437,1866.9927406672937,1279.7898484428788,-1.2,0.0,-0.9192533317427645,-0.771345131623858,0.0,0.0,,
117.2,4.165338968987865,0.032176718437817234,9.144028864584879,-0.013624493700276416,-0.002210116050932802,0.013577192947872754,13.459999999999503,0.6981317007977437,1868.0192402210732,1280.6511838398587,-1.2,0.0,-0.9192533317427645,-0.771345131623858,0.0,0.0,,
117.30000000000001,4.075380306983566,-0.04191626854000585,8.896994703944392,-0.008139783455225423,-0.004348934120684545,-0.000644191542358453,13.339999999999504,0.6981317007977437,1869.0365472415353,1281.5048057855224,-1.2,0.0,-0.9192533317427645,-0.771345131623858,0.0,0.0,,
117.4,3.9298053827963364,0.0029735036366736536,9.196217367600935,-0.0007381973814841667,0.01391669909744574,0.005706363993933155,13.219999999999505,0.6981317007977437,1870.04466172868,1282.3507142798699,-1.2,0.0,-0.9192533317427645,-0.771345131623858,0.0,0.0,,
117.5,3.852275345237231,-0.03193393402518918,9.174292837162476,0.02030366672460148,0.012383535218875566,-0.007760281542588519,13.099999999999506,0.6981317007977437,1871.0435836825072,1283.188909322901,-1.2,0.0,-0.9192533317427645,-0.771345131623858,0.0,0.0,,
117.60000000000001,3.9729059942494165,0.03497003203455622,9.289644728710922,0.009644213647149598,-0.01708595898565934,0.013374305366088763,12.979999999999507,0.6981317007977437,1872.033313103017,1284.019390914616,-1.2,0.0,-0.9192533317427645,-0.771345131623858,0.0,0.0,,
117.7,3.9529218334230705,0.03386968507914373,9.28040154676021,-0.0016958149872157067,-0.023225726228565398,-0.011751242960984155,12.859999999999507,0.6981317007977437,1873.0138499902093,1284.8421590550147,-1.2,0.0,-0.9192533317427645,-0.771345131623858,0.0,0.0,,
117.80000000000001,4.089013806504949,0.04571853633925482,9.252555962151517,-0.013770840834287,0.007046837753917772,-0.005166136056005864,12.739999999999508,0.6981317007977437,1873.9851943440842,1285.6572137440971,-1.2,0.0,-0.9192533317427645,-0.771345131623858,0.0,0.0,,
117.9,4.229300883868822,0.15063995349899456,8.976033585135193,0.01036259105717644,0.008309332692569707,-0.008655575676222844,12.619999999999509,0.6981317007977437,1874.9473461646417,1286.4645549818633,-1.2,0.0,-0.9192533317427645,-0.771345131623858,0.0,0.0,,
118.0,4.2987187339302215,-0.010606154976253807,9.343358921479636,-0.002071129028510012,-0.006262383901410365,0.006801628746313638,12.49999999999951,0.6981317007977437,1875.9003054518816,1287.2641827683133,-1.2,0.0,-0.9192533317427645,-0.771345131623858,0.0,0.0,1880.4715552844934,1291.465407347721
118.10000000000001,3.919151152839702,0.1492572939742573,9.076841845423399,0.007492606179521196,0.013859363217812901,-0.015370903361230304,12.37999999999951,0.6981317007977437,1876.8440722058042,1288.056097103447,-1.2,0.0,-0.9192533317427645,-0.771345131623858,0.0,0.0,,
118.2,3.956993666180789,0.004238162055098978,9.178975305701506,-0.006700802692079153,0.009628036214638492,0.003610502803146806,12.259999999999511,0.6981317007977437,1877.7786464264093,1288.8402979872644,-1.2,0.0,-0.9192533317427645,-0.771345131623858,0.0,0.0,,
118.30000000000001,3.9153773225199684,0.14801703417778825,9.089442279349578,-0.007549825034789374,0.009411066699862414,0.012333544721243428,12.139999999999512,0.6981317007977437,1878.7040281136972,1289.6167854197658,-1.2,0.0,-0.9192533317427645,-0.771345131623858,0.0,0.0,,
118.4,3.992730692324568,0.23963210158449263,9.11676477806612,0.003338571782936884,0.011227961936194995,0.0043873523634753876,12.019999999999513,0.6981317007977437,1879.6202172676676,1290.385559400951,-1.2,0.0,-0.9192533317427645,-0.771345131623858,0.0,0.0,,
118.5,3.9287046389976332,-0.3605994622289581,8.992113131504846,0.0023202626817884426,-0.00035961061282485446,0.00306973949987389,11.899999999999514,0.6981317007977437,1880.5272138883206,1291.14661993082,-1.2,0.0,-0.9192533317427645,-0.771345131623858,0.0,0.0,,
118.60000000000001,4.056086599837847,-0.2118723740555466,8.978687725265871,0.00924376630677756,-0.013802998217202803,0.006519200536102889,11.779999999999514,0.6981317007977437,1881.4250179756561,1291.8999670093726,-1.2,0.0,-0.9192533317427645,-0.771345131623858,0.0,0.0,,
118.7,3.8151324760666765,0.18161721266480962,9.123080873022374,0.004370840411255713,-0.00696995843694167,0.01714148834395883,11.659999999999515,0.6981317007977437,1882.3136295296742,1292.645600636609,-1.2,0.0,-0.9192533317427645,-0.771345131623858,0.0,0.0,,
118.80000000000001,3.9480258869349756,0.4205080894099726,9.193319750563314,-0.0036489167166173586,0.009496824445018514,0.008897619381092276,11.539999999999516,0.6981317007977437,1883.193048550375,1293.3835208125292,-1.2,0.0,-0.9192533317427645,-0.771345131623858,0.0,0.0,,
118.9,3.8156281631746394,-0.00806294911999119,9.01485916971974,-0.010065293505161386,-0.003243649077494127,-0.0020625412640966337,11.419999999999517,0.6981317007977437,1884.063275037758,1294.1137275371332,-1.2,0.0,-0.9192533317427645,-0.771345131623858,0.0,0.0,,
119.0,4.045358089331887,0.09246583512614426,9.165639667680205,-0.010056851123687864,0.010875132185182523,0.0027959976445059835,11.299999999999518,0.6981317007977437,1884.9243089918239,1294.8362208104209,-1.2,0.0,-0.9192533317427645,-0.771345131623858,0.0,0.0,1878.0852170566532,1306.049783118958
119.10000000000001,3.8030112459900995,-0.0962461330897471,9.22675153942874,0.007517659731560345,0.017637242273943005,0.0036695021056146852,11.179999999999518,0.6981317007977437,1885.7761504125722,1295.5510006323923,-1.2,0.0,-0.9192533317427645,-0.771345131623858,0.0,0.0,,
119.2,4.012132959796201,-0.2202236355853677,8.886212926156336,-0.0036494592008039567,0.004857760252161692,-0.0019858449334889646,11.059999999999519,0.6981317007977437,1886.618799300003,1296.2580670030475,-1.2,0.0,-0.9192533317427645,-0.771345131623858,0.0,0.0,,
119.30000000000001,3.9953048338497803,0.21945846900165156,9.043757679132828,-0.01529453811023958,0.016208734524911835,0.014906973392112804,10.93999999999952,0.6981317007977437,1887.4522556541165,1296.9574199223864,-1.2,0.0,-0.9192533317427645,-0.771345131623858,0.0,0.0,,
119.4,4.061993094761048,-0.003722229225978327,9.006683652956,0.00115994747958573,-0.011508045993939384,0.011496351280287923,10.81999999999952,0.6981317007977437,1888.2765194749124,1297.649059390409,-1.2,0.0,-0.9192533317427645,-0.771345131623858,0.0,0.0,,
119.5,3.8913272974951982,0.06027494558500597,9.201683825647583,-0.010266795674101594,0.0077994095182374185,0.010503504452654631,10.699999999999521,0.6981317007977437,1889.0915907623912,1298.3329854071155,-1.2,0.0,-0.9192533317427645,-0.771345131623858,0.0,0.0,,
119.60000000000001,4.173795403200502,-0.21439423389825996,9.126914758031187,0.0028813120541286543,0.0215664426801098,0.011873665065361198,10.579999999999522,0.6981317007977437,1889.8974695165525,1299.0091979725057,-1.2,0.0,-0.9192533317427645,-0.771345131623858,0.0,0.0,,
119.7,3.9104685278331464,0.13686952578683953,8.818087506410226,-0.0057594753176533385,-0.013389322311265002,0.007008201220469731,10.459999999999523,0.6981317007977437,1890.6941557373964,1299.6776970865797,-1.2,0.0,-0.9192533317427645,-0.771345131623858,0.0,0.0,,
119.80000000000001,3.6039166190931438,0.20883855468819587,9.09744488204664,-0.018144470114092245,-0.014147235027914032,0.018264476154767485,10.339999999999524,0.6981317007977437,1891.4816494249228,1300.3384827493373,-1.2,0.0,-0.9192533317427645,-0.771345131623858,0.0,0.0,,
119.9,4.0347916717511305,0.2558762496989202,9.182421825017526,0.007988510649528576,-0.0026791273345300602,0.016611135236983158,10.219999999999525,0.6981317007977437,1892.2599505791318,1300.9915549607788,-1.2,0.0,-0.9192533317427645,-0.771345131623858,0.0,0.0,,
120.0,3.6381960502096637,-0.174858933362609,9.296273249456604,0.0034928734272206305,-0.0012955594133959053,-0.013414921861258727,10.099999999999525,0.6981317007977437,1893.0290592000233,1301.636913720904,-1.2,0.0,-0.9192533317427645,-0.771345131623858,0.0,0.0,1893.2919037763997,1305.092150533237
