time,accel_x,accel_y,accel_z,gyro_x,gyro_y,gyro_z,true_speed,true_heading,true_x,true_y,true_accel_x_vehicle,true_accel_y_vehicle,true_accel_x_world,true_accel_y_world,true_accel_z_world,true_yaw_rate,gnss_x,gnss_y
0.0,4.828387043061258,-0.13859776263745005,8.778462154001963,0.021845706991344225,0.005512310381726757,0.06503397949214702,0.0,0.0,0.0,0.0,0.0,0.0,0.0,0.0,0.0,0.05719389994127293,-1.2338105125183054,-0.2558444536378829
0.1,4.603434320735316,-0.16604227890393797,8.620468354446047,0.023837427527485903,0.0019473407843839526,0.049373444384000986,0.0,0.005719389994127293,-0.012285679112535293,-7.026735637067735e-05,0.0,0.0,0.0,0.0,0.0,0.05719389994127293,,
0.2,4.541857214500868,0.03682922716866312,8.948006456624663,0.02580825222529395,0.0080360165685844,0.04925623428235317,0.0,0.011438779988254585,-0.024570755400378022,-0.00021079977057315738,0.0,0.0,0.0,0.0,0.0,0.05719389994127293,,
0.30000000000000004,4.5129670214652355,-0.210561023634652,8.699182240871467,0.009739737095123269,0.004041053984001372,0.04288028109308241,0.0,0.017158169982381878,-0.03685482700231006,-0.00042159264560487906,0.0,0.0,0.0,0.0,0.0,0.05719389994127293,,
0.4,4.736917030292579,-0.28574139266053233,8.756328810514026,0.014885100214366233,0.0012628180490824325,0.048854679147057295,0.0,0.02287755997650917,-0.04913749208997789,-0.000702639086149969,0.0,0.0,0.0,0.0,0.0,0.05719389994127293,,
0.5,4.136555173390064,0.18839638111766513,8.770735143453857,0.024602402160622743,-0.006286150767785001,0.0601423707624497,0.0,0.028596949970636464,-0.061418348881036956,-0.0010539298988047965,0.0,0.0,0.0,0.0,0.0,0.05719389994127293,,
0.6000000000000001,4.400050495315951,-0.12823178464984558,8.40516985876677,0.02139835834497362,-0.0035056478033900886,0.055928029208393036,0.0,0.034316339964763756,-0.0736969956522945,-0.001475453592378702,0.0,0.0,0.0,0.0,0.0,0.05719389994127293,,
0.7000000000000001,4.365659250640946,-0.02951677563849049,8.64225610731017,0.03753718644999661,-0.0002137844975343393,0.04548444574192035,0.0,0.04003572995889105,-0.08597303075285043,-0.0019671963782698886,0.0,0.0,0.0,0.0,0.0,0.05719389994127293,,
0.8,4.593487645598215,-0.0717319647600128,8.701911181086148,0.01861450148214619,0.009469065875169448,0.051124902255309614,0.0,0.04575511995301834,-0.09824605261723592,-0.0025291421709164675,0.0,0.0,0.0,0.0,0.0,0.05719389994127293,,
0.9,4.620821383447497,0.025577904127816877,8.657104512410026,0.022596127033853705,-0.01811082239152538,0.05814073195019178,0.0,0.051474509947145634,-0.11051565977854907,-0.0031612725883226364,0.0,0.0,0.0,0.0,0.0,0.05719389994127293,,
1.0,4.419225147456684,0.1313164000373313,8.510767314966863,0.010146718040537881,0.0006987829347293111,0.03200148365927344,0.0,0.05719389994127293,-0.12278145088158753,-0.0038635669526599793,0.0,0.0,0.0,0.0,0.0,0.05719389994127293,4.123407085405871,-1.6168567550218012
1.1,4.519322566587663,0.06033503778407543,8.370933433175498,0.018447479421443858,0.004330668326979783,0.063801195269376,0.0,0.06291328993540021,-0.13504302469597723,-0.0046360022909438655,0.0,0.0,0.0,0.0,0.0,0.05719389994127293,,
1.2000000000000002,4.682576555092301,0.06275896889967995,8.727803357889,0.03883187410658352,0.013998280926889406,0.04306198705724816,0.0,0.06863267992952751,-0.14729998012929732,-0.005478553335784929,0.0,0.0,0.0,0.0,0.0,0.05719389994127293,,
1.3,4.4455965298916515,0.24909733487948438,8.738416370479268,0.02790961307770898,0.010217920102686377,0.06494553635862914,0.0,0.07435206992365481,-0.15955191624020026,-0.006391192526215596,0.0,0.0,0.0,0.0,0.0,0.05719389994127293,,
1.4000000000000001,4.7513246500978585,-0.33960385106980245,8.766840044386015,0.024241335730347202,-0.016084999414701658,0.06708093945168854,0.0,0.08007145991778211,-0.1717984322515273,-0.007373890008591639,0.0,0.0,0.0,0.0,0.0,0.05719389994127293,,
1.5,4.282137318038615,0.1058273994827261,8.557412020384156,0.0241939707661408,0.013513082240197625,0.06446663943713422,0.0,0.08579084991190941,-0.1840391275634183,-0.008426613637568735,0.0,0.0,0.0,0.0,0.0,0.05719389994127293,,
1.6,4.453485283543153,-0.20081810563552283,8.3772209062281,0.04096006987256656,0.001599710322266389,0.07247629794884056,0.0,0.09151023990603671,-0.19627360176641606,-0.009549328977153979,0.0,0.0,0.0,0.0,0.0,0.05719389994127293,,
1.7000000000000002,4.673587614299293,-0.22188591765622168,8.764563277299958,0.022707903341527565,-0.005684929694489296,0.04589718756940794,0.0,0.09722962990016401,-0.20850145465456404,-0.01074199930183233,0.0,0.0,0.0,0.0,0.0,0.05719389994127293,,
1.8,4.441499900577421,-0.16465159913842975,8.737813783554898,-0.004395727541453811,-0.003936602070118045,0.05061260929928162,0.0,0.10294901989429131,-0.2207222862384978,-0.012004585597767955,0.0,0.0,0.0,0.0,0.0,0.05719389994127293,,
1.9000000000000001,4.458469059030214,-0.12245653823766119,8.630495429382844,0.015307188258364052,-0.005471949728420535,0.06929529925183739,0.0,0.10866840988841861,-0.2329356967585291,-0.01333704656408042,0.0,0.0,0.0,0.0,0.0,0.05719389994127293,,
2.0,4.6068776639326545,0.16438460014319028,8.615868000059802,0.02326621887011157,-0.01159759028662081,0.056706985564545107,0.0,0.11438779988254591,-0.24514128669772256,-0.014739338614195699,0.0,0.0,0.0,0.0,0.0,0.05719389994127293,1.4183914315972592,0.9858460791335782
2.1,4.428625405749087,-0.047673042491556385,8.619613432906247,0.00664253527972003,0.00011814927308975998,0.050637009642283556,0.0,0.12010718987667321,-0.2573386567949645,-0.01621141587727195,0.0,0.0,0.0,0.0,0.0,0.05719389994127293,,
2.2,4.5663453902331135,-0.05957445818093841,8.649023900500593,0.018258845359711062,0.0023854168927497266,0.06935872568122592,0.0,0.1258265798708005,-0.2695274080580231,-0.017753230199700005,0.0,0.0,0.0,0.0,0.0,0.05719389994127293,,
2.3000000000000003,4.267048210582734,0.20094446236913552,8.74537587829315,0.009693289608478303,-0.00966329620755039,0.04473137373715349,0.0,0.1315459698649278,-0.2817071417766002,-0.01936473114667855,0.0,0.0,0.0,0.0,0.0,0.05719389994127293,,
2.4000000000000004,4.564390545917202,-0.05005666112577275,8.909581049222009,0.018305004825188285,0.001321205781621249,0.05600297222846618,0.0,0.1372653598590551,-0.2938774595353736,-0.021045866003863906,0.0,0.0,0.0,0.0,0.0,0.05719389994127293,,
2.5,4.371360762944696,0.06580374707533154,8.751203997614633,0.02815971670419644,0.000983533133725426,0.050861648441354185,0.0,0.1429847498531824,-0.3060379632270294,-0.022796579779094384,0.0,0.0,0.0,0.0,0.0,0.05719389994127293,,
2.6,4.564486983397291,7.257331433327754e-05,8.462448207985986,0.022570486025330835,-0.006825905621045839,0.04870590916517135,0.0,0.1487041398473097,-0.3181882550652853,-0.02461681520418916,0.0,0.0,0.0,0.0,0.0,0.05719389994127293,,
2.7,4.242596351508213,0.1500386381088761,8.863428196924037,0.029090194533860952,-0.006953144002505564,0.06614267519282521,0.0,0.154423529841437,-0.3303279375979021,-0.026506512736821586,0.0,0.0,0.0,0.0,0.0,0.05719389994127293,,
2.8000000000000003,4.436341333155429,-0.006631636459383196,8.56651051068667,0.036734546046580954,-0.002441746690912205,0.05919089608625423,0.0,0.1601429198355643,-0.34245661371968505,-0.028465610562466905,0.0,0.0,0.0,0.0,0.0,0.05719389994127293,,
2.9000000000000004,4.213686328022988,-0.008044922191620488,8.701480728693868,0.013858889324025493,0.012222574501938857,0.06479358683329543,0.0,0.1658623098296916,-0.35457388668547407,-0.03049404459642428,0.0,0.0,0.0,0.0,0.0,0.05719389994127293,,
3.0,4.625696496765103,-0.09107464163816208,8.863611613380744,0.032236297100836114,-0.009765980704641299,0.06635132949764683,0.0,0.1715816998238189,-0.36667936012312125,-0.03259174848591309,0.0,0.0,0.0,0.0,0.0,0.05719389994127293,-1.3154299903426236,-3.306294039313865
3.1,4.640581518266191,-0.09374684208498263,8.879849688804063,0.009388987298425425,-0.010071344788078323,0.066473480344727,0.0,0.1773010898179462,-0.378772638046457,-0.03475865361224344,0.0,0.0,0.0,0.0,0.0,0.05719389994127293,,
3.2,4.494193423247104,0.031213840245770022,8.680711705286086,0.04134401499305164,0.0032269237746891145,0.0370142792189206,0.0,0.1830204798120735,-0.3908533248682434,-0.03699468909306072,0.0,0.0,0.0,0.0,0.0,0.05719389994127293,,
3.3000000000000003,4.433774131688782,0.21292050302216275,8.861315589566264,0.0354928266434292,0.01101720523888465,0.043922681421013784,0.0,0.1887398698062008,-0.40292102541311414,-0.039299781784664325,0.0,0.0,0.0,0.0,0.0,0.05719389994127293,,
3.4000000000000004,4.323504772581988,0.15480502004392369,8.549924550630669,0.021401838329669506,-0.0032544990286008774,0.051659613032779335,0.0,0.1944592598003281,-0.4149753449305013,-0.04167385628440022,0.0,0.0,0.0,0.0,0.0,0.05719389994127293,,
3.5,4.572879923980985,-0.04687558752685313,8.860768111277293,0.017206095757507388,-0.009673184651685478,0.05711183855258864,0.0,0.2001786497944554,-0.4270158891075483,-0.04411683493312751,0.0,0.0,0.0,0.0,0.0,0.05719389994127293,,
3.6,4.366739353727191,-0.2543357587759938,8.76474771863223,0.046104315119227024,-0.006994240927464427,0.07049429108352304,0.0,0.2058980397885827,-0.4390422640820082,-0.04662863781775876,0.0,0.0,0.0,0.0,0.0,0.05719389994127293,,
3.7,4.542919137824198,-0.10988342600459722,8.879318137576854,0.03334978808374646,0.0020905642621912297,0.057087555300561664,0.0,0.21161742978271,-0.45105407645512763,-0.04920918277387403,0.0,0.0,0.0,0.0,0.0,0.05719389994127293,,
3.8000000000000003,4.620204732405487,-0.11644772983248415,8.621837953277398,0.010382481728645627,-0.016184830386335686,0.07125966217594688,0.0,0.2173368197768373,-0.4630509333045153,-0.05185838538840864,0.0,0.0,0.0,0.0,0.0,0.05719389994127293,,
3.9000000000000004,4.47921099265908,0.19511337383417773,8.933704812496508,0.03218998454643491,0.003692666634506349,0.052026155927988364,0.0,0.2230562097709646,-0.47503244219699503,-0.054576159002414366,0.0,0.0,0.0,0.0,0.0,0.05719389994127293,,
4.0,4.556486048270763,0.012417541975024905,8.553957683134223,0.0075286699756989366,0.0038160974642121215,0.07203343609780503,0.0,0.2287755997650919,-0.4869982112014428,-0.057362414713894236,0.0,0.0,0.0,0.0,0.0,0.05719389994127293,-3.313335210031192,-3.207750444260292
4.1000000000000005,4.6699839742268505,-0.17923263121166452,9.011037882066477,0.016089981632146887,-0.0034658623531659645,0.058894775957061475,0.0,0.2344949897592192,-0.49894784890160726,-0.060217061380710576,0.0,0.0,0.0,0.0,0.0,0.05719389994127293,,
4.2,4.464590222576954,0.0059952890695449046,8.69151597306479,0.03796462749855274,-0.01152327838067643,0.053877386059416395,0.0,0.2402143797533465,-0.5108809644089135,-0.06314000562356643,0.0,0.0,0.0,0.0,0.0,0.05719389994127293,,
4.3,4.835138768983068,-0.0640204715112442,8.781740780291779,0.011964435057680158,0.0073028417902318,0.05830309613783605,0.0,0.2459337697474738,-0.5227971673752496,-0.06613115182906011,0.0,0.0,0.0,0.0,0.0,0.05719389994127293,,
4.4,4.523227852828623,-0.05943512058176673,8.836798186882632,0.031001099447115106,0.0019142488911525247,0.04807858713514494,0.0,0.2516531597416011,-0.5346960680057354,-0.06919040215281282,0.0,0.0,0.0,0.0,0.0,0.05719389994127293,,
4.5,4.385294346285889,0.029268343857581147,8.658777678837279,0.025308822888302496,-0.0033969778101504613,0.06043908062921477,0.0,0.2573725497357284,-0.5465772770714733,-0.07231765652266929,0.0,0.0,0.0,0.0,0.0,0.05719389994127293,,
4.6000000000000005,4.714835876799443,0.161934445330755,8.910984409576201,0.027690877214957242,-0.0034948656212644862,0.04379494817871058,0.0,0.2630919397298557,-0.5584404059222801,-0.0755128126419713,0.0,0.0,0.0,0.0,0.0,0.05719389994127293,,
4.7,4.406373959692212,0.15852508703163204,8.94569112169142,0.01925416417864191,-0.01994926800846169,0.047553901638236785,0.0,0.268811329723983,-0.5702850664994007,-0.07877576599290387,0.0,0.0,0.0,0.0,0.0,0.05719389994127293,,
4.800000000000001,4.6101885002446705,0.3402126184015316,9.087701531454083,0.019774722823939127,-0.0003737749853703562,0.06250374877284061,0.0,0.27453071971811027,-0.5821108713482018,-0.08210640983991425,0.0,0.0,0.0,0.0,0.0,0.05719389994127293,,
4.9,4.349241039040652,0.03957413077067004,8.68707179563791,0.013027504879827465,-0.0016674753762125044,0.06262847893593287,0.0,0.28025010971223757,-0.5939174336308463,-0.08550463523320334,0.0,0.0,0.0,0.0,0.0,0.05719389994127293,,
5.0,4.416600834672224,-0.026087219309879603,8.749583923422374,0.02405423884279707,7.274327663895589e-05,0.04469287623717728,0.0,0.28596949970636487,-0.6057043671389467,-0.08897033101228959,0.0,0.0,0.0,0.0,0.0,0.05719389994127293,2.576815397433769,-8.54933433596717
5.1000000000000005,4.376012439180888,0.07103907172570442,8.650310098940206,0.026496528938635473,0.012631171339476723,0.05345965987283913,0.0,0.29168888970049217,-0.6174712863061992,-0.0925033838096452,0.0,0.0,0.0,0.0,0.0,0.05719389994127293,,
5.2,4.305864309692373,0.16549704336266077,8.893241470075264,0.021669749699508616,0.006918840834846003,0.04482013254416266,0.0,0.29740827969461947,-0.6292178062209957,-0.09610367805440456,0.0,0.0,0.0,0.0,0.0,0.05719389994127293,,
5.300000000000001,4.58217313546012,-0.0876028394829645,8.886765994018385,0.038131432103269226,-0.002871330097368426,0.04950875907641861,0.0,0.30312766968874677,-0.6409435426390147,-0.09977109597614468,0.0,0.0,0.0,0.0,0.0,0.05719389994127293,,
5.4,4.474053334622715,0.07103542667438348,8.633521992091653,0.017354531732415236,-0.010420247855587348,0.06974540008816099,0.0,0.30884705968287407,-0.6526481119957906,-0.10350551760873763,0.0,0.0,0.0,0.0,0.0,0.05719389994127293,,
5.5,4.819864736573403,0.13492923791045217,8.877181156841203,0.025491074700618597,0.001568391369281689,0.062092274284405516,0.0,0.31456644967700137,-0.6643311314192608,-0.10730682079427484,0.0,0.0,0.0,0.0,0.0,0.05719389994127293,,
5.6000000000000005,4.561138396848244,0.03817034571517573,8.96534332987396,0.027528820177149412,-0.014065446892652498,0.061504260177860745,0.0,0.32028583967112867,-0.6759922187422895,-0.11117488118706295,0.0,0.0,0.0,0.0,0.0,0.05719389994127293,,
5.7,4.30351607158392,0.010950194829569316,8.553054973803029,0.022159366085671806,-0.0029221665227277044,0.05097480651101633,0.0,0.32600522966525597,-0.6876309925151693,-0.11510957225769143,0.0,0.0,0.0,0.0,0.0,0.05719389994127293,,
5.800000000000001,4.371336057705385,0.055286664622846135,8.729984151795895,0.029713342791371306,0.006869555677746433,0.04057255704693095,0.0,0.33172461965938327,-0.6992470720180987,-0.11911076529717145,0.0,0.0,0.0,0.0,0.0,0.05719389994127293,,
5.9,4.518467741264066,-0.06889453308649295,8.857820957896422,0.026638589070652117,-0.007274369747630924,0.06481861444200573,0.0,0.33744400965351057,-0.7108400772736357,-0.12317832942114615,0.0,0.0,0.0,0.0,0.0,0.05719389994127293,,
6.0,4.744019962807384,0.29502478281864336,8.76261943395657,0.040686304795987054,-0.017368413244882953,0.058390693727084025,0.0,0.34316339964763787,-0.7224096290591283,-0.12731213157417207,0.0,0.0,0.0,0.0,0.0,0.05719389994127293,7.6215691400906325,4.185796162072572
6.1000000000000005,4.402151828098315,-0.24500814295185813,8.426180858543587,0.032509232807552,-0.014128930115931063,0.05356604564234232,0.0,0.34888278964176517,-0.7339553489191184,-0.1315120365340715,0.0,0.0,0.0,0.0,0.0,0.05719389994127293,,
6.2,4.424340443605013,-0.175454279610697,9.028907794275773,0.0324775995159672,-0.009039628967498822,0.04780938470040085,0.0,0.35460217963589247,-0.7454768591777219,-0.13577790691635586,0.0,0.0,0.0,0.0,0.0,0.05719389994127293,,
6.300000000000001,4.473891680033806,-0.3038618004409906,8.470030970916811,0.01736167900381203,-0.005331940009011792,0.05735635446866758,0.0,0.36032156963001977,-0.7569737829509832,-0.14010960317871965,0.0,0.0,0.0,0.0,0.0,0.05719389994127293,,
6.4,4.449070900936731,-0.2757329816003324,8.778747715078243,0.02484340700501631,0.0018453217641736857,0.05538724779602621,0.0,0.36604095962414707,-0.7684457441592033,-0.14450698362560513,0.0,0.0,0.0,0.0,0.0,0.05719389994127293,,
6.5,4.532438029887418,-0.18719621495763936,8.60002205472948,0.034321439519266986,-0.019036540347841756,0.06499351776018543,0.0,0.37176034961827437,-0.779892367539242,-0.14896990441283736,0.0,0.0,0.0,0.0,0.0,0.05719389994127293,,
6.6000000000000005,4.356221914852952,0.20057358230500832,8.88882878723942,0.01344343828897114,0.020092975286816386,0.055674704894745304,0.0,0.37747973961240167,-0.7913132786567931,-0.15349821955232948,0.0,0.0,0.0,0.0,0.0,0.05719389994127293,,
6.7,4.572995791327055,0.22147515439959511,8.464022976135755,0.02692383493745632,0.016768036282696623,0.048511945772807895,0.0,0.38319912960652897,-0.8027081039186331,-0.15809178091685822,0.0,0.0,0.0,0.0,0.0,0.05719389994127293,,
6.800000000000001,4.576560191451494,-0.09419970804193147,8.748029844086842,0.038086739964581895,-0.009481773620796845,0.052863256960632515,0.0,0.38891851960065627,-0.8140764705848412,-0.16275043824490934,0.0,0.0,0.0,0.0,0.0,0.05719389994127293,,
6.9,4.848209643461094,-0.061600531434095586,8.915070504377837,0.03315433838481084,0.01056857554906391,0.048100507795567994,0.0,0.39463790959478356,-0.8254180067809929,-0.16747403914559292,0.0,0.0,0.0,0.0,0.0,0.05719389994127293,,
7.0,4.452080299365793,0.0003447083594657896,8.572773703167364,0.049612704954072356,-0.007431584500718267,0.055617000248929134,0.0,0.40035729958891086,-0.8367323415103238,-0.17226242910362816,0.0,0.0,0.0,0.0,0.0,0.05719389994127293,-1.829297746581324,-6.035887318883106
7.1000000000000005,4.704990825740602,-0.18117602709128036,8.640770508090231,0.02825791023910629,-0.008298455997102328,0.05014060153339686,0.0,0.40607668958303816,-0.848019104665866,-0.1771154514843979,0.0,0.0,0.0,0.0,0.0,0.05719389994127293,,
7.2,4.426946222314473,-0.08107963158446646,8.697571725498252,0.0256840464000128,-0.004493192768026639,0.06885557063407154,0.0,0.41179607957716546,-0.8592779270425545,-0.18203294753907223,0.0,0.0,0.0,0.0,0.0,0.05719389994127293,,
7.300000000000001,4.418242378570672,-0.22668413947742272,8.655873417319931,0.02518801393604891,-0.008685652603840478,0.05560925914215056,0.0,0.41751546957129276,-0.8705084403493041,-0.18701475640980153,0.0,0.0,0.0,0.0,0.0,0.05719389994127293,,
7.4,4.45884260610612,-0.13690870849946293,8.757765524999916,0.01661620534202614,0.0025582084617294105,0.04193631099779123,0.0,0.42323485956542006,-0.8817102772210573,-0.19206071513497816,0.0,0.0,0.0,0.0,0.0,0.05719389994127293,,
7.5,4.353747360268033,-0.10200055234577249,8.758571885679721,0.02209693964211546,-0.001250254370146623,0.052273065533453955,0.0,0.42895424955954736,-0.8928830712308011,-0.19717065865456732,0.0,0.0,0.0,0.0,0.0,0.05719389994127293,,
7.6000000000000005,4.420562740572004,-0.027924518827385954,8.556285253758777,0.024882899005298147,0.004141716646025932,0.061494287053718476,0.0,0.43467363955367466,-0.9040264569015529,-0.20234441981550627,0.0,0.0,0.0,0.0,0.0,0.05719389994127293,,
7.7,4.745634643044697,-0.21083379841068764,8.838129902005052,0.023956776059917657,0.014873339780295465,0.04455309837745247,0.0,0.44039302954780196,-0.9151400697183163,-0.2075818293771722,0.0,0.0,0.0,0.0,0.0,0.05719389994127293,,
7.800000000000001,4.456597077517937,-0.0319096320533247,9.061908005513313,0.03978258359213012,0.0020491479352857953,0.049346624939253764,0.0,0.44611241954192926,-0.9262235461400046,-0.21288271601691827,0.0,0.0,0.0,0.0,0.0,0.05719389994127293,,
7.9,4.406714556118364,0.056557600640693415,8.754639085122275,0.03658133321661254,0.003040692025744969,0.05884300946787103,0.0,0.45183180953605656,-0.9372765236113325,-0.21824690633567778,0.0,0.0,0.0,0.0,0.0,0.05719389994127293,,
8.0,4.532364472999234,-0.133309808047492,9.033759075875457,0.024682936467561978,0.014590899106279642,0.061438745210792484,0.0,0.45755119953018386,-0.9482986405746765,-0.2236742248636364,0.0,0.0,0.0,0.0,0.0,0.05719389994127293,-2.5294898437774718,-5.626992280059654
8.1,4.469480559000556,0.03672503386190509,8.719584735886741,0.032927252528133784,-0.00341532135030612,0.04449867010635763,0.0,0.46327058952431116,-0.959289536481901,-0.22916449406597186,0.0,0.0,0.0,0.0,0.0,0.05719389994127293,,
8.200000000000001,4.3607834948771185,-0.14250761009258064,8.874293937860072,0.03833231325880887,-0.011189837560014997,0.06932398041476506,0.0,0.46898997951843846,-0.970248851806153,-0.23471753434866152,0.0,0.0,0.0,0.0,0.0,0.05719389994127293,,
8.3,4.499229490968782,-0.09234315670540152,8.718238900832988,0.022098199971612154,0.010126038715360766,0.05300774795002938,0.0,0.47470936951256576,-0.9811762280536223,-0.24033316406435698,0.0,0.0,0.0,0.0,0.0,0.05719389994127293,,
8.4,4.553450902305386,0.19006051918908076,8.887868140155438,0.02310560322661107,-0.0030202524665894387,0.0525424227867829,0.0,0.48042875950669306,-0.9920713077752685,-0.2460111995183261,0.0,0.0,0.0,0.0,0.0,0.05719389994127293,,
8.5,4.248277385758464,0.052275321850675766,8.774852822790214,0.014556732988612943,0.0010017906491530998,0.06489670689374843,0.0,0.48614814950082036,-1.0029337345785139,-0.25175145497446183,0.0,0.0,0.0,0.0,0.0,0.05719389994127293,,
8.6,4.459436214024924,0.030137326268749272,8.820253452025474,0.03357154066673282,0.0007967039237208804,0.0605759217537273,0.0,0.49186753949494766,-1.0137631531389006,-0.257553742661358,0.0,0.0,0.0,0.0,0.0,0.05719389994127293,,
8.700000000000001,4.357026299103724,0.17345599343019386,8.631265393311832,0.03450796417908868,0.00462882097176325,0.053535221268391,0.0,0.49758692948907496,-1.024559209211715,-0.2634178727784514,0.0,0.0,0.0,0.0,0.0,0.05719389994127293,,
8.8,4.701773706728978,-0.06398621150011813,8.790476531744366,0.017402910500000514,-0.017546369368043525,0.06599827256790324,0.0,0.5033063194832023,-1.0353215496435748,-0.26934365350223066,0.0,0.0,0.0,0.0,0.0,0.05719389994127293,,
8.9,4.775657478662573,0.0073614649067409044,8.976125102994688,0.025168710863694408,0.01177717280265757,0.059890098929382525,0.0,0.5090257094773295,-1.046049822383981,-0.27533089099251074,0.0,0.0,0.0,0.0,0.0,0.05719389994127293,,
9.0,4.422859535362469,0.07561580745859854,8.621605767209264,0.035295596583911695,-0.007601087712838543,0.06463894801784309,0.0,0.5147450994714567,-1.056743676496834,-0.28137938939877394,0.0,0.0,0.0,0.0,0.0,0.05719389994127293,2.2131996164987116,0.7477692633631532
9.1,4.4277222169669335,0.042530814356414856,8.862556485460615,0.027858353632728212,-0.00027160515397636504,0.05135906479650321,0.0,0.520464489465584,-1.0674027621719144,-0.28748895086657633,0.0,0.0,0.0,0.0,0.0,0.05719389994127293,,
9.200000000000001,4.449436474928922,-0.17284420683742951,8.766583162504995,0.029835877554897666,0.007968170745385845,0.04847587118988492,0.0,0.5261838794597112,-1.0780267307363236,-0.2936593755440199,0.0,0.0,0.0,0.0,0.0,0.05719389994127293,,
9.3,4.376294155615485,-0.006504861365924828,8.419134849225062,0.04027284995740339,0.007185942621011567,0.0585679859245376,0.0,0.5319032694538385,-1.0886152346658908,-0.29989046158828986,0.0,0.0,0.0,0.0,0.0,0.05719389994127293,,
9.4,4.6733981708951795,-0.19791043092624497,8.751979096429398,0.030149860317057443,0.0005078043996388916,0.04842116029940989,0.0,0.5376226594479657,-1.099167927596541,-0.3061820051722574,0.0,0.0,0.0,0.0,0.0,0.05719389994127293,,
9.5,4.7369954049219745,0.049115369009290116,8.598754024658556,0.04514326255631598,0.002437054134148666,0.061720923465040295,0.0,0.543342049442093,-1.1096844643356243,-0.3125338004911469,0.0,0.0,0.0,0.0,0.0,0.05719389994127293,,
9.600000000000001,4.515679661242989,-0.12016262780119537,8.67685213680968,0.017330409580882132,-0.013659080108464472,0.0381560487032105,0.0,0.5490614394362202,-1.1201645008732084,-0.31894563976926815,0.0,0.0,0.0,0.0,0.0,0.05719389994127293,,
9.700000000000001,4.461381422720572,-0.16413122353628087,8.638539098677251,0.011591277742137994,-0.01644097041637665,0.061363725404933143,0.0,0.5547808294303475,-1.130607694393331,-0.3254173132668131,0.0,0.0,0.0,0.0,0.0,0.05719389994127293,,
9.8,4.5800450886038275,-0.15252787399654258,8.82624943295038,0.032195182875522546,0.0010694605210518032,0.07056570734606872,0.0,0.5605002194244747,-1.1410137032852141,-0.3319486092867167,0.0,0.0,0.0,0.0,0.0,0.05719389994127293,,
9.9,4.826029132079008,0.013342576383629894,8.980422400593117,0.023284986061853905,0.003904288933251509,0.04490150772941154,0.0,0.5662196094186019,-1.1513821871544383,-0.33853931418158156,0.0,0.0,0.0,0.0,0.0,0.05719389994127293,,
10.0,4.450980301002978,-0.10253576195319983,8.875756587130367,0.037819768035485285,0.00907119186279909,0.04908137943279931,0.0,0.5719389994127292,-1.1617128068340778,-0.34518921236066696,0.0,0.0,0.0,0.0,0.0,0.05719389994127293,-0.6115567534067681,4.851713951047675
10.100000000000001,4.449973860561768,-0.017152021066246886,8.651245527775908,0.023440687264888446,-0.025153960975500222,0.06362484899267332,0.0,0.5776583894068564,-1.172005224395795,-0.35189808629694086,0.0,0.0,0.0,0.0,0.0,0.05719389994127293,,
10.200000000000001,4.640825881033112,-0.033316040454899554,8.742617187915133,0.021139498887525664,-0.007865954431432124,0.056344006598707745,0.0,0.5833777794009837,-1.1822591031608942,-0.3586657165341957,0.0,0.0,0.0,0.0,0.0,0.05719389994127293,,
10.3,4.315939996725313,0.13996951527698578,8.718427608005593,0.028977411355511244,-0.004173086770064854,0.056746729662874834,0.0,0.5890971693951109,-1.1924741077113354,-0.3654918816942269,0.0,0.0,0.0,0.0,0.0,0.05719389994127293,,
10.4,4.505280683234609,-0.39765402482755247,8.642015047021605,0.025102454985972824,-0.008031499935123379,0.05012807273508052,0.0,0.5948165593892382,-1.202649903900706,-0.3723763584840747,0.0,0.0,0.0,0.0,0.0,0.05719389994127293,,
10.5,4.521476693982936,0.10543239770403687,8.297319103220381,0.03617181965136669,-0.013022620905809237,0.04689167578774403,0.0,0.6005359493833654,-1.2127861588651505,-0.37931892170332804,0.0,0.0,0.0,0.0,0.0,0.05719389994127293,,
10.600000000000001,4.503307898939456,-0.047625411049954346,8.743718389740437,0.012850540871585131,0.0017431941711336199,0.0585809179268337,0.0,0.6062553393774927,-1.2228825410342605,-0.38631934425149145,0.0,0.0,0.0,0.0,0.0,0.05719389994127293,,
10.700000000000001,4.303044939810674,0.02719901982163543,8.970865036882584,0.019657179568614614,0.018739228119300597,0.0349373120451508,0.0,0.6119747293716199,-1.2329387201419195,-0.39337739713541364,0.0,0.0,0.0,0.0,0.0,0.05719389994127293,,
10.8,4.212480713903547,0.2856741961866489,8.747212458301135,0.03273757123637021,0.006435496550526283,0.060569113147398844,0.0,0.6176941193657471,-1.2429543672371064,-0.40049284947677827,0.0,0.0,0.0,0.0,0.0,0.05719389994127293,,
10.9,4.559598297286522,0.110543461453803,8.7941214918542,0.02942753383828483,0.007605499001766198,0.06281801193965136,0.0,0.6234135093598744,-1.2529291546946566,-0.40766546851965624,0.0,0.0,0.0,0.0,0.0,0.05719389994127293,,
11.0,4.540702196391624,0.09331792744292591,8.936645380353397,0.013618411023904336,0.0009744002315294294,0.0641837612894068,0.0,0.6291328993540016,-1.2628627562259787,-0.4148950196381195,0.0,0.0,0.0,0.0,0.0,0.05719389994127293,-5.084679329857301,-4.708553005981209
11.100000000000001,4.078325642715121,0.2293977657937827,8.592098521276302,0.027375070232541855,-0.011000415954610236,0.060360768930062904,0.0,0.6348522893481289,-1.2727548468897276,-0.4221812663439158,0.0,0.0,0.0,0.0,0.0,0.05719389994127293,,
11.200000000000001,4.393858294082059,0.006486193411067151,8.769781862498258,0.04122430407233001,0.0003593450687686909,0.04998189176284848,0.0,0.6405716793422561,-1.2826051031024344,-0.4295239702942048,0.0,0.0,0.0,0.0,0.0,0.05719389994127293,,
11.3,4.467723262266747,-0.2772726821342232,8.669965933938634,0.0126003956467764,0.010480150457848897,0.05277348753211833,0.0,0.6462910693363834,-1.2924132026490902,-0.43692289129935447,0.0,0.0,0.0,0.0,0.0,0.05719389994127293,,
11.4,4.664776088058618,0.16009928977150195,8.339256619682187,0.034806358699608866,-0.006811143612350888,0.0585182215536703,0.0,0.6520104593305106,-1.3021788246936876,-0.44437778733079786,0.0,0.0,0.0,0.0,0.0,0.05719389994127293,,
11.5,4.836990687878216,0.06497829287474965,8.764133767572094,0.016896019421013972,0.0018121086343584197,0.058218195788465425,0.0,0.6577298493246378,-1.3119016497897145,-0.4518884145289504,0.0,0.0,0.0,0.0,0.0,0.05719389994127293,,
11.600000000000001,4.605845591857658,-0.06318236775024229,8.803453237289814,0.027364704458319386,-0.01380262059362328,0.06391518052288409,0.0,0.6634492393187651,-1.3215813598906039,-0.45945452721118674,0.0,0.0,0.0,0.0,0.0,0.05719389994127293,,
11.700000000000001,4.563345617385181,0.018915882921692495,8.632877107860487,0.027726064000583438,0.00725397546347787,0.043207084766301466,0.0,0.6691686293128923,-1.331217638360138,-0.4670758778798774,0.0,0.0,0.0,0.0,0.0,0.05719389994127293,,
11.8,4.552120232855072,-0.1381394942863469,8.754153152426033,0.03017741134921082,0.0007518716825150205,0.05229348495623977,0.0,0.6748880193070196,-1.3408101699828052,-0.47475221723048483,0.0,0.0,0.0,0.0,0.0,0.05719389994127293,,
11.9,4.294806890558443,0.021869661023871223,8.757202409076545,0.02776884652061334,0.024332202155534315,0.05389948482526658,0.0,0.6806074093011468,-1.3503586409741122,-0.4824832941597183,0.0,0.0,0.0,0.0,0.0,0.05719389994127293,,
12.0,4.477655825474398,0.13927886898998548,8.628544431865507,0.0358236265380231,0.002440494426976422,0.0409291622961413,0.0,0.6863267992952741,-1.359862738990847,-0.49026885577374796,0.0,0.0,0.0,0.0,0.0,0.05719389994127293,-0.6322301162441825,-3.2654596442955675
12.100000000000001,4.710552104549154,0.03890232361050302,8.719671464321337,0.0291196465699063,0.0007103365420972012,0.05826552014279099,0.0,0.6920461892894013,-1.3693221531412973,-0.49810864739647737,0.0,0.0,0.0,0.0,0.0,0.05719389994127293,,
12.200000000000001,4.516865758203616,-0.28695491125102646,8.371453100156577,0.034564253245224205,0.006167269553612314,0.05539998132777146,0.0,0.6977655792835286,-1.3787365739954192,-0.5060024125778741,0.0,0.0,0.0,0.0,0.0,0.05719389994127293,,
12.3,4.320772106086896,-0.254639911393181,8.711706231201251,0.0312269963779961,-0.006124655136749139,0.06309111036035057,0.0,0.7034849692776558,-1.3881056935949596,-0.513949893102359,0.0,0.0,0.0,0.0,0.0,0.05719389994127293,,
12.4,4.752048781307726,-0.019837641800764548,8.463891786357923,0.04354702267504004,0.008692065038446108,0.04424388111944952,0.0,0.709204359271783,-1.39742920546353,-0.5219508289972519,0.0,0.0,0.0,0.0,0.0,0.05719389994127293,,
12.5,4.211463839009823,-0.08973785544061844,8.704552110235152,0.032646846473735024,0.010743220509447917,0.03472826938189316,0.0,0.7149237492659103,-1.4067068046166311,-0.5300049585412767,0.0,0.0,0.0,0.0,0.0,0.05719389994127293,,
12.600000000000001,4.663353485841452,-0.03918617501694119,8.58703970607178,0.03312305182320205,-0.019252589692158924,0.04753707677881587,0.0,0.7206431392600375,-1.4159381875716304,-0.538112018273122,0.0,0.0,0.0,0.0,0.0,0.05719389994127293,,
12.700000000000001,4.401094439911286,-0.009319221686407414,8.727447707437205,0.03777215891025793,0.0015231603050930031,0.0613650206387292,0.0,0.7263625292541648,-1.425123052357688,-0.5462717430000595,0.0,0.0,0.0,0.0,0.0,0.05719389994127293,,
12.8,4.560337870898909,0.40084731607369645,8.81393452747518,0.02099603340619846,-0.005934396838727125,0.05023174378823594,0.0,0.732081919248292,-1.4342610985256363,-0.5544838658066185,0.0,0.0,0.0,0.0,0.0,0.05719389994127293,,
12.9,4.815061462361653,0.25820552401445906,8.80932499377934,0.02245547412776705,0.00471165932609847,0.06491524814519611,0.0,0.7378013092424193,-1.4433520271578062,-0.5627481180633174,0.0,0.0,0.0,0.0,0.0,0.05719389994127293,,
13.0,4.334482434123127,0.12821304796884603,8.761552187655566,0.030638071444410938,0.004685576587670344,0.03598466120012696,0.0,0.7435206992365465,-1.4523955408778062,-0.5710642294354509,0.0,0.0,0.0,0.0,0.0,0.05719389994127293,-5.907734746393555,0.13735716606974324
13.100000000000001,4.653037160762992,0.06487250341529907,8.889373191966428,0.042588395652003806,6.713360450322768e-06,0.07200546755936946,0.0,0.7492400892306738,-1.4613913438602502,-0.5794319278919328,0.0,0.0,0.0,0.0,0.0,0.05719389994127293,,
13.200000000000001,4.705316566196619,0.11345155474618435,8.879816732527143,0.017414201479354137,-0.014299541328681891,0.06269812371980651,0.0,0.754959479224801,-1.4703391418404335,-0.5878509397141947,0.0,0.0,0.0,0.0,0.0,0.05719389994127293,,
13.3,4.532190268611691,-0.028037737674143845,8.654576223437608,0.03224558937862227,-0.001903908513558383,0.03350719846386772,0.0,0.7606788692189282,-1.4792386421239592,-0.5963209895051395,0.0,0.0,0.0,0.0,0.0,0.05719389994127293,,
13.4,4.54798693270421,-0.11654551125567254,8.663559005238707,0.021585050868907982,0.026269869286268902,0.06670049680684154,0.0,0.7663982592130555,-1.4880895535963121,-0.6048418001981503,0.0,0.0,0.0,0.0,0.0,0.05719389994127293,,
13.5,4.546000846282902,0.10870617077728346,8.801609700032847,0.017952489223631733,0.0062651409736389375,0.046463776263797045,0.0,0.7721176492071827,-1.4968915867323824,-0.6134130930661532,0.0,0.0,0.0,0.0,0.0,0.05719389994127293,,
13.600000000000001,4.418674949418152,-0.20872080717324462,8.497896158750203,0.02375532490726067,0.020256721010483703,0.06351828705801729,0.0,0.77783703920131,-1.5056444536059352,-0.6220345877307354,0.0,0.0,0.0,0.0,0.0,0.05719389994127293,,
13.700000000000001,4.425003697757248,-0.0014690542046912718,8.709624830553969,0.012348142875156759,0.015943862926496112,0.045031408483981926,0.0,0.7835564291954372,-1.5143478678990299,-0.6307060021713161,0.0,0.0,0.0,0.0,0.0,0.05719389994127293,,
13.8,4.6826751865531175,0.08997800807996845,8.769749130161056,0.022760109245581393,-0.0032994209426292264,0.04293172204897512,0.0,0.7892758191895645,-1.5230015449113856,-0.6394270527343724,0.0,0.0,0.0,0.0,0.0,0.05719389994127293,,
13.9,4.371386071731643,0.03273845064992482,8.600815558297937,0.020515720048316012,-0.013750317353857795,0.04654533427977692,0.0,0.7949952091836917,-1.5316052015696942,-0.6481974541427175,0.0,0.0,0.0,0.0,0.0,0.05719389994127293,,
14.0,4.573006480623991,-0.05055707829899734,8.663507681082383,0.014474085937325052,-0.011911823263503183,0.059764506277232086,0.0,0.800714599177819,-1.5401585564368798,-0.6570169195048325,0.0,0.0,0.0,0.0,0.0,0.05719389994127293,2.563210731018102,-3.1972127774842463
14.100000000000001,4.616423394990574,0.12903689861631573,9.184276822759692,0.027906821445165066,-0.0071430468469577835,0.053585589362796636,0.0,0.8064339891719462,-1.5486613297213057,-0.6658851603242517,0.0,0.0,0.0,0.0,0.0,0.05719389994127293,,
14.200000000000001,4.4894510867799955,-0.2603306005318477,8.760033710417119,0.03201736574158223,-0.00613482191888184,0.06029648057661939,0.0,0.8121533791660734,-1.5571132432859254,-0.6748018865089987,0.0,0.0,0.0,0.0,0.0,0.05719389994127293,,
14.3,4.631598530276515,0.13384953890594226,8.610325314766063,0.030043967363518866,-0.005346532420847089,0.05945686925425886,0.0,0.8178727691602007,-1.5655140206573823,-0.6837668063810765,0.0,0.0,0.0,0.0,0.0,0.05719389994127293,,
14.4,4.352028975404772,-0.18553474088706737,8.621806298962577,0.02645960601351602,-0.0026757075789244585,0.054191300360973735,0.0,0.8235921591543279,-1.5738633870350527,-0.692779626686008,0.0,0.0,0.0,0.0,0.0,0.05719389994127293,,
14.5,4.280836631914485,-0.08559443511451753,8.64092483823121,0.030298388202905487,0.005271249909840241,0.05251414161848387,0.0,0.8293115491484552,-1.5821610693000345,-0.7018400526024294,0.0,0.0,0.0,0.0,0.0,0.05719389994127293,,
14.600000000000001,4.599224341336693,0.07215875131777298,8.60242235422116,0.009200279914054806,0.008873064471535614,0.05753085362807365,0.0,0.8350309391425824,-1.5904067960240826,-0.710947787751734,0.0,0.0,0.0,0.0,0.0,0.05719389994127293,,
14.700000000000001,4.494708923389386,-0.1677116637063906,8.72515297632215,0.03915529554236565,0.024883963058632823,0.0597571751628267,0.0,0.8407503291367097,-1.5986002974784863,-0.7201025342077666,0.0,0.0,0.0,0.0,0.0,0.05719389994127293,,
14.8,4.478302461509402,0.13569553332062045,8.663226634991753,0.0344419773586557,-0.02449539409275507,0.06271218750419733,0.0,0.8464697191308369,-1.6067413056428932,-0.72930399250657,0.0,0.0,0.0,0.0,0.0,0.05719389994127293,,
14.9,4.724535020495406,-0.25036692831967733,8.416965979689536,0.04138920697072958,0.009758467105112733,0.06516309598580382,0.0,0.8521891091249642,-1.6148295542140765,-0.73855186165618,0.0,0.0,0.0,0.0,0.0,0.05719389994127293,,
15.0,6.465579389818486,0.07522057741309965,7.567586638930122,0.03894439223092278,0.003967871977593454,0.06889111134953488,0.0,0.8579084991190914,-1.6074014008213962,-0.7299600555056123,2.2715333654086747,0.0,1.485630678536048,1.7183612301135582,0.0,0.056865679240172454,2.018863491262267,-4.175487801140412
15.100000000000001,6.447024486447564,0.2532372424795373,7.602598985001152,0.03475308746270265,-0.010953559367056843,0.06355204082911681,0.22715333654086747,0.8635950670431086,-1.5853129711297413,-0.7040163702062201,2.2715333654086747,0.012917228774067915,1.4660156724282425,1.7351739777782595,0.0,0.056865679240172454,,
15.200000000000001,6.461661941140619,-0.06833206765887999,7.714021639638532,0.05102054695384608,-0.009586799690938168,0.037390676169261956,0.45430667308173495,0.8692816349671258,-1.5487618448030132,-0.6605543552554551,2.2715333654086747,0.02583445754813583,1.4462578120105292,1.751818937721642,0.0,0.056865679240172454,,
15.3,6.794163786310957,0.19209290444622087,7.723204494355557,0.022726227969559615,-0.010894134978617798,0.040797519471603844,0.6814600096226024,0.8749682028911431,-1.4979470172995022,-0.5994092488276289,2.2715333654086747,0.03875168632220374,1.4263583727934668,1.7682950307343082,0.0,0.056865679240172454,,
15.4,6.571991357978898,0.1047107050457132,7.555916723467918,0.031275706760711584,-0.006774552242561725,0.04960021592131727,0.9086133461634699,0.8806547708151603,-1.43306888704029,-0.5204179884751559,2.2715333654086747,0.05166891509627166,1.4063186379317494,1.7846011866963087,0.0,0.056865679240172454,,
15.5,6.363539811113711,-0.02451755850621229,7.8216147992929645,0.03145797450043783,0.0037894455553941636,0.06422768612905587,1.1357666827043373,0.8863413387391775,-1.35432924250183,-0.4234192217383815,2.2715333654086747,0.06458614387033958,1.3861398981620299,1.8007363446291234,0.0,0.056865679240172454,,
15.600000000000001,6.578263263395918,0.08239812658549338,7.683470450336989,0.005178491786229953,0.006296370714527247,0.06412385226462315,1.362920019245205,0.8920279066631948,-1.2619312492333352,-0.30825331666348077,2.2715333654086747,0.07750337264440749,1.3658234517403962,1.816699452747225,0.0,0.056865679240172454,,
15.700000000000001,6.6031012732034,0.16276662922295324,7.667811710835045,0.032837745542834834,-0.015328470093340698,0.05271444244983067,1.5900733557860725,0.897714474587212,-1.1560794367995988,-0.1747623722279144,2.2715333654086747,0.09042060141847541,1.34537060437951,1.8324894685092328,0.0,0.056865679240172454,,
15.8,6.428378797412194,0.25985667805299045,7.79440441495695,0.03043506928385238,-0.007730490692392444,0.04039910766253851,1.81722669232694,0.9034010425112292,-1.0369796856498807,-0.022790228672935675,2.2715333654086747,0.10333783019254333,1.3247826691854045,1.848105358668644,0.0,0.056865679240172454,,
15.9,6.581406861390526,-0.148471918350725,7.795641345729688,0.032873944326632994,0.009833544333337258,0.058892149095639355,2.0443800288678076,0.9090876104352464,-0.9048392139134959,0.14781752225735453,2.2715333654086747,0.11625505896661124,1.3040609665939482,1.863546099324148,0.0,0.056865679240172454,,
16.0,6.62718942068653,0.10782523542434178,7.388952945311052,0.01919355711425543,-0.008973276751703676,0.05803805762244593,2.271533365408675,0.9147741783592637,-0.7598665641227428,0.337213527170904,2.2715333654086747,0.12917228774067915,1.2832068243069756,1.8788106759695151,0.0,0.056865679240172454,1.1368244362148072,3.2155854469612675
16.1,6.585718100090518,0.1813961945889644,7.687332988296138,0.016311046730201232,-0.012164304307485066,0.06827562290165828,2.4986867019495427,0.9204607462832809,-0.6022715898638138,0.5455486609770516,2.2715333654086747,0.14208951651474708,1.2622215772280878,1.8938980835430645,0.0,0.056865679240172454,,
16.2,6.411093520131737,0.16525089446991445,7.512125403070438,0.04489013994076964,-0.013836537894518655,0.05132556897283158,2.7258400384904102,0.9261473142072981,-0.4322654423563326,0.772972016930805,2.2715333654086747,0.155006745288815,1.241106567398126,1.9088073264767011,0.0,0.056865679240172454,,
16.3,6.868539023149003,0.2194559033470263,7.722249057145808,0.032443402639748986,0.0022713080601735247,0.04196057432825565,2.952993375031278,0.9318338821313153,-0.25006055696216795,1.0196308967725423,2.2715333654086747,0.16792397406288292,1.2198631439303194,1.9235374187445298,0.0,0.056865679240172454,,
16.400000000000002,6.436191304363107,0.20485000821867827,7.8870203386045,0.024848203866557284,-0.001966539579598968,0.059604831797924085,3.1801467115721453,0.9375204500553326,-0.05587063962417478,1.285670800963616,2.2715333654086747,0.18084120283695085,1.1984926629451127,1.9380873839110317,0.0,0.056865679240172454,,
16.5,6.735227545006799,0.24060582285005944,7.644022872052675,0.021755718358108685,0.019597408540381233,0.0321765668844502,3.407300048113013,0.9432070179793498,0.15008934676448243,1.5712354190183402,2.2715333654086747,0.19375843161101877,1.1769964875046754,1.9524562551788138,0.0,0.056865679240172454,,
16.6,6.3606322822531185,0.29401339076288724,7.763969387503197,0.00859274488301601,0.01054839661195708,0.0613855922359661,3.6344533846538805,0.948893585903367,0.36760319605976527,1.876466619932831,2.2715333654086747,0.20667566038508667,1.155375987547092,1.9666430754359197,0.0,0.056865679240172454,,
16.7,6.4536027834002745,0.19403968307002473,7.700781593835467,0.02784315505671947,0.0084771592437878,0.04899770405422399,3.861606721194748,0.9545801538273843,0.5964534726342954,2.2015044427111716,2.2715333654086747,0.2195928891591546,1.133632539820242,1.9806468973027047,0.0,0.056865679240172454,,
16.8,6.499258652897516,0.5485381199789698,8.080856443840235,0.021542821297809447,-0.01218930100996709,0.05638653301768618,4.088760057735615,0.9602667217514015,0.8364215252123225,2.546487086989366,2.2715333654086747,0.2325101179332225,1.1117675278153676,1.9944667831782725,0.0,0.056865679240172454,,
16.900000000000002,6.424065212473016,0.5771867754028195,7.730337099574112,0.012458070873353962,-0.008056326387219554,0.06795413954081395,4.315913394276483,0.9659532896754187,1.0872875007714589,2.9115509037575364,2.2715333654086747,0.2454273467072904,1.0897823417003356,2.008101805286468,0.0,0.056865679240172454,,
17.0,6.846253562578698,0.4298178381869895,7.685106488041837,0.040826328277222004,0.015956159335512712,0.04486306088586766,4.54306673081735,0.9716398575994359,1.3488303585105097,3.2968303861808304,2.2715333654086747,0.2583445754813583,1.067678378252593,2.021551045721432,0.0,0.056865679240172454,0.06652681641397584,12.8432605108638
17.1,6.862330576032872,0.37817943169834833,7.64333838760273,0.020314768859926818,0.005633751692404556,0.06457133794435956,4.770220067358218,0.9773264255234532,1.620827883882726,3.702458160519475,2.2715333654086747,0.27126180425542623,1.0454570407918202,2.0348135964927057,0.0,0.056865679240172454,,
17.2,6.365631875103163,0.5066754019395548,7.535238826833876,0.028171817155426215,0.009750342368250548,0.05284217904851185,4.997373403899085,0.9830129934474704,1.903056702693804,4.12856497714844,2.2715333654086747,0.28417903302949415,1.0231197391122886,2.0478885595698904,0.0,0.056865679240172454,,
17.3,6.412677159805174,0.4663204091444392,7.705835682701613,0.008148308690441301,0.000648403664301453,0.049791962583020224,5.224526740439953,0.9886995613714876,2.195292295263951,4.575279701677137,2.2715333654086747,0.2970962618035621,1.000667889414919,2.0607750469268598,0.0,0.056865679240172454,,
17.400000000000002,6.582796008592448,0.452791210992602,7.808532858430237,0.03570912227082079,0.0030994918393269476,0.05146545199535589,5.4516800769808205,0.9943861292955049,2.4973090106533355,5.042729306169601,2.2715333654086747,0.31001349057763,0.9781029142390476,2.073472180585519,0.0,0.056865679240172454,,
17.5,6.645155256341024,0.28855634167534,7.645758083299007,0.0487985965322227,0.01979727959986624,0.05748559625366154,5.678833413521688,1.0000726972195222,2.8088800809502383,5.531038860465594,2.2715333654086747,0.3229307193516979,0.9554262423939017,2.0859790926591124,0.0,0.056865679240172454,,
17.6,6.441313281840554,0.2820934157231567,7.713228900697086,0.026657022394018577,-0.024629185266116838,0.051797187407465695,5.905986750062556,1.0057592651435394,3.1297776356212106,6.040331523603032,2.2715333654086747,0.33584794812576585,0.9326393088897921,2.0982949253950736,0.0,0.056865679240172454,,
17.7,6.495194634168795,0.13102347321535585,7.817879427176817,0.028627416057200192,-0.004170468838195702,0.057452165348040415,6.133140086603423,1.0114458330675566,3.4597727159225555,6.5707285353422025,2.2715333654086747,0.3487651768998338,0.9097435548690131,2.110418831217425,0.0,0.056865679240172454,,
17.8,6.502928134395159,0.16759984544376028,7.596177271749925,0.02331327318165669,0.013533770829674302,0.05627877218858896,6.360293423144291,1.0171324009915739,3.798635289372436,7.122349207792148,2.2715333654086747,0.3616824056739017,0.8867404275364689,2.122349972768714,0.0,0.056865679240172454,,
17.900000000000002,6.649338169766249,0.28996823943819733,7.877918863442701,0.029305546553573363,-0.001651225431671168,0.04188949774086308,6.587446759685158,1.022818968915591,4.146134264282912,7.695310917139657,2.2715333654086747,0.3745996344479696,0.8636313800900184,2.134087522951489,0.0,0.056865679240172454,,
18.0,6.413513927613651,0.5432225673596013,7.5237682531108305,0.0317033314829493,0.010702211279162963,0.052059552245004734,6.814600096226026,1.0285055368396083,4.502037504351203,8.289729095481269,2.2715333654086747,0.38751686322203754,0.8404178716505449,2.145630664969317,0.0,0.056865679240172454,3.469823688902844,13.450139378780456
18.1,6.515868661890781,0.2856818247654275,7.598605595331249,0.02655985170712022,-0.009057503977701485,0.04240996494089355,7.041753432766893,1.0341921047636256,4.866111843309491,8.90571722275869,2.2715333654086747,0.4004340919961054,0.8171013671917533,2.1569785923673357,0.0,0.056865679240172454,,
18.2,6.597672787153676,0.5336657919159316,7.6789243909128775,0.021070370878222073,-0.011962482005299565,0.03589854268386537,7.268906769307761,1.0398786726876428,5.238123099632533,9.54338681879803,2.2715333654086747,0.41335132077017334,0.7936833374696985,2.168130509072336,0.0,0.056865679240172454,,
18.3,6.56067247917282,0.4689926742279425,7.707719687909034,0.016036800579793918,0.005728128557775246,0.0718658623017279,7.4960601058486285,1.04556524061166,5.617836091302404,10.202847435453245,2.2715333654086747,0.42626854954424126,0.770165258952048,2.1790856294323855,0.0,0.056865679240172454,,
18.400000000000002,6.610338927296977,0.6847353646574569,7.7079099536248155,0.01940163948214007,-0.0031580944257593893,0.043711719669100424,7.723213442389496,1.0512518085356772,6.005014650629633,10.884206648854196,2.2715333654086747,0.4391857783183092,0.7465486137470803,2.189843178255975,0.0,0.056865679240172454,,
18.5,6.511364104119231,0.4446397300664585,7.609712639127404,0.025343763591926773,0.007479544839537043,0.05010257727585174,7.950366778930364,1.0569383764596945,6.399421639130038,11.58757005175969,2.2715333654086747,0.4521030070923771,0.7228348895324227,2.2004023908507007,0.0,0.056865679240172454,,
18.6,6.147680210133304,0.34536744932328345,7.760013816322601,0.04270116180904267,-0.009309250675954511,0.06403191412469561,8.17752011547123,1.0626249443837117,6.800818962456547,12.313041246015894,2.2715333654086747,0.465020235866445,0.6990255794835345,2.2107625130614665,0.0,0.056865679240172454,,
18.7,6.327233534482098,0.4377323377582183,7.583827292204579,0.026905828529392502,0.0007233439065602815,0.05410470778960287,8.404673452012098,1.068311512307729,7.208967585385266,13.06072183512051,2.2715333654086747,0.4779374646405129,0.6751221822019329,2.2209228013082223,0.0,0.056865679240172454,,
18.8,6.699114483956503,0.35401081021747577,7.709870497630545,0.03994844317542623,0.008187799029467282,0.05390494433219081,8.631826788552965,1.0739980802317461,7.623627546855101,13.830711416893065,2.2715333654086747,0.4908546934145808,0.6511262016431698,2.230882522623215,0.0,0.056865679240172454,,
18.900000000000002,6.6814244207682325,0.4401119221085273,7.361861974815931,0.011958188155797104,-0.012568650270743519,0.06424326194343083,8.858980125093833,1.0796846481557634,8.044557975060185,14.623107576251689,2.2715333654086747,0.5037719221886487,0.6270391470445611,2.240640954687773,0.0,0.056865679240172454,,
19.0,6.439819411058736,0.4717663471148691,7.587063671735229,0.033788170685929195,0.010987674975344038,0.05114783614271449,9.0861334616347,1.0853712160797806,8.47151710259441,15.438005878096755,2.2715333654086747,0.5166891509627166,0.6028625328526699,2.250197385868603,0.0,0.056865679240172454,7.0262138331959,17.82815548829501
19.1,6.671269418973768,0.5463080414354444,7.913371527388718,0.022556112377266697,0.00838036914046074,0.04469266331990308,9.313286798175568,1.0910577840037978,8.904262281647314,16.275499860301732,2.2715333654086747,0.5296063797367846,0.5785978786505475,2.259551115253614,0.0,0.056865679240172454,,
19.200000000000003,6.629497387006617,0.41859487777950943,7.681519457567406,0.02176871581543718,-0.013654313270557925,0.05758052425643024,9.540440134716436,1.096744351927815,9.342549999250611,17.135681026811593,2.2715333654086747,0.5425236085108525,0.5542467090847405,2.268701452687248,0.0,0.056865679240172454,,
19.3,6.597770550459519,0.5322734451103368,7.527521894140242,0.021136054199545885,0.009873363708912524,0.03868239049741766,9.767593471257303,1.1024309198518323,9.786135892574615,18.018638840849153,2.2715333654086747,0.5554408372849204,0.5298105537920542,2.2776477188053446,0.0,0.056865679240172454,,
19.400000000000002,6.459922662549591,0.8789627724272956,7.857725298673254,0.03178969658306342,-0.005906910832548672,0.038353286047745544,9.99474680779817,1.1081174877758495,10.234774764273842,18.924460718229646,2.2715333654086747,0.5683580660589883,0.5052909473260923,2.2863892450694987,0.0,0.056865679240172454,,
19.5,6.581596834498297,0.6139491428560089,7.645885778633394,0.030723101918230095,-0.009361902696109002,0.05326722413030437,10.221900144339038,1.1138040556998667,10.688220597881042,19.85323202078392,2.2715333654086747,0.5812752948330563,0.4806894290835614,2.294925373800951,0.0,0.056865679240172454,,
19.6,6.598654547106269,0.4811015251982178,7.736016240054178,0.032835341001745406,0.0009448774459917644,0.042659744232897784,10.449053480879906,1.119490623623884,11.146226573248905,20.805036049890546,2.2715333654086747,0.5941925236071242,0.45600754323035375,2.303255458213978,0.0,0.056865679240172454,,
19.700000000000003,6.4411263374978915,0.6987095197077987,7.6017177648437215,0.027657249430961445,0.016264380753996985,0.051554322241747885,10.676206817420773,1.1251771915479012,11.60854508203875,21.779954040117193,2.2715333654086747,0.6071097523811921,0.4312468386274033,2.311378862448794,0.0,0.056865679240172454,,
19.8,6.511304226882513,0.6137313443837473,7.662922390864468,0.04272352459096903,-0.014868342564606318,0.03947459540823269,10.903360153961641,1.1308637594719184,12.074927743255394,22.778065152971593,2.2715333654086747,0.62002698115526,0.406408868756325,2.3192949616039717,0.0,0.056865679240172454,,
19.900000000000002,6.539402734663071,0.5358500051213596,7.739687079774188,0.024089735165447143,-0.003060218904836808,0.06147394469598584,11.130513490502508,1.1365503273959356,12.545125418827489,23.79944647076239,2.2715333654086747,0.632944209929328,0.38149519164483714,2.327003141768354,0.0,0.056865679240172454,,
20.0,6.461104413174637,0.7782809209080299,7.642322024776745,0.019679659925002126,-0.0026441085602321966,0.05099617135040002,11.357666827043376,1.1422368953199529,13.01888822923258,24.844172990570236,2.2715333654086747,0.6458614387033959,0.35650736979196973,2.334502800052485,0.0,0.056865679240172454,9.256971633760616,18.395968359546067
20.1,6.62249009667958,0.6246329565401528,7.806215985249809,0.022964508994192563,-0.008464355915333857,0.05502834857061392,11.584820163584244,1.14792346324397,13.495965569166122,25.912317618329386,2.2715333654086747,0.6587786674774637,0.331446970093063,2.34179334461954,0.0,0.056865679240172454,,
20.200000000000003,6.530817555124202,0.5322692077981168,7.597534320994691,0.03723063734173751,0.0073261313390702,0.03488178062551879,11.811973500125111,1.1536100311679873,13.9761061232537,27.003951163020133,2.2715333654086747,0.6716958962515317,0.3063155637645598,2.34887419471576,0.0,0.056865679240172454,,
20.3,6.473879200950315,0.8864982399229211,7.814149719913585,0.030341867479401725,-0.002251756784656349,0.05569178758352899,12.039126836665979,1.1592965990920046,14.459057881805723,28.11914233097239,2.2715333654086747,0.6846131250255996,0.28111472626859435,2.355744780700386,0.0,0.056865679240172454,,
20.400000000000002,6.273122574493178,0.8153483427758218,7.9368867915026655,0.014622300175143882,-0.002431946117760041,0.04352839162143361,12.266280173206846,1.1649831670160218,14.944568156613798,29.257957720280668,2.2715333654086747,0.6975303537996675,0.25584603723737864,2.3624045440750994,0.0,0.056865679240172454,,
20.5,6.599897121515169,0.661123253981233,7.750130854058417,0.033061933102327384,0.011024109572516538,0.049010115563242314,12.493433509747714,1.170669734940039,15.43238359678807,30.42046181533079,2.2715333654086747,0.7104475825737354,0.23051108039739565,2.3688529375129534,0.0,0.056865679240172454,,
20.6,6.491125336809496,0.7335756673175736,7.7482957029801875,0.05424140412607896,-0.010440567708046992,0.04635240078003937,12.720586846288581,1.1763563028640562,15.922250204634722,31.60671698143859,2.2715333654086747,0.7233648113478034,0.20511144349339505,2.37508942488681,0.0,0.056865679240172454,,
20.700000000000003,6.384741740191627,0.6313993035681169,7.735348274720568,0.010575927536084866,0.009293845163664737,0.07778113533142862,12.947740182829449,1.1820428707880735,16.413913351572912,32.81678345960091,2.2715333654086747,0.7362820401218713,0.17964871821219996,2.3811134812972687,0.0,0.056865679240172454,,
20.8,6.46823468935137,0.7497374801820552,7.806662826158421,0.02166962178827587,0.001202294519634348,0.04642008121975617,13.174893519370316,1.1877294387120907,16.90711779409037,34.050719361359114,2.2715333654086747,0.7491992688959392,0.15412450010632595,2.386924593100093,0.0,0.056865679240172454,,
20.900000000000002,6.575353118936703,0.6436391396564021,7.702297284308799,0.028235626991562703,-0.006901071806435154,0.04699818202636044,13.402046855911184,1.193416006636108,17.401607689736863,35.30858066377546,2.2715333654086747,0.7621164976700071,0.12854038851741756,2.3925222579331313,0.0,0.056865679240172454,,
21.0,6.499124131710343,0.7420321234688794,7.83523554281582,0.03636966354082583,0.00360643866453298,0.06264684224328192,13.629200192452052,1.1991025745601251,17.897126613154803,36.590421204522535,2.2715333654086747,0.7750337264440751,0.10289798649950077,2.3979059847427293,0.0,0.056865679240172454,15.867658490011218,29.13719161728274
21.1,6.489796034364029,0.76345319061291,7.666624592477221,0.037485339097105067,-0.003623052362820545,0.05618937856431144,13.85635352899292,1.2047891424841424,18.393417572146213,37.896292677086045,2.2715333654086747,0.787950955218143,0.0771989007420616,2.4030752938096342,0.0,0.056865679240172454,,
21.200000000000003,6.672498339429063,0.7667482657809132,7.4433967883128025,0.029521514581705176,-0.011156082721217923,0.07052239176638125,14.083506865533787,1.2104757104081596,18.890223023775267,39.2262446260812,2.2715333654086747,0.8008681839922108,0.05144474149294764,2.408029716774393,0.0,0.056865679240172454,,
21.3,6.776067162814001,1.1566259754469717,7.394986916691761,0.030990517055425576,0.008092163738161193,0.05277149671190327,14.310660202074654,1.2161622783321768,19.38728489050564,40.58032444268294,2.2715333654086747,0.8137854127662788,0.02563712248110117,2.4127687966622355,0.0,0.056865679240172454,,
21.400000000000002,6.715235002319045,1.132306580628443,7.378193961303235,0.012134752011878355,0.0034945352534805673,0.04760186195357348,14.537813538615522,1.221848846256194,19.88434457637191,41.95857736017026,2.2715333654086747,0.8267026415403467,-0.00022233916087710526,2.4172920879074473,0.0,0.056865679240172454,,
21.5,6.6932714857437015,0.9219382473246462,7.498548946389267,0.031336526539090116,-0.016141097769928503,0.05612878918414814,14.76496687515639,1.2275354141802113,20.38114298318419,43.36104644958486,2.2715333654086747,0.8396198703144147,-0.026132022974328373,2.4215991563772326,0.0,0.056865679240172454,,
21.6,6.429279821333963,0.826423564707224,7.589539149885902,0.023303391995606677,0.010965585000530713,0.06514887912545876,14.992120211697257,1.2332219821042285,20.87742052676528,44.78777261550438,2.2715333654086747,0.8525370990884825,-0.052090305252294966,2.425689579395061,0.0,0.056865679240172454,,
21.700000000000003,6.522817665071227,0.9403768632889693,7.794261230315767,0.03284450892315786,0.0004550614228252952,0.06800360447402974,15.219273548238125,1.2389085500282457,21.3729171532195,46.23879459193037,2.2715333654086747,0.8654543278625505,-0.07809555911744015,2.4295629457634997,0.0,0.056865679240172454,,
21.8,6.370739050294648,1.0028345479838239,8.148328728633787,0.0401141974701179,0.002768972806618841,0.04047595159779603,15.446426884778992,1.244595117952263,21.867372355232444,47.71414893829135,2.2715333654086747,0.8783715566366184,-0.10414615460011978,2.433218855786529,0.0,0.056865679240172454,,
21.900000000000002,6.474204287617191,0.8929174655694958,7.815711081904472,0.030457664917394357,-0.010501973947475294,0.06932686631311191,15.67358022131986,1.2502816858762802,22.360525188400896,49.21387003556104,2.2715333654086747,0.8912887854106863,-0.13024045871660628,2.436656921291343,0.0,0.056865679240172454,,
22.0,6.465737392602635,1.126028587914555,7.835351995544139,0.02659157642419087,-0.0023351975146755385,0.047370929635063744,15.900733557860727,1.2559682538002974,22.852114287592073,50.73799008249205,2.2715333654086747,0.9042060141847542,-0.15637683554745851,2.4398767656496307,0.0,0.056865679240172454,21.400461196873188,53.40725219364764
22.1,6.803171218877314,0.960591239836518,7.5526717841569875,0.024003377301554423,-0.007019168867864149,0.05215295790875864,16.127886894401595,1.2616548217243146,23.341877883331478,52.286539091965274,2.2715333654086747,0.9171232429588222,-0.18255364631603876,2.4428780237983405,0.0,0.056865679240172454,,
22.200000000000003,6.508413860926102,0.9948394122841647,7.847733793354962,0.01713670320806048,0.0002082833084416429,0.05991544138799711,16.35504023094246,1.2673413896483319,23.829553818218496,53.85954488745506,2.2715333654086747,0.93004047173289,-0.20876924946716613,2.4456603422599206,0.0,0.056865679240172454,,
22.3,6.461505427633234,1.1135863819309413,7.489096171366312,0.017286889848996845,0.0003539413392729502,0.054598145047934504,16.582193567483326,1.273027957572349,24.314879563369022,55.45703309961048,2.2715333654086747,0.9429577005069578,-0.2350220007459115,2.448223379162044,0.0,0.056865679240172454,,
22.400000000000002,6.426632101449469,0.976484410401938,7.590385208205393,0.025804611846288416,-0.011949606220903932,0.056832695311988826,16.809346904024192,1.2787145254963663,24.797592234884284,57.07902716295283,2.2715333654086747,0.9558749292810256,-0.261310253276525,2.4505668042568076,0.0,0.056865679240172454,,
22.5,6.498026498289064,0.9214210707464986,7.571049812827315,0.0171534980595707,0.0004561922685940655,0.06573843302020727,17.036500240565058,1.2844010934203836,25.27742861034508,58.725548312689604,2.2715333654086747,0.9687921580550934,-0.287632357641493,2.4526902989394115,0.0,0.056865679240172454,,
22.6,6.255448392257764,0.8380480656969775,7.786991064859038,0.01977646185679874,0.00014245900955759812,0.04264798488532677,17.263653577105924,1.2900876613444008,25.754125145330647,60.39661558164498,2.2715333654086747,0.9817093868291612,-0.31398666196072333,2.4545935562663135,0.0,0.056865679240172454,,
22.700000000000003,6.291357888718044,1.201227788762691,7.73789133206364,0.025408675768040512,0.00010748322626156442,0.05468262076268912,17.49080691364679,1.295774229268418,26.227417989961356,62.09224579730721,2.2715333654086747,0.9946266156032291,-0.3403715119708557,2.4562762809728604,0.0,0.056865679240172454,,
22.8,6.337349248953033,0.9252477560638378,7.639357369689116,0.030440254941644165,0.012018284528523035,0.041540001581509,17.717960250187655,1.3014607971924352,26.697043005464458,63.812453578992894,2.2715333654086747,1.0075438443772968,-0.3667852511046895,2.4577381894903922,0.0,0.056865679240172454,,
22.900000000000002,6.509259366371875,1.0605753004112333,7.61422219612801,0.03293978211758457,0.004108021422372074,0.05867844895775033,17.94511358672852,1.3071473651164525,27.162735780762063,65.55725133512844,2.2715333654086747,1.0204610731513648,-0.39322622057073187,2.4589790099628246,0.0,0.056865679240172454,,
23.0,6.470204624780195,1.002546013363713,7.752401844304607,0.023717073465210688,0.00243076326506478,0.05245071225560181,18.172266923269387,1.3128339330404697,27.62423164908056,67.32664926064871,2.2715333654086747,1.0333783019254326,-0.4196927594328571,2.4599984822626992,0.0,0.056865679240172454,29.289739343546895,68.80193915957761
23.1,6.4883651818639905,0.775785425494143,7.62087675334943,0.041390896695991226,0.012906672629507539,0.049295322574546135,18.399420259810253,1.318520500964487,28.081265704580705,69.12065533451323,2.2715333654086747,1.0462955306995003,-0.44618320469007766,2.4607963580067125,0.0,0.056865679240172454,,
23.200000000000003,6.451669702429502,1.2835907313315806,7.423740574314004,0.042275241816679014,0.005509160329222469,0.06040033691983445,18.62657359635112,1.3242070688885041,28.533572819007542,70.93927531733993,2.2715333654086747,1.059212759473568,-0.4726958913564211,2.461372400570712,0.0,0.056865679240172454,,
23.3,6.669737045365518,0.9383128991190092,7.646556141789511,0.02210358847007199,0.005859016544414976,0.056304565904945404,18.853726932891984,1.3298936368125214,28.980887658359375,72.78251274915661,2.2715333654086747,1.072129988247636,-0.49922915254091127,2.4617263851041646,0.0,0.056865679240172454,,
23.400000000000002,6.3826636441063895,1.0821610517864781,7.785974090617374,0.04003286861158768,0.0005848578452619685,0.06363531765719115,19.08088026943285,1.3355802047365386,29.422944699575,74.6503689472703,2.2715333654086747,1.0850472170217038,-0.525781319527648,2.4618580985440994,0.0,0.056865679240172454,,
23.5,6.454457553299378,1.0187646605678302,7.72241198769537,0.04438336272206282,-0.0010283831316543193,0.05201607975072808,19.308033605973716,1.3412667726605558,29.859478247238382,76.54284300425464,2.2715333654086747,1.0979644457957716,-0.552350721855985,2.4617673396285134,0.0,0.056865679240172454,,
23.6,6.738870814783295,1.1055308915897293,7.338837173649025,0.036332809862196065,0.007324781550868083,0.06240195096355623,19.53518694251458,1.346953340584573,30.290222450299957,78.45993178605539,2.2715333654086747,1.1108816745698393,-0.5789356874007999,2.4614539189092515,0.0,0.056865679240172454,,
23.700000000000003,6.473875438654403,1.0161250036489882,7.452832547294249,0.04945611631778166,0.007085488185419421,0.043930226021186174,19.762340279055447,1.3526399085085903,30.714911318813815,80.4016299302142,2.2715333654086747,1.1237989033439073,-0.6055345424528547,2.460917658764356,0.0,0.056865679240172454,,
23.8,6.543286084311831,1.2744761270697613,7.8127437337708985,0.023760382240898357,0.018549911022989647,0.06843476812296234,19.989493615596313,1.3583264764326075,31.13327874068987,82.36792984421074,2.2715333654086747,1.136716132117975,-0.6321456117992397,2.4601583934098787,0.0,0.056865679240172454,,
23.900000000000002,6.5363106580729085,1.1876722882576625,7.82837861145794,0.041259063664919056,-0.0032150574020467382,0.030391526644067024,20.21664695213718,1.3640130443566247,31.54505849846031,84.35882170392334,2.2715333654086747,1.1496333608920428,-0.6587672188039051,2.459175968911164,0.0,0.056865679240172454,,
24.0,6.51184069698574,1.3728522488774952,7.582422480105336,0.0365342372038959,0.0024844423249560064,0.04176705545162645,20.443800288678045,1.369699612280642,31.949984286059436,86.37429345220829,2.2715333654086747,1.1625505896661108,-0.685397685488267,2.457970243193601,0.0,0.056865679240172454,35.652624012745086,88.14571215373135
24.1,6.336368629716457,0.9968734276065867,7.847813002489907,0.020587301052441494,-0.0032818688071584268,0.051957643599776365,20.67095362521891,1.3753861802046592,32.347789725616146,88.41433079759776,2.2715333654086747,1.1754678184401786,-0.7120353326118914,2.4565410860528356,0.0,0.056865679240172454,,
24.200000000000003,6.568087968892758,1.2928834664418472,7.934140326304962,0.026542358311019334,-0.006727372429084412,0.05119553418637321,20.898106961759776,1.3810727481286764,32.73820838425819,90.47891721311649,2.2715333654086747,1.1883850472142463,-0.7386784797532517,2.4548883791644562,0.0,0.056865679240172454,,
24.3,6.244006443375995,1.1057830557176291,7.650552514275477,0.021904092571845845,0.007589876625777923,0.0555415523796814,21.125260298300642,1.3867593160526936,33.12097379092751,92.5680339352175,2.2715333654086747,1.201302275988314,-0.7653254453905518,2.453012016093137,0.0,0.056865679240172454,,
24.400000000000002,6.508488208417238,0.863898147200548,7.661247631908249,0.027242191122750534,0.014733790705755126,0.057833860729515595,21.352413634841508,1.3924458839767109,33.49581945320565,94.6816599628367,2.2715333654086747,1.214219504762382,-0.7919745469826185,2.4509119023012516,0.0,0.056865679240172454,,
24.5,6.203645646179418,1.1376149208756325,7.500830974095472,0.02459818099372874,0.01823919212545993,0.04318346211653956,21.579566971382373,1.398132451900728,33.86247887414867,96.81977205656656,2.2715333654086747,1.2271367335364498,-0.8186241010498517,2.4485879551569494,0.0,0.056865679240172454,,
24.6,6.616978661215156,1.3541555854238876,7.754055593896177,0.022076403313666625,0.020771613703354244,0.053792950972032336,21.80672030792324,1.4038190198247453,34.220685569130566,98.98234473794889,2.2715333654086747,1.2400539623105176,-0.8452724232552373,2.446040103941694,0.0,0.056865679240172454,,
24.700000000000003,6.45858698791852,1.1127967399649388,7.761517128169504,0.02935491115476528,-0.005596962152841286,0.060237331306835694,22.033873644464105,1.4095055877487626,34.57017308269448,101.16935028888687,2.2715333654086747,1.2529711910845853,-0.8719178284854118,2.44326828985727,0.0,0.056865679240172454,,
24.8,6.33451923984288,1.5080956949475348,7.643836189236882,0.02383287211222736,0.014752219958417028,0.05577888578760548,22.26102698100497,1.4151921556727798,34.91067500541083,103.38075875117633,2.2715333654086747,1.2658884198586533,-0.8985586309317806,2.440272466032247,0.0,0.056865679240172454,,
24.900000000000002,6.6588312854263965,1.32588800614604,7.794685963153796,0.02742901426434202,-0.0006496156832529379,0.038890133250781014,22.488180317545837,1.420878723596797,35.24192499074164,105.61653792615638,2.2715333654086747,1.278805648632721,-0.9251931441716812,2.43705259752791,0.0,0.056865679240172454,,
25.0,6.361982166939212,1.3639616597248532,7.896283620454062,0.02507038315122717,0.004653258725213869,0.05452779265655572,22.715333654086702,1.4265652915208142,35.563656771910125,107.87665337447936,2.2715333654086747,1.2917228774067888,-0.951819681249596,2.433608661343654,0.0,0.056865679240172454,36.02346163512265,111.00794622972275
25.1,6.726912105184863,1.2345363369230475,7.592807364854264,0.023075821672448094,-0.025871042075158727,0.04561847108929269,22.942486990627568,1.4322518594448315,35.87560417877486,110.1610684160003,2.2715333654086747,1.3046401061808568,-0.9784365547584011,2.4299406464218354,0.0,0.056865679240172454,,
25.200000000000003,6.558154625060928,1.2173134994254022,7.86449132327155,0.021179237148643427,2.1090372584172143e-05,0.05919155287707894,23.169640327168434,1.4379384273688487,36.177501154707606,112.46974412978578,2.2715333654086747,1.3175573349549246,-1.0050420769206552,2.42604855365209,0.0,0.056865679240172454,,
25.3,6.444053174283613,1.2616048343312498,7.691375118178549,0.007696330604739763,-0.011560429738812099,0.06656855955380406,23.3967936637093,1.443624995292866,36.46908177347406,114.80263935424234,2.2715333654086747,1.3304745637289923,-1.0316345596699223,2.4219323958751113,0.0,0.056865679240172454,,
25.400000000000002,6.502091366782045,1.2033693766849298,7.548220744956848,0.012101804347581794,-0.007610760970457847,0.05854990348098248,23.623947000250165,1.4493115632168831,36.75008025611663,117.15971068736445,2.2715333654086747,1.34339179250306,-1.058212314732125,2.4175921978858885,0.0,0.056865679240172454,,
25.5,6.657132836544218,1.6262331173961224,7.69439552692322,0.04427370183053472,0.0087451558946733,0.04955060416732185,23.85110033679103,1.4549981311409004,37.020230987838545,119.540912487102,2.2715333654086747,1.356309021277128,-1.084773653706924,2.413027996436409,0.0,0.056865679240172454,,
25.6,6.543214075559156,1.2468989460732465,7.958652280918193,0.03701379154442673,-0.008067583196336565,0.04872042697745009,24.078253673331897,1.4606846990649176,37.27926853488834,121.94619687184745,2.2715333654086747,1.3692262500511958,-1.111316888149122,2.408239840237818,0.0,0.056865679240172454,,
25.700000000000003,6.391848896497884,1.529773737504639,7.641746425717951,0.034351765204149134,-0.012198329399638564,0.059274380300525724,24.305407009872763,1.4663712669889348,37.526927661444034,124.37551372104247,2.2715333654086747,1.3821434788252636,-1.1378403296500876,2.4032277899620422,0.0,0.056865679240172454,,
25.8,6.533443703299388,1.3483591997473081,7.821217197548055,0.0252825122337813,-0.0028981624467217695,0.06899802602049437,24.53256034641363,1.472057834912952,37.7629433464961,126.82881067590436,2.2715333654086747,1.3950607075993313,-1.164342289919196,2.397991918242872,0.0,0.056865679240172454,,
25.900000000000002,6.532931188301119,1.659982563403631,7.610917448165549,0.0370449413460318,-0.0017197929098979852,0.052961478840139575,24.759713682954494,1.4777444028369693,37.98705080072845,129.30603314027198,2.2715333654086747,1.4079779363733993,-1.1908210808652813,2.3925323096765063,0.0,0.056865679240172454,,
26.0,6.640578051143795,1.2393627468039647,7.8785432054093185,0.012798267352313144,-0.007389521522039639,0.04899508502317497,24.98686701949536,1.4834309707609865,38.19898548339657,131.80712428157133,2.2715333654086747,1.420895165147467,-1.2172750146781002,2.3868490608215542,0.0,0.056865679240172454,35.224512020859976,127.33828495906018
26.1,6.587849499729457,1.5072158060139556,7.9271956964732855,0.0024604256710698234,-0.01440574609400645,0.06676461489634672,25.214020356036226,1.4891175386850037,38.39848311920211,134.3320250319008,2.2715333654086747,1.4338123939215348,-1.2437024039098012,2.3809422801985023,0.0,0.056865679240172454,,
26.200000000000003,6.318318195035622,1.131139680448149,7.773288641139897,0.028046594166298757,-0.01624511403564207,0.0711423395596172,25.44117369257709,1.494804106609021,38.58527971516299,136.88067408923584,2.2715333654086747,1.4467296226956028,-1.2701015615563953,2.374812088288635,0.0,0.056865679240172454,,
26.3,6.607854759327156,1.992494578057478,7.6031906830629605,0.03318266352138841,-0.02180068808423923,0.05225881113765874,25.668327029117957,1.5004906745330382,38.75911157747821,139.45300791875357,2.2715333654086747,1.4596468514696705,-1.2964708011392272,2.368458617532422,0.0,0.056865679240172454,,
26.400000000000002,6.363583284623695,1.446470020921597,7.7181806593319395,0.027797728437457425,0.0021864524444292744,0.05506269991187032,25.895480365658823,1.5061772424570554,38.91971532838668,142.04896075427664,2.2715333654086747,1.4725640802437383,-1.322808436786442,2.3618820123273636,0.0,0.056865679240172454,,
26.5,6.335410961504801,1.2837565680533414,7.758157063289233,0.020887518862375925,-0.001071646722908835,0.06906888365614333,26.12263370219969,1.5118638103810726,39.066827923019105,144.6684645998367,2.2715333654086747,1.485481309017806,-1.3491127833144425,2.3550824290252925,0.0,0.056865679240172454,,
26.6,6.522013087368943,1.4828383946412198,7.89111673719364,0.03974148129319246,-0.003418835135708973,0.06259181982710779,26.349787038740555,1.5175503783050899,39.2001866662422,147.31144923135764,2.2715333654086747,1.498398537791874,-1.3753821563093356,2.348060035929143,0.0,0.056865679240172454,,
26.700000000000003,6.466233297120735,1.5570028023111937,7.659603380285639,0.029351603216275602,-0.002455185613065596,0.05602020625271965,26.57694037528142,1.523236946229107,39.3195292294944,149.97784219845784,2.2715333654086747,1.5113157665659418,-1.4016148722083654,2.340815013289172,0.0,0.056865679240172454,,
26.8,6.390157188662423,1.5346703576711405,7.804763899160559,0.016052864736974384,-0.009239453117257776,0.048953397615756546,26.804093711822286,1.5289235141531243,39.42459366761218,152.66756882637225,2.2715333654086747,1.5242329953400096,-1.4278092483813256,2.333347553298649,0.0,0.056865679240172454,,
26.900000000000002,6.355381676007716,1.3711532032546192,7.850497594548158,0.01822717459794821,0.008509289563186612,0.05322634397475158,27.031247048363152,1.5346100820771416,39.51511843564632,155.38055221799368,2.2715333654086747,1.5371502241140773,-1.4539636032119505,2.3256578600889988,0.0,0.056865679240172454,,
27.0,6.72191460750611,1.4602959078531155,7.649179881714979,0.022647315929086684,-0.005432192236393552,0.03375433263323245,27.258400384904018,1.5402966500011588,39.59084240566721,158.1167132560335,2.2715333654086747,1.5500674528881453,-1.480076256179282,2.317746149724409,0.0,0.056865679240172454,41.982777010130185,154.301294223929
27.1,6.560743256739833,1.540039121870324,7.541481382967198,0.018086445822494673,0.023047714795838642,0.04586426693867382,27.485553721444884,1.545983217925176,39.6515048835583,160.87597060530143,2.2715333654086747,1.562984681662213,-1.506145527939005,2.309612650195899,0.0,0.056865679240172454,,
27.200000000000003,6.324138244410992,1.9291777814442537,7.625649676208655,0.03504191324516845,-0.0011352702410857005,0.047261855059273994,27.71270705798575,1.5516697858491932,39.69684562579708,163.65824071510477,2.2715333654086747,1.5759019104362808,-1.532169740404753,2.301257601414846,0.0,0.056865679240172454,,
27.3,6.623316447837811,1.6548289866680914,7.785376680923843,0.02310328810930872,-0.011291003396600423,0.04939015577259348,27.939860394526615,1.5573563537732105,39.726604856222586,166.4634378217666,2.2715333654086747,1.5888191392103488,-1.558147216829376,2.2926812552059745,0.0,0.056865679240172454,,
27.400000000000002,6.648113430813124,1.634761690929862,8.031970323443081,0.02785150133294218,-0.0036792236590564137,0.07076689477889019,28.16701373106748,1.5630429216972277,39.74052328278876,169.29147395126319,2.2715333654086747,1.6017363679844165,-1.584076281886168,2.2838838752998067,0.0,0.056865679240172454,,
27.5,6.46427137932388,1.757336030910521,7.667595637903319,0.03243034998451891,0.005672328223451146,0.05295430171966028,28.394167067608347,1.568729489621245,39.73834211430275,172.14225892198007,2.2715333654086747,1.6146535967584843,-1.609955261750056,2.274865737324574,0.0,0.056865679240172454,,
27.6,6.692837015373547,1.8653284193962865,7.778877626304161,0.012574857308907136,0.013726460469558138,0.05621582020912786,28.621320404149213,1.5744160575452621,39.71980307714743,175.01570034758748,2.2715333654086747,1.627570825532552,-1.635782484178736,2.265627128797591,0.0,0.056865679240172454,,
27.700000000000003,6.5057890364339634,1.7163685779199744,7.77655434502479,0.030724270365182046,0.006464455451675441,0.049992870193590874,28.84847374069008,1.5801026254692794,39.684648431987206,177.91170364003412,2.2715333654086747,1.64048805430662,-1.6615562785937648,2.256168349116089,0.0,0.056865679240172454,,
27.8,6.318135982717056,1.3980496428077567,7.651455394024607,0.016511010440651987,-0.011607402340851685,0.03779530047860052,29.075627077230944,1.5857891933932966,39.63262099045646,180.83017201265997,2.2715333654086747,1.6534052830806878,-1.687274976161594,2.246489709547516,0.0,0.056865679240172454,,
27.900000000000002,6.6393140084202384,1.6111142017041364,7.489662528215205,0.02193922350233352,0.01163630152238136,0.06183626597948985,29.30278041377181,1.5914757613173138,39.56346413182967,183.77100648342758,2.2715333654086747,1.6663225118547556,-1.71293690987455,2.236591533219293,0.0,0.056865679240172454,,
28.0,6.5174721215098765,1.5953764884136354,7.8255844769355685,0.03041289215611579,0.014890949162022098,0.04751786045161773,29.529933750312676,1.597162329241331,39.476921819672484,186.7341058782717,2.2715333654086747,1.6792397406288233,-1.7385404146317534,2.2264741551080416,0.0,0.056865679240172454,39.030347020451515,194.9796015962235
28.1,6.559364207710911,1.6997658267250126,7.8431489719619,0.021711991261007688,-0.0018031953219439052,0.050338421036928024,29.75708708685354,1.6028488971653483,39.37273861847296,189.7193668345676,2.2715333654086747,1.6921569694028913,-1.7640838273199713,2.2161379220282655,0.0,0.056865679240172454,,
28.200000000000003,6.762779764093303,1.4779517554348125,7.520722630690407,0.021294306296122067,-0.009516850822507595,0.053805656510799986,29.984240423394407,1.6085354650893655,39.250659710252016,192.72668380471745,2.2715333654086747,1.705074198176959,-1.7895654868944049,2.205583192620503,0.0,0.056865679240172454,,
28.3,6.679331765242124,1.6974748031700777,7.659213036647403,0.01677634229965817,-0.007768093743169811,0.048216207060656664,30.211393759935273,1.6142220330133827,39.11043091115251,195.75594905985477,2.2715333654086747,1.7179914269510268,-1.8149837344594073,2.194810337338939,0.0,0.056865679240172454,,
28.400000000000002,6.718516535457721,1.7644025346550274,7.634811002377873,0.018400947529665337,0.00626049737222787,0.0614607854289232,30.43854709647614,1.6199086009374,38.951798688005944,198.80705269366712,2.2715333654086747,1.7309086557250948,-1.8403369133491234,2.183819738438485,0.0,0.056865679240172454,,
28.5,6.762251295592526,1.8356259618191053,7.691662830500435,0.02207441488059217,-0.0038201721097880564,0.0825276387227816,30.665700433017005,1.6255951688614172,38.774510174876085,201.87988262633644,2.2715333654086747,1.7438258844991625,-1.8656233692080533,2.1726117899613215,0.0,0.056865679240172454,,
28.6,6.505138849818877,1.5736685814100484,7.574713161864018,0.03257210940717775,0.026898853737588546,0.03502425516731422,30.89285376955787,1.6312817367854344,38.57831318957867,204.97432460859724,2.2715333654086747,1.7567431132732303,-1.890841450071537,2.1611868977229034,0.0,0.056865679240172454,,
28.700000000000003,6.452877224062258,1.810266255859703,7.7903616764717,0.006001561028378337,-0.0005304238581922547,0.0492289951226589,31.120007106098736,1.6369683047094516,38.36295625017644,208.09026222591243,2.2715333654086747,1.769660342047298,-1.9159895064461494,2.14954547929744,0.0,0.056865679240172454,,
28.8,6.672599546598269,1.7144109841138868,7.553683694831415,0.030978397309087864,0.01946730452277928,0.05580623775935601,31.347160442639602,1.6426548726334689,38.12818859144858,211.22757690276637,2.2715333654086747,1.782577570821366,-1.941065891390011,2.13768796400283,0.0,0.056865679240172454,,
28.900000000000002,6.548947987539358,1.6498129505164139,7.441575547886499,0.01976276344316957,0.005200262353185912,0.06217056197007539,31.574313779180468,1.648341440557486,37.873760181333914,214.3861479070755,2.2715333654086747,1.7954947995954338,-1.9660689605930042,2.1256147928850724,0.0,0.056865679240172454,,
29.0,6.498906340720348,1.634658723720567,7.7358404417438855,0.008999033135318042,0.006316232002451721,0.05223186644656119,31.801467115721334,1.6540280084815033,37.599421737346965,217.56585235471582,2.2715333654086747,1.8084120283695015,-1.9909970724568975,2.113326418702141,0.0,0.056865679240172454,36.117838057760494,217.22807977589923
29.1,6.481158702254622,2.034529574022202,7.929081531954631,0.03427350353024444,0.0032738170510665603,0.05506446056918841,32.0286204522622,1.6597145764055206,37.30492474296606,220.76656521416743,2.2715333654086747,1.8213292571435695,-2.0158485881753667,2.1008233059073267,0.0,0.056865679240172454,,
29.200000000000003,6.605668060225362,1.7053459142784786,7.766688955404805,0.04002216825126781,0.014207806615287501,0.05463007024728188,32.25577378880307,1.6654011443295378,36.99002146399274,223.98815931127595,2.2715333654086747,1.8342464859176375,-2.040621871813916,2.088105930632048,0.0,0.056865679240172454,,
29.3,6.522597396828838,1.808454564599676,7.779490601687204,0.0028992420770896123,0.019660716400599732,0.058976959318457034,32.482927125343934,1.671087712253555,36.65446496488169,227.2305053341304,2.2715333654086747,1.8471637146917053,-2.0653152903896963,2.075174780668135,0.0,0.056865679240172454,,
29.400000000000002,6.487705312725844,1.8570688050364321,7.281824295073727,0.028402731580924146,0.012015915007886005,0.056784271180710645,32.7100804618848,1.6767742801775722,36.29800912504029,230.4934718380576,2.2715333654086747,1.860080943465773,-2.089927213951209,2.062030355449579,0.0,0.056865679240172454,,
29.5,6.338709043354448,1.861952876857649,7.711979815012602,0.012698992250162036,0.005445239005873973,0.050080843201131035,32.937233798425666,1.6824608481015895,35.92040865509708,233.7769252507326,2.2715333654086747,1.872998172239841,-2.1144560156579018,2.0486731660337516,0.0,0.056865679240172454,,
29.6,6.470637871080584,1.7565184042556927,7.7825896102183165,0.025988041553651586,-0.009051302460738698,0.059909394801673316,33.16438713496653,1.6881474160256067,35.52141911313835,237.08072987740556,2.2715333654086747,1.8859154010139088,-2.138900071859644,2.0351037350821013,0.0,0.056865679240172454,,
29.700000000000003,6.629122296382939,1.8003294230412985,7.522498305609095,0.032450889841430346,-0.007543396422533606,0.042012752339886675,33.3915404715074,1.693833983949624,35.10079692091202,240.40474790624398,2.2715333654086747,1.8988326297879765,-2.16325776217609,2.021322596840316,0.0,0.056865679240172454,,
29.8,6.490150020601552,1.9370656489269145,7.590415947178653,0.018045121102546104,-0.005871233670564432,0.05982695073261781,33.61869380804826,1.6995205518736411,34.65829937999796,243.74883941379105,2.2715333654086747,1.9117498585620443,-2.1875274695759086,2.00733029711796,0.0,0.056865679240172454,,
29.900000000000002,6.765318422552942,1.966097500206169,7.583618631542263,0.02041495138090215,0.020821585371731174,0.05910420921102035,33.84584714458913,1.7052071197976584,34.19368468794416,247.11286237053895,2.2715333654086747,1.9246670873361122,-2.2117075804558985,1.993127393267588,0.0,0.056865679240172454,,
30.0,6.4290840557776985,2.024906077217433,7.636434808837849,0.0068755179119602446,0.000556326518380121,0.05567446534185488,34.073000481129995,1.7108936877216756,33.70671195436772,250.49667264661778,2.2715333654086747,1.93758431611018,-2.2357964847199634,1.978714454163326,0.0,0.056865679240172454,33.336639042937946,248.53268104363826
30.1,6.65626295322269,2.151110611922641,7.333434918507724,0.04598962423822134,-0.00013379760517518094,0.04251869301718449,34.30015381767086,1.7165802556456928,33.19714121702001,253.90012401759927,2.2715333654086747,1.9505015448842478,-2.2597925758579622,1.9640920601789356,0.0,0.056865679240172454,,
30.200000000000003,6.563989379797726,1.7846435035227062,7.727270020213144,0.02516043567527297,0.020476793417199206,0.027905299654156626,34.52730715421173,1.72226682356971,32.66473345781521,257.32306817041535,2.2715333654086747,1.9634187736583155,-2.2836942510244156,1.9492608031653482,0.0,0.056865679240172454,,
30.3,6.556290318987465,2.0387083309822103,7.749188601150537,0.022095644969345015,-0.007742135003873405,0.0681427726698875,34.75446049075259,1.7279533914937273,32.109250618821385,260.7653547093911,2.2715333654086747,1.9763360024323835,-2.30749991111708,1.934221286427678,0.0,0.056865679240172454,,
30.400000000000002,6.610182994549735,1.9941396943415273,7.676112612567904,0.008239095834249859,-0.005384640908010646,0.05503713506668194,34.98161382729346,1.7336399594177445,31.530455618213367,264.22683116239216,2.2715333654086747,1.9892532312064513,-2.331207960855371,1.9189741247017142,0.0,0.056865679240172454,,
30.5,6.366319142420638,1.8887276992948054,7.6665114824302565,0.025335457593483716,0.0064743747409149515,0.06103328304017111,35.208767163834324,1.7393265273417617,30.928112366186618,267.70734298708635,2.2715333654086747,2.002170459980519,-2.3548168088586445,1.9035199441298887,0.0,0.056865679240172454,,
30.6,6.561129995094377,2.2341918834997596,7.511215408651165,0.01497310950712205,0.00017595209577965387,0.058981868393836186,35.43592050037519,1.745013095265779,30.301985780831327,271.2067335773187,2.2715333654086747,2.015087688754587,-2.3783248677243276,1.8878593822367233,0.0,0.056865679240172454,,
30.700000000000003,6.660567473556728,2.2558156491540293,7.955648389067403,0.05801219771672292,0.007567969551681149,0.06163340255227137,35.663073836916055,1.7506996631897962,29.65184180396593,274.7248442696004,2.2715333654086747,2.0280049175286545,-2.401730554105893,1.8719930879037627,0.0,0.056865679240172454,,
30.8,6.5799330975563475,2.1308402220260976,7.825751080525209,0.031477831916406476,0.00029093900126981166,0.047405503578123794,35.89022717345692,1.7563862311138134,28.97744741692931,278.261514349711,2.2715333654086747,2.0409221463027225,-2.4250322887906806,1.855921721343981,0.0,0.056865679240172454,,
30.900000000000002,6.478479240526797,2.1967144021243845,7.858215241173954,0.004861203735334461,-0.0020987265177466125,0.07331571541185108,36.11738050999779,1.7620727990378307,28.278570656330874,281.81658105941347,2.2715333654086747,2.0538393750767905,-2.4482284967775536,1.8396459540756753,0.0,0.056865679240172454,,
31.0,6.571317584782617,2.221392537507681,7.668899325146095,0.028818902871977962,0.0020708319233125813,0.053545766000542484,36.34453384653865,1.7677593669618479,27.554980629757736,285.3898796032824,2.2715333654086747,2.066756603850858,-2.471317607354396,1.8231664688958427,0.0,0.056865679240172454,32.182362435233856,288.7318265709278
31.1,6.539823642126408,1.840953575002958,7.5447475439859915,0.02352852008825041,0.012797309139484745,0.04719939565656099,36.57168718307952,1.773445934885865,26.806447531438238,288.9812431556442,2.2715333654086747,2.079673832624926,-2.4942980541754425,1.8064839598530376,0.0,0.056865679240172454,,
31.200000000000003,6.591934031845246,2.2342153390672674,7.5101441946719225,0.006002861262901456,0.003826454121130872,0.04651820017422217,36.798840519620384,1.7791325028098823,26.032742657861036,292.5905028676303,2.2715333654086747,2.092591061398994,-2.517168275338431,1.7895991322197204,0.0,0.056865679240172454,,
31.3,6.516250080039634,2.18237418272414,7.719029453627663,0.01751129251083403,0.005288545809642935,0.060805774830351086,37.02599385616125,1.7848190707338996,25.23363842334898,296.21748787434126,2.2715333654086747,2.1055082901730615,-2.5399267134615924,1.7725127024640874,0.0,0.056865679240172454,,
31.400000000000002,6.578148632625007,1.9362238917062633,7.551950055261631,0.030013626663189408,-0.01742000326530409,0.06488217905170969,37.253147192702116,1.7905056386579168,24.408908375587036,299.86202530212375,2.2715333654086747,2.1184255189471295,-2.5625718157604553,1.75522539822139,0.0,0.056865679240172454,,
31.5,6.71866141299922,2.151898289002258,7.742738775818778,0.040319808016490426,0.009851872084897673,0.050077873268761855,37.48030052924298,1.796192206581934,23.558327211103435,303.5239402759579,2.2715333654086747,2.131342747721197,-2.5851020341244726,1.7377379582647425,0.0,0.056865679240172454,,
31.6,6.524613327143282,1.9524015776980284,7.51411263542066,0.015567451365654567,-0.006444788557926069,0.05545750469342761,37.70745386578385,1.8018787745059512,22.681670790703357,307.20305592695627,2.2715333654086747,2.144259976495265,-2.6075158251934645,1.720051132475422,0.0,0.056865679240172454,,
31.700000000000003,6.528824481656439,2.242570093412846,7.871730461830205,0.015894608030029823,-0.017302032611186104,0.049477947016173265,37.93460720232471,1.8075653424299685,21.778716154854315,310.8991933999735,2.2715333654086747,2.157177205269333,-2.629811650433874,1.7021656818126527,0.0,0.056865679240172454,,
31.8,6.236834162623442,2.2889797205379927,7.91295229955088,0.030112655557155758,0.010851642774105814,0.054846117184442864,38.16176053886558,1.8132519103539857,20.849241539022536,314.6121718613264,2.2715333654086747,2.1700944340434005,-2.6519879762148335,1.6840823782828913,0.0,0.056865679240172454,,
31.900000000000002,6.486824163135879,2.0554079683997877,7.822008335949718,0.026838631265623396,0.012606994302870168,0.0500707424309572,38.388913875406445,1.818938478278003,19.893026388959548,318.3418085066241,2.2715333654086747,2.1830116628174685,-2.674043273884035,1.6658020049085962,0.0,0.056865679240172454,,
32.0,6.486546951031199,2.1835543276606346,7.4519230638613765,0.03003574060400877,0.01739878117369099,0.05827225278819172,38.61606721194731,1.8246250462020202,18.909851375938214,322.0879185687082,2.2715333654086747,2.1959288915915365,-2.6959760198434064,1.6473253556965,0.0,0.056865679240172454,22.68953120163456,324.40724572463296
32.1,6.489885695519403,2.2097853839012584,7.802412224521163,0.02941559714987409,-0.010794106388513674,0.05392574263795514,38.843220548488176,1.8303116141260374,17.89949841193749,325.85031532570247,2.2715333654086747,2.208846120365604,-2.717784695624583,1.628653235605368,0.0,0.056865679240172454,,
32.2,6.397037561541013,2.318712911565446,7.765676683220267,0.024496351498760068,-0.0012108851232899493,0.07801598141447362,39.07037388502904,1.8359981820500546,16.86175066477512,329.6288101091716,2.2715333654086747,2.221763349139672,-2.739467787964181,1.6097864605132655,0.0,0.056865679240172454,,
32.300000000000004,6.721656600304259,2.136652412546123,7.893320913995597,0.021696361469136637,-0.01346516424403387,0.06001018277860773,39.29752722156991,1.8416847499740718,15.796392573187523,333.42321231238867,2.2715333654086747,2.23468057791374,-2.761023788878861,1.590725857184312,0.0,0.056865679240172454,,
32.4,6.389130191906018,2.266581426740206,7.616804043468685,0.025142079174724493,-8.423699556833896e-05,0.06383117102316196,39.524680558110774,1.847371317898089,14.703209861856145,337.23332939871176,2.2715333654086747,2.2475978066878075,-2.7824511957401796,1.5714722632349405,0.0,0.056865679240172454,,
32.5,6.779364888184018,2.4773854847456085,7.763984874111714,0.03732912001931208,0.020983366253500637,0.060282187198755804,39.75183389465164,1.8530578858221063,13.58198955637951,341.05896691006797,2.2715333654086747,2.2605150354618755,-2.803748511349233,1.5520265270996583,0.0,0.056865679240172454,,
32.6,6.361934588983535,2.0672693414937315,7.507572858746345,0.033988159419391976,-0.00936457619925374,0.052627055982963106,39.978987231192505,1.8587444537461235,12.432519998190237,344.8999284755458,2.2715333654086747,2.2734322642359435,-2.824914244011075,1.5323895079963075,0.0,0.056865679240172454,,
32.7,6.376389861508618,2.0561687168504132,7.747347874536614,0.042751885764878275,0.003133172357064942,0.06453256473157828,40.20614056773337,1.8644310216701407,11.254590859416258,348.7560158200947,2.2715333654086747,2.286349493010011,-2.845946907608927,1.512562075890831,0.0,0.056865679240172454,,
32.800000000000004,6.459893848304913,2.2262514218426013,7.588932874779515,0.040773211497240884,-0.001734185051818899,0.05752827151022793,40.43329390427424,1.870117589594158,10.047993157685536,352.6270287733321,2.2715333654086747,2.299266721784079,-2.866845021678156,1.4925451114615393,0.0,0.056865679240172454,,
32.9,6.6357113083020245,2.488361072277534,7.441572936147952,0.02684920653856309,-0.01434769347664107,0.05151079666360287,40.6604472408151,1.8758041575181752,8.812519270873507,356.5127652784567,2.2715333654086747,2.3121839505581465,-2.8876071114800252,1.4723395060628925,0.0,0.056865679240172454,,
33.0,6.674286077272991,2.2060181872502587,7.642004468918226,0.022312247818749156,-3.7224072392592634e-05,0.052933454910780914,40.88760057735597,1.8814907254421924,7.547962951792541,360.41302140126874,2.2715333654086747,2.3251011793322145,-2.908231708075225,1.4519461616887779,0.0,0.056865679240172454,8.575842927745354,357.9296975140299
33.1,6.450815735316869,2.1944681055188173,7.627606416085221,0.008038626905712935,-0.010260073180398382,0.05325953708660039,41.114753913896834,1.8871772933662097,6.25411934282266,364.3275913392957,2.2715333654086747,2.3380184081062825,-2.9287173483971585,1.4313659909353067,0.0,0.056865679240172454,,
33.2,6.472873231640386,2.664071358198998,8.057660319810838,0.03404678192532057,0.007626649361367063,0.05051591939698226,41.3419072504377,1.8928638612902269,4.930784990482818,368.2562674310242,2.2715333654086747,2.35093563688035,-2.9490625753249997,1.4105999169631178,0.0,0.056865679240172454,,
33.300000000000004,6.604352215188194,2.620038536860105,7.656235148408854,0.03471774863060687,0.00379518151011457,0.05288459800162833,41.569060586978566,1.898550429214244,3.577757859941973,372.1988401652368,2.2715333654086747,2.363852865654418,-2.969265937756513,1.3896488734591912,0.0,0.056865679240172454,,
33.4,6.76060211751838,2.437336797295264,7.875954729513331,0.0295975110129562,-0.012758863752606056,0.06537733843546821,41.79621392351943,1.9042369971382613,2.1948373494692652,376.1550981904536,2.2715333654086747,2.376770094428486,-2.9893259906806193,1.3685138045981806,0.0,0.056865679240172454,,
33.5,6.598768770700404,2.5427088917546863,7.668081871569613,0.025129420567414563,0.005008711149714084,0.05170336952908077,42.0233672600603,1.9099235650622786,0.7818243048225513,380.1248283244789,2.2715333654086747,2.3896873232025535,-3.009241295249731,1.3471956650032564,0.0,0.056865679240172454,,
33.6,6.70301820166082,2.395257470979112,7.8545300491042065,0.03971878318808502,0.011521345195408261,0.06758119304104389,42.25052059660116,1.9156101329862958,-0.6614789664254163,384.10781556405124,2.2715333654086747,2.4026045519766215,-3.02901041885183,1.3256954197064648,0.0,0.056865679240172454,,
33.7,6.363340751355821,2.4120370657950496,7.924100443342644,0.007144813174344403,0.006830448828510708,0.06066849524230602,42.47767393314203,1.921296700910313,-2.135268680623882,388.1038430945974,2.2715333654086747,2.4155217807506895,-3.0486319351822946,1.3040140441086125,0.0,0.056865679240172454,,
33.800000000000004,6.546875965699108,2.501220893507925,7.564041484911453,0.024002732321987307,0.008160509865341798,0.05293105464808152,42.704827269682895,1.9269832688343302,-3.6397395638447723,392.11269230009,2.2715333654086747,2.428439009524757,-3.0681044243154703,1.282152523938661,0.0,0.056865679240172454,,
33.9,6.448865079858327,2.403465602762369,7.834274671260454,0.02873024845841061,-0.011928844908488858,0.041922306939848615,42.93198060622376,1.9326698367583475,-5.175084837747883,396.1341427730074,2.2715333654086747,2.441356238298825,-3.0874264727759884,1.26011185521265,0.0,0.056865679240172454,,
34.0,6.609361247037037,2.2921965246866525,7.598619227761037,0.0191094311496679,-0.004694545820829478,0.05171221532833876,43.159133942764626,1.9383564046823647,-6.741496205511275,400.1679723243967,2.2715333654086747,2.4542734670728925,-3.106596673609815,1.2378930441921416,0.0,0.056865679240172454,-8.973597910380551,402.95495796045043
34.1,6.761286923436884,2.5609688829675727,7.666928490865283,0.009671673385094372,-0.009942646489154211,0.06821184147777996,43.38628727930549,1.944042972606382,-8.339163837827607,404.2139569940381,2.2715333654086747,2.4671906958469605,-3.125613626455043,1.2154971073421863,0.0,0.056865679240172454,,
34.2,6.73433846700282,2.651433113142977,7.732706042183521,0.026245307446361707,-0.004656461249753111,0.04740919718079037,43.61344061584636,1.9497295405303992,-9.968276358967074,408.27187106071125,2.2715333654086747,2.4801079246210285,-3.14447593761241,1.1929250712888213,0.0,0.056865679240172454,,
34.300000000000004,6.312240290240938,2.346290605704258,7.43583496579142,0.02174190107543523,0.005082766928512198,0.060858393047156886,43.84059395238722,1.9554161084544164,-11.629020832907687,412.34148705256297,2.2715333654086747,2.493025153395096,-3.16318222011555,1.1701779727760915,0.0,0.056865679240172454,,
34.4,6.6248987780595,2.429155367086876,7.751138483172264,0.03093062704119449,0.0003979126198808525,0.05038521353839718,44.06774728892809,1.9611026763784336,-13.321582749533583,416.4225757575751,2.2715333654086747,2.505942382169164,-3.181731093800971,1.1472568586226017,0.0,0.056865679240172454,,
34.5,6.520838819702132,2.4948639135631323,8.285025796552988,0.01942644227838909,0.008588862736659405,0.05436451950935165,44.294900625468955,1.9667892443024508,-15.04614601090206,420.5149062341333,2.2715333654086747,2.518859610943232,-3.2001211853777543,1.1241627856776026,0.0,0.056865679240172454,,
34.6,6.43885516691032,2.617870027094628,7.435875980660683,0.024778177053744306,0.0023325770113024895,0.05679863005889017,44.52205396200982,1.972475812226468,-16.80289291758002,424.61824582169544,2.2715333654086747,2.5317768397172995,-3.218351128496972,1.1008968207766083,0.0,0.056865679240172454,,
34.7,6.594804840098685,2.4704728758656227,7.761278291946547,0.029514472813847843,0.014349407820498889,0.03986809142614852,44.74920729855069,1.9781623801504853,-18.592004155050546,428.73236015155925,2.2715333654086747,2.5446940684913675,-3.236419563820829,1.0774600406965475,0.0,0.056865679240172454,,
34.800000000000004,6.455123851505388,2.785501758773947,7.495176204462178,0.012945043458094139,0.004751355879217006,0.04591957555538234,44.97636063509155,1.9838489480745025,-20.413658780190257,432.8570131577292,2.2715333654086747,2.5576112972654355,-3.2543251390915082,1.053853532110453,0.0,0.056865679240172454,,
34.9,6.540200996202796,2.5492129802749766,7.689738475286017,0.013471156212186294,-0.013474869621986725,0.056265698036237856,45.20351397163242,1.9895355159985197,-22.268034207818165,436.9919670878818,2.2715333654086747,2.570528526039503,-3.2720665091997385,1.0300783915416913,0.0,0.056865679240172454,,
35.0,4.08921060328401,2.611210267553263,8.94231153000911,0.04234889030237314,-0.01325596209686529,0.062181170214093404,45.430667308173284,1.995222083922537,-24.15024620980385,441.12542195765764,-0.2521748282290792,2.6133591769363136,-2.277644833685812,-1.3059756288897368,0.0,0.05752412041867923,-19.743861113060397,436.0037689834166
35.1,4.17874097201471,2.636022578550336,8.849530873297839,0.03472825642058743,-0.0030851977976099477,0.057797804607656,45.405449825350374,2.000974495964405,-26.055146031021792,445.2456922691178,-0.2521748282290792,2.6119085634177526,-2.268776231134176,-1.3184509473954489,0.0,0.05752412041867923,,
35.2,4.153941903601205,2.8710959896690573,8.550392066516508,0.022317583767146446,-0.022385632114874317,0.054359527952170424,45.380232342527464,2.006726908006273,-27.98264430398517,449.3526538567293,-0.2521748282290792,2.6104579498991916,-2.2598395142731627,-1.3308674697030851,0.0,0.05752412041867923,,
35.300000000000004,4.353395047754019,2.777102806481781,8.736603259197436,0.0392104804710424,0.030032507941281428,0.06151320857743582,45.35501485970455,2.012479320048141,-29.932650983890973,453.44618314662904,-0.2521748282290792,2.6090073363806305,-2.250835065959667,-1.3432248252346515,0.0,0.05752412041867923,,
35.4,4.284416853680209,2.3143313688636526,9.114034966650811,0.01301437679660006,0.022833718278036427,0.05027776958175557,45.32979737688164,2.0182317320900087,-31.90507535246863,457.52615716030493,-0.2521748282290792,2.6075567228620695,-2.2417632710586437,-1.3555226458705842,0.0,0.05752412041867923,,
35.5,4.051508787651527,2.600021069496766,8.946039849842599,0.022043996637895566,0.0018361042827344327,0.05708748132267541,45.30457989405873,2.0239841441318767,-33.899826021848625,461.5924535182524,-0.2521748282290792,2.6061061093435085,-2.2326245164274963,-1.367760565960583,0.0,0.05752412041867923,,
35.6,4.225694659114686,2.513423238127342,8.638491265824747,0.03279967567698848,-0.00044228868089495516,0.028223823420570143,45.27936241123582,2.0297365561737446,-35.91681093845084,465.64495044360604,-0.2521748282290792,2.6046554958249475,-2.223419190900403,-1.3799382223343424,0.0,0.05752412041867923,,
35.7,4.084500586784932,2.5711625312101933,8.796391129055399,0.028803584347354378,0.0017733982999677143,0.05384945232345675,45.25414492841291,2.0354889682156125,-37.95593738689251,469.68352676574665,-0.2521748282290792,2.6032048823063865,-2.214147685272598,-1.3920552543121882,0.0,0.05752412041867923,,
35.800000000000004,4.373213198972104,2.6066820674089306,8.86493548861971,0.03996097826243282,-0.011049807530640355,0.05846153829097175,45.22892744559,2.0412413802574805,-40.01711199391568,473.7080619238827,-0.2521748282290792,2.601754268787825,-2.204810392284579,-1.404111303715612,0.0,0.05752412041867923,,
35.9,4.16831649896969,2.6031501213084645,8.913808572870796,0.03980681158531666,0.007188028715269914,0.0462301913623305,45.20370996276709,2.0469937922993484,-42.10024073233386,477.71843597060723,-0.2521748282290792,2.600303655269264,-2.1954077066062774,-1.4161060148777094,0.0,0.05752412041867923,,
36.0,4.259347371674138,2.8392618175226354,9.022470188014042,0.006851138447635505,-0.018746893400735758,0.04209240635096031,45.17849247994418,2.0527462043412164,-44.20522892499794,481.71452957542925,-0.2521748282290792,2.598853041750703,-2.185940024821153,-1.4280390346535152,0.0,0.05752412041867923,-37.92931511620711,483.7729521303788
36.1,4.206033723317485,2.81108339399535,8.680722258359186,0.01390970706265743,-0.0046060905699716395,0.05334581869158545,45.15327499712127,2.0584986163830843,-46.33198124878094,485.6962240282799,-0.2521748282290792,2.597402428232142,-2.176407745410251,-1.4399100124302426,0.0,0.05752412041867923,,
36.2,4.390735937726178,2.767505373163237,8.63908596589343,0.03112541119677684,-0.000807629684088517,0.05560825234821904,45.12805751429836,2.0642510284249522,-48.48040173858172,489.66340124299313,-0.2521748282290792,2.595951814713581,-2.166811268736193,-1.4517186001374203,0.0,0.05752412041867923,,
36.300000000000004,4.522227130030344,2.3290727248693437,8.669721490807254,0.033920421070215846,0.00039152708614132684,0.06361914922070246,45.10284003147545,2.07000344046682,-50.650393791347206,493.61594376076084,-0.2521748282290792,2.59450120119502,-2.1571509970271183,-1.4634644522569293,0.0,0.05752412041867923,,
36.4,4.278911720167374,2.673493911860959,8.931354079789894,0.033123215744513906,-0.006786099543450083,0.07355198652820204,45.07762254865254,2.075755852508688,-52.84186017011324,497.55373475356254,-0.2521748282290792,2.593050587676459,-2.1474273343605774,-1.4751472258329403,0.0,0.05752412041867923,,
36.5,4.405789584021482,2.656385600217903,8.920462077118367,0.010734327639968101,-0.005708373792711812,0.057954384129406025,45.05240506582963,2.081508264550556,-55.05470300806369,501.47665802756916,-0.2521748282290792,2.591599974157898,-2.1376406866473587,-1.4867665804817485,0.0,0.05752412041867923,,
36.6,4.166094505244666,2.6545642137221783,8.712303311316541,0.021249022154719167,0.0039641578060173824,0.047318884645124404,45.02718758300672,2.087260676592424,-57.28882381260769,505.3845980265211,-0.2521748282290792,2.590149360639337,-2.12779146161528,-1.4983221784015084,0.0,0.05752412041867923,,
36.7,4.161230295398871,2.613554048996633,8.915455244684072,0.029599800017222632,-0.002731004616331979,0.060687101729423286,45.00197010018381,2.093013088634292,-59.544123469475004,509.27743983508026,-0.2521748282290792,2.588698747120776,-2.117880068792917,-1.509813684381867,0.0,0.05752412041867923,,
36.800000000000004,4.331730881493991,2.5782499427481635,8.795263684425345,0.02250444078203312,-0.0018739469690406637,0.041366564858187384,44.9767526173609,2.09876550067616,-61.820502246829136,513.1550691821564,-0.2521748282290792,2.587248133602215,-2.1079069194932867,-1.5212407658134959,0.0,0.05752412041867923,,
36.9,4.366711779663628,2.3189677479742774,8.888125622817538,0.017484869820382814,0.0030394398881286758,0.0452990761345232,44.95153513453799,2.104517912718028,-64.11785979939815,517.0173724442066,-0.2521748282290792,2.5857975200836534,-2.097872426797477,-1.5326030926975194,0.0,0.05752412041867923,,
37.0,4.375491323822656,2.472633259089365,8.770962003008167,0.026466181293457326,0.017636674666615598,0.06177238600024593,44.92631765171508,2.1102703247598957,-66.43609517262306,520.8642366485095,-0.2521748282290792,2.5843469065650924,-2.0877770055382325,-1.5439003376548428,0.0,0.05752412041867923,-61.6552297340728,518.8872088557303
37.1,4.270206239053758,2.9156448515615567,9.024467194786125,0.00867767092776003,0.0018869521420032693,0.04890149755836703,44.90110016889217,2.1160227368017637,-68.77510680682342,524.6955494764129,-0.2521748282290792,2.5828962930465313,-2.0776210722834847,-1.5551321759353771,0.0,0.05752412041867923,,
37.2,4.544671516629149,2.565712089015156,8.680670672900538,0.035698033140194006,-0.0008826354416883532,0.05117213114738553,44.87588268606926,2.1217751488436316,-71.13479254138035,528.5111992665545,-0.2521748282290792,2.5814456795279703,-2.0674050453198394,-1.5662982854271608,0.0,0.05752412041867923,,
37.300000000000004,4.321080574183941,2.446411571192637,8.812303101125469,0.01810176216698894,0.016329854069505552,0.05333271224725258,44.85066520324635,2.1275275608854995,-73.51504961893629,532.3110750180568,-0.2521748282290792,2.5799950660094093,-2.0571293446360133,-1.577398346665378,0.0,0.05752412041867923,,
37.4,4.162007955916957,2.630585751841186,9.150011906009993,0.016303538245653355,-0.010482858309221616,0.05435610862146639,44.82544772042344,2.1332799729273675,-75.91577468961187,536.0950663936952,-0.2521748282290792,2.5785444524908483,-2.0467943919062277,-1.5884320428412764,0.0,0.05752412041867923,,
37.5,4.136842434370238,2.733859387552774,8.742025583044365,0.026914026036925807,-0.013494536406781008,0.05826941247551643,44.80023023760053,2.1390323849692354,-78.33686381523925,539.8630637230393,-0.2521748282290792,2.5770938389722873,-2.03640061047355,-1.599399059810978,0.0,0.05752412041867923,,
37.6,4.2254805914316576,2.4444219301917354,8.64668972653426,0.026739387592312425,-0.0038832324291138073,0.047092405953302025,44.77501275477762,2.1447847970111034,-80.77821247361221,543.6149580055677,-0.2521748282290792,2.5756432254537263,-2.025948425333196,-1.6102990861041888,0.0,0.05752412041867923,,
37.7,4.127511098602236,2.328603911934401,8.771043871902547,0.03164240144470569,0.018125694442301617,0.05507511698694036,44.74979527195471,2.1505372090529713,-83.23971556275238,547.3506409137559,-0.2521748282290792,2.5741926119351652,-2.0154382631157817,-1.6211318129328025,0.0,0.05752412041867923,,
37.800000000000004,4.29164409967508,2.522401018375111,8.766683505427277,0.015095951002254696,0.0023765650552920493,0.052914704243749056,44.7245777891318,2.1562896210948392,-85.72126740519175,551.0700047961374,-0.2521748282290792,2.5727419984166042,-2.004870552070537,-1.6318969341994018,0.0,0.05752412041867923,,
37.9,4.2674070473507735,2.296275199599877,9.062513843013935,0.028792227257050884,0.012543337469201797,0.06690807025932138,44.69936030630889,2.162042033136707,-88.22276175227123,554.7729426803372,-0.2521748282290792,2.571291384898043,-1.994245722048469,-1.6425941465056553,0.0,0.05752412041867923,,
38.0,4.552762461996537,2.6076738589540036,9.027651991358287,0.03598588360739947,0.0040442330759977345,0.04524379038016615,44.67414282348598,2.167794445178575,-90.744091788455,558.4593482760796,-0.2521748282290792,2.5698407713794817,-1.9835642044854862,-1.6532231491606073,0.0,0.05752412041867923,-92.40824478686137,559.4688891045196
38.1,4.3050321104337845,2.612507532606487,8.930580872704725,0.00395543178901675,-0.004860153249927417,0.046321714799003016,44.64892534066307,2.173546857220443,-93.28515013566056,562.1291159781669,-0.2521748282290792,2.5683901578609207,-1.972826432385481,-1.6637836441888672,0.0,0.05752412041867923,,
38.2,4.394216223758735,2.6506174967740908,9.021569632027875,0.017376013290033424,0.01843976278127161,0.058247120909988105,44.62370785784016,2.179299269262311,-95.84582885760435,565.7821408694327,-0.2521748282290792,2.5669395443423597,-1.962032840303367,-1.6742753363386882,0.0,0.05752412041867923,,
38.300000000000004,4.308961867902639,2.731713073862853,8.842243672241644,0.04156772462574526,0.0009228945018466933,0.044565122692642914,44.59849037501725,2.185051681304179,-98.42601946416255,569.4183187236671,-0.2521748282290792,2.5654889308237987,-1.9511838643280819,-1.6846979330899465,0.0,0.05752412041867923,,
38.400000000000006,4.22512193785804,2.4887895099753616,8.512520073940296,0.026927958274551054,-0.007906917316455738,0.05582087574503407,44.57327289219434,2.190804093346047,-101.02561291574725,573.0375460085138,-0.2521748282290792,2.5640383173052377,-1.940279942065538,-1.695051144662011,0.0,0.05752412041867923,,
38.5,3.9364132435622214,2.487319630674732,8.900923832848171,0.02975374552399616,-0.004149405306068393,0.044711654138168515,44.54805540937143,2.196556505387915,-103.64449962769747,576.6397198883412,-0.2521748282290792,2.5625877037866767,-1.929321512621548,-1.7053346840215087,0.0,0.05752412041867923,,
38.6,4.5141844525159955,2.6830640769251595,9.066000179692274,0.018442210677273942,-0.015649394215131736,0.05486372442022382,44.52283792654852,2.2023089174297827,-106.28256947468506,580.224738227085,-0.2521748282290792,2.5611370902681156,-1.9183090165847005,-1.7155482668899864,0.0,0.05752412041867923,,
38.7,4.149999471908487,2.4890830281991647,8.804687886268699,0.007124474345427009,0.003986203605686441,0.04193219798844314,44.49762044372561,2.2080613294716507,-108.9397117951353,583.792499591063,-0.2521748282290792,2.5596864767495546,-1.9072428960091998,-1.7256916117514605,0.0,0.05752412041867923,,
38.800000000000004,4.215675222901207,2.409471994591865,9.062081512372286,0.03237278686552052,-0.0039028316096534283,0.05048399948412539,44.4724029609027,2.2138137415135186,-111.61581539566185,587.342903251763,-0.2521748282290792,2.5582358632309936,-1.896123594397673,-1.7357644398598677,0.0,0.05752412041867923,,
38.900000000000006,4.36358649623522,2.6413293646198577,8.946462434330265,0.023248716988303626,-0.010207002130124328,0.05812058472101358,44.44718547807979,2.2195661535553866,-114.31076855551625,590.8758491886024,-0.2521748282290792,2.5567852497124326,-1.8849515566839306,-1.745766475246405,0.0,0.05752412041867923,,
39.0,4.320309070503223,2.553492434391808,8.993059783915387,0.025360210757748407,-0.0018225949280060334,0.039410527931270985,44.42196799525688,2.2253185655972545,-117.02445903105124,594.3912380916598,-0.2521748282290792,2.5553346361938716,-1.8737272292157001,-1.7556974447267635,0.0,0.05752412041867923,-114.29966307140177,599.3190092996199
39.1,4.202343049032226,2.5364116555662135,8.887131650828257,0.02832143298694243,0.0053077212513536875,0.05234675156733901,44.39675051243397,2.2310709776391224,-119.75677406019834,597.8889713643794,-0.2521748282290792,2.55388402267531,-1.8624510597373167,-1.7655570779082552,0.0,0.05752412041867923,,
39.2,4.311562569672334,2.202250817430421,9.147115166310494,0.017050621181163687,-0.0044446639548791226,0.06298207741155036,44.37153302961106,2.2368233896809904,-122.50760036695908,601.3689511262462,-0.2521748282290792,2.552433409156749,-1.851123497372383,-1.775345107196837,0.0,0.05752412041867923,,
39.300000000000004,4.567393467291755,2.4312638517027754,8.861623387490058,0.0281118741039192,-0.010481578928795912,0.05553541570712826,44.34631554678815,2.2425758017228583,-125.27682416590983,604.8310802154349,-0.2521748282290792,2.550982795638188,-1.8397449926063922,-1.7850612678040205,0.0,0.05752412041867923,,
39.400000000000006,4.225037246642301,2.7709373450164203,8.754351959623142,0.03814742562962635,0.0030299976383955478,0.046526218199232985,44.32109806396524,2.2483282137647262,-128.06433116672014,608.2752621914287,-0.2521748282290792,2.549532182119627,-1.828315997269319,-1.794705297753681,0.0,0.05752412041867923,,
39.5,4.468293187295294,3.0113066488442666,8.74202435655895,0.03042619983835363,-0.0029138698162507683,0.04960427058671234,44.29588058114233,2.254080625806594,-130.87000657868433,611.7014013376116,-0.2521748282290792,2.548081568601066,-1.8168369645181748,-1.804276937888754,0.0,0.05752412041867923,,
39.6,4.372923495536403,2.6210892289727457,8.97697598400902,0.027930869663104655,-0.005087466531303018,0.03977551225247054,44.27066309831942,2.259833037848462,-133.69373511526612,615.1094026638312,-0.2521748282290792,2.546630955082505,-1.8053083488195334,-1.8137759318778286,0.0,0.05752412041867923,,
39.7,4.532189194955206,2.3727167734825025,8.685608351634299,0.04616733977371028,0.00047842655092474615,0.04983035389766134,44.24544561549651,2.26558544989033,-136.5354009986563,618.4991719089339,-0.2521748282290792,2.545180341563944,-1.7937306059320224,-1.8232020262216306,0.0,0.05752412041867923,,
39.800000000000004,4.275029831138982,2.619876535076631,8.667488581537189,0.006413355732261757,0.012990860095766775,0.06454969644466257,44.2202281326736,2.271337861932198,-139.3948879643431,621.8706155432718,-0.2521748282290792,2.543729728045383,-1.7821041928887844,-1.8325549702593964,0.0,0.05752412041867923,,
39.900000000000006,4.176371473041097,2.741927182178798,9.015456945174225,0.03374299085498485,0.02553168223205326,0.0541003069863302,44.19501064985069,2.277090273974066,-142.27207926569494,625.2236407711804,-0.2521748282290792,2.542279114526822,-1.7704295679799078,-1.8418345161751433,0.0,0.05752412041867923,,
40.0,4.531761500155466,2.40872492456889,8.907052300781418,0.022353728401403438,0.0033865432805687506,0.0737462138550444,44.16979316702778,2.282842686015934,-145.16685767855597,628.5581555334284,-0.2521748282290792,2.540828501008261,-1.7587071907348273,-1.851040419003827,0.0,0.05752412041867923,-148.26147143273315,632.610566009012
40.1,4.0792427590313665,2.373167758641553,8.922066448057494,0.009413726713701647,0.009358200394483297,0.05919907910883444,44.14457568420487,2.288595098057802,-148.0791055058534,631.8740685096388,-0.2521748282290792,2.5393778874897,-1.7469375219046956,-1.8601724366373933,0.0,0.05752412041867923,,
40.2,4.249561317671457,2.262353013915761,8.743518567806227,0.03959736282840817,-0.008350975232222554,0.05539525203989696,44.11935820138196,2.2943475100996698,-151.00870458221715,635.1712891206816,-0.2521748282290792,2.5379272739711385,-1.735121023444726,-1.8692303298307213,0.0,0.05752412041867923,,
40.300000000000004,4.278083057381778,2.6399938057974994,8.830251145593813,0.016657577892697804,0.0007099019569523948,0.06897257094395652,44.094140718559046,2.3000999221415377,-153.95553627861133,638.4497275310373,-0.2521748282290792,2.5364766604525775,-1.7232581584965077,-1.8782138622074567,0.0,0.05752412041867923,,
40.400000000000006,4.507981454812691,2.103026083486892,8.65541250824512,0.03708546522516215,-0.01922574601741951,0.05824146836689375,44.068923235736136,2.3058523341834056,-156.91948150697726,641.7092946511319,-0.2521748282290792,2.5350260469340165,-1.7113493913702924,-1.887122800265738,0.0,0.05752412041867923,,
40.5,4.423736484721636,2.6958006646881576,8.96729669528327,0.036503831616684856,-0.018703243006065087,0.046197403964990544,44.043705752913226,2.3116047462252736,-159.90042072488816,644.9499021396432,-0.2521748282290792,2.5335754334154554,-1.6993951875272575,-1.8959569133838132,0.0,0.05752412041867923,,
40.6,4.030196894570711,2.3348922174999287,8.907707742868467,0.032826698413934964,-0.0018486802925241114,0.05687041664497476,44.018488270090316,2.3173571582671415,-162.89823394021508,648.1714624057782,-0.2521748282290792,2.5321248198968944,-1.6873960135617387,-1.904715973825546,0.0,0.05752412041867923,,
40.7,3.758125506297554,2.6719190779596134,8.832920922501888,0.025728284508729216,-0.005803115786273251,0.06114266161238088,43.993270787267406,2.3231095703090094,-165.912800715804,651.3738886115216,-0.2521748282290792,2.5306742063783334,-1.6753523371834431,-1.913399756745816,0.0,0.05752412041867923,,
40.800000000000004,4.328855441019985,2.3059017219209776,8.786120980951704,0.03278767836600565,-0.006423337485036866,0.062223995460365514,43.968053304444496,2.3288619823508774,-168.94400017416396,654.5570946738551,-0.2521748282290792,2.5292235928597724,-1.663264627199631,-1.9220080401958086,0.0,0.05752412041867923,,
40.900000000000006,4.400056426097368,2.4974672598754273,9.193920766760552,0.02762919879506199,0.012445589117938303,0.059223712910639686,43.942835821621586,2.3346143943927453,-171.99171100216594,657.7209952669481,-0.2521748282290792,2.5277729793412114,-1.6511333534972814,-1.9305406051281935,0.0,0.05752412041867923,,
41.0,4.05252974805779,2.5155059365137316,9.04544029056037,0.04002941280256866,0.011532476290585859,0.0479998190295169,43.917618338798675,2.3403668064346133,-175.0558114557523,660.8655058243188,-0.2521748282290792,2.5263223658226504,-1.6389589870252261,-1.9389972354021967,0.0,0.05752412041867923,-168.07397725176784,657.6306559836661
41.1,4.154469975346733,2.563043601204461,8.655630520582982,0.027477784065488963,-0.00507666375415757,0.059757896991216364,43.892400855975765,2.346119218476481,-178.13617936465678,663.990542540967,-0.2521748282290792,2.5248717523040893,-1.6267419997762698,-1.9473777177885625,0.0,0.05752412041867923,,
41.2,4.195349603893676,2.462259657311212,8.996504546039114,0.025650506451048792,0.01248706257223226,0.06150206099474405,43.867183373152855,2.351871630518349,-181.23269213713473,667.0960223754768,-0.2521748282290792,2.523421138785528,-1.61448286476928,-1.955681841974403,0.0,0.05752412041867923,,
41.300000000000004,3.861465286393776,2.6422162360861,8.947912107702495,0.026180902033254384,0.029588157788407534,0.052771827872822745,43.841965890329945,2.357624042560217,-184.34522676470334,670.1818630520905,-0.2521748282290792,2.521970525266967,-1.6021820560312618,-1.963909400567945,0.0,0.05752412041867923,,
41.400000000000006,4.238704817993002,2.912345101397685,8.768995516316062,0.02246795180563299,0.00734692817326372,0.05557552835012173,43.816748407507035,2.363376454602085,-187.47365982689183,673.2479830627537,-0.2521748282290792,2.520519911748406,-1.5898400485794095,-1.9720601891031568,0.0,0.05752412041867923,,
41.5,4.181605676098706,2.628484741607775,8.6255717254696,0.021534620960017816,-0.008188726699421925,0.06316659510020783,43.791530924684125,2.369128866643953,-190.61786749600137,676.2943016691304,-0.2521748282290792,2.519069298229845,-1.5774573184031373,-1.9801340060442756,0.0,0.05752412041867923,,
41.6,4.168855889112198,2.5694537874297794,8.829412037541378,0.017330242926604067,0.008532341492273084,0.0601442161957206,43.766313441861215,2.374881278685821,-193.77772554187453,679.3207389045887,-0.2521748282290792,2.517618684711284,-1.5650343424460946,-1.988130652790218,0.0,0.05752412041867923,,
41.7,4.38162311252418,2.7283934056691015,8.843074811303927,0.025952363224715076,-0.0052695400317676255,0.0501458180967765,43.741095959038304,2.380633690727689,-196.95310933667412,682.3272155761579,-0.2521748282290792,2.516168071192723,-1.5525715985881592,-1.9960499336788848,0.0,0.05752412041867923,,
41.800000000000004,4.084123613790673,2.4695728566083432,8.704492813252182,0.03875516529025558,0.01619285667593414,0.05727761983759331,43.715878476215394,2.3863861027695568,-200.14389385967118,685.3136532664554,-0.2521748282290792,2.5147174576741618,-1.540069565627412,-2.003891655991351,0.0,0.05752412041867923,,
41.900000000000006,4.354538651914794,2.7704435265073735,8.956723061998671,0.044427914250196696,0.011477453058983771,0.06215972088140195,43.690660993392484,2.3921385148114247,-203.34995370204192,688.2799743355848,-0.2521748282290792,2.5132668441556008,-1.5275287232620993,-2.0116556299559525,0.0,0.05752412041867923,,
42.0,4.21513886707023,2.2125765680683633,9.149241133842622,0.04281516700343749,0.00024211918779004944,0.0651489671188533,43.665443510569574,2.3978909268532926,-206.57116307167362,691.2261019230037,-0.2521748282290792,2.5118162306370397,-1.5149495520725722,-2.0193416687522556,0.0,0.05752412041867923,-209.80673345234422,686.0926376534603
42.1,4.185597232457434,2.6539130403756794,8.590242488064739,0.006689742006846286,0.0010909593702437812,0.06150403025209597,43.640226027746664,2.4036433388951606,-209.807395797979,694.1519599493624,-0.2521748282290792,2.5103656171184787,-1.502332533503217,-2.026949588514922,0.0,0.05752412041867923,,
42.2,4.29447593663036,2.60045407880566,9.115057085504482,0.023330280194510996,0.0007694087254315326,0.055386527036253685,43.615008544923754,2.4093957509370285,-213.05852533671924,697.0574731183133,-0.2521748282290792,2.5089150035999177,-1.4896781498443632,-2.03447920833746,0.0,0.05752412041867923,,
42.300000000000004,4.1636830645251095,2.5585371324554744,9.001660776960104,0.04546572900188629,-0.01732802175677332,0.03830070669253774,43.58979106210084,2.4151481629788965,-216.32442477483508,699.9425669182898,-0.2521748282290792,2.5074643900813562,-1.476986884214182,-2.041930350275865,0.0,0.05752412041867923,,
42.400000000000006,4.435284881690418,2.405527216599501,8.521800408074697,0.022972994908590852,0.008054402014083672,0.05940780251802447,43.56457357927793,2.4209005750207644,-219.60496683528618,702.8071676242565,-0.2521748282290792,2.5060137765627952,-1.4642592205405702,-2.0493028393521566,0.0,0.05752412041867923,,
42.5,4.416117836001707,2.4968062972034546,8.803357937256425,0.031590761623396385,-0.006824530349667309,0.053186795699187654,43.53935609645502,2.4266529870626323,-222.9000238818983,705.6512022994294,-0.2521748282290792,2.504563163044234,-1.451495643543019,-2.0565965035577936,0.0,0.05752412041867923,,
42.6,4.07154426905452,2.5025279532953215,8.83063544897746,0.01678414512728412,-0.010806621607482761,0.05144602475010489,43.51413861363211,2.4324053991045003,-226.20946792421825,708.4745987969658,-0.2521748282290792,2.503112549525673,-1.438696638714472,-2.0638111738569886,0.0,0.05752412041867923,,
42.7,4.378671280557304,2.4658978288639197,8.942444352966525,0.038529616314733305,-0.00288871402039801,0.04299779049621371,43.4889211308092,2.438157811146368,-229.53317062237642,711.2772857616252,-0.2521748282290792,2.501661936007112,-1.425862692303169,-2.0709466841899085,0.0,0.05752412041867923,,
42.800000000000004,4.265816366372049,2.4488834116057334,8.773437784375018,0.044018547822275676,0.004319445502099967,0.06268658407521888,43.46370364798629,2.443910223188236,-232.8710032919566,714.0591926314002,-0.2521748282290792,2.500211322488551,-1.4129942912944835,-2.0780028714757632,0.0,0.05752412041867923,,
42.900000000000006,4.328663743820915,2.4202194899595364,8.898006682421364,0.01057346798799812,-0.00962466542479796,0.066742835645397,43.43848616516338,2.449662635230104,-236.22283690887306,716.820249639117,-0.2521748282290792,2.49876070896999,-1.4000919233927436,-2.0849795756157854,0.0,0.05752412041867923,,
43.0,4.407223383146911,2.605738631289406,8.553888346467163,0.02170909467383634,-5.754288865074644e-05,0.037004539966149386,43.41326868234047,2.455415047271972,-239.5885421142546,719.5603878140075,-0.2521748282290792,2.497310095451429,-1.3871560770030473,-2.0918766394961024,0.0,0.05752412041867923,-234.10675638719533,723.1763361438042
43.1,4.303292264062867,2.7289337990548175,8.66464149815606,0.02021360147060893,-0.008115127447326249,0.04586281842396366,43.38805119951756,2.46116745931384,-242.9679892193355,722.2795389832494,-0.2521748282290792,2.495859481932868,-1.3741872412130676,-2.0986939089904912,0.0,0.05752412041867923,,
43.2,4.380011729448088,2.552665943505283,8.940188247601377,0.019035881843865555,-0.005191126299096647,0.023710562136717364,43.36283371669465,2.466919871355708,-246.36104821035292,724.9776357734781,-0.2521748282290792,2.494408868414307,-1.3611859057748474,-2.1054312329630283,0.0,0.05752412041867923,,
43.300000000000004,4.274428485884808,2.4009404587960863,8.598632646812433,0.0209446118298984,-0.003417705784120429,0.062367757734727004,43.33761623387174,2.472672283397576,-249.7675887534511,727.6546116122686,-0.2521748282290792,2.492958254895746,-1.348152561086589,-2.1120884632706276,0.0,0.05752412041867923,,
43.400000000000006,4.401226701719682,2.3742051113649767,8.601854652600874,0.03673539156759012,0.005142663345576845,0.06487269103176327,43.31239875104883,2.4784246954394438,-253.18748019959145,730.3104007295859,-0.2521748282290792,2.4915076413771846,-1.3350876981744342,-2.1186654547654657,0.0,0.05752412041867923,,
43.5,4.54214179200658,2.4306599806636098,8.799180295416967,0.015990238596088037,-0.0023555266858442813,0.05948061905524521,43.28718126822592,2.4841771074813117,-256.62059158946903,732.9449381592077,-0.2521748282290792,2.4900570278586236,-1.3219918086742415,-2.1251620652973022,0.0,0.05752412041867923,,
43.6,4.216749063085492,2.5292163409899975,8.871617500446405,0.011917310079127238,-0.0049851271071859595,0.05039914359949455,43.26196378540301,2.4899295195231796,-260.0667916584348,735.558159740115,-0.2521748282290792,2.4886064143400626,-1.3088653848133514,-2.1315781557156814,0.0,0.05752412041867923,,
43.7,4.310370597443692,2.666443658162376,8.907407007366178,0.018981631433233528,-0.018570372049072196,0.057502516970983415,43.2367463025801,2.4956819315650476,-263.52594884142366,738.1500021178541,-0.2521748282290792,2.4871558008215016,-1.2957089193923528,-2.13791358987203,0.0,0.05752412041867923,,
43.800000000000004,4.285765257827281,2.2627262108601895,8.867879017716165,0.024067650177941775,0.006532482484211989,0.06296266514155242,43.21152881975719,2.5014343436069155,-266.9979312778879,740.7204027458679,-0.2521748282290792,2.4857051873029405,-1.2825229057668415,-2.144168234621642,0.0,0.05752412041867923,,
43.900000000000006,4.046278326001436,2.345297092690494,8.96481117073327,0.022326886833601813,0.007079791849181486,0.06039270534026983,43.18631133693428,2.5071867556487835,-270.4826068167365,743.269299886797,-0.2521748282290792,2.4842545737843795,-1.2693078378291747,-2.150341959825553,0.0,0.05752412041867923,,
44.0,3.9805606586683937,2.647869017571147,8.836139555343458,0.011880559704944307,0.0022928246264369303,0.05592442550675271,43.16109385411137,2.5129391676906514,-273.9798430212788,745.7966326137515,-0.2521748282290792,2.4828039602658185,-1.2560642099902242,-2.1564346383523034,0.0,0.05752412041867923,-272.8153103423031,750.5691508275899
44.1,4.331970128837581,2.6025157350725823,8.741084787652492,0.02448364700852964,0.00498713046528903,0.06974235547741342,43.13587637128846,2.5186915797325193,-277.48950717417387,748.302340811552,-0.2521748282290792,2.4813533467472575,-1.2427925171611265,-2.1624461460795947,0.0,0.05752412041867923,,
44.2,4.264860063502747,2.134337919835761,8.558556900991855,0.023646509703547994,-0.009086100276439196,0.060434738192200146,43.11065888846555,2.5244439917743873,-281.0114662823844,750.7863651779405,-0.2521748282290792,2.4799027332286965,-1.2294932547350281,-2.168376361895829,0.0,0.05752412041867923,,
44.300000000000004,4.450901252971343,2.3977461639694555,8.823985246202136,0.027325510454878122,0.007158547999948054,0.047095644643783796,43.08544140564264,2.530196403816255,-284.54558708213534,753.248647224762,-0.2521748282290792,2.4784521197101355,-1.216166918568836,-2.174225167701545,0.0,0.05752412041867923,,
44.400000000000006,4.209694588372642,2.824114762279967,8.533531612297953,0.0380404985614224,-0.002359957073642358,0.07145614004208295,43.06022392281973,2.535948815858123,-288.0917360438769,755.6891292791145,-0.2521748282290792,2.4770015061915744,-1.2028140049649603,-2.1799924484107387,0.0,0.05752412041867923,,
44.5,4.398687802325863,2.605131559106723,8.763206801592608,0.02161217814440538,-0.005807443589778876,0.05885882025179807,43.03500643999682,2.541701227899991,-291.64977937725183,758.1077544844707,-0.2521748282290792,2.475550892673013,-1.1894350106530625,-2.185678091952076,0.0,0.05752412041867923,,
44.6,4.403799695453267,2.4682636418383166,8.643597206657674,0.020189264986445545,-0.009676274113492722,0.07063649174071354,43.00978895717391,2.547453639941859,-295.21958303606687,760.5044668017676,-0.2521748282290792,2.474100279154452,-1.1760304327718034,-2.1912819892699953,0.0,0.05752412041867923,,
44.7,4.45078234596155,2.6526802270469605,8.781410305435688,0.016941395628398935,7.99540150028713e-05,0.050578230987094776,42.984571474351,2.553206051983727,-298.801012723268,762.8792110104679,-0.2521748282290792,2.472649665635891,-1.1626007688505888,-2.196804034325699,0.0,0.05752412041867923,,
44.800000000000004,4.269365466855194,2.5496316820186635,9.132311847649081,0.021242913206762342,0.012925975979193063,0.046771543396436355,42.95935399152809,2.558958464025595,-302.3939338959196,765.2319327095888,-0.2521748282290792,2.47119905211733,-1.1491465167913235,-2.2022441240980357,0.0,0.05752412041867923,,
44.900000000000006,4.183637147134343,2.222255902831973,9.081682996273257,0.047824340722435035,0.002801143771494501,0.04315332376116021,42.93413650870518,2.564710876067463,-305.9982117701869,767.5625783187037,-0.2521748282290792,2.469748438598769,-1.1356681748501627,-2.207602158584269,0.0,0.05752412041867923,,
45.0,4.387788173258334,2.416676547239036,8.696984392483811,0.034737124546262405,-0.011241522078258888,0.03878385633270393,42.90891902588227,2.570463288109331,-309.61371132632206,769.8710950789108,-0.2521748282290792,2.468297825080208,-1.12216624161927,-2.2128780408007427,0.0,0.05752412041867923,-307.4363218729995,767.4299482268508
45.1,4.358702626014534,2.5139032844854077,8.98399134468712,0.029289635740090757,0.0035046460156373306,0.05943914748854095,42.88370154305936,2.5762157001511987,-313.24029731365295,772.157431053773,-0.2521748282290792,2.466847211561647,-1.1086412160085788,-2.2180716767834303,0.0,0.05752412041867923,,
45.2,4.259579276921821,2.5534417388141626,9.179070490146303,0.03123619667013931,0.02809486956071664,0.05712147426035953,42.85848406023645,2.5819681121930667,-316.87783425557564,774.4215351302281,-0.2521748282290792,2.465396598043086,-1.0950935972275584,-2.2231829755883776,0.0,0.05752412041867923,,
45.300000000000004,4.206852377712114,2.8668252287266314,8.928855082677742,0.015741781458577166,0.013663255590384062,0.06451874954715624,42.83326657741354,2.5877205242349346,-320.52618645454925,776.6633570194667,-0.2521748282290792,2.463945984524525,-1.0815238847669846,-2.228211849292034,0.0,0.05752412041867923,,
45.400000000000006,4.3640777682137095,2.471065156543816,9.153215417835861,0.045843816373538834,-0.00043037047628288814,0.05425259135155175,42.80804909459063,2.5934729362768025,-324.1852179970933,778.8828472577825,-0.2521748282290792,2.462495371005964,-1.067932578380718,-2.2331582129914747,0.0,0.05752412041867923,,
45.5,4.129066657720786,2.4362955257467314,8.988125677784721,0.04098057814308331,0.002334995569602298,0.05076778660615827,42.78283161176772,2.5992253483186705,-327.8547927587879,781.0799572073904,-0.2521748282290792,2.461044757487403,-1.0543201780674887,-2.2380219848045133,0.0,0.05752412041867923,,
45.6,4.273262404034653,2.590934040333873,8.744054210922508,0.01364776670808027,0.012214408821754102,0.04729440595976897,42.75761412894481,2.6049777603605384,-331.53477440927594,783.2546390572153,-0.2521748282290792,2.4595941439688414,-1.040687184052688,-2.2428030858697046,0.0,0.05752412041867923,,
45.7,4.33710153268033,2.5060413765774685,8.544806509906572,0.008685084975159341,-0.008587232501691118,0.055086915640314746,42.7323966461219,2.6107301724024063,-335.22502641726754,785.4068458236504,-0.2521748282290792,2.4581435304502803,-1.027034096770167,-2.2475014403462397,0.0,0.05752412041867923,,
45.800000000000004,4.363229592275907,2.724008026157166,8.626103201793157,0.037604954267452306,0.0037206763488253076,0.06016497175468114,42.70717916329899,2.6164825844442743,-338.92541205554613,787.5365313512857,-0.2521748282290792,2.4566929169317193,-1.0133614168440477,-2.2521169754137262,0.0,0.05752412041867923,,
45.900000000000006,4.380103455551371,2.4489996929113342,8.764877576946603,0.021279654456288398,0.004620733668629485,0.03350307971897809,42.68196168047608,2.6222349964861422,-342.6357944059766,789.6436503136056,-0.2521748282290792,2.4552423034131583,-0.9996696450705389,-2.2566496212718667,0.0,0.05752412041867923,,
46.0,4.254402736492723,2.707656524687896,9.098687621051111,0.005787880585781797,0.0017460643344546895,0.056055619966041643,42.65674419765317,2.62798740852801,-346.3560363645147,791.728158213657,-0.2521748282290792,2.4537916898945973,-0.9859592823997658,-2.2610993111400233,0.0,0.05752412041867923,-352.57030236705936,799.5859082057639
46.1,4.032247291261498,2.4083290302813314,8.737369506229244,0.02367927903175372,-0.006343687711561942,0.05371720797018451,42.63152671483026,2.633739820569878,-350.086000646218,793.790011384687,-0.2521748282290792,2.4523410763760363,-0.9722308299176083,-2.265465981256673,0.0,0.05752412041867923,,
46.2,4.230912089084909,2.5033250189181033,8.919138383155385,0.01501008733219899,0.018780846170953693,0.07396524090638684,42.60630923200735,2.639492232611746,-353.82554979025787,795.8291669907499,-0.2521748282290792,2.4508904628574752,-0.958484788827551,-2.2697495708787567,0.0,0.05752412041867923,,
46.300000000000004,4.431276271019126,2.4485912573983417,8.678400507343765,0.015165605063395702,0.015050113726193302,0.058215235075203646,42.58109174918444,2.645244644653614,-357.5745461649326,797.8455830272849,-0.2521748282290792,2.4494398493389142,-0.9447216604325462,-2.273950022280917,0.0,0.05752412041867923,,
46.400000000000006,4.158362603577347,2.205934077419916,8.981670009415868,0.032177896673375145,0.0003023793583539275,0.04178456177880037,42.55587426636153,2.650997056695482,-361.33285197268117,799.8392183216629,-0.2521748282290792,2.447989235820353,-0.9309419461168881,-2.278067280754628,0.0,0.05752412041867923,,
46.5,3.9352792553647715,2.628274138880275,9.030229187936845,0.026514498635569407,0.009968427303501523,0.048261335049383125,42.53065678353862,2.65674946873735,-365.10032925509785,801.8100325337036,-0.2521748282290792,2.446538622301792,-0.9171461473281017,-2.2821012946072172,0.0,0.05752412041867923,,
46.6,4.169164334555164,2.2442415446487303,8.724680347291692,0.023929086141082426,0.008249170876585717,0.06142225360013426,42.50543930071571,2.662501880779218,-368.876839897947,803.7579861561621,-0.2521748282290792,2.445088008783231,-0.9033347655588451,-2.286052015160779,0.0,0.05752412041867923,,
46.7,4.423630640860561,2.5674350790471387,8.685848456003477,0.03250534914375894,-0.019528587254067736,0.06709205033195888,42.4802218178928,2.6682542928210857,-372.6622456361782,805.6830405151858,-0.2521748282290792,2.4436373952646697,-0.889508302328825,-2.2899193967509768,0.0,0.05752412041867923,,
46.800000000000004,4.2327720075689035,2.3726959683250968,8.652066549342601,0.022482677382696103,0.002713870559568189,0.05051623131129585,42.45500433506989,2.6740067048629537,-376.45640805894215,807.5851577707405,-0.2521748282290792,2.4421867817461087,-0.8756672591667316,-2.293703396725742,0.0,0.05752412041867923,,
46.900000000000006,4.338306514942056,2.4925380342541557,8.69552741360844,0.03906267391323322,-0.0019698197244094134,0.04855898505227858,42.42978685224698,2.6797591169048216,-380.259188614605,809.4643009170073,-0.2521748282290792,2.4407361682275477,-0.8618121375921836,-2.297403975443859,0.0,0.05752412041867923,,
47.0,4.259890130596554,2.2728321814427415,8.80702384804329,0.011402972152092364,-0.0132217974575097,0.047138553406478705,42.40456936942407,2.6855115289466895,-384.07044861576406,811.3204337827488,-0.2521748282290792,2.4392855547089867,-0.8479434390976949,-2.3010210962734496,0.0,0.05752412041867923,-377.71347598105336,815.8993467946069
47.1,4.123695887416319,2.435400664231961,8.881347462091055,0.03742716889165503,0.01963670878884365,0.05278673856750826,42.37935188660116,2.6912639409885575,-387.89004924426166,813.1535210316448,-0.2521748282290792,2.4378349411904257,-0.8340616651306556,-2.3045547255903407,0.0,0.05752412041867923,,
47.2,4.140156034423587,2.3576331756613564,8.695210156371544,0.027140336769461038,0.00432766785115488,0.056186329350672706,42.35413440377825,2.6970163530304254,-391.7178515561996,814.9635281625993,-0.2521748282290792,2.4363843276718646,-0.8201673170753324,-2.308004832776331,0.0,0.05752412041867923,,
47.300000000000004,4.433685419305616,2.4253908449343418,8.869650383060925,0.01494213142550845,-0.007459116420155537,0.04951648873418913,42.328916920955336,2.7027687650722934,-395.5537164869517,816.7504215100162,-0.2521748282290792,2.4349337141533036,-0.8062608962348858,-2.3113713902173503,0.0,0.05752412041867923,,
47.400000000000006,4.434810112440585,2.3369469314740443,9.026208557119908,0.01507414905175384,-0.018499886499152133,0.03965991156637286,42.303699438132426,2.7085211771141613,-399.39750485617606,818.5141682440452,-0.2521748282290792,2.4334831006347426,-0.7923429038134083,-2.314654373301505,0.0,0.05752412041867923,,
47.5,4.016666652019524,2.1408889713539345,8.694346447573425,0.008146351819299544,-0.0009739633096544178,0.0641327936377945,42.278481955309516,2.7142735891560292,-403.24907737282604,820.2547363707986,-0.2521748282290792,2.4320324871161816,-0.7784138408979806,-2.317853760417024,0.0,0.05752412041867923,,
47.6,4.352556649908297,2.423262073807188,8.893550033341922,0.021886370180386625,-0.019231417356001552,0.044782888529215595,42.253264472486606,2.720026001197897,-407.1082946401597,821.9720947325367,-0.2521748282290792,2.4305818735976206,-0.7644742084407508,-2.320969532950093,0.0,0.05752412041867923,,
47.7,4.208602494821438,2.4663125234332934,9.007927651219534,0.011763755280005757,0.010756213901398469,0.05676780054629321,42.228046989663696,2.725778413239765,-410.97501716074777,823.6662130078244,-0.2521748282290792,2.429131260079059,-0.7505245072410303,-2.324001675282583,0.0,0.05752412041867923,,
47.800000000000004,4.324642311934114,2.67365876278196,8.652291348337249,0.013980164729920017,-0.0002205831604077037,0.056960467035717624,42.202829506840786,2.731530825281633,-414.84910534147997,825.3370617116574,-0.2521748282290792,2.427680646560498,-0.7365652379274175,-2.326950174789673,0.0,0.05752412041867923,,
47.900000000000006,4.248859513313674,2.1880214853411912,8.954153545281603,0.024270462732316627,0.009849284624285025,0.0705944945947407,42.177612024017876,2.737283237323501,-418.7304194985695,826.9846121955584,-0.2521748282290792,2.426230033041937,-0.7225969009399369,-2.3298150218373657,0.0,0.05752412041867923,,
48.0,4.174328695538043,2.2830570016371423,8.775923392090464,0.0024182733844365437,-0.007975417559478311,0.05777247592515918,42.152394541194965,2.743035649365369,-422.61881986255537,828.6088366476438,-0.2521748282290792,2.424779419523376,-0.7086199965122073,-2.332596209779894,0.0,0.05752412041867923,-424.6418806394635,825.0677654183855
48.1,4.100494407080459,2.405248795258594,9.042659585690025,0.01775648722780087,0.013111135829485872,0.04544500478140287,42.127177058372055,2.748788061407237,-426.5141665833023,830.2097080926599,-0.2521748282290792,2.423328806004815,-0.6946350246536293,-2.3352937349570264,0.0,0.05752412041867923,,
48.2,4.404662195354337,2.463130061680068,8.826663803977693,0.012841570820608227,-0.02111957758542203,0.06592491874208109,42.101959575549145,2.754540473449105,-430.4163197349988,831.78720039199,-0.2521748282290792,2.421878192486254,-0.6806424851315994,-2.3379075966912657,0.0,0.05752412041867923,,
48.300000000000004,4.317486489933407,2.468195030313208,8.702488326751716,0.018418372448362485,-0.007862595500547537,0.06151065549801085,42.076742092726235,2.7602928854909727,-434.32513932115194,833.3412882436314,-0.2521748282290792,2.420427578967693,-0.6666428774537482,-2.3404377972849355,0.0,0.05752412041867923,,
48.400000000000006,4.150084768404431,2.3700083441118216,8.770854385144165,0.042398794909748336,0.018524306273977,0.05686765042411752,42.051524609903325,2.7660452975328407,-438.24048527957973,834.8719471821424,-0.2521748282290792,2.418976965449132,-0.6526367008502038,-2.342884342017168,0.0,0.05752412041867923,,
48.5,4.227568236272912,2.6268658031939354,8.863163984001803,0.027874261711161974,-0.00551288782338614,0.05236178922469087,42.026307127080415,2.7717977095747086,-442.1622174874006,836.3791535785599,-0.2521748282290792,2.417526351930571,-0.6386244542558818,-2.3452472391407855,0.0,0.05752412041867923,,
48.6,4.180688577678775,2.5118299084163085,8.673450027020886,0.060981724278673516,0.009764847238474818,0.07636380795423506,42.001089644257505,2.7775501216165766,-446.0901957660195,837.862884640287,-0.2521748282290792,2.41607573841201,-0.6246066362928017,-2.347526499879074,0.0,0.05752412041867923,,
48.7,4.1829668481950595,2.436849162549332,8.77280089883685,0.027699783675106445,0.009335636775689344,0.05435819608436654,41.975872161434594,2.7833025336584445,-450.024279886111,839.3231184109513,-0.2521748282290792,2.414625124893449,-0.6105837452524305,-2.349722138422453,0.0,0.05752412041867923,,
48.800000000000004,4.054736748425022,2.5205832080032198,8.704664689931814,0.011703592643819335,0.014812452900847234,0.05544897390533392,41.950654678611684,2.7890549457003124,-453.9643295725985,840.7598337702336,-0.2521748282290792,2.4131745113748875,-0.5965562790780553,-2.3518341719250397,0.0,0.05752412041867923,,
48.900000000000006,4.311051548955579,2.4542222710741823,8.845030848806966,0.01847873194599869,0.004210184243539845,0.05565493390306573,41.925437195788774,2.7948073577421804,-457.91020450963026,842.1730104336659,-0.2521748282290792,2.4117238978563265,-0.582524735347183,-2.3538626205011144,0.0,0.05752412041867923,,
49.0,4.255472703962836,2.53248719170095,8.774156733672058,0.027845753526064623,0.008891197886113724,0.062414192538755284,41.900219712965864,2.8005597697840483,-461.8617643455511,843.5626289524015,-0.2521748282290792,2.4102732843377654,-0.5684896112539705,-2.3558075072214693,0.0,0.05752412041867923,-461.75746873061775,847.9911883504419
49.1,4.269314903780193,2.5494215245440324,8.962470106416403,0.026818931961723004,-0.023351116843151463,0.036893129319460885,41.875002230142954,2.8063121818259162,-465.8188686978706,844.9286707129545,-0.2521748282290792,2.4088226708192044,-0.5544514035916832,-2.3576688581096676,0.0,0.05752412041867923,,
49.2,4.289269073737842,2.312958813378164,9.114412617117898,0.032782086567438,-0.005469495939703492,0.0641063523118495,41.849784747320044,2.812064593867784,-469.7813771582267,846.2711179369098,-0.2521748282290792,2.4073720573006434,-0.5404106087351865,-2.3594467021381864,0.0,0.05752412041867923,,
49.300000000000004,4.535792956640093,2.613592027612278,8.722969679452664,0.03222825811450581,-0.003666619140679938,0.057556400487762234,41.824567264497134,2.817817005909652,-473.74914929734524,847.5899536806046,-0.2521748282290792,2.4059214437820824,-0.5263677226234658,-2.3611410712244645,0.0,0.05752412041867923,,
49.400000000000006,4.4620082695302825,2.1503876318107946,8.622399812216749,0.028453966340942063,-0.017755296057283626,0.05848630630507712,41.79934978167422,2.82356941795152,-477.7220446699947,848.885161834779,-0.2521748282290792,2.4044708302635214,-0.512323240742179,-2.3627520002268425,0.0,0.05752412041867923,,
49.5,4.074523214919742,2.310390485864072,8.843869729422543,0.019106752630362947,-0.00788849840626602,0.03490900597200239,41.77413229885131,2.829321829993388,-481.6999228199364,850.1567271241986,-0.2521748282290792,2.4030202167449604,-0.498277658106242,-2.3642795269403996,0.0,0.05752412041867923,,
49.6,4.312417395575865,2.365254188113099,9.05590104176624,0.011494644670918186,-0.0063835589411399465,0.057089736978942776,41.7489148160284,2.835074242035256,-485.68264328486976,851.404635107247,-0.2521748282290792,2.4015696032263993,-0.4842314692424467,-2.3657236920926907,0.0,0.05752412041867923,,
49.7,4.269966607750522,2.402716201877227,9.062606188147097,0.020255776886823458,-0.009571196700658827,0.05714624407533767,41.72369733320549,2.840826654077124,-489.67006560137264,852.6288721754895,-0.2521748282290792,2.4001189897078383,-0.4701851681721118,-2.3670845393393756,0.0,0.05752412041867923,,
49.800000000000004,4.155597820747862,2.5329306093811996,8.543316934163364,0.029213269195454042,-0.0005694206524801283,0.05580922249249961,41.69847985038258,2.846579066118992,-493.6620493098363,853.8294255532068,-0.2521748282290792,2.3986683761892773,-0.45613924839376874,-2.36836211525975,0.0,0.05752412041867923,,
49.900000000000006,4.498839134796867,2.386032216026786,8.91019796593365,0.018233798449815534,0.004404395206672239,0.0384520708547154,41.67326236755967,2.8523314781608597,-497.65845395939476,855.0062832969003,-0.2521748282290792,2.397217762670716,-0.44209420286588175,-2.3695564693521733,0.0,0.05752412041867923,,
50.0,5.14832473932262,-0.7101872199310562,8.374091991584072,-0.02615404248484692,0.004949397072809922,-0.0012705628990523563,41.64804488473676,2.8580838902027277,-501.6582675651699,856.1767837646926,0.5510938586355802,-0.9843670933077627,-0.2537409881299258,1.099226330814485,0.0,-0.023635373425860744,-497.27516851829586,857.0193671273793
50.1,4.891379632065538,-0.8742887413130808,8.601408189729332,-0.016510483742120757,0.011568459743430046,-0.028539322047994115,41.70315427060032,2.855720352860142,-505.6605889261722,857.3582949656003,0.5510938586355802,-0.9856696242219178,-0.250774912831717,1.101072655292953,0.0,-0.023635373425860744,,
50.2,5.24170960469262,-1.2006992535928163,8.425410096512199,-0.013927281343066537,0.006586780302302289,-0.01807090609656013,41.75826365646388,2.853356815517556,-509.6653883085495,858.5508352840164,0.5510938586355802,-0.986972155136073,-0.24780152935466515,1.1029110925588184,0.0,-0.023635373425860744,,
50.300000000000004,5.2019633761161845,-1.0308091322920125,8.466305122559321,-0.014192281271248056,0.009751949297952823,-0.00848751942018857,41.81337304232744,2.85099327817497,-513.6726359055754,859.7544230252194,0.5510938586355802,-0.9882746860502281,-0.24482085842926826,1.1047416183848084,0.0,-0.023635373425860744,,
50.400000000000006,4.607325175904534,-0.9806055805683866,8.39639602080665,-0.005179878285530553,-0.0033547974762093247,-0.01564271807118329,41.868482428191,2.848629740832384,-517.6823018378567,860.9690764151312,0.5510938586355802,-0.989577216964383,-0.2418329208597108,1.1065642085976246,0.0,-0.023635373425860744,,
50.5,5.1496424070249205,-0.892610912689972,8.52402437587035,0.008231383343893636,0.0013364496417162077,-0.01158721679242878,41.92359181405456,2.8462662034897983,-521.6943561535426,862.194813600077,0.5510938586355802,-0.9908797478785382,-0.23883773752372445,1.1083788390781542,0.0,-0.023635373425860744,,
50.6,5.103648919723661,-0.9994792960709448,8.463426355876937,-0.008063212767621678,-0.02121842782140962,-0.0022440006388517765,41.97870119991812,2.8439026661472124,-525.7087688285342,863.4316526465436,0.5510938586355802,-0.9921822787926933,-0.23583532937244855,1.1101854857616826,0.0,-0.023635373425860744,,
50.7,4.7837931213108265,-1.0513322863908925,8.395438786680987,-0.009719586341876389,-0.02084290295676085,0.007330900712536153,42.03381058578168,2.8415391288046266,-529.7255097666944,864.6796115409398,0.5510938586355802,-0.9934848097068484,-0.23282571743028874,1.111984124638107,0.0,-0.023635373425860744,,
50.800000000000004,5.1054707589402994,-1.1136819410575174,8.79912671126667,-0.02090643384289981,-0.014122199219307185,-0.02075771559166769,42.08891997164524,2.8391755914620407,-533.7445488000593,865.9387081893566,0.5510938586355802,-0.9947873406210034,-0.22980892279477644,1.1137747317521465,0.0,-0.023635373425860744,,
50.900000000000006,5.204378820449852,-0.9698426087488672,8.374786561317752,-0.030884415417970698,0.004168204317025573,-0.00306611497533538,42.1440293575088,2.836812054119455,-537.7658556890498,867.2089604173284,0.5510938586355802,-0.9960898715351585,-0.22678496663642667,1.1155572832035547,0.0,-0.023635373425860744,,
51.0,5.228832898078819,-0.8257361318874228,8.603573667519713,-0.010997467551834297,-0.0045064963290223905,-0.019503380967756705,42.19913874337236,2.834448516776869,-541.7894001226836,868.4903859695946,0.5510938586355802,-0.9973924024493136,-0.22375387019859566,1.1173317551473316,0.0,-0.023635373425860744,-541.9238313017178,869.045045963276
51.1,4.848085741592688,-1.0604584054814477,8.46444800869713,0.009318771813467809,-9.917682187332755e-05,-0.03357916843667092,42.25424812923592,2.832084979434283,-545.8151517187889,869.7830025098614,0.5510938586355802,-0.9986949333634687,-0.22071565479733823,1.1190981237939317,0.0,-0.023635373425860744,,
51.2,4.9291912579376564,-1.398425427280669,8.615601512598408,-0.010093619866555327,0.0013735800405276282,0.0011553025040866999,42.30935751509948,2.829721442091697,-549.8430800242181,871.0868276205646,0.5510938586355802,-0.9999974642776237,-0.21767034182126377,1.1208563654094776,0.0,-0.023635373425860744,,
51.300000000000004,5.0078192203210365,-0.9566004294629586,8.383554808047558,-0.021152506867612164,-0.000774449384308515,-0.022852259562030287,42.36446690096304,2.8273579047491113,-553.8731545150624,872.4018788026331,0.5510938586355802,-1.001299995191779,-0.21461795273139228,1.122606456315968,0.0,-0.023635373425860744,,
51.400000000000006,5.026082553850532,-0.8940281745089456,8.683716258485699,-0.022837313715246256,0.011498043475873305,-0.005936642066416611,42.4195762868266,2.8249943674065254,-557.9053445968673,873.7281734752523,0.5510938586355802,-1.002602526105934,-0.21155850906100965,1.1243483728914874,0.0,-0.023635373425860744,,
51.5,5.011336212194486,-1.0498216831015064,8.337492609441945,-0.011593185680867136,-0.011294435224158197,-0.04374139546688839,42.47468567269016,2.8226308300639396,-561.9396196048481,875.0657289756285,0.5510938586355802,-1.003905057020089,-0.20849203241552267,1.1260820915704173,0.0,-0.023635373425860744,,
51.6,5.026855119368296,-1.154371309326219,8.521704428279898,-0.008587299701238801,-0.011919961000701933,-0.01812341600848989,42.52979505855372,2.8202672927213537,-565.9759488041072,876.4145625587541,0.5510938586355802,-1.0052075879342441,-0.20541854447231206,1.1278075888436425,0.0,-0.023635373425860744,,
51.7,4.713387853607206,-1.1154915385895796,8.511799937616958,-0.008996531008957524,0.005656470342911675,-0.037023017318474044,42.584904444417276,2.817903755378768,-570.0143013898518,877.7746913971729,0.5510938586355802,-1.0065101188483991,-0.20233806698058732,1.1295248412587617,0.0,-0.023635373425860744,,
51.800000000000004,4.914983481648623,-1.0041670614514484,8.365709478359603,-0.007752841203631471,-0.0070318633107614445,-0.013920177351628116,42.640013830280836,2.815540218036182,-574.0546464876113,879.1461325807458,0.5510938586355802,-1.0078126497625544,-0.1992506217612388,1.1312338254202947,0.0,-0.023635373425860744,,
51.900000000000006,5.323886315314076,-0.9031406663667603,8.33281829906106,0.00346158654546703,0.0002884848201141285,-0.009281417069947263,42.695123216144395,2.813176680693596,-578.096953153457,880.528903116418,0.5510938586355802,-1.0091151806767094,-0.19615623070669003,1.13293451798989,0.0,-0.023635373425860744,,
52.0,5.074455976892726,-0.8499304288626479,8.357804701083712,-0.011717544836866493,0.005407194322229719,-0.01792719753756694,42.750232602007955,2.81081314335101,-582.1411903742211,881.9230199279857,0.5510938586355802,-1.0104177115908644,-0.19305491578075018,1.1346268956865333,0.0,-0.023635373425860744,-584.0820776586226,885.2930628212622
52.1,4.905392111497802,-1.0910179607463624,8.364761064825068,-0.010664552294497762,0.019391846381370727,0.003445721088883212,42.805341987871515,2.8084496060084243,-586.1873270677178,883.3284998558645,0.5510938586355802,-1.0117202425050196,-0.18994669901846406,1.136310935286754,0.0,-0.023635373425860744,,
52.2,4.764275022707962,-0.7055763237710715,8.242626542819034,-0.008309934790012461,-4.436786476075058e-05,-0.00614341853271465,42.860451373735074,2.8060860686658384,-590.2353320829636,884.7453596568567,0.5510938586355802,-1.0130227734191746,-0.18683160252596404,1.1379866136248304,0.0,-0.023635373425860744,,
52.300000000000004,5.065126337996291,-1.2150731579659027,8.444527756207814,-0.012653769992223026,-0.0073469057126652705,-0.023669877095271477,42.915560759598634,2.8037225313232526,-594.2851742003996,886.1736160039217,0.5510938586355802,-1.0143253043333296,-0.18370964848031907,1.1396539075929992,0.0,-0.023635373425860744,,
52.400000000000006,5.043622764785121,-1.1909602220144848,8.247402596284877,-0.015996889321519075,0.011451579785459689,-0.007063885194478104,42.97067014546219,2.8013589939806667,-598.3368221321138,887.6132854859437,0.5510938586355802,-1.0156278352474848,-0.18058085912938449,1.141312794141658,0.0,-0.023635373425860744,,
52.5,4.967517996446705,-1.094281477287602,8.508483342243741,0.004593726962719367,-0.009918448478059942,-0.024078768904594962,43.02577953132575,2.798995456638081,-602.3902445220639,889.0643846075034,0.5510938586355802,-1.0169303661616398,-0.17744525679165085,1.1429632502795726,0.0,-0.023635373425860744,,
52.6,4.8539274218622595,-0.8050819525945176,8.291616388340598,-0.007531412065729029,0.009401900944677277,-0.014111652304920057,43.08088891718931,2.796631919295495,-606.4454099463021,890.5269297886479,0.5510938586355802,-1.018232897075795,-0.17430286385609223,1.1446052530740825,0.0,-0.023635373425860744,,
52.7,4.9193327344101725,-0.8240848660045762,8.501211936949467,-0.010296344187705203,-0.011805202760459212,-0.01253785710838599,43.13599830305287,2.794268381952909,-610.5022869131989,892.0009373646618,0.5510938586355802,-1.01953542798995,-0.1711537027820142,1.1462387796513034,0.0,-0.023635373425860744,,
52.800000000000004,4.853117907992224,-0.7959769866945637,8.372906621764221,-0.004619727213708831,0.002952395038638338,-0.028957206671818933,43.19110768891643,2.791904844610323,-614.5608438636685,893.4864235858398,0.5510938586355802,-1.020837958904105,-0.1679977960989003,1.1478638071963347,0.0,-0.023635373425860744,,
52.900000000000006,4.758604972424232,-0.9415371942035897,8.302458890568458,-0.008941951906880055,-0.022794289375140418,-0.009100443404313534,43.24621707477999,2.7895413072677373,-618.6210491713953,894.9834046172583,0.5510938586355802,-1.0221404898182602,-0.16483516640625911,1.149480312953461,0.0,-0.023635373425860744,,
53.0,5.26905866006185,-1.285978395919343,8.671601007378978,-0.005164719850295131,0.0009110807172370745,-0.0067833084793313715,43.30132646064355,2.7871777699251514,-622.68287114306,896.4918965385489,0.5510938586355802,-1.0234430207324152,-0.16166583637347015,1.151088274226356,0.0,-0.023635373425860744,-622.9666942752015,895.644281540331
53.1,4.999425888659532,-1.0740012420376495,8.412320782034696,-0.013582595687684808,0.012510494913140362,-0.00802900273816959,43.35643584650711,2.7848142325825656,-626.7462780185672,898.011915343672,0.5510938586355802,-1.0247455516465702,-0.1584898287396292,1.152687668378286,0.0,-0.023635373425860744,,
53.2,4.761013765233994,-1.3416996198644526,8.595425065349488,-0.01212099563135677,0.005516411255803085,-0.023150530261221186,43.41154523237067,2.7824506952399797,-630.8112379712737,899.5434769406908,0.5510938586355802,-1.0260480825607254,-0.1553071663133932,1.1542784728323137,0.0,-0.023635373425860744,,
53.300000000000004,4.879833860160976,-1.0988638464675793,8.491130264274709,-0.010752092351696864,0.0010513846916182375,-0.012648332219151983,43.46665461823423,2.780087157897394,-634.877719108217,901.0865971515465,0.5510938586355802,-1.0273506134748804,-0.15211787197282461,1.155860665071498,0.0,-0.023635373425860744,,
53.400000000000006,5.030734723502339,-0.7352440881118014,8.496379510252392,-0.015077380036632997,-0.003432916102412567,-0.04186151837711073,43.52176400409779,2.777723620554808,-638.9456894703449,902.6412917118334,0.5510938586355802,-1.0286531443890357,-0.14892196866523522,1.1574342226390983,0.0,-0.023635373425860744,,
53.5,5.214381119770804,-0.9054096086254766,8.70861924394136,-0.01835349845420611,-0.0024972561187739713,-0.0125286204565055,43.57687338996135,2.775360083212222,-643.0151170327455,904.2075762705754,0.5510938586355802,-1.0299556753031907,-0.14571947940702878,1.1589991231387748,0.0,-0.023635373425860744,,
53.6,5.05243447463816,-1.0089944984459056,8.604385091213661,-0.015378671120099562,-0.01464545562310241,-0.002622030969270073,43.63198277582491,2.772996545869636,-647.0859697048784,905.7854663900018,0.5510938586355802,-1.0312582062173457,-0.14251042728354413,1.16055534423479,0.0,-0.023635373425860744,,
53.7,4.781132471578218,-0.6632197429342332,8.418486169059738,-0.002738983034599832,0.0018890157144807998,-0.023598927644867564,43.68709216168847,2.7706330085270503,-651.1582153308059,907.3749775453255,0.5510938586355802,-1.0325607371315009,-0.13929483544889698,1.1621028636522095,0.0,-0.023635373425860744,,
53.800000000000004,5.2179531613156245,-1.094790229968785,8.42557700595276,-0.008950008455279622,-0.004286010578892184,-0.013706307366190308,43.74220154755203,2.7682694711844644,-655.2318216894254,908.97612512452,0.5510938586355802,-1.0338632680456559,-0.13607272712582147,1.1636416591771017,0.0,-0.023635373425860744,,
53.900000000000006,4.936793856892714,-1.1237619931917628,8.439214122164142,-0.024121240834063654,0.02572200743423166,-0.03162084258627222,43.79731093341559,2.7659059338418786,-659.3067564947021,910.5889244280987,0.5510938586355802,-1.035165798959811,-0.1328441256055108,1.1651717086567388,0.0,-0.023635373425860744,,
54.0,5.07451156848962,-0.9664767677984372,8.423325438645136,-0.017618099481789884,0.004518166572588848,-0.019245944461503038,43.85242031927915,2.7635423964992927,-663.382987395903,912.2133906688933,0.5510938586355802,-1.036468329873966,-0.129609054247458,1.1666929899997946,0.0,-0.023635373425860744,-666.0152724989249,905.9384484774027
54.1,5.0914329542436265,-0.9503832826741275,8.534897639340944,-0.0017553595584077469,-0.00822186704081505,-0.03129830412051385,43.90752970514271,2.761178859156707,-667.460481977831,913.849538971834,0.5510938586355802,-1.037770860788121,-0.12636753647929527,1.1682054811765457,0.0,-0.023635373425860744,,
54.2,5.10708455152942,-0.8548970167593303,8.71103228624011,-0.009562654420846368,0.005513663600859962,-0.017358543437812155,43.96263909100627,2.758815321814121,-671.5392077610596,915.4973843737295,0.5510938586355802,-1.0390733917022763,-0.1231195957966334,1.1697091602190686,0.0,-0.023635373425860744,,
54.300000000000004,4.910499125297441,-0.9421741992466528,8.335695465219878,0.0020224432802760893,0.006416770419512984,-0.012613921882551123,44.017748476869826,2.756451784471535,-675.6191322021688,917.156941823048,0.5510938586355802,-1.0403759226164313,-0.11986525576290052,1.1712040052214379,0.0,-0.023635373425860744,,
54.400000000000006,5.113933906536744,-1.1927776188269998,8.550608942827687,-0.018261005702508836,-0.008122891085302533,-0.015234405197131571,44.072857862733386,2.754088247128949,-679.7002226939813,918.8282261796988,0.5510938586355802,-1.0416784535305863,-0.11660454000917986,1.1726899943399254,0.0,-0.023635373425860744,,
54.5,5.084271270775783,-0.8890099586869192,8.410883064481931,-0.0007812127797072414,0.0030405931343433423,-0.02115866556995967,44.127967248596946,2.7517247097863633,-683.7824465657997,920.5112522148148,0.5510938586355802,-1.0429809844447415,-0.11333747223404761,1.1741671057931966,0.0,-0.023635373425860744,,
54.6,4.90011586150757,-0.8281999532318383,8.259067134959642,-0.01408912215326248,0.0059172335791244,-0.011038660268436919,44.183076634460505,2.7493611724437774,-687.8657710836436,922.2060346105346,0.5510938586355802,-1.0442835153588965,-0.11006407620340963,1.1756353178625067,0.0,-0.023635373425860744,,
54.7,4.957418025028566,-1.0214882598579165,8.361888213845528,-0.014260448333555678,0.008316518395620268,-0.022838948431688946,44.238186020324065,2.7469976351011915,-691.9501634504888,923.9125879597865,0.5510938586355802,-1.0455860462730517,-0.10678437575033822,1.1770946088919003,0.0,-0.023635373425860744,,
54.800000000000004,4.932045712496608,-0.8829471367977513,8.461150026672769,-0.013342359642886898,0.006075157106440462,-0.010760231739581605,44.293295406187625,2.7446340977586057,-696.0355908065055,925.6309267660724,0.5510938586355802,-1.0468885771872067,-0.10349839477490774,1.1785449572884032,0.0,-0.023635373425860744,,
54.900000000000006,5.144925855652907,-1.2758591156102932,8.557655549294523,-0.01636339415169226,0.010404560390015659,-0.02267857427199332,44.348404792051184,2.74227056041602,-700.1220202292985,927.3610654432528,0.5510938586355802,-1.0481911081013617,-0.10020615724402993,1.179986341522222,0.0,-0.023635373425860744,,
55.0,5.056786692447118,-1.0196755577855938,8.791607210156148,-0.020245659907637582,0.0013601317228952017,0.0016375595261423348,44.403514177914744,2.739907023073434,-704.2094187341472,929.1030183153313,0.5510938586355802,-1.049493639015517,-0.0969076871912885,1.1814187401269376,0.0,-0.023635373425860744,-705.9231913609259,927.6769232491969
55.1,4.953171479599434,-1.1187564854738956,8.426251562313487,-0.007967512978654518,0.005108203169862888,-0.04186977722543579,44.4586235637783,2.737543485730848,-708.2977532742467,930.8567996162415,0.5510938586355802,-1.050796169929672,-0.09360300871677457,1.182842131699699,0.0,-0.023635373425860744,,
55.2,5.161739997341845,-0.9312735252187461,8.510959341118477,-0.013894064632523488,-0.0020520923728321616,-0.01803469212669464,44.51373294964186,2.735179948388262,-712.3869907409494,932.6224234896333,0.5510938586355802,-1.0520987008438272,-0.09029214598691776,1.1842564949014207,0.0,-0.023635373425860744,,
55.300000000000004,4.978315770303848,-0.9970479766142992,8.641259147589182,-0.00522792163853603,-0.014383660258136055,-0.022594434394718116,44.56884233550542,2.7328164110456763,-716.4770979640077,934.3999039886598,0.5510938586355802,-1.0534012317579822,-0.0869751232343226,1.1856618084569737,0.0,-0.023635373425860744,,
55.400000000000006,5.234310849226466,-1.3057357199668411,8.520447967917015,-0.01675012800064063,-0.0098689085553706,-0.007493325638387517,44.62395172136898,2.7304528737030904,-720.5680417118166,936.1892550757659,0.5510938586355802,-1.0547037626721372,-0.08365196475759823,1.1870580511553805,0.0,-0.023635373425860744,,
55.5,4.911808420313262,-1.2147961906037963,8.47492207852694,-0.0025767951579699667,0.01187407936639241,-0.036136197064917705,44.67906110723254,2.7280893363605045,-724.6597886916574,937.9904906224758,0.5510938586355802,-1.0560062935862924,-0.08032269492119226,1.1884452018500091,0.0,-0.023635373425860744,,
55.6,5.105151575500897,-0.8180228015526245,8.491460267723555,-0.0032160758306637033,-0.01214782833717146,-0.022708875785040723,44.7341704930961,2.7257257990179187,-728.752305549942,939.8036244091833,0.5510938586355802,-1.0573088245004474,-0.0769873381552213,1.1898232394587627,0.0,-0.023635373425860744,,
55.7,5.011050946481856,-1.265811789265739,8.48965648797331,0.0006624671889588936,-0.005600110788724775,-0.023691765822671355,44.78927987895966,2.723362261675333,-732.8455588724579,941.6286701249409,0.5510938586355802,-1.0586113554146024,-0.0736459189553027,1.1911921429642756,0.0,-0.023635373425860744,,
55.800000000000004,5.00422271383212,-0.5868197060824032,8.374533486408414,-0.011773021760168322,0.009882062966929013,-0.011350799878475436,44.84438926482322,2.720998724332747,-736.9395151846139,943.4656413672506,0.5510938586355802,-1.0599138863287576,-0.07029846188238392,1.192551891414103,0.0,-0.023635373425860744,,
55.900000000000006,4.996642594686732,-1.1270568314972877,8.650051248173595,-0.006794318938460206,0.008822766226328039,-0.01172367600448149,44.89949865068678,2.718635186990161,-741.0341409516864,945.3145516418548,0.5510938586355802,-1.0612164172429126,-0.06694499156257344,1.1939024639209115,0.0,-0.023635373425860744,,
56.0,5.055919293917742,-1.0984718269246072,8.5454711772369,-0.014232691572784277,0.008432368592801106,-0.01563018053244479,44.95460803655034,2.716271649647575,-745.1294025790659,947.1754143625283,0.5510938586355802,-1.0625189481570678,-0.06358553268696931,1.1952438396626728,0.0,-0.023635373425860744,-748.1248900133611,949.9862391031196
56.1,4.9481662867925325,-0.8246562927409717,8.385444652345983,0.0023282425190729785,0.003975491841078648,-0.025126222837087583,45.0097174224139,2.7139081123049893,-749.2252664125049,949.0482428508706,0.5510938586355802,-1.0638214790712228,-0.06022011001148858,1.1965759978828512,0.0,-0.023635373425860744,,
56.2,4.777449890745847,-1.027492042892961,8.271409525353542,-0.01684734993258475,0.0044601712164543785,-0.0010722263422252645,45.06482680827746,2.7115445749624034,-753.3216987383663,950.9330503360989,0.5510938586355802,-1.0651240099853778,-0.056848748356694956,1.197898917890596,0.0,-0.023635373425860744,,
56.300000000000004,4.700296944436274,-1.37071107265353,8.18607928988438,-0.0035426562537108942,-0.007649494756426495,-0.009075851277502545,45.11993619414102,2.7091810376198175,-757.4186657838718,952.829849954842,0.5510938586355802,-1.066426540899533,-0.05347147260762686,1.1992125790609303,0.0,-0.023635373425860744,,
56.400000000000006,4.958356445807662,-1.1357601651384526,8.606748054068781,0.006937865024666494,0.001931874489713458,-0.026857327675454394,45.17504558000458,2.7068175002772317,-761.5161337173516,954.7386547509348,0.5510938586355802,-1.067729071813688,-0.05008830771362438,1.2005169608349386,0.0,-0.023635373425860744,,
56.5,5.223932816341502,-0.868323425173173,8.174475176690471,-0.027430708044835883,0.00040579200428081977,-0.027791276130145072,45.23015496586814,2.704453962934646,-765.6140686484947,956.6594776752132,0.5510938586355802,-1.069031602727843,-0.046699278688156654,1.2018120427199586,0.0,-0.023635373425860744,,
56.6,4.819741470591287,-1.2590457952161356,8.482446222604652,-0.009937327890093698,-0.007810047318249777,-0.0018474145251361068,45.2852643517317,2.70209042559206,-769.7124366285993,958.59233158531,0.5510938586355802,-1.0703341336419983,-0.043304410608646426,1.2030978042897666,0.0,-0.023635373425860744,,
56.7,5.125389860701627,-1.1821480046673263,8.322148665838975,-0.0027673658556211077,-0.027390057128098763,-0.01874125694050365,45.34037373759526,2.699726888249474,-773.8112036508245,960.537229245451,0.5510938586355802,-1.0716366645561533,-0.039903728616297485,1.2043742251847667,0.0,-0.023635373425860744,,
56.800000000000004,5.0533660613548115,-1.0231489947950383,8.566699184900012,-0.009488253787951914,-0.0007607585697107727,-0.018478591911928063,45.39548312345882,2.697363350906888,-777.9103356504422,962.4941833262524,0.5510938586355802,-1.0729391954703085,-0.03649725791591818,1.2056412851121783,0.0,-0.023635373425860744,,
56.900000000000006,4.937601707131587,-1.313383363642342,8.503785012950049,-0.027248717706806258,0.01861741162000506,-0.01399211141624896,45.45059250932238,2.6949998135643023,-782.0097985050901,964.4632064045182,0.5510938586355802,-1.0742417263844635,-0.033085023775747235,1.2068989638462218,0.0,-0.023635373425860744,,
57.0,4.8354379613111025,-1.1283514447050542,8.46148585269371,-0.024227718563639887,-0.007993580197691768,-0.01580328723183855,45.505701895185936,2.6926362762217164,-786.1095580350244,966.4443109630394,0.5510938586355802,-1.0755442572986185,-0.029667051527276445,1.2081472412283065,0.0,-0.023635373425860744,-779.9742058915213,967.913198698415
57.1,5.022432993453067,-1.297162666707982,8.545285292220429,-0.005541711046811641,0.02258873172576895,-0.014858359621348153,45.560811281049496,2.6902727388791305,-790.2095800033744,968.4375093903916,0.5510938586355802,-1.0768467882127737,-0.026243366565074977,1.2093860971672157,0.0,-0.023635373425860744,,
57.2,4.994428797422701,-1.1856730574065422,8.498776057915576,-0.00950410874920261,0.0004389941946481479,-0.004934031416123776,45.615920666913055,2.6879092015365447,-794.3098301163965,970.4428139807366,0.5510938586355802,-1.0781493191269287,-0.02281399434661241,1.2106155116392923,0.0,-0.023635373425860744,,
57.300000000000004,5.037163323591803,-0.9703478490048714,8.520228245693218,-0.008762320140208897,-0.011653363562084304,-0.023057180941263213,45.671030052776615,2.685545664193959,-798.41027402373,972.4602369336211,0.5510938586355802,-1.079451850041084,-0.019378960392080535,1.2118354646886242,0.0,-0.023635373425860744,,
57.400000000000006,4.919854623942209,-0.7332895657722927,8.557091676645152,-0.016727275512481304,0.0025064518363613485,-0.01874784555114779,45.726139438640175,2.683182126851373,-802.5108773186525,974.4897903537793,0.5510938586355802,-1.080754380955239,-0.015938290284215784,1.2130459364272281,0.0,-0.023635373425860744,,
57.5,5.013150759372452,-1.3800719877863787,8.604872859980148,-0.01292200113398583,-0.01313500046754613,-0.01022633325524652,45.781248824503734,2.680818589508787,-806.6116055383364,976.5314862509338,0.5510938586355802,-1.082056911869394,-0.012492009668120141,1.2142469070352346,0.0,-0.023635373425860744,,
57.6,4.850307549219263,-1.3087160880977602,8.554996483193746,-0.014934760141435561,0.009599208298403984,-0.023551775702430538,45.836358210367294,2.678455052166201,-810.7124241641062,978.5853365395981,0.5510938586355802,-1.0833594427835491,-0.009040144251082516,1.2154383567610718,0.0,-0.023635373425860744,,
57.7,4.936113058923512,-0.8557570399674013,8.529427606587186,-0.01633157245836352,0.004347348241221576,-0.02352126612722032,45.891467596230854,2.6760915148236153,-814.8132986216956,980.6513530388803,0.5510938586355802,-1.0846619736977041,-0.005582719802398606,1.2166202659216472,0.0,-0.023635373425860744,,
57.800000000000004,4.909811805405282,-1.2108926777574778,8.626644872555547,-0.031789735845892425,0.020474321750717166,-0.021532240192527797,45.94657698209441,2.6737279774810294,-818.9141942815068,982.7295474722864,0.5510938586355802,-1.0859645046118591,-0.002119762153191096,1.2177926149025322,0.0,-0.023635373425860744,,
57.900000000000006,5.1257998533088776,-0.7959800852009187,8.555583283225612,-0.029571743044630505,-0.001675652684977666,-0.019489041342396592,46.00168636795797,2.6713644401384435,-823.0150764588685,984.8199314675254,0.5510938586355802,-1.0872670355260143,0.0013487028037716953,1.2189553841581435,0.0,-0.023635373425860744,,
58.0,5.223011155632471,-0.8586702784099578,8.330265606234288,-0.025163109069561658,-0.008152732426795612,-0.011150647407496484,46.05679575382153,2.6690009027958577,-827.1159104142962,986.9225165563139,0.5510938586355802,-1.0885695664401693,0.004822649114255895,1.220108554211924,0.0,-0.023635373425860744,-824.9540768550903,988.2248522152338
58.1,4.806999595571878,-1.295719644808664,8.563050858775934,0.005395725355610422,-0.008335686328493545,-0.010815669966335043,46.11190513968509,2.666637365453272,-831.2166613537514,989.0373141741826,0.5510938586355802,-1.0898720973543246,0.008302050762745206,1.2212521056565264,0.0,-0.023635373425860744,,
58.2,4.803699823570833,-1.2037841648618164,8.35437808041058,-0.011031313913991838,-0.007645712413554484,-0.02773300546890125,46.16701452554865,2.664273828110686,-835.3172944289036,991.1643356602825,0.5510938586355802,-1.0911746282684796,0.011786881672621763,1.2223860191539917,0.0,-0.023635373425860744,,
58.300000000000004,4.992161947702348,-1.0224483856240174,8.357567730920678,-0.009903339694111482,0.007578755990849865,-0.015078787745149896,46.22212391141221,2.6619102907681,-839.4177747373902,993.3035922571925,0.5510938586355802,-1.0924771591826345,0.015277115706350208,1.2235102754359306,0.0,-0.023635373425860744,,
58.400000000000006,4.9876648795814305,-1.0943917958550553,8.61237349046118,-0.027087677871208443,0.0026470309968697403,0.00611438032964666,46.27723329727577,2.659546753425514,-843.5180673230801,995.4550951107271,0.5510938586355802,-1.0937796900967898,0.01877272666565999,1.2246248553037045,0.0,-0.023635373425860744,,
58.5,5.133963449556957,-1.1101503538766078,8.34935835178287,0.003543935352990262,0.0030030157460522707,-0.03944859443545076,46.33234268313933,2.6571832160829283,-847.618137176335,997.6188552697456,0.5510938586355802,-1.0950822210109448,0.0222736882917296,1.2257297396286018,0.0,-0.023635373425860744,,
58.6,5.047256764268511,-1.202357907403036,8.531189104557498,-0.02735378493197762,-0.0009430958085473721,-0.026297259006207663,46.38745206900289,2.6548196787403424,-851.7179492342732,999.794883685961,0.5510938586355802,-1.0963847519251,0.025779974265370764,1.2268249093520203,0.0,-0.023635373425860744,,
58.7,5.115069852210635,-0.9258156206698597,8.46257203159953,-0.0012921537557164884,-0.003436420519688048,-0.01345615639436417,46.44256145486645,2.6524561413977565,-855.8174683810332,1001.9831912137505,0.5510938586355802,-1.097687282839255,0.029291558207213353,1.2279103454856437,0.0,-0.023635373425860744,,
58.800000000000004,4.650823748460114,-1.0227438271257472,8.50279567362048,-0.0020880268992625566,-0.004132470677860369,-0.008231552354374252,46.49767084073001,2.6500926040551707,-859.9166594480384,1004.183788609966,0.5510938586355802,-1.09898981375341,0.03280841367789006,1.2289860291116201,0.0,-0.023635373425860744,,
58.900000000000006,5.04514057373021,-0.9349156386289547,8.44366424145816,-0.0038634935198948,-0.013700496543781035,-0.024581681052068486,46.55278022659357,2.647729066712585,-864.0154872142617,1006.396686533746,0.5510938586355802,-1.1002923446675652,0.036330514178223694,1.2300519413827398,0.0,-0.023635373425860744,,
59.0,4.746921078707435,-1.2644298827382214,8.39062808494378,-0.03083210135051484,0.005164586882157929,-0.004387641526323597,46.60788961245713,2.645365529369999,-868.1139164064912,1008.6218955463276,0.5510938586355802,-1.1015948755817202,0.03985783314941177,1.2311080635226106,0.0,-0.023635373425860744,-868.3638104368067,1009.2514062536683
59.1,5.18278915657503,-0.8105552421130361,8.53867528679871,-0.005226581689323471,-0.008996830180163635,-0.02220767352144216,46.66299899832069,2.643001992027413,-872.2119116995963,1010.8594261108591,0.5510938586355802,-1.1028974064958752,0.04339034397321406,1.232154376825837,0.0,-0.023635373425860744,,
59.2,5.013884962300413,-0.8014772133918993,8.159839548528852,-0.016076728850060014,-0.00010960352891645565,-0.028102089801075515,46.71810838418425,2.640638454684827,-876.3094377167948,1013.1092885922145,0.5510938586355802,-1.1041999374100304,0.04692801997214058,1.2331908626581947,0.0,-0.023635373425860744,,
59.300000000000004,4.888260810712515,-1.2088372644756664,8.503105055804498,-0.002935128807811817,0.0020607185982293072,-0.024654693413856166,46.77321777004781,2.6382749173422413,-880.4064590299201,1015.3714932568072,0.5510938586355802,-1.1055024683241854,0.050470834409638066,1.2342175024568054,0.0,-0.023635373425860744,,
59.400000000000006,5.127839922034709,-1.2617933876171683,8.622302973555959,-0.0027987589548554865,0.0014868754640378146,-0.021020478791085255,46.82832715591137,2.6359113799996554,-884.5029401596892,1017.6460502724054,0.5510938586355802,-1.1068049992383406,0.05401876049027965,1.2352342777303138,0.0,-0.023635373425860744,,
59.5,4.892268725496131,-0.8011326812592299,8.486474657651172,-0.02623569257623739,0.023802396974730255,-0.018380809411591235,46.88343654177493,2.6335478426570695,-888.5988455759706,1019.9329697079477,0.5510938586355802,-1.1081075301524956,0.057571771359952284,1.2362411700590603,0.0,-0.023635373425860744,,
59.6,5.151239335298536,-0.9352068399980946,8.350226912736906,-0.008841841590353125,-0.007808492375333614,-0.009776849776839718,46.938545927638486,2.6311843053144837,-892.6941396980546,1022.2322615333595,0.5510938586355802,-1.1094100610666506,0.06112984010604744,1.2372381610952563,0.0,-0.023635373425860744,,
59.7,4.9636220652437775,-1.0090803476872916,8.330066093964833,-0.007259579099339835,0.01236724909349271,-0.023535221896827975,46.993655313502046,2.628820767971898,-896.7887868949223,1024.5439356193708,0.5510938586355802,-1.1107125919808059,0.06469293975765,1.2382252325631575,0.0,-0.023635373425860744,,
59.800000000000004,4.857352392792016,-0.9988496896423456,8.321618553330818,-0.01967390285107383,-0.0031527741516109166,-0.016025050523006134,47.048764699365606,2.626457230629312,-900.8827514855157,1026.8680017373338,0.5510938586355802,-1.1120151228949609,0.06826104328572885,1.2392023662592369,0.0,-0.023635373425860744,,
59.900000000000006,4.767455425830978,-1.3096798517091774,8.542280028410952,-0.0052564447865320165,0.011395307465437913,-0.02398203482886659,47.103874085229165,2.624093693286726,-904.9759977390091,1029.2044695590414,0.5510938586355802,-1.113317653809116,0.07183412360332758,1.2401695440523564,0.0,-0.023635373425860744,,
60.0,4.87108806513722,-1.1739564750133789,8.466411699181107,-0.0023287873384137976,-0.0034337024668342517,-0.026999253282304084,47.158983471092725,2.62173015594414,-909.0684898750803,1031.553348656547,0.5510938586355802,-1.114620184723271,0.07541215356575598,1.2411267478839405,0.0,-0.023635373425860744,-912.0655918482709,1028.5906195010614
60.1,4.992168746685624,-0.9100646805788442,8.458660558217705,-0.0053256230263317664,0.009085308426268845,-0.004615465692125745,47.214092856956285,2.6193666186015543,-913.1601920641825,1033.9146485019844,0.5510938586355802,-1.115922715637426,0.07899510597078124,1.2420739597681476,0.0,-0.023635373425860744,,
60.2,4.970166531554654,-0.9877324778393991,8.453483145724546,-0.021792120633478414,-0.007871171170799754,-0.0017324906480488955,47.269202242819844,2.6170030812589684,-917.251068427817,1036.2883784673888,0.5510938586355802,-1.1172252465515813,0.08258295355882145,1.2430111617920396,0.0,-0.023635373425860744,,
60.300000000000004,5.078281532858399,-1.2827827075909322,8.369003081896906,-0.0056319689157515555,0.0034625296879708003,-0.012998873890033052,47.324311628683404,2.6146395439163825,-921.3410830388066,1038.6745478245182,0.5510938586355802,-1.1185277774657363,0.08617566901313667,1.243938336115754,0.0,-0.023635373425860744,,
60.400000000000006,5.025779084722292,-1.1112388740537487,8.647335975688328,-0.006171560928014582,0.017768798585754905,-0.04298146134932839,47.37942101454696,2.6122760065737967,-925.4301999215688,1041.0731657446759,0.5510938586355802,-1.1198303083798913,0.08977322496002366,1.244855464972674,0.0,-0.023635373425860744,,
60.5,5.089777519562542,-0.9939343624883274,8.446293580507406,-0.03077881960845579,0.0004560488380215911,-0.03719379249707598,47.43453040041052,2.609912469231211,-929.5183830523908,1043.4842412985333,0.5510938586355802,-1.1211328392940465,0.09337559396900852,1.2457625306695967,0.0,-0.023635373425860744,,
60.6,5.1930512842928565,-1.3075116572466206,8.611474588066555,-0.014082251024770178,-0.005082286738184062,-0.006940679036486786,47.48963978627408,2.607548931888625,-933.6055963597039,1045.9077834559548,0.5510938586355802,-1.1224353702082015,0.0969827485530414,1.2466595155869036,0.0,-0.023635373425860744,,
60.7,5.090721191268836,-1.3116190747434766,8.326614299875956,-0.00577732883271042,0.0004199360517510578,-0.015648118141324864,47.54474917213764,2.605185394546039,-937.6918037243587,1048.3438010858208,0.5510938586355802,-1.1237379011223567,0.10059466116869165,1.247546402178728,0.0,-0.023635373425860744,,
60.800000000000004,4.9937953816364615,-1.0822813538285723,8.582075287437288,-0.013003672322152778,0.0032311296921313376,0.0037330015030695163,47.5998585580012,2.602821857203453,-941.7769689799019,1050.7923029558533,0.5510938586355802,-1.1250404320365117,0.10421130421634167,1.248423172973124,0.0,-0.023635373425860744,,
60.900000000000006,5.059602291429692,-1.1017543136190069,8.3180120709109,-0.017626771474545333,0.009596513171287053,-0.020737353612532053,47.65496794386476,2.6004583198608673,-945.8610559128521,1053.2532977324433,0.5510938586355802,-1.1263429629506667,0.10783265004038378,1.2492898105722339,0.0,-0.023635373425860744,,
61.0,4.8277284402282135,-1.0468229628324581,8.712319391580474,0.005298210596870261,-0.0036297021094493964,-0.03440981005033276,47.71007732972832,2.5980947825182814,-949.9440282629773,1055.7267939804758,0.5510938586355802,-1.127645493864822,0.11145867092941592,1.2501462976524544,0.0,-0.023635373425860744,-955.9197621396786,1054.0315566284353
61.1,5.024511395168384,-1.0150931683183986,8.337428715321549,-0.011282512267304114,0.00104014098393247,-0.026838490741036034,47.76518671559188,2.5957312451756955,-954.0258497235726,1058.2128001631581,0.5510938586355802,-1.128948024778977,0.11508933911643815,1.250992616964604,0.0,-0.023635373425860744,,
61.2,5.019279884656349,-1.2984278046055993,8.473807313638037,-0.04253683506282349,0.007336366291613399,-0.009819321908090359,47.82029610145544,2.5933677078331097,-958.106483941738,1060.7113246418485,0.5510938586355802,-1.130250555693132,0.1187246267790496,1.251828751334088,0.0,-0.023635373425860744,,
61.300000000000004,5.019587122071933,-1.153686421011253,8.549207196513507,-0.0053626689474085614,0.008086611036264171,-0.021873620981953987,47.875405487319,2.591004170490524,-962.1858945186577,1063.2223756758842,0.5510938586355802,-1.1315530866072872,0.12236450603964699,1.2526546836610657,0.0,-0.023635373425860744,,
61.400000000000006,4.928527237360745,-1.1727809897631234,8.433307390584423,-0.02310021642168355,0.01639058006029995,0.0032838010618909466,47.93051487318256,2.588640633147938,-966.2640450098792,1065.7459614224122,0.5510938586355802,-1.1328556175214421,0.12600894896562043,1.2534703969206136,0.0,-0.023635373425860744,,
61.5,5.045693762905497,-1.016543277110862,8.474006923900253,0.0006773815832624552,0.012399621889432586,-0.018672085952925296,47.98562425904612,2.586277095805352,-970.340898925593,1068.2820899362189,0.5510938586355802,-1.1341581484355974,0.1296579275695549,1.2542758741628908,0.0,-0.023635373425860744,,
61.6,4.839462625179651,-1.281107724641385,8.535394764134557,-0.009030419220551008,-0.014533857655322797,-0.011518727446900152,48.04073364490968,2.583913558462766,-974.4164197309134,1070.8307691695618,0.5510938586355802,-1.1354606793497524,0.13331141380942663,1.2550710985133018,0.0,-0.023635373425860744,,
61.7,5.122970710290897,-1.0723057424159324,8.574526519757605,-0.021568371262990313,-0.010443880265830015,-0.023490886324767972,48.09584303077324,2.5815500211201803,-978.4905708461591,1073.3920069720016,0.5510938586355802,-1.1367632102639074,0.13696937958880406,1.2558560531726617,0.0,-0.023635373425860744,,
61.800000000000004,5.039088825267653,-1.1830984011383743,8.539798425972819,0.0035616280108963765,0.0056672802615277485,-0.016754877413468067,48.1509524166368,2.5791864837775944,-982.563315647135,1075.9658110902342,0.5510938586355802,-1.1380657411780626,0.14063179675704718,1.2566307214173582,0.0,-0.023635373425860744,,
61.900000000000006,5.052947261089602,-1.183723054338059,8.298015398359656,-0.01817063478494612,-0.011966940727441389,-0.030840535070445915,48.20606180250036,2.5768229464350085,-986.6346174654141,1078.5521891679257,0.5510938586355802,-1.1393682720922176,0.14429863710950774,1.2573950865995132,0.0,-0.023635373425860744,,
62.0,5.075950159760365,-1.073263804711724,8.3945017194363,-0.009084505661448323,0.01449398458123912,0.004297975288779756,48.26117118836392,2.5744594090924227,-990.70443958862,1081.1511487455452,0.5510938586355802,-1.1406708030063728,0.14796987238773068,1.2581491321471454,0.0,-0.023635373425860744,-986.3096738096968,1079.2707113446156
62.1,5.1515154961991145,-1.0376521303883337,8.36782443280822,-0.016228983966726767,0.0012641942743197604,-0.023930683308580142,48.31628057422748,2.572095871749837,-994.7727452607099,1083.7626972602006,0.5510938586355802,-1.1419733339205278,0.15164547427965458,1.2588928415643312,0.0,-0.023635373425860744,,
62.2,4.838007604408814,-1.1140039178953378,8.520275179484898,-0.009770903498810152,-0.01277773087507177,-0.02059078050790411,48.37138996009104,2.569732334407251,-998.8394976822592,1086.3868420454746,0.5510938586355802,-1.1432758648346828,0.15532541441981423,1.2596261984313672,0.0,-0.023635373425860744,,
62.300000000000004,4.762195159181714,-0.9310722757198306,8.341962321419961,-0.009458462662717089,0.002474559436213266,-0.017293311633827087,48.426499345954596,2.567368797064665,-1002.9046600107442,1089.02359033126,0.5510938586355802,-1.144578395748838,0.15900966438954234,1.260349186404927,0.0,-0.023635373425860744,,
62.400000000000006,4.93816339564514,-1.359838499456227,8.402450658596944,-0.030879882110507156,-0.006152483503771947,-0.03208060267572762,48.481608731818156,2.565005259722079,-1006.9681953608281,1091.6729492435986,0.5510938586355802,-1.145880926662993,0.1626981957171723,1.2610617892182243,0.0,-0.023635373425860744,,
62.5,5.098230898824611,-1.2696064983191613,8.510770939694488,-0.016054070176477836,0.00922427239018761,-0.00010920019363338043,48.536718117681716,2.5626417223794933,-1011.0300668046452,1094.3349258045184,0.5510938586355802,-1.147183457577148,0.16639097987824164,1.26176399068117,0.0,-0.023635373425860744,,
62.6,5.188670544970076,-1.019480280843243,8.384772399973901,-0.011821383497413056,0.0067090727484094915,-0.020395319363352385,48.591827503545275,2.5602781850369074,-1015.0902373720877,1097.009526931873,0.5510938586355802,-1.1484859884913032,0.170087988295695,1.2624557746805318,0.0,-0.023635373425860744,,
62.7,4.807170520722314,-1.0416854710123018,8.427135343414294,-0.03457773565111155,0.002975328839738108,-0.019537810303273603,48.646936889408835,2.5579146476943215,-1019.1486700510912,1099.6967594391808,0.5510938586355802,-1.1497885194054582,0.17378919234008844,1.2631371251800925,0.0,-0.023635373425860744,,
62.800000000000004,4.934962056534365,-1.2067848540117747,8.618476630818556,-0.015019392079292693,0.002775661610212115,-0.022354407840697244,48.702046275272394,2.5555511103517357,-1023.2053277879219,1102.3966300354653,0.5510938586355802,-1.1510910503196135,0.17749456332979463,1.263808026220806,0.0,-0.023635373425860744,,
62.900000000000006,5.053271019107999,-1.5032455606923518,8.74291907405139,-0.00913208013503478,-0.0002637569037739435,-0.010244258169986156,48.757155661135954,2.55318757300915,-1027.2601734874638,1105.1091453250967,0.5510938586355802,-1.1523935812337684,0.18120407253120646,1.264468461920956,0.0,-0.023635373425860744,,
63.0,4.992985631447375,-0.9590988269296501,8.264950809388285,-0.0027509737745544955,-0.008556192893107818,-0.014455058699051076,48.812265046999514,2.550824035666564,-1031.3131700135066,1107.8343118076339,0.5510938586355802,-1.1536961121479234,0.18491769115894324,1.2651184164763125,0.0,-0.023635373425860744,-1026.726079856129,1104.7150095037669
63.1,5.015009109036349,-1.2473499147277975,8.16279180133146,-0.027740351042310547,-0.01578280943510471,-0.03757230747969853,48.86737443286307,2.548460498323978,-1035.364280189034,1110.5721358776664,0.5510938586355802,-1.1549986430620787,0.18863539037605714,1.2657578741602866,0.0,-0.023635373425860744,,
63.2,5.104529049249248,-1.2697637051978448,8.451578544664475,-0.016729628797567554,0.01237313754012381,-0.024531309864298047,48.92248381872663,2.546096960981392,-1039.413466796513,1113.3226238246589,0.5510938586355802,-1.1563011739762337,0.19235714129423775,1.266386819324087,0.0,-0.023635373425860744,,
63.300000000000004,5.202170334085942,-1.2183828205328855,8.415814169266346,-0.002836188265528075,0.0011204540960879513,-0.013729484382730412,48.97759320459019,2.5437334236388063,-1043.4606925781825,1116.0857818327952,0.5510938586355802,-1.1576037048903889,0.19608291497402092,1.267005236396874,0.0,-0.023635373425860744,,
63.400000000000006,5.480330206097609,-1.2784067399600656,8.41833310976026,-0.009832780178211004,-0.006388731186600296,-0.03270034304228869,49.03270259045375,2.5413698862962204,-1047.5059202363436,1118.8616159808234,0.5510938586355802,-1.1589062358045439,0.19981268242499378,1.267613109885914,0.0,-0.023635373425860744,,
63.5,5.089289101782908,-1.011150878658875,8.143480647778095,-0.0074221766067704715,-0.004693816675929714,-0.019702320710787,49.08781197631731,2.5390063489536345,-1051.5491124336506,1121.6501322419008,0.5510938586355802,-1.1602087667186989,0.20354641460600453,1.2682104243767347,0.0,-0.023635373425860744,,
63.6,5.024147138510212,-1.1948621124140681,8.319713391101452,-0.03317204120898389,0.01864714504464621,-0.021672925814530418,49.14292136218087,2.5366428116110487,-1055.5902317934008,1124.451336483442,0.5510938586355802,-1.161511297632854,0.20728408242536883,1.2687971645332765,0.0,-0.023635373425860744,,
63.7,5.115823108006766,-1.210236196013,8.345425104829909,-0.024573611003470087,0.014047280429150018,-0.02970375037123859,49.19803074804443,2.534279274268463,-1059.629240899827,1127.265234466965,0.5510938586355802,-1.162813828547009,0.2110256567410792,1.2693733150980455,0.0,-0.023635373425860744,,
63.800000000000004,4.874447283407234,-1.2330508708107766,8.439898426412052,-0.002590533834814626,-0.002025852836076359,-0.04189906608293017,49.25314013390799,2.531915736925877,-1063.6661022983885,1130.0918318479405,0.5510938586355802,-1.164116359461164,0.2147711083610136,1.269938860892267,0.0,-0.023635373425860744,,
63.900000000000006,4.924312129178011,-1.2516880331428861,8.630609900952782,-0.011076255292943454,0.02087436619342186,-0.005763267127924918,49.30824951977155,2.529552199583291,-1067.700778496064,1132.9311341756404,0.5510938586355802,-1.1654188903753193,0.218520408043145,1.270493786816036,0.0,-0.023635373425860744,,
64.0,5.138390277475551,-0.8622342517022719,8.588444284896534,-0.020672649003487864,0.013743365632492031,-0.019998605885087794,49.36335890563511,2.527188662240705,-1071.7332319616446,1135.7831468929876,0.5510938586355802,-1.1667214212894743,0.22227352649575077,1.2710380778484676,0.0,-0.023635373425860744,-1076.4910808219229,1138.4585280243498
64.10000000000001,4.935743046782233,-1.3245331116121264,8.636811071300075,-0.0287065328442453,0.004044886444810619,-0.039378780313629264,49.41846829149867,2.5248251248981193,-1075.763425126027,1138.6478753364063,0.5510938586355802,-1.1680239522036295,0.22603043437762416,1.271571719047849,0.0,-0.023635373425860744,,
64.2,4.9348667931072905,-1.3292909132240094,8.512036213390964,-0.006596117196749691,-0.007409711510815662,-0.02292553230306698,49.47357767736223,2.5224615875555334,-1079.7913203825076,1141.5253247356738,0.5510938586355802,-1.1693264831177845,0.2297911022982832,1.2720946955517893,0.0,-0.023635373425860744,,
64.3,4.807311258043375,-1.222516005640575,8.414190174309738,-0.007134211473247625,-0.007323106848462941,-0.02412442632570488,49.52868706322579,2.5200980502129475,-1083.8168800870765,1144.415500213773,0.5510938586355802,-1.1706290140319395,0.23355550081818355,1.2726069925773673,0.0,-0.023635373425860744,,
64.4,5.134086246271551,-1.4594048758599225,8.484031703035384,0.0013079826792695304,0.008675516628419146,-0.02144307567851924,49.58379644908935,2.5177345128703617,-1087.8400665587128,1147.3184067867442,0.5510938586355802,-1.1719315449460947,0.23732360044892864,1.2731085954212824,0.0,-0.023635373425860744,,
64.5,5.06509168248645,-1.222943319820199,8.608331011346786,-5.670513423737013e-05,-0.003081774959130135,-0.021813672753158934,49.63890583495291,2.5153709755277758,-1091.86084207968,1150.23404936354,0.5510938586355802,-1.1732340758602497,0.24109537165348277,1.2735994894600013,0.0,-0.023635373425860744,,
64.60000000000001,5.069266687800994,-1.1489637964440444,8.321538650847863,-0.020156053925514054,-0.010513435756836963,-0.018655595861783586,49.69401522081647,2.51300743818519,-1095.8791688958213,1153.1624327458794,0.5510938586355802,-1.1745366067744047,0.24487078484638292,1.274079660149907,0.0,-0.023635373425860744,,
64.7,4.8397675113533305,-1.2584074096931244,8.490537821809056,-0.00765670825934686,-0.008010779826769352,-0.020335651324136114,49.74912460668003,2.510643900842604,-1099.8950092168568,1156.1035616281033,0.5510938586355802,-1.17583913768856,0.24864981039395156,1.2745490930274443,0.0,-0.023635373425860744,,
64.8,5.23019533504173,-1.2339651278389783,8.253461752905045,-0.00962210307846588,-0.007916941300916443,-0.030113445689347224,49.80423399254359,2.508280363500018,-1103.9083252166793,1159.0574405970306,0.5510938586355802,-1.177141668602715,0.25243241861451027,1.2750077737092687,0.0,-0.023635373425860744,,
64.9,5.127760557305989,-1.4680027790424652,8.465990052590932,-0.022655608026378313,0.008220049615816068,-0.01081630179029853,49.85934337840715,2.5059168261574323,-1107.9190790336525,1162.0240741318146,0.5510938586355802,-1.1784441995168702,0.25621857977859325,1.2754556878923904,0.0,-0.023635373425860744,,
65.0,5.312307887789744,-1.0885063751594015,8.623194771380652,-0.023045953934183457,-0.019476273341875374,-0.004756836337249215,49.914452764270706,2.5035532888148464,-1111.927232770908,1165.0034666038023,0.5510938586355802,-1.1797467304310252,0.2600082641091611,1.2758928213543204,0.0,-0.023635373425860744,-1107.6429741913562,1160.4947241088307
65.10000000000001,4.8709697884124665,-1.2529221042923577,8.513860536958767,-0.007194203948676916,0.016685559108770537,-0.018238467980917127,49.969562150134266,2.5011897514722605,-1115.9327484966445,1167.9956222763908,0.5510938586355802,-1.1810492613451802,0.26380144178181625,1.2763191599532162,0.0,-0.023635373425860744,,
65.2,4.9624359912671805,-1.2770003204334528,8.448142705070723,-0.014990388770543626,0.0005920035025650565,0.0008120292004351742,50.024671535997825,2.4988262141296746,-1119.9355882444254,1171.000545304889,0.5510938586355802,-1.1823517922593354,0.2675980829250171,1.2767346896280256,0.0,-0.023635373425860744,,
65.3,4.895833133619561,-1.0568049147849694,8.420080673591382,-0.02390005899633791,0.0025466094654508172,-0.006201016075625064,50.079780921861385,2.4964626767870888,-1123.935714013479,1174.0182397363762,0.5510938586355802,-1.1836543231734904,0.27139815762029323,1.27713939639863,0.0,-0.023635373425860744,,
65.4,5.100943569843487,-1.309848119708214,8.436616714440868,-0.021326720742830055,0.021525154101659706,-0.011121156540708726,50.134890307724945,2.494099139444503,-1127.9330877689972,1177.0487095095634,0.5510938586355802,-1.1849568540876456,0.27520163590246205,1.2775332663659884,0.0,-0.023635373425860744,,
65.5,4.828995483660554,-1.368438607967025,8.720562665466767,-0.016145243486543635,-0.0029450169842648263,-0.016565360036359188,50.189999693588504,2.491735602101917,-1131.9276714424368,1180.0919584546555,0.5510938586355802,-1.1862593850018006,0.2790084877598445,1.2779162857122792,0.0,-0.023635373425860744,,
65.60000000000001,4.942087141946132,-1.1701872165464329,8.371678601485272,-0.005680596120181606,-0.004436042447778082,-0.043945543256924804,50.245109079452064,2.489372064759331,-1135.9194269318189,1183.147990293214,0.5510938586355802,-1.1875619159159556,0.28281868313448166,1.2782884407010437,0.0,-0.023635373425860744,,
65.7,4.933235826413067,-1.0787420930181937,8.554560738371908,-0.011092520792818162,0.013448057875169561,-0.01596668144035386,50.30021846531562,2.4870085274167453,-1139.9083161020303,1186.21680863802,0.5510938586355802,-1.1888644468301108,0.2866321919223517,1.2786497176773264,0.0,-0.023635373425860744,,
65.8,5.145868552754411,-1.2952899452073285,8.64951007273525,-0.00916873022136001,0.009101710972891126,-0.02196755770111236,50.35532785117918,2.4846449900741594,-1143.8943007851253,1189.2984169929387,0.5510938586355802,-1.1901669777442658,0.2904489839735874,1.2790001030678158,0.0,-0.023635373425860744,,
65.9,5.01112967881329,-1.1064058837150397,8.254567653621239,-0.014635668282067322,0.009169205073536715,-0.009956698438390817,50.41043723704274,2.4822814527315735,-1147.8773427806277,1192.3928187527843,0.5510938586355802,-1.1914695086584208,0.29426902909269453,1.279339583380986,0.0,-0.023635373425860744,,
66.0,5.041302273856362,-0.9392305408073058,8.414890598024826,-0.010833045294387923,-0.02227764319538323,-0.016689610826570955,50.4655466229063,2.4799179153889876,-1151.857403855833,1195.5000172031862,0.5510938586355802,-1.192772039572576,0.29809229703876894,1.2796681452072354,0.0,-0.023635373425860744,-1155.2832098618505,1194.2099896343475
66.10000000000001,5.02919615275482,-1.2890708039304628,8.605406002800233,-0.033431490047712384,-0.015414410778897015,-0.002649070613792057,50.52065600876986,2.4775543780464018,-1155.8344457461105,1198.6200155204558,0.5510938586355802,-1.194074570486731,0.3019187575257161,1.2799857752190265,0.0,-0.023635373425860744,,
66.2,5.145199555867851,-1.3131722718595653,8.349690249475028,-0.0006399852116554614,-0.006501087095437242,-0.00871887994391061,50.57576539463342,2.475190840703816,-1159.8084301552085,1201.7528167714534,0.5510938586355802,-1.1953771014008863,0.3057483802224704,1.2802924601710242,0.0,-0.023635373425860744,,
66.3,5.022675356783096,-1.0632757012423661,8.454902654244872,-0.00024595094484856916,0.007549183779966708,-0.036501897741363726,50.63087478049698,2.47282730336123,-1163.7793187555562,1204.8984239134572,0.5510938586355802,-1.1966796323150413,0.30958113475321336,1.2805881869002338,0.0,-0.023635373425860744,,
66.4,4.900585326080511,-1.2598642625440926,8.561118162591983,-0.016203824568059993,0.017758454766560076,-0.027751460787026394,50.68598416636054,2.470463766018644,-1167.7470731885687,1208.0568397940326,0.5510938586355802,-1.1979821632291963,0.31341699069759493,1.2808729423261391,0.0,-0.023635373425860744,,
66.5,5.068886208195944,-1.383745293710926,8.480719348064788,-0.004960278936793872,-0.004308748571094987,-0.00945325941480313,50.7410935522241,2.4681002286760583,-1171.7116550649519,1211.2280671509016,0.5510938586355802,-1.1992846941433515,0.3172559175909531,1.2811467134508394,0.0,-0.023635373425860744,,
66.60000000000001,4.895750648696201,-1.1005124663451686,8.448383549855428,0.00374974746588848,-0.0005940575763252379,-0.027073063468983746,50.79620293808766,2.4657366913334724,-1175.6730259650064,1214.4121086118137,0.5510938586355802,-1.2005872250575065,0.321097884924534,1.2814094873591841,0.0,-0.023635373425860744,,
66.7,4.860318287335252,-1.0455231532683695,8.367894158865248,-0.014754758380813358,0.008271056111856889,-0.01738181005428108,50.85131232395122,2.4633731539908865,-1179.6311474389352,1217.6089666944185,0.5510938586355802,-1.2018897559716617,0.3249428621457144,1.2816612512189112,0.0,-0.023635373425860744,,
66.8,4.71400756106307,-1.2552616668555985,8.602870970712456,0.0031265430366369373,0.010870738167207402,-0.00859198262931416,50.90642170981478,2.4610096166483006,-1183.5859810071474,1220.818643806137,0.5510938586355802,-1.2031922868858167,0.32879081865822135,1.2819019922807793,0.0,-0.023635373425860744,,
66.9,5.0216859802158345,-1.01745164337993,8.466388304123306,-0.013479176631545117,-0.005167356976689856,-0.011487000360046611,50.96153109567834,2.4586460793057148,-1187.5374881605658,1224.0411422440357,0.5510938586355802,-1.2044948177999717,0.3326417238223561,1.2821316978787052,0.0,-0.023635373425860744,,
67.0,5.036700271538094,-1.0521448975162082,8.54286594487573,-0.004732737197916464,0.008892527600016659,-0.03238465243119695,51.0166404815419,2.456282541963129,-1191.4856303609336,1227.2764641947008,0.5510938586355802,-1.205797348714127,0.33649554695521455,1.2823503554298963,0.0,-0.023635373425860744,-1189.740333619146,1223.8366989615715
67.10000000000001,4.820333931224152,-1.2242453922445629,8.973707723616435,-0.0246388272931901,0.022599474851294307,0.00044833634910698694,51.07174986740546,2.453919004620543,-1195.4303690411211,1230.5246117341123,0.5510938586355802,-1.207099879628282,0.34035225733091024,1.2825579524349844,0.0,-0.023635373425860744,,
67.2,4.968223210358146,-1.3946608148004198,8.572257725953524,0.005169181869487104,-0.010858287627434291,-0.017470355822211164,51.12685925326902,2.451555467277957,-1199.3716656054346,1233.7855868275212,0.5510938586355802,-1.208402410542437,0.34421182418079865,1.2827544764781575,0.0,-0.023635373425860744,,
67.3,5.163120029119686,-1.4158647029926308,8.623356800413234,-0.007767755666494009,0.015520802058086156,-0.03488253370130124,51.18196863913258,2.4491919299353713,-1203.309481429923,1237.0593913293255,0.5510938586355802,-1.2097049414565921,0.3480742166936993,1.2829399152272947,0.0,-0.023635373425860744,,
67.4,4.798419373519768,-1.478547565491241,8.270832103641094,-0.02047738065121785,0.01211804095205482,-0.006961382380694199,51.23707802499614,2.4468283925927854,-1207.2437778626872,1240.346026982947,0.5510938586355802,-1.2110074723707471,0.35193940401611945,1.2831142564340938,0.0,-0.023635373425860744,,
67.5,4.953554201522964,-1.2867495142208836,8.263554509200983,-0.00705103610535711,-0.0009924433407835103,-0.015093994327128152,51.2921874108597,2.4444648552501995,-1211.1745162241893,1243.645495420711,0.5510938586355802,-1.2123100032849023,0.35580735525247914,1.283277487934207,0.0,-0.023635373425860744,,
67.60000000000001,5.12576729750332,-1.2602767254743639,8.533800242522092,-0.011521201823190044,0.006762143269402919,-0.007543871726164306,51.347296796723256,2.4421013179076136,-1215.1016578075614,1246.9577981637246,0.5510938586355802,-1.2136125341990573,0.35967803946533566,1.2834295976473675,0.0,-0.023635373425860744,,
67.7,5.324302486066643,-1.1171236760863996,8.690206487146185,-0.019194409775849363,0.000553201149181677,-0.021182148368176154,51.402406182586816,2.4397377805650278,-1219.0251638789157,1250.282936621757,0.5510938586355802,-1.2149150651132123,0.3635514256756074,1.2835705735775214,0.0,-0.023635373425860744,,
67.8,5.134205579231114,-1.3498690548863173,8.324346195562088,-0.02563238465175001,-0.006811162105931171,-0.007295191173228752,51.457515568450376,2.437374243222442,-1222.944995677654,1253.6209120931205,0.5510938586355802,-1.2162175960273676,0.36742748286280097,1.2837004038129567,0.0,-0.023635373425860744,,
67.9,5.069809650597418,-1.1766591742936738,8.34009619767722,-0.012312019639298009,0.0025367055729666756,-0.01499792904198077,51.512624954313935,2.435010705879856,-1226.8611144167796,1256.9717257645523,0.5510938586355802,-1.2175201269415226,0.371306179965235,1.2838190765264312,0.0,-0.023635373425860744,,
68.0,5.1959866923401306,-1.2091988642031284,8.314232661016787,-0.005827174216521049,0.0006090052118006509,-0.017799950473111913,51.567734340177495,2.43264716853727,-1230.7734812832075,1260.3353787110964,0.5510938586355802,-1.2188226578556778,0.3751874858802678,1.283926579975302,0.0,-0.023635373425860744,-1244.328760125674,1259.9351104883322
68.10000000000001,5.001597103777796,-1.094972183299676,8.436087686231257,-0.01096868447812469,-0.00043058742539265124,-0.012298599645490092,51.622843726041054,2.4302836311946843,-1234.6820574380756,1263.711871895988,0.5510938586355802,-1.2201251887698328,0.3790713694645224,1.2840229025016512,0.0,-0.023635373425860744,,
68.2,5.151233480560234,-0.8959870216444648,8.389014393001972,-0.030402824823669468,-0.007967570935192944,-0.029637226507213097,51.677953111904614,2.4279200938520984,-1238.5868040170576,1267.1012061705367,0.5510938586355802,-1.2214277196839878,0.3829577995341151,1.2841080325324143,0.0,-0.023635373425860744,,
68.3,4.990750476730073,-1.339331937671377,8.506576823392455,-0.010280254675547681,-0.005502963082571985,-0.016535366475712868,51.733062497768174,2.4255565565095125,-1242.4876821306739,1270.5033822740127,0.5510938586355802,-1.222730250598143,0.38684674486488096,1.284181958579506,0.0,-0.023635373425860744,,
68.4,4.910815871960325,-1.1872171952518977,8.67915857023818,-0.01094522359278748,-0.0006735049609114999,-0.02902000100357021,51.78817188363173,2.4231930191669266,-1246.3846528646052,1273.918400833532,0.5510938586355802,-1.224032781512298,0.39073817419260226,1.2842446692399458,0.0,-0.023635373425860744,,
68.5,5.049280236982048,-0.812576042637934,8.407928054357628,-0.004111803908222783,-0.017182160116574734,-0.010837500685128957,51.84328126949529,2.4208294818243408,-1250.2776772800053,1277.3462623639432,0.5510938586355802,-1.225335312426453,0.3946320562132363,1.284296153195983,0.0,-0.023635373425860744,,
68.60000000000001,4.88419298423744,-1.4216503294323712,8.137007756323998,0.002060222530695141,0.007719578181380431,-0.02924691368004032,51.89839065535885,2.418465944481755,-1254.1667164138144,1280.7869672677164,0.5510938586355802,-1.2266378433406082,0.3985283595831442,1.284336399215221,0.0,-0.023635373425860744,,
68.7,4.990713013358694,-1.3613953734095794,8.32684033141399,-0.012051593306696551,0.0007490768749950803,-0.015004406277942793,51.95350004122241,2.416102407139169,-1258.0517312790728,1284.24051583483,0.5510938586355802,-1.2279403742547632,0.4024270529193181,1.2843653961507422,0.0,-0.023635373425860744,,
68.8,4.922992882772442,-1.2161368294952741,8.457061167016407,-0.018598841569554034,0.006200205324144808,-0.024258632396489628,52.00860942708597,2.413738869796583,-1261.9326828652356,1287.7069082426608,0.5510938586355802,-1.2292429051689184,0.406328104799612,1.2843831329412305,0.0,-0.023635373425860744,,
68.9,4.931296832930199,-1.473524353069643,8.908816070540112,-0.009912864167112768,0.012181706440658652,-0.026800638611474567,52.06371881294953,2.4113753324539973,-1265.8095321384867,1291.186144555875,0.5510938586355802,-1.2305454360830734,0.41023148376296986,1.2843895986110938,0.0,-0.023635373425860744,,
69.0,4.957720756217285,-1.1460620812191469,8.479223420437306,-0.009801746493499772,0.021684897287460363,-0.029418724085940054,52.11882819881309,2.4090117951114114,-1269.6822400420547,1294.6782247263181,0.5510938586355802,-1.2318479669972284,0.41413715830965603,1.284384782270586,0.0,-0.023635373425860744,-1272.20066847432,1291.7497916429602
69.10000000000001,4.87900275612049,-1.045976119844426,8.23874490818711,-0.01468291064152583,0.0007803021448411314,-0.008604195306900018,52.17393758467665,2.4066482577688255,-1273.5507674965272,1298.1831485929076,0.5510938586355802,-1.2331504979113836,0.41804509690148534,1.2843686731159296,0.0,-0.023635373425860744,,
69.2,4.957346445384501,-1.4143510647356128,8.342183757787843,-0.013942084400594457,0.0005934422995446957,-0.0002931746633652414,52.22904697054021,2.4042847204262396,-1277.4150754001673,1301.7009158815254,0.5510938586355802,-1.2344530288255386,0.421955267962053,1.2843412604294355,0.0,-0.023635373425860744,,
69.3,5.126203783756815,-0.8050874730994855,8.613963745918953,-0.02445898508915905,-0.011931003880282034,-0.022978422589977628,52.28415635640377,2.4019211830836538,-1281.2751246292296,1305.2315262049117,0.5510938586355802,-1.2357555597396936,0.42586763987696624,1.2843025335796232,0.0,-0.023635373425860744,,
69.4,5.093955861531259,-0.9864826228792456,8.60709340993948,-0.029273519997192562,0.003398596230823045,-0.006781950617342412,52.33926574226733,2.399557645741068,-1285.1308760382765,1308.77497906256,0.5510938586355802,-1.2370580906538489,0.42978218099407506,1.284252482021341,0.0,-0.023635373425860744,,
69.5,5.231824772352901,-1.060557412586554,8.619225467685762,-0.02075424325469232,-0.006845150593039168,-0.026534632323568376,52.39437512813089,2.397194108398482,-1288.982290460495,1312.3312738406116,0.5510938586355802,-1.2383606215680039,0.43369885962370347,1.2841910952958853,0.0,-0.023635373425860744,,
69.60000000000001,4.9833117312914075,-0.8989162062948125,8.418936580473364,-0.02626538240723075,-0.009695087293023083,-0.00186420139871709,52.44948451399445,2.394830571055896,-1292.8293287080148,1315.9004098117525,0.5510938586355802,-1.239663152482159,0.4376176440388822,1.284118363031117,0.0,-0.023635373425860744,,
69.7,5.018492769930636,-1.1629530031965047,8.282489175566857,-0.011404054329932994,-0.004048100201242954,-0.0226704872446459,52.50459389985801,2.3924670337133103,-1296.671951572225,1319.4823861351101,0.5510938586355802,-1.240965683396314,0.44153850247558024,1.2840342749415825,0.0,-0.023635373425860744,,
69.8,5.1396317890456436,-1.0930709816731392,8.542812970538783,0.005763503325458384,0.0008591628826326298,-0.004947673096200689,52.55970328572157,2.3901034963707244,-1300.5101198240925,1323.077201856152,0.5510938586355802,-1.242268214310469,0.44546140313293775,1.2839388208286284,0.0,-0.023635373425860744,,
69.9,4.854302413371723,-1.0666181407300677,8.534876306626492,-0.010996265030081722,0.01116440702875454,-0.03414963820959793,52.61481267158513,2.3877399590281385,-1304.34379421448,1326.6848559065838,0.5510938586355802,-1.2435707452246243,0.4493863141734991,1.283831990580519,0.0,-0.023635373425860744,,
70.0,6.177146551355103,3.7941877362406813,8.200634461587782,0.03507586406071658,0.0010422935591305649,0.07333947452105603,52.66992205744869,2.3853764216855526,-1308.194940757184,1330.2908297314043,1.7602990873765192,3.8871132776661046,-3.9477433398599135,-1.6197607949998136,0.0,0.07380138655656851,,
70.10000000000001,6.238568699715034,4.068644255008061,7.817352436985109,0.031588539215602486,-0.009511084110777517,0.06667396316054189,52.84595196618634,2.3927565603412093,-1312.0855328571513,1333.8802199193779,1.7602990873765192,3.90010452900637,-3.9445261507121723,-1.6583671669875817,0.0,0.07380138655656851,,
70.2,6.0697535997760665,3.747903029975248,7.979683284261216,0.0405054180047082,-0.008384617367222125,0.05855977615919197,53.021981874923995,2.400136698996866,-1316.015534790152,1337.4526400019897,1.7602990873765192,3.913095780346635,-3.9409536628427153,-1.697013756724393,0.0,0.07380138655656851,,
70.3,6.144821870720665,3.87833730181654,8.107774357610612,0.049115243870533,0.0030980312138606247,0.06085473646736553,53.19801178366165,2.4075168376525227,-1319.9849072712968,1341.0077031399912,1.7602990873765192,3.9260870316869,-3.937025111241889,-1.7356974191515788,0.0,0.07380138655656851,,
70.4,5.966310043818342,3.867342747417911,7.953027180640684,0.03241864118984838,-0.002513090063213833,0.06897702252585074,53.3740416923993,2.4148969763081793,-1323.9936074476566,1344.5450221549402,1.7602990873765192,3.939078283027165,-3.932739757995817,-1.774415000137749,0.0,0.07380138655656851,,
70.5,6.112536562712658,3.874093670252482,7.880103486434419,0.03335127798187559,0.008555436096399985,0.0638264156606859,53.550071601136956,2.422277114963836,-1328.041588891156,1348.0642095608316,1.7602990873765192,3.95206953436743,-3.9280968923784316,-1.8131633367076199,0.0,0.07380138655656851,,
70.60000000000001,6.255281274335124,4.2266980947945525,7.854569444362414,0.03796348957830906,-0.008915889450895572,0.06832399724471307,53.72610150987461,2.4296572536194927,-1332.128801591739,1351.5648775958132,1.7602990873765192,3.965060785707695,-3.923095830941611,-1.851939257271707,0.0,0.07380138655656851,,
70.7,6.110418139223403,4.011552013068193,8.057320963566298,0.02278129964864025,0.013209695134874789,0.09772594073761462,53.902131418612264,2.4370373922751494,-1336.255191950807,1355.0466382539857,1.7602990873765192,3.97805203704796,-3.9177359176033995,-1.8907395818568666,0.0,0.07380138655656851,,
70.8,6.248780837685451,4.10407799196166,7.853893436296861,0.0275252877850675,-0.016630342189165374,0.06758618742357367,54.07816132734992,2.444417530930806,-1340.4207027749346,1358.5091033172844,1.7602990873765192,3.991043288388225,-3.912016523734316,-1.9295611223376634,0.0,0.07380138655656851,,
70.9,6.165474576625784,4.224446852547557,7.975354760706079,0.04210055601107144,9.820346898260173e-05,0.07509186034217562,54.25419123608757,2.4517976695864627,-1344.6252732698556,1361.9518843874391,1.7602990873765192,4.00403453972849,-3.9059370482417277,-1.9684006826685587,0.0,0.07380138655656851,,
71.0,6.043031496311595,4.057243386795918,8.09652579320781,0.04046732804548461,0.0020123260338082757,0.09297561062834099,54.430221144825225,2.4591778082421194,-1348.8688390347309,1365.3745929180125,1.7602990873765192,4.017025791068756,-3.8994969176523,-2.007255059116898,0.0,0.07380138655656851,,
71.10000000000001,5.958703727547374,3.9514419936661445,7.8667394418800125,0.034871101617055325,-0.01738977919514915,0.0740272341800454,54.60625105356288,2.466557946897776,-1353.1513320566887,1368.7768402465117,1.7602990873765192,4.03001704240902,-3.892695586192499,-2.046121040496674,0.0,0.07380138655656851,,
71.2,6.216327796773856,4.000541264425495,7.931173957423006,0.01928552682693456,-0.0017459147254028319,0.07491660259205017,54.78228096230053,2.4739380855534328,-1357.472680705646,1372.1582376265728,1.7602990873765192,4.043008293749286,-3.8855325358671493,-2.084995408403077,0.0,0.07380138655656851,,
71.3,5.9608170968482455,4.046396835058796,7.911789485735971,0.030842238413546177,0.007995085793697768,0.07114820696582225,54.95831087103819,2.4813182242090894,-1361.8328097294066,1375.5183962602148,1.7602990873765192,4.05599954508955,-3.8780072765360387,-2.1238749374477726,0.0,0.07380138655656851,,
71.4,6.096884320235423,4.013641638472936,7.786442174443381,0.033326555163668906,-0.015533250756921102,0.06560788100032866,55.13434077977584,2.488698362864746,-1366.231640249038,1378.8569273301607,1.7602990873765192,4.068990796429816,-3.870119345988558,-2.1627563954949354,0.0,0.07380138655656851,,
71.5,5.9962750300763386,4.085570388042037,7.758538243698416,0.054225734533538406,-0.0001874381132260564,0.0760801691257279,55.310370688513494,2.496078501520403,-1370.6690897545311,1382.1734420322252,1.7602990873765192,4.08198204777008,-3.8618683100163747,-2.201636543897992,0.0,0.07380138655656851,,
71.60000000000001,6.144524015406711,4.1623942965223515,8.16755474333448,0.041730403005649376,-0.014771343715874392,0.06268421158207912,55.48640059725115,2.5034586401760595,-1375.145072100737,1385.4675516077634,1.7602990873765192,4.094973299110346,-3.853253762484135,-2.24051213773707,0.0,0.07380138655656851,,
71.7,5.9458604535347455,4.210684918174703,7.917300418133141,0.037201535886935366,0.00829124719597896,0.08238897312258292,55.6624305059888,2.510838778831716,-1379.6594975035885,1388.7388673761802,1.7602990873765192,4.107964550450611,-3.844275325398179,-2.2793799260571337,0.0,0.07380138655656851,,
71.8,5.9032492927176055,4.035759653398861,7.95943576988006,0.038785841198873725,0.014280166977520404,0.07205946721570085,55.838460414726455,2.518218917487373,-1384.2122725366007,1391.9870007674988,1.7602990873765192,4.120955801790876,-3.8349326489732753,-2.3182366521067914,0.0,0.07380138655656851,,
71.9,6.083197362602938,4.5263583203059286,8.064188998172268,0.035711603825612614,0.00339995941530248,0.08975720491141563,56.01449032346411,2.5255990561430295,-1388.8033001276572,1395.2115633549838,1.7602990873765192,4.133947053131141,-3.8252254116973567,-2.3570790535777624,0.0,0.07380138655656851,,
72.0,6.110900825756042,4.161444404123692,7.656746012329943,0.034912062859884296,-0.005752289214265467,0.07776255306022216,56.19052023220176,2.532979194798686,-1393.432479556077,1398.4121668878172,1.7602990873765192,4.146938304471406,-3.81515332039426,-2.3959038628449676,0.0,0.07380138655656851,,
72.10000000000001,5.94344862596123,4.252363335954033,8.170083167929082,0.04216552844387073,0.0010594251943673526,0.05446712992475374,56.36655014093942,2.540359333454343,-1398.0997064499684,1401.5884233238264,1.7602990873765192,4.159929555811671,-3.8047161102844598,-2.43470780720726,0.0,0.07380138655656851,,
72.2,6.393849482411659,4.24792152819049,7.964707910174435,0.024110252214973496,0.014702326339978087,0.08615517439150971,56.54258004967707,2.5477394721099995,-1402.8048727838636,1404.7399448622587,1.7602990873765192,4.172920807151936,-3.79391354504379,-2.4734876091287443,0.0,0.07380138655656851,,
72.3,6.061338567406726,4.42819177807351,8.012388601412063,0.04302419506074246,-0.005451653056520524,0.0670538318246984,56.718609958414724,2.555119610765656,-1407.5478668766423,1407.8663439766035,1.7602990873765192,4.185912058492201,-3.782745416860152,-2.512239986480699,0.0,0.07380138655656851,,
72.4,6.07274479625409,4.436546443908006,7.986782602373614,0.037438095705805474,0.012363569637226351,0.06724481706234857,56.89463986715238,2.562499749421313,-1412.328573389738,1410.9672334474576,1.7602990873765192,4.198903309832466,-3.7712115464881935,-2.5509616527840575,0.0,0.07380138655656851,,
72.5,6.478188824771233,4.082099233063636,7.989339470227128,0.041218632344488915,-0.005053576075962593,0.07137977420035163,57.07066977589003,2.5698798880769695,-1417.146873325633,1414.0422263954304,1.7602990873765192,4.211894561172731,-3.7593117833019742,-2.589649317452457,0.0,0.07380138655656851,,
72.60000000000001,6.400980832232784,4.457010385006247,8.200191477480605,0.02295506579265693,-0.0034693453655100137,0.05900817531916872,57.246699684627686,2.577260026732626,-1422.0026440266367,1417.0909363140888,1.7602990873765192,4.224885812512997,-3.7470460053455805,-2.6282996860358105,0.0,0.07380138655656851,,
72.7,6.180341633132927,4.337173831665964,8.20078586918225,0.03287453126528036,-0.0025260297623133426,0.07069677189427057,57.42272959336534,2.584640165388283,-1426.8957591739556,1420.1129771029393,1.7602990873765192,4.2378770638532615,-3.734414119381716,-2.6669094604644203,0.0,0.07380138655656851,,
72.8,5.966686324779696,4.204351858013365,7.994649372353879,0.03970336635974186,-0.001360533949400931,0.08854120468267826,57.59875950210299,2.5920203040439396,-1431.826088787047,1423.1079631004409,1.7602990873765192,4.250868315193527,-3.7214160609382487,-2.7054753392935798,0.0,0.07380138655656851,,
72.9,6.026716794959422,4.3199277564945575,7.775926772290555,0.028173424370757365,-0.009550580678937192,0.0670227273737231,57.77478941084065,2.5994004426995962,-1436.7934992232626,1426.0755091170515,1.7602990873765192,4.2638595665337915,-3.7080517943526994,-2.743994017948667,0.0,0.07380138655656851,,
73.0,5.938402158978584,4.216528103298604,7.684226924114199,0.02560997177102374,-0.0053273912534638505,0.061213776052184636,57.9508193195783,2.606780581355253,-1441.7978531777808,1429.015230468304,1.7602990873765192,4.276850817874057,-3.6943213128146937,-2.7824621889707175,0.0,0.07380138655656851,,
73.10000000000001,6.405239759653103,4.16003429186908,8.08379024084004,0.047152624001765765,0.0012285112831369963,0.07740110910422213,58.126849228315955,2.6141607200109096,-1446.8390096838268,1431.926743007906,1.7602990873765192,4.2898420692143215,-3.6802246384063455,-2.8208765422624404,0.0,0.07380138655656851,,
73.2,6.088233440850041,4.4248813146623736,7.6902202675721165,0.0370646879657784,-0.018381205612028034,0.06090310383622373,58.30287913705361,2.6215408586665663,-1451.9168241131836,1434.8096631608653,1.7602990873765192,4.302833320554587,-3.6657618221405857,-2.8592337653346833,0.0,0.07380138655656851,,
73.3,5.85507561331342,4.381223209617774,7.920914269391055,0.027743013994563782,0.012399585617474361,0.06219826627796791,58.47890904579126,2.628920997322223,-1457.0311481769909,1437.6636079566367,1.7602990873765192,4.315824571894852,-3.6509329439974234,-2.897530543553301,0.0,0.07380138655656851,,
73.4,5.965078178634517,4.3856058456468885,7.665166695230726,0.04155785358716343,0.004009893857495978,0.0651807208969716,58.654938954528916,2.6363011359778796,-1462.1818299268355,1440.4881950622873,1.7602990873765192,4.328815823235117,-3.6357381129581396,-2.935763560386449,0.0,0.07380138655656851,,
73.5,6.11043923158966,4.318444257026184,8.056354811467385,0.04281505287815836,-0.004147315080303073,0.077619431992347,58.83096886326657,2.6436812746335363,-1467.3687137561308,1443.283042815679,1.7602990873765192,4.341807074575382,-3.6201774670374016,-2.973929497652239,0.0,0.07380138655656851,,
73.60000000000001,6.1909575292326835,4.172041382828955,7.969969516743692,0.014248854549490927,-0.023317955362343483,0.07515311082315392,59.00699877200422,2.651061413289193,-1472.5916404017887,1446.0477702586634,1.7602990873765192,4.354798325915647,-3.6042511733133153,-3.012025035766788,0.0,0.07380138655656851,,
73.7,6.110952679620675,4.604211519496173,7.968175065366871,0.024658885137148243,0.008096655484759546,0.06660032638493452,59.18302868074188,2.6584415519448497,-1477.8504469461798,1448.7819971702907,1.7602990873765192,4.3677895772559125,-3.587959427955374,-3.0500468539925967,0.0,0.07380138655656851,,
73.8,6.047371510915409,4.586305095261959,8.052238788530396,0.03476892931965698,-0.014214034341856918,0.06355067344086816,59.35905858947953,2.6658216906005063,-1483.144966819387,1451.4853441000257,1.7602990873765192,4.380780828596177,-3.5713024562503444,-3.0879916306872777,0.0,0.07380138655656851,,
73.9,6.127395833795245,4.524245716052788,7.673514794612044,0.030891166847927844,0.0036644979599991913,0.0671051372707456,59.535088498217185,2.673201829256163,-1488.47502980175,1454.157432400971,1.7602990873765192,4.393772079936443,-3.5542805126260557,-3.125856043552595,0.0,0.07380138655656851,,
74.0,5.675395312213173,4.730133927731564,7.8737120670533916,0.030032490742962072,-0.001743577724947788,0.07262845191707704,59.71111840695484,2.6805819679118197,-1493.8404620267008,1456.7978842630941,1.7602990873765192,4.406763331276707,-3.5368938806730936,-3.163636769883802,0.0,0.07380138655656851,,
74.10000000000001,6.000753381311593,4.6537696234617805,7.789832482641471,0.025824586319776445,-0.011650749577777684,0.07290382420306474,59.88714831569249,2.6879621065674764,-1499.2410859838915,1459.4063227464567,1.7602990873765192,4.419754582616973,-3.519142873164408,-3.201330486819268,0.0,0.07380138655656851,,
74.2,5.689606465708801,4.217091425028769,7.921790951113158,0.0221175910930441,0.013061256659219415,0.07696228368676027,60.063178224430146,2.695342245223133,-1504.6767205226142,1461.982371814442,1.7602990873765192,4.432745833957237,-3.5010278320728205,-3.2389338715903624,0.0,0.07380138655656851,,
74.3,6.1563775572081685,4.772762036243321,8.009700410292643,0.023728635639792023,0.005828691125596895,0.0856415754297036,60.2392081331678,2.7027223838787897,-1510.1471808555125,1464.5256563669802,1.7602990873765192,4.445737085297503,-3.482549128586431,-3.2764436017715965,0.0,0.07380138655656851,,
74.4,6.1782894434126,4.354611238926947,7.879824230883137,0.0385228025742218,-0.013201910980601875,0.08643103844154737,60.415238041905454,2.7101025225344464,-1515.6522785625855,1467.0358022737653,1.7602990873765192,4.458728336637767,-3.4637071631219234,-3.313856355530981,0.0,0.07380138655656851,,
74.5,6.0698887362178935,4.68111932017632,8.060908048910072,0.027714959897144065,0.001719918449195819,0.05991848332770648,60.59126795064311,2.717482661190103,-1521.1918215954854,1469.512436407467,1.7602990873765192,4.471719587978033,-3.444502365335765,-3.3511688118806178,0.0,0.07380138655656851,,
74.60000000000001,6.42684929931114,4.778291793442494,7.883493982428795,0.03637114543962755,-0.003467457503802044,0.07582396595792053,60.76729785938076,2.7248627998457597,-1526.7656142821056,1471.9551866769286,1.7602990873765192,4.484710839318297,-3.4249351941332993,-3.388377650927466,0.0,0.07380138655656851,,
74.7,5.744137064578199,4.553895937785061,7.9619451294810615,0.02837487782909904,-0.013616748782404776,0.06795960093920012,60.943327768118415,2.7322429385014164,-1532.3734573314623,1474.3636820603538,1.7602990873765192,4.497702090658563,-3.4050061376757297,-3.4254795541243017,0.0,0.07380138655656851,,
74.8,5.943887065226257,4.698519015707786,8.207976667959665,0.01674352274828012,0.00037590137088078457,0.07965175597836854,61.11935767685607,2.739623077157073,-1538.0151478388696,1476.7375526384747,1.7602990873765192,4.510693341998828,-3.384715713384988,-3.462471204520829,0.0,0.07380138655656851,,
74.9,6.153627327433469,4.748872951488564,7.943750457105224,0.025831440908800303,0.0007011168118447124,0.08103819932342697,61.29538758559372,2.7470032158127298,-1543.6904792914052,1479.0764296277048,1.7602990873765192,4.523684593339093,-3.364064467946492,-3.49934928701494,0.0,0.07380138655656851,,
75.0,5.979720391050816,4.369102409041273,7.958675440050332,0.04051871340263644,-0.0048675527560736905,0.0677750424331391,61.47141749433138,2.7543833544683864,-1549.3992415736702,1481.3799454132682,1.7602990873765192,4.536675844679358,-3.3430529773097897,-3.5361104886041,0.0,0.07380138655656851,,
75.10000000000001,5.933755257570993,4.974869894604127,7.8432256381638,0.049810262111581134,-0.008645098065019003,0.08266440324049171,61.64744740306903,2.761763493124043,-1555.1412209738423,1483.6477335823067,1.7602990873765192,4.549667096019623,-3.3216818466870768,-3.572751498636837,0.0,0.07380138655656851,,
75.2,6.110864501693155,4.819849359772295,7.744948143654833,0.027942566135397764,0.0010139714955194048,0.07851468645830052,61.823477311806684,2.7691436317797,-1560.9162001900193,1485.8794289569607,1.7602990873765192,4.562658347359888,-3.2999517105496086,-3.609269009064326,0.0,0.07380138655656851,,
75.3,6.021273108285708,4.723977840249685,8.004861793510795,0.042593146406022284,0.01177932391936685,0.06670160270538396,61.99950722054434,2.7765237704353565,-1566.7239583368564,1488.074667627421,1.7602990873765192,4.575649598700153,-3.2778632326219785,-3.6456597146920426,0.0,0.07380138655656851,,
75.4,6.160380291034643,4.681697785417531,8.080151608683344,0.02255393847800361,-0.003128801193885318,0.0777230384867406,62.17553712928199,2.783903909091013,-1572.5642709524964,1490.2330869849493,1.7602990873765192,4.588640850040418,-3.255417105874286,-3.681920313431477,0.0,0.07380138655656851,,
75.5,6.195595670399243,4.475366535588727,7.910383100725183,0.04271100319621367,-0.012360053080456084,0.06591451720830538,62.351567038019645,2.79128404774667,-1578.4369100057916,1492.3543257548672,1.7602990873765192,4.601632101380683,-3.2326140525121696,-3.7180475065518803,0.0,0.07380138655656851,,
75.60000000000001,5.915912726394402,4.717793934696605,7.939233650561093,0.03791229125870495,0.011944597032522262,0.09084168189293904,62.5275969467573,2.7986641864023265,-1584.3416439038183,1494.4380240295066,1.7602990873765192,4.614623352720948,-3.209454823964732,-3.754037998932035,0.0,0.07380138655656851,,
75.7,6.23882548178038,4.65841174282371,8.071758396805109,0.04258226963785762,0.016052761316682467,0.06643737929528526,62.70362685549495,2.806044325057983,-1590.278237499683,1496.4838233011226,1.7602990873765192,4.627614604061214,-3.185940200870325,-3.7898884993120285,0.0,0.07380138655656851,,
75.8,6.060417807485134,4.686345705906171,7.884020340038057,0.025285651314292158,-0.013216196205281153,0.07741707249705744,62.87965676423261,2.81342446371364,-1596.2464521006202,1498.4913664947653,1.7602990873765192,4.640605855401478,-3.1620709930602184,-3.825595720545005,0.0,0.07380138655656851,,
75.9,6.092082502892386,4.636862012208151,8.298487647857234,0.027202452320331878,-0.011234887039255041,0.061709278174895875,63.05568667297026,2.8208046023692965,-1602.2460454763836,1500.460298001108,1.7602990873765192,4.653597106741744,-3.1378480395401427,-3.8611563798488935,0.0,0.07380138655656851,,
76.0,6.105134581536623,4.6578225028870825,7.760287707094124,0.027739182928096164,-0.017037196980508755,0.08465963417097731,63.231716581707914,2.828184741024953,-1608.2767718679272,1502.3902637092287,1.7602990873765192,4.6665883580820084,-3.1132722084697004,-3.8965671990580804,0.0,0.07380138655656851,,
76.10000000000001,6.065789267687278,4.613534660942022,7.985888783638366,0.02169669276101495,-0.000525619591337076,0.07857443894241246,63.40774649044557,2.83556487968061,-1614.3383819963774,1504.2809110393437,1.7602990873765192,4.679579609422274,-3.0883443971396574,-3.931824904875014,0.0,0.07380138655656851,,
76.2,5.945287817797855,4.433686198685771,7.9597601402325475,0.006812423835229741,-0.024376800379881915,0.07011555599786079,63.58377639918322,2.8429450183362666,-1620.4306230722982,1506.1318889754891,1.7602990873765192,4.6925708607625385,-3.0630655319471014,-3.9669262291217238,0.0,0.07380138655656851,,
76.3,5.741402117558114,4.996244307908832,7.9880689129374165,0.04395240039979547,0.016486978844271298,0.07936815371396852,63.759806307920876,2.8503251569919232,-1626.5532388052457,1507.9428480981496,1.7602990873765192,4.705562112102804,-3.0374365683684816,-4.0018679089912395,0.0,0.07380138655656851,,
76.4,6.1595999352712285,4.785232820696911,8.136808278815272,0.02467373843177028,-0.005403105308741233,0.08302548675284742,63.93583621665853,2.85770529564758,-1632.7059694136128,1509.7134406168302,1.7602990873765192,4.7185533634430685,-3.011458490930513,-4.03664668729888,0.0,0.07380138655656851,,
76.5,6.144732889080195,4.745332249623046,8.018962571382042,0.02813890475046059,-0.019642029501300683,0.07323010468423535,64.11186612539618,2.8650854343032366,-1638.8885516347655,1511.4433204025695,1.7602990873765192,4.731544614783333,-2.985132313178964,-4.0712593127334165,0.0,0.07380138655656851,,
76.60000000000001,6.04035384876873,4.93944098641495,7.867663692666889,0.03861898606220162,-0.008247726815319528,0.08163168097277539,64.28789603413382,2.8724655729588933,-1645.1007187354671,1513.132143020392,1.7602990873765192,4.744535866123598,-2.958459077645312,-4.105702540108069,0.0,0.07380138655656851,,
76.7,6.130898962997809,4.625456360883507,7.671366910223203,0.033493927798438586,0.006185110189423131,0.0752782186261812,64.46392594287147,2.87984571161455,-1651.3422005225948,1514.7795657616969,1.7602990873765192,4.757527117463862,-2.9314398558112744,-4.139973130611331,0.0,0.07380138655656851,,
76.80000000000001,6.004579576103811,4.799934958183334,7.723208499745875,0.03289536823587395,-0.005071392605418319,0.0751163806640984,64.63995585160912,2.8872258502702066,-1657.612723354142,1516.3852476765785,1.7602990873765192,4.770518368804127,-2.9040757480712225,-4.174067852057602,0.0,0.07380138655656851,,
76.9,6.240052044337659,4.773090489457731,8.335368291004702,0.0453481801199178,0.0036985613177913383,0.07513493344220037,64.81598576034676,2.8946059889258633,-1663.9120101505118,1517.9488496060815,1.7602990873765192,4.783509620144391,-2.8763678836924624,-4.207983479137613,0.0,0.07380138655656851,,
77.0,6.143051056754034,4.8677042911399395,7.977752782900339,0.024367923973158526,-0.013180936245527417,0.07478393841906243,64.99201566908441,2.90198612758152,-1670.2397804060981,1519.4700342143817,1.7602990873765192,4.796500871484656,-2.8483174207734008,-4.2417167936686235,0.0,0.07380138655656851,,
77.10000000000001,6.100242605011352,4.736018961860394,7.977931921624114,0.02902827014697853,-0.015874549037291755,0.05292205827158,65.16804557782206,2.9093662662371766,-1676.5957502011538,1520.9484660208948,1.7602990873765192,4.809492122824921,-2.8199255461995874,-4.275264584844372,0.0,0.07380138655656851,,
77.2,5.885945876817696,4.753988453075484,8.376924102450854,0.040914591019640796,-0.018267812866114525,0.05796290845147483,65.3440754865597,2.9167464048928333,-1682.9796322139482,1522.3838114323084,1.7602990873765192,4.822483374165185,-2.7911934755976393,-4.308623649484764,0.0,0.07380138655656851,,
77.30000000000001,6.008542254367245,4.920550038780328,7.980357206650898,0.0243610300774078,-0.006735367442577252,0.08190219938257183,65.52010539529735,2.92412654354849,-1689.3911357332092,1523.775738774535,1.7602990873765192,4.83547462550545,-2.762122453287044,-4.34179079228528,0.0,0.07380138655656851,,
77.4,6.155567176378271,4.929475524105679,7.63674976897652,0.033266394447341176,0.007138478678995822,0.055588906713268195,65.696135304035,2.9315066822041467,-1695.8299666708535,1525.1239183245843,1.7602990873765192,4.848465876845714,-2.73271375222985,-4.374762826066088,0.0,0.07380138655656851,,
77.5,5.937464364820445,4.8968094293157085,7.966481840713085,0.03138089560600637,-0.012845760587678919,0.061198835582489286,65.87216521277264,2.9388868208598034,-1702.295827575002,1526.4280223423511,1.7602990873765192,4.861457128185979,-2.702968673978241,-4.407536572020836,0.0,0.07380138655656851,,
77.60000000000001,6.020703591411458,4.762192396751135,8.009161356160575,0.027526031364686815,-0.02762962132150542,0.073987679275213,66.04819512151029,2.94626695951546,-1708.788417643281,1527.6877251023184,1.7602990873765192,4.874448379526243,-2.6728885486199965,-4.440108859965115,0.0,0.07380138655656851,,
77.7,6.2581000276864245,4.902968847464819,7.928769478096487,0.022008475148589453,0.011697977698446205,0.07284758714767581,66.22422503024794,2.9536470981711167,-1715.3074327364075,1528.9027029251686,1.7602990873765192,4.887439630866508,-2.642474734721845,-4.472476528584568,0.0,0.07380138655656851,,
77.80000000000001,5.987001026619394,4.773859931581343,7.649400304930871,0.02475835419459032,0.010952364012387993,0.06780132783007473,66.40025493898558,2.9610272368267734,-1721.8525653920592,1530.072634209308,1.7602990873765192,4.900430882206773,-2.6117286192707048,-4.504636425682631,0.0,0.07380138655656851,,
77.9,6.039776813572901,4.781849699729424,7.769034465336688,0.018370864319711362,0.012934189925605397,0.05581834013024037,66.57628484772323,2.96840737548243,-1728.4235048390283,1531.1971994622945,1.7602990873765192,4.913422133547037,-2.580651617612821,-4.536585408427891,0.0,0.07380138655656851,,
78.0,6.15488088727812,5.184507522627639,7.872429821040925,0.028188155295428414,-0.0013011706005412538,0.0710877695070752,66.75231475646088,2.9757875141380867,-1735.0199370116577,1532.2760813321688,1.7602990873765192,4.926413384887302,-2.5492451733907995,-4.568320343601036,0.0,0.07380138655656851,,
78.10000000000001,6.327661073585648,4.803086435108697,7.941591205170024,0.027662329721544133,-0.002362338386819434,0.07095504979279381,66.92834466519852,2.9831676527937434,-1741.6415445645603,1533.3089646386904,1.7602990873765192,4.939404636227566,-2.5175107584785397,-4.599838107841382,0.0,0.07380138655656851,,
78.2,5.879695047022076,5.226377456022057,7.655446471616122,0.041645913149722616,0.002158979569085385,0.08505797705225311,67.10437457393617,2.9905477914494,-1748.2880068876182,1534.2955364044683,1.7602990873765192,4.952395887567831,-2.485449872914068,-4.631135587892976,0.0,0.07380138655656851,,
78.30000000000001,6.021201065575081,4.912062604822856,7.740030059060805,0.03632422285498969,0.0045153214551033145,0.07863713526820547,67.28040448267382,2.9979279301050568,-1754.9590001212657,1535.2354858859917,1.7602990873765192,4.9653871389080955,-2.45306404483028,-4.6622096808502125,0.0,0.07380138655656851,,
78.4,6.352402072937723,4.9228859709017625,7.591064084129598,0.03760749586037903,-0.005794109371680901,0.06561272616109706,67.45643439141146,3.0053080687607134,-1761.65419717205,1536.1285046045527,1.7602990873765192,4.97837839024836,-2.420354830383583,-4.693057294403012,0.0,0.07380138655656851,,
78.5,6.334822265265815,4.7939750225561415,8.021857269453438,0.024301360568303502,-0.013805798532381473,0.07182702349782032,67.63246430014911,3.01268820741637,-1768.3732677284725,1536.9742863770612,1.7602990873765192,4.991369641588625,-2.3873238136804606,-4.72367534708148,0.0,0.07380138655656851,,
78.60000000000001,6.011255040436099,5.145880808049831,8.180716179500426,0.03645094391548839,0.004512440733176592,0.07601544088060701,67.80849420888676,3.020068346072027,-1775.115878277108,1537.7725273467488,1.7602990873765192,5.004360892928888,-2.3539726067019426,-4.7540607685000715,0.0,0.07380138655656851,,
78.7,6.176337809307727,4.80081245575022,7.953050602122399,0.04083001274456777,0.007039188047625568,0.07681264897823706,67.9845241176244,3.0274484847276835,-1781.8816921190041,1538.52292601376,1.7602990873765192,5.017352144269153,-2.320302849225998,-4.784210499601223,0.0,0.07380138655656851,,
78.80000000000001,6.306348553554467,5.0395136085319026,8.117415153541181,0.023321258235398015,0.018114762707555864,0.05854353691598832,68.16055402636205,3.03482862338334,-1788.6703693863547,1539.2251832656277,1.7602990873765192,5.0303433956094175,-2.2863162087478477,-4.814121492898445,0.0,0.07380138655656851,,
78.9,5.769093803725319,4.905169781253123,7.878586978391732,0.042320905095553404,-0.010639393132603092,0.07026811172073046,68.3365839350997,3.042208762038997,-1795.4815670594521,1539.8790024076286,1.7602990873765192,5.043334646949682,-2.2520143803982062,-4.843790712718848,0.0,0.07380138655656851,,
79.0,5.981256117381418,4.920616309748214,7.909867372687383,0.03619279120804849,-0.0022744975079889104,0.06693383814913594,68.51261384383734,3.0495889006946535,-1802.314938983914,1540.4840891930207,1.7602990873765192,5.056325898289947,-2.217399086859448,-4.8732151354450925,0.0,0.07380138655656851,,
79.10000000000001,6.206429907835637,5.133786967888446,7.893529536042022,0.02411585069544337,-0.01272208541816598,0.07097800136322154,68.68864375257499,3.05696903935031,-1809.1701358881849,1541.0401518531569,1.7602990873765192,5.069317149630211,-2.1824720782797105,-4.902391749756747,0.0,0.07380138655656851,,
79.2,6.193438088694405,5.059398085426061,8.040732928168541,0.03533810402045503,-0.0017014700188883586,0.07867773653254298,68.86467366131264,3.064349178005967,-1816.046805401311,1541.5469011274722,1.7602990873765192,5.082308400970476,-2.147235132184937,-4.931317556871026,0.0,0.07380138655656851,,
79.30000000000001,6.201656265322917,4.863898716722712,7.826299004338771,0.023445664668671713,-0.01574614661106512,0.07833713546075488,69.04070357005028,3.0717293166616235,-1822.944592070989,1542.0040502933448,1.7602990873765192,5.09529965231074,-2.111690053388858,-4.959989570782899,0.0,0.07380138655656851,,
79.4,5.789631940443462,5.0267322967409935,8.003636771832207,0.04141156669845515,0.008291141140203174,0.05974466482661104,69.21673347878793,3.07910945531728,-1829.8631373818864,1542.411315195825,1.7602990873765192,5.108290903651005,-2.0758386739009205,-4.988404818504556,0.0,0.07380138655656851,,
79.5,6.109055466302296,4.946844683738249,7.75405182773288,0.027013590097908397,-0.01171382764906032,0.07415304763975787,69.39276338752558,3.086489593972937,-1836.8020797742315,1542.7684142772341,1.7602990873765192,5.1212821549912695,-2.0396828528321724,-5.016560340304205,0.0,0.07380138655656851,,
79.60000000000001,6.207761263931603,5.308549437914798,8.054661721257675,0.02563780392560358,-0.01474243355534356,0.05859970259568271,69.56879329626322,3.0938697326285935,-1843.7610546626763,1543.0750686066265,1.7602990873765192,5.134273406331534,-2.0032244762990983,-5.04445318994418,0.0,0.07380138655656851,,
79.7,6.112941173346295,5.17123362253379,8.137596004569914,0.030366581344945916,-0.007706720827001219,0.06519378249400719,69.74482320500087,3.1012498712842502,-1850.7396944554255,1543.3310019091143,1.7602990873765192,5.147264657671799,-1.96646545732542,-5.072080434918369,0.0,0.07380138655656851,,
79.80000000000001,5.8976348806273675,5.412692407649699,7.8010830008354,0.037847339497638535,0.006814366517301419,0.06688728884122724,69.92085311373852,3.108630009939907,-1857.7376285736354,1543.5359405950535,1.7602990873765192,5.160255909012063,-1.929407735741862,-5.099439156688899,0.0,0.07380138655656851,,
79.9,6.317989358359336,5.2605066026747425,8.003377030242103,0.020778427858783914,-0.0055350968905797495,0.07083166966764139,70.09688302247616,3.1160101485955636,-1864.7544834710798,1543.6896137890874,1.7602990873765192,5.173247160352328,-1.8920532780838888,-5.12652645092211,0.0,0.07380138655656851,,
80.0,6.266832965338151,5.0587871529440935,8.155994458854327,0.036364710324642176,-0.000734288620634453,0.07914284512660433,70.27291293121381,3.1233902872512203,-1871.7898826540809,1543.791753359046,1.7602990873765192,5.186238411692592,-1.8544040774874209,-5.153339427723768,0.0,0.07380138655656851,,
80.10000000000001,5.9950420493419525,5.233690065125303,8.162432661692302,0.01888424091387081,0.01275590252888798,0.08457806014089707,70.44894283995146,3.130770425906877,-1878.8434467017055,1543.8420939446978,1.7602990873765192,5.199229663032857,-1.8164621535825314,-5.1798752118735125,0.0,0.07380138655656851,,
80.2,6.032862757669515,5.279526215518043,7.974252569760149,0.021038149631073977,-0.011795541795312309,0.09278854016453489,70.6249727486891,3.1381505645625336,-1885.9147932862254,1543.840372986354,1.7602990873765192,5.2122209143731215,-1.7782295523851317,-5.206130943058517,0.0,0.07380138655656851,,
80.30000000000001,6.2224517399395705,5.217834052425827,7.796113098492949,0.03858453952337816,-0.0022247286532724626,0.08804623378030317,70.80100265742675,3.1455307032181903,-1893.0035371938409,1543.7863307533191,1.7602990873765192,5.225212165713386,-1.7397083461866512,-5.232103776106346,0.0,0.07380138655656851,,
80.4,6.047380425766474,5.190501801869977,7.9596171788262495,0.0409128290688902,-0.002077529158317756,0.06613053924396174,70.9770325661644,3.152910841873847,-1900.1092903456652,1543.6797103721906,1.7602990873765192,5.238203417053651,-1.7009006334417183,-5.257790881217007,0.0,0.07380138655656851,,
80.5,6.1346961959938096,5.2679879190818175,7.593219698837048,0.0071944623326209295,0.003167255676421976,0.06545755855231578,71.15306247490204,3.1602909805295036,-1907.231661818969,1543.5202578549997,1.7602990873765192,5.251194668393915,-1.6618085386538446,-5.283189444194147,0.0,0.07380138655656851,,
80.60000000000001,6.182999458089376,5.433312336616826,7.972780049649422,0.030556087035083876,-0.0024448087809398104,0.06759957007425697,71.32909238363969,3.1676711191851603,-1914.3702578686857,1543.3077221271967,1.7602990873765192,5.26418591973418,-1.6224342122591249,-5.308296666675415,0.0,0.07380138655656851,,
80.7,6.072536502848556,5.291484736442567,8.065939166684512,0.029498192385845046,-0.009437419322301702,0.06469541799427571,71.50512229237734,3.175051257840817,-1921.524681949173,1543.0418550554728,1.7602990873765192,5.277177171074444,-1.5827798305079537,-5.33310976636194,0.0,0.07380138655656851,,
80.80000000000001,6.073584567864556,5.004245332342575,7.946345310324339,0.04296904992315932,-0.013414059791028055,0.06601361893116318,71.68115220111498,3.1824313964964737,-1928.6945347362343,1542.7224114754208,1.7602990873765192,5.290168422414709,-1.5428475953447676,-5.357625977246938,0.0,0.07380138655656851,,
80.9,6.188824174181336,5.469898689508894,7.640342439499606,0.025436861913608125,-0.010262310917528574,0.051547893140446284,71.85718210985263,3.1898115351521303,-1935.8794141493918,1542.3491492190306,1.7602990873765192,5.3031596737549735,-1.5026397342858198,-5.381842549843408,0.0,0.07380138655656851,,
81.0,6.136151212133294,5.2598041881148845,8.117636982932911,0.02688375069764862,-0.008974900453127115,0.08795773827250976,72.03321201859028,3.197191673807787,-1943.0789153744176,1541.9218291420161,1.7602990873765192,5.316150925095237,-1.4621585002949926,-5.4057567514109115,0.0,0.07380138655656851,,
81.10000000000001,6.166047157137288,5.020433797481795,7.834823039985011,0.013736717558636785,-0.008473202769250439,0.07098149136936165,72.20924192732792,3.2045718124634437,-1950.2926308861163,1541.440215150974,1.7602990873765192,5.329142176435502,-1.4214061716576567,-5.4293658661814135,0.0,0.07380138655656851,,
81.2,6.1895078032661095,5.172956213963419,8.008041285143316,0.012163914499369634,0.005338455957803407,0.0771623805012397,72.38527183606557,3.2119519511191004,-1957.5201504713596,1540.9040742303682,1.7602990873765192,5.342133427775766,-1.380385051852582,-5.452667195584177,0.0,0.07380138655656851,,
81.30000000000001,6.10442885712258,5.3467733140646585,7.600597738551192,0.04063210792166494,0.0014181643027305418,0.06910338882735546,72.56130174480322,3.219332089774757,-1964.7610612523724,1540.3131764693433,1.7602990873765192,5.355124679116031,-1.3390974694219073,-5.475658058469687,0.0,0.07380138655656851,,
81.4,6.331551536043355,5.373966138927981,8.21924816160387,0.034888454555924674,0.014665491190793807,0.07580878265807807,72.73733165354086,3.2267122284304137,-1972.0149477102675,1539.667295088358,1.7602990873765192,5.3681159304562955,-1.2975457778391815,-5.49833579133259,0.0,0.07380138655656851,,
81.5,6.179934188119961,5.377131126200335,7.526703448715913,0.04002877945487224,-0.007895371187361081,0.06028903228675973,72.91336156227851,3.2340923670860704,-1979.2813917088279,1538.9662064656436,1.7602990873765192,5.38110718179656,-1.255732355375474,-5.52069774853363,0.0,0.07380138655656851,,
81.60000000000001,6.056059029695455,5.6708417626247485,8.034902126739702,0.03525130135793505,-0.00588656200817916,0.08036418791909278,73.08939147101616,3.241472505741727,-1986.5599725185368,1538.209690163478,1.7602990873765192,5.394098433136825,-1.2136596049635706,-5.54274130252057,0.0,0.07380138655656851,,
81.7,6.001212280212653,5.474083773896242,8.143010186988262,0.03204452369676903,-0.007725152689277417,0.0604909283861808,73.2654213797538,3.2488526443973837,-1993.8502668408523,1537.3975289542793,1.7602990873765192,5.407089684477089,-1.1713299540602584,-5.564463844048081,0.0,0.07380138655656851,,
81.80000000000001,5.7170149912318164,5.412135386253237,7.84764627624676,0.04618514360815594,-0.005080650011862498,0.05490161423777686,73.44145128849145,3.2562327830530404,-2001.1518488327256,1536.5295088465127,1.7602990873765192,5.420080935817354,-1.1287458545067093,-5.585862782396578,0.0,0.07380138655656851,,
81.9,6.120375730609977,5.2856291157998365,7.846086905882092,0.04409798223849807,-0.009353358497493847,0.08500363453394147,73.6174811972291,3.263612921708697,-2008.4642901313616,1535.605419110411,1.7602990873765192,5.433072187157618,-1.0859097823869681,-5.606935545589994,0.0,0.07380138655656851,,
82.0,6.280051848186405,5.450913168642476,8.11438687262328,0.032785338927602437,-0.00859408910280657,0.07495400593071132,73.79351110596674,3.2709930603643538,-2015.7871598792221,1534.6250523035042,1.7602990873765192,5.446063438497883,-1.0428242378845556,-5.627679580612464,0.0,0.07380138655656851,,
82.10000000000001,6.184720378145456,5.489320024024301,8.266908261867602,0.008632414378232346,0.004616534188171673,0.06895819353841465,73.96954101470439,3.2783731990200105,-2023.1200247492661,1533.5882042959588,1.7602990873765192,5.459054689838148,-0.9994917451371939,-5.6480923536239285,0.0,0.07380138655656851,,
82.2,5.985077865262131,5.506431132474201,8.060172552563028,0.01668631701205704,-0.0031165262338064222,0.06099055742228798,74.14557092344204,3.285753337675667,-2030.4624489704302,1532.494674295722,1.7602990873765192,5.472045941178412,-0.9559148520896611,-5.6681713501746,0.0,0.07380138655656851,,
82.30000000000001,5.855560018356917,5.734182134461167,8.135143637469088,0.0326718948294455,-0.0038727871622442635,0.053250169688850935,74.32160083217968,3.293133476331324,-2037.8139943533438,1531.3442648734708,1.7602990873765192,5.485037192518677,-0.9120961303447885,-5.68791407541832,0.0,0.07380138655656851,,
82.4,5.956515810720167,5.518567319861756,8.000302950180481,0.03895741921106614,0.00960498499200498,0.07045271672289942,74.49763074091733,3.3005136149869805,-2045.1742203162814,1530.1367819873617,1.7602990873765192,5.498028443858941,-0.8680381750126014,-5.707318054324761,0.0,0.07380138655656851,,
82.5,6.303638694167984,5.491955175804868,7.999766236893225,0.038755483239707386,0.01470045112722126,0.06924817024592558,74.67366064965498,3.307893753642637,-2052.5426839113466,1528.8720350075816,1.7602990873765192,5.511019695199206,-0.8237436045576191,-5.726380831890468,0.0,0.07380138655656851,,
82.60000000000001,5.981723534214318,5.3547797991657795,7.58277294541442,0.035464547275223496,-0.003971611386105263,0.0763437701637557,74.84969055839262,3.315273892298294,-2059.9189398508893,1527.5498367406956,1.7602990873765192,5.5240109465394704,-0.7792150606443212,-5.745099973348729,0.0,0.07380138655656851,,
82.7,6.0127231282955655,5.741973888768839,7.916525620097186,0.0205541051446912,0.006669442808848046,0.08596384123018308,75.02572046713027,3.3226540309539505,-2067.302540534153,1526.1700034537898,1.7602990873765192,5.537002197879735,-0.7344552079807867,-5.763473064378243,0.0,0.07380138655656851,,
82.80000000000001,6.183685064988913,5.612673976690026,7.855554616986105,0.021885600053961046,-0.00588427176858345,0.08886191287587428,75.20175037586792,3.330034169609607,-2074.6930360741503,1524.732354898409,1.7602990873765192,5.54999344922,-0.6894667341605174,-5.781497711310586,0.0,0.07380138655656851,,
82.9,5.996403105240103,5.825974706288074,7.908929062743611,0.051909620636556776,-0.020454418963899466,0.06628726667708183,75.37778028460556,3.337414308265264,-2082.089974324766,1523.2367143342844,1.7602990873765192,5.562984700560264,-0.6442523495024561,-5.799171541336464,0.0,0.07380138655656851,,
83.0,5.859209126586347,5.517227034180049,8.145444055111993,0.03218387643946599,-0.014646806169246893,0.08293076274527683,75.55381019334321,3.3447944469209205,-2089.492900908088,1521.6829085528511,1.7602990873765192,5.575975951900529,-0.5988147868892066,-5.816492202710706,0.0,0.07380138655656851,,
83.10000000000001,6.128461923680467,5.644053837612226,7.810690974009971,0.03262461884848833,-0.0030197228708999362,0.06398168205519564,75.72984010208086,3.352174585576577,-2096.901359241957,1520.0707679005536,1.7602990873765192,5.588967203240793,-0.553156801603464,-5.833457364956021,0.0,0.07380138655656851,,
83.2,6.254998064468921,5.605048216821518,7.745099323809752,0.039665718306529214,-0.008118412482331389,0.07973118385683638,75.9058700108185,3.359554724232234,-2104.3148905677454,1518.4001263019356,1.7602990873765192,5.601958454581058,-0.5072811711626697,-5.850064719065477,0.0,0.07380138655656851,,
83.30000000000001,5.985857468599478,5.586158846028604,7.936159798334886,0.034634361515198886,0.00041503725920391283,0.07858913222508082,76.08189991955615,3.3669348628878906,-2111.733033978351,1516.6708212825138,1.7602990873765192,5.6149497059213225,-0.46119069515189803,-5.866311977703697,0.0,0.07380138655656851,,
83.4,6.157252887508405,5.337178920572737,7.563137311473876,0.01739348126699008,0.018012749595631556,0.0760198330763638,76.2579298282938,3.3743150015435472,-2119.1553264464133,1514.882693991432,1.7602990873765192,5.627940957261587,-0.4148881950549823,-5.8821968754067635,0.0,0.07380138655656851,,
83.5,6.0111239539363455,5.840515821004037,7.976500230218722,0.0179936275024147,0.016106224662686325,0.07485146117827315,76.43395973703144,3.381695140199204,-2126.5813028527427,1513.0355892238967,1.7602990873765192,5.640932208601851,-0.36837651408389593,-5.897717168780795,0.0,0.07380138655656851,,
83.60000000000001,6.169377916749427,5.684916198728896,7.730204379701514,0.036786016874173474,0.009569258837130402,0.07020304889362104,76.60998964576909,3.3890752788548606,-2134.0104960149733,1511.129355443387,1.7602990873765192,5.653923459942115,-0.32165851700639236,-5.912870636699206,0.0,0.07380138655656851,,
83.7,6.295117128743895,5.32898295996836,7.948446046906975,0.024794391078334685,0.0023135618316859063,0.07907454242229311,76.78601955450674,3.3964554175105173,-2141.4424367164206,1509.1638448036422,1.7602990873765192,5.66691471128238,-0.27473708997192015,-5.927655080498615,0.0,0.07380138655656851,,
83.80000000000001,6.064602396538904,5.724705827256975,8.016789988353949,0.027648716723263696,-0.014065281017950659,0.07572273546962305,76.96204946324438,3.403835556166174,-2148.8766537351567,1507.1389131704216,1.7602990873765192,5.6799059626226445,-0.2276151403358191,-5.942068324173392,0.0,0.07380138655656851,,
83.9,5.9433191118912125,5.4833981753238605,8.04742517766079,0.040793977533803184,-0.0028882980857226127,0.07117770157536787,77.13807937198203,3.4112156948218306,-2156.3126738732935,1505.0544201430364,1.7602990873765192,5.692897213962909,-0.1802955964818127,-5.956108214568849,0.0,0.07380138655656851,,
84.0,6.062966578700025,5.6607307361751085,7.729224274963894,0.02607860709911309,0.002523998903841277,0.06579087905008799,77.31410928071968,3.4185958334774873,-2163.750021986477,1502.9102290756512,1.7602990873765192,5.705888465303174,-0.13278140764279867,-5.9697726215730205,0.0,0.07380138655656851,,
84.10000000000001,6.048538947574201,5.69041714980192,7.85910927658469,0.021424654555275646,-0.010187543007641712,0.06218533543583606,77.49013918945732,3.425975972133144,-2171.1882210135836,1500.7062070983527,1.7602990873765192,5.718879716643438,-0.08507554371996284,-5.983059438307051,0.0,0.07380138655656851,,
84.2,6.014424094464985,6.060840048256195,7.839343578537209,0.034964139940926724,-0.020187580388899923,0.06665703875282425,77.66616909819497,3.4333561107888007,-2178.6267920066266,1498.4422251379845,1.7602990873765192,5.731870967983703,-0.037180995100211334,-5.995966581314176,0.0,0.07380138655656851,,
84.30000000000001,6.030562906443014,5.836602206442798,7.884855485826556,0.025621911494540094,-0.012224162744518359,0.06800669400987253,77.84219900693262,3.4407362494444573,-2186.0652541608633,1496.1181579387453,1.7602990873765192,5.744862219323967,0.010899227528054167,-6.008491990747245,0.0,0.07380138655656851,,
84.4,6.0534046707089715,5.596379782229914,7.693811339345673,0.019022484273215005,-0.0005402789555705228,0.08426660160816811,78.01822891567026,3.448116388100114,-2193.503124845101,1493.7338840825507,1.7602990873765192,5.757853470664232,0.05916209336081746,-6.020633630554837,0.0,0.07380138655656851,,
84.5,6.184002343792006,5.800249885118481,7.498810344912326,0.04684388904197064,-0.009472257527105406,0.0690841382077167,78.19425882440791,3.4554965267557707,-2200.9399196322056,1491.2892860091526,1.7602990873765192,5.7708447220044965,0.10760455166596672,-6.032389488665873,0.0,0.07380138655656851,,
84.60000000000001,6.078116347969717,5.710947278983411,8.081611199377402,0.028816302808964245,0.004569442018567045,0.06173361468925943,78.37028873314556,3.4628766654114274,-2208.3751523298083,1488.7842500360196,1.7602990873765192,5.783835973344761,0.15622353197244254,-6.043757577172797,0.0,0.07380138655656851,,
84.7,6.38407240811909,5.80702643075747,8.084564724439437,0.0464708280401772,-0.02213814371914589,0.07611722991891609,78.5463186418832,3.470256804067084,-2215.808335011202,1486.218666377972,1.7602990873765192,5.796827224685026,0.2050159442610051,-6.054735932513232,0.0,0.07380138655656851,,
84.80000000000001,5.938540967265425,5.701762161941882,8.049859044625968,0.03830562593199529,-0.005464050133251499,0.07380421849406836,78.72234855062085,3.4776369427227407,-2223.238978046439,1483.5924291665733,1.7602990873765192,5.80981847602529,0.2539786791566043,-6.06532261565016,0.0,0.07380138655656851,,
84.9,5.961548540163197,5.949303694287867,7.7278119327569375,0.04032848955075633,0.001214179695359388,0.0821587414658511,78.8983784593585,3.4850170813783974,-2230.666590133615,1480.905436469272,1.7602990873765192,5.822809727365555,0.30310860812234663,-6.0755157122505805,0.0,0.07380138655656851,,
85.0,5.724602906221564,5.934450681236424,7.849311106609264,0.04256787907742217,0.0004929367000202499,0.0773115990439168,79.07440836809614,3.492397220034054,-2238.090678330343,1478.157590308298,1.7602990873765192,5.835800978705819,0.3524025836550435,-6.085313332862627,0.0,0.07380138655656851,,
85.10000000000001,5.721544827382502,6.0039113022868955,7.8875102271988835,0.034922185660749235,-0.007404874581814949,0.07307606097184156,79.25043827683379,3.4997773586897107,-2245.5107480854194,1475.3487966793061,1.7602990873765192,5.848792230046084,0.4018574394823282,-6.094713613091165,0.0,0.07380138655656851,,
85.2,5.852932975722392,5.906827596185402,7.953787782340127,0.03697708084101179,-0.0036476946620837176,0.07145751941420037,79.42646818557144,3.5071574973453674,-2252.926303270669,1472.4789655697673,1.7602990873765192,5.8617834813863485,0.4514699907613302,-6.103714713771805,0.0,0.07380138655656851,,
85.30000000000001,6.08483658860268,5.87233092816793,8.203490346980141,0.026562912873965287,0.01788718711828678,0.063953239926552,79.60249809430908,3.514537636001024,-2260.3368462129797,1469.548010977107,1.7602990873765192,5.874774732726613,0.5012370342789001,-6.112314821143373,0.0,0.07380138655656851,,
85.4,6.355995651161966,5.557707302075357,7.786309740407516,0.0389808381926781,0.0031308774981797355,0.07634208595708576,79.77852800304673,3.5219177746566808,-2267.7418777265157,1466.5558509265866,1.7602990873765192,5.887765984066878,0.5511553486533611,-6.120512147018778,0.0,0.07380138655656851,,
85.5,6.1471155011350405,5.794109028009434,7.804878280171388,0.04358891191902027,-0.0023751644927440976,0.07000671142327825,79.95455791178438,3.5292979133123374,-2275.140897145112,1463.5024074889293,1.7602990873765192,5.900757235407142,0.6012216945377873,-6.128304928954291,0.0,0.07380138655656851,,
85.60000000000001,6.187962549639917,5.724847021047346,7.792568456736702,0.03634006973082697,0.008263835727101477,0.0584310775272297,80.13058782052202,3.536678051967994,-2282.5334023548435,1460.3876067976842,1.7602990873765192,5.913748486747407,0.6514328148247845,-6.13569143041722,0.0,0.07380138655656851,,
85.7,5.918841288920701,6.076007064296556,8.132185626635325,0.019872217245667803,-0.01616506441798928,0.07473251543776059,80.30661772925967,3.544058190623651,-2289.918889826774,1457.2113790663313,1.7602990873765192,5.926739738087671,0.7017854348527732,-6.142669940951951,0.0,0.07380138655656851,,
85.80000000000001,6.39130430344258,5.755167796329031,8.111972885058293,0.04161779779372882,-0.004052148907567608,0.061216113083494686,80.48264763799732,3.5514383292793075,-2297.296854649875,1453.9736586051242,1.7602990873765192,5.939730989427936,0.7522762626137465,-6.149238776344359,0.0,0.07380138655656851,,
85.9,5.922050743696573,6.013468482921693,8.186372211764986,0.04452512925053701,0.024624512341700197,0.07621558910406613,80.65867754673496,3.558818467934964,-2304.666790564119,1450.674383837668,1.7602990873765192,5.9527222407682,0.8029019889625051,-6.155396278784579,0.0,0.07380138655656851,,
86.0,5.7871830459567395,6.040927535373411,7.756900046635415,0.02158252625746758,-0.0024737428316015625,0.0838293417438277,80.83470745547261,3.566198606590621,-2312.0281899937377,1447.313497317232,1.7602990873765192,5.965713492108464,0.8536592878273466,-6.1611408170281,0.0,0.07380138655656851,,
86.10000000000001,6.059345736187428,6.118767962335988,7.747440352552629,0.04647290254946299,0.0013039829885348783,0.08473052717505213,81.01073736421026,3.5735787452462775,-2319.380544080653,1443.8909457427953,1.7602990873765192,5.978704743448729,0.9045448164221936,-6.166470786555197,0.0,0.07380138655656851,,
86.2,5.9413373351375345,6.128054557496073,7.926009902200539,0.034235512996348014,0.013607744305727759,0.06511219589685212,81.1867672729479,3.580958883901934,-2326.7233427180686,1440.4066799748225,1.7602990873765192,5.991695994788993,0.9555552154601616,-6.171384609728675,0.0,0.07380138655656851,,
86.30000000000001,6.0155044691325745,6.143220850933952,8.109068552937977,0.042004981287886094,0.003569850425058347,0.06674761401823104,81.36279718168555,3.588339022557591,-2334.0560745842254,1436.8606550507702,1.7602990873765192,6.004687246129258,1.0066871093685346,-6.17588073594991,0.0,0.07380138655656851,,
86.4,6.200740129420036,5.8928535215303715,8.008902590160464,0.03205393385670865,-0.003469371218847821,0.06347760647781905,81.5388270904232,3.5957191612132475,-2341.378227176319,1433.252830200322,1.7602990873765192,6.0176784974695225,1.0579371065051526,-6.179957641813184,0.0,0.07380138655656851,,
86.5,6.076880984357919,6.042729656250835,8.047189531538718,0.02598257247057195,0.009453131014591913,0.06961108205446524,81.71485699916084,3.603099299868904,-2348.689286844575,1429.583168860348,1.7602990873765192,6.030669748809787,1.1093017993761813,-6.183613831258294,0.0,0.07380138655656851,,
86.60000000000001,6.181578771249911,6.184812621137996,7.924468439132046,0.029257938058025325,-0.00014328055670672697,0.060810526503751766,81.89088690789849,3.610479438524561,-2355.9887388264788,1425.8516386895915,1.7602990873765192,6.043661000150052,1.1607777648552642,-6.18684783572143,0.0,0.07380138655656851,,
86.7,6.395373272545332,6.238806892830201,7.962886768173807,0.027653236977813824,-0.012643573274613604,0.058015539596250464,82.06691681663614,3.6178595771802176,-2363.2760672811637,1422.0582115830775,1.7602990873765192,6.056652251490316,1.2123615644040353,-6.1896582142843,0.0,0.07380138655656851,,
86.80000000000001,5.87832930393145,6.295316986899462,7.862077260092042,0.026252005384527013,-0.006341226831659569,0.06860071398616831,82.24294672537378,3.6252397158358742,-2370.5507553239468,1418.2028636862447,1.7602990873765192,6.069643502830581,1.2640497442939789,-6.192043553821502,0.0,0.07380138655656851,,
86.9,6.061944038302043,5.9001057732949915,8.16449024690464,0.034923211283396656,-9.75073177416493e-05,0.0603060991251462,82.41897663411143,3.632619854491531,-2377.812285061015,1414.285575408797,1.7602990873765192,6.082634754170845,1.3158388358296276,-6.194002469146114,0.0,0.07380138655656851,,
87.0,6.08293637028643,6.386725033794924,7.861741489605779,0.011303665053166587,-0.00874026657559056,0.06001560142940012,82.59500654284908,3.6399999931471876,-2385.060137624262,1410.3063314382755,1.7602990873765192,6.09562600551111,1.3677253555730777,-6.19553360315352,0.0,0.07380138655656851,,
87.10000000000001,6.251420120276042,6.156387101218572,7.939764248087891,0.033558949561782424,0.004034700178482569,0.06108382952071395,82.77103645158672,3.6473801318028443,-2392.2937932062678,1406.265120753346,1.7602990873765192,6.108617256851375,1.4197058055698144,-6.196635626963424,0.0,0.07380138655656851,,
87.2,6.24174615764145,6.017387548933411,7.9346436132695635,0.04530062648784025,0.016738462361510668,0.05318283461251218,82.94706636032437,3.654760270458501,-2399.5127310954185,1402.161936636806,1.7602990873765192,6.121608508191639,1.471776673575824,-6.197307240060069,0.0,0.07380138655656851,,
87.30000000000001,6.262291725038298,6.37221250803416,7.795838126434833,0.03767194162406774,0.006378875919820912,0.06385497893874376,83.12309626906202,3.6621404091141576,-2406.7164297111735,1397.9967766883037,1.7602990873765192,6.134599759531904,1.5239344332859919,-6.197547170430638,0.0,0.07380138655656851,,
87.4,6.115999298700891,6.025268130869726,8.14911449376177,0.035013320348112144,-0.0072154334311179515,0.0709304131913029,83.29912617779966,3.6695205477698143,-2413.9043666394637,1393.7696428367722,1.7602990873765192,6.147591010872168,1.576175544563757,-6.197354174701817,0.0,0.07380138655656851,,
87.5,6.077834717630768,6.309571000252617,7.924752048391436,0.031804272955657034,-0.016125997754609784,0.057704324802921834,83.47515608653731,3.676900686425471,-2421.076018668231,1389.4805413525755,1.7602990873765192,6.160582262212433,1.62849645367202,-6.196727038274537,0.0,0.07380138655656851,,
87.60000000000001,6.0298757957981355,6.273590876971327,7.850814144638312,0.033720258229917054,-0.012208672542970787,0.05977384611761428,83.65118599527496,3.6842808250811276,-2428.2308618230995,1385.1294828593661,1.7602990873765192,6.1735735135526975,1.6808935935052798,-6.19566457545685,0.0,0.07380138655656851,,
87.7,6.111814254723643,6.2525242291667595,7.770002532938029,0.028983466243085537,0.009512304381950255,0.07548827302551007,83.8272159040126,3.6916609637367843,-2435.3683714031763,1380.7164823456505,1.7602990873765192,6.186564764892962,1.733363383822998,-6.194165629594949,0.0,0.07380138655656851,,
87.80000000000001,6.330820107874235,6.111326896136304,7.8012022136658885,0.03601674479352619,-0.010341477961379408,0.06490846239916312,84.00324581275025,3.699041102392441,-2442.4880220169857,1376.2415591760653,1.7602990873765192,6.199556016233227,1.7859022314841604,-6.192229073202323,0.0,0.07380138655656851,,
87.9,5.798658834430698,6.432474930096891,7.853322084024404,0.03601947778048728,0.011311934911179173,0.06730096267695364,84.1792757214879,3.7064212410480977,-2449.5892876185258,1371.7047371023586,1.7602990873765192,6.212547267573491,1.838506530683033,-6.189853808087013,0.0,0.07380138655656851,,
88.0,6.2918918782782605,6.177498648758563,8.140753449105464,0.025839184731430286,-0.007574586819150672,0.060469906005576037,84.35530563022554,3.7138013797037543,-2456.6716415434507,1367.1060442740786,1.7602990873765192,6.225538518913756,1.8911726631860906,-6.187038765476996,0.0,0.07380138655656851,,
88.10000000000001,6.050541266257141,6.170867738362077,7.98239581951839,0.03949516574919388,-0.008743106056797798,0.05695663285791185,84.53133553896319,3.721181518359411,-2463.7345565453766,1362.4455132489647,1.7602990873765192,6.23852977025402,1.9438969985701042,-6.183782906143652,0.0,0.07380138655656851,,
88.2,6.023929378007032,6.348370966351348,7.7796561976712235,0.014941078526516948,0.01805055766877385,0.07645316983719942,84.70736544770084,3.7285616570150677,-2470.7775048323037,1357.7231810030444,1.7602990873765192,6.251521021594285,1.9966758944613754,-6.180085220523315,0.0,0.07380138655656851,,
88.30000000000001,6.086330766068084,6.441385886897649,7.998515028732213,0.03935668251109542,0.014940609717064455,0.0729874702952001,84.88339535643848,3.7359417956707244,-2477.79995810316,1352.93908894043,1.7602990873765192,6.2645122729345495,2.0495056967761,-6.175944728836918,0.0,0.07380138655656851,,
88.4,6.261987499301575,6.3163755141178894,7.905463599943369,0.025539648321974615,0.010311270335402991,0.06971717047795031,85.05942526517613,3.743321934326381,-2484.8013875844536,1348.0932829028193,1.7602990873765192,6.277503524274813,2.102382739961839,-6.171360481207677,0.0,0.07380138655656851,,
88.5,5.933352962599118,6.119392316982378,7.861602714687187,0.02860516759825575,-0.004767105547523426,0.05724693672142984,85.23545517391378,3.7507020729820377,-2491.781264067043,1343.1858131786921,1.7602990873765192,6.290494775615078,2.155303347240101,-6.166331557776862,0.0,0.07380138655656851,,
88.60000000000001,6.246853148425699,6.198018437976917,7.798757871325702,0.04080176377099432,-0.0012624076287704354,0.05792608439877491,85.41148508265142,3.7580822116376944,-2498.7390579430153,1338.2167345122093,1.7602990873765192,6.303486026955342,2.2082638308499902,-6.160857068817583,0.0,0.07380138655656851,,
88.7,6.181019473483679,6.336534947558395,7.926794370149241,0.029450229563894318,0.010608111376614379,0.07803107038896118,85.58751499138907,3.765462350293351,-2505.6742392426686,1333.1861061118072,1.7602990873765192,6.316477278295607,2.261260492292938,-6.154936154846643,0.0,0.07380138655656851,,
88.80000000000001,6.062577873532954,6.452457704812308,7.614830532653771,0.04702265444771972,-0.003925163942301013,0.08799927082359543,85.76354490012672,3.7728424889490078,-2512.5862776716053,1328.0939916584884,1.7602990873765192,6.3294685296358715,2.3142896225784737,-6.148567986734397,0.0,0.07380138655656851,,
88.9,6.100147788579468,6.360019620094399,8.006707750700087,0.03114515786177915,0.0016365327076479732,0.08426693420092335,85.93957480886436,3.7802226276046644,-2519.474642647923,1322.9404593138097,1.7602990873765192,6.342459780976136,2.3673475024710378,-6.141751765812634,0.0,0.07380138655656851,,
89.0,6.094075053443455,6.415756709979672,7.831495205836327,0.03929143750854411,0.003961430196350571,0.08196042855293079,86.11560471760201,3.787602766260321,-2526.338803339507,1317.7255817275618,1.7602990873765192,6.355451032316401,2.4204304027378103,-6.134486723980474,0.0,0.07380138655656851,,
89.10000000000001,6.0910810423731565,6.565660616458654,7.850677508197112,0.021803831320236756,-0.01813210266935705,0.061599374344103335,86.29163462633966,3.794982904915978,-2533.1782287014216,1312.4494360451447,1.7602990873765192,6.368442283656665,2.47353458439755,-6.1267721238082595,0.0,0.07380138655656851,,
89.2,6.3205322447037515,6.427937361854816,7.753232401939177,0.03826916084884006,-0.000370128906549885,0.07815909552596727,86.4676645350773,3.8023630435716345,-2539.9923875133927,1307.112103914634,1.7602990873765192,6.38143353499693,2.526656298970413,-6.1186072586394324,0.0,0.07380138655656851,,
89.30000000000001,6.446451999856582,6.193236779632873,7.9439659718666435,0.029976070355677814,0.006549537246853802,0.07601156751734758,86.64369444381495,3.809743182227291,-2546.780748417388,1301.7136714935389,1.7602990873765192,6.394424786337194,2.5797917887287465,-6.109991452690406,0.0,0.07380138655656851,,
89.4,5.92684345834474,6.42173661170613,7.942277717284552,0.024051093074781628,0.022770208713730093,0.05163627967325882,86.8197243525526,3.817123320882948,-2553.542779955282,1296.2542294552507,1.7602990873765192,6.407416037677459,2.6329372869488394,-6.100924061148392,0.0,0.07380138655656851,,
89.5,6.047391830473861,6.660708987667353,8.011320154075978,0.043629234850039424,-0.006802878506277039,0.0726199750838137,86.99575426129024,3.8245034595386045,-2560.2779506066136,1290.7338729951794,1.7602990873765192,6.4204072890177235,2.6860890181636097,-6.0914044702672125,0.0,0.07380138655656851,,
89.60000000000001,6.27229964824229,6.4260991410609005,8.088695905465757,0.020847945390674583,0.006092943451613712,0.0848262910330153,87.17178417002789,3.831883598194261,-2566.9857288264225,1285.1527018365807,1.7602990873765192,6.433398540357988,2.739243198416217,-6.0814320974610405,0.0,0.07380138655656851,,
89.7,6.2300007450451815,6.275695648628185,8.045720087808942,0.03703676597390758,-0.010978127623744916,0.06435200829694075,87.34781407876554,3.839263736849918,-2573.665583083175,1279.5108202360689,1.7602990873765192,6.446389791698253,2.7923960355145754,-6.071006391396119,0.0,0.07380138655656851,,
89.80000000000001,6.1273783351526925,6.516573179844334,7.996762057091539,0.03878151256320093,0.003201408012994702,0.062200013809189,87.52384398750318,3.8466438755055745,-2580.316981896763,1273.808336988817,1.7602990873765192,6.459381043038517,2.8455437292867685,-6.060126832080391,0.0,0.07380138655656851,,
89.9,6.45277150620673,6.766655123832991,7.922579946389079,0.04391786060128224,-0.000244026702200653,0.05353841949519368,87.69987389624083,3.854024014161231,-2586.9393938765847,1268.045365433442,1.7602990873765192,6.472372294378782,2.898682471837323,-6.048792930951079,0.0,0.07380138655656851,,
90.0,5.522442537725857,3.990570156833457,8.141753138677347,0.017925450901954805,-0.0003973695447498732,0.06292853349551378,87.87590380497848,3.861404152816888,-2593.5385387496844,1262.2334479961664,1.1940510569846796,3.943088502713975,1.7016104505691771,-3.7520963129209686,0.0,0.04487110040386959,,
90.10000000000001,5.406374499805814,3.841921592950898,8.125343772641921,0.026659691406388665,-0.006802155314692341,0.05708297924432452,87.99530891067694,3.865891262857275,-2600.1204638292143,1256.384046108658,1.1940510569846796,3.9484463412005053,1.7219794918020974,-3.748436082666861,0.0,0.04487110040386959,,
90.2,5.386034594534258,4.0751387225549855,8.01664259154649,0.02785165791306299,-0.008427396244276764,0.045590443304638927,88.1147140163754,3.870378372897662,-2606.6849654108873,1250.4971974464593,1.1940510569846796,3.9538041796870353,1.7423498743877173,-3.7446685211401562,0.0,0.04487110040386959,,
90.30000000000001,5.767530793522128,3.905491636639439,8.212409056873064,0.014643938426490553,0.001360716807085114,0.04253090725496649,88.23411912207386,3.8748654829380493,-2613.2318397825375,1244.5729407592826,1.1940510569846796,3.959162018173566,1.7627210448657684,-3.740793542929327,0.0,0.04487110040386959,,
90.4,5.544513863546492,3.8721133426668537,8.260839198428354,0.020845500727776904,-0.004574610906047173,0.04680934036840604,88.35352422777233,3.8793525929784365,-2619.760883229661,1238.6113158718351,1.1940510569846796,3.9645198566600963,1.7830924490379383,-3.736811065430297,0.0,0.04487110040386959,,
90.5,5.5918327907210506,4.2580045180352455,8.314400036249156,0.027204925349015585,-0.01429049016832537,0.05030251234460056,88.47292933347079,3.8838397030188236,-2626.271892040965,1232.6123636846173,1.1940510569846796,3.9698776951466264,1.803463531981924,-3.7327210088513447,0.0,0.04487110040386959,,
90.60000000000001,5.4660961245651825,4.022833830102959,8.082508551960004,0.003317746489561197,-0.004625186960875476,0.031509907705500606,88.59233443916925,3.888326813059211,-2632.764662513927,1226.5761261746925,1.1940510569846796,3.975235533633157,1.8238337380655265,-3.728523296217934,0.0,0.04487110040386959,,
90.7,5.6197721357810755,4.1040569571317596,8.327783541722255,0.02129729918253131,-0.00512019659253264,0.04050370443829783,88.71173954486771,3.892813923099598,-2639.238990960352,1220.5026463964289,1.1940510569846796,3.9805933721196873,1.84420251096076,-3.7242178533774632,0.0,0.04487110040386959,,
90.80000000000001,5.568878222043736,3.828968880735182,8.251633206098118,0.024009277939146957,-0.004966046670808536,0.04902707645023973,88.83114465056617,3.897301033139985,-2645.69467371195,1214.3919684822115,1.1940510569846796,3.9859512106062174,1.864569293658,-3.7198046090039605,0.0,0.04487110040386959,,
90.9,5.590444703040733,3.9496847842793046,8.304731672588328,0.020719681549676783,0.014302226652916833,0.05280590004295448,88.95054975626464,3.9017881431803723,-2652.131507125908,1208.2441376431286,1.1940510569846796,3.991309049092748,1.884933528480158,-3.7152834946026965,0.0,0.04487110040386959,,
91.0,5.523904007858741,3.7749270450823573,8.358291182290303,0.007396331921385269,0.005335689574488371,0.03590822654939828,89.0699548619631,3.9062752532207594,-2658.5492875904733,1202.0592001696277,1.1940510569846796,3.9966668875792783,1.9052946570968774,-3.7106544445147356,0.0,0.04487110040386959,-2667.1415926077575,1204.0736974380984
91.10000000000001,5.412651454591414,3.901977107795996,7.990334239919947,0.026540675134137822,-0.015228038100690074,0.036442947208358674,89.18935996766156,3.9107623632611466,-2664.947811530546,1195.8372034321433,1.1940510569846796,4.002024726065809,1.925652120538763,-3.705917395921408,0.0,0.04487110040386959,,
91.2,5.453328835095311,3.8912330426657213,8.352037250317615,0.021502429727709965,0.0008805757781341339,0.052446240968128735,89.30876507336002,3.9152494733015337,-2671.3268754132723,1189.5781958816974,1.1940510569846796,4.007382564552339,1.9460053592116369,-3.7010722888487195,0.0,0.04487110040386959,,
91.30000000000001,5.762603574969175,4.088469712718455,7.856371316910828,0.010522642502166592,0.005084161023227652,0.045660566672525646,89.42817017905848,3.919736583341921,-2677.6862757536487,1183.2822270504705,1.1940510569846796,4.012740403038869,1.966353812910819,-3.6961190661716863,0.0,0.04487110040386959,,
91.4,5.603196587451633,3.890198046454816,8.198920903989126,0.011069028782700715,-0.002033237895717305,0.04555670318196515,89.54757528475695,3.924223693382308,-2684.025809120128,1176.9493475523439,1.1940510569846796,4.0180982415254,1.9866969208354335,-3.6910576736186,0.0,0.04487110040386959,,
91.5,5.724783114396521,4.0541634168724965,8.260744278569046,0.02532669404023105,0.002154732426835026,0.04072452448467742,89.66698039045541,3.928710803422695,-2690.345272140235,1170.5796090834144,1.1940510569846796,4.02345608001193,2.0070341216027434,-3.6858880597752153,0.0,0.04487110040386959,,
91.60000000000001,5.800709612386767,3.892241468623915,8.289307419095094,0.015814231886222607,0.001911216821775609,0.03498336772316418,89.78638549615387,3.9331979134630823,-2696.6444615061837,1164.17306442248,1.1940510569846796,4.02881391849846,2.02736485326251,-3.680610176088882,0.0,0.04487110040386959,,
91.7,5.5648278278267895,3.852636126229043,8.197406182884865,0.0023877873785680993,0.006253027588595811,0.05568332138978993,89.90579060185233,3.9376850235034695,-2702.9231739805055,1157.7297674314952,1.1940510569846796,4.034171756984991,2.0476885533113776,-3.6752239768725876,0.0,0.04487110040386959,,
91.80000000000001,5.624110977743249,3.5781362737043483,8.063806656184347,0.027234282983225215,-0.00751032589402399,0.027394598113168335,90.0251957075508,3.9421721335438566,-2709.1812064016763,1151.249773056002,1.1940510569846796,4.039529595471521,2.06800465870728,-3.6697294193089394,0.0,0.04487110040386959,,
91.9,5.70237382316401,3.905736798827152,8.063597254632105,0.025319835581195924,-0.004432102025848439,0.03523865112992841,90.14460081324926,3.946659243584244,-2715.4183556897547,1144.7331373255263,1.1940510569846796,4.044887433958052,2.08831260588388,-3.6641264634540742,0.0,0.04487110040386959,,
92.0,5.491372659988022,4.017260724424373,8.151392337528337,0.008225238785349365,0.0030683675135549956,0.03216515663397569,90.26400591894772,3.951146353624631,-2721.6344188520216,1138.1799173539507,1.1940510569846796,4.050245272444582,2.1086118307650192,-3.6584150722414908,0.0,0.04487110040386959,-2725.0856259412008,1138.6568162987078
92.10000000000001,5.854049877086897,4.248547640217408,8.376214338869438,0.014341844687827185,-0.0037495379697482867,0.03126520301568452,90.38341102464618,3.955633463665018,-2727.8291929886263,1131.5901713398555,1.1940510569846796,4.055603110931112,2.128901768779208,-3.6525952114858153,0.0,0.04487110040386959,,
92.2,5.978125671435244,4.111629598600575,7.819847216043712,0.01819249901485854,0.009754433732241037,0.06015540887994675,90.50281613034464,3.9601205737054053,-2734.002475298237,1124.9639585668317,1.1940510569846796,4.060960949417643,2.1491818548741266,-3.646666849886494,0.0,0.04487110040386959,,
92.30000000000001,5.348454855757625,3.987763870360512,8.061356230079436,0.01271463279995827,-0.03044608925672233,0.04338481381693761,90.6222212360431,3.9646076837457924,-2740.1540630836957,1118.3013394037655,1.1940510569846796,4.066318787904173,2.169451523531153,-3.6406299590314104,0.0,0.04487110040386959,,
92.4,5.720677033682235,4.097851475406671,8.206082931923616,0.030798696686307286,0.00835651907554708,0.037666370979686184,90.74162634174156,3.9690947937861796,-2746.2837537576775,1111.6023753050931,1.1940510569846796,4.071676626390703,2.1897102087799185,-3.6344845134004373,0.0,0.04487110040386959,,
92.5,5.571605381584853,3.9946429077603662,7.882062452165331,0.014178338764638934,-0.012035709095170974,0.029009496959340783,90.86103144744003,3.9735819038265667,-2752.391344848356,1104.8671288110272,1.1940510569846796,4.077034464877234,2.2099573442128757,-3.6282304903689067,0.0,0.04487110040386959,,
92.60000000000001,5.552048243382141,4.295387284621524,8.174173070288562,0.014718658723879929,-0.011626712346595252,0.03708060823657248,90.98043655313849,3.978069013866954,-2758.476634005071,1098.0956635477542,1.1940510569846796,4.082392303363764,2.230192362999897,-3.6218678702110134,0.0,0.04487110040386959,,
92.7,5.365706267006991,4.377222047807775,8.391024106599245,0.02784340966077447,-0.0020127785999550464,0.06899478278097125,91.09984165883695,3.982556123907341,-2764.5394190040006,1091.2880442276023,1.1940510569846796,4.087750141850294,2.2504146979028943,-3.6153966361031475,0.0,0.04487110040386959,,
92.80000000000001,5.5928977804952575,4.182404308558206,8.105927893827836,0.024119344336864943,0.008406199413698467,0.046047350808238324,91.21924676453541,3.987043233947728,-2770.579497753838,1084.444336649181,1.1940510569846796,4.093107980336825,2.2706237812904537,-3.608816774127148,0.0,0.04487110040386959,,
92.9,5.289657551924867,4.009992847117932,8.225373356661954,0.04117947341368214,0.009368282145193387,0.03916959148063323,91.33865187023387,3.9915303439881153,-2776.596668301471,1077.5646076974906,1.1940510569846796,4.098465818823355,2.2908190451524963,-3.6021282732734865,0.0,0.04487110040386959,,
93.0,5.639130392810001,4.166066768106148,8.47664337409465,0.018614685166318347,0.0012009737116019112,0.03478688733757716,91.45805697593234,3.9960174540285025,-2782.590728837665,1070.6489253440038,1.1940510569846796,4.103823657309885,2.310999921114961,-3.59533112544438,0.0,0.04487110040386959,-2787.573226534541,1071.774835903942
93.10000000000001,5.557699720925317,3.974618187690674,8.249756458907346,0.02453650002393817,0.005100311428537159,0.03195067744592603,91.5774620816308,4.00050456406889,-2788.5614777027545,1063.6973586467177,1.1940510569846796,4.109181495796416,2.331165840454503,-3.5884253254568295,0.0,0.04487110040386959,,
93.2,5.6623416291717685,4.007310243573247,8.46051365070435,0.02332055989069529,-0.006529439744889141,0.051034428807034474,91.69686718732926,4.004991674109276,-2794.5087133923275,1056.7099777501758,1.1940510569846796,4.114539334282946,2.35131623411321,-3.5814108710455788,0.0,0.04487110040386959,,
93.30000000000001,5.602561949180361,4.092732510169862,7.848610694346674,0.011199180928745368,-0.001270906213815841,0.05011953333540102,91.81627229302772,4.009478784149663,-2800.4322345629234,1049.6868538854612,1.1940510569846796,4.119897172769476,2.371450532713354,-3.574287762866009,0.0,0.04487110040386959,,
93.4,5.5729799134809905,4.118714118524188,8.176295055386914,0.017230354906859757,-0.0020692735064364387,0.026052499405098448,91.93567739872618,4.01396589419005,-2806.331840037729,1042.6280593701624,1.1940510569846796,4.125255011256007,2.3915681665721418,-3.5670560044969566,0.0,0.04487110040386959,,
93.5,5.402348281106559,4.145909213778305,8.14646742414179,0.01266555550912786,0.002998812190841479,0.04104886815755866,92.05508250442465,4.0184530042304365,-2812.2073288122774,1035.5336676083061,1.1940510569846796,4.130612849742537,2.4116685657164902,-3.5597156024434535,0.0,0.04487110040386959,,
93.60000000000001,5.7459031863306125,4.21499841849788,8.332920949453275,0.037236656756329506,0.0029367049944065554,0.033875765665877286,92.17448761012311,4.022940114270823,-2818.058500060152,1028.4037530902644,1.1940510569846796,4.135970688229067,2.4317511598978316,-3.5522665661393997,0.0,0.04487110040386959,,
93.7,5.54472470992033,4.420079944802822,8.197884124090585,0.02852990350587315,-0.009810943392269674,0.03930857096955751,92.29389271582157,4.02742722431121,-2823.8851531386895,1021.238391392631,1.1940510569846796,4.141328526715598,2.451815378606922,-3.544708907950159,0.0,0.04487110040386959,,
93.80000000000001,5.745308388531209,4.202565916038465,8.409626397536222,0.029054466036159736,0.0027966180433564402,0.054720451702138156,92.41329782152003,4.031914334351597,-2829.6870875946897,1014.0376591780675,1.1940510569846796,4.146686365202128,2.471860651088674,-3.537042643175078,0.0,0.04487110040386959,,
93.9,5.839641134317937,4.126255133149858,8.201165267562521,0.023209460224275107,-0.01185713527818288,0.03844483568293139,92.5327029272185,4.036401444391983,-2835.464103170124,1006.8016341951217,1.1940510569846796,4.152044203688658,2.4918864063570094,-3.5292677900499365,0.0,0.04487110040386959,,
94.0,5.59242645725646,4.198778613717946,8.34958004345309,0.028643964961464624,-0.0012674318323174334,0.04271816320326227,92.65210803291696,4.04088855443237,-2841.2159998078478,999.5303952780152,1.1940510569846796,4.157402042175189,2.511892073209723,-3.521384369749321,0.0,0.04487110040386959,-2842.97594575669,998.908864125824
94.10000000000001,5.387536316777633,3.808762855489925,8.139911978856457,0.041587955335767486,0.0009525548476087665,0.04615779320862453,92.77151313861542,4.045375664472757,-2846.942577657315,992.2240223464031,1.1940510569846796,4.162759880661719,2.5318770802433668,-3.51339240638892,0.0,0.04487110040386959,,
94.2,5.778419620173244,3.822041389631375,8.204447986903855,0.009809802469346958,0.0021340540546036894,0.0477507881171718,92.89091824431388,4.0498627745131435,-2852.6436370802917,984.8825964051027,1.1940510569846796,4.168117719148249,2.5518408558681482,-3.5052919270277547,0.0,0.04487110040386959,,
94.30000000000001,5.524063516229897,4.174966518714848,8.13025109601031,0.023408761329579034,-0.014207993552534142,0.04284361440809453,93.01032335001234,4.05434988455353,-2858.3189786565777,977.5061995437941,1.1940510569846796,4.17347555763478,2.57178282832285,-3.497082961670325,0.0,0.04487110040386959,,
94.4,5.240462835788157,3.9420867306519716,8.640560143239519,0.032344348646331705,0.01624939080043486,0.03352647614675591,93.1297284557108,4.058836994593917,-2863.9684031897227,970.0949149366897,1.1940510569846796,4.17883339612131,2.5917024256897534,-3.4887655432686846,0.0,0.04487110040386959,,
94.5,5.635793716873386,4.338011354461717,7.873866670880074,0.03216219395431836,-0.008365619920427178,0.045837086860733685,93.24913356140927,4.063324104634304,-2869.5917117127474,962.6488268421763,1.1940510569846796,4.18419123460784,2.611599075909591,-3.4803397077244456,0.0,0.04487110040386959,,
94.60000000000001,5.330625560692388,4.030641111914058,8.245761973486864,0.02287618712603968,-0.009830845312118246,0.041643418206806684,93.36853866710773,4.06781121467469,-2875.188705493867,955.1680206024256,1.1940510569846796,4.189549073094371,2.6314722067965057,-3.471805493890702,0.0,0.04487110040386959,,
94.7,5.4585246180478455,4.305972357066075,8.017294045508617,0.03463948243853716,-0.0031486862704217327,0.031196130115438012,93.48794377280619,4.072298324715077,-2880.759186042211,947.6525826429769,1.1940510569846796,4.194906911580901,2.6513212460530218,-3.463162943573879,0.0,0.04487110040386959,,
94.80000000000001,5.529028900065419,4.130850936129363,8.452460069684752,0.028557400533069145,-0.004765978076882203,0.051287816229225756,93.60734887850465,4.076785434755464,-2886.30295511355,940.1026004722892,1.1940510569846796,4.200264750067431,2.6711456212850395,-3.4544121015355147,0.0,0.04487110040386959,,
94.9,5.814313455542848,3.909125152456461,8.252123848595796,0.016690007297105125,0.0009065791719043521,0.04866653721880955,93.72675398420311,4.08127254479585,-2891.81981471602,932.5181626812639,1.1940510569846796,4.205622588553962,2.6909447600168375,-3.445553015493954,0.0,0.04487110040386959,,
95.0,5.4744026884786425,4.137941582887743,8.269094239289595,0.011796640392771014,-0.000599995484545763,0.04057017948264636,93.84615908990158,4.085759654836237,-2897.3095671158467,924.8993589427381,1.1940510569846796,4.210980427040492,2.7107180897060834,-3.4365857361259824,0.0,0.04487110040386959,-2898.8823100900727,921.7838207067176
95.10000000000001,5.399640469620552,4.234644900433388,8.043245849456627,-0.004403349639477413,6.836793363708204e-05,0.04421657739689019,93.96556419560004,4.090246764876624,-2902.7720148430726,917.2462800109483,1.1940510569846796,4.216338265527023,2.730465037758869,-3.4275103170683687,0.0,0.04487110040386959,,
95.2,5.461399161015298,4.2544944546818595,8.287736214063578,0.03594004178323589,0.008456645202403803,0.04604386664772948,94.0849693012985,4.094733874917011,-2908.2069606972827,909.5590177209646,1.1940510569846796,4.221696104013553,2.7501850315447496,-3.418326814919347,0.0,0.04487110040386959,,
95.30000000000001,5.428765667094953,4.084114565041072,8.212033513096825,0.011906185145852989,0.005444257348868236,0.04388746404046952,94.20437440699696,4.099220984957397,-2913.614207753331,901.8376649880944,1.1940510569846796,4.227053942500083,2.7698774984117973,-3.4090352892400118,0.0,0.04487110040386959,,
95.4,5.684201111084709,4.302911545877613,8.24370054328632,0.017048727827576896,-0.00997251685381133,0.0499298748951284,94.32377951269542,4.103708094997784,-2918.993559367067,894.0823158072579,1.1940510569846796,4.232411780986614,2.7895418657016666,-3.3996358025556463,0.0,0.04487110040386959,,
95.5,5.7804305846419135,4.238477696502923,8.063430203331379,0.022829623640343685,0.015378280114593157,0.06587740182105833,94.44318461839389,4.108195205038171,-2924.344819181064,886.2930652523331,1.1940510569846796,4.237769619473144,2.809177560764673,-3.3901284203569677,0.0,0.04487110040386959,,
95.60000000000001,5.478866652779326,4.357941158536693,8.32892890518239,0.03410151885193351,-0.0012930112549235273,0.03323162611136147,94.56258972409235,4.112682315078557,-2929.6677911303414,878.4700094754708,1.1940510569846796,4.243127457959674,2.8287840109748776,-3.3805132111013023,0.0,0.04487110040386959,,
95.7,5.547847870766775,4.312888815876483,8.268526400004395,-0.002939685712329821,-0.005261718673811374,0.03817582171132438,94.68199482979081,4.117169425118944,-2934.9622794480947,870.6132457063804,1.1940510569846796,4.248485296446205,2.84836064374519,-3.370790246213685,0.0,0.04487110040386959,,
95.80000000000001,5.671297588777228,4.114419243108776,7.895604608616043,0.022026726090035767,-0.010752828513449839,0.04449178151160214,94.80139993548927,4.121656535159331,-2940.2280886714193,862.7228722515866,1.1940510569846796,4.253843134932735,2.8679068865424733,-3.3609596000878748,0.0,0.04487110040386959,,
95.9,5.619782237007104,4.4267793296337965,8.27683141335547,0.000291734742902304,-0.0011611453994518346,0.030151743166278517,94.92080504118773,4.1261436451997175,-2945.4650236470343,854.798988493655,1.1940510569846796,4.259200973419265,2.887422166902666,-3.351021350087308,0.0,0.04487110040386959,,
96.0,5.424017295674701,4.226749288674158,8.230179932102528,0.019415011784397633,-0.011365391724543874,0.037854260504712293,95.0402101468862,4.130630755240104,-2950.6728895370074,846.8416948903892,1.1940510569846796,4.264558811905796,2.906905912445909,-3.3409755765459623,0.0,0.04487110040386959,-2947.6388798763583,853.2552805012654
96.10000000000001,5.757462967933058,4.252319808449762,8.097841130019777,0.024405818986105072,0.002442036956191338,0.02820296492184442,95.15961525258466,4.135117865280491,-2955.8514918244773,838.8510929739978,1.1940510569846796,4.269916650392326,2.9263575508916833,-3.330822362769153,0.0,0.04487110040386959,,
96.2,5.740150823050099,4.382647443995949,8.103523834799805,0.019166387346264885,0.005452387300070741,0.0400697739582557,95.27902035828312,4.139604975320878,-2961.000636319375,830.827285350231,1.1940510569846796,4.275274488878856,2.9457765100739564,-3.3205617950342528,0.0,0.04487110040386959,,
96.30000000000001,5.524838665332722,4.297291700105728,8.076714054439567,0.025155704020650156,0.005770749302083222,0.056158333411353206,95.39842546398158,4.144092085361264,-2966.120129164146,822.770375697489,1.1940510569846796,4.280632327365387,2.965162217956337,-3.31019396259133,0.0,0.04487110040386959,,
96.4,5.323053093148732,4.2828577480928764,8.272294883451085,0.016804762488044352,0.003678590582862472,0.04433101427775172,95.51783056968004,4.148579195401651,-2971.209776839466,814.6804687658993,1.1940510569846796,4.285990165851917,2.9845141026472386,-3.2997189576637167,0.0,0.04487110040386959,,
96.5,5.535492388235288,4.442978079155562,8.212039633275754,0.021159734371464706,-0.001942620557124519,0.0385678788963007,95.6372356753785,4.153066305442038,-2976.2693861699613,806.5576703763644,1.1940510569846796,4.291348004338447,3.0038315924150467,-3.289136875448494,0.0,0.04487110040386959,,
96.60000000000001,5.539040293467469,4.339265160019632,8.450641551532875,0.020759533435856174,-0.0025538449099494942,0.04866610460284,95.75664078107697,4.1575534154824245,-2981.298764329923,798.4020874195809,1.1940510569846796,4.296705842824978,3.0231141157033043,-3.278447814116913,0.0,0.04487110040386959,,
96.7,5.563612223452057,4.542016430596895,8.286762466400404,0.028891408323284073,0.008346153731520378,0.06166704494173664,95.87604588677543,4.162040525522811,-2986.29771884902,790.2138278550271,1.1940510569846796,4.302063681311508,3.042361101145884,-3.267651874814721,0.0,0.04487110040386959,,
96.80000000000001,5.490353913381631,4.53106213830163,8.297786366161036,0.019773991539559204,0.002673916387777097,0.04502242360821555,95.99545099247389,4.166527635563198,-2991.2660576180124,781.9930007099227,1.1940510569846796,4.307421519798038,3.061571977582193,-3.2567491616624284,0.0,0.04487110040386959,,
96.9,5.5783764024219735,4.39100675093207,8.28458758239919,0.018236024630105065,-0.0009398370368074692,0.06537637150425046,96.11485609817235,4.171014745603585,-2996.2035888944597,773.7397160781572,1.1940510569846796,4.312779358284569,3.0807461740723596,-3.2457397817554945,0.0,0.04487110040386959,,
97.0,5.5534005006337965,4.647069007207463,8.150219952930362,0.010589194990022536,-0.002026546389299634,0.0347617110013239,96.23426120387082,4.175501855643971,-3001.110121308428,765.4540851191895,1.1940510569846796,4.318137196771099,3.0998831199124424,-3.2346238451644265,0.0,0.04487110040386959,-3002.0952326784527,764.1151511539792
97.10000000000001,5.363619131915702,4.319516907444078,8.040233364136824,0.02201230729460354,-0.013334359743942073,0.03811528527469505,96.35366630956928,4.179988965684358,-3005.9854638681945,757.1362200569173,1.1940510569846796,4.323495035257629,3.1189822446496343,-3.2234014649348173,0.0,0.04487110040386959,,
97.2,5.574134723266967,4.282993113421739,8.248957334605516,0.015281643633141145,0.02244712100404001,0.05135975894811381,96.47307141526774,4.184476075724745,-3010.8294259659497,748.786234178517,1.1940510569846796,4.32885287374416,3.138042978097481,-3.2120727570872982,0.0,0.04487110040386959,,
97.30000000000001,5.795697066144028,4.273386673478711,8.277155474034073,0.020626563872274392,0.003383540580717779,0.031684815568176636,96.5924765209662,4.1889631857651315,-3015.6418173834963,740.4042418332538,1.1940510569846796,4.33421071223069,3.1570647503510934,-3.2006378406174116,0.0,0.04487110040386959,,
97.4,5.726521261489369,4.37896380188906,7.997886571890239,0.005488057318346168,-0.002877835644286528,0.04867462615549194,96.71188162666466,4.193450295805518,-3020.4224482979457,731.9903584312616,1.1940510569846796,4.33956855071722,3.176046991802372,-3.18909683749542,0.0,0.04487110040386959,,
97.5,5.6092127844298885,4.324536940841782,8.056765456821088,0.03129402560235465,-0.006214441415839489,0.04281049736759244,96.83128673236313,4.197937405845905,-3025.1711292874097,723.5447004422941,1.1940510569846796,4.344926389203751,3.1949891331552385,-3.1774498726660214,0.0,0.04487110040386959,,
97.60000000000001,5.527676003557634,4.43224986380045,8.200581334083504,0.03072752851946057,-0.011259620388471408,0.052282929072287924,96.95069183806159,4.202424515886292,-3029.8876713366913,715.0673853944455,1.1940510569846796,4.350284227690281,3.2138906054408523,-3.165697074048003,0.0,0.04487110040386959,,
97.7,5.539997488434561,4.352648294151556,8.5217702954486,0.018222825227075034,-0.010429062010448131,0.06292688945193886,97.07009694376005,4.206911625926678,-3034.571885842971,706.5585318728411,1.1940510569846796,4.355642066176811,3.2327508400328564,-3.1538385725338083,0.0,0.04487110040386959,,
97.80000000000001,5.586274204546528,4.321833533902604,7.98826689815627,0.019908728137286894,0.010936448035501407,0.04569054906227963,97.18950204945851,4.211398735967065,-3039.223584621489,698.018259518299,1.1940510569846796,4.360999904663342,3.2515692686626068,-3.1418745019890326,0.0,0.04487110040386959,,
97.9,5.693086516311083,4.353513187998365,8.100041121247298,0.015256769438864497,-0.0031008435926984717,0.023565372028636025,97.30890715515697,4.215885846007452,-3043.842579911224,689.4466890259622,1.1940510569846796,4.366357743149872,3.2703453234344053,-3.129804999251836,0.0,0.04487110040386959,,
98.0,5.372127860383372,4.261390863885422,8.089021156153283,0.020577712583848582,0.007865417185428429,0.045310462048850135,97.42831226085544,4.2203729560478385,-3048.4286843805703,680.8439421438994,1.1940510569846796,4.371715581636402,3.2890784368407515,-3.117630204132289,0.0,0.04487110040386959,-3053.3996821779742,683.9701013828674
98.10000000000001,5.25112980071139,4.606049107445485,8.30144866903073,-0.0006499514957772241,0.015231921860183744,0.045047219944773675,97.5477173665539,4.224860066088225,-3052.981711133006,672.2101416716781,1.1940510569846796,4.377073420122933,3.307768041777571,-3.1053502594116296,0.0,0.04487110040386959,,
98.2,5.405469301107961,4.303536693891542,7.942487939657422,0.017731675284142073,0.018782787273220393,0.0655238856464957,97.66712247225236,4.229347176128612,-3057.5014737127603,663.5454114589068,1.1940510569846796,4.382431258609463,3.3264135715594643,-3.0929653108414525,0.0,0.04487110040386959,,
98.30000000000001,5.7153482362684365,4.579397737447781,7.98821265019517,0.018729821282188263,0.00373066110298238,0.03280044851196948,97.78652757795082,4.233834286168999,-3061.9877861104783,654.8498764037474,1.1940510569846796,4.387789097095994,3.345014459934949,-3.080475507142819,0.0,0.04487110040386959,,
98.4,5.58029852580101,4.431221119876243,7.982583134082026,0.007475294559566017,-0.007602253120949273,0.041816940249436926,97.90593268364928,4.238321396209385,-3066.440462768877,646.1236624513991,1.1940510569846796,4.393146935582524,3.3635701411017025,-3.0678810000052845,0.0,0.04487110040386959,,
98.5,5.503505947603965,4.422400888479113,7.945338746265559,0.008028150551091276,0.015617821955555089,0.04071661392159923,98.02533778934774,4.242808506249772,-3070.859318588399,637.3668965925513,1.1940510569846796,4.398504774069054,3.382080049721805,-3.055181944085858,0.0,0.04487110040386959,,
98.60000000000001,5.665885126959477,4.676607855568777,8.12689830092166,0.02380413755366758,0.0014230067250303121,0.04718622184576361,98.1447428950462,4.247295616290159,-3075.2441689328625,628.5797068618072,1.1940510569846796,4.403862612555585,3.4005436209369853,-3.0423784970078778,0.0,0.04487110040386959,,
98.7,5.535963537108071,4.2328334611473775,8.08308977771602,0.017271786852253366,0.0008289730810270581,0.04822587013001444,98.26414800074467,4.251782726330545,-3079.594829635102,619.7622223360783,1.1940510569846796,4.409220451042115,3.4189602903838554,-3.029470819359811,0.0,0.04487110040386959,,
98.80000000000001,5.922521537534834,4.489531549680777,8.161052627343581,0.014740865318112481,0.004371955665327903,0.038133134544039715,98.38355310644313,4.256269836370932,-3083.91111700261,610.9145731329489,1.1940510569846796,4.414578289528645,3.4373294942091634,-3.016459074693981,0.0,0.04487110040386959,,
98.9,5.343299034630227,4.45642009692023,7.898725984963162,0.016069238794244878,-0.012451515646206824,0.036599279266549135,98.50295821214159,4.260756946411319,-3088.1928478231684,602.0368904090107,1.1940510569846796,4.419936128015176,3.4556506690850233,-3.00334342952521,0.0,0.04487110040386959,,
99.0,5.511267871872205,4.441126028270944,8.037492564164493,0.022070958191902693,0.01198287733422188,0.052981916829211266,98.62236331784005,4.265244056451706,-3092.4398393704773,593.129306358168,1.1940510569846796,4.425293966501706,3.4739232522241545,-2.990124053329391,0.0,0.04487110040386959,-3097.3727053458138,587.8945814735806
99.10000000000001,5.595662687676677,4.4125504823246,8.305758781224052,0.024244714161235033,0.00642031798240584,0.07576437539909398,98.74176842353852,4.269731166492092,-3096.651909409776,584.1919542099138,1.1940510569846796,4.430651804988236,3.4921466813951234,-2.976801118541978,0.0,0.04487110040386959,,
99.2,5.640263773914308,4.587383244206871,7.949370232614141,0.005694283334152981,-0.008332970121552022,0.049869128048459964,98.86117352923698,4.274218276532479,-3100.828876203462,575.2249682275751,1.1940510569846796,4.436009643474767,3.5103203949375676,-2.963374800556406,0.0,0.04487110040386959,,
99.30000000000001,5.26995195429564,4.573807689100467,8.124449758244152,0.02076777377202922,-0.005626509840249253,0.03868652996192996,98.98057863493544,4.278705386572866,-3104.9705585166994,566.2284837065303,1.1940510569846796,4.441367481961297,3.5284438317774303,-2.9498452777224213,0.0,0.04487110040386959,,
99.4,5.570213175297341,4.547700029773838,7.919466882181723,0.0091542008190948,-5.442650848400639e-05,0.05218373515987396,99.0999837406339,4.283192496613252,-3109.076775623025,557.2026369723955,1.1940510569846796,4.446725320447827,3.5465164314421846,-2.9362127313443507,0.0,0.04487110040386959,,
99.5,5.685243492892901,4.672832876999696,8.115302295954573,0.03990319136382678,-0.00044241528081590724,0.04778253175105691,99.21938884633236,4.287679606653639,-3113.1473473099454,548.147565379182,1.1940510569846796,4.452083158934358,3.56453763407606,-2.9224773456792796,0.0,0.04487110040386959,,
99.60000000000001,5.832679672834428,4.407492739982017,8.018109345489112,0.04328802881660996,0.000880240368266337,0.0602070892759584,99.33879395203083,4.292166716694026,-3117.182093884532,539.0634073074245,1.1940510569846796,4.457440997420888,3.5825068804552527,-2.90863930793516,0.0,0.04487110040386959,,
99.7,5.55890131607488,4.445582944218113,8.297520336924842,0.019407420056121477,-0.00828268801677728,0.058641303162309324,99.45819905772929,4.2966538267344125,-3121.1808361790036,529.9503021622795,1.1940510569846796,4.462798835907418,3.6004236120031456,-2.894698808268843,0.0,0.04487110040386959,,
99.80000000000001,5.64636414813819,4.7305293869939,8.354053082562832,0.016804556011079275,-0.01367140943098205,0.02872023357394477,99.57760416342775,4.301140936774799,-3125.143395556307,520.8083903715938,1.1940510569846796,4.468156674393949,3.6182872708055163,-2.8806560397840277,0.0,0.04487110040386959,,
99.9,5.736609154808168,4.478485639027747,8.239211869015467,0.026090716048385528,0.0005206860485729988,0.0361350775462269,99.69700926912621,4.305628046815186,-3129.069593915691,511.63781338394455,1.1940510569846796,4.473514512880479,3.6360972996257344,-2.8665111985291363,0.0,0.04487110040386959,,
100.0,5.651535611423661,4.425985251506226,7.97606064400215,0.01929121319096677,0.010550299527316126,0.03878851149526744,99.81641437482467,4.310115156855573,-3132.9592536982686,502.4387136666493,1.1940510569846796,4.478872351367009,3.653853141919967,-2.8522644834951154,0.0,0.04487110040386959,-3134.5395011521764,503.27761829740325
100.10000000000001,5.727319142037984,4.480444426158706,8.177152903163705,0.015328813787218815,-0.008892769046503591,0.048338985809207494,99.93581948052314,4.314602266895959,-3136.812197892578,493.2112347037463,1.1940510569846796,4.48423018985354,3.6715542418523652,-2.8379160966131556,0.0,0.04487110040386959,,
100.2,5.381851037193464,4.747178804531031,7.916147963543323,0.03636991824678695,-0.002143122682846355,0.06237081495667183,100.0552245862216,4.319089376936346,-3140.628250040131,483.9555209939461,1.1940510569846796,4.48958802834007,3.689200044310247,-2.8234662427523336,0.0,0.04487110040386959,,
100.30000000000001,5.549578781503108,4.508928166958546,8.084381261376018,0.013551331108522822,0.019110118345847252,0.05582193921739387,100.17462969192006,4.323576486976733,-3144.4072342409618,474.67171804855343,1.1940510569846796,4.4949458668266,3.70678999491928,-2.808915129717182,0.0,0.04487110040386959,,
100.4,5.7390945483914075,4.401684247327602,7.996034685347455,0.014640283139650597,-0.005942434939012824,0.04904880695268668,100.29403479761852,4.3280635970171195,-3148.1489751591566,465.3599723893599,1.1940510569846796,4.500303705313131,3.7243235400586476,-2.7942629682451776,0.0,0.04487110040386959,,
100.5,5.6719629209558065,4.45361125145249,8.047631809024649,0.02088959764291349,-0.003842964397452117,0.06556801710324939,100.41343990331698,4.332550707057506,-3151.853298028387,456.0204315465071,1.1940510569846796,4.505661543799661,3.741800126876214,-2.779509972004153,0.0,0.04487110040386959,,
100.60000000000001,5.508272359420462,4.645288796041075,8.0435584015354,0.0355593695951172,-0.0012672984671206811,0.028619792574967426,100.53284500901545,4.337037817097893,-3155.5200286574295,446.65324405632094,1.1940510569846796,4.511019382286191,3.7592192033036773,-2.764656357589635,0.0,0.04487110040386959,,
100.7,5.772852301589952,4.448996508599966,8.35635356893449,0.0052481955720714,-0.015343292738747426,0.052320825881054626,100.65225011471391,4.34152492713828,-3159.148993435677,437.25855945911627,1.1940510569846796,4.516377220772722,3.7765802180717176,-2.7497023445221025,0.0,0.04487110040386959,,
100.80000000000001,5.495276570994978,4.519638773366394,8.122809943519899,0.024550718445641963,-0.003144479202539661,0.04381585481878775,100.77165522041237,4.346012037178666,-3162.7400193386443,427.83652829697246,1.1940510569846796,4.521735059259252,3.793882620725131,-2.734648155244165,0.0,0.04487110040386959,,
100.9,5.659046061536758,4.452738518455926,8.1479379953615,0.018538343410563922,0.021246138262428164,0.06255309297521668,100.89106032611083,4.350499147219053,-3166.292933933465,418.38730211147976,1.1940510569846796,4.527092897745782,3.8111258616379615,-2.719494015117672,0.0,0.04487110040386959,,
101.0,5.386251869981818,4.376008501187844,8.069459489163957,0.020829517413012297,-3.604349776896315e-05,0.05928705262218566,101.0104654318093,4.35498625725944,-3169.8075653843784,408.9110334414566,1.1940510569846796,4.532450736232313,3.8283093920286184,-2.7042401524207387,0.0,0.04487110040386959,-3175.012806611338,396.44982618871546
101.10000000000001,5.375607945699591,4.650687103599603,8.347458111700712,0.021959000306902825,0.0004951364568742017,0.0363085610493496,101.12987053750776,4.3594733672998265,-3173.2837424582085,399.4078758206376,1.1940510569846796,4.537808574718843,3.8454326639749783,-2.6888867983446962,0.0,0.04487110040386959,,
101.2,5.681216873128201,4.482092688828097,8.09110256496496,0.017917172092626287,-0.005517331024852567,0.041906876743661864,101.24927564320622,4.363960477340213,-3176.7212945298356,389.87798377533267,1.1940510569846796,4.543166413205373,3.8624951304294948,-2.673434186990966,0.0,0.04487110040386959,,
101.30000000000001,5.4023524331603365,4.559091559886908,8.028567880685012,0.03534375845735673,0.006834898368752327,0.03361998050806158,101.36868074890468,4.3684475873806,-3180.1200515876567,380.32151282205666,1.1940510569846796,4.548524251691904,3.8794962452342765,-2.6578825553678587,0.0,0.04487110040386959,,
101.4,5.789549303132573,4.665483351948637,8.23529766607139,0.008766332997846543,0.0022320398038091042,0.04840606857498417,101.48808585460314,4.372934697420987,-3183.479844239039,370.7386194651305,1.1940510569846796,4.553882090178434,3.8964354631361644,-2.642232143387291,0.0,0.04487110040386959,,
101.5,5.586883124377235,4.438839146879488,8.029415204880666,0.028932067864082957,-0.0020419080188220644,0.05109879783643732,101.6074909603016,4.377421807461373,-3186.800503715762,361.12946119425305,1.1940510569846796,4.559239928664965,3.9133122398018023,-2.626483193861432,0.0,0.04487110040386959,,
101.60000000000001,5.783940267000011,4.890091029701411,8.293212573299936,0.030637003632640093,0.0020752601693945962,0.030897485726785065,101.72689606600007,4.38190891750176,-3190.0818618794533,351.4941964820439,1.1940510569846796,4.564597767151495,3.930126031832679,-2.610635952499269,0.0,0.04487110040386959,,
101.7,5.618392285669054,4.549490099609991,8.000330456603097,0.03425140539276528,-0.005409275689980421,0.029885981828304226,101.84630117169853,4.386396027542147,-3193.323751227012,341.8329847815574,1.1940510569846796,4.569955605638025,3.9468762967801783,-2.594690667903098,0.0,0.04487110040386959,,
101.80000000000001,5.22934724514383,4.5830753132675275,8.125232501797965,0.010649867643925243,0.0018113415418521148,0.026868852187147716,101.96570627739699,4.3908831375825335,-3196.5260048960236,332.14598652376765,1.1940510569846796,4.575313444124556,3.9635624931606017,-2.578647591564938,0.0,0.04487110040386959,,
101.9,5.7692935843422255,4.54290124755287,8.04418482961173,0.028564882351242944,-0.0019289034956436765,0.038457981486615056,102.08511138309545,4.39537024762292,-3199.6884566701638,322.4333631150249,1.1940510569846796,4.580671282611086,3.9801840804701807,-2.5625069778628635,0.0,0.04487110040386959,,
102.0,5.6360873159028495,4.989720520349195,8.162286221861516,0.01911785593520538,0.041000352489694435,0.038478349447608515,102.20451648879391,4.399857357663307,-3202.810940984597,312.6952769344828,1.1940510569846796,4.586029121097616,3.9967405192000838,-2.546269084057271,0.0,0.04487110040386959,-3206.1795793317974,314.5048241160112
102.10000000000001,5.612542659061232,4.728589458566669,8.121935690623616,0.03658547881882203,0.005745062348189691,0.038027696275965014,102.32392159449238,4.404344467703694,-3205.8932929313587,302.931891331497,1.1940510569846796,4.591386959584147,4.0132312708513975,-2.529934170287058,0.0,0.04487110040386959,,
102.2,5.737204955630934,4.414531123013882,8.328025737457901,0.007430843674297501,-0.003482920538506222,0.02055182721822649,102.44332670019084,4.40883157774408,-3208.9353482647302,293.1433706229951,1.1940510569846796,4.596744798070677,4.029655797950102,-2.513502499565732,0.0,0.04487110040386959,,
102.30000000000001,5.472044566035165,4.666989237059329,8.302185634011618,0.0322356198119961,-0.004901649605732547,0.05286744766253858,102.5627318058893,4.413318687784467,-3211.936943406604,283.3298800908177,1.1940510569846796,4.602102636557207,4.046013564062031,-2.4969743377774414,0.0,0.04487110040386959,,
102.4,5.76810946509199,4.71555522879561,8.266681686802483,0.01300691045995062,0.01792579704985214,0.05703841013723855,102.68213691158776,4.417805797824854,-3214.897915451836,273.49158597903113,1.1940510569846796,4.607460475043738,4.062304033807809,-2.4803499536729294,0.0,0.04487110040386959,,
102.5,5.631210776430818,4.640019664882216,8.217735925824156,0.025615916129693224,0.011649897689498832,0.06734444933987016,102.80154201728622,4.42229290786524,-3217.818102173592,263.62865549121085,1.1940510569846796,4.612818313530268,4.078526672877783,-2.4636296188654123,0.0,0.04487110040386959,,
102.60000000000001,5.544071092753641,4.899449485699167,8.51699335322105,0.031175915153866918,0.009930931833267884,0.052928707647917204,102.92094712298469,4.426780017905627,-3220.697342028675,253.74125678769724,1.1940510569846796,4.618176152016798,4.094680948046936,-2.446813607826382,0.0,0.04487110040386959,,
102.7,5.505381896355853,4.805865243827331,8.286403100650256,0.009384511981257726,0.0036826329351453313,0.03384631262664097,103.04035222868315,4.431267127946014,-3223.5354741628516,243.82955898282202,1.1940510569846796,4.623533990503329,4.110766327189779,-2.42990219788133,0.0,0.04487110040386959,,
102.80000000000001,5.422273431354568,4.800245413910716,7.977192552780734,0.02450699530523262,-0.01323356529924686,0.04886221423842196,103.15975733438161,4.435754237986401,-3226.3323384161586,233.89373214210664,1.1940510569846796,4.628891828989859,4.126782279295231,-2.4128956692054,0.0,0.04487110040386959,,
102.9,5.758681936971433,4.3656376280311395,8.295363103802648,0.03425433036021515,-0.004894514929491455,0.06723914429851405,103.27916244008007,4.440241348026787,-3229.0877753282025,223.933947279432,1.1940510569846796,4.634249667476389,4.142728274481481,-2.3957943048189563,0.0,0.04487110040386959,,
103.0,5.711024662574052,4.711509232321225,8.092449502828442,0.018422237437787124,-0.01241239620550269,0.046833553182039196,103.39856754577853,4.444728458067174,-3231.8016261434486,213.95037635417984,1.1940510569846796,4.63960750596292,4.158603784010837,-2.378598390583086,0.0,0.04487110040386959,-3228.3188753329387,216.10107025219622
103.10000000000001,5.474711596276755,4.694397786803154,8.536643899902149,0.02137128581453677,0.01127128003423387,0.043655238897932276,103.517972651477,4.449215568107561,-3234.4737328164942,203.9431922683458,1.1940510569846796,4.64496534444945,4.174408280304545,-2.3613082151950198,0.0,0.04487110040386959,,
103.2,5.652274216820161,4.628654712210605,8.175851087057765,0.017346215940277812,0.005546338636979874,0.03995055782947498,103.63737775717546,4.453702678147947,-3237.1039380173347,193.9125688636241,1.1940510569846796,4.65032318293598,4.190141236957604,-2.3439240701834736,0.0,0.04487110040386959,,
103.30000000000001,5.333821497985925,4.592822227850725,8.141370586449165,0.03169086742585695,0.009889665838656943,0.052876663513245034,103.75678286287392,4.458189788188334,-3239.6920851366153,183.85868091846407,1.1940510569846796,4.655681021422511,4.205802128753557,-2.326446249903925,0.0,0.04487110040386959,,
103.4,5.5402286767737445,4.4812849165816,8.022752677581348,0.005356598488893994,0.008454919784518075,0.03747906483814326,103.87618796857238,4.462676898228721,-3242.2380182908705,173.7817041450982,1.1940510569846796,4.661038859909041,4.221390431679259,-2.308875051533799,0.0,0.04487110040386959,,
103.5,5.758526192152089,4.605558536299829,8.326375203389142,0.03811907073941005,-0.0053134098401453065,0.032336681775215266,103.99559307427084,4.4671640082691075,-3244.7415823277524,163.68181518654228,1.1940510569846796,4.666396698395571,4.236905622939632,-2.2912107750675945,0.0,0.04487110040386959,,
103.60000000000001,5.659494407828473,4.846178095624715,8.090029696027301,0.016841628274229553,-0.010714802287959149,0.056787955300218206,104.1149981799693,4.471651118309494,-3247.2026228312466,153.55919161356744,1.1940510569846796,4.671754536882102,4.2523471809723965,-2.2734537233119227,0.0,0.04487110040386959,,
103.7,5.722195478399089,4.504702357761836,7.895644670220754,0.003816545016006454,-0.0156641542778115,0.04975426574643058,104.23440328566777,4.476138228349881,-3249.6209861268753,143.4140119216438,1.1940510569846796,4.677112375368632,4.267714585462785,-2.255604201880475,0.0,0.04487110040386959,,
103.80000000000001,5.430199353278494,4.53382134193611,8.28243542006517,0.02472316785473985,-0.015731119072458062,0.03842514834421583,104.35380839136623,4.480625338390268,-3251.9965192868867,133.24645552785648,1.1940510569846796,4.682470213855162,4.283007317358232,-2.2376625191889135,0.0,0.04487110040386959,,
103.9,5.336708819630781,4.757108422462738,8.160353569247633,0.01660256567546163,0.0010589859565178637,0.051906360382179245,104.47321349706469,4.485112448430654,-3254.329070135436,123.05670276779335,1.1940510569846796,4.687828052341693,4.298224858883054,-2.2196289864496936,0.0,0.04487110040386959,,
104.0,5.7364356577237325,4.775567239641101,8.301368382430223,0.019139369404383058,0.0028175600423068436,0.047727764969369965,104.59261860276315,4.489599558471041,-3256.618487253745,112.84493489240509,1.1940510569846796,4.693185890828223,4.313366693553087,-2.2015039176667957,0.0,0.04487110040386959,-3256.2429587469237,109.33436607816064
104.10000000000001,5.376485577163086,4.815942995891588,7.951121972243648,0.007523083579528418,-0.00842952344147909,0.05207386911796984,104.71202370846162,4.494086668511428,-3258.86461998526,102.61133406483721,1.1940510569846796,4.698543729314753,4.328432306190325,-2.1832876296303994,0.0,0.04487110040386959,,
104.2,5.479976669757484,4.877113121433657,7.911292880776805,0.034020462848690494,-0.011276578361210675,0.0378479393682751,104.83142881416008,4.4985737785518145,-3261.067318440785,92.35608335723437,1.1940510569846796,4.703901567801284,4.343421182937527,-2.1649804419114713,0.0,0.04487110040386959,,
104.30000000000001,5.401091783592225,4.859662798225321,8.336917717876414,0.024483605499991117,-0.007895278009706477,0.03146503802078162,104.95083391985854,4.503060888592201,-3263.2264335036107,82.0793667475169,1.1940510569846796,4.709259406287814,4.358332811272794,-2.146582676856281,0.0,0.04487110040386959,,
104.4,5.4477883352670515,4.683647298385197,8.139923084803883,0.022124575624205278,0.011790474876961889,0.049804343681246394,105.070239025557,4.507547998632588,-3265.3418168346234,71.78136911612964,1.1940510569846796,4.714617244774345,4.373166680024141,-2.1280946595808414,0.0,0.04487110040386959,,
104.5,5.740964480487911,4.6334912684538745,8.137569518861959,0.01254327962632765,0.009201062765586477,0.044285858486356376,105.18964413125546,4.512035108672975,-3267.4133208774056,61.46227624276312,1.1940510569846796,4.719975083260875,4.387922279384029,-2.109516717965278,0.0,0.04487110040386959,,
104.60000000000001,5.448270198236639,4.8804528061551515,8.406607045425675,0.004070524020622867,0.0021961831842311147,0.03121854148541313,105.30904923695392,4.516522218713361,-3269.4407988633193,51.1222748030472,1.1940510569846796,4.725332921747405,4.402599100923885,-2.0908491826481175,0.0,0.04487110040386959,,
104.7,5.2757282581490035,4.814121734904912,8.103189594908926,0.03194618832619803,-0.009169698639768048,0.03706426707623814,105.42845434265239,4.521009328753748,-3271.4241048165754,40.76155236521712,1.1940510569846796,4.730690760233936,4.4171966376085905,-2.072092387020505,0.0,0.04487110040386959,,
104.80000000000001,5.830469671847568,4.695497007821473,8.25521601694904,0.029479403197953846,0.005169708776794433,0.0427893090072619,105.54785944835085,4.525496438794135,-3273.363093559291,30.38029738675214,1.1940510569846796,4.736048598720466,4.431714383810949,-2.053246667220349,0.0,0.04487110040386959,,
104.9,5.666493212411337,4.7200284698834745,8.324481311256395,0.044141944383146225,-0.009117394113276178,0.04468478556427089,105.66726455404931,4.5299835488345215,-3275.257620716531,19.97869921098674,1.1940510569846796,4.741406437206996,4.446151835326132,-2.034312362126386,0.0,0.04487110040386959,,
105.0,6.874648918263787,6.6229163650377085,7.727928328163028,0.03308272154538558,0.005549057577589262,0.04482889777534314,105.78666965974777,4.534470658874908,-3277.0986760796363,9.549368654164748,2.3721579467151317,6.76038179431384,6.233836829584286,-3.5311717192983285,0.0,0.06390580038163533,-3276.237101921063,11.00826114349955
105.10000000000001,6.530813857857449,6.882609544141852,7.4458877310455716,0.03635802223329835,-0.01976442239823441,0.05952969874529378,106.02388545441929,4.540861238913072,-3278.8770191318085,-0.9149006770904514,2.3721579467151317,6.775541259535489,6.271212620831266,-3.493849588656924,0.0,0.06390580038163533,,
105.2,6.534583162461435,6.666162243115161,7.63038187543992,0.025926411809439453,-0.012403826801490643,0.057156925135168415,106.2611012490908,4.547251818951236,-3280.5922783432593,-11.41373222439721,2.3721579467151317,6.790700724757138,6.308365371176379,-3.4561938604661018,0.0,0.06390580038163533,,
105.30000000000001,6.778576240635645,6.792723148192522,7.563102158245521,0.017817922164412667,0.008139442177826372,0.023418673694500958,106.49831704376231,4.5536423989894,-3282.244084441996,-21.946746106684454,2.3721579467151317,6.8058601899787865,6.3452923426260375,-3.418205865115967,0.0,0.06390580038163533,,
105.4,6.703630076253798,6.833908510978058,7.522066060628446,0.01748200157878145,0.003800847667076283,0.059664385776565895,106.73553283843383,4.5600329790275635,-3283.8320704411226,-32.51355913370938,2.3721579467151317,6.821019655200435,6.38199080510656,-3.3798869543713623,0.0,0.06390580038163533,,
105.5,6.868389629452204,7.047796353270236,7.698955734189427,0.022853235397285118,0.005722367632709292,0.05465444237078213,106.97274863310534,4.566423559065727,-3285.355871666058,-43.11378481978839,2.3721579467151317,6.836179120422083,6.418458036625565,-3.3412385013248156,0.0,0.06390580038163533,,
105.60000000000001,6.6300743070097665,7.106520195667117,7.533305910484143,0.021769863927955296,0.016553315104966996,0.058802963459262766,107.20996442777685,4.572814139103891,-3286.815125781677,-53.74703339774091,2.3721579467151317,6.851338585643733,6.454691323433093,-3.3022619003482983,0.0,0.06390580038163533,,
105.7,6.689493516989891,6.928649034159724,7.472724230129553,0.03154863770941523,0.005730560361553456,0.05247192092071902,107.44718022244837,4.579204719142055,-3288.2094728193606,-64.41291183304537,2.3721579467151317,6.866498050865381,6.490687960182445,-3.262958567043793,0.0,0.06390580038163533,,
105.80000000000001,6.747927965123914,6.9186781813935,7.526441220156515,0.02000981298599662,0.013683110358841573,0.0736725362747489,107.68439601711988,4.585595299180219,-3289.5385552039666,-75.11102383820713,2.3721579467151317,6.88165751608703,6.526445250090713,-3.223329938192679,0.0,0.06390580038163533,,
105.9,6.935260507996962,7.0520064224529335,7.563131935585707,0.027484965658087487,-0.007937499662281865,0.07517585863357551,107.9216118117914,4.591985879218383,-3290.8020177807075,-85.84096988733761,2.3721579467151317,6.896816981308679,6.561960505099021,-3.1833774717039285,0.0,0.06390580038163533,,
106.0,6.452942321535465,6.751787979002825,7.650797921399959,0.034142659169534614,-0.004658744956518419,0.056269649811879624,108.1588276064629,4.598376459256547,-3291.999507841946,-96.60234723094412,2.3721579467151317,6.9119764465303275,6.597231046032436,-3.143102646561121,0.0,0.06390580038163533,-3291.9417414491622,-91.09546446373218
106.10000000000001,6.8644283686488805,6.759561573969276,7.8022253662734204,0.030570769817674124,0.009012810006261028,0.05360300457935136,108.39604340113442,4.60476703929471,-3293.130675153893,-107.39474991092999,2.3721579467151317,6.927135911751976,6.6322542027595714,-3.102506962768276,0.0,0.06390580038163533,,
106.2,6.460760049520336,7.015310349549378,7.638991524523251,0.03325009874400232,0.006981858671111054,0.04742428148699306,108.63325919580593,4.611157619332874,-3294.19517198322,-118.21776877580427,2.3721579467151317,6.942295376973625,6.6670273143518495,-3.0615919412945103,0.0,0.06390580038163533,,
106.30000000000001,6.534515768107365,6.911969479675209,7.964156312655673,0.03922695432619932,0.007213708570680782,0.07187123370623408,108.87047499047745,4.617548199371038,-3295.1926531235713,-129.07099149610062,2.3721579467151317,6.957454842195274,6.7015477292424315,-3.0203591240175114,0.0,0.06390580038163533,,
106.4,6.472880711953506,7.115365192417711,7.551839667308814,0.018082026453965533,0.007539455500178306,0.06289853712484599,109.10769078514896,4.623938779409202,-3296.1227759219883,-139.95400258000456,2.3721579467151317,6.972614307416922,6.735812805384799,-2.97881007366584,0.0,0.06390580038163533,,
106.5,6.464075200659244,6.807370535704751,7.415523689104551,0.04496729991861466,-0.002989014284973124,0.04897363978497779,109.34490657982047,4.630329359447366,-3296.985200305231,-150.8663833891888,2.3721579467151317,6.987773772638571,6.769819910410975,-2.93694637376006,0.0,0.06390580038163533,,
106.60000000000001,6.700620170982296,7.184793209475006,7.6668713226781735,0.024813706562548096,-0.0021477930284461585,0.06885722838118757,109.58212237449199,4.63671993948553,-3297.779588806004,-161.80771215485572,2.3721579467151317,7.00293323786022,6.803566421789389,-2.8947696285526945,0.0,0.06390580038163533,,
106.7,6.804149799532324,7.098594130094161,7.4352854891298055,0.028312450213107663,0.002331585593811733,0.059518801936362185,109.8193381691635,4.6431105195236935,-3298.505606589083,-172.77756399398683,2.3721579467151317,7.0180927030818685,6.837049726982351,-2.8522814629670172,0.0,0.06390580038163533,,
106.80000000000001,6.7246676124898555,7.081037458533088,7.6797559877825785,0.03229862467589631,-0.004113144700391384,0.06114282858919433,110.05655396383501,4.649501099561857,-3299.162921477337,-183.77551092579793,2.3721579467151317,7.033252168303517,6.8702672236031725,-2.809483522534672,0.0,0.06390580038163533,,
106.9,6.3666477202724865,7.145667064694819,7.530429941225018,0.014539933061118789,-0.003283089727960903,0.05570163519662065,110.29376975850653,4.655891679600021,-3299.751203977651,-194.80112188840002,2.3721579467151317,7.048411633525166,6.903216319572867,-2.7663774733321365,0.0,0.06390580038163533,,
107.0,6.6655735606121995,7.251403569128513,7.485274041788073,0.02479941783548026,-0.010313387365473463,0.05551683002776919,110.53098555317804,4.662282259638185,-3300.270127306741,-205.85396275566498,2.3721579467151317,7.063571098746815,6.935894433276472,-2.7229650019160148,0.0,0.06390580038163533,-3304.5962436320165,-200.64018719200735
107.10000000000001,6.479806051224227,7.093353585184451,7.48421948944525,0.0421131225421533,0.004254066245107721,0.06515415311471823,110.76820134784955,4.668672839676349,-3300.7193674168643,-216.9335963542953,2.3721579467151317,7.078730563968463,6.968298993718959,-2.6792478152571806,0.0,0.06390580038163533,,
107.2,6.481680007440144,7.039222794403866,7.714592664730629,0.03335812045684322,0.0009087195957008526,0.07062385454463861,111.00541714252107,4.675063419714513,-3301.098603021422,-228.0395824810972,2.3721579467151317,7.093890029190113,7.000427440680723,-2.6352276406737576,0.0,0.06390580038163533,,
107.30000000000001,6.518054299042041,7.4817171331591865,7.481456805313117,0.030087626294813093,-0.0033885977351755343,0.06739923100740441,111.24263293719258,4.6814539997526765,-3301.407515620453,-239.17147792045685,2.3721579467151317,7.109049494411761,7.032277224872655,-2.5909062257629483,0.0,0.06390580038163533,,
107.4,6.459298800134049,6.793776836672181,7.701277060272438,0.017925245200603308,-0.005053790577329883,0.06100581177755648,111.4798487318641,4.68784457979084,-3301.645789526014,-250.32883646201836,2.3721579467151317,7.1242089596334095,7.063845808090778,-2.5462853383317117,0.0,0.06390580038163533,,
107.5,6.8642462489940845,7.026296264490281,7.5656310497625565,0.0241227395824106,0.007951973746056672,0.07145646055142332,111.71706452653561,4.694235159829004,-3301.8131118874517,-261.51120891856334,2.3721579467151317,7.139368424855059,7.095130663370443,-2.501366766326293,0.0,0.06390580038163533,,
107.60000000000001,6.769987544389849,7.19131976085756,7.686142390618032,0.05007882060033662,0.0007678081687334947,0.05354902221853011,111.95428032120712,4.700625739867168,-3301.9091727165564,-272.7181431440911,2.3721579467151317,7.154527890076707,7.126129275140075,-2.4561523177606075,0.0,0.06390580038163533,,
107.7,6.607761885373528,7.1188610739504155,7.59067747656744,0.035404595719588906,0.01777076312812813,0.05838906800820605,112.19149611587864,4.707016319905332,-3301.933664912604,-283.94918405209876,2.3721579467151317,7.169687355298356,7.156839139374468,-2.410643820643482,0.0,0.06390580038163533,,
107.80000000000001,6.740874243625608,7.369903010882926,7.856477598363543,0.040068888568350974,-0.00021250179349722396,0.051031945044842486,112.42871191055015,4.713406899943496,-3301.886284287279,-295.2038736340608,2.3721579467151317,7.184846820520004,7.187257763747606,-2.364843122904756,0.0,0.06390580038163533,,
107.9,6.470999099519654,7.266880763734884,7.648083172187532,0.02468945160868961,0.0026049891625494303,0.06028102335197028,112.66592770522166,4.7197974799816595,-3301.7667295894794,-306.4817509781067,2.3721579467151317,7.200006285741654,7.217382667785016,-2.3187520923202474,0.0,0.06390580038163533,,
108.0,6.642594148811445,7.222264094672227,7.549202465667651,0.02143633359424469,-0.023854444258989364,0.046035398359093926,112.90314349989318,4.726188060019823,-3301.5747025299997,-317.7823522878963,2.3721579467151317,7.215165750963302,7.247211383015627,-2.272372616435583,0.0,0.06390580038163533,-3300.191098950019,-317.76678060155706
108.10000000000001,6.650875335679968,7.112402393606702,7.669777459020148,0.025536852495336528,-0.010569645597181066,0.0782284099590643,113.14035929456469,4.732578640057987,-3301.3099078060977,-329.1052109016926,2.3721579467151317,7.2303252161849505,7.276741453123165,-2.2257066024888994,0.0,0.06390580038163533,,
108.2,6.419398304350178,7.190465371710117,7.769470075665145,0.030821654556892956,0.00029166448091180513,0.04983254078272493,113.3775750892362,4.738969220096151,-3300.9720531259322,-340.44985731163024,2.3721579467151317,7.2454846814066,7.305970434097014,-2.1787559773324165,0.0,0.06390580038163533,,
108.30000000000001,6.755540083195707,7.355561918383089,7.474672193214719,0.03104575171123607,0.00511792091983632,0.0701350694618769,113.61479088390772,4.745359800134315,-3300.5608492328793,-351.8158191831793,2.3721579467151317,7.260644146628248,7.3348958943825995,-2.1315226873528883,0.0,0.06390580038163533,,
108.4,6.779423246553043,7.458348513616169,7.398662477118751,0.01789955680328352,0.010066858890703544,0.059584861883850815,113.85200667857923,4.751750380172479,-3300.0760099297217,-363.20262137480387,2.3721579467151317,7.275803611849897,7.36351541503124,-2.084008698390929,0.0,0.06390580038163533,,
108.5,6.743389827366416,7.520643850912134,7.671889777404567,0.05042621342247759,-0.013431721459309194,0.05111721456151483,114.08922247325074,4.758140960210643,-3299.5172521027116,-374.6097859578142,2.3721579467151317,7.290963077071546,7.391826589849485,-2.0362159956592234,0.0,0.06390580038163533,,
108.60000000000001,6.72704099152658,7.450680540972726,7.642809278681603,0.019980589284807816,-0.007714514350481987,0.057693601894653855,114.32643826792226,4.764531540248806,-3298.8842957455026,-386.03683223641195,2.3721579467151317,7.306122542293195,7.419827025547905,-1.9881465836596268,0.0,0.06390580038163533,,
108.7,6.695315484486086,7.239639650547459,7.799442314983066,0.014488907313259611,0.01754947806568105,0.049219482262750566,114.56365406259377,4.77092212028697,-3298.176863982954,-397.483276767927,2.3721579467151317,7.321282007514843,7.447514341889372,-1.9398024860991483,0.0,0.06390580038163533,,
108.80000000000001,6.233688966055176,7.4517417021611845,7.415055494816382,0.01935219275131711,0.0006323831090341184,0.07153991035827054,114.80086985726528,4.777312700325134,-3297.394683094799,-408.94863338324626,2.3721579467151317,7.336441472736492,7.474886171836756,-1.8911857458048313,0.0,0.06390580038163533,,
108.9,6.5439994400011505,7.4408099893226645,7.503990273474977,0.028890979881094854,0.005006890469241536,0.07094928712978425,115.0380856519368,4.783703280363298,-3296.5374825391827,-420.4324132074318,2.3721579467151317,7.351600937958141,7.501940161700095,-1.842298424637527,0.0,0.06390580038163533,,
109.0,6.834484067645131,7.431365426698848,7.790696404760225,0.025684255404105613,-0.0006732254111194276,0.06550849285158258,115.27530144660831,4.790093860401462,-3295.6049949760654,-431.93412468052946,2.3721579467151317,7.366760403179789,7.528673971283181,-1.793142603404572,0.0,0.06390580038163533,-3291.8340757097817,-429.3781730335645
109.10000000000001,6.783905281438235,7.206558429971814,7.5304615948820866,0.04505877209651345,-0.00018559187652260009,0.051246735430416065,115.51251724127982,4.796484440439626,-3294.5969562904866,-443.45327357856536,2.3721579467151317,7.381919868401438,7.55508527402959,-1.7437203817713671,0.0,0.06390580038163533,,
109.2,6.6738847929022835,7.471712230602978,7.54135197091321,0.021568996491984394,-0.004621621828927224,0.058523812717727886,115.74973303595134,4.8028750204777895,-3293.5131056156924,-454.98936303473033,2.3721579467151317,7.397079333623087,7.581171757168118,-1.6940338781718611,0.0,0.06390580038163533,,
109.30000000000001,6.597711455587228,7.3730227630609235,7.362863371622196,0.03804163165612295,0.0038142492737754823,0.045809954821142695,115.98694883062285,4.809265600515953,-3292.353185356127,-466.54189356075113,2.3721579467151317,7.412238798844736,7.6069311218576345,-1.6440852297179545,0.0,0.06390580038163533,,
109.4,6.683935898722321,7.155993716030133,7.4863611777804575,0.048463524119554825,-0.003965263806935613,0.06039957708647531,116.22416462529436,4.815656180554117,-3291.1169412102777,-478.11036306844755,2.3721579467151317,7.427398264066384,7.632361083331349,-1.5938765921078062,0.0,0.06390580038163533,,
109.5,6.678784163519232,7.363853207811248,7.685328443756874,0.020851087218727325,0.013850915521156556,0.058578899291151176,116.46138041996588,4.822046760592281,-3289.8041221933804,-489.69426689147434,2.3721579467151317,7.442557729288033,7.6574593710404555,-1.543410139533071,0.0,0.06390580038163533,,
109.60000000000001,6.548267281625306,7.644931467360821,7.599840937416966,0.03338539582063034,0.009308858699479861,0.06303665430355669,116.69859621463739,4.828437340630445,-3288.4144806599843,-501.2930978072472,2.3721579467151317,7.457717194509682,7.682223728797179,-1.492688064585053,0.0,0.06390580038163533,,
109.7,6.706322634372487,7.437498180243855,7.538862449958809,0.055100022899253975,-0.007053964598220253,0.061818046078251976,116.9358120093089,4.834827920668609,-3286.947772326366,-512.9063460590519,2.3721579467151317,7.47287665973133,7.706651914917197,-1.441712578159787,0.0,0.06390580038163533,,
109.80000000000001,6.824602942486914,7.453521688122709,7.691205764474702,0.035056914330485356,-0.02070151515952452,0.07225386140499343,117.17302780398042,4.8412185007067725,-3285.4037562928006,-524.5334993783353,2.3721579467151317,7.48803612495298,7.730741702361435,-1.3904859093620563,0.0,0.06390580038163533,,
109.9,6.543660026576867,7.725795768141167,7.684770294456031,0.04140726716719229,-0.018914568251124735,0.07541691856076109,117.41024359865193,4.847609080744936,-3283.7821950656867,-536.1740430071775,2.3721579467151317,7.503195590174628,7.754490878877221,-1.3390103054083355,0.0,0.06390580038163533,,
110.0,6.660944348177746,7.4706800006345295,7.667119394522383,0.026411963562291915,-0.002547784048244408,0.06531486154827543,117.64745939332344,4.8539996607831,-3282.0828545795157,-547.8274597209448,2.3721579467151317,7.518355055396277,7.777897247138812,-1.2872880315286859,0.0,0.06390580038163533,-3280.289979863648,-549.2676685716713
110.10000000000001,6.516768863775375,7.6382086736405315,7.613309995091219,0.03411878528907865,-0.00293086329151021,0.06289746723578797,117.88467518799496,4.860390240821264,-3280.3055042186984,-559.4932298511204,2.3721579467151317,7.533514520617925,7.800958624887246,-1.2353213708675845,0.0,0.06390580038163533,,
110.2,6.888451171153454,7.754635848590485,7.822655989348999,0.01949730091410823,-0.0009308973669815304,0.07256225672358209,118.12189098266647,4.866780820859428,-3278.4499168392335,-571.1708313083146,2.3721579467151317,7.548673985839574,7.823672845069557,-1.1831126243837056,0.0,0.06390580038163533,,
110.30000000000001,6.751862134539952,7.756828976294408,7.617854725129002,0.04310146050104159,0.0005977499871527897,0.061909665065183986,118.35910677733798,4.873171400897592,-3276.5158687902253,-582.8597396054515,2.3721579467151317,7.563833451061223,7.846037755977308,-1.1306641107486537,0.0,0.06390580038163533,,
110.4,6.536876364086183,7.54459837986385,7.673834231219827,0.029902594992832945,0.013297698479495856,0.06265881851771994,118.5963225720095,4.8795619809357555,-3274.5031399352465,-594.5594278811318,2.3721579467151317,7.578992916282871,7.8680512213844604,-1.077978166244655,0.0,0.06390580038163533,,
110.5,6.732164291969449,7.675830738017421,7.612126977050547,0.03366783911136004,0.0023465780361659723,0.06403257136856597,118.83353836668101,4.885952560973919,-3272.4115136735427,-606.269366923171,2.3721579467151317,7.594152381504521,7.889711120684555,-1.0250571446612087,0.0,0.06390580038163533,,
110.60000000000001,6.529613436275904,7.728416887347989,7.7137402359168865,0.012791482485295918,-0.00031353022830664634,0.0620225679190533,119.07075416135253,4.892343141012083,-3270.240776961083,-617.989025192311,2.3721579467151317,7.609311846726169,7.9110153490272035,-0.9719034171907053,0.0,0.06390580038163533,,
110.7,6.522132885341574,7.7426606406740435,7.83403111185661,0.03434302576905566,0.0006224665179348763,0.06820985887071672,119.30796995602404,4.898733721050247,-3267.9907203314497,-629.7178688461057,2.3721579467151317,7.624471311947818,7.931961817453886,-0.9185193723230141,0.0,0.06390580038163533,,
110.80000000000001,6.704218221655097,7.349731763469158,8.0908107103309,0.02521883207182611,0.001956005362254258,0.06919656245421361,119.54518575069555,4.905124301088411,-3265.6611379165656,-641.4553617629773,2.3721579467151317,7.639630777169467,7.952548453033047,-0.8649074157390468,0.0,0.06390580038163533,,
110.9,6.726847673185813,7.516794573379186,7.641211996400644,0.03059575708920015,-0.001970724652978741,0.05539434536203956,119.78240154536707,4.911514881126575,-3263.251827467265,-653.2009655664444,2.3721579467151317,7.654790242391115,7.972773198994462,-0.8110699702033048,0.0,0.06390580038163533,,
111.0,6.61243136277238,7.625286018983198,7.481560494144554,0.017042056261363146,-0.0027700652455546495,0.06342533907703576,120.01961734003858,4.917905461164739,-3260.7625903736944,-664.9541396495194,2.3721579467151317,7.669949707612764,7.992634014862911,-0.7570094754554024,0.0,0.06390580038163533,-3264.9343463468535,-665.7972802656163
111.10000000000001,6.469689426244369,7.857953366697442,7.4177553723041925,0.027341219609844675,-0.013814144803412325,0.0518279036317687,120.25683313471009,4.924296041202902,-3258.193231685557,-676.7143411992746,2.3721579467151317,7.685109172834413,8.012128876591099,-0.7027283881005897,0.0,0.06390580038163533,,
111.2,6.601722965867558,7.702127172702892,7.789038695043955,0.034300521992023936,0.0025196917791664533,0.05057491881815944,120.4940489293816,4.930686621241066,-3255.543560132186,-688.4810252215758,2.3721579467151317,7.700268638056062,8.031255776691857,-0.648229181499262,0.0,0.06390580038163533,,
111.30000000000001,6.247741963957582,7.719176238233577,7.7985888123272,0.02965709368507404,0.003466216075322732,0.06496796424673221,120.73126472405312,4.93707720127923,-3252.8133881424524,-700.2536445659828,2.3721579467151317,7.71542810327771,8.050012724369594,-0.5935143456554739,0.0,0.06390580038163533,,
111.4,6.575506732800932,7.942674426167876,7.666914825430106,0.022383878029840862,-0.008097683468596161,0.049236079321659985,120.96848051872463,4.943467781317394,-3250.0025318645057,-712.0316499508142,2.3721579467151317,7.730587568499359,8.068397745651012,-0.5385863871044536,0.0,0.06390580038163533,,
111.5,6.508052130511,7.696335475799184,7.678270721644906,0.02463510685657409,-0.003561653167088479,0.0674987076934721,121.20569631339615,4.949858361355558,-3247.110811185343,-723.814489988378,2.3721579467151317,7.745747033721008,8.08640888351504,-0.4834478287991304,0.0,0.06390580038163533,,
111.60000000000001,6.676822239380925,7.609945412693343,7.53302643623378,0.02602181397104438,-0.005890337152222605,0.07008527607623771,121.44291210806766,4.956248941393722,-3244.138049750211,-735.6016112103631,2.3721579467151317,7.760906498942656,8.104044198022018,-0.4281012099956747,0.0,0.06390580038163533,,
111.7,6.59597179154839,7.894309178147701,7.481657789821343,0.040073162966436884,0.004758837843033549,0.06258703906907272,121.68012790273917,4.9626395214318855,-3241.084074981829,-747.3924580933948,2.3721579467151317,7.776065964164305,8.121301766442125,-0.3725490861380565,0.0,0.06390580038163533,,
111.80000000000001,6.749592724140816,7.776535916422649,7.4019433930006295,0.031948934559901845,-0.007287159700335625,0.07431717162805125,121.91734369741069,4.969030101470049,-3237.948718099448,-759.1864730847495,2.3721579467151317,7.791225429385954,8.138179683382994,-0.3167940287416311,0.0,0.06390580038163533,,
111.9,6.4194529619336365,7.957691909716805,7.733806189353953,0.02795173868160312,-0.008315222417736183,0.05440065616091673,122.1545594920822,4.975420681508213,-3234.7318141377264,-770.9830966282299,2.3721579467151317,7.806384894607603,8.154676060916568,-0.2608386252757544,0.0,0.06390580038163533,,
112.0,6.7331941379862785,7.670215223251906,7.599077360423208,0.046539473983945846,-0.0026293352010206684,0.061594067480647455,122.39177528675371,4.981811261546377,-3231.4332019654344,-782.7817671901973,2.3721579467151317,7.821544359829251,8.170789028705151,-0.20468547904543044,0.0,0.06390580038163533,-3232.5420489445437,-786.286003028167
112.10000000000001,6.710214385917338,7.870334943885909,7.7026135990291875,0.03169161300013849,0.0010248727726019542,0.0556403835966937,122.62899108142523,4.988201841584541,-3228.052724303982,-794.5819212857632,2.3721579467151317,7.8367038250509005,8.186516734126663,-0.1483372090720061,0.0,0.06390580038163533,,
112.2,6.4771509342683595,8.062828136348173,7.507949719798127,0.024302820557567027,0.012149934435626989,0.05413466935515603,122.86620687609674,4.994592421622705,-3224.5902277457653,-806.3829935051346,2.3721579467151317,7.851863290272549,8.201857342399084,-0.09179644997290382,0.0,0.06390580038163533,,
112.30000000000001,6.649831145156792,7.61492068547286,7.572306616766446,0.03714104857263194,0.0028120039682994003,0.06603473942751578,123.10342267076825,5.0009830016608685,-3221.045562772334,-818.1844165401152,2.3721579467151317,7.867022755494197,8.216809036704088,-0.03506585184041322,0.0,0.06390580038163533,,
112.4,6.262381147813711,7.841929886855619,7.560540291961721,0.03827623419500746,-0.009002602345366458,0.06316121131951526,123.34063846543977,5.007373581699032,-3217.418583772381,-829.9856212107605,2.3721579467151317,7.882182220715847,8.23137001830985,0.021851919880464976,0.0,0.06390580038163533,,
112.5,6.573780195507228,8.205851761275404,7.636388119402938,0.02578157468531913,-0.008119427963164715,0.07193861610048824,123.57785426011128,5.013764161737196,-3213.7091490595467,-841.7860364921839,2.3721579467151317,7.897341685937495,8.245538506693022,0.07895418451510894,0.0,0.06390580038163533,,
112.60000000000001,6.594514260790854,7.576808647062786,7.732552837746174,0.0347461746686644,0.015024922514339801,0.06270286146242907,123.8150700547828,5.02015474177536,-3209.91712089004,-853.5850895415149,2.3721579467151317,7.912501151159144,8.25931273965989,0.1362382462833036,0.0,0.06390580038163533,,
112.7,6.6707765538266885,7.954531722846349,7.6346906076935594,0.03605822528499923,-0.010149104089803459,0.05341216521306695,124.05228584945431,5.026545321813524,-3206.042365480078,-865.3822057250068,2.3721579467151317,7.927660616380792,8.272690973466672,0.19370139442418566,0.0,0.06390580038163533,,
112.80000000000001,6.941480278945174,7.803764183955222,7.806990619141324,0.02928311505036101,-0.00391331814279361,0.06865767096782122,124.28950164412582,5.032935901851688,-3202.0847530231354,-877.1768086452931,2.3721579467151317,7.9428200816024415,8.285671482938964,0.25134090332211523,0.0,0.06390580038163533,,
112.9,6.475189520555478,8.030401029331342,7.548920004174986,0.02509699128202181,-0.0023186268669740996,0.06954065990208821,124.52671743879733,5.0393264818898516,-3198.044157707012,-888.9683201687913,2.3721579467151317,7.95797954682409,8.298252561590347,0.3091540326334612,0.0,0.06390580038163533,,
113.0,6.626468906209464,8.138931160338757,7.804541827532372,0.04311348171177749,-0.0070513092765555185,0.061405247928494104,124.76393323346885,5.045717061928015,-3193.9204577307073,-900.7561604532513,2.3721579467151317,7.973139012045738,8.310432521740116,0.36713802741429413,0.0,0.06390580038163533,-3195.849180342002,-895.8980868613683
113.10000000000001,6.879241692126888,7.880151774447515,7.531458890491635,0.019108001674675378,-0.0019878367461237324,0.04405242439842316,125.00114902814036,5.052107641966179,-3189.71353532111,-912.5397479754512,2.3721579467151317,7.988298477267388,8.322209694630146,0.4252901182489839,0.0,0.06390580038163533,,
113.2,6.377112983165563,7.852867561431148,7.532380806669678,0.02905713047407557,0.010512425691407135,0.047644428125156735,125.23836482281187,5.058498222004343,-3185.4232767494946,-924.318499559034,2.3721579467151317,8.003457942489035,8.333582430540876,0.4836075213796902,0.0,0.06390580038163533,,
113.30000000000001,6.625079431589651,7.895725250545482,7.831154534451443,0.03083012254837205,-0.0032547659032306693,0.0641859142584254,125.47558061748339,5.064888802042507,-3181.0495723478257,-936.0918304024873,2.3721579467151317,8.018617407710686,8.344549098906423,0.5420874388367523,0.0,0.06390580038163533,,
113.4,6.368772472836627,8.120900278814966,7.481008024393882,0.01992501912520065,-0.007595570788418398,0.05771206871464534,125.7127964121549,5.071279382080671,-3176.5923165248737,-947.8591541072648,2.3721579467151317,8.033776872932334,8.355108088428784,0.6007270585699525,0.0,0.06390580038163533,,
113.5,6.772179963463099,8.090171643391677,7.471506036977269,0.011060245313504472,-0.011949406569969881,0.06226788934074486,125.95001220682641,5.077669962118835,-3172.0514077821326,-959.6198827060456,2.3721579467151317,8.048936338153982,8.36525780719116,0.6595235545806699,0.0,0.06390580038163533,,
113.60000000000001,6.593521472566639,7.973752735806021,7.384125707852551,0.025921596520481042,0.0020309471501832274,0.058449907043641884,126.18722800149793,5.084060542156998,-3167.4267487295447,-971.3734266911326,2.3721579467151317,8.064095803375631,8.374996682770378,0.7184740870549002,0.0,0.06390580038163533,,
113.7,6.5352621291754,8.157864566706644,7.508328434827278,0.012014986864746249,0.001977603920704987,0.062197470312342976,126.42444379616944,5.090451122195162,-3162.7182461010284,-983.119195042988,2.3721579467151317,8.07925526859728,8.384323162348382,0.7775758024971435,0.0,0.06390580038163533,,
113.80000000000001,6.372989251593916,8.128561029604924,7.627086801210648,0.0321783590900414,0.009590773890955443,0.0687074907065938,126.66165959084096,5.096841702233326,-3157.9258107698092,-994.8565952589033,2.3721579467151317,8.094414733818928,8.39323571282283,0.8368258338651544,0.0,0.06390580038163533,,
113.9,6.760435216989988,7.923852895121581,7.666942882011711,0.014265681880851052,-0.010489045493396599,0.0642621506370889,126.89887538551247,5.10323228227149,-3153.0493577635534,-1006.585033381804,2.3721579467151317,8.109574199040578,8.401732820916768,0.8962213007055468,0.0,0.06390580038163533,,
114.0,6.703571926471071,8.025797495884078,7.845361931975325,0.031993546636003324,-0.0009322365242068315,0.06569138266978686,127.13609118018398,5.109622862309654,-3148.088806279302,-1018.3039140291874,2.3721579467151317,8.124733664262227,8.409812993287348,0.9557593092902392,0.0,0.06390580038163533,-3149.9576726457562,-1019.2180270428502
114.10000000000001,6.686632830425871,8.127870661620577,7.77390365111322,0.031667727523150974,-0.015235313340801174,0.07031999102327799,127.3733069748555,5.116013442347818,-3143.044079698201,-1030.0126404221908,2.3721579467151317,8.139893129483875,8.417474756633649,1.0154369527537557,0.0,0.06390580038163533,,
114.2,6.4195282367655215,8.116555939323753,7.770531870941033,0.018311017211979648,0.0028777779442364752,0.07617032952554392,127.61052276952701,5.1224040223859815,-3137.915105600037,-1041.710614414791,2.3721579467151317,8.155052594705523,8.42471665780353,1.0752513112313506,0.0,0.06390580038163533,,
114.30000000000001,6.666884513191663,8.181992307650127,7.633539135190195,0.03886477769025992,0.004326424817731025,0.06674763780183128,127.84773856419852,5.128794602424145,-3132.701815777563,-1053.3972365231314,2.3721579467151317,8.170212059927172,8.431537263899548,1.1351994519979645,0.0,0.06390580038163533,,
114.4,6.902678043386306,8.372072622624547,7.482713630089741,0.03956164624511472,0.0028088607881631288,0.04998026993452391,128.08495435887002,5.135185182462309,-3127.404146250625,-1065.0719059549756,2.3721579467151317,8.18537152514882,8.437935162383905,1.1952784296080052,0.0,0.06390580038163533,,
114.5,6.5445818366744115,7.990025660719127,7.742810546748944,0.03463320266029674,-0.006826637896601863,0.08130054778150898,128.32217015354152,5.141575762500473,-3122.022037280085,-1076.7340206392894,2.3721579467151317,8.200530990370467,8.443908961182458,1.255485286035945,0.0,0.06390580038163533,,
114.60000000000001,6.727192722258648,8.233476220606455,7.421553449788691,0.022272463492678453,-0.019966613323522755,0.04516607518656935,128.55938594821302,5.147966342538637,-3116.5554333815317,-1088.3829772559445,2.3721579467151317,8.215690455592116,8.449457288787752,1.3158170508177225,0.0,0.06390580038163533,,
114.7,6.768597313692191,8.371915926151804,7.477659534275788,0.0286182000564414,-0.0009033105827710001,0.06360422195948097,128.79660174288452,5.154356922576801,-3111.0042833387924,-1100.0181712655462,2.3721579467151317,8.230849920813764,8.45457879436107,1.3762707411929536,0.0,0.06390580038163533,,
114.80000000000001,6.627410745758566,8.19584595057101,7.572610102371462,0.043143394685211056,0.013521212214769021,0.05992534783716126,129.03381753755602,5.1607475026149645,-3105.3685402172323,-1111.6389969393833,2.3721579467151317,8.24600938603541,8.459272147833518,1.4368433622479282,0.0,0.06390580038163533,,
114.9,6.465815990542958,8.213785220917806,7.566908192582687,0.029773948970333766,-0.01590887394535511,0.08127575709655702,129.27103333222752,5.167138082653128,-3099.648161376848,-1123.2448473894967,2.3721579467151317,8.26116885125706,8.46353604000613,1.4975319070594142,0.0,0.06390580038163533,,
115.0,6.850179435764109,8.223977493210292,7.790310696051719,0.022697978874774677,-0.013801907887154493,0.07653920712074572,129.50824912689902,5.173528662691292,-3093.8431084851477,-1134.8351145988684,2.3721579467151317,8.276328316478708,8.467369182648955,1.5583333568392215,0.0,0.06390580038163533,-3096.6101389670225,-1128.5319769081893
115.10000000000001,6.731242251168306,8.249662242424282,7.8423190183213345,0.035639753648819064,0.010066682793213473,0.06758834423767779,129.74546492157052,5.179919242729456,-3087.9533475298254,-1146.4091894517255,2.3721579467151317,8.291487781700354,8.470770308599187,1.61924468107956,0.0,0.06390580038163533,,
115.2,6.482427727291547,8.107620578869371,7.583835253474486,0.011333040078019753,0.0020765420941706463,0.0584505189655484,129.98268071624202,5.18630982276762,-3081.9788488312183,-1157.9664617639623,2.3721579467151317,8.306647246922003,8.473738171858262,1.6802628376991589,0.0,0.06390580038163533,,
115.30000000000001,6.680956763073387,8.07767243955151,7.601068273129427,0.014424861463875277,0.010023032333167797,0.06067619992096015,130.21989651091351,5.192700402805784,-3075.919587054557,-1169.5063203136742,2.3721579467151317,8.321806712143651,8.476271547687956,1.7413847731901462,0.0,0.06390580038163533,,
115.4,6.647939165574331,8.18233421682575,7.741265503834261,0.03994686370364871,0.0202512713887413,0.041592392204268,130.457112305585,5.1990909828439476,-3069.775541221997,-1181.028152871807,2.3721579467151317,8.336966177365298,8.478369232705472,1.8026074227656865,0.0,0.06390580038163533,,
115.5,6.631528871576793,8.586213050927848,7.708984872929651,0.021885912774291964,0.00376573133557816,0.06193155532689957,130.6943281002565,5.205481562882111,-3063.5466947244404,-1192.531346232915,2.3721579467151317,8.352125642586946,8.480030044977505,1.863927710508372,0.0,0.06390580038163533,,
115.60000000000001,6.799277008197804,8.23873308325342,7.686253239848283,0.0533110201920291,-0.016249064535559247,0.06866480703783509,130.931543894928,5.211872142920275,-3057.233035333137,-1204.0152862460316,2.3721579467151317,8.367285107808595,8.481252824113287,1.9253425495193413,0.0,0.06390580038163533,,
115.7,6.602838210147069,8.408873547356771,7.513477056342082,0.016274655524203905,0.0032149704077104354,0.056182089554439124,131.1687596895995,5.218262722958439,-3050.834555211075,-1215.4793578456452,2.3721579467151317,8.382444573030241,8.482036431356587,1.986848842068143,0.0,0.06390580038163533,,
115.80000000000001,6.676917204775222,8.381425575223295,7.428615294728387,0.031192496786288753,-0.012898341918817134,0.059281894822177376,131.405975484271,5.224653302996603,-3044.3512509241486,-1226.9229450827845,2.3721579467151317,8.39760403825189,8.482379749676694,2.0484434797433275,0.0,0.06390580038163533,,
115.9,6.653613360935906,8.531870960407105,7.6917330100484484,0.031299778507757815,-9.554022357437487e-05,0.07484300154100905,131.6431912789425,5.231043883034767,-3037.783123452113,-1238.345431156207,2.3721579467151317,8.412763503473537,8.482281683858337,2.1101233436037465,0.0,0.06390580038163533,,
116.0,6.566689252949618,8.381851168770414,7.338787945119506,0.03363929298295871,0.0063279651496828525,0.08274869673279771,131.880407073614,5.237434463072931,-3031.1301781993157,-1249.7461984436939,2.3721579467151317,8.427922968695185,8.48174116059058,2.171885304330582,0.0,0.06390580038163533,-3037.3766937409546,-1248.4051732488908
116.10000000000001,6.66931578534683,8.41718404776162,7.8464523058202555,0.02737026710409271,2.0392738269400997e-05,0.04774416085281076,132.1176228682855,5.243825043111094,-3024.3924250052096,-1261.1246285334437,2.3721579467151317,8.443082433916834,8.480757128554647,2.233726222380066,0.0,0.06390580038163533,,
116.2,6.780678281578491,8.659417668599087,7.524840103127659,0.02747174258978188,0.0016951590345183401,0.0599437687035932,132.354838662957,5.250215623149258,-3017.5698781546475,-1272.4801022555705,2.3721579467151317,8.45824189913848,8.479328558510677,2.2956429481369054,0.0,0.06390580038163533,,
116.30000000000001,6.266622610534072,8.534407263022354,7.4901808245727315,0.021944693639790524,0.0014937495132222778,0.05879982513906065,132.5920544576285,5.256606203187422,-3010.66255638795,-1283.8119997136976,2.3721579467151317,8.473401364360129,8.477454443383474,2.357632322068402,0.0,0.06390580038163533,,
116.4,6.54627731964559,8.620002226224731,7.615048002418532,0.025662558842559753,-0.0058232938016856564,0.0560794069788095,132.8292702523,5.262996783225586,-3003.6704829107566,-1295.119700316652,2.3721579467151317,8.488560829581777,8.475133798347098,2.4196911748792433,0.0,0.06390580038163533,,
116.5,6.723392562439944,8.509740910945395,7.426412913833699,0.025872436847874023,-0.015127942390658762,0.06854175745259267,133.0664860469715,5.26938736326375,-2996.5936854036486,-1306.4025828102526,2.3721579467151317,8.503720294803424,8.472365660908466,2.4818163276669827,0.0,0.06390580038163533,,
116.60000000000001,6.7003210489007134,8.735318795293756,7.802854030640816,0.04700372253011413,0.01098995305672271,0.06945952614471666,133.303701841643,5.275777943301914,-2989.432196031551,-1317.6600253091945,2.3721579467151317,8.518879760025072,8.46914909098982,2.544004592078182,0.0,0.06390580038163533,,
116.7,6.720458671183701,8.366406377981532,7.766882703504257,0.020771010022441336,-0.008724303284954113,0.05356705176429151,133.5409176363145,5.2821685233400775,-2982.1860514529085,-1328.8914053290252,2.3721579467151317,8.53403922524672,8.465483171010135,2.6062527704652165,0.0,0.06390580038163533,,
116.80000000000001,6.67597599563648,8.688926222452583,7.67436243787312,0.032041696307942596,0.0011419375404072118,0.06708480362947791,133.778133430986,5.288559103378241,-2974.8552928286354,-1340.0960998182131,2.3721579467151317,8.549198690468367,8.461367005965418,2.6685576560437307,0.0,0.06390580038163533,,
116.9,6.743397438529329,8.512870699895602,7.344560460999793,0.01098115062314177,-6.877679463362211e-05,0.050771341127865646,134.0153492256575,5.294949683416405,-2967.439965830838,-1351.2734851903044,2.3721579467151317,8.564358155690016,8.456799723507954,2.730916033050751,0.0,0.06390580038163533,,
117.0,6.55914852497553,8.670463019442602,7.772679880829025,0.009528285391966616,0.014753392599383613,0.05163365721534427,134.252565020329,5.301340263454569,-2959.9401206513135,-1362.4229373561698,2.3721579467151317,8.579517620911663,8.451780474024385,2.793324676903419,0.0,0.06390580038163533,-2955.0246057599193,-1358.6437821174566
117.10000000000001,6.563692537035028,8.456949630588767,7.602328739258937,0.033285394812323336,0.02109114089821564,0.08388781116160181,134.4897808150005,5.307730843492733,-2952.355812009815,-1373.5438317563367,2.3721579467151317,8.594677086133311,8.446308430712762,2.8557803543583793,0.0,0.06390580038163533,,
117.2,6.44213079297406,8.44933228177936,7.795050249642911,0.015404407363569027,0.005056435476863816,0.057454066861694894,134.726996609672,5.314121423530897,-2944.687099162093,-1384.635543393407,2.3721579467151317,8.60983655135496,8.44038278965841,2.918279823671768,0.0,0.06390580038163533,,
117.30000000000001,6.3701391294809255,8.674643304891358,7.60992375557861,0.03423442700190919,-0.013418540415085264,0.073798284528799,134.9642124043435,5.3205120035690605,-2936.934045907704,-1395.6974468645585,2.3721579467151317,8.624996016576606,8.43400276990875,2.9808198347598287,0.0,0.06390580038163533,,
117.4,6.617688580806238,8.827132043145575,7.898650252836516,0.041676053233723,-0.01774160491936127,0.0578514718895958,135.201428199015,5.326902583607224,-2929.096720597589,-1406.7289163941261,2.3721579467151317,8.640155481798255,8.42716761354695,3.043397129360144,0.0,0.06390580038163533,,
117.5,6.643742411054244,8.598431229891576,7.83927926939288,0.034269336416323376,-0.007751804737983481,0.04892654179600935,135.4386439936865,5.333293163645388,-2921.1751961414234,-1417.7293258662664,2.3721579467151317,8.655314947019903,8.419876585764483,3.1060084411934437,0.0,0.06390580038163533,,
117.60000000000001,6.833486433761715,8.690238951990779,7.555887268892795,0.03326291207469614,0.00019778855303549886,0.053537429167617716,135.675859788358,5.339683743683552,-2913.1695500147325,-1428.6980488576985,2.3721579467151317,8.67047441224155,8.41212897493253,3.1686504961260367,0.0,0.06390580038163533,,
117.7,6.779131699019032,8.699550320363063,7.556485964495782,0.04185128377837391,-0.003987601793286166,0.06480380595757915,135.9130755830295,5.346074323721716,-2905.0798642657746,-1439.634458670522,2.3721579467151317,8.685633877463198,8.403924092672284,3.2313200123328,0.0,0.06390580038163533,,
117.80000000000001,6.835482411118566,8.512331947966697,7.720399506246962,0.04477227119628309,-0.01821154732762185,0.07100895357012443,136.150291377701,5.35246490375988,-2896.906225522193,-1450.5379283651118,2.3721579467151317,8.700793342684847,8.395261273924088,3.294013700460761,0.0,0.06390580038163533,,
117.9,6.8796913447146375,8.495353836678927,7.4758509600172065,0.0184225982452381,-0.007532314261800136,0.06679472146669073,136.3875071723725,5.3588554837980436,-2888.6487249974316,-1461.407830793084,2.3721579467151317,8.715952807906493,8.386139877015435,3.3567282637932427,0.0,0.06390580038163533,,
118.0,6.550963994211272,8.712340509239976,7.685944192154751,0.03832016747116135,-0.001882101474058143,0.04598467066782899,136.624722967044,5.365246063836207,-2880.3074584969177,-1472.2435386303364,2.3721579467151317,8.731112273128142,8.37655928372784,3.4194603984145733,0.0,0.06390580038163533,-2882.8692882997866,-1472.7012556253444
118.10000000000001,6.516784927406176,8.748256109023162,7.385853672074511,0.04725789757858745,-0.003264315629156524,0.06902423460276899,136.8619387617155,5.371636643874371,-2871.882526424009,-1483.0444244101573,2.3721579467151317,8.74627173834979,8.366518899362543,3.482206793375345,0.0,0.06390580038163533,,
118.2,6.695450751584424,8.914632720628545,7.736802626516021,0.03186666255397385,-0.00831672913013681,0.06763319678214856,137.099154556387,5.378027223912535,-2863.3740337857057,-1493.8098605564041,2.3721579467151317,8.761431203571437,8.356018152805058,3.5449641308582183,0.0,0.06390580038163533,,
118.30000000000001,6.661899583096369,8.833096510969664,7.842869645372208,0.008245476269246238,-0.010009504083318197,0.06273126261556368,137.3363703510585,5.384417803950699,-2854.7820901981236,-1504.539219416749,2.3721579467151317,8.776590668793085,8.34505649658857,3.607729086344274,0.0,0.06390580038163533,,
118.4,6.769806302107536,9.086695758727783,7.711164728658977,0.02053850609935334,0.00023662619458500025,0.07185405424812599,137.57358614573,5.390808383988863,-2846.1068098917317,-1515.2318732959886,2.3721579467151317,8.791750134014732,8.333633406956174,3.6704983287798725,0.0,0.06390580038163533,,
118.5,6.599219623692449,8.960176867025199,7.934552686963819,0.03126371851789345,0.006444199529303684,0.07163105857636692,137.8108019404015,5.397198964027027,-2837.348311716354,-1525.8871944894202,2.3721579467151317,8.80690959923638,8.321748383921921,3.733268520744063,0.0,0.06390580038163533,,
118.60000000000001,6.820893711393491,8.802862839489187,7.58094259779061,0.02970588994805943,-0.013578004574032835,0.0441725247708925,138.048017735073,5.40358954406519,-2828.50671914593,-1536.5045553162754,2.3721579467151317,8.822069064458029,8.309400951330717,3.7960363186164723,0.0,0.06390580038163533,,
118.7,6.204796940360277,8.955527988360664,7.712506514519494,0.026635560888146455,0.009228042047541435,0.049023571505280424,138.2852335297445,5.409980124103354,-2819.5821602830365,-1547.0833281532196,2.3721579467151317,8.837228529679676,8.296590656917036,3.8587983727457287,0.0,0.06390580038163533,,
118.80000000000001,6.589756307751376,8.678702477684741,7.78596256648931,0.030125593948004407,0.0009266398232776736,0.07841111449444317,138.522449324416,5.416370704141518,-2810.574767863172,-1557.6228854679052,2.3721579467151317,8.852387994901324,8.283317072362463,3.9215513276183698,0.0,0.06390580038163533,,
118.9,6.401911712008909,8.719358163528295,7.803945005461117,0.018958109292222657,-0.01255544025511814,0.06690927683098831,138.7596651190875,5.422761284179682,-2801.4846792587996,-1568.1225998525852,2.3721579467151317,8.867547460122973,8.269579793352024,3.9842918220282297,0.0,0.06390580038163533,,
119.0,6.753056812346682,8.905198014443876,7.892485259376871,0.03940176870353318,-0.0038408202849632396,0.04524374613088076,138.996880913759,5.429151864217846,-2792.3120364831498,-1578.5818440577787,2.3721579467151317,8.88270692534462,8.255378439629368,4.047016489246321,0.0,0.06390580038163533,-2794.9162389705352,-1576.030419884765
119.10000000000001,6.497339592863058,8.862846089253308,7.54482536191927,0.02557836285813487,0.005426136503292846,0.0507457213997492,139.23409670843049,5.43554244425601,-2783.056986193782,-1588.9999910259946,2.3721579467151317,8.897866390566268,8.240712655050727,4.1097219571911845,0.0,0.06390580038163533,,
119.2,6.469020321441259,8.819262165946926,7.494695380132276,0.02889162178459006,-0.00020887871961203987,0.05400286307476934,139.47131250310198,5.4419330242941735,-2773.7196796959033,-1599.3764139255024,2.3721579467151317,8.913025855787916,8.225582107637695,4.1724048485997,0.0,0.06390580038163533,,
119.30000000000001,6.867770693222988,9.096799388255752,7.874119235064913,0.04041622883358656,-0.010242881144703965,0.058281088267836005,139.70852829777348,5.448323604332337,-2764.300272945448,-1609.7104861841551,2.3721579467151317,8.928185321009563,8.209986489628802,4.235061781198347,0.0,0.06390580038163533,,
119.4,6.58313899527642,8.962660226075332,7.648486888069344,0.02565307013758654,-0.002018660852192935,0.06219047833280213,139.94574409244498,5.454714184370501,-2754.79892655191,-1620.0015815232616,2.3721579467151317,8.943344786231211,8.193925517529893,4.297689367874931,0.0,0.06390580038163533,,
119.5,6.673555314792745,8.904829424883086,7.603725426112633,0.041709018865844785,-0.007820686588647353,0.07125145877060016,140.18295988711648,5.461104764408665,-2745.215805780938,-1630.2490739915038,2.3721579467151317,8.95850425145286,8.177398932163282,4.360284216850726,0.0,0.06390580038163533,,
119.60000000000001,6.505870747775446,8.71761005287808,7.7677621347613375,0.040248686467325455,0.0229707333513032,0.0712302879692279,140.42017568178798,5.467495344446829,-2735.551080556681,-1640.4523379988996,2.3721579467151317,8.973663716674507,8.16040649871572,4.422842931853054,0.0,0.06390580038163533,,
119.7,6.727284920905415,9.085525553513722,7.954891032989663,0.02619049039275388,0.014624446551792167,0.06308453485531568,140.65739147645948,5.473885924484993,-2725.8049254638927,-1650.610748350809,2.3721579467151317,8.988823181896155,8.142948006785137,4.485362112288306,0.0,0.06390580038163533,,
119.80000000000001,6.549468387745957,8.99416694912377,7.571637009583351,0.01370354543953025,0.01591968315674774,0.057046747386865215,140.89460727113098,5.4802765045231565,-2715.977519749792,-1660.7236802819816,2.3721579467151317,9.003982647117802,8.125023270426164,4.54783835341534,0.0,0.06390580038163533,,
119.9,6.622945883031136,8.938826307777594,7.704888557324887,0.03373265683929888,-0.0022078998053761886,0.05514047195204066,141.13182306580248,5.48666708456132,-2706.069047325677,-1670.7905094906446,2.3721579467151317,9.01914211233945,8.106632128194443,4.6102682465193165,0.0,0.06390580038163533,,
120.0,4.540124589088664,-0.033785569779890064,9.110487286616731,-0.0007655057212538544,0.005853369972288234,-0.003772059935798413,141.36903886047398,5.493057664599484,-2696.12013564051,-1680.833975414522,0.0,0.0,0.0,0.0,0.0,0.0,-2694.459692158034,-1682.8938703576355
