time,accel_x,accel_y,accel_z,gyro_x,gyro_y,gyro_z,true_speed,true_heading,true_x,true_y,true_accel_x_vehicle,true_accel_y_vehicle,true_accel_x_world,true_accel_y_world,true_accel_z_world,true_yaw_rate,gnss_x,gnss_y
0.0,4.767608247440125,-0.0190497120477074,8.523278206145287,0.026105061471621886,-0.010400414716163374,0.03971815476838069,0.0,0.0,0.0,0.0,0.0,0.0,0.0,0.0,0.0,0.05144769773887896,6.068069896489142,6.998172368227183
0.1,4.8971807789644854,-0.14277050942180902,8.814792063719347,0.03838249587945591,-0.009047780078453043,0.05385358028038913,0.0,0.005144769773887896,-0.0016971973984626439,-8.731766915446052e-06,0.0,0.0,0.0,0.0,0.0,0.05144769773887896,,
0.2,5.019618942979689,0.08484736583425799,8.318707508665076,0.019241165727939286,-0.0056685863496597965,0.04954748355073195,0.0,0.010289539547775792,-0.0033943274129754316,-2.6195069628712954e-05,0.0,0.0,0.0,0.0,0.0,0.05144769773887896,,
0.30000000000000004,4.860205221494636,0.10661631054359565,8.446995553811364,0.01618745092762436,-0.01278586919741512,0.05864180177977316,0.0,0.015434309321663689,-0.005091345122886861,-5.238944591066765e-05,0.0,0.0,0.0,0.0,0.0,0.05144769773887896,,
0.4,5.101842179596239,0.25923823115615674,8.285417533384445,0.03068429481295691,-0.0038996672169541303,0.05502125999710898,0.0,0.020579079095551584,-0.006788205610517972,-8.731420243290381e-05,0.0,0.0,0.0,0.0,0.0,0.05144769773887896,,
0.5,4.748544672882918,0.17815182664133744,8.459881188626015,0.03322120235311401,0.00748894765242908,0.05444632391887847,0.0,0.02572384886943948,-0.008484863962351262,-0.00013096841478609322,0.0,0.0,0.0,0.0,0.0,0.05144769773887896,,
0.6000000000000001,5.057042850632454,0.2193762350374768,8.658226639638963,0.02509737353495568,0.00887322428271976,0.055112795498241135,0.0,0.030868618643327374,-0.010181275270219475,-0.00018335092750445365,0.0,0.0,0.0,0.0,0.0,0.05144769773887896,,
0.7000000000000001,4.691261949555638,0.1121458856272573,8.693162923023213,0.02115342674047898,-0.014849423491900531,0.04457783525298925,0.0,0.03601338841721527,-0.011877394632494266,-0.0002444603540963324,0.0,0.0,0.0,0.0,0.0,0.05144769773887896,,
0.8,4.925603388418877,-0.10258094143081659,8.323790055050045,0.028407543788970063,-0.03148913647430024,0.07104893789337136,0.0,0.04115815819110317,-0.013573177155274679,-0.00031429507708090473,0.0,0.0,0.0,0.0,0.0,0.05144769773887896,,
0.9,4.988095836488162,-0.07011002699946765,8.442824303637634,0.00806565613214191,-0.0020657590796838753,0.036898352691354976,0.0,0.04630292796499107,-0.015268577953575425,-0.0003928532480309864,0.0,0.0,0.0,0.0,0.0,0.05144769773887896,,
1.0,4.776883533572791,0.06487073128306417,8.323544585922976,0.028396804007360107,0.009301076510053947,0.04350759464820745,0.0,0.051447697738878966,-0.01696355215251493,-0.00048013278762195895,0.0,0.0,0.0,0.0,0.0,0.05144769773887896,1.1977968265868328,1.2285697264363786
1.1,4.678492709355809,0.14158837796360227,8.352870723819724,0.012868705928192913,-0.002638914821778946,0.03681032086900081,0.0,0.056592467512766864,-0.018658054888503108,-0.0005761313856868063,0.0,0.0,0.0,0.0,0.0,0.05144769773887896,,
1.2000000000000002,4.889529648079914,0.027091495737732684,8.428085065635429,0.049203650141566524,-0.0029622708228228423,0.062034154835347084,0.0,0.06173723728665476,-0.02035204131042883,-0.0006808465012772619,0.0,0.0,0.0,0.0,0.0,0.05144769773887896,,
1.3,4.980063108305687,0.11984692974831263,8.720283960849184,0.01606265981726316,-0.0024807927595379225,0.031221883750744965,0.0,0.06688200706054266,-0.022045466580847082,-0.0007942753627310641,0.0,0.0,0.0,0.0,0.0,0.05144769773887896,,
1.4000000000000001,5.113052687621217,0.06389297272247078,8.342034362365252,0.04842264906090746,-0.0020556313326623647,0.0538900480839123,0.0,0.07202677683443055,-0.02373828587716574,-0.0009164149677453177,0.0,0.0,0.0,0.0,0.0,0.05144769773887896,,
1.5,4.970152178718089,0.05730885085044886,8.723006034041196,0.029238121712829673,0.01031206566246614,0.04251387006438842,0.0,0.07717154660831844,-0.025430454392831967,-0.0010472620834559613,0.0,0.0,0.0,0.0,0.0,0.05144769773887896,,
1.6,4.898406321164885,-0.2947978432091724,8.375266061748999,0.00938587426952565,-0.001239132942307241,0.024737033548132017,0.0,0.08231631638220634,-0.027121927338518172,-0.0011868132465233364,0.0,0.0,0.0,0.0,0.0,0.05144769773887896,,
1.7000000000000002,4.877163870573601,-0.31191201208919644,8.404800952014469,0.025059728727570688,-0.007631313281505293,0.0400454415670813,0.0,0.08746108615609423,-0.028812659943307537,-0.0013350647632238567,0.0,0.0,0.0,0.0,0.0,0.05144769773887896,,
1.8,4.91052556527011,0.060760680650905896,8.396876142641428,0.038816347279507814,-0.012247147403198424,0.05119279378854053,0.0,0.09260585592998212,-0.03050260745587902,-0.0014920127095477767,0.0,0.0,0.0,0.0,0.0,0.05144769773887896,,
1.9000000000000001,5.024581673391453,-0.1341368574586007,8.491546812872796,0.018926861223710612,0.006121662036885228,0.04003869738083063,0.0,0.09775062570387001,-0.032191725145691866,-0.0016576529313030543,0.0,0.0,0.0,0.0,0.0,0.05144769773887896,,
2.0,5.0440532592830625,-0.026222763367296908,8.327150557539694,0.04147797179399657,-0.004732853202961952,0.04647322961372814,0.0,0.1028953954777579,-0.033879968304169575,-0.001831981044225306,0.0,0.0,0.0,0.0,0.0,0.05144769773887896,-2.6015391694750365,-7.745064116916969
2.1,4.849581586496115,0.17201651033595333,8.695000864849622,0.0035640916554861776,-0.01374132704440394,0.03140660762302036,0.0,0.1080401652516458,-0.03556729224588326,-0.002014992434093853,0.0,0.0,0.0,0.0,0.0,0.05144769773887896,,
2.2,5.033911394888387,0.2733205395505885,8.467593421371532,0.02134409484048379,0.0049937723683022486,0.03909986500336296,0.0,0.11318493502553369,-0.03725365230973442,-0.0022066822568538526,0.0,0.0,0.0,0.0,0.0,0.05144769773887896,,
2.3000000000000003,5.081100150521329,0.006379534986880667,8.620533284398945,0.017906233245491152,-0.0038678664585668353,0.0500503906752961,0.0,0.11832970479942158,-0.038939003860137024,-0.0024070454387445134,0.0,0.0,0.0,0.0,0.0,0.05144769773887896,,
2.4000000000000004,5.027635806938562,-0.03849750049060145,8.450410942946387,0.017391729605036516,0.017109359817847385,0.042082690830512616,0.0,0.12347447457330947,-0.04062330228819901,-0.0026160766764333917,0.0,0.0,0.0,0.0,0.0,0.05144769773887896,,
2.5,5.232154475571942,0.1211920567472851,8.256790200984565,0.03666718329600352,-0.009894692198227735,0.02462716477853825,0.0,0.12861924434719738,-0.04230650301290298,-0.002833770437156762,0.0,0.0,0.0,0.0,0.0,0.05144769773887896,,
2.6,4.868152652008907,-0.017275112248911425,8.387262768364808,0.019047959607334675,-0.0042982551935170175,0.043160837212191834,0.0,0.13376401412108527,-0.04398856148228618,-0.003060120958866062,0.0,0.0,0.0,0.0,0.0,0.05144769773887896,,
2.7,5.025495701345939,-0.11806071834141961,8.461175169768719,0.021583457164635098,-0.01130813374778705,0.04488890908998287,0.0,0.13890878389497316,-0.04566943317461978,-0.0032951222503804062,0.0,0.0,0.0,0.0,0.0,0.05144769773887896,,
2.8000000000000003,4.967250028003078,0.17533233438944132,8.279919726969108,0.042712565547611034,-0.011731919996327108,0.03657937728315171,0.0,0.14405355366886105,-0.04734907359958726,-0.003538768091545164,0.0,0.0,0.0,0.0,0.0,0.05144769773887896,,
2.9000000000000004,4.9406477468666425,-0.23380334865577487,8.564646949992724,0.011719684880355291,0.012924957819593162,0.057138018404598014,0.0,0.14919832344274894,-0.04902743829946203,-0.0037910520333965976,0.0,0.0,0.0,0.0,0.0,0.05144769773887896,,
3.0,5.009886473401212,0.02908391736027944,8.549576912255233,0.01063326720483776,0.0003899841421900626,0.04696477489201958,0.0,0.15434309321663683,-0.05070448285028415,-0.004051967398332558,0.0,0.0,0.0,0.0,0.0,0.05144769773887896,2.9308765274495805,-5.43839060056369
3.1,4.696981713197581,0.08158566138547181,8.373128683591377,0.030557856110108517,-0.001352095791363509,0.05451104856727273,0.0,0.15948786299052473,-0.05238016286303617,-0.004321507280289232,0.0,0.0,0.0,0.0,0.0,0.05144769773887896,,
3.2,5.198148804018475,0.057725947061231506,8.732430045029927,0.012621644570005627,-0.002249948078122055,0.05260673209955608,0.0,0.16463263276441262,-0.05405443398481806,-0.004599664544923936,0.0,0.0,0.0,0.0,0.0,0.05144769773887896,,
3.3000000000000003,5.214989811933448,-0.0504094472108384,8.37190060793086,0.018000152239458733,0.011304313277724534,0.04451814996253603,0.0,0.1697774025383005,-0.05572725190002114,-0.004886431829803949,0.0,0.0,0.0,0.0,0.0,0.05144769773887896,,
3.4000000000000004,4.861949160636324,0.09337217193827871,8.70424619125998,0.03301168357173703,-0.0015209023701981336,0.04622867522447515,0.0,0.1749221723121884,-0.057398572331501085,-0.00518180154460139,0.0,0.0,0.0,0.0,0.0,0.05144769773887896,,
3.5,4.853861325077983,-0.008514752471958539,8.200913898025783,0.01940193916165474,-0.00655625419483972,0.051680100790443405,0.0,0.1800669420860763,-0.05906835104174986,-0.005485765871294123,0.0,0.0,0.0,0.0,0.0,0.05144769773887896,,
3.6,5.160854572902097,0.06968213336868867,8.931518398093381,0.031201441073427996,-0.0144463595008366,0.05929044741395498,0.0,0.18521171185996418,-0.06073654383406663,-0.005798316764372686,0.0,0.0,0.0,0.0,0.0,0.05144769773887896,,
3.7,4.869857716709449,-0.00034540538899147447,8.366334026668817,0.020717357857227073,0.015038059113878753,0.040276022629986176,0.0,0.19035648163385208,-0.062403106553727584,-0.006119445951053248,0.0,0.0,0.0,0.0,0.0,0.05144769773887896,,
3.8000000000000003,5.001716156077911,0.008202873659230977,8.617019481809717,0.028840904295236752,-0.004616081374139532,0.0544058266638823,0.0,0.19550125140773997,-0.06406799508915464,-0.006449144931496573,0.0,0.0,0.0,0.0,0.0,0.05144769773887896,,
3.9000000000000004,4.947762116683417,-0.02896842611014516,8.323534618910294,0.01578932858736888,0.00720113626331803,0.04844623125230701,0.0,0.20064602118162786,-0.06573116537308304,-0.006787404979033005,0.0,0.0,0.0,0.0,0.0,0.05144769773887896,,
4.0,4.914901176566697,-0.09690284089155864,8.41756360755464,0.03360254181482418,-0.005929554910526031,0.03377304337325519,0.0,0.20579079095551575,-0.06739257338372773,-0.007134217140393448,0.0,0.0,0.0,0.0,0.0,0.05144769773887896,-3.889899746106524,2.0425178654645664
4.1000000000000005,4.874754350509674,0.1317577551294787,8.648613541834825,0.031722027680551275,0.021234352565435904,0.06310403832349376,0.0,0.21093556072940364,-0.06905217514594854,-0.007489572235946343,0.0,0.0,0.0,0.0,0.0,0.05144769773887896,,
4.2,4.828927909557232,0.11118227343169293,8.530150028367515,0.008694462077542691,-0.01667082421510643,0.03406954830426148,0.0,0.21608033050329153,-0.07070992673241418,-0.007853460859940646,0.0,0.0,0.0,0.0,0.0,0.05144769773887896,,
4.3,4.802819450552548,-0.15211198574216206,8.74588678874444,0.0294159340784542,0.022577126912933915,0.04341581268725023,0.0,0.22122510027717943,-0.07236578426476492,-0.008225873380754782,0.0,0.0,0.0,0.0,0.0,0.05144769773887896,,
4.4,5.155474050866322,-0.24400805230459485,8.360047945097563,0.037936012303275826,0.00992200632895909,0.040166106003696,0.0,0.22636987005106732,-0.07401970391477398,-0.008606799941151579,0.0,0.0,0.0,0.0,0.0,0.05144769773887896,,
4.5,5.029216100637708,0.007957238908818309,8.287124457385259,0.02997367424362356,-0.005457184773619883,0.03482547639044983,0.0,0.2315146398249552,-0.07567164190550761,-0.008996230458539178,0.0,0.0,0.0,0.0,0.0,0.05144769773887896,,
4.6000000000000005,5.0254454999378,-0.04142637359857368,8.752910521440812,0.028048264809112943,-0.014416521408598861,0.05595463705003427,0.0,0.2366594095988431,-0.07732155451248379,-0.009394154625237905,0.0,0.0,0.0,0.0,0.0,0.05144769773887896,,
4.7,5.210550595851383,-0.19319205641808385,8.446689844870154,0.019629507027532772,0.009813330222902924,0.05775566867448007,0.0,0.241804179372731,-0.0789693980648296,-0.009800561908753098,0.0,0.0,0.0,0.0,0.0,0.05144769773887896,,
4.800000000000001,4.862938765936725,-0.29654851994787457,8.352551661082547,0.043460867491022806,-0.0097480725844531,0.04524240826244282,0.0,0.24694894914661888,-0.08061512894643705,-0.010215441552053891,0.0,0.0,0.0,0.0,0.0,0.05144769773887896,,
4.9,4.989911320005373,-0.183422481280962,8.53632779897101,0.027468373349378048,-0.02514568720485003,0.043332912536228674,0.0,0.2520937189205068,-0.08225870359711761,-0.010638782573857933,0.0,0.0,0.0,0.0,0.0,0.05144769773887896,,
5.0,4.956862028067942,0.007415023768697982,8.712072984485436,0.031143143908333643,0.010272531837089963,0.05018750622604994,0.0,0.2572384886943947,-0.08390007851375517,-0.011070573768922053,0.0,0.0,0.0,0.0,0.0,0.05144769773887896,4.6720924858605395,0.11875564642393578
5.1000000000000005,4.803576706002505,-0.09621679366126097,8.546716786355969,0.018251407673872188,-0.013835162647271058,0.02421682670025072,0.0,0.2623832584682826,-0.08553921025145746,-0.011510803708338842,0.0,0.0,0.0,0.0,0.0,0.05144769773887896,,
5.2,4.917662842276204,0.09539343065113672,8.338697705013477,0.04951889417413915,0.01698431517528865,0.050297748252495535,0.0,0.2675280282421705,-0.08717605542470602,-0.011959460739839164,0.0,0.0,0.0,0.0,0.0,0.05144769773887896,,
5.300000000000001,5.009682008545566,0.2683549126385384,8.313293926284839,0.037200111942592276,0.00538223441884224,0.045899667254708454,0.0,0.27267279801605837,-0.08881057070850458,-0.012416532988100571,0.0,0.0,0.0,0.0,0.0,0.05144769773887896,,
5.4,4.835531361079804,0.1387579603335753,8.5038889440845,0.015440643392957093,0.01955291504904021,0.051074631059582376,0.0,0.27781756778994626,-0.09044271283952574,-0.01288200835506163,0.0,0.0,0.0,0.0,0.0,0.05144769773887896,,
5.5,4.833368439972309,-0.08347671187502576,8.388857553365368,0.0385796651746979,0.012070094486139531,0.06820721719244588,0.0,0.28296233756383415,-0.09207243861725613,-0.01335587452024214,0.0,0.0,0.0,0.0,0.0,0.05144769773887896,,
5.6000000000000005,5.005548095537781,0.028255350815913606,8.227828805139346,0.03198103300033151,-0.0033595104335062903,0.045740632087402214,0.0,0.28810710733772205,-0.09369970490513987,-0.013838118941069236,0.0,0.0,0.0,0.0,0.0,0.05144769773887896,,
5.7,4.84036013242615,-0.1514182069862693,8.381966488967688,0.03566006780899432,0.009316510814602871,0.043574764131429,0.0,0.29325187711160994,-0.09532446863172035,-0.01432872885320938,0.0,0.0,0.0,0.0,0.0,0.05144769773887896,,
5.800000000000001,4.8029276379836245,0.19297407003919015,8.590715910314554,0.02558100587261202,0.011392468505713658,0.031247528729410567,0.0,0.29839664688549783,-0.0969466867917802,-0.014827691270906208,0.0,0.0,0.0,0.0,0.0,0.05144769773887896,,
5.9,5.319560061351807,0.13202750495898335,8.68207580723179,0.028214934614622624,-0.007669706753380153,0.05766596867834532,0.0,0.3035414166593857,-0.09856631644747967,-0.015334992987324244,0.0,0.0,0.0,0.0,0.0,0.05144769773887896,,
6.0,4.680805216073603,0.015339726690852918,8.254030565097647,0.025599644946565338,-0.015509044237125248,0.048593158625245124,0.0,0.3086861864332736,-0.10018331472949304,-0.015850620574898472,0.0,0.0,0.0,0.0,0.0,0.05144769773887896,-4.538205906542904,-1.8214331501373913
6.1000000000000005,5.353898892765012,0.18515950785146545,8.624377344820106,0.03475074909630928,-0.023549036810895235,0.04090050486320476,0.0,0.3138309562071615,-0.10179763883814343,-0.016374560385689744,0.0,0.0,0.0,0.0,0.0,0.05144769773887896,,
6.2,4.738907146740352,-0.24095792396480423,8.439144115438344,0.025530707611731783,0.010841589593447973,0.04860223685124131,0.0,0.3189757259810494,-0.10340924604453551,-0.016906798551746018,0.0,0.0,0.0,0.0,0.0,0.05144769773887896,,
6.300000000000001,4.95612856506295,-0.4565243657334057,8.395959183450666,0.03296544347813015,0.0060954606772324615,0.05678294314011957,0.0,0.3241204957549373,-0.10501809369168659,-0.017447320985469424,0.0,0.0,0.0,0.0,0.0,0.05144769773887896,,
6.4,4.81345856820408,-0.2119420390301748,8.582701038713179,0.037245331162183606,0.0066619828401948775,0.06086688626247232,0.0,0.3292652655288252,-0.10662413919565562,-0.01799611337998915,0.0,0.0,0.0,0.0,0.0,0.05144769773887896,,
6.5,4.8963631551138285,-0.14705271488938465,8.488037932234905,0.021355972211364524,0.002085440909970359,0.049915787679705795,0.0,0.33441003530271307,-0.10822734004667037,-0.01855316120954011,0.0,0.0,0.0,0.0,0.0,0.05144769773887896,,
6.6000000000000005,4.947600654595902,-0.011446420078388402,8.414248714587247,0.012792896863809387,0.0014835077926951806,0.047243373570147754,0.0,0.33955480507660096,-0.10982765381025256,-0.019118449729847442,0.0,0.0,0.0,0.0,0.0,0.05144769773887896,,
6.7,5.035664494889714,-0.26458888089550303,8.64549425225521,0.02389707000118041,0.0013812098987562925,0.034791435772571176,0.0,0.34469957485048885,-0.11142503812834108,-0.019691963978516747,0.0,0.0,0.0,0.0,0.0,0.05144769773887896,,
6.800000000000001,4.93443031929605,-0.06508611115761453,8.565670547862206,0.0420020416424119,0.002430331021492069,0.056539364415251155,0.0,0.34984434462437675,-0.11301945072041313,-0.02027368877543013,0.0,0.0,0.0,0.0,0.0,0.05144769773887896,,
6.9,4.874014124514886,0.14471593754876524,8.456033249237892,0.03116785639022616,-0.0012853244745655052,0.05339339072255275,0.0,0.35498911439826464,-0.11461084938460334,-0.020863608723148006,0.0,0.0,0.0,0.0,0.0,0.05144769773887896,,
7.0,5.1206853574879005,-0.21083330014461962,8.2620908490275,0.03896235818466028,-0.0014930814935628911,0.04164753982400256,0.0,0.36013388417215253,-0.11619919199882077,-0.021461708207316636,0.0,0.0,0.0,0.0,0.0,0.05144769773887896,2.048910921965268,2.146578633815403
7.1000000000000005,4.9043974155407,-0.058843175942925624,8.529046635043025,0.018586093719995124,-0.0021963861495820376,0.0387465710325552,0.0,0.3652786539460404,-0.11778443652186384,-0.022067971397081422,0.0,0.0,0.0,0.0,0.0,0.05144769773887896,,
7.2,4.989696882439337,0.14274546705165403,8.420818655578023,0.021501648903263698,-0.013764803732948017,0.05214793514870727,0.0,0.3704234237199283,-0.1193665409945331,-0.02268238224550593,0.0,0.0,0.0,0.0,0.0,0.05144769773887896,,
7.300000000000001,4.775649307243439,0.06228371908473414,8.69456734171093,0.030511460377115746,0.01473505659388761,0.043684195812489564,0.0,0.3755681934938162,-0.12094546354074186,-0.02330492448999662,0.0,0.0,0.0,0.0,0.0,0.05144769773887896,,
7.4,4.834599818105974,0.17814979520669894,8.513911102926166,0.027657894047106668,-0.0008889431219515317,0.058458603835092444,0.0,0.3807129632677041,-0.1225211623686245,-0.02393558165273331,0.0,0.0,0.0,0.0,0.0,0.05144769773887896,,
7.5,4.920747490544492,0.30715907592334657,8.595892486442697,0.031034226074381707,0.010182450006326787,0.04746890001529096,0.0,0.385857733041592,-0.12409359577164275,-0.024574337041105305,0.0,0.0,0.0,0.0,0.0,0.05144769773887896,,
7.6000000000000005,4.941910734270136,0.31958135180508995,8.156877858071695,0.020270420388426143,-0.011765488034235771,0.056470701589677416,0.0,0.3910025028154799,-0.12566272212968954,-0.02522117374815324,0.0,0.0,0.0,0.0,0.0,0.05144769773887896,,
7.7,4.875431154647033,0.04459847548015072,8.387820165306039,0.03452231217924903,0.0019063755341294727,0.0444564729693205,0.0,0.39614727258936777,-0.12722849991019067,-0.025876074653016577,0.0,0.0,0.0,0.0,0.0,0.05144769773887896,,
7.800000000000001,4.712126107023404,0.04784483093701278,8.331620825232365,0.0253933262021554,0.002812500356974342,0.04865671957869438,0.0,0.40129204236325566,-0.12879088766920405,-0.026539022421386765,0.0,0.0,0.0,0.0,0.0,0.05144769773887896,,
7.9,5.1390355148749345,-0.19810340835362056,8.434112426112685,0.019883256903618838,-0.005322420000358218,0.037754268098267665,0.0,0.40643681213714355,-0.1303498440525167,-0.027209999505966066,0.0,0.0,0.0,0.0,0.0,0.05144769773887896,,
8.0,4.825707104068461,0.18972119534373807,8.503778641277552,0.021469609236494998,0.003158880788164031,0.036152135798934344,0.0,0.41158158191103145,-0.1319053277967394,-0.027888988146932,0.0,0.0,0.0,0.0,0.0,0.05144769773887896,1.528791648679665,8.555765161433873
8.1,5.059838113745875,-0.1617778976191748,8.501057404619237,0.023247969739066017,-0.0027430086544054967,0.06800046069677906,0.0,0.41672635168491934,-0.13345729773039877,-0.028575970372407423,0.0,0.0,0.0,0.0,0.0,0.05144769773887896,,
8.200000000000001,4.785672412221082,-0.0497550714248754,8.670300411670643,0.02349386520210994,0.015202602427895444,0.05404540213697927,0.0,0.42187112145880723,-0.13500571277502707,-0.029270927998936224,0.0,0.0,0.0,0.0,0.0,0.05144769773887896,,
8.3,4.564066096980229,0.2202914949256418,8.671611086776837,0.011063274957424893,0.0006275592093448729,0.019553198341065427,0.0,0.4270158912326951,-0.13655053194624953,-0.029973842631964603,0.0,0.0,0.0,0.0,0.0,0.05144769773887896,,
8.4,4.6943754521816174,0.07187246893071375,8.407951930773535,0.037054047228679554,0.00342960594786395,0.05937929179749206,0.0,0.432160661006583,-0.13809171435486903,-0.03068469566632796,0.0,0.0,0.0,0.0,0.0,0.05144769773887896,,
8.5,4.768313390774256,0.08399074852889135,8.628201045664982,0.02558236523932746,0.0069679506434485805,0.053942116421084964,0.0,0.4373054307804709,-0.13962921920794852,-0.03140346828674335,0.0,0.0,0.0,0.0,0.0,0.05144769773887896,,
8.6,4.991635797224274,-0.06228513427488519,8.57451979894897,0.03872416276143192,-0.008528724300492263,0.04650533766599605,0.0,0.4424502005543588,-0.1411630058098907,-0.03213014146830748,0.0,0.0,0.0,0.0,0.0,0.05144769773887896,,
8.700000000000001,5.110908026327045,-0.03187351211388434,8.44770802640146,0.016486591859531528,-0.010949302339986483,0.04209030472788501,0.0,0.4475949703282467,-0.1426930335635151,-0.032864695977000286,0.0,0.0,0.0,0.0,0.0,0.05144769773887896,,
8.8,4.98008514234684,0.14110630421579806,8.230341666127607,0.02770637502085045,-0.020274222263310583,0.03798246337208624,0.0,0.4527397401021346,-0.14421926197113272,-0.03360711237019404,0.0,0.0,0.0,0.0,0.0,0.05144769773887896,,
8.9,4.757180595662257,-0.20017238845758692,8.485835139781761,0.018341212877345955,0.0018279397193995276,0.04381399526321038,0.0,0.45788450987602247,-0.14574165063561792,-0.03435737099716794,0.0,0.0,0.0,0.0,0.0,0.05144769773887896,,
9.0,4.746305622148644,0.12117161775337135,8.566147575916156,0.005085603534309369,0.019498461971080627,0.043014623309685196,0.0,0.46302927964991036,-0.1472601592614777,-0.035115451999628254,0.0,0.0,0.0,0.0,0.0,0.05144769773887896,-3.158155481656578,1.3529287938253984
9.1,4.867569786750378,0.04645026044056063,8.569546608897006,0.0375304002619186,-0.0008715967201289791,0.029584838537090007,0.0,0.46817404942379826,-0.14877474765591822,-0.035881335312233954,0.0,0.0,0.0,0.0,0.0,0.05144769773887896,,
9.200000000000001,4.94105065887764,0.07883414011528105,8.12767594018942,0.01781857789814205,-0.003208263247626093,0.04027580807268418,0.0,0.47331881919768615,-0.1502853757299087,-0.036655000663127796,0.0,0.0,0.0,0.0,0.0,0.05144769773887896,,
9.3,5.055480700001772,-0.45068342998441846,8.393122259031113,0.025519996967995933,-0.00580164849427109,0.04651855767168811,0.0,0.47846358897157404,-0.1517920034992424,-0.037436427574472894,0.0,0.0,0.0,0.0,0.0,0.05144769773887896,,
9.4,5.097182322776619,-0.20717143612125197,8.438042760484269,0.02188979009576674,0.009371787712160696,0.05456383736588267,0.0,0.48360835874546193,-0.15329459108559515,-0.038225595362994746,0.0,0.0,0.0,0.0,0.0,0.05144769773887896,,
9.5,4.684360749790241,0.10221907840121831,8.466573196848493,0.02004956040675897,-0.0010087756609538066,0.044544976996184225,0.0,0.4887531285193498,-0.15479309871758068,-0.03902248314052869,0.0,0.0,0.0,0.0,0.0,0.05144769773887896,,
9.600000000000001,5.108788027684876,0.08411997035798179,8.475525292575085,0.03391829775063984,0.013745947579635683,0.04722300702419159,0.0,0.4938978982932377,-0.1562874867318034,-0.03982706981457276,0.0,0.0,0.0,0.0,0.0,0.05144769773887896,,
9.700000000000001,4.980609366082672,-0.28323712450908556,8.72842222758598,0.021153305239268998,0.013325033734469631,0.03787791221028733,0.0,0.4990426680671256,-0.15777771557390824,-0.04063933408884603,0.0,0.0,0.0,0.0,0.0,0.05144769773887896,,
9.8,4.87199671297466,0.10791926525841579,8.260334194649051,0.021640260765164107,0.015605215894054949,0.04683068153325882,0.0,0.5041874378410135,-0.1592637457996276,-0.04145925446385222,0.0,0.0,0.0,0.0,0.0,0.05144769773887896,,
9.9,4.9253144278869785,-0.09163150840766675,8.559002732624576,0.03696029605764218,0.0124261345263638,0.03807089766194277,0.0,0.5093322076149014,-0.16074553807582534,-0.04228680923744885,0.0,0.0,0.0,0.0,0.0,0.05144769773887896,,
10.0,4.805520822974979,0.031421525831618786,8.36203892975291,0.01852348183659782,0.007010986809989568,0.047622298184751756,0.0,0.5144769773887893,-0.1622230531815379,-0.043121976505421565,0.0,0.0,0.0,0.0,0.0,0.05144769773887896,-0.6213775690737791,1.7798512811300422
10.100000000000001,4.837034244384989,-0.00011110424322403195,8.397347581652463,0.041658603923989825,0.014472944789362861,0.06339547401094615,0.0,0.5196217471626772,-0.16369625200901244,-0.043964734162064,0.0,0.0,0.0,0.0,0.0,0.05144769773887896,,
10.200000000000001,5.054199517617886,0.1370272588640245,8.485179853384905,0.003957296479319947,-0.011917421844733106,0.05153176190379335,0.0,0.5247665169365651,-0.16516509556474196,-0.04481505990076282,0.0,0.0,0.0,0.0,0.0,0.05144769773887896,,
10.3,4.756342251068178,0.037641390696702595,8.497294586443546,0.0331940733307885,-0.009867094029328985,0.024866080127675806,0.0,0.529911286710453,-0.16662954497049737,-0.045672931214588194,0.0,0.0,0.0,0.0,0.0,0.05144769773887896,,
10.4,4.990732714494161,0.14955765578550664,8.535245409962172,0.02228339144040489,0.0024554084388343327,0.044119318710555244,0.0,0.5350560564843408,-0.16808956146435658,-0.04653832539688948,0.0,0.0,0.0,0.0,0.0,0.05144769773887896,,
10.5,4.911807242815008,0.2526502260925994,8.302618236085952,0.02009331490374921,0.010259576421721952,0.04154118292309998,0.0,0.5402008262582287,-0.16954510640173046,-0.047411219541896255,0.0,0.0,0.0,0.0,0.0,0.05144769773887896,,
10.600000000000001,4.829062111017306,0.21332779913221592,8.33542007907901,0.019766668291087724,0.00014407536534230688,0.04565511545953997,0.0,0.5453455960321166,-0.1709961412563857,-0.048291590545324614,0.0,0.0,0.0,0.0,0.0,0.05144769773887896,,
10.700000000000001,4.719679704969065,0.12139222636364845,8.553539899581647,0.01413631305770561,-0.0018823747504380717,0.06765934007206492,0.0,0.5504903658060045,-0.1724426276214646,-0.049179415104988695,0.0,0.0,0.0,0.0,0.0,0.05144769773887896,,
10.8,4.849434022492757,0.060574118538859356,8.48602940425394,0.026308012724104334,0.007132818014824829,0.05688380990539672,0.0,0.5556351355798924,-0.17388452721050152,-0.05007466972141745,0.0,0.0,0.0,0.0,0.0,0.05144769773887896,,
10.9,5.0391919646854015,-0.008935310320686247,8.524730744847716,0.0466641342892538,0.0036827566386843443,0.07502960018964439,0.0,0.5607799053537803,-0.1753218018584364,-0.05097733069847664,0.0,0.0,0.0,0.0,0.0,0.05144769773887896,,
11.0,5.015720322945266,0.0021166593839604397,8.606167551587491,0.0068257394749896005,-0.003959077876154683,0.051148794091265756,0.0,0.5659246751276682,-0.17675441352262491,-0.05188737414399606,0.0,0.0,0.0,0.0,0.0,0.05144769773887896,-5.555110038825177,4.24988696224289
11.100000000000001,4.872795830462162,-0.021170116566235814,8.655142242354824,0.026230267248414093,-0.02137314162813329,0.0446091911714791,0.0,0.5710694449015561,-0.1781823242838453,-0.05280477597040191,0.0,0.0,0.0,0.0,0.0,0.05144769773887896,,
11.200000000000001,4.974440209058514,0.03171773714197295,8.41003931571974,0.024503970563548846,0.0006171708189629222,0.046569653016262605,0.0,0.576214214675444,-0.1796054963473022,-0.053729511895354375,0.0,0.0,0.0,0.0,0.0,0.05144769773887896,,
11.3,4.963317404882497,0.1515471452798852,8.325457021752557,0.020413287716023507,-0.025463069741480448,0.050945374720131054,0.0,0.5813589844493319,-0.18102389204362684,-0.054661557442390325,0.0,0.0,0.0,0.0,0.0,0.05144769773887896,,
11.4,4.9503852067974945,0.003614246305344685,8.362924891149227,0.011194837909938757,0.008220691712985563,0.052046722628381385,0.0,0.5865037542232198,-0.18243747382987427,-0.05560088794157119,0.0,0.0,0.0,0.0,0.0,0.05144769773887896,,
11.5,4.9096348558802445,0.05715875685081272,8.59473210290986,0.0025817588872871673,-0.014818441837352038,0.049612384733091895,0.0,0.5916485239971077,-0.18384620429051693,-0.05654747853013593,0.0,0.0,0.0,0.0,0.0,0.05144769773887896,,
11.600000000000001,4.749820808232653,-0.14411840881739396,8.264343646610458,0.024247412509865014,0.008079369581919744,0.058624519179481555,0.0,0.5967932937709955,-0.18525004613843507,-0.05750130415315913,0.0,0.0,0.0,0.0,0.0,0.05144769773887896,,
11.700000000000001,4.905403027001188,-0.22278382410612116,8.45840375535317,0.009581110199291996,0.0013109084558472401,0.05239996090641856,0.0,0.6019380635448834,-0.18664896221590369,-0.05846233956421414,0.0,0.0,0.0,0.0,0.0,0.05144769773887896,,
11.8,4.88901383309467,-0.047401310104062316,8.84601554192259,0.010314435281939406,0.006071017048591524,0.04734090867163689,0.0,0.6070828333187713,-0.18804291549557595,-0.059430559326041354,0.0,0.0,0.0,0.0,0.0,0.05144769773887896,,
11.9,5.164294889628471,0.09681060260197846,8.5180688616063,0.030574428924868016,0.0008249722624212615,0.060956939690554254,0.0,0.6122276030926592,-0.1894318690814634,-0.060405937811221465,0.0,0.0,0.0,0.0,0.0,0.05144769773887896,,
12.0,4.9882713771072265,0.21004575513398432,8.589402557661533,0.014972540924145607,0.0052746678445610255,0.04035059258294729,0.0,0.6173723728665471,-0.1908157862099124,-0.061388449202853794,0.0,0.0,0.0,0.0,0.0,0.05144769773887896,8.589096924179222,3.07744830004668
12.100000000000001,4.864603449947474,0.16087155335133915,8.147367023614196,0.024822969892466133,0.010839660354081005,0.055480359986603084,0.0,0.622517142640435,-0.19219463025057731,-0.062378067495239636,0.0,0.0,0.0,0.0,0.0,0.05144769773887896,,
12.200000000000001,5.05170578811401,0.23796237407798732,8.690754251577937,0.04043720418341159,0.004923804341990381,0.05367661219208419,0.0,0.6276619124143229,-0.19356836470739003,-0.06337476649457059,0.0,0.0,0.0,0.0,0.0,0.05144769773887896,,
12.3,5.062927322302499,-0.1642395812031916,8.387025446918729,0.02912959981527818,0.0044350187711019754,0.06553482326476154,0.0,0.6328066821882108,-0.19493695321952592,-0.06437851981962187,0.0,0.0,0.0,0.0,0.0,0.05144769773887896,,
12.4,5.094406554511611,0.16217046653249592,8.474400320249888,0.01480357943158303,-0.009916658165656376,0.046525072816825976,0.0,0.6379514519620987,-0.19630035956236633,-0.06538930090245058,0.0,0.0,0.0,0.0,0.0,0.05144769773887896,,
12.5,5.1460167068743985,0.18913737642678818,8.510126893733391,0.028358739707851986,-0.008332696691769564,0.04394256393087283,0.0,0.6430962217359866,-0.19765854764845733,-0.06640708298909893,0.0,0.0,0.0,0.0,0.0,0.05144769773887896,,
12.600000000000001,4.969494169319154,0.10343734528435275,8.243285400044185,0.030137098807203635,0.006718141752376491,0.05736024031985651,0.0,0.6482409915098745,-0.19901148152846496,-0.06743183914030239,0.0,0.0,0.0,0.0,0.0,0.05144769773887896,,
12.700000000000001,5.093210389159568,0.03430534252194117,8.577292603528301,0.013414713445130955,-0.02762354801450617,0.05275023616568515,0.0,0.6533857612837624,-0.2003591253921267,-0.0684635422322027,0.0,0.0,0.0,0.0,0.0,0.05144769773887896,,
12.8,5.254170231781171,-0.037377285496128815,8.520628642546576,0.035584367704772496,0.00499795256232979,0.045831343016361235,0.0,0.6585305310576502,-0.20170144356919936,-0.06950216495706585,0.0,0.0,0.0,0.0,0.0,0.05144769773887896,,
12.9,5.002460157229507,0.30488590358414897,8.218811256740354,0.015400872140367098,0.01808161966269641,0.059993257145010415,0.0,0.6636753008315381,-0.2030384005304032,-0.07054767982400481,0.0,0.0,0.0,0.0,0.0,0.05144769773887896,,
13.0,5.060702922363921,0.17761848373365008,8.443790181846019,0.026150691912857033,-0.015419784834345815,0.055413229571028004,0.0,0.668820070605426,-0.20436996088836237,-0.07160005915970724,0.0,0.0,0.0,0.0,0.0,0.05144769773887896,-3.0863354357285866,-1.867298887685463
13.100000000000001,4.9328672390214665,0.025123733966279472,8.461344012273669,0.015888837139901812,-0.029460076772631034,0.053801805130192545,0.0,0.6739648403793139,-0.2056960893985415,-0.07265927510916795,0.0,0.0,0.0,0.0,0.0,0.05144769773887896,,
13.200000000000001,4.966084912030054,0.06663950029019902,8.440738237382796,0.03327087099938533,0.001756221403008767,0.04572641185599466,0.0,0.6791096101532018,-0.20701675096017863,-0.07372529963642614,0.0,0.0,0.0,0.0,0.0,0.05144769773887896,,
13.3,4.898721006541418,-0.02307862153569677,8.665887133780274,0.03366968330800324,0.0018844955694348037,0.05142966325001893,0.0,0.6842543799270897,-0.20833191061721423,-0.07479810452530752,0.0,0.0,0.0,0.0,0.0,0.05144769773887896,,
13.4,4.733277509439552,0.056917004505707164,8.562138632235534,0.035180160444812494,-0.0007003068460997189,0.04027547411340587,0.0,0.6893991497009776,-0.20964153355921655,-0.07587766138017114,0.0,0.0,0.0,0.0,0.0,0.05144769773887896,,
13.5,4.923354635751832,-0.011449631925166546,8.83840114349462,0.01380810907943588,-0.010502062949066932,0.05820352238962884,0.0,0.6945439194748655,-0.21094558512230285,-0.07696394162666098,0.0,0.0,0.0,0.0,0.0,0.05144769773887896,,
13.600000000000001,5.035162376661039,0.21791009212006238,8.455229373153832,0.026023854836874877,0.01685642788587512,0.03455493214542549,0.0,0.6996886892487534,-0.212244030790057,-0.07805691651246227,0.0,0.0,0.0,0.0,0.0,0.05144769773887896,,
13.700000000000001,5.141574002608881,0.11558281144291517,8.702883183843621,0.02043325441034444,0.0017093600195582927,0.04343000564921177,0.0,0.7048334590226413,-0.21353683619444305,-0.0791565571080625,0.0,0.0,0.0,0.0,0.0,0.05144769773887896,,
13.8,4.821817487019192,0.3099579818969384,8.531854291197588,0.033394272783413635,0.02057669593396173,0.030847311417724847,0.0,0.7099782287965292,-0.21482396711671492,-0.08026283430751723,0.0,0.0,0.0,0.0,0.0,0.05144769773887896,,
13.9,4.931122662317156,-0.18295598479008254,8.58764051537609,0.01701343754307425,-0.00835571075553137,0.061480216716897296,0.0,0.7151229985704171,-0.21610538948832214,-0.08137571882922034,0.0,0.0,0.0,0.0,0.0,0.05144769773887896,,
14.0,5.198997214525594,0.04881297023909135,8.718848435344738,0.04313419651559179,0.0028064971143942027,0.03913430244521496,0.0,0.720267768344305,-0.2173810693918115,-0.08249518121667924,0.0,0.0,0.0,0.0,0.0,0.05144769773887896,2.983606852358696,7.955971736501657
14.100000000000001,4.843662686145951,-0.03297542622730083,8.475944487288718,0.03595638952162902,0.010670792451851752,0.06395355552818821,0.0,0.7254125381181928,-0.21865097306172496,-0.0836211918392944,0.0,0.0,0.0,0.0,0.0,0.05144769773887896,,
14.200000000000001,5.1027188072838285,0.1778153927923332,8.457050003479912,0.01879808918003013,0.010616703932593079,0.04876664722500023,0.0,0.7305573078920807,-0.2199150668854932,-0.0847537208931437,0.0,0.0,0.0,0.0,0.0,0.05144769773887896,,
14.3,5.1183397691626435,-0.12915881283825892,8.318453919618712,0.006711635543541983,-0.001197147370572016,0.049075211604682735,0.0,0.7357020776659686,-0.22117331740432544,-0.0858927384017713,0.0,0.0,0.0,0.0,0.0,0.05144769773887896,,
14.4,5.152660583456098,0.1528759862161305,8.685967709983023,0.03512736468787511,-0.015076544665015424,0.05724495114618226,0.0,0.7408468474398565,-0.22242569131409495,-0.08703821421698107,0.0,0.0,0.0,0.0,0.0,0.05144769773887896,,
14.5,4.909772905674538,-0.24790881028751435,8.726270321791363,-8.8893673046396e-05,-0.010979185247839078,0.052687861508899016,0.0,0.7459916172137444,-0.2236721554662206,-0.08819011801963454,0.0,0.0,0.0,0.0,0.0,0.05144769773887896,,
14.600000000000001,5.064944650283406,-0.157915618826357,8.428827533674465,0.04561322176401229,0.004882304152019392,0.039431365514952965,0.0,0.7511363869876323,-0.2249126768685443,-0.08934841932045343,0.0,0.0,0.0,0.0,0.0,0.05144769773887896,,
14.700000000000001,4.799731832895092,-0.039541521200929935,8.699853592685859,0.018601131498216343,0.010781211258168636,0.03370727207057626,0.0,0.7562811567615202,-0.22614722268620416,-0.09051308746082665,0.0,0.0,0.0,0.0,0.0,0.05144769773887896,,
14.8,5.294916618635595,0.04352809417540883,8.516557873425697,0.021080804698691925,-0.0016078368785213102,0.036106978884792536,0.0,0.7614259265354081,-0.22737576024250364,-0.0916840916136218,0.0,0.0,0.0,0.0,0.0,0.05144769773887896,,
14.9,4.9098430148017815,0.17972015019960327,8.25364495298234,0.03163875001073669,0.0038905838139261,0.0495044772519236,0.0,0.766570696309296,-0.2285982570197765,-0.09286140078400114,0.0,0.0,0.0,0.0,0.0,0.05144769773887896,,
15.0,4.660926043404923,-0.12440582315360686,8.664008992881334,-0.01366522883615478,-0.015537471003081303,-0.035896277218166066,0.0,0.7717154660831839,-0.23443563061076797,-0.0985411788401469,0.0,-0.0,0.0,0.0,0.0,-0.030860759760457733,-1.8536663536432563,2.7603368658580543
15.100000000000001,4.857892727991092,0.3950826170777785,8.83560265160085,-0.018719397685499354,-0.013453494344834557,-0.03369621257496591,0.0,0.768629390107138,-0.2402905046033883,-0.10420291529978697,0.0,-0.0,0.0,0.0,0.0,-0.030860759760457733,,
15.200000000000001,4.958403769444016,-0.09366037049176333,8.257251545249627,-0.02324046472469486,-0.021307423087756697,-0.023142636144112345,0.0,0.7655433141310922,-0.24616282323665264,-0.10984655624135083,0.0,-0.0,0.0,0.0,0.0,-0.030860759760457733,,
15.3,5.034054426092944,0.0436023715177966,8.610611114268718,-0.030276142257924264,-0.01127579909740227,-0.027523801274418704,0.0,0.7624572381550464,-0.2520525305834359,-0.11547204791560708,0.0,-0.0,0.0,0.0,0.0,-0.030860759760457733,,
15.4,5.103050162566309,0.10835760999357222,8.607074466226473,-0.03046250743852122,0.0003576504687839352,-0.037144198234956315,0.0,0.7593711621790006,-0.2579595705510054,-0.12107933674617541,0.0,-0.0,0.0,0.0,0.0,-0.030860759760457733,,
15.5,4.984841929424107,0.11311937091592082,8.24807171710899,-0.03626299781948678,-0.0036300036387730463,-0.032438783050151826,0.0,0.7562850862029548,-0.2638838868815549,-0.12666836933003672,0.0,-0.0,0.0,0.0,0.0,-0.030860759760457733,,
15.600000000000001,5.081187460760257,0.1971433108858378,8.505796901711717,-0.013722353169136522,0.0004548652802371204,-0.03903308822675226,0.0,0.7531990102269089,-0.2698254231527408,-0.13223909243804186,0.0,-0.0,0.0,0.0,0.0,-0.030860759760457733,,
15.700000000000001,4.789482488071018,0.12323878389865962,8.563521565998586,-0.013930314375398947,0.004493295340945402,-0.046547223679699545,0.0,0.7501129342508631,-0.2757841227782189,-0.13779145301541848,0.0,-0.0,0.0,0.0,0.0,-0.030860759760457733,,
15.8,5.099661952990119,-0.06697787833379933,8.674785437323154,-0.008667276128606094,0.006802896593814514,-0.02075387604134727,0.0,0.7470268582748173,-0.281759929008184,-0.14332539818227638,0.0,-0.0,0.0,0.0,0.0,-0.030860759760457733,,
15.9,4.821749535371049,0.030571942257800185,8.449274464770715,-0.014050285645215266,0.013370427445226684,-0.006186038704918902,0.0,0.7439407822987715,-0.2877527849299098,-0.1488408752341111,0.0,-0.0,0.0,0.0,0.0,-0.030860759760457733,,
16.0,4.649049316206172,0.0745622531181146,8.257874247580984,-0.029485574863251363,0.010346586000503156,-0.022982677114967483,0.0,0.7408547063227257,-0.2937626334682913,-0.15433783164230586,0.0,-0.0,0.0,0.0,0.0,-0.030860759760457733,-6.928876636164857,4.9511175512620795
16.1,5.231979954033086,0.09334119965176622,8.306848371146568,-0.022538603357506425,-0.005371043858901616,-0.03789264670510689,0.0,0.7377686303466798,-0.29978941738638815,-0.15981621505463184,0.0,-0.0,0.0,0.0,0.0,-0.030860759760457733,,
16.2,5.01789586845084,-0.09562174388437132,8.538209640777382,-0.016361724208002755,0.0043071143365149235,-0.02220135406778768,0.0,0.734682554370634,-0.30583307928597,-0.16527597329574678,0.0,-0.0,0.0,0.0,0.0,-0.030860759760457733,,
16.3,4.948750472031993,0.10938703400351565,8.647292460452983,-0.027093241463491007,-0.012441475666646749,-0.033531733880047807,0.0,0.7315964783945882,-0.3118935616080628,-0.17071705436769194,0.0,-0.0,0.0,0.0,0.0,-0.030860759760457733,,
16.400000000000002,5.229428622942079,-0.030475563751986245,8.476134154322112,-0.01928796428220767,0.0013750754724596137,-0.021316932683816053,0.0,0.7285104024185424,-0.3179708066334974,-0.17613940645038723,0.0,-0.0,0.0,0.0,0.0,-0.030860759760457733,,
16.5,4.787727108458416,0.04088331325955803,8.605808401167563,-0.009996556122658394,0.000249989585533127,-0.03741502730107549,0.0,0.7254243264424965,-0.32406475648345895,-0.1815429779021248,0.0,-0.0,0.0,0.0,0.0,-0.030860759760457733,,
16.6,5.155155219954469,-0.2653735296631947,8.69737581014992,-0.022174420423848866,-0.004019056534513184,-0.006532224244252628,0.0,0.7223382504664507,-0.3301753531200382,-0.18692771726006088,0.0,-0.0,0.0,0.0,0.0,-0.030860759760457733,,
16.7,4.759000096045794,0.01273439698410914,8.474191322530956,-0.025235935764692567,0.002043586800261511,-0.0267231711404864,0.0,0.7192521744904049,-0.3363025383467844,-0.19229357324070578,0.0,-0.0,0.0,0.0,0.0,-0.030860759760457733,,
16.8,4.687873060575233,-0.2637626643906364,8.439696622081703,-0.008777337351405859,-0.0001830127874078346,-0.0068881260128550986,0.0,0.7161660985143591,-0.34244625380925936,-0.1976404947404125,0.0,-0.0,0.0,0.0,0.0,-0.030860759760457733,,
16.900000000000002,5.009001430434525,0.052917670882993026,8.264062444401223,-0.01691558326057866,0.023710099195495552,-0.007765870993329321,0.0,0.7130800225383133,-0.34860644099559324,-0.20296843083586333,0.0,-0.0,0.0,0.0,0.0,-0.030860759760457733,,
17.0,4.881866792032394,0.1190688674139436,8.494414098534762,-0.017814847387060285,0.013112758545803118,-0.028930860659033466,0.0,0.7099939465622674,-0.3547830412370419,-0.20827733078455477,0.0,-0.0,0.0,0.0,0.0,-0.030860759760457733,-2.0738567048085725,-0.1838767871662588
17.1,4.87508925461561,0.2381107156795162,8.484056535413897,-0.008944443013903082,-0.009699286427324197,-0.025781712031805883,0.0,0.7069078705862216,-0.3609759957085456,-0.21356714402528093,0.0,-0.0,0.0,0.0,0.0,-0.030860759760457733,,
17.2,4.797781061732978,-0.03410317169056985,8.37648697229847,-0.014301134283971211,-0.012282966739915871,-0.032016402324628955,0.0,0.7038217946101758,-0.36718524542928926,-0.21883782017861497,0.0,-0.0,0.0,0.0,0.0,-0.030860759760457733,,
17.3,5.050292374913749,0.12663152869248984,8.717957203730847,-0.016457142197794854,0.013274742733212311,-0.008739787234113342,0.0,0.70073571863413,-0.3734107312632642,-0.22408930904738897,0.0,-0.0,0.0,0.0,0.0,-0.030860759760457733,,
17.400000000000002,5.125083042579389,-0.1921602997915027,8.503623140817956,-0.03205761441247016,0.00629491220960009,-0.027767483989057457,0.0,0.6976496426580842,-0.3796523939198312,-0.22932156061717196,0.0,-0.0,0.0,0.0,0.0,-0.030860759760457733,,
17.5,4.964910649372912,-0.025686940952350582,8.387432375822884,-0.009197435246747314,-0.004505464030033568,-0.03496424608503601,0.0,0.6945635666820383,-0.3859101739542854,-0.23453452505674624,0.0,-0.0,0.0,0.0,0.0,-0.030860759760457733,,
17.6,4.877763835700658,-0.20655786100666587,8.395752895027584,-0.010430325754997477,-0.005438981605633924,-0.051488872728956116,0.0,0.6914774907059925,-0.39218401176842227,-0.23972815271858203,0.0,-0.0,0.0,0.0,0.0,-0.030860759760457733,,
17.7,4.9828503868575735,0.14697443143758643,8.423743113538299,-0.009276757520652372,-0.00628391056887195,-0.015077654340943023,0.0,0.6883914147299467,-0.3984738476111053,-0.24490239413931023,0.0,-0.0,0.0,0.0,0.0,-0.030860759760457733,,
17.8,4.833488682768664,-0.09617934989707332,8.34027684354775,-0.023548548703063908,0.0031141975211555145,-0.01629883144855253,0.0,0.6853053387539009,-0.40477962157883507,-0.2500572000401935,0.0,-0.0,0.0,0.0,0.0,-0.030860759760457733,,
17.900000000000002,4.994417256909032,0.06619847655892845,8.499333068462011,-0.017918901013096407,-0.006005080902599053,-0.020095146656302947,0.0,0.682219262777855,-0.41110127361631965,-0.25519252132759573,0.0,-0.0,0.0,0.0,0.0,-0.030860759760457733,,
18.0,5.319382932254726,-0.23737787127830992,8.461962978860472,-0.013978443385806068,0.01148774388033414,-0.023361548300676823,0.0,0.6791331868018092,-0.4174387435170467,-0.2603083090934494,0.0,-0.0,0.0,0.0,0.0,-0.030860759760457733,-1.3789964496844784,-2.6505078178710293
18.1,4.873517952337461,0.2395367441035266,8.532019944321686,-0.019323696070563078,0.008971778085097904,-0.020175819953120386,0.0,0.6760471108257634,-0.4237919709238568,-0.26540451461572145,0.0,-0.0,0.0,0.0,0.0,-0.030860759760457733,,
18.2,4.93833540629481,0.06070021394504933,8.65077627294812,-0.030984196897676702,-0.01616439051744461,-0.02880265274168788,0.0,0.6729610348497176,-0.4301608953295183,-0.27048108935887744,0.0,-0.0,0.0,0.0,0.0,-0.030860759760457733,,
18.3,4.949518920968241,-0.17156374512708206,8.368454657315953,-0.031762387963897014,-0.01274890175045007,-0.013367619618128813,0.0,0.6698749588736718,-0.4365454560773035,-0.2755379849743435,0.0,-0.0,0.0,0.0,0.0,-0.030860759760457733,,
18.400000000000002,4.755838142927253,0.033808624171827575,8.162487343947475,-0.02440406854649129,-0.009423858891551827,-0.006397426293709277,0.0,0.666788882897626,-0.4429455923615665,-0.2805751533009671,0.0,-0.0,0.0,0.0,0.0,-0.030860759760457733,,
18.5,4.835617117827556,0.18633382655451683,8.685250957316459,-0.008462576803851204,-0.00222569114626742,-0.017193620122968142,0.0,0.6637028069215801,-0.44936124322832216,-0.2855925463654755,0.0,-0.0,0.0,0.0,0.0,-0.030860759760457733,,
18.6,4.981235107350337,-0.012599776231873496,8.557633044399173,-0.0173991636705593,-0.006843431043652526,-0.025505980272820784,0.0,0.6606167309455343,-0.45579234757582665,-0.29059011638293275,0.0,-0.0,0.0,0.0,0.0,-0.030860759760457733,,
18.7,4.964855026778493,-0.08976918968613089,8.54407048883868,-0.021050665234193515,0.005058655568647926,-0.019968518951363482,0.0,0.6575306549694885,-0.4622388441551595,-0.2955678157571949,0.0,-0.0,0.0,0.0,0.0,-0.030860759760457733,,
18.8,4.9069646523586075,0.20212724195750786,8.340113912141138,-0.013250033858733554,-0.005926112727687799,-0.019178507348197052,0.0,0.6544445789934427,-0.46870067157080664,-0.30052559708136295,0.0,-0.0,0.0,0.0,0.0,-0.030860759760457733,,
18.900000000000002,5.19924812629734,0.013829574608826837,8.82714031622023,-0.021911182118448298,-0.008851602382136654,-0.0014921584128344961,0.0,0.6513585030173968,-0.4751777682812455,-0.30546341313823483,0.0,-0.0,0.0,0.0,0.0,-0.030860759760457733,,
19.0,4.797554465403466,-0.07219423321505608,8.576322459033952,-0.014717548558220472,-0.00784483967873237,-0.03137491437772333,0.0,0.648272427041351,-0.4816700725995308,-0.3103812169007546,0.0,-0.0,0.0,0.0,0.0,-0.030860759760457733,-2.84676276076015,-0.35153208558376187
19.1,4.879292420803428,0.21711440237960378,8.394423600041376,-0.02011444154733718,0.0017739252521152967,-0.006989931835718969,0.0,0.6451863510653052,-0.4881775226938822,-0.31527896153246066,0.0,-0.0,0.0,0.0,0.0,-0.030860759760457733,,
19.200000000000003,5.0643601442407,0.06371238697337524,8.277853644129895,-0.027617346887822025,-0.008789425284595222,-0.025199857304137364,0.0,0.6421002750892594,-0.49470005658827315,-0.3201566003879317,0.0,-0.0,0.0,0.0,0.0,-0.030860759760457733,,
19.3,5.067412545629125,0.1434447533817742,8.35769166682913,-0.02811406508220056,0.032185836368222726,-0.021077134805834848,0.0,0.6390141991132136,-0.5012376121630211,-0.3250140870132309,0.0,-0.0,0.0,0.0,0.0,-0.030860759760457733,,
19.400000000000002,5.013382820673492,0.0075493015816368945,8.588867864787028,-0.004050969317563408,-0.009545949210964915,-0.006518565086068878,0.0,0.6359281231371677,-0.5077901271553793,-0.3298513751463486,0.0,-0.0,0.0,0.0,0.0,-0.030860759760457733,,
19.5,4.808813179273911,-0.1453578001642278,8.363922405193875,-0.026317623463702547,0.01861131222133376,-0.017468078382471733,0.0,0.6328420471611219,-0.5143575391601295,-0.3346684187176424,0.0,-0.0,0.0,0.0,0.0,-0.030860759760457733,,
19.6,4.791127903549216,-0.14828994264967413,8.310055780761767,-0.00531700020988716,0.003378806940451288,-0.023719556704718005,0.0,0.6297559711850761,-0.5209397856301764,-0.33946517185027647,0.0,-0.0,0.0,0.0,0.0,-0.030860759760457733,,
19.700000000000003,5.177814101555069,0.20258498587489893,8.676245186489716,-0.008523296447279467,-0.0009610325491794158,-0.038818839033502216,0.0,0.6266698952090303,-0.5275368038771435,-0.3442415888606581,0.0,-0.0,0.0,0.0,0.0,-0.030860759760457733,,
19.8,5.129463169122701,0.10815811837602846,8.24394645115748,0.0007170435871226687,-0.001692614669644244,-0.010740476784154202,0.0,0.6235838192329844,-0.5341485310719699,-0.34899762425887293,0.0,-0.0,0.0,0.0,0.0,-0.030860759760457733,,
19.900000000000002,4.93684769585656,0.2409717823774534,8.536101159625815,-0.010132834173183397,-0.01055284034624306,-0.015733848195542396,0.0,0.6204977432569386,-0.5407749042455089,-0.35373323274911816,0.0,-0.0,0.0,0.0,0.0,-0.030860759760457733,,
20.0,5.044954421602796,0.14555566793503105,8.701001201188136,-0.012796118163884571,0.01617778032411553,-0.007087307364693769,0.0,0.6174116672808928,-0.5474158602891274,-0.358448369230134,0.0,-0.0,0.0,0.0,0.0,-0.030860759760457733,6.623730960185597,2.9195444827407133
20.1,4.913663253997912,0.039513724281493495,8.454265831693647,-0.030486623863689756,0.00562245715534422,-0.009374289326679514,0.0,0.614325591304847,-0.5540713359553072,-0.3631429887956331,0.0,-0.0,0.0,0.0,0.0,-0.030860759760457733,,
20.200000000000003,4.911371207640221,0.060197533040088014,8.381663995020329,-0.019564777326481125,-0.0030239774148820126,-0.03438823666652184,0.0,0.6112395153288012,-0.5607412678582475,-0.36781704673472837,0.0,-0.0,0.0,0.0,0.0,-0.030860759760457733,,
20.3,4.723366269219433,-0.0008452644903049825,8.51275407285732,-0.03262600192488694,0.021345200248271207,-0.023838574115478676,0.0,0.6081534393527553,-0.5674255924744681,-0.3724704985323586,0.0,-0.0,0.0,0.0,0.0,-0.030860759760457733,,
20.400000000000002,4.956048869874965,0.08658180318694296,8.666047755924621,-0.023432299410074457,-0.015200511439338283,-0.03132528087761988,0.0,0.6050673633767095,-0.5741242461434146,-0.3771032998697125,0.0,-0.0,0.0,0.0,0.0,-0.030860759760457733,,
20.5,4.8922224643628525,-0.11051623102183102,8.539361180646804,-0.005063114076528258,-0.013895960277623305,-0.025164365854101565,0.0,0.6019812874006637,-0.580837165068065,-0.38171540662465103,0.0,-0.0,0.0,0.0,0.0,-0.030860759760457733,,
20.6,5.005905802398551,0.0026158586145267823,8.366957926621309,-0.016970040151678484,-0.0158711029201741,-0.028175423760200394,0.0,0.5988952114246179,-0.587564285315537,-0.3863067748721272,0.0,-0.0,0.0,0.0,0.0,-0.030860759760457733,,
20.700000000000003,4.91969435042308,-0.18324064512401017,8.299371028765815,-0.013035218535248342,-0.0033620030599865024,-0.044662218545389584,0.0,0.5958091354485721,-0.5943055428176967,-0.39087736088460473,0.0,-0.0,0.0,0.0,0.0,-0.030860759760457733,,
20.8,4.948313035063308,-0.09652128656211136,8.415239619731272,-0.02508413690709159,-0.012140706864104303,-0.014495148025246582,0.0,0.5927230594725262,-0.6010608733717692,-0.3954271211324743,0.0,-0.0,0.0,0.0,0.0,-0.030860759760457733,,
20.900000000000002,4.887719348810052,0.10378227533039824,8.680865125035567,-0.025462983847662945,0.009293557329532255,-0.020650662993920488,0.0,0.5896369834964804,-0.6078302126409497,-0.39995601228446825,0.0,-0.0,0.0,0.0,0.0,-0.030860759760457733,,
21.0,5.158360913874836,0.0928850866949763,8.354778587177073,-0.022975983478135703,0.01297432828739211,-0.013814801369797996,0.0,0.5865509075204346,-0.6146134961550167,-0.4044639912080732,0.0,-0.0,0.0,0.0,0.0,-0.030860759760457733,-2.9405526868628655,-0.05090373008409682
21.1,5.010083643394874,0.08990874562024628,8.161508168574235,-0.003091937621832184,0.008284311363136308,-0.034561627653656016,0.0,0.5834648315443888,-0.6214106593109454,-0.40895101496994085,0.0,-0.0,0.0,0.0,0.0,-0.030860759760457733,,
21.200000000000003,4.622462389973114,0.03822720914303547,8.219901567600118,-0.0003218399238061609,0.009167884896532794,-0.02525301973567665,0.0,0.580378755568343,-0.6282216373735234,-0.4134170408362969,0.0,-0.0,0.0,0.0,0.0,-0.030860759760457733,,
21.3,5.0624883594695484,0.1552174991479608,8.518412557948242,-0.04090241635625913,-0.009034514095458072,-0.005899781810004098,0.0,0.5772926795922971,-0.635046365475967,-0.4178620262733479,0.0,-0.0,0.0,0.0,0.0,-0.030860759760457733,,
21.400000000000002,4.990860409763566,-0.045137128360017154,8.485251238282894,-0.01953704574421926,-0.003563061023436656,-0.013337897299604018,0.0,0.5742066036162513,-0.6418847786205393,-0.42228592894768663,0.0,-0.0,0.0,0.0,0.0,-0.030860759760457733,,
21.5,4.826783291060206,0.018547873013176102,8.621383274993253,-0.022813107689981262,-0.004808353390056462,-0.02155119422555808,0.0,0.5711205276402055,-0.6487368116791686,-0.4266887067266949,0.0,-0.0,0.0,0.0,0.0,-0.030860759760457733,,
21.6,5.100150027823377,0.21081296476976874,8.375283934381653,-0.016377116489516338,-0.014460099770517836,-0.01827525540543083,0.0,0.5680344516641597,-0.6556023993940696,-0.43107031767894516,0.0,-0.0,0.0,0.0,0.0,-0.030860759760457733,,
21.700000000000003,4.878716443061921,-0.13485744076520734,8.484515456755759,0.0012187300602954487,-0.003117328334890905,-0.014852677319958141,0.0,0.5649483756881138,-0.6624814763783641,-0.43543072007459965,0.0,-0.0,0.0,0.0,0.0,-0.030860759760457733,,
21.8,4.703864153774746,0.21794520993310587,8.278848012041944,-0.01908015879480242,0.008424514557054475,-0.02255114014869124,0.0,0.561862299712068,-0.669373977116704,-0.43976987238580784,0.0,-0.0,0.0,0.0,0.0,-0.030860759760457733,,
21.900000000000002,4.818928569853745,0.14858733789902473,8.586846070393989,-0.0272700801232787,0.0043935771704654005,-0.034500746882198216,0.0,0.5587762237360222,-0.6762798359658954,-0.44408773328710205,0.0,-0.0,0.0,0.0,0.0,-0.030860759760457733,,
22.0,5.015419434336203,0.0629266908732954,8.469366290731069,-0.010999045964170902,-0.011215447719399934,0.0025202380409020952,0.0,0.5556901477599764,-0.6831989871555234,-0.44838426165579087,0.0,-0.0,0.0,0.0,0.0,-0.030860759760457733,0.7745778299698544,-5.081498039430725
22.1,5.055927294481731,0.07149941101962187,8.492099803693959,-0.0059120783032256975,0.008798381696023984,-0.014769767977174369,0.0,0.5526040717839306,-0.6901313647885792,-0.4526594165723509,0.0,-0.0,0.0,0.0,0.0,-0.030860759760457733,,
22.200000000000003,4.726489879658889,0.060209763998020555,8.723393668611305,-0.004454557549583491,-0.0037103610756944374,-0.030295118226150552,0.0,0.5495179958078847,-0.6970769028420868,-0.45691315732081655,0.0,-0.0,0.0,0.0,0.0,-0.030860759760457733,,
22.3,5.0799366470263765,-0.21692761941947541,8.622656704766896,-0.02144509835998575,0.011045469864568969,-0.006307822241525289,0.0,0.5464319198318389,-0.7040355351677324,-0.4611454433891676,0.0,-0.0,0.0,0.0,0.0,-0.030860759760457733,,
22.400000000000002,5.317017286300331,-0.010991525962217648,8.289522706990947,-0.030615453529569604,0.012541965785236543,-0.0010279673728681993,0.0,0.5433458438557931,-0.7110071954924945,-0.46535623446971514,0.0,-0.0,0.0,0.0,0.0,-0.030860759760457733,,
22.5,4.997471966641974,0.025326692524077446,8.550174340265492,-0.010589008350799407,0.0026631500883364263,-0.008173807199735402,0.0,0.5402597678797473,-0.7179918174192742,-0.46954549045948557,0.0,-0.0,0.0,0.0,0.0,-0.030860759760457733,,
22.6,4.898833243824754,0.06733459458079905,8.442678722833545,-0.015147118350424723,-0.0009534124478492133,-0.032267570690534,0.0,0.5371736919037015,-0.7249893344275287,-0.4737131714606023,0.0,-0.0,0.0,0.0,0.0,-0.030860759760457733,,
22.700000000000003,5.032941638542856,-0.07152180322093654,8.418394400545868,-0.019598959910655557,-0.00019506230787364988,-0.03545159156643862,0.0,0.5340876159276556,-0.7319996798739039,-0.47785923778066597,0.0,-0.0,0.0,0.0,0.0,-0.030860759760457733,,
22.8,4.891372747055993,-0.02960620001804187,8.32498630311603,-0.014112446792035913,0.01939837589426255,-0.01882014751461105,0.0,0.5310015399516098,-0.7390227869928697,-0.48198364993313225,0.0,-0.0,0.0,0.0,0.0,-0.030860759760457733,,
22.900000000000002,5.139023553525261,-0.016419354791899415,8.695664667392753,-0.027307214921697243,0.015260721485612368,-0.009545415008305722,0.0,0.527915463975564,-0.7460585888973557,-0.48608636863768806,0.0,-0.0,0.0,0.0,0.0,-0.030860759760457733,,
23.0,4.911814730855329,-0.30190869277462934,8.291907942604364,-0.0255204917908192,-0.008813337282532488,-0.025441448472420233,0.0,0.5248293879995182,-0.7531070185793879,-0.4901673548206256,0.0,-0.0,0.0,0.0,0.0,-0.030860759760457733,0.876124757166218,5.789108724746003
23.1,4.925631281428798,0.0206261773117953,8.508876349642309,-0.012357197754411024,0.009539986599477596,-0.02132786428878204,0.0,0.5217433120234723,-0.7601680089107273,-0.4942265696152146,0.0,-0.0,0.0,0.0,0.0,-0.030860759760457733,,
23.200000000000003,4.931780555571548,-0.03556445150697282,8.36937295629371,-0.018184833881597365,-0.010864609327074453,-0.030337964788631523,0.0,0.5186572360474265,-0.7672414926435093,-0.49826397436207226,0.0,-0.0,0.0,0.0,0.0,-0.030860759760457733,,
23.3,4.768645688613624,-0.09858087966263823,8.630709166514535,-0.03164901978654961,-0.008294190821748966,-0.00784711161303491,0.0,0.5155711600713807,-0.7743274024108835,-0.5022795306095316,0.0,-0.0,0.0,0.0,0.0,-0.030860759760457733,,
23.400000000000002,5.122572018667673,0.21123845567821736,8.489657179081997,-0.021954830368089415,-0.007401865411461438,-0.022386472140336438,0.0,0.5124850840953349,-0.781425670727656,-0.5062732001140077,0.0,-0.0,0.0,0.0,0.0,-0.030860759760457733,,
23.5,5.277661735010228,-0.1962137702063847,8.596974361465733,-0.021271492150916792,-0.013965612873363254,-0.023129233740432915,0.0,0.5093990081192891,-0.7885362299909319,-0.5102449448403618,0.0,-0.0,0.0,0.0,0.0,-0.030860759760457733,,
23.6,5.020629409599473,0.17397871009534635,8.590123125395861,-0.009363448180138782,-0.012737686149817327,-0.02183104912112437,0.0,0.5063129321432432,-0.7956590124807588,-0.5141947269622635,0.0,-0.0,0.0,0.0,0.0,-0.030860759760457733,,
23.700000000000003,5.01098204247638,0.10646503050705365,8.445640615370607,-0.012027497428955501,0.0009683563341983951,-0.03938228319224156,0.0,0.5032268561671974,-0.8027939503607722,-0.5181225088625514,0.0,-0.0,0.0,0.0,0.0,-0.030860759760457733,,
23.8,4.749508037066794,0.0035430213802608267,8.575814445961647,-0.005059020044166328,-0.001918789810251499,-0.031851413637385716,0.0,0.5001407801911516,-0.8099409756788414,-0.5220282531335908,0.0,-0.0,0.0,0.0,0.0,-0.030860759760457733,,
23.900000000000002,4.899519080382627,0.030267473171944365,8.466525961234284,-0.029922897523511897,0.00526930918733172,-0.020375637313314196,0.0,0.49705470421510584,-0.8171000203677166,-0.5259119225776304,0.0,-0.0,0.0,0.0,0.0,-0.030860759760457733,,
24.0,5.341801971971638,-0.013635998686614723,8.498667978412431,-0.005746831446636631,-0.012217258998146342,-0.01468400917745425,0.0,0.49396862823906007,-0.8242710162456773,-0.5297734802071563,0.0,-0.0,0.0,0.0,0.0,-0.030860759760457733,0.32793258898465527,-6.386010430229706
24.1,4.878976549137762,-0.21850804003004135,8.522007712162603,-0.02534424275528497,0.0039787870132940726,-0.0395020973186751,0.0,0.4908825522630143,-0.8314538950171816,-0.5336128892452444,0.0,-0.0,0.0,0.0,0.0,-0.030860759760457733,,
24.200000000000003,5.09141343309461,-0.07379533157931126,8.45882727191832,-0.01808489203423631,0.0016323626840740156,-0.0015744473170194624,0.0,0.48779647628696854,-0.8386485882735165,-0.5374301131259107,0.0,-0.0,0.0,0.0,0.0,-0.030860759760457733,,
24.3,4.87364564091708,0.08962732577631023,8.518183458836406,-0.025777891892143582,0.0016850111924592473,-0.03149692770779786,0.0,0.4847104003109228,-0.8458550274934497,-0.5412251154944593,0.0,-0.0,0.0,0.0,0.0,-0.030860759760457733,,
24.400000000000002,5.032105349496816,0.09651084511772721,8.56187544055763,0.0021649780830653286,0.007280212030509478,-0.02315550821294097,0.0,0.481624324334877,-0.8530731440438817,-0.5449978602078289,0.0,-0.0,0.0,0.0,0.0,-0.030860759760457733,,
24.5,5.220326338998575,-0.054681801146592865,8.346386408542486,-0.008612257871265383,-0.0008148782457833885,-0.029716130100524714,0.0,0.47853824835883124,-0.8603028691805001,-0.5487483113349371,0.0,-0.0,0.0,0.0,0.0,-0.030860759760457733,,
24.6,4.910101642547695,0.013759780754505187,8.631282840825433,-0.016903894156741726,-0.019297331766957124,-0.030707786436602616,0.0,0.4754521723827855,-0.867544134048434,-0.5524764331570221,0.0,-0.0,0.0,0.0,0.0,-0.030860759760457733,,
24.700000000000003,4.948425516916327,0.24856614774303556,8.319806363477033,-0.013645780966522853,0.017500376593833848,-0.027013397320124588,0.0,0.4723660964067397,-0.8747968696829094,-0.5561821901679835,0.0,-0.0,0.0,0.0,0.0,-0.030860759760457733,,
24.8,4.924107643915314,-0.3626118920684498,8.42248075704117,-0.01646589931400503,-0.0017600074164029831,-0.013185081598433276,0.0,0.46928002043069394,-0.8820610070099066,-0.5598655470747201,0.0,-0.0,0.0,0.0,0.0,-0.030860759760457733,,
24.900000000000002,5.239320330297973,-0.18013726907220357,8.500387690562066,-0.019589304778326787,-0.012369055303212011,-0.027379868478506007,0.0,0.4661939444546482,-0.8893364768468179,-0.5635264687974662,0.0,-0.0,0.0,0.0,0.0,-0.030860759760457733,,
25.0,5.005153718994882,0.13120427342557578,8.654383264478431,-0.03302345124240791,0.01063583619562706,-0.0351315743870562,0.0,0.4631078684786024,-0.8966232099031062,-0.5671649204701251,0.0,-0.0,0.0,0.0,0.0,-0.030860759760457733,-4.369727891610124,-0.9947072851956303
25.1,5.174450927635306,-0.15140926720282796,8.495205064425255,-0.017704675462533993,0.0014777517178227945,-0.03519100304513398,0.0,0.46002179250255665,-0.9039211367809651,-0.5707808674406024,0.0,-0.0,0.0,0.0,0.0,-0.030860759760457733,,
25.200000000000003,5.054118412866195,-0.005330851824049361,8.47214254388618,-0.023657067243435227,0.01152857463049016,-0.01998635559981723,0.0,0.4569357165265109,-0.91123018797598,-0.5743742752711347,0.0,-0.0,0.0,0.0,0.0,-0.030860759760457733,,
25.3,4.916929606006589,0.14642295150112758,8.424755917727087,0.0003290779613562122,-0.0041895029494380485,-0.0049753716107076296,0.0,0.4538496405504651,-0.9185502938777897,-0.5779451097386183,0.0,-0.0,0.0,0.0,0.0,-0.030860759760457733,,
25.400000000000002,5.11334997355099,-0.06265338351210879,8.371597934017192,-0.012869449892176206,0.002744733338724727,-0.021773641939676628,0.0,0.45076356457441935,-0.9258813847707499,-0.5814933368349352,0.0,-0.0,0.0,0.0,0.0,-0.030860759760457733,,
25.5,5.097362147525526,0.08340943343938431,8.472276460708954,-0.022953055382280214,2.2366887387118054e-05,-0.028788937558131944,0.0,0.4476774885983736,-0.9332233908345963,-0.5850189227672765,0.0,-0.0,0.0,0.0,0.0,-0.030860759760457733,,
25.6,4.915603797106916,-0.059462063154295725,8.417161569309004,-0.020604152417177533,-0.0019112740609209312,-0.021736672375442505,0.0,0.4445914126223278,-0.9405762421451104,-0.5885218339584646,0.0,-0.0,0.0,0.0,0.0,-0.030860759760457733,,
25.700000000000003,4.966473249532355,-0.0389707866363769,8.695882407234453,-0.014362924138341138,0.014581463916540216,-0.04272880106207305,0.0,0.44150533664628205,-0.947939868674785,-0.5920020370472729,0.0,-0.0,0.0,0.0,0.0,-0.030860759760457733,,
25.8,5.003075163569598,-0.024275937231755636,8.45716140112945,-0.023478473112639883,-0.004809915645694449,-0.030402061696621276,0.0,0.4384192606702363,-0.9553142002934913,-0.5954594988887438,0.0,-0.0,0.0,0.0,0.0,-0.030860759760457733,,
25.900000000000002,4.568439374621265,-0.31764765576771115,8.529179956553362,-0.0047503623197352705,0.0032153396801529784,-0.016469911593400253,0.0,0.4353331846941905,-0.9626991667691469,-0.5988941865545037,0.0,-0.0,0.0,0.0,0.0,-0.030860759760457733,,
26.0,4.81108583628628,0.13417696236670867,8.395134374256916,-0.016184952915123934,0.0012238834060160958,-0.005767644244693497,0.0,0.43224710871814476,-0.9700946977683843,-0.602306067333077,0.0,-0.0,0.0,0.0,0.0,-0.030860759760457733,3.1898288970832582,6.596324507611362
26.1,4.84207545702387,0.09279916828479462,8.57038584157288,-0.012940628274019116,-0.01310225078205985,-0.036136116363241946,0.0,0.429161032742099,-0.9775007228572211,-0.605695108730198,0.0,-0.0,0.0,0.0,0.0,-0.030860759760457733,,
26.200000000000003,4.920759185556508,0.32891648083148267,8.462880401510313,-0.02916659735669846,0.0024427906634564614,-0.015887321279365856,0.0,0.4260749567660532,-0.9849171715017306,-0.6090612784691198,0.0,-0.0,0.0,0.0,0.0,-0.030860759760457733,,
26.3,5.1183369724597485,0.15540387820270124,8.623152016571792,-0.006948295181044766,-0.0018228305583483642,-0.02281837028598197,0.0,0.42298888079000746,-0.9923439730687138,-0.6124045444909219,0.0,-0.0,0.0,0.0,0.0,-0.030860759760457733,,
26.400000000000002,5.079901761839476,0.017587857652412497,8.572684640888701,-0.015218047543761534,0.01206263659372927,-0.03844747056800361,0.0,0.4199028048139617,-0.9997810568263718,-0.6157248749548154,0.0,-0.0,0.0,0.0,0.0,-0.030860759760457733,,
26.5,4.926087629109417,0.06082221964445583,8.424304558211967,-0.01688090939989538,0.004882611915092122,-0.01809062571082649,0.0,0.41681672883791593,-1.0072283519449796,-0.6190222382384468,0.0,-0.0,0.0,0.0,0.0,-0.030860759760457733,,
26.6,5.01208230881731,0.10382463237003925,8.412017263240154,-0.025350907001705204,-0.0044407835175874185,-0.024073286038415208,0.0,0.41373065286187016,-1.0146857874975608,-0.6222966029381983,0.0,-0.0,0.0,0.0,0.0,-0.030860759760457733,,
26.700000000000003,5.125454658048405,0.009438088885520333,8.487817636093085,-0.010111497834123713,-0.005450792728444004,-0.04150726086380009,0.0,0.4106445768858244,-1.0221532924605627,-0.6255479378694876,0.0,-0.0,0.0,0.0,0.0,-0.030860759760457733,,
26.8,4.620031735659102,-0.35916185501418485,8.527603763213374,-0.02505847375517078,-0.01478185886044889,-0.017537084148807475,0.0,0.40755850090977863,-1.0296307957145332,-0.6287762120670645,0.0,-0.0,0.0,0.0,0.0,-0.030860759760457733,,
26.900000000000002,4.825205909783602,0.01453624616739824,8.406870551798344,0.001446919200573481,-0.005755654324052489,-0.024812149826853865,0.0,0.40447242493373287,-1.0371182260447978,-0.631981394785306,0.0,-0.0,0.0,0.0,0.0,-0.030860759760457733,,
27.0,5.194377899781959,-0.019297246983525963,8.375432248405435,-0.012758347836990702,0.01370075103628945,-0.017853936994354797,0.0,0.4013863489576871,-1.0446155121421379,-0.635163455498509,0.0,-0.0,0.0,0.0,0.0,-0.030860759760457733,0.023782961169776407,2.3395927440519615
27.1,5.077682032453053,0.04322462154313651,8.653187816582019,-0.019056889083724854,0.017765959154188972,-0.03095146817038972,0.0,0.39830027298164133,-1.0521225826034701,-0.6383223639011812,0.0,-0.0,0.0,0.0,0.0,-0.030860759760457733,,
27.200000000000003,5.208975224864964,-0.05373873974121117,8.729956776520458,-0.021903625839016134,-0.008370904702558048,-0.020619554012540398,0.0,0.39521419700559557,-1.059639365932526,-0.6414580899083295,0.0,-0.0,0.0,0.0,0.0,-0.030860759760457733,,
27.3,5.027686497682323,-0.20120356825726093,8.467520835699322,-0.013566193604000451,-0.012374976884494904,-0.025127281380477755,0.0,0.3921281210295498,-1.0671657905405334,-0.6445706036557467,0.0,-0.0,0.0,0.0,0.0,-0.030860759760457733,,
27.400000000000002,5.319540189072084,0.022322404473989227,8.587440533298228,-0.005627021931859683,0.0064632645644437945,-0.023244365611119606,0.0,0.38904204505350404,-1.0747017847468976,-0.6476598755002957,0.0,-0.0,0.0,0.0,0.0,-0.030860759760457733,,
27.5,4.847748124955572,-0.10452936744994723,8.465974808149213,-0.0016201213999324903,0.0008432873552412968,-0.016681404547530646,0.0,0.38595596907745827,-1.082247276779885,-0.6507258760201922,0.0,-0.0,0.0,0.0,0.0,-0.030860759760457733,,
27.6,5.023394120511528,0.09001413908797792,8.325700047169594,-0.023782568024309874,0.0018129244335778425,-0.018196602787391564,0.0,0.3828698931014125,-1.0898021947773053,-0.6537685760152844,0.0,-0.0,0.0,0.0,0.0,-0.030860759760457733,,
27.700000000000003,4.776441309247485,-0.06515568342858674,8.312407826303836,-0.013731102178506942,-0.0018180374646987935,-0.02542437042490637,0.0,0.37978381712536674,-1.0973664667871972,-0.6567879465073315,0.0,-0.0,0.0,0.0,0.0,-0.030860759760457733,,
27.8,5.1179887987912736,-0.033076285438696285,8.484104051432594,-0.0026792575568683266,-0.015615263064745737,-0.02511329721150196,0.0,0.376697741149321,-1.104940020768513,-0.6597839587402798,0.0,-0.0,0.0,0.0,0.0,-0.030860759760457733,,
27.900000000000002,4.9342856424105985,-0.08899851532357833,8.452579678798767,-0.006311149250704128,5.908801468986558e-06,-0.01685606702450567,0.0,0.3736116651732752,-1.1125227845918046,-0.662756584180536,0.0,-0.0,0.0,0.0,0.0,-0.030860759760457733,,
28.0,4.8873798876694545,0.05652544059954376,8.535612973453542,-0.004338238470550589,-0.007798016405268872,-0.007445836294277112,0.0,0.37052558919722944,-1.1201146860399112,-0.6657057945172393,0.0,-0.0,0.0,0.0,0.0,-0.030860759760457733,-0.19041965460214993,-0.05714920456210515
28.1,4.9783187480595945,0.1127404698731099,8.398965262521466,-0.02283363955158815,0.003555566143531099,-0.021043723328819278,0.0,0.3674395132211837,-1.1277156528086458,-0.6686315616625312,0.0,-0.0,0.0,0.0,0.0,-0.030860759760457733,,
28.200000000000003,4.854612379078886,0.18511930014050773,8.363017621230991,-0.002934571824186419,-0.015157248456664843,-0.005415857720398522,0.0,0.3643534372451379,-1.1353256125074855,-0.6715338577518227,0.0,-0.0,0.0,0.0,0.0,-0.030860759760457733,,
28.3,4.714464493999396,0.051551366604823526,8.436964078518576,-0.015350307468574671,0.005945695164960541,-0.016508456461937136,0.0,0.36126736126909215,-1.1429444926602592,-0.6744126551440598,0.0,-0.0,0.0,0.0,0.0,-0.030860759760457733,,
28.400000000000002,4.89848182937135,-0.08817966359570023,8.284143556661158,-0.0069156280851944245,0.010705273378937319,-0.02868617772256126,0.0,0.3581812852930464,-1.150572220705839,-0.6772679264219866,0.0,-0.0,0.0,0.0,0.0,-0.030860759760457733,,
28.5,5.144836995683571,-0.05555008704765929,8.573655914073138,-0.027784441939445383,0.0028346267004223376,-0.005753389647760319,0.0,0.3550952093170006,-1.1582087239988312,-0.6800996443924069,0.0,-0.0,0.0,0.0,0.0,-0.030860759760457733,,
28.6,5.076820404374182,-0.014741540951593305,8.510922889008068,-0.014209437630325807,0.003047561095153052,-0.009960228766472201,0.0,0.35200913334095485,-1.1658539298102673,-0.6829077820864424,0.0,-0.0,0.0,0.0,0.0,-0.030860759760457733,,
28.700000000000003,4.820414947714165,0.22964690297357776,8.54926941792142,-0.01378164312464971,0.0017744244724133013,-0.027672340033945156,0.0,0.3489230573649091,-1.1735077653282977,-0.6856923127597905,0.0,-0.0,0.0,0.0,0.0,-0.030860759760457733,,
28.8,4.973671820030409,0.09511585321526013,8.423987522596034,0.0023553884685837707,-0.009827435414431651,-0.013097576960355439,0.0,0.3458369813888633,-1.1811701576588847,-0.688453209892978,0.0,-0.0,0.0,0.0,0.0,-0.030860759760457733,,
28.900000000000002,5.289578419477507,0.006676976320477725,8.231011888804243,-0.017819917097995956,-0.003526387785340282,-0.01936472692181882,0.0,0.34275090541281755,-1.1888410338264963,-0.6911904471916145,0.0,-0.0,0.0,0.0,0.0,-0.030860759760457733,,
29.0,4.754704657623501,0.0820284560684526,8.757933849442571,-0.014796395526534145,-0.0019846919961853103,-0.014473273281812162,0.0,0.3396648294367718,-1.1965203207748023,-0.6939039985866423,0.0,-0.0,0.0,0.0,0.0,-0.030860759760457733,-14.99041239832231,2.6067394547121423
29.1,4.722787392744246,0.11424006974425326,8.448068229242331,-0.013493765978751656,-0.01445181662312411,-0.027302643714407007,0.0,0.336578753460726,-1.2042079453673689,-0.6965938382345851,0.0,-0.0,0.0,0.0,0.0,-0.030860759760457733,,
29.200000000000003,5.034637314524593,0.298977927442799,8.134489750591538,-0.0352137444385146,-0.02722779700750008,-0.011182441712733476,0.0,0.33349267748468026,-1.211903834388356,-0.6992599405177935,0.0,-0.0,0.0,0.0,0.0,-0.030860759760457733,,
29.3,4.911015021616692,0.31837113844837917,8.360421860153224,-0.006900143952410613,-0.016714555391092026,-0.024663993411165548,0.0,0.3304066015086345,-1.2196079145432142,-0.7019022800446898,0.0,-0.0,0.0,0.0,0.0,-0.030860759760457733,,
29.400000000000002,5.079912241225817,0.0386583883920934,8.476630345630449,-0.004404320081515541,-0.010948586882203735,-0.01546137555552356,0.0,0.3273205255325887,-1.2273201124593829,-0.7045208316500091,0.0,-0.0,0.0,0.0,0.0,-0.030860759760457733,,
29.5,4.683318551147562,0.19290730348657859,8.233775368362947,-0.015841639478779358,0.006540637064986079,-0.008652755777570718,0.0,0.32423444955654296,-1.2350403546869893,-0.7071155703950396,0.0,-0.0,0.0,0.0,0.0,-0.030860759760457733,,
29.6,5.002748933620084,0.04807464916256151,8.492889076742816,-0.013730435928240099,0.004817767730010066,-0.03439036891296893,0.0,0.3211483735804972,-1.2427685676995475,-0.7096864715678594,0.0,-0.0,0.0,0.0,0.0,-0.030860759760457733,,
29.700000000000003,4.856611104870655,-0.24988679272916023,8.720224274010636,-0.030445350342603164,-0.023236410706924056,-0.01887121062283091,0.0,0.3180622976044514,-1.250504677894659,-0.7122335106835723,0.0,-0.0,0.0,0.0,0.0,-0.030860759760457733,,
29.8,4.916641455580447,0.000780463419799253,8.787794365646144,-0.02478160295884708,0.0095508663572366,-0.029605556263057428,0.0,0.31497622162840566,-1.2582486115947136,-0.7147566634845414,0.0,-0.0,0.0,0.0,0.0,-0.030860759760457733,,
29.900000000000002,4.88262247052873,0.07188521710227827,8.448917030193197,-0.013430357651550972,-5.4317541310845196e-05,-0.02029193113996683,0.0,0.3118901456523599,-1.2660002950475913,-0.7172559059406189,0.0,-0.0,0.0,0.0,0.0,-0.030860759760457733,,
30.0,4.953998980141398,-0.08493517575040874,8.52955716564195,-0.01728779424238257,0.022384043520302457,-0.018875510437480418,0.0,0.30880406967631413,-1.2737596544273646,-0.7197312142493765,0.0,-0.0,0.0,0.0,0.0,-0.030860759760457733,-2.398513095343916,-0.3699755754398204
30.1,5.025448305215587,0.1332283920535633,8.285956152543644,-0.0024133042770650027,0.008004872337412957,-0.006242603053737115,0.0,0.30571799370026836,-1.2815266158350014,-0.7221825648363306,0.0,-0.0,0.0,0.0,0.0,-0.030860759760457733,,
30.200000000000003,4.973675053870974,0.12194442156630421,8.575140826273913,-0.024975897081409702,0.003362687249503484,-0.010255482051387986,0.0,0.3026319177242226,-1.289301105299069,-0.724609934355168,0.0,-0.0,0.0,0.0,0.0,-0.030860759760457733,,
30.3,5.178596826966925,0.2439114567934037,8.322745974776202,-0.006986535463431269,-0.011913886353874201,-0.01396099220632413,0.0,0.29954584174817683,-1.2970830487764387,-0.7270132996879675,0.0,-0.0,0.0,0.0,0.0,-0.030860759760457733,,
30.400000000000002,4.77340037851651,0.15693890797143661,8.445764154352668,-0.04602030384689738,-0.001034521516881983,-0.028853231579700298,0.0,0.29645976577213107,-1.3048723721529907,-0.7293926379454205,0.0,-0.0,0.0,0.0,0.0,-0.030860759760457733,,
30.5,5.0169327600425015,0.06830581884881591,8.629514352190043,0.004146999153983111,0.019350640496073428,-0.023442440857232592,0.0,0.2933736897960853,-1.31266900124432,-0.7317479264670489,0.0,-0.0,0.0,0.0,0.0,-0.030860759760457733,,
30.6,5.1309932436834504,-0.013637567768422166,8.717648536487212,-0.018259062872532192,0.004325431888439708,-0.048143188165257034,0.0,0.29028761382003954,-1.3204728617964436,-0.7340791428214207,0.0,-0.0,0.0,0.0,0.0,-0.030860759760457733,,
30.700000000000003,5.197096440632645,-0.22037006529841255,8.543402303316533,-0.0026476502816455538,-0.004248623268781056,-0.030521977225364344,0.0,0.28720153784399377,-1.3282838794865062,-0.7363862648063638,0.0,-0.0,0.0,0.0,0.0,-0.030860759760457733,,
30.8,4.8558193656506585,0.2282623822376949,8.482875728270797,-0.027049602417376865,-0.01335959855575385,-0.015930974817110793,0.0,0.284115461867948,-1.3361019799234897,-0.7386692704491775,0.0,-0.0,0.0,0.0,0.0,-0.030860759760457733,,
30.900000000000002,4.755331080830752,0.19262001040973817,8.328125375259797,-0.035694644150782,0.003247852660967238,-0.018856756788785088,0.0,0.28102938589190224,-1.3439270886489203,-0.7409281380068418,0.0,-0.0,0.0,0.0,0.0,-0.030860759760457733,,
31.0,4.898878254658651,0.12297629921351727,8.375111629622364,-0.01406462456776904,-0.005348519291166904,-0.013926335971268858,0.0,0.2779433099158565,-1.351759131137579,-0.7431628459662241,0.0,-0.0,0.0,0.0,0.0,-0.030860759760457733,-3.9598253525863987,-1.1590170799498054
31.1,5.031093513391861,-0.0963629953341655,8.317944529559812,-0.005861300988007433,0.012171631940327804,-0.028775895828936086,0.0,0.2748572339398107,-1.3595980327982098,-0.7453733730442845,0.0,-0.0,0.0,0.0,0.0,-0.030860759760457733,,
31.200000000000003,4.763354884477614,0.013012704453602052,8.413553028466657,-0.02211840653983758,0.013366210172769248,-0.02802631271776415,0.0,0.27177115796376494,-1.3674437189742317,-0.7475596981882785,0.0,-0.0,0.0,0.0,0.0,-0.030860759760457733,,
31.3,4.848885078000557,-0.07275633811899992,8.56405811678027,-0.02755960743563144,0.0033596340668205307,-0.0148332607777476,0.0,0.2686850819877192,-1.3752961149444483,-0.7497218005759572,0.0,-0.0,0.0,0.0,0.0,-0.030860759760457733,,
31.400000000000002,4.981633861455665,0.060650154641731915,8.638445665582063,-0.0337851342298041,-0.000983293456985757,-0.03395071231867046,0.0,0.2655990060116734,-1.3831551459237603,-0.7518596596157658,0.0,-0.0,0.0,0.0,0.0,-0.030860759760457733,,
31.5,5.02520924363947,-0.23029730419472141,8.875655156968417,-0.00828845269434715,0.0015665663765315108,-0.003212386778610986,0.0,0.26251293003562765,-1.3910207370638779,-0.7539732549470399,0.0,-0.0,0.0,0.0,0.0,-0.030860759760457733,,
31.6,4.969142989996699,-0.027765467346892097,8.242626303729796,-0.010926642341414279,-0.015215306461684841,-0.02915747003906711,0.0,0.2594268540595819,-1.3988928134540326,-0.7560625664401989,0.0,-0.0,0.0,0.0,0.0,-0.030860759760457733,,
31.700000000000003,4.753211084661084,-0.1151601306847216,8.312627563609418,-0.004016407701568636,0.0027834334667225695,-0.005174445803698389,0.0,0.2563407780835361,-1.406771300121692,-0.7581275741969381,0.0,-0.0,0.0,0.0,0.0,-0.030860759760457733,,
31.8,5.015893804156934,0.34931156118872136,8.440154039375157,-0.012675616635572507,0.007095458427259937,-0.02541084022623188,0.0,0.25325470210749035,-1.4146561220332725,-0.7601682585504183,0.0,-0.0,0.0,0.0,0.0,-0.030860759760457733,,
31.900000000000002,4.999685267981818,0.131518468590755,8.589940439341511,-0.01565607178077595,0.00935713907292727,-0.03913982730879925,0.0,0.2501686261314446,-1.422547204094855,-0.7621846000654525,0.0,-0.0,0.0,0.0,0.0,-0.030860759760457733,,
32.0,4.863563754623618,0.06652179320583909,8.439429099107493,0.008528276658545783,0.004902230288171825,-0.019551793862605235,0.0,0.24708255015539882,-1.4304444711528994,-0.764176579538692,0.0,-0.0,0.0,0.0,0.0,-0.030860759760457733,-4.27901034540643,1.704476026322761
32.1,4.892081519709062,0.01464880933977342,8.189559168220718,-0.029443411056659964,0.0042079133733293975,-0.025928975916815714,0.0,0.24399647417935305,-1.4383478479949605,-0.7661441779988083,0.0,-0.0,0.0,0.0,0.0,-0.030860759760457733,,
32.2,5.110826610188231,0.08786330610350364,8.727820505248383,-0.020399832891686145,0.015540185769222859,-0.027831863242188247,0.0,0.24091039820330729,-1.4462572593504046,-0.7680873767066743,0.0,-0.0,0.0,0.0,0.0,-0.030860759760457733,,
32.300000000000004,5.089025719042404,0.12703408036987462,8.308678355572372,-0.007908369620788686,0.00661989441126746,-0.004846474116679728,0.0,0.23782432222726152,-1.454172629891126,-0.7700061571555425,0.0,-0.0,0.0,0.0,0.0,-0.030860759760457733,,
32.4,5.140347833553737,0.12340932579239887,8.560201883353725,-0.03267227183028024,-0.0034572193662037744,-0.030808044035053318,0.0,0.23473824625121575,-1.4620938842322646,-0.7719005010712219,0.0,-0.0,0.0,0.0,0.0,-0.030860759760457733,,
32.5,4.859155304435149,0.10714951969168865,8.502829499920303,-0.014745363207899763,-0.0013804930574000105,-0.02706664852553983,0.0,0.23165217027517,-1.470020946932924,-0.773770390412251,0.0,-0.0,0.0,0.0,0.0,-0.030860759760457733,,
32.6,4.828949645131242,0.23170497909187482,8.362269081994876,-0.016496439291395503,0.0003922966446465795,-0.022396023339656346,0.0,0.22856609429912422,-1.4779537424968896,-0.7756158073700705,0.0,-0.0,0.0,0.0,0.0,-0.030860759760457733,,
32.7,4.8340162208770305,0.044314454542382184,8.572741478623454,-0.0002580154366880836,-0.002219615535852257,-0.03786483766026409,0.0,0.22548001832307846,-1.485892195373348,-0.7774367343691925,0.0,-0.0,0.0,0.0,0.0,-0.030860759760457733,,
32.800000000000004,4.885662247912107,0.09028505565253711,8.60915592214204,-0.0050313347676229445,0.009124371403644825,-0.03847889495026839,0.0,0.2223939423470327,-1.493836229957606,-0.7792331540673679,0.0,-0.0,0.0,0.0,0.0,-0.030860759760457733,,
32.9,5.03721103287186,0.080378483538814,8.645527667336298,0.007315471970723039,0.012835474225094557,-0.03094651696182498,0.0,0.21930786637098693,-1.5017857705918114,-0.7810050493557519,0.0,-0.0,0.0,0.0,0.0,-0.030860759760457733,,
33.0,4.955785830591405,-0.056856985675911464,8.697806999095558,-0.020081003629386206,-0.016071983975087686,-0.01828567985077732,0.0,0.21622179039494116,-1.509740741565673,-0.7827524033590663,0.0,-0.0,0.0,0.0,0.0,-0.030860759760457733,3.3144025211498693,2.697040763356468
33.1,5.075321221398229,-0.03570923553842552,8.307454118201703,-0.01403898285664647,-0.014769152552875397,-0.036022015155706334,0.0,0.2131357144188954,-1.5177010671171818,-0.7844751994357608,0.0,-0.0,0.0,0.0,0.0,-0.030860759760457733,,
33.2,5.081635474382961,-0.0022876718374740604,8.621969759321933,-0.009870427993571936,-0.0031191836819577457,-0.007938863776973382,0.0,0.21004963844284963,-1.5256666714333327,-0.7861734211781715,0.0,-0.0,0.0,0.0,0.0,-0.030860759760457733,,
33.300000000000004,4.89718476978296,-0.1140888956105764,8.531428236264544,-0.0008421295231805688,-0.009270273027334663,-0.02526477595517411,0.0,0.20696356246680386,-1.5336374786508464,-0.7878470524126765,0.0,-0.0,0.0,0.0,0.0,-0.030860759760457733,,
33.4,4.7694544483930885,0.03933913299413828,8.449236394913347,-0.020288492433105394,-0.01804868506515689,-0.01874272119852039,0.0,0.2038774864907581,-1.5416134128568917,-0.7894960771998507,0.0,-0.0,0.0,0.0,0.0,-0.030860759760457733,,
33.5,4.694065121961711,0.03943233003081443,8.732808670688915,-0.018758515409305065,0.012295587613214358,-0.013443274648525802,0.0,0.20079141051471233,-1.5495943980898088,-0.7911204798346173,0.0,-0.0,0.0,0.0,0.0,-0.030860759760457733,,
33.6,4.995292113595585,0.00926618037173828,8.233124694125722,-0.01073462932468043,0.0015203144470148546,-0.030512105886201513,0.0,0.19770533453866657,-1.5575803583398329,-0.7927202448463972,0.0,-0.0,0.0,0.0,0.0,-0.030860759760457733,,
33.7,5.2523723487645055,-0.28281276036229047,8.617811050743839,-0.006276666706552402,-0.01878741209799954,-0.043676984805255684,0.0,0.1946192585626208,-1.5655712175498173,-0.7942953569992568,0.0,-0.0,0.0,0.0,0.0,-0.030860759760457733,,
33.800000000000004,5.18562247999374,0.3126315731070543,8.469259677728404,-0.027685079392006054,0.007664293587911926,-0.008217478719450465,0.0,0.19153318258657503,-1.5735668996159589,-0.7958458012920524,0.0,-0.0,0.0,0.0,0.0,-0.030860759760457733,,
33.9,4.771443078282895,0.14920550938815766,8.437705360659999,-0.005120048969413251,-0.0020300270342118905,-0.018337935945059745,0.0,0.18844710661052927,-1.5815673283885219,-0.7973715629585737,0.0,-0.0,0.0,0.0,0.0,-0.030860759760457733,,
34.0,4.997207817149852,0.25893864140901107,8.21739605277494,-0.0040095006062673254,-0.0011095722021857192,-0.02652232917859337,0.0,0.1853610306344835,-1.5895724276725638,-0.7988726274676843,0.0,-0.0,0.0,0.0,0.0,-0.030860759760457733,-3.065938421680684,0.5902223662146748
34.1,5.031909666056239,0.20870884737822756,8.531121938427395,0.00550158000034995,0.018330749108833585,-0.021353762619066418,0.0,0.18227495465843774,-1.5975821212286607,-0.8003489805234598,0.0,-0.0,0.0,0.0,0.0,-0.030860759760457733,,
34.2,4.817820965503673,-0.039828188143679735,8.435943038990766,-0.016179542765471375,-0.008238546142401883,-0.014304168012118115,0.0,0.17918887868239197,-1.6055963327736338,-0.8018006080653244,0.0,-0.0,0.0,0.0,0.0,-0.030860759760457733,,
34.300000000000004,5.113929985247665,-0.017172007444679126,8.724067125709007,-0.02249493358883472,0.0007129080938598585,-0.027081783719427037,0.0,0.1761028027063462,-1.6136149859812752,-0.8032274962681843,0.0,-0.0,0.0,0.0,0.0,-0.030860759760457733,,
34.4,4.833170978282222,0.08848542987561105,8.313309517932105,-0.017916641016345814,0.009452844384519305,-0.009440167610029224,0.0,0.17301672673030044,-1.6216380044830756,-0.80462963154256,0.0,-0.0,0.0,0.0,0.0,-0.030860759760457733,,
34.5,5.003796551713506,0.1589288422800629,8.281607799099943,-0.025968593120691896,0.029036907227727768,-0.0014113038492421584,0.0,0.16993065075425468,-1.629665311868951,-0.8060070005347147,0.0,-0.0,0.0,0.0,0.0,-0.030860759760457733,,
34.6,5.208213989942065,-0.0849574784117016,8.358677706050617,-0.01173601031405618,0.008916286926320209,-0.025096902034525217,0.0,0.1668445747782089,-1.6376968316879708,-0.807359590126783,0.0,-0.0,0.0,0.0,0.0,-0.030860759760457733,,
34.7,4.884626215119227,0.08034133352044906,8.486024538675899,-0.013886266495643168,0.006062813192642968,-0.0241370229265415,0.0,0.16375849880216314,-1.6457324874490857,-0.8086873874368944,0.0,-0.0,0.0,0.0,0.0,-0.030860759760457733,,
34.800000000000004,4.9261495179500825,0.09953897680127319,8.655279190910969,-0.01347721913998744,0.009135507576336315,-0.010322779083638824,0.0,0.16067242282611738,-1.6537722026218566,-0.8099903798192967,0.0,-0.0,0.0,0.0,0.0,-0.030860759760457733,,
34.9,5.017109110404992,-0.012028537576291212,8.53511721336389,-0.014507508716596446,0.012797951121009706,-0.015074870812286026,0.0,0.1575863468500716,-1.6618159006371827,-0.8112685548644762,0.0,-0.0,0.0,0.0,0.0,-0.030860759760457733,,
35.0,4.80957560436468,0.14928852608163015,8.46002818631008,-0.023854921300708706,-0.005206711349952775,-0.03920374244534378,0.0,0.15450027087402585,-1.6699443201056046,-0.8125344866782398,0.0,-0.0,0.0,0.0,0.0,-0.04785689987922636,1.0297315522179626,-1.4029725963134974
35.1,4.938523345999909,0.2706190920165482,8.433529010601097,-0.0325415979519384,0.006591129954627143,-0.03998822478628894,0.0,0.1497145808861032,-1.6780787048263859,-0.8137615040481405,0.0,-0.0,0.0,0.0,0.0,-0.04785689987922636,,
35.2,4.883564149771907,-0.021164104698180444,8.491873033517576,-0.0155626866191877,0.008091855276094087,-0.0263856550885168,0.0,0.14492889089818056,-1.6862188684994628,-0.8149495788720634,0.0,-0.0,0.0,0.0,0.0,-0.04785689987922636,,
35.300000000000004,4.834256198222221,0.1549056702723835,8.48913084914257,-0.042140616368236274,-0.026003619972570696,-0.058188884869909654,0.0,0.14014320091025792,-1.694364624692417,-0.8160986839397864,0.0,-0.0,0.0,0.0,0.0,-0.04785689987922636,,
35.4,4.962058440832058,0.16365949432386226,8.372884286350258,-0.004594618695469014,0.0014923675816177274,-0.04182004243519263,0.0,0.13535751092233528,-1.7025157868447465,-0.817208792933603,0.0,-0.0,0.0,0.0,0.0,-0.04785689987922636,,
35.5,4.7222080334590215,0.1629668163416908,8.29191652193021,-0.009238971596746543,0.008956715059853385,-0.04951988770293294,0.0,0.13057182093441264,-1.710672168272137,-0.818279880428926,0.0,-0.0,0.0,0.0,0.0,-0.04785689987922636,,
35.6,5.064275980347542,0.13643818324072915,8.61668805207953,-0.023807119978198926,-0.0050761371828945915,-0.04177649016267898,0.0,0.12578613094649,-1.7188335821707392,-0.8193119218948685,0.0,-0.0,0.0,0.0,0.0,-0.04785689987922636,,
35.7,4.928738741681374,-0.014026624708997185,8.342190518047698,-0.02135634221373871,0.0014029074580935367,-0.045418822494624395,0.0,0.12100044095856735,-1.7269998416214454,-0.8203048936948069,0.0,-0.0,0.0,0.0,0.0,-0.04785689987922636,,
35.800000000000004,4.984446502209289,0.03151142453923246,8.671227308036917,-0.02311015914054547,-0.009739341718758007,-0.0409701681332804,0.0,0.11621475097064471,-1.7351707595941714,-0.8212587730869216,0.0,-0.0,0.0,0.0,0.0,-0.04785689987922636,,
35.9,4.9921828050630435,-0.060374899392688905,8.502941018095164,-0.029239431309274484,0.011281891507869866,-0.04480413240812336,0.0,0.11142906098272207,-1.7433461489521405,-0.8221735382247181,0.0,-0.0,0.0,0.0,0.0,-0.04785689987922636,,
36.0,4.7933687933707665,0.18793325551412335,8.408503314121822,-0.015515599995637496,0.01799812674115718,-0.02785873656668788,0.0,0.10664337099479942,-1.7515258224561678,-0.8230491681575269,0.0,-0.0,0.0,0.0,0.0,-0.04785689987922636,3.956113219563669,-2.3465160309719213
36.1,4.764695537296427,-0.02552425377792805,8.352845149627441,-0.03585694938422979,0.024002366813099554,-0.04204540223337916,0.0,0.10185768100687678,-1.7597095927689506,-0.8238856428309843,0.0,-0.0,0.0,0.0,0.0,-0.04785689987922636,,
36.2,5.057898907403582,0.08300327351364929,8.389133377520809,-0.03731643598811088,-0.005209807754211203,-0.011265294967734641,0.0,0.09707199101895414,-1.7678972724593571,-0.8246829430874906,0.0,-0.0,0.0,0.0,0.0,-0.04785689987922636,,
36.300000000000004,5.178316511780246,0.01865055525238932,8.54605654691582,-0.014985214084788534,-0.008595696100607574,-0.03749272060573048,0.0,0.0922863010310315,-1.77608867400672,-0.8254410506666493,0.0,-0.0,0.0,0.0,0.0,-0.04785689987922636,,
36.4,4.902435199145665,0.27432722012722216,8.462077462319368,-0.031647251910669326,-0.0032871702527520748,-0.03285801650150298,0.0,0.08750061104310886,-1.7842836098051316,-0.8261599482056858,0.0,-0.0,0.0,0.0,0.0,-0.04785689987922636,,
36.5,4.88319945140375,-0.03406273775312749,8.520948848591065,-0.02569258702830797,-0.008174917593556034,-0.02902852395242351,0.0,0.08271492105518621,-1.7924818921677392,-0.8268396192398443,0.0,-0.0,0.0,0.0,0.0,-0.04785689987922636,,
36.6,4.755543728673631,0.12265837790926432,8.823505114236132,-0.030185804600761555,-0.025014871092031713,-0.034831022080537836,0.0,0.07792923106726357,-1.8006833333310452,-0.8274800482027652,0.0,-0.0,0.0,0.0,0.0,-0.04785689987922636,,
36.7,4.856188051572752,0.19859718839730728,8.464067070166935,-0.004528367273016944,0.007001478393300471,-0.04202449136289649,0.0,0.07314354107934093,-1.8088877454592065,-0.8280812204268417,0.0,-0.0,0.0,0.0,0.0,-0.04785689987922636,,
36.800000000000004,5.097892234061499,0.13469671739720865,8.444404761904806,-0.01869841102138475,-0.0020324915700725295,-0.03197469582389213,0.0,0.06835785109141829,-1.817094940648336,-0.8286431221435557,0.0,-0.0,0.0,0.0,0.0,-0.04785689987922636,,
36.9,5.021050503204483,-0.09528434700678463,8.541125673889711,-0.011302797684637877,0.007980156564757404,-0.019232885134871525,0.0,0.06357216110349564,-1.825304730930808,-0.829165740483793,0.0,-0.0,0.0,0.0,0.0,-0.04785689987922636,,
37.0,5.097013390008078,-0.07682202015470806,8.4324204729777,-0.0067383205942230205,-0.0021077160641539646,-0.05021718129839605,0.0,0.05878647111557301,-1.8335169282795605,-0.829649063478138,0.0,-0.0,0.0,0.0,0.0,-0.04785689987922636,5.16123063027014,3.4190488141129247
37.1,4.859579002110721,0.009134097726525913,8.296008882482521,-0.0043639916975250805,0.011574442389537356,-0.036292400951903336,0.0,0.054000781127650374,-1.8417313446124037,-0.8300930800571483,0.0,-0.0,0.0,0.0,0.0,-0.04785689987922636,,
37.2,5.223412686900233,0.49171327699578166,8.30749299992021,-0.015148439973731106,-0.006338588253126815,-0.02722533331667551,0.0,0.04921509113972774,-1.8499477917963272,-0.8304977800516076,0.0,-0.0,0.0,0.0,0.0,-0.04785689987922636,,
37.300000000000004,4.653770489112104,0.03734357371328431,8.202300244981265,-0.038369539707731,0.00463612441940578,-0.028096221549133313,0.0,0.044429401151805104,-1.858166081651808,-0.8308631541927589,0.0,-0.0,0.0,0.0,0.0,-0.04785689987922636,,
37.4,5.239780594952848,0.06976301409518461,8.584500874989471,-0.04749268041400922,0.022719881763833296,-0.028190235291410685,0.0,0.03964371116388247,-1.8663860259571208,-0.8311891941125169,0.0,-0.0,0.0,0.0,0.0,-0.04785689987922636,,
37.5,4.893675457508484,0.13176020668350738,8.55636336103835,-0.022840992868901854,0.005513311323939619,-0.04587541718491638,0.0,0.03485802117595983,-1.8746074364526488,-0.8314758923436594,0.0,-0.0,0.0,0.0,0.0,-0.04785689987922636,,
37.6,4.976302696475665,-0.1542573599461559,8.786126987153747,-0.011821242667894933,-0.018159594301253402,-0.05061875336599881,0.0,0.030072331188037198,-1.8828301248451957,-0.8317232423199985,0.0,-0.0,0.0,0.0,0.0,-0.04785689987922636,,
37.7,5.063560562287177,0.15012347800875567,8.658811795088582,-0.021097500643928183,0.006011915172988313,-0.04198761257584242,0.0,0.025286641200114562,-1.8910539028122975,-0.8319312383765308,0.0,-0.0,0.0,0.0,0.0,-0.04785689987922636,,
37.800000000000004,5.054062994872295,0.17145351637753053,8.258451143873746,-0.025739794615682727,0.003906861919360717,-0.04778875143595163,0.0,0.020500951212191927,-1.8992785820065357,-0.8320998757495675,0.0,-0.0,0.0,0.0,0.0,-0.04785689987922636,,
37.9,4.962950652190988,0.160313533837829,8.111559926506127,-0.02676146313959521,-0.007590448497466841,-0.027055707043694283,0.0,0.015715261224269292,-1.9075039740598516,-0.8322291505768429,0.0,-0.0,0.0,0.0,0.0,-0.04785689987922636,,
38.0,4.834882786896682,-0.017824468092373025,8.781996156160696,-0.02748610376962634,-0.0030116025515481188,-0.04249350444471851,0.0,0.010929571236346657,-1.91572989058786,-0.8323190598976036,0.0,-0.0,0.0,0.0,0.0,-0.04785689987922636,-4.043615218717068,5.641366405533042
38.1,4.732603828339667,-0.20476019725204375,8.624846762029708,-0.014735691178531074,0.0005289946051622697,-0.04518860659467179,0.0,0.00614388124842402,-1.9239561431941634,-0.8323696016526757,0.0,-0.0,0.0,0.0,0.0,-0.04785689987922636,,
38.2,4.906685100517865,0.19093050982521093,8.751531604287162,-0.026865122961983554,-0.015939587562363147,-0.03519806039483336,0.0,0.0013581912605013843,-1.9321825434746676,-0.8323807746845123,0.0,-0.0,0.0,0.0,0.0,-0.04785689987922636,,
38.300000000000004,4.99306908876763,-0.011002439307028003,8.482321028877289,-0.03282817852371101,0.015768817954499643,-0.023267998687690396,0.0,-0.003427498727421252,-1.940408903021896,-0.8323525787372198,0.0,-0.0,0.0,-0.0,0.0,-0.04785689987922636,,
38.400000000000006,4.783268791844565,0.031117997029777585,8.607820415062479,-0.03220681663498197,0.0033741987365216108,-0.040257460492265335,0.0,-0.008213188715343888,-1.948635033429305,-0.832285014456564,0.0,-0.0,0.0,-0.0,0.0,-0.04785689987922636,,
38.5,5.04577290443629,0.10637134161334978,8.654555229362645,-0.03632047740704377,-0.0025697660631824816,-0.03954444359030184,0.0,-0.012998878703266523,-1.956860746295599,-0.832178083389955,0.0,-0.0,0.0,-0.0,0.0,-0.04785689987922636,,
38.6,4.807453446138501,0.22388964092016694,8.448616216660787,-0.01046903176045049,0.017794417008949872,-0.04467218574285004,0.0,-0.01778456869118916,-1.965085853229045,-0.8320317879864121,0.0,-0.0,0.0,-0.0,0.0,-0.04785689987922636,,
38.7,5.019541296869677,-0.07863313462714772,8.48839193624208,-0.003174744856984983,0.015859315219268165,-0.03187677208234847,0.0,-0.022570258679111794,-1.9733101658517878,-0.8318461315965073,0.0,-0.0,0.0,-0.0,0.0,-0.04785689987922636,,
38.800000000000004,4.9686881284588,0.17909033801146193,8.4892355753415,-0.010985815774707341,0.004265876897899193,-0.06764754857063827,0.0,-0.02735594866703443,-1.9815334958041642,-0.8316211184722891,0.0,-0.0,0.0,-0.0,0.0,-0.04785689987922636,,
38.900000000000006,4.849636792115502,0.09769095271416842,8.457578213770951,-0.029834182912948894,-0.0016999599946882769,-0.04229059705192538,0.0,-0.03214163865495707,-1.9897556547490165,-0.8313567537671848,0.0,-0.0,0.0,-0.0,0.0,-0.04785689987922636,,
39.0,4.96458568110377,0.007521873867598656,8.433086950234834,-0.021586823185233594,0.00728994829671058,-0.04356883846797115,0.0,-0.0369273286428797,-1.9979764543760066,-0.8310530435358822,0.0,-0.0,0.0,-0.0,0.0,-0.04785689987922636,4.601690962184445,-1.5110611692213047
39.1,4.9338837004384555,0.024136924586869855,8.428809270571598,-0.018944847387799932,-0.018324820617623475,-0.03807639114278497,0.0,-0.04171301863080234,-2.006195706405929,-0.8307099947341914,0.0,-0.0,0.0,-0.0,0.0,-0.04785689987922636,,
39.2,5.003139408538124,0.07122481058381668,8.54641760759119,-0.03834843585053658,0.01613704842857576,-0.0521242879333491,0.0,-0.046498708618724974,-2.0144132225950213,-0.8303276152188854,0.0,-0.0,0.0,-0.0,0.0,-0.04785689987922636,,
39.300000000000004,4.882245011506136,-0.015731335156187572,8.773563334543944,-0.022659516289847376,-0.0009023554824939756,-0.052249408283085594,0.0,-0.05128439860664761,-2.022628814739278,-0.8299059137475201,0.0,-0.0,0.0,-0.0,0.0,-0.04785689987922636,,
39.400000000000006,5.118424485717596,0.12145195208025233,8.387040904572716,-0.024412414413181496,0.01954476611289592,-0.014702451174853678,0.0,-0.056070088594570244,-2.0308422946787585,-0.8294448999782336,0.0,-0.0,0.0,-0.0,0.0,-0.04785689987922636,,
39.5,4.74803269049399,-0.07138759064362474,8.29390454453904,-0.0517459757756624,0.0016895082986536241,-0.03901076968036872,0.0,-0.06085577858249288,-2.039053474301898,-0.828944584469525,0.0,-0.0,0.0,-0.0,0.0,-0.04785689987922636,,
39.6,4.898588579581548,-0.1444775509060173,8.469883543993278,-0.04328739410126647,0.0023628936276437387,-0.036594652453853876,0.0,-0.06564146857041551,-2.047262165549816,-0.8284049786800128,0.0,-0.0,0.0,-0.0,0.0,-0.04785689987922636,,
39.7,5.120787870097341,0.12465818811906096,8.478363610578569,-0.03955465872816323,-0.011635225884070052,-0.029948330121528147,0.0,-0.07042715855833816,-2.055468180420622,-0.8278260949681725,0.0,-0.0,0.0,-0.0,0.0,-0.04785689987922636,,
39.800000000000004,5.0706921413033905,-0.06671382663540154,8.542725766324617,-0.031506620693175995,0.01110048027018454,-0.024882018186844903,0.0,-0.0752128485462608,-2.0636713309737216,-0.8272079465920531,0.0,-0.0,0.0,-0.0,0.0,-0.04785689987922636,,
39.900000000000006,5.105024008881642,-0.26135297691366316,8.563764930387618,-0.005571126023131447,-0.02268077699813619,-0.034919167246654725,0.0,-0.07999853853418344,-2.0718714293341223,-0.8265505477089741,0.0,-0.0,0.0,-0.0,0.0,-0.04785689987922636,,
40.0,4.9206331367157965,0.2845355081190932,8.609424239501339,-0.02354130844274537,-0.008032381021472104,-0.02470395736567827,0.0,-0.08478422852210608,-2.0800682876967347,-0.8258539133752005,0.0,-0.0,0.0,-0.0,0.0,-0.04785689987922636,0.38594993165087255,-0.3813216839778882
40.1,4.771992827665147,0.3433255602143727,8.458109577951715,-0.02076169687504211,0.005752519609692664,-0.03646220760536525,0.0,-0.08956991851002873,-2.088261718330674,-0.8251180595455989,0.0,-0.0,0.0,-0.0,0.0,-0.04785689987922636,,
40.2,4.9371426608705224,-0.08312460997492832,8.503961455297008,-0.034769670784907475,0.013969510551574988,-0.049756350894503656,0.0,-0.09435560849795137,-2.0964515335835614,-0.8243430030732711,0.0,-0.0,0.0,-0.0,0.0,-0.04785689987922636,,
40.300000000000004,4.859347309626085,0.23048703487987396,8.266587401982566,-0.036644224776179596,0.0056388606250793154,-0.027781362759426408,0.0,-0.09914129848587401,-2.1046375458858186,-0.823528761709169,0.0,-0.0,0.0,-0.0,0.0,-0.04785689987922636,,
40.400000000000006,4.737045506531365,-0.20180397824394897,8.40266619386413,-0.019242286089336556,-0.005238318409783297,-0.03316355133615188,0.0,-0.10392698847379665,-2.1128195677549666,-0.8226753541016874,0.0,-0.0,0.0,-0.0,0.0,-0.04785689987922636,,
40.5,5.05196432562965,0.1171660081126372,8.151897228758079,-0.015788246969451775,-0.0001871742614511592,-0.040575160754584526,0.0,-0.1087126784617193,-2.1209974117999177,-0.821782799796237,0.0,-0.0,0.0,-0.0,0.0,-0.04785689987922636,,
40.6,5.114699036403897,0.26555218590181373,8.610289006327918,-0.008964301962419617,-0.009100756055170016,-0.03358100883908782,0.0,-0.11349836844964194,-2.1291708907252684,-0.8208511192347974,0.0,-0.0,0.0,-0.0,0.0,-0.04785689987922636,,
40.7,4.921505589461636,-0.09500904273020733,8.634490850643001,-0.016572607246144126,0.016372338908503585,-0.04708637830637842,0.0,-0.11828405843756458,-2.137339817335589,-0.8198803337554479,0.0,-0.0,0.0,-0.0,0.0,-0.04785689987922636,,
40.800000000000004,4.802081235872227,0.22357648401332433,8.19266334500021,-0.01974175477836352,-0.0024189236406714086,-0.034081689769077675,0.0,-0.12306974842548722,-2.14550400453971,-0.8188704655918797,0.0,-0.0,0.0,-0.0,0.0,-0.04785689987922636,,
40.900000000000006,4.9669171050763135,-0.504733100656457,8.337262501063877,-0.03093148918517919,-0.021889224902727898,-0.04775375004468185,0.0,-0.12785543841340985,-2.153663265355007,-0.8178215378728863,0.0,-0.0,0.0,-0.0,0.0,-0.04785689987922636,,
41.0,5.071288929636771,0.2387453208212779,8.189890963564695,-0.03727930519060168,-0.005400481956173636,-0.03386775310628318,0.0,-0.1326411284013325,-2.1618174129116854,-0.8167335746218334,0.0,-0.0,0.0,-0.0,0.0,-0.04785689987922636,4.544158749271203,-2.6912030442415142
41.1,4.9141293286832495,-0.021826924401473703,8.547079501735311,-0.023973462559452492,-0.012716911541145912,-0.04155311329872332,0.0,-0.13742681838925513,-2.169966260457056,-0.8156066007561096,0.0,-0.0,0.0,-0.0,0.0,-0.04785689987922636,,
41.2,5.114061771166335,-0.10478915789377617,8.43108195715119,-0.025120994562869977,-0.02259871621050594,-0.04970740012056739,0.0,-0.14221250837717778,-2.1781096213598166,-0.8144406420865549,0.0,-0.0,0.0,-0.0,0.0,-0.04785689987922636,,
41.300000000000004,5.173669054222705,-0.25843145219173463,8.518505174677854,-0.018112335478488794,0.012416115787877642,-0.038541167873842846,0.0,-0.14699819836510042,-2.1862473091143233,-0.8132357253168698,0.0,-0.0,0.0,-0.0,0.0,-0.04785689987922636,,
41.400000000000006,4.899226982998201,0.04013734935798055,8.094346919510766,-0.010811055112784858,-0.01145647134155556,-0.03209149493821302,0.0,-0.15178388835302306,-2.194379137344864,-0.8119918780430042,0.0,-0.0,0.0,-0.0,0.0,-0.04785689987922636,,
41.5,4.807167306483919,0.09905504019925487,8.26356351901181,-0.03218852678729155,-0.010291550226406914,-0.032316346162377864,0.0,-0.1565695783409457,-2.202504919809925,-0.8107091287525247,0.0,-0.0,0.0,-0.0,0.0,-0.04785689987922636,,
41.6,4.741419696372131,0.1132350334641935,8.521213209079262,-0.004479079676021319,0.004880825372518576,-0.05055988459986511,0.0,-0.16135526832886835,-2.210624470406458,-0.8093875068239623,0.0,-0.0,0.0,-0.0,0.0,-0.04785689987922636,,
41.7,5.0267988590087604,0.07095015638027792,8.660368156040011,-0.030584654583447803,0.012668308871601924,-0.045929044415127636,0.0,-0.166140958316791,-2.218737603174142,-0.80802704252614,0.0,-0.0,0.0,-0.0,0.0,-0.04785689987922636,,
41.800000000000004,4.827764604158892,-0.1198272257289147,8.603419855873964,-0.03892330090189313,-0.020034200392460885,-0.05661598711377187,0.0,-0.17092664830471363,-2.226844132299642,-0.8066277670174788,0.0,-0.0,0.0,-0.0,0.0,-0.04785689987922636,,
41.900000000000006,5.200444040170554,0.3346717904871084,8.55850627700263,-0.010558203315336717,0.0036180672740370673,-0.045419088266783265,0.0,-0.17571233829263627,-2.2349438721208648,-0.805189712345285,0.0,-0.0,0.0,-0.0,0.0,-0.04785689987922636,,
42.0,4.968486338474127,-0.07881115460580698,8.84645688226599,-0.03595561811655226,0.00045104932913562026,-0.03436848688074418,0.0,-0.18049802828055891,-2.243036637131211,-0.8037129114450154,0.0,-0.0,0.0,-0.0,0.0,-0.04785689987922636,-7.549892202939813,2.094106155365926
42.1,5.028686661565285,-0.04149154074681838,8.45944775400279,-0.038361621991853015,-0.007350008600678978,-0.030253914862530724,0.0,-0.18528371826848156,-2.2511222419838237,-0.8021973981395235,0.0,-0.0,0.0,-0.0,0.0,-0.04785689987922636,,
42.2,4.97253185460052,-0.006272596076576303,8.373724292582857,-0.013344072975057474,0.013746011281650213,-0.049707010059725186,0.0,-0.1900694082564042,-2.259200501495834,-0.8006432071382845,0.0,-0.0,0.0,-0.0,0.0,-0.04785689987922636,,
42.300000000000004,4.8551870087297155,-0.15275801414686765,8.196134565789507,-0.020083841580860698,0.002999975223386262,-0.026511477400831065,0.0,-0.19485509824432684,-2.267271230652602,-0.7990503740366007,0.0,-0.0,0.0,-0.0,0.0,-0.04785689987922636,,
42.400000000000006,4.834720650300509,0.11761837098675501,8.214936923259136,-0.014854167761414057,-0.006897796043774062,-0.0341680685478232,0.0,-0.19964078823224948,-2.2753342446119524,-0.7974189353147862,0.0,-0.0,0.0,-0.0,0.0,-0.04785689987922636,,
42.5,5.021470650309192,-0.011488963118820864,8.665556604577827,-0.037611190742327584,0.009554338500903087,-0.036222143914511465,0.0,-0.20442647822017213,-2.2833893587084115,-0.7957489283373311,0.0,-0.0,0.0,-0.0,0.0,-0.04785689987922636,,
42.6,5.22041867132502,0.18486041272759346,8.460762606545435,-0.03547195676272153,-0.0014748871825475802,-0.036382746466921974,0.0,-0.20921216820809477,-2.291436388457433,-0.7940403913520461,0.0,-0.0,0.0,-0.0,0.0,-0.04785689987922636,,
42.7,4.793443789661812,0.2348731407606906,8.509370240088188,-0.022808378664441357,-0.013705849668502737,-0.03749391335691679,0.0,-0.2139978581960174,-2.299475149559625,-0.7922933634891863,0.0,-0.0,0.0,-0.0,0.0,-0.04785689987922636,,
42.800000000000004,5.297632406769208,-0.15173051236407603,8.466190595293536,-0.025633193101177076,-0.009931983202233423,-0.045898980167692574,0.0,-0.21878354818394005,-2.3075054579049703,-0.7905078847605552,0.0,-0.0,0.0,-0.0,0.0,-0.04785689987922636,,
42.900000000000006,5.136948304284157,-0.08602147170459229,8.436506119014513,-0.016632849474638358,-0.004595578297589795,-0.03132093489722908,0.0,-0.2235692381718627,-2.3155271295770445,-0.7886839960585882,0.0,-0.0,0.0,-0.0,0.0,-0.04785689987922636,,
43.0,4.892071272905073,-0.11782130595296263,8.426567285350496,-0.03961404796842669,-0.0008273032577506581,-0.043186342205864786,0.0,-0.22835492815978534,-2.323539980857226,-0.7868217391554159,0.0,-0.0,0.0,-0.0,0.0,-0.04785689987922636,-4.1796349022873205,-7.517842738681618
43.1,5.036821966750368,0.06564806492644054,8.611367267447028,-0.03093290344284512,0.0023907759491728106,-0.03498583617218357,0.0,-0.23314061814770798,-2.331543828228905,-0.7849211567019077,0.0,-0.0,0.0,-0.0,0.0,-0.04785689987922636,,
43.2,5.2175592623074,-0.016357311648174087,8.441779092283847,-0.022547470653324252,-0.013470905567509852,-0.055499976759519135,0.0,-0.23792630813563062,-2.3395384883816868,-0.7829822922266948,0.0,-0.0,0.0,-0.0,0.0,-0.04785689987922636,,
43.300000000000004,4.987087050762541,0.15243432516563915,8.28970926098454,-0.04271584091734351,-0.009851355538010977,-0.025707099128223786,0.0,-0.24271199812355326,-2.347523778215589,-0.7810051901351733,0.0,-0.0,0.0,-0.0,0.0,-0.04785689987922636,,
43.400000000000006,4.967186009571257,-0.018049522498762297,8.515316757440516,-0.016423962493977325,-0.0018038427235316041,-0.03676820698123964,0.0,-0.2474976881114759,-2.355499514845236,-0.7789898957084874,0.0,-0.0,0.0,-0.0,0.0,-0.04785689987922636,,
43.5,4.903664005318291,0.16589544801923298,8.499409256005677,-0.04015978003230634,0.001800598786910293,-0.03189258708218574,0.0,-0.25228337809939855,-2.3634655156040463,-0.7769364551024919,0.0,-0.0,0.0,-0.0,0.0,-0.04785689987922636,,
43.6,4.721631383835587,0.0010706764962776782,8.633033324450807,-0.020329710551826523,-0.0029133515150309673,-0.028750695457462155,0.0,-0.25706906808732116,-2.371421598048418,-0.7748449153466952,0.0,-0.0,0.0,-0.0,0.0,-0.04785689987922636,,
43.7,4.974428549714598,0.1512329702716644,8.2089987106435,-0.036017629606643904,-0.00781679098760978,-0.03261450015430775,0.0,-0.2618547580752438,-2.3793675799619063,-0.7727153243431827,0.0,-0.0,0.0,-0.0,0.0,-0.04785689987922636,,
43.800000000000004,5.075426490842164,0.04544450240948653,8.613186044175233,-0.03510562929981864,0.0196563990503056,-0.032539147330154665,0.0,-0.2666404480631664,-2.3873032793593953,-0.7705477308655192,0.0,-0.0,0.0,-0.0,0.0,-0.04785689987922636,,
43.900000000000006,4.929589315181053,0.11550305678706595,8.363339280023567,-0.03798701006027219,-0.012108647301795816,-0.01610801411652783,0.0,-0.271426138051089,-2.395228514491269,-0.7683421845576319,0.0,-0.0,0.0,-0.0,0.0,-0.04785689987922636,,
44.0,4.7466648493892105,-0.07111640045329588,8.668702637990485,-0.030735907122307393,-0.009071457923683449,-0.033054252198077574,0.0,-0.2762118280390116,-2.4031431038475715,-0.7660987359326736,0.0,-0.0,0.0,-0.0,0.0,-0.04785689987922636,-3.2914620010610736,-5.591456945504813
44.1,5.116941709243084,-0.01757783064982547,8.180766830940309,-0.01836542508218189,0.001805502117094873,-0.044214695204401064,0.0,-0.28099751802693423,-2.4110468661621645,-0.7638174363718658,0.0,-0.0,0.0,-0.0,0.0,-0.04785689987922636,,
44.2,4.824589533330705,-0.020077374595667694,8.240776817581136,-0.025709433465574343,-0.005711433327079352,-0.04130847705592203,0.0,-0.28578320801485685,-2.418939620416879,-0.7614983381233217,0.0,-0.0,0.0,-0.0,0.0,-0.04785689987922636,,
44.300000000000004,5.1829206566673545,0.0035361643637900272,8.571969836773937,-0.02673407818371533,-0.025360030703426798,-0.04355622575815839,0.0,-0.29056889800277946,-2.4268211858456628,-0.7591414943008497,0.0,-0.0,0.0,-0.0,0.0,-0.04785689987922636,,
44.400000000000006,5.0100819241078876,-0.1094549801490207,8.399072610419841,-0.024802778609568445,-0.00033862375674431524,-0.0589514613969631,0.0,-0.2953545879907021,-2.434691381938717,-0.756746958882737,0.0,-0.0,0.0,-0.0,0.0,-0.04785689987922636,,
44.5,5.159845548267016,0.03475244777489683,8.392208237190868,-0.003684006187612103,0.00738011907870408,-0.03191726262752247,0.0,-0.3001402779786247,-2.4425500284466333,-0.7543147867105134,0.0,-0.0,0.0,-0.0,0.0,-0.04785689987922636,,
44.6,4.7740893845306465,0.07510445605228906,8.435342486306563,-0.011222006731663174,-0.011666157691397316,-0.027190294148927326,0.0,-0.3049259679665473,-2.4503969453845205,-0.7518450334876952,0.0,-0.0,0.0,-0.0,0.0,-0.04785689987922636,,
44.7,5.024873815760536,0.237850271502279,8.516145323232811,-0.02815316797703492,0.0019059669140301082,-0.04348586158890087,0.0,-0.3097116579544699,-2.4582319530361274,-0.7493377557785091,0.0,-0.0,0.0,-0.0,0.0,-0.04785689987922636,,
44.800000000000004,4.967224705893654,-0.11740912958950668,8.682981845175734,-0.030313509372791283,0.004067638175037744,-0.038025865999733593,0.0,-0.31449734794239254,-2.466054871957959,-0.7467930110065976,0.0,-0.0,0.0,-0.0,0.0,-0.04785689987922636,,
44.900000000000006,4.7702444198934515,0.02127765803252752,8.564773226224947,-0.037941862520990854,0.007600266922858964,-0.047206214663835684,0.0,-0.31928303793031515,-2.473865522983385,-0.7442108574537026,0.0,-0.0,0.0,-0.0,0.0,-0.04785689987922636,,
45.0,5.1038833030833075,0.21342498276151137,8.70103445524558,-0.018594487538824814,0.006364533719220538,-0.03772940435181454,0.0,-0.32406872791823776,-2.481663727226745,-0.741591354258332,0.0,-0.0,0.0,-0.0,0.0,-0.04785689987922636,-6.923486482685224,0.07598897145277506
45.1,4.895363536236455,-0.07429666067822938,8.463873192649283,-0.01600436229377244,0.022286774657253882,-0.043418216913948836,0.0,-0.3288544179061604,-2.4894493060874447,-0.738934561414404,0.0,-0.0,0.0,-0.0,0.0,-0.04785689987922636,,
45.2,4.875285877045981,-0.09080235363864911,8.830158582088986,-0.04137901241493432,0.017319117565406106,-0.03997081093495853,0.0,-0.333640107894083,-2.497222081254045,-0.7362405397698736,0.0,-0.0,0.0,-0.0,0.0,-0.04785689987922636,,
45.300000000000004,4.7950721667969285,0.1658901701693699,8.324048433971944,-0.018994715666611477,-0.01103168944497961,-0.030290634897712464,0.0,-0.3384257978820056,-2.5049818747083483,-0.7335093510253393,0.0,-0.0,0.0,-0.0,0.0,-0.04785689987922636,,
45.400000000000006,4.9144404863373765,0.23684032368691538,8.307913516358358,-0.022354512481134705,-0.0018397666982992223,-0.04162860629510961,0.0,-0.3432114878699282,-2.5127285087294737,-0.7307410577326297,0.0,-0.0,0.0,-0.0,0.0,-0.04785689987922636,,
45.5,4.8711971436022115,0.002760194819468275,8.48319357968119,0.005301275259214717,0.012901976802213999,-0.04588789599737012,0.0,-0.34799717785785084,-2.5204618058979285,-0.7279357232933705,0.0,-0.0,0.0,-0.0,0.0,-0.04785689987922636,,
45.6,4.962404015406517,-0.014780989399662523,8.582372880544975,-0.021570237791832175,0.005537340818832488,-0.039824832817000805,0.0,-0.35278286784577345,-2.52818158909967,-0.7250934119575333,0.0,-0.0,0.0,-0.0,0.0,-0.04785689987922636,,
45.7,5.164100297312868,0.18126841409014,8.951498738469498,-0.02112011144613543,0.01820229031008501,-0.02638976548336782,0.0,-0.35756855783369607,-2.535887681530164,-0.7222141888219633,0.0,-0.0,0.0,-0.0,0.0,-0.04785689987922636,,
45.800000000000004,5.105382197716384,-0.08398043703134596,8.176685225091969,-0.015376069702920948,-0.0025534607265400894,-0.028116061772361214,0.0,-0.3623542478216187,-2.543579906698433,-0.7192981198288888,0.0,-0.0,0.0,-0.0,0.0,-0.04785689987922636,,
45.900000000000006,4.910400107691833,-0.21423613769306976,8.264969569296643,-0.008332566032395109,-0.005768916912114267,-0.04312331855230321,0.0,-0.3671399378095413,-2.551258088431098,-0.7163452717644108,0.0,-0.0,0.0,-0.0,0.0,-0.04785689987922636,,
46.0,5.220460922162365,0.14319699651847836,8.67614164480163,-0.041285798180259084,-0.01822589325223546,-0.018921859359091384,0.0,-0.3719256277974639,-2.5589220508764137,-0.7133557122569735,0.0,-0.0,0.0,-0.0,0.0,-0.04785689987922636,2.9398519311042635,1.5466125286431174
46.1,5.002585016049252,0.015525361664348196,8.198560915630601,-0.013958503355238279,-0.0007664263750293041,-0.03490241476112752,0.0,-0.3767113177853865,-2.5665716185082967,-0.7103295097758154,0.0,-0.0,0.0,-0.0,0.0,-0.04785689987922636,,
46.2,4.893747488994296,0.11511768032222706,8.302517268404587,-0.02738922341937921,-0.0028705557182447817,-0.03557762603577414,0.0,-0.38149700777330914,-2.5742066161303447,-0.7072667336294013,0.0,-0.0,0.0,-0.0,0.0,-0.04785689987922636,,
46.300000000000004,4.935098729262636,-0.031097964230307664,8.57199512347496,-0.015466309002564118,-0.01730620922612119,-0.019030358940564974,0.0,-0.38628269776123175,-2.581826868879849,-0.7041674539638344,0.0,-0.0,0.0,-0.0,0.0,-0.04785689987922636,,
46.400000000000006,5.078416716468951,0.29192550150035557,8.205080402723478,-0.035375103614247255,0.0023625096148678086,-0.026411218481977933,0.0,-0.39106838774915437,-2.5894322022317993,-0.7010317417612505,0.0,-0.0,0.0,-0.0,0.0,-0.04785689987922636,,
46.5,4.982737855652446,-0.008806750294173615,8.604124026179788,-0.04545431320652611,-0.005423531323922757,-0.015637551169607432,0.0,-0.395854077737077,-2.5970224420028813,-0.6978596688381917,0.0,-0.0,0.0,-0.0,0.0,-0.04785689987922636,,
46.6,4.886202375979524,0.11264186511922773,8.11154217597897,-0.009133906261453743,-0.0029489579819596485,-0.020056786104205224,0.0,-0.4006397677249996,-2.6045974143554664,-0.6946513078439622,0.0,-0.0,0.0,-0.0,0.0,-0.04785689987922636,,
46.7,4.7899375513258216,0.008352041616443899,8.387067000240716,-0.022566100613097845,-0.020013025366189204,-0.04835715203192216,0.0,-0.4054254577129222,-2.6121569458015914,-0.6914067322589638,0.0,-0.0,0.0,-0.0,0.0,-0.04785689987922636,,
46.800000000000004,5.457702946037684,0.2282629411425794,8.495282733243972,-0.02424922438537309,0.0019729381949530524,-0.036138589167552644,0.0,-0.4102111477008448,-2.6197008632069334,-0.6881260163930133,0.0,-0.0,0.0,-0.0,0.0,-0.04785689987922636,,
46.900000000000006,5.282352802950957,0.09846743447521562,8.776253728281732,-0.014076557409701164,0.004378960379585854,-0.02790500803744541,0.0,-0.41499683768876744,-2.627228993794774,-0.6848092353836408,0.0,-0.0,0.0,-0.0,0.0,-0.04785689987922636,,
47.0,5.059142955281386,-0.0031728297125526994,8.229653313764954,-0.038887851540401266,0.02481107788903669,-0.04234069317417924,0.0,-0.41978252767669005,-2.634741165149958,-0.6814564651943684,0.0,-0.0,0.0,-0.0,0.0,-0.04785689987922636,-1.6322280576288573,-5.148993917058832
47.1,4.979959620048062,0.1700559500226807,8.371191477508749,-0.0093315685916985,0.02224010032594446,-0.03660846658062129,0.0,-0.42456821766461267,-2.6422372052228402,-0.6780677826129707,0.0,-0.0,0.0,-0.0,0.0,-0.04785689987922636,,
47.2,4.859090351881403,0.05879908586420432,8.49002921912963,-0.021752030574794898,-0.009578053013881522,-0.035193709947988025,0.0,-0.4293539076525353,-2.6497169423332263,-0.6746432652497162,0.0,-0.0,0.0,-0.0,0.0,-0.04785689987922636,,
47.300000000000004,4.8794736294311045,0.15275270944043595,8.76390616798381,-0.028903721071822448,0.001775067698893646,-0.03336102864962565,0.0,-0.4341395976404579,-2.6571802051743063,-0.6711829915355895,0.0,-0.0,0.0,-0.0,0.0,-0.04785689987922636,,
47.400000000000006,5.195388303250255,0.1611007882703211,8.651313040366674,-0.011592055107560634,0.001562549330401479,-0.042836233658367764,0.0,-0.4389252876283805,-2.664626822816576,-0.6676870407204955,0.0,-0.0,0.0,-0.0,0.0,-0.04785689987922636,,
47.5,5.0950538298909605,0.17242131907420194,8.548017960959596,-0.03414771237407379,0.023451926530990437,-0.04092020767650782,0.0,-0.4437109776163031,-2.672056624711753,-0.6641554928714437,0.0,-0.0,0.0,-0.0,0.0,-0.04785689987922636,,
47.6,4.9131369870816135,-0.24812017357504082,8.432777381925863,-0.025638692171867296,-0.011071564153429414,-0.036169326464912756,0.0,-0.44849666760422574,-2.6794694406966824,-0.6605884288707152,0.0,-0.0,0.0,-0.0,0.0,-0.04785689987922636,,
47.7,4.871144381021331,0.0034263807185598433,8.539864454416028,-0.006359739616774995,-0.016704943022314622,-0.03290685748120084,0.0,-0.45328235759214835,-2.6868651009972337,-0.6569859304140098,0.0,-0.0,0.0,-0.0,0.0,-0.04785689987922636,,
47.800000000000004,4.8131169678665495,0.24283608612489493,8.621474342633688,-0.009971422261934402,-0.019523835333863145,-0.04623479023870619,0.0,-0.45806804758007097,-2.69424343623219,-0.6533480800085747,0.0,-0.0,0.0,-0.0,0.0,-0.04785689987922636,,
47.900000000000006,4.994159672185516,0.34036788770945875,8.465778981825842,-0.03686116612248762,0.0001781179647044566,-0.04393303674285449,0.0,-0.4628537375679936,-2.701604277417126,-0.6496749609713155,0.0,-0.0,0.0,-0.0,0.0,-0.04785689987922636,,
48.0,4.667710654414476,0.07139034899586474,8.615596453526711,-0.030054772407998143,-0.013496883041750635,-0.04794152116785721,0.0,-0.4676394275559162,-2.708947455968278,-0.6459666574268876,0.0,-0.0,0.0,-0.0,0.0,-0.04785689987922636,6.690002184040308,-0.9660734942833277
48.1,5.29208129119006,0.07643327430092155,8.554010623218069,-0.028334664026742888,0.010550187712036979,-0.04505478108228603,0.0,-0.4724251175438388,-2.7162728037064077,-0.6422232543057697,0.0,-0.0,0.0,-0.0,0.0,-0.04785689987922636,,
48.2,4.932437995090197,-0.005941542693812175,8.363235274725463,-0.004902131436448742,-0.008054371552798765,-0.050687535570730705,0.0,-0.4772108075317614,-2.723580152860651,-0.6384448373423183,0.0,-0.0,0.0,-0.0,0.0,-0.04785689987922636,,
48.300000000000004,5.290812216504119,0.03488819162600354,8.546905945285305,-0.0195979228161407,0.004891362410469197,-0.029854630615522335,0.0,-0.48199649751968404,-2.7308693360723617,-0.6346314930728045,0.0,-0.0,0.0,-0.0,0.0,-0.04785689987922636,,
48.400000000000006,4.975087885645748,-0.07834252942385805,8.469367071998095,-0.015780840572014725,0.012960789286955755,-0.04846440305449246,0.0,-0.48678218750760666,-2.7381401863989443,-0.6307833088334324,0.0,-0.0,0.0,-0.0,0.0,-0.04785689987922636,,
48.5,4.946515676209975,-0.29666743497696635,8.607602224725403,-0.036131610502873876,-0.006581338265435048,-0.023767517815078902,0.0,-0.49156787749552927,-2.7453925373176773,-0.6269003727583377,0.0,-0.0,0.0,-0.0,0.0,-0.04785689987922636,,
48.6,4.836128987772407,-0.22120555219916702,8.43195703919863,-0.02029777371073925,0.025772557922078356,-0.05641840363758712,0.0,-0.4963535674834519,-2.7526262227295275,-0.6229827737775704,0.0,-0.0,0.0,-0.0,0.0,-0.04785689987922636,,
48.7,5.2858260956032606,0.12983689373252494,8.73717174084727,-0.013683791324707468,-0.008145564804425319,-0.036620479637783185,0.0,-0.5011392574713746,-2.759841076962953,-0.6190306016150576,0.0,-0.0,0.0,-0.0,0.0,-0.04785689987922636,,
48.800000000000004,5.00661375944091,0.16978765500711682,8.532187726039785,-0.011390863574520746,-0.0032150902052956744,-0.02476952942276723,0.0,-0.5059249474592972,-2.7670369347776993,-0.6150439467865484,0.0,-0.0,0.0,-0.0,0.0,-0.04785689987922636,,
48.900000000000006,4.9274455581964185,0.15524144289481487,8.607218790797248,-0.012009130808977737,0.0007179854266726224,-0.0409784454384865,0.0,-0.5107106374472198,-2.774213631368582,-0.6110229005975408,0.0,-0.0,0.0,-0.0,0.0,-0.04785689987922636,,
49.0,4.839158156488728,-0.08795839628555063,8.166110982649975,-0.018586531177862728,0.010578874672076933,-0.04474126382673536,0.0,-0.5154963274351424,-2.7813710023692626,-0.6069675551411912,0.0,-0.0,0.0,-0.0,0.0,-0.04785689987922636,0.42861661882735635,-5.5904319430599605
49.1,4.739075532192014,0.0633862145523309,8.612981658503083,-0.03676925512183798,-0.007418289713498168,-0.03319041562814218,0.0,-0.520282017423065,-2.788508883856012,-0.6028780032962043,0.0,-0.0,0.0,-0.0,0.0,-0.04785689987922636,,
49.2,4.874900976960175,-0.051893585546437165,8.42092824192852,-0.025315767732032837,0.0010919140902200177,-0.03286666655248868,0.0,-0.5250677074109876,-2.7956271123514664,-0.5987543387247066,0.0,-0.0,0.0,-0.0,0.0,-0.04785689987922636,,
49.300000000000004,5.07480676877011,0.18339823106783745,8.276504778102336,-0.02947264856624245,-0.00282632848065559,-0.035523156217404386,0.0,-0.5298533973989102,-2.8027255248283685,-0.594596655870101,0.0,-0.0,0.0,-0.0,0.0,-0.04785689987922636,,
49.400000000000006,4.849743116206938,0.032157581239566066,8.07648274314337,-0.03593232390924022,-0.022730320282604563,-0.042265090224299126,0.0,-0.5346390873868329,-2.809803958713304,-0.5904050499549038,0.0,-0.0,0.0,-0.0,0.0,-0.04785689987922636,,
49.5,4.862817586258963,0.07486267728351619,8.619507035757074,-0.025089751322591305,-0.01343488627290554,-0.056244420910040206,0.0,-0.5394247773747555,-2.816862251890424,-0.5861796169785639,0.0,-0.0,0.0,-0.0,0.0,-0.04785689987922636,,
49.6,5.026792786927373,-0.0040343072039970285,8.246261668448774,-0.0033701357094749716,-0.0029289559442274788,-0.02332757352785364,0.0,-0.5442104673626781,-2.823900242705158,-0.581920453715264,0.0,-0.0,0.0,-0.0,0.0,-0.04785689987922636,,
49.7,4.814011111212652,0.22096324482221313,8.454783147596372,-0.027029746726969686,-0.006230647472383769,-0.03629692255999225,0.0,-0.5489961573506007,-2.830917769967915,-0.5776276577117044,0.0,-0.0,0.0,-0.0,0.0,-0.04785689987922636,,
49.800000000000004,4.7058007676839155,0.1656016629470537,8.528453953193035,-0.01670890310396346,0.0007768595481948262,-0.04860841318597993,0.0,-0.5537818473385233,-2.8379146729577784,-0.5733013272848688,0.0,-0.0,0.0,-0.0,0.0,-0.04785689987922636,,
49.900000000000006,5.220481076340662,0.165012678851103,8.572049813779435,-0.016718407447957866,-0.00029853730830958704,-0.040921317097531905,0.0,-0.5585675373264459,-2.844890791426183,-0.5689415615197726,0.0,-0.0,0.0,-0.0,0.0,-0.04785689987922636,,
50.0,6.597732868199796,-0.08140653497985209,7.273276493229894,-0.016993221561166887,0.0009389611516804272,-0.01892646106767163,0.0,-0.5633532273143685,-2.8379657173722936,-0.5733156506133715,1.6381612381032067,-0.0,1.3850148107779174,-0.8748178187197836,0.0,-0.015482806741829766,-5.036580988624639,2.278875625579683
50.1,6.067726463929607,-0.2264977106568862,7.458704704460594,-0.011941806457316871,0.01643831673868644,-0.0013013694807192293,0.16381612381032068,-0.5649015079885515,-2.817217625966324,-0.5864807794881517,1.6381612381032067,-0.0025363333861508526,1.3823009057195956,-0.8791034529892728,0.0,-0.015482806741829766,,
50.2,6.098093434542752,-0.3265733233183264,7.6324830225843945,-0.0021890861655432248,-0.008849234905687672,-0.0057258224103031025,0.32763224762064136,-0.5664497886627345,-2.782673755743212,-0.6084797413857589,1.6381612381032067,-0.005072666772301705,1.3795770533114908,-0.8833827754424455,0.0,-0.015482806741829766,,
50.300000000000004,6.451857509399831,0.13565638649676331,7.742134417384756,0.007995273275485534,-0.014099525800721087,-0.01032001526436913,0.49144837143096204,-0.5679980693369175,-2.734361444580953,-0.6393552662244133,1.6381612381032067,-0.007609000158452558,1.3768432666007704,-0.8876557655551854,0.0,-0.015482806741829766,,
50.400000000000006,6.250661199430891,-0.25633292955394354,7.6450542125756265,-0.022857054917199946,0.002437911532208419,-0.010592834113569727,0.6552644952412827,-0.5695463500111005,-2.672308129569735,-0.6791500203939216,1.6381612381032067,-0.01014533354460341,1.3740995586743023,-0.89192240282866,0.0,-0.015482806741829766,,
50.5,6.127679387167898,-0.07198491523991776,7.715777306612896,-0.026237707582643283,0.0067733308032468225,-0.021045337983564907,0.8190806190516033,-0.5710946306852835,-2.5965413468806697,-0.7279066065509416,1.6381612381032067,-0.012681666930754263,1.3713459426586079,-0.8961826667893926,0.0,-0.015482806741829766,,
50.6,6.475745526823645,-0.009359003237885547,7.481116771654816,0.002445088140238273,-0.008111656406946596,-0.005647543321314839,0.982896742861924,-0.5726429113594665,-2.5070887316341333,-0.7856675634145024,1.6381612381032067,-0.015218000316905114,1.3685824317198159,-0.9004365369893381,0.0,-0.015482806741829766,,
50.7,6.772796281127884,-0.006418088928886484,7.870458819401227,-0.013886543141221813,0.006916484578284473,-0.028070204205199248,1.1467128666722446,-0.5741911920336495,-2.403978017767709,-0.852475365561778,1.6381612381032067,-0.017754333703055965,1.3658090390636137,-0.9046839930059548,0.0,-0.015482806741829766,,
50.800000000000004,6.248419677590587,-0.08470003996709476,7.576842229825726,0.007868592116936704,0.010972161625998282,-0.02302821913218145,1.3105289904825652,-0.5757394727078325,-2.287237037903735,-0.9283724232241187,1.6381612381032067,-0.020290667089206817,1.363025777935201,-0.9089250144422784,0.0,-0.015482806741829766,,
50.900000000000006,6.3857777413664625,0.3847416514676292,7.653540460481958,0.007757152968171108,0.0010726552606328014,0.0022138270950920694,1.4743451142928858,-0.5772877533820155,-2.156893723216458,-1.013401082083337,1.6381612381032067,-0.02282700047535767,1.3602326616192417,-0.9131595809269958,0.0,-0.015482806741829766,,
51.0,6.331727895481121,0.1234854291674771,7.588916073390591,-0.022302884705924106,0.0068049128088244005,-0.020629716223971306,1.6381612381032065,-0.5788360340561985,-2.012976103298792,-1.107603623068252,1.6381612381032067,-0.025363333861508523,1.357429703439816,-0.9173876721145179,0.0,-0.015482806741829766,-8.444177248582008,-7.86822409492114
51.1,6.269492571401226,-0.011751395833608775,7.620179756287072,-0.009687152678615203,-0.003576296781355014,-0.00044904317766194905,1.801977361913527,-0.5803843147303815,-1.855512306028684,-1.2110222621514914,1.6381612381032067,-0.02789966724765937,1.3546169167603737,-0.9216092676850532,0.0,-0.015482806741829766,,
51.2,6.321110655656389,-0.1820470718491528,7.355700298434044,-0.014099731775600567,-0.0025715838879398693,-0.0001959343552905054,1.9657934857238477,-0.5819325954045645,-1.6845305574350866,-1.3236991501465523,1.6381612381032067,-0.030436000633810224,1.3517943149836844,-0.9258243473446808,0.0,-0.015482806741829766,,
51.300000000000004,6.1569817013152415,0.044749166638589244,7.679980477347854,0.0007121730540149392,-0.0005647575140860145,-0.010624609099472042,2.1296096095341683,-0.5834808760787475,-1.5000591815635365,-1.4456763725051212,1.6381612381032067,-0.03297233401996108,1.348961911551791,-0.9300328908254227,0.0,-0.015482806741829766,,
51.400000000000006,6.292751415114027,-0.14564391460356713,7.989697099842206,-0.019956147450136588,0.011662995935381743,-0.006772386281378482,2.293425733344489,-0.5850291567529305,-1.3021266003413423,-1.5769959491146546,1.6381612381032067,-0.03550866740611193,1.3461197199459614,-0.9342348778853182,0.0,-0.015482806741829766,,
51.5,6.455758234859902,-0.24492262724773678,7.592520546553201,-0.00857868650078902,0.005093176527084748,-0.00700203717135585,2.45724185715481,-0.5865774374271135,-1.0907613334423811,-1.7176998340962202,1.6381612381032067,-0.038045000792262786,1.3432677536866386,-0.9384302883084955,0.0,-0.015482806741829766,,
51.6,6.481511350689855,-0.08800134451901845,7.841469208546278,0.012480538094582161,-0.0012881776877839183,-0.02672825411238949,2.621057980965131,-0.5881257181012965,-0.8659919981515013,-1.867829915602599,1.6381612381032067,-0.04058133417841364,1.3404060263333941,-0.9426191019052452,0.0,-0.015482806741829766,,
51.7,6.427217359892578,0.04866257152697308,7.655579748451273,-0.00792584912242028,-0.005457616293640373,-0.011880611977953329,2.7848741047754517,-0.5896739987754795,-0.6278473092285363,-2.0274280156166515,1.6381612381032067,-0.0431176675645645,1.3375345514848784,-0.9468012985120925,0.0,-0.015482806741829766,,
51.800000000000004,6.309880656673162,0.11018994679530447,7.642107217373333,-0.020175758777567134,-0.009753694003865152,-0.003888257211752972,2.9486902285857726,-0.5912222794496625,-0.3763560787719282,-2.196535889749945,1.6381612381032067,-0.045654000950715354,1.3346533427787717,-0.9509768579918705,0.0,-0.015482806741829766,,
51.900000000000006,6.35104716370204,-0.047280520507156844,7.608074970597851,-0.01495676899021641,-0.0004269544838180809,-0.005291227221813467,3.1125063523960934,-0.5927705601238455,-0.11154721608196089,-2.375195227041648,1.6381612381032067,-0.04819033433686621,1.331762413891736,-0.9551457602337912,0.0,-0.015482806741829766,,
52.0,6.708053377059634,-0.02568280759481923,7.673948233598424,-0.0137553510198597,-0.023793011589350002,-0.0016941226360201334,3.2763224762064143,-0.5943188407980285,0.16655027247639612,-2.5634476497576824,1.6381612381032067,-0.050726667723017066,1.3288617785393657,-0.9593079851535201,0.0,-0.015482806741829766,3.924372737454725,-3.0147826277445833
52.1,6.550531695599729,-0.18684355758418109,7.861111481375392,-0.016060609930024554,0.020956903379384523,-0.0048145412726940005,3.440138600016735,-0.5958671214722115,0.4579072836110323,-2.76133471319015,1.6381612381032067,-0.05326300110916792,1.3259514504761385,-0.9634635126932468,0.0,-0.015482806741829766,,
52.2,6.3401910524785166,-0.20355792562394892,7.563566192424487,0.00017386478831250395,-0.001415056167580833,-0.012033001849892873,3.603954723827056,-0.5974154021463945,0.7624946172406293,-2.9688979054570166,1.6381612381032067,-0.05579933449531877,1.3230314434953665,-0.9676123228217582,0.0,-0.015482806741829766,,
52.300000000000004,6.117688835307884,0.048755617212537114,7.789665509246005,-0.00613914304895318,0.00016113521355289024,-0.009841605707619416,3.767770847637377,-0.5989636828205775,1.080282976632982,-3.1861786473020697,1.6381612381032067,-0.05833566788146963,1.320101771429145,-0.9717543955345104,0.0,-0.015482806741829766,,
52.400000000000006,6.521786019363934,-0.011409465045872681,7.6656121438522815,-0.021886244556286204,-0.0009713586674433426,0.018194394890048475,3.9315869714476976,-0.6005119634947605,1.4112429685437071,-3.4132182918951384,1.6381612381032067,-0.06087200126762048,1.3171624481483062,-0.9758897108536996,0.0,-0.015482806741829766,,
52.5,6.3300330170326715,0.007648503765414406,7.602227346643342,-0.019383773114013878,0.005088220414261458,-0.020796444085397294,4.0954030952580185,-0.6020602441689435,1.7553451033553376,-3.6500581246325834,1.6381612381032067,-0.06340833465377134,1.314213487562366,-0.9800182488283364,0.0,-0.015482806741829766,,
52.6,6.268294478322174,0.019584670747239186,7.372644189336943,-0.005639290503779761,-0.0008453595919083307,-0.022335438001154145,4.259219219068339,-0.6036085248431265,2.112559795216805,-3.8967393629380567,1.6381612381032067,-0.06594466803992219,1.3112549036194767,-0.9841399895343161,0.0,-0.015482806741829766,,
52.7,6.409924768831631,-0.22412585916415162,7.335131533070848,-0.009800959258214156,-0.012695761911117152,-0.013806201099685039,4.42303534287866,-0.6051568055173095,2.4828573621833065,-4.15330315606353,1.6381612381032067,-0.06848100142607305,1.3082867103063762,-0.9882549130744905,0.0,-0.015482806741829766,,
52.800000000000004,6.29726749634754,-0.22865245302924128,8.09896258282789,0.00011597733948167255,0.0015521538601678043,-0.00861159261898829,4.586851466688981,-0.6067050861914925,2.866208026356558,-4.419790584890593,1.6381612381032067,-0.0710173348122239,1.3053089216483382,-0.9923629995787403,0.0,-0.015482806741829766,,
52.900000000000006,6.1432311363028544,-0.11043081460635468,7.689658758446296,-0.003399067449002045,0.018024761325859912,-0.026054173169596823,4.750667590499302,-0.6082533668656755,3.262581914025432,-4.696242661732022,1.6381612381032067,-0.07355366819837476,1.3023215517091216,-0.9964642292040463,0.0,-0.015482806741829766,,
53.0,6.296551292283465,0.11048773889477594,7.575752342200193,-0.007195609189580596,0.003997188513520257,-0.005743598683100952,4.914483714309623,-0.6098016475398585,3.6719490558069783,-4.982700330133625,1.6381612381032067,-0.07609000158452561,1.2993246145909196,-1.0005585821345606,0.0,-0.015482806741829766,0.2737999544136023,-4.350008135581137
53.1,6.414640374232397,-0.2072594094153879,7.451291717169386,-0.01244175391965438,-0.012699923214691116,0.006273795188873974,5.078299838119944,-0.6113499282140415,4.094279386787831,-5.279204464676353,1.6381612381032067,-0.07862633497067648,1.2963181244343118,-1.004646038581679,0.0,-0.015482806741829766,,
53.2,6.39536611724444,0.0762173858236796,7.735265515836068,-0.00543814032482896,-0.012420488327658021,0.00588620461884355,5.242115961930264,-0.6128982088882245,4.529542746665998,-5.585795870778687,1.6381612381032067,-0.08116266835682732,1.29330209541821,-1.0087265787841115,0.0,-0.015482806741829766,,
53.300000000000004,6.051483549494905,-0.16931103185721635,7.663905265219924,0.0035838873212939446,-0.007820482187299613,-0.008640054074622037,5.405932085740585,-0.6144464895624075,4.97770887989303,-5.902515284499296,1.6381612381032067,-0.08369900174297819,1.2902765417598108,-1.012800183007954,0.0,-0.015482806741829766,,
53.400000000000006,6.4290931309707595,-0.10399571160538325,7.694269491306129,-0.012780547110436552,0.004580606915338284,-0.006270294763926883,5.569748209550906,-0.6159947702365905,5.43874743581658,-6.2294033723399815,1.6381612381032067,-0.08623533512912904,1.2872414777145424,-1.0168668315467593,0.0,-0.015482806741829766,,
53.5,6.3274167581811405,-0.323610951798905,7.6581854332125685,0.00890948122406808,-0.015273497449108582,-0.022168441884269613,5.733564333361227,-0.6175430509107735,5.912627968823336,-6.566500731048879,1.6381612381032067,-0.08877166851527989,1.2841969175760155,-1.0209265047216072,0.0,-0.015482806741829766,,
53.6,6.384618284571533,0.23585565698518832,7.287571881869822,-0.0033838731644206593,-0.01751973124391029,-0.01601624645461447,5.897380457171548,-0.6190913315849566,6.399319938482337,-6.913847887423948,1.6381612381032067,-0.09130800190143075,1.2811428756759704,-1.0249791828811783,0.0,-0.015482806741829766,,
53.7,6.3363355806188215,0.03626125493442359,7.618078207332015,-0.017541492825018337,0.002927311115478142,-0.00429867316533686,6.061196580981869,-0.6206396122591396,6.898792709688677,-7.271485298116738,1.6381612381032067,-0.0938443352875816,1.278079366384227,-1.0290248464018212,0.0,-0.015482806741829766,,
53.800000000000004,6.529887095526678,0.02369623592011666,7.6377914070143955,-0.01140154632490508,0.003640565102658672,-0.0014972141268178689,6.2250127047921895,-0.6221878929333226,7.4110155528075765,-7.6394533494364225,1.6381612381032067,-0.09638066867373246,1.2750064041086333,-1.0330634756876267,0.0,-0.015482806741829766,,
53.900000000000006,6.48644524833359,-0.21658422760047477,7.521881915186448,-0.010686538236387004,0.009711552121732869,-0.012784839684235647,6.38882882860251,-0.6237361736075056,7.9359576438188455,-8.017792357154129,1.6381612381032067,-0.09891700205988331,1.2719240032950136,-1.0370950511704953,0.0,-0.015482806741829766,,
54.0,6.333209938268223,-0.11221155961132596,7.680324279868375,-0.005296485421740338,0.0007871210930378748,-0.02100193455981978,6.552644952412831,-0.6252844542816886,8.473588064461719,-8.406542566307524,1.6381612381032067,-0.10145333544603417,1.2688321784271175,-1.0411195533102104,0.0,-0.015482806741829766,12.69272651978237,-14.007485970896141
54.1,6.181399910222106,0.11447121929372155,7.578774103462494,-0.018192442556573225,0.019007877725103622,0.005987060829303708,6.716461076223152,-0.6268327349558716,9.023875802380074,-8.805744151005698,1.6381612381032067,-0.10398966883218502,1.2657309440265667,-1.0451369625945084,0.0,-0.015482806741829766,,
54.2,6.547158374075172,-0.012378019597678258,7.532722782053558,0.0051564578088312924,-0.003477585886651636,-0.005286293926044109,6.880277200033473,-0.6283810156300546,9.586789751268025,-9.215437214234324,1.6381612381032067,-0.10652600221833589,1.2626203146528052,-1.0491472595391473,0.0,-0.015482806741829766,,
54.300000000000004,6.5675379943625085,-0.28772717370872497,7.762829352465799,-0.026876642653184787,-0.013203605693943157,-0.0050239626757894555,7.044093323843794,-0.6299292963042376,10.162298711015895,-9.635661787661094,1.6381612381032067,-0.10906233560448673,1.259500304903046,-1.0531504246879793,0.0,-0.015482806741829766,,
54.400000000000006,6.330779435411412,-0.09556292205908365,7.552509867248871,-0.016235579889043797,-0.015518433722553139,-0.025375458905121273,7.207909447654115,-0.6314775769784206,10.750371387856562,-10.066457831441436,1.6381612381032067,-0.11159866899063758,1.2563709294122192,-1.0571464386130187,0.0,-0.015482806741829766,,
54.5,6.11078566417067,-0.02627241275473048,7.60853962962398,-0.01968244153258409,-0.0009602098867125686,-0.011474780594258287,7.371725571464435,-0.6330258576526036,11.350976394512195,-10.507865234024516,1.6381612381032067,-0.11413500237678845,1.25323220285292,-1.0611352819145154,0.0,-0.015482806741829766,,
54.6,6.503905163222075,-0.22630833404285455,7.740445492606094,-0.0032356000081321164,0.006131342872096064,-0.0011779017235877855,7.535541695274756,-0.6345741383267866,11.96408225034134,-10.959923811959534,1.6381612381032067,-0.1166713357629393,1.2500841399353557,-1.0651169352210215,0.0,-0.015482806741829766,,
54.7,6.484373242028009,-0.12422672756918887,7.7440643590028095,0.004169271620261364,0.008224582853917419,-0.008527906951948626,7.699357819085077,-0.6361224190009696,12.589657381486411,-11.42267330970228,1.6381612381032067,-0.11920766914909016,1.2469267554072945,-1.0690913791894627,0.0,-0.015482806741829766,,
54.800000000000004,6.292232171724734,-0.3615955021851007,7.62706767672777,-0.01884362579939362,0.0031201084536955433,-0.005603268355946375,7.863173942895398,-0.6376706996751526,13.22767012102154,-11.896153399421996,1.6381612381032067,-0.12174400253524101,1.2437600640540114,-1.0730585945052082,0.0,-0.015482806741829766,,
54.900000000000006,6.4249635367854205,-0.03495545242418886,7.838135352554172,-0.0020254343243630707,-0.00021527098670536435,-0.01940611619623682,8.026990066705718,-0.6392189803493356,13.8780887091008,-12.380403680808511,1.6381612381032067,-0.12428033592139186,1.2405840806982367,-1.0770185618821413,0.0,-0.015482806741829766,,
55.0,6.373880198654228,0.12449968563083681,7.7239525550203325,0.0013185354474949127,-0.002044396007022683,0.0018031400654451527,8.190806190516039,-0.6407672610235186,14.54088129310681,-12.875463680879667,1.6381612381032067,-0.1268166693075427,1.2373988202001023,-1.0809712620627272,0.0,-0.015482806741829766,17.142970939724886,-12.066763058839626
55.1,6.463959879878187,-0.2501786188490257,7.390814636000964,-0.01566026778479079,-0.010627797606965939,-0.01973921771131806,8.35462231432636,-0.6423155416977016,15.216015927799713,-13.38137285378903,1.6381612381032067,-0.12935300269369357,1.2342042974570886,-1.0849166758180835,0.0,-0.015482806741829766,,
55.2,6.325998700778567,-0.3278796284481193,7.558961191638025,-0.024044820230376202,-0.009266705126491302,-0.01884888002860626,8.51843843813668,-0.6438638223718846,15.903460575466514,-13.898170580633886,1.6381612381032067,-0.1318893360798444,1.2310005274039724,-1.08885478394805,0.0,-0.015482806741829766,,
55.300000000000004,6.2825684763779215,-0.23295467370672324,7.650945614593477,0.002635302496564725,0.020350342352575754,-0.02404368304559541,8.682254561947001,-0.6454121030460676,16.603183106070812,-14.425896169263531,1.6381612381032067,-0.13442566946599527,1.227787525012773,-1.0927855672812583,0.0,-0.015482806741829766,,
55.400000000000006,6.413059537283181,-0.0601365008437813,7.8540728224007275,-0.0013524602972431526,0.0021201885362957633,0.01534924791652078,8.846070685757322,-0.6469603837202506,17.31515129740288,-14.964588854087848,1.6381612381032067,-0.13696200285214613,1.2245653052926981,-1.0967090066751997,0.0,-0.015482806741829766,,
55.5,6.543617444200112,0.07729546839611094,7.766371197205865,-9.395870970325959e-08,0.013487954535550878,-0.012672060738884897,9.009886809567643,-0.6485086643944336,18.039332835230137,-15.514287795886162,1.6381612381032067,-0.139498336238297,1.2213338832900924,-1.1006250830162954,0.0,-0.015482806741829766,,
55.6,6.343985518172503,0.009526482648663834,7.821758764653331,0.01487520696098496,-0.0014296421552482555,0.008551553396449741,9.173702933377964,-0.6500569450686166,18.775695313447983,-16.075032081616403,1.6381612381032067,-0.14203466962444783,1.218093274088381,-1.1045337772199662,0.0,-0.015482806741829766,,
55.7,6.3699814657012865,-0.17768107747769676,7.656947048962761,-0.0036777083714543577,-0.015965929646727446,-0.005040578326735589,9.337519057188285,-0.6516052257427996,19.524206234231,-16.64686072422454,1.6381612381032067,-0.1445710030105987,1.2148434928080185,-1.1084350702306995,0.0,-0.015482806741829766,,
55.800000000000004,6.163385620317289,-0.283522213679938,7.306017126980594,-0.009596079269576365,0.008993372123254878,-0.010582233499841397,9.501335180998606,-0.6531535064169826,20.28483300818452,-17.229812662454336,1.6381612381032067,-0.14710733639674956,1.2115845546064334,-1.1123289430221204,0.0,-0.015482806741829766,,
55.900000000000006,6.693058972447384,-0.20607150649383782,7.718010023990262,-0.014716641563300483,0.011517085992293952,-0.008124712738773672,9.665151304808926,-0.6547017870911656,21.057542954496586,-17.823926760657358,1.6381612381032067,-0.14964366978290042,1.2083164746779747,-1.1162153765970597,0.0,-0.015482806741829766,,
56.0,6.416369894457582,-0.16695167074751638,7.737375729035745,-0.017036458095946547,-0.01931366283343623,-0.0410122777473778,9.828967428619247,-0.6562500677653486,21.84230330109025,-18.429241808603305,1.6381612381032067,-0.15218000316905125,1.205039268253858,-1.1200943519876216,0.0,-0.015482806741829766,20.098143891839488,-22.629662154445906
56.1,6.237450892144723,-0.026902189250074343,7.686913490611113,-0.011078702925091681,0.015290785582682098,-0.0024138916330977214,9.992783552429568,-0.6577983484395316,22.639081184776252,-19.045796521290622,1.6381612381032067,-0.15471633655520212,1.2017529506021105,-1.1239658502552536,0.0,-0.015482806741829766,,
56.2,6.465306467942856,-0.23543562160908305,7.723266489746072,-0.002254631651549945,-0.0014754024703578326,-0.0012947641145016975,10.156599676239889,-0.6593466291137146,23.447843651406078,-19.673629538757414,1.6381612381032067,-0.15725266994135298,1.1984575370275172,-1.1278298524908144,0.0,-0.015482806741829766,,
56.300000000000004,6.230333842073549,0.04995870363995497,7.6495071424638486,5.342225069104693e-05,0.011817957650969244,0.006156425766252541,10.32041580005021,-0.6608949097878976,24.26855765602537,-20.312779425892636,1.6381612381032067,-0.15978900332750381,1.1951530428715667,-1.131686339814643,0.0,-0.015482806741829766,,
56.400000000000006,6.472110605264009,0.0217788492479897,7.60866319514032,0.002810523310798784,0.002832097277628532,-0.00970903641138363,10.48423192386053,-0.6624431904620806,25.1011900630277,-20.963284672247607,1.6381612381032067,-0.16232533671365468,1.1918394835123953,-1.1355352933766258,0.0,-0.015482806741829766,,
56.5,6.233728317937039,-0.25162505134241386,7.867979629236024,-0.004755510960781237,0.005100648905126126,0.007421004818110151,10.648048047670851,-0.6639914711362636,25.94570764630874,-21.62518369184779,1.6381612381032067,-0.16486167009980554,1.1885168743647339,-1.1393766943562655,0.0,-0.015482806741829766,,
56.6,6.217071929473169,0.005411179032796143,7.6563277112012065,0.000988072508562087,0.018790726178438532,-0.01667298814227071,10.811864171481172,-0.6655397518104466,26.802077089420745,-22.298514823004904,1.6381612381032067,-0.1673980034859564,1.1851852308798525,-1.1432105239627501,0.0,-0.015482806741829766,,
56.7,6.273655154543008,-0.5473199464927686,7.822233460497968,-0.008097978059068698,0.002224124438522989,-0.004703295803382801,10.975680295291493,-0.6670880324846296,27.67026498572745,-22.983316328129288,1.6381612381032067,-0.16993433687210724,1.1818445685455046,-1.1470367634350191,0.0,-0.015482806741829766,,
56.800000000000004,6.530904872186984,-0.16171266003737675,7.828581442567218,0.004087739805812324,-0.027384005991014503,-0.006513071841153533,11.139496419101814,-0.6686363131588126,28.550237838559305,-23.679626393542605,1.6381612381032067,-0.1724706702582581,1.1784949028858729,-1.1508553940418322,0.0,-0.015482806741829766,,
56.900000000000006,6.147528202027443,-0.20193974969853157,7.655982091672838,-0.015192634582983425,0.012418472363837122,0.005164735411392823,11.303312542912135,-0.6701845938329956,29.441962061369086,-24.387483129290832,1.6381612381032067,-0.17500700364440896,1.1751362494615132,-1.1546663970818385,0.0,-0.015482806741829766,,
57.0,6.498449575765662,-0.14297920443265677,7.533113037858629,0.0009854806263435495,-0.005668174639638451,-0.012185848485348092,11.467128666722456,-0.6717328745071786,30.34540397788786,-25.106924568957535,1.6381612381032067,-0.1775433370305598,1.1717686238693004,-1.1584697538836413,0.0,-0.015482806741829766,30.878646276287952,-23.486087802728324
57.1,6.705017762523116,0.008428198414439952,7.788125275809881,-0.004202525961261628,0.0017052117355803242,-0.018784062846580636,11.630944790532777,-0.6732811551813616,31.260529822281313,-25.837988669477454,1.6381612381032067,-0.18007967041671066,1.1683920417423714,-1.1622654458058688,0.0,-0.015482806741829766,,
57.2,6.377550074513678,-0.5464303246947696,7.658728079265311,0.003041339618486397,0.020931278258212442,-0.005380648267034381,11.794760914343097,-0.6748294358555446,32.187305739306446,-26.5807133109504,1.6381612381032067,-0.18261600380286153,1.165006518750071,-1.1660534542372394,0.0,-0.015482806741829766,,
57.300000000000004,6.3647333467532325,-0.25119182795728473,7.623586849134123,-0.010972340704132992,0.008484308604134285,-0.0004125106885009555,11.958577038153418,-0.6763777165297276,33.12569778446864,-27.335136296455442,1.6381612381032067,-0.1851523371890124,1.1616120705978958,-1.16983376059663,0.0,-0.015482806741829766,,
57.400000000000006,6.2583933896465425,-0.2750734140959706,7.400510759549312,-0.023109711647656916,-0.005103082770528842,-0.03297097292319497,12.122393161963739,-0.6779259972039106,34.07567192417906,-28.10129535186539,1.6381612381032067,-0.18768867057516322,1.1582087130274368,-1.1736063463331443,0.0,-0.015482806741829766,,
57.5,6.445824754601755,-0.1520943100878116,7.687062720264067,-0.010276061542671796,0.016913916959439095,-0.025043814706581836,12.28620928577406,-0.6794742778780936,35.03719403591242,-28.87922812566159,1.6381612381032067,-0.1902250039613141,1.1547964618163256,-1.1773711929261768,0.0,-0.015482806741829766,,
57.6,6.557035238907038,0.021254220514341587,7.65810318382084,-0.0011114066165850561,0.0028897281975924206,-0.00900583944135182,12.45002540958438,-0.6810225585522766,36.010229908365154,-29.668972188749038,1.6381612381032067,-0.19276133734746495,1.1513753327781773,-1.181128281885484,0.0,-0.015482806741829766,,
57.7,6.323511630444454,-0.1393380216222775,7.363646204379068,-0.007641872559976094,-0.008997402794177451,-0.0072169634257605,12.613841533394702,-0.6825708392264596,36.99474524161388,-30.47056503427176,1.6381612381032067,-0.19529767073361579,1.1479453417625343,-1.184877594751249,0.0,-0.015482806741829766,,
57.800000000000004,6.422458642391462,-0.07718133905807938,7.5145942008834465,0.004958581988391814,-0.006935614928182466,0.0015628115244461296,12.777657657205022,-0.6841191199006426,37.99070564727427,-31.284044077428533,1.6381612381032067,-0.19783400411976665,1.1445065046548104,-1.1886191130941481,0.0,-0.015482806741829766,,
57.900000000000006,6.4593184456285595,-0.08901253124142808,7.381001904387852,-0.010850754179664843,0.007795459614270257,-0.007695644658312123,12.941473781015343,-0.6856674005748256,38.99807664866025,-32.109446655288885,1.6381612381032067,-0.2003703375059175,1.1410588373762331,-1.1923528185154197,0.0,-0.015482806741829766,,
58.0,6.414555257265714,-0.04104613273936797,8.05206771659677,-0.011151116393897613,0.0028846762709132975,0.001605995668041418,13.105289904825664,-0.6872156812490086,40.016823680943595,-32.94681002660943,1.6381612381032067,-0.20290667089206837,1.137602355883789,-1.1960786926469285,0.0,-0.015482806741829766,44.38270629206317,-33.72724886015386
58.1,6.616608640834519,-0.2902463779696011,7.826292232206323,-0.014108563495894726,-0.00501292814563117,-0.0012161363757874806,13.269106028635985,-0.6887639619231916,41.046912091313814,-33.796171371650466,1.6381612381032067,-0.2054430042782192,1.1341370761701661,-1.199796717151234,0.0,-0.015482806741829766,,
58.2,6.288597317063907,-0.23565434217493453,7.764743439856034,-0.016712697308927275,-0.014388016399586345,-0.0027138758561243374,13.432922152446306,-0.6903122425973746,42.088307139138486,-34.65756779199296,1.6381612381032067,-0.20797933766437007,1.1306630142636958,-1.2035068737216563,0.0,-0.015482806741829766,,
58.300000000000004,6.361233282988208,-0.271402866373263,7.689731760713082,0.0010133075595365323,-0.011997999548123438,-0.022530419399208496,13.596738276256627,-0.6918605232715576,43.14097399612384,-35.531036310355724,1.6381612381032067,-0.21051567105052094,1.127180186228298,-1.2072091440823425,0.0,-0.015482806741829766,,
58.400000000000006,6.345292231770357,-0.3888754933121662,7.4740678557828115,-0.0001570427805823102,-0.008870764639914682,-0.006090129843161197,13.760554400066948,-0.6934088039457406,44.2048777464758,-36.41661387041301,1.6381612381032067,-0.2130520044366718,1.1236886081634228,-1.2109035099883327,0.0,-0.015482806741829766,,
58.5,6.458328919273893,-0.3611578216349931,7.882609756449467,-0.0294206558643482,0.005103293957035422,-0.006376418769882937,13.924370523877268,-0.6949570846199236,45.27998338706132,-37.314337336612354,1.6381612381032067,-0.21558833782282263,1.1201882962039942,-1.214589953225627,0.0,-0.015482806741829766,,
58.6,6.166637996095998,-0.5572232125852761,7.657112063947961,-0.004981836508115817,0.0032134492989674248,-0.02886596523828871,14.08818664768759,-0.6965053652941066,46.366255827570065,-38.22424349399275,1.6381612381032067,-0.2181246712089735,1.1166792665203518,-1.218268455611251,0.0,-0.015482806741829766,,
58.7,6.265652498752319,-0.17637580069016323,7.660350846343703,-0.01699545636555252,-0.004260172039228963,0.006483662408663458,14.25200277149791,-0.6980536459682896,47.46365989067649,-39.146369048003145,1.6381612381032067,-0.22066100459512436,1.1131615353181945,-1.2219389989933218,0.0,-0.015482806741829766,,
58.800000000000004,6.173317815826257,-0.19789391111209714,7.686489637562097,-0.032634712767855525,0.010649718854370376,-0.01074184991895146,14.415818895308231,-0.6996019266424726,48.57216031220226,-40.0807506243212,1.6381612381032067,-0.2231973379812752,1.109635118838521,-1.2256015652511139,0.0,-0.015482806741829766,,
58.900000000000006,6.291307630902701,0.13971010931728226,7.606774452083524,-0.0024383241906028325,0.0007939125339212245,-0.023940706158995143,14.579635019118552,-0.7011502073166556,49.691721741278975,-41.02742476867241,1.6381612381032067,-0.22573367136742606,1.106100033357575,-1.2292561362951253,0.0,-0.015482806741829766,,
59.0,6.1878088641680975,-0.2995538998886542,7.726747668669443,-0.011103928989536275,0.007917777685533943,-0.014776967978221955,14.743451142928873,-0.7026984879908386,50.82230874051133,-41.986427946649535,1.6381612381032067,-0.22827000475357692,1.1025562951867856,-1.232902694067143,0.0,-0.015482806741829766,46.4712846587231,-47.79702949210212
59.1,6.412780850117178,-0.1794733364724776,7.7866058050401215,-0.0001724262378228281,0.010063223402588178,-0.04434205159957442,14.907267266739193,-0.7042467686650216,51.96388578614055,-42.95779654353231,1.6381612381032067,-0.23080633813972778,1.099003920672709,-1.2365412205403084,0.0,-0.015482806741829766,,
59.2,6.399181900508756,-0.2785799919255925,7.565362224402535,-0.009068546128481028,-0.01676128269851008,-0.005819270292899167,15.071083390549514,-0.7057950493392046,53.1164172682082,-43.941566864107514,1.6381612381032067,-0.23334267152587862,1.0954429261969718,-1.240171697719183,0.0,-0.015482806741829766,,
59.300000000000004,6.628891007327104,-0.13950283545430736,7.3662668828378814,-0.004637738318290667,-0.0342693861772674,-0.016082768538226294,15.234899514359835,-0.7073433300133876,54.279867490720385,-44.93777513248931,1.6381612381032067,-0.23587900491202948,1.0918733281762127,-1.2437941076398138,0.0,-0.015482806741829766,,
59.400000000000006,6.265494709241648,-0.10387693964644731,7.6198304683934674,0.0050046453086645725,0.004523306863469265,-0.022576983546959875,15.398715638170156,-0.7088916106875706,55.45420067181224,-45.946457491939924,1.6381612381032067,-0.23841533829818035,1.088295143062023,-1.2474084323697985,0.0,-0.015482806741829766,,
59.5,6.1555743201701905,-0.35418663750151325,7.625465050053446,0.003552070821079354,0.007038364253663197,-0.0023268845281114022,15.562531761980477,-0.7104398913617536,56.6393809439128,-46.96765000469065,1.6381612381032067,-0.24095167168433118,1.0847083873408896,-1.2510146540083498,0.0,-0.015482806741829766,,
59.6,6.251368377741235,-0.013586376084356644,7.5367499134794365,-0.007445368654045177,0.019185769187530094,0.008946545309277576,15.726347885790798,-0.7119881720359366,57.83537235391021,-48.00138865176314,1.6381612381032067,-0.24348800507048204,1.0811130775341364,-1.2546127546863626,0.0,-0.015482806741829766,,
59.7,6.5065949754035985,-0.16812850256112674,7.971335479527502,-0.022149392354264327,0.010937639946150298,-0.016778852131663823,15.890164009601119,-0.7135364527101196,59.0421388633173,-49.04770933279106,1.6381612381032067,-0.2460243384566329,1.0775092301978642,-1.2582027165664764,0.0,-0.015482806741829766,,
59.800000000000004,6.302368109398039,-0.3039589107802834,7.525741501217651,-0.01564862684408714,-0.011708191519769918,-0.005192386883706407,16.05398013341144,-0.7150847333843026,60.259644348437476,-50.106647865841985,1.6381612381032067,-0.24856067184278377,1.0738968619228944,-1.261784521843142,0.0,-0.015482806741829766,,
59.900000000000006,6.449071786536587,-0.133544511909786,7.858682429184597,0.0017668781293833811,-0.003409149821363704,-0.009852444980769585,16.21779625722176,-0.7166330140584856,61.48785260053099,-51.17823998723972,1.6381612381032067,-0.25109700522893463,1.0702759893347078,-1.265358152742686,0.0,-0.015482806741829766,,
60.0,6.489494568526588,-0.28493197144535437,7.708418707638623,-0.009305756336629209,-0.007713409463772635,-0.014261945337988018,16.38161238103208,-0.7181812947326686,62.726727325981535,-52.26252135138683,1.6381612381032067,-0.25363333861508547,1.0666466290933878,-1.2689235915233739,0.0,-0.015482806741829766,58.96058938274983,-57.881220720426214
60.1,6.317722824311639,-0.27914150304568597,7.483338394362222,-0.006331860109520775,0.00552831998199404,-0.031391130880983754,16.545428504842402,-0.7197295754068516,63.97623214646318,-53.35952753058759,1.6381612381032067,-0.2561696720012363,1.0630087978935594,-1.2724808204754767,0.0,-0.015482806741829766,,
60.2,6.391059721562162,-0.2070670986433015,7.376718557871941,-0.01103109701469807,0.006402427373375721,0.007865812806010744,16.709244628652723,-0.7212778560810346,65.23633059910769,-54.46929401487118,1.6381612381032067,-0.2587060053873872,1.059362512464331,-1.2760298219213333,0.0,-0.015482806741829766,,
60.300000000000004,6.292177839575707,0.06530228040489797,7.827299065994345,-0.011976713967221546,-0.006335799399438218,0.0076347889697341645,16.873060752463044,-0.7228261367552176,66.50698613667211,-55.59185621181523,1.6381612381032067,-0.26124233877353803,1.0557077895692357,-1.2795705782154174,0.0,-0.015482806741829766,,
60.400000000000006,6.275380557679042,-0.1343283210492406,7.579776333655243,-0.017294472645635738,0.005816645059723863,-0.011195180638322077,17.036876876273364,-0.7243744174294006,67.7881621277068,-56.72724944636969,1.6381612381032067,-0.26377867215968887,1.05204464600617,-1.283103071744399,0.0,-0.015482806741829766,,
60.5,6.7536715253961805,0.07470605936396948,7.542063807060608,-0.002752012568545394,-0.010749942917141835,-0.0020165768065685047,17.200693000083685,-0.7259226981035836,69.07982185672374,-57.875508960681024,1.6381612381032067,-0.26631500554583976,1.0483730986073365,-1.28662728492721,0.0,-0.015482806741829766,,
60.6,6.3550526610662965,-0.634015347054049,7.67870748216848,-0.022545892293236315,0.002081744481008563,-0.021346510683594777,17.364509123894006,-0.7274709787777666,70.3819285243652,-59.036669913916725,1.6381612381032067,-0.2688513389319906,1.0446931642391826,-1.2901432002151079,0.0,-0.015482806741829766,,
60.7,6.419990620732243,-0.22426080611135515,7.4026664898303896,-0.006068466471477632,0.0058698725334958395,-0.0041779690542709785,17.528325247704327,-0.7290192594519496,71.69444524757267,-60.21076738209015,1.6381612381032067,-0.2713876723181415,1.0410048598023411,-1.2936508000917395,0.0,-0.015482806741829766,,
60.800000000000004,6.466773800746689,-0.14725231407167186,7.539903769398978,-0.015045764391314925,-0.004945278257878145,-0.01072840540376597,17.692141371514648,-0.7305675401261326,73.01733505975633,-61.39783635788565,1.6381612381032067,-0.2739240057042923,1.0373082022315716,-1.2971500670732055,0.0,-0.015482806741829766,,
60.900000000000006,6.54576051045238,-0.30888256556638033,7.780871766573702,-0.008153881594481067,0.00013141043227792013,-0.014471700301245555,17.85595749532497,-0.7321158208003156,74.35056091096467,-62.59791175048412,1.6381612381032067,-0.27646033909044315,1.0336032084956983,-1.3006409837081223,0.0,-0.015482806741829766,,
61.0,6.599037887005575,-0.03506014948899308,7.479844860083945,-0.02146837653547301,0.026390947814676022,0.0051166011741222515,18.01977361913529,-0.7336641014744986,75.69408566805454,-63.81102838538876,1.6381612381032067,-0.27899667247659404,1.0298898955975513,-1.304123532577688,0.0,-0.015482806741829766,78.10303893355237,-61.58265636101512
61.1,6.3300558981898565,-0.21706584158341022,7.475672219080044,0.0013549570240474927,-0.0038869019142032473,-0.02657736947728321,18.18358974294561,-0.7352123821486816,77.04787211486148,-65.03722100425122,1.6381612381032067,-0.2815330058627449,1.0261682805739065,-1.3075976962957434,0.0,-0.015482806741829766,,
61.2,6.028851563352258,-0.3052959511464948,7.798371048390867,-0.009305116395891596,0.002376002367797314,-0.017090337320270453,18.34740586675593,-0.7367606628228646,78.41188295237046,-66.27652426469808,1.6381612381032067,-0.2840693392488957,1.0224383804954247,-1.3110634575088378,0.0,-0.015482806741829766,,
61.300000000000004,6.310123849393638,-0.01884311572170022,7.682304856899039,-0.006029150405785917,0.0010596990849908764,-0.009166223332691051,18.511221990566252,-0.7383089434970476,79.78608079888693,-67.52897274015763,1.6381612381032067,-0.2866056726350466,1.0187002124665914,-1.31452079889629,0.0,-0.015482806741829766,,
61.400000000000006,6.251323411420771,-0.30687678509340294,7.728252248363845,0.0004417844132426829,0.00947476978955431,-0.010592511951956596,18.675038114376573,-0.7398572241712306,81.17042819020818,-68.794600919687,1.6381612381032067,-0.28914200602119744,1.0149537936256552,-1.3179697031702526,0.0,-0.015482806741829766,,
61.5,6.141976382045327,-0.44261684537967705,7.55786067235146,0.002653432220492492,-0.004898212062168693,-0.003635683932333561,18.838854238186894,-0.7414055048454136,82.56488757979508,-70.07344320779963,1.6381612381032067,-0.2916783394073483,1.0111991411445693,-1.3214101530757756,0.0,-0.015482806741829766,,
61.6,6.1828883526859695,-0.3623802485578575,7.801094367632813,-0.012416199416592923,0.005858963757670574,0.0036645898362114813,19.002670361997215,-0.7429537855195966,83.96942133894413,-71.36553392429298,1.6381612381032067,-0.29421467279349917,1.007436272228929,-1.3248421313908674,0.0,-0.015482806741829766,,
61.7,6.466904335672424,-0.4321569583378192,7.659837406699745,0.006224371769961324,-0.012508342527397276,-0.005858283941854817,19.166486485807535,-0.7445020661937796,85.38399175695982,-72.67090730407674,1.6381612381032067,-0.29675100617965,1.003665204117911,-1.3282656209265593,0.0,-0.015482806741829766,,
61.800000000000004,6.560752076319576,-0.36980193902440456,7.662363054539461,-0.008501102087758465,-0.0028658694310970006,-0.012110635755335702,19.330302609617856,-0.7460503468679626,86.80856104132741,-73.98959749700118,1.6381612381032067,-0.2992873395658009,0.9998859540842129,-1.3316806045269676,0.0,-0.015482806741829766,,
61.900000000000006,6.526984260116803,-0.3036199737209453,7.677703407565737,-0.024421479218741642,0.014112537613658977,-0.011980753195458889,19.494118733428177,-0.7475986275421456,88.24309131788597,-75.321638567686,1.6381612381032067,-0.3018236729519517,0.9960985394339914,-1.335087065069356,0.0,-0.015482806741829766,,
62.0,6.275406491921274,-0.4689437495483231,7.890682456845823,-0.011775072596539593,-0.008639279062579186,-0.0049933868253324055,19.657934857238498,-0.7491469082163286,89.68754463100177,-76.66706449534935,1.6381612381032067,-0.30436000633810256,0.9923029775068015,-1.3384849854641987,0.0,-0.015482806741829766,93.12033504051195,-78.57963563216454
62.1,6.52062817139749,-0.35964163725269094,7.87137497192347,-0.016931228860617584,-0.012048343078935821,-0.016455166519525617,19.82175098104882,-0.7506951888905116,91.141882943742,-78.02590917363736,1.6381612381032067,-0.30689633972425345,0.9884992856755362,-1.3418743486552422,0.0,-0.015482806741829766,,
62.2,6.330747037395524,-0.3329449034997052,7.67246720848174,-0.0023988839853586862,0.00039044308354248074,-0.02332801980874874,19.98556710485914,-0.7522434695646946,92.60606813804884,-79.39820641045384,1.6381612381032067,-0.3094326731104043,0.9846874813463617,-1.345255137619567,0.0,-0.015482806741829766,,
62.300000000000004,6.279030566051859,-0.24541882360121953,7.420552488265987,0.0019419779255725666,0.0099942224589071,-0.0039862633088388905,20.14938322866946,-0.7537917502388776,94.08006201491388,-80.7839899277904,1.6381612381032067,-0.3119690064965551,0.9808675819586598,-1.3486273353676508,0.0,-0.015482806741829766,,
62.400000000000006,6.260947234482801,-0.5281666654663694,7.729575652175171,-0.013690841285358718,0.01027642520702226,-0.007773159689510055,20.31319935247978,-0.7553400309130606,95.5638262945528,-82.18329336155693,1.6381612381032067,-0.314505339882706,0.9770396049849633,-1.351990924943431,0.0,-0.015482806741829766,,
62.5,6.264030361042851,-0.428817576214377,7.752225060820015,0.0009075514267463157,0.011280051407442067,-0.01221657484564573,20.477015476290102,-0.7568883115872436,97.05732261658046,-83.59615026141235,1.6381612381032067,-0.31704167326885685,0.9732035679308957,-1.3553458894243648,0.0,-0.015482806741829766,,
62.6,6.1703437603108595,-0.4375122933549312,7.880379731728413,-0.01977059313620888,0.006207731411034223,0.005600270487748641,20.640831600100423,-0.7584365922614266,98.56051254018627,-85.02259409059565,1.6381612381032067,-0.3195780066550077,0.9693594883351087,-1.3586922119214917,0.0,-0.015482806741829766,,
62.7,6.1878897338731225,-0.06770260974820722,7.916023118182208,-0.024428214142409803,0.010752255900600825,-0.004054082837491082,20.804647723910744,-0.7599848729356096,100.07335754430991,-86.46265822575745,1.6381612381032067,-0.3221143400411586,0.9655073837692203,-1.362029875579496,0.0,-0.015482806741829766,,
62.800000000000004,6.617469541870349,-0.19351624599376616,7.877068917372434,-0.00967351256595083,-0.014393317450280916,0.002257877599123395,20.968463847721065,-0.7615331536097926,101.5958190278174,-87.91637595679175,1.6381612381032067,-0.3246506734273094,0.9616472718377527,-1.3653588635767682,0.0,-0.015482806741829766,,
62.900000000000006,6.510720588995948,-0.28178539925824114,7.6556157082734355,0.011363017279050404,0.005417838076428971,0.002208141851649744,21.132279971531386,-0.7630814342839756,103.12785830967742,-89.38378048666799,1.6381612381032067,-0.32718700681346025,0.95777917017807,-1.368679159125465,0.0,-0.015482806741829766,,
63.0,6.251793114781776,-0.39121041122917455,7.565702357697105,0.014113644610228002,-0.005527151846087811,0.010756242486368195,21.296096095341706,-0.7646297149581586,104.66943662913805,-90.86490493126358,1.6381612381032067,-0.32972334019961114,0.9539030964603155,-1.3719907454715727,0.0,-0.015482806741829766,101.68560182477549,-86.564259100021
63.1,6.441771862878364,-0.3125368197892131,7.625227932749147,-0.013733894314370736,0.00554258411632668,0.0016145315165297831,21.459912219152027,-0.7661779956323416,106.22051514590379,-92.35978231919668,1.6381612381032067,-0.33225967358576197,0.9500190683873493,-1.375293605894967,0.0,-0.015482806741829766,,
63.2,6.378064343908,-0.3757701449327925,8.009980641707651,-0.024788590510421555,-0.008666155267098036,-0.00016562847330045885,21.623728342962348,-0.7677262763065246,107.78105494031293,-93.86844559165934,1.6381612381032067,-0.33479600697191286,0.9461271036946864,-1.3785877237094752,0.0,-0.015482806741829766,,
63.300000000000004,6.209200750256438,-0.17518256623149858,7.586332964673064,-0.007237349208010185,0.0032464724539069414,-0.016315154990100757,21.78754446677267,-0.7692745569807076,109.3510170135152,-95.39092760225094,1.6381612381032067,-0.3373323403580637,0.9422272201504334,-1.3818730822629357,0.0,-0.015482806741829766,,
63.400000000000006,6.212654201265826,-0.3660939088319322,7.734490811708877,-0.014693397053248208,-0.010778331671632127,-0.004226853409137071,21.95136059058299,-0.7708228376548906,110.93036228764983,-96.92726111681206,1.6381612381032067,-0.33986867374421453,0.9383194355552256,-1.3851496649372608,0.0,-0.015482806741829766,,
63.5,6.493415652314225,-0.5217038188411491,7.6195967630625425,-0.006361892931755644,0.002331308448793724,-0.02620614150776422,22.11517671439331,-0.7723711183290736,112.51905160602377,-98.47747881325861,1.6381612381032067,-0.3424050071303654,0.9344037677421639,-1.3884174551484956,0.0,-0.015482806741829766,,
63.6,6.293332250461332,-0.42805054337822274,7.654166556493474,-0.009246669149460335,0.01256454824882105,0.0030093915331254432,22.27899283820363,-0.7739193990032566,114.1170457332905,-100.04161328141637,1.6381612381032067,-0.34494134051651626,0.930480234576753,-1.3916764363468805,0.0,-0.015482806741829766,,
63.7,6.510016136209024,-0.3135049285338288,7.454807216351134,-0.015980516287385633,0.0058549011471466,-0.005284769704604223,22.442808962013952,-0.7754676796774396,115.72430535562887,-101.61969702285577,1.6381612381032067,-0.3474776739026671,0.926548853956836,-1.3949265920169105,0.0,-0.015482806741829766,,
63.800000000000004,6.347603983492822,-0.3515612125914588,7.857730279982888,0.008492311935910223,0.0074922403150896105,0.006504214730185623,22.606625085824273,-0.7770159603516226,117.34079108092249,-103.21176245072715,1.6381612381032067,-0.350014007288818,0.9226096438125336,-1.3981679056773968,0.0,-0.015482806741829766,,
63.900000000000006,6.523441512014321,-0.5648724413886366,7.468886863349542,-0.018434736323789717,-0.005478461144291599,-0.014103461250689077,22.770441209634594,-0.7785642410258056,118.96646343893931,-104.81784188959624,1.6381612381032067,-0.3525503406749688,0.918662622106179,-1.4014003608815244,0.0,-0.015482806741829766,,
64.0,6.364925493607282,-0.2468030274765572,7.6722802024919865,-0.018548618169225244,-6.460626638422824e-06,-0.006680464598507847,22.934257333444915,-0.7801125216999886,120.60128288151158,-106.43796757528006,1.6381612381032067,-0.35508667406111966,0.9147078068322556,-1.4046239412169166,0.0,-0.015482806741829766,117.46805184317903,-102.40764059274039
64.10000000000001,6.455310148958929,-0.5495065814730415,7.6428805857006115,-0.011750204278155785,0.001727743976536958,-0.01446295242195788,23.098073457255236,-0.7816608023741716,122.24520978271613,-108.0721716546831,1.6381612381032067,-0.35762300744727055,0.9107452160173317,-1.4078386303056916,0.0,-0.015482806741829766,,
64.2,6.512432384329377,-0.40334494896152384,7.867350397509878,-0.005359823682940719,0.007814012353857504,-0.00798810002574761,23.261889581065557,-0.7832090830483546,123.89820443905492,-109.72048618563399,1.6381612381032067,-0.3601593408334214,0.9067748677199992,-1.4110444118045236,0.0,-0.015482806741829766,,
64.3,6.494341745269803,-0.33637676566700414,7.678687100586704,-0.010630065710572581,-0.0015636073274943024,-0.0006206691292969021,23.425705704875877,-0.7847573637225376,125.56022706963596,-111.38294313672229,1.6381612381032067,-0.3626956742195723,0.9027967800308074,-1.4142412694047035,0.0,-0.015482806741829766,,
64.4,6.478690237730749,-0.37239925879988905,7.518282382580358,-0.024348220929736708,0.009240094200427295,-0.02291826583299853,23.5895218286862,-0.7863056443967206,127.23123781635455,-113.05957438713584,1.6381612381032067,-0.3652320076057231,0.8988109710722012,-1.4174291868321975,0.0,-0.015482806741829766,,
64.5,6.400297970822101,-0.33551456698722987,7.813818149481599,-0.011048953914578243,-7.636360032617741e-05,-0.01846431039737093,23.75333795249652,-0.7878539250709036,128.91119674407483,-114.75041172649829,1.6381612381032067,-0.36776834099187394,0.8948174589984552,-1.4206081478477077,0.0,-0.015482806741829766,,
64.60000000000001,6.4981703721642825,-0.708251073416599,7.761802241667466,-0.0015103237433629797,0.01641405927135211,-0.008053431305099711,23.91715407630684,-0.7894022057450866,130.60006384081157,-116.45548685470712,1.6381612381032067,-0.37030467437802483,0.890816261995611,-1.4237781362467306,0.0,-0.015482806741829766,,
64.7,6.289694102667055,-0.32155585068557574,7.7248663642852,-0.008838571115873687,0.010114226570262006,-0.014444848739490639,24.08097020011716,-0.7909504864192696,132.29779901791244,-118.17483138177194,1.6381612381032067,-0.37284100776417567,0.8868073982814121,-1.4269391358596168,0.0,-0.015482806741829766,,
64.8,6.0708178278842695,-0.17926357306113408,7.695834482813048,0.0048699909749885415,-0.009110378766259912,0.006442859360156266,24.24478632392748,-0.7924987670934526,134.0043621102405,-119.90847682765309,1.6381612381032067,-0.3753773411503265,0.8827908861052401,-1.430091130551632,0.0,-0.015482806741829766,,
64.9,6.243369649175842,-0.49834193000997973,7.77914637395595,-0.008995607446557979,-0.016818947149491937,-0.011355329506762036,24.408602447737803,-0.7940470477676356,135.71971287635688,-121.65645462210068,1.6381612381032067,-0.3779136745364774,0.8787667437480495,-1.433234104223013,0.0,-0.015482806741829766,,
65.0,6.326041154217314,-0.259171357801431,7.690039605733346,0.013873674962799107,0.02171730686451986,0.0008247942649599119,24.572418571548123,-0.7955953284418186,137.44381099870407,-123.41879610449395,1.6381612381032067,-0.38045000792262823,0.8747349895223046,-1.4363680408090307,0.0,-0.015482806741829766,139.283369681096,-119.50052438951394
65.10000000000001,6.432154222464786,-0.6697865535081242,7.4927183068194765,-0.003390185551039631,0.008499170264756675,-0.02147389468028729,24.736234695358444,-0.7971436091160016,139.17661608378927,-125.19553252368095,1.6381612381032067,-0.38298634130877907,0.8706956417719124,-1.4394929242800443,0.0,-0.015482806741829766,,
65.2,6.3927941900409335,-0.3105500323610076,7.737872559996632,-0.004156442443307918,-0.00886072384281736,0.005474511008030512,24.900050819168765,-0.7986918897901846,140.91808766236815,-126.98669503781863,1.6381612381032067,-0.38552267469492996,0.8666487188721603,-1.4426087386415647,0.0,-0.015482806741829766,,
65.3,6.408402182325593,-0.14919156083607168,7.438198408072577,-0.0023969274246080814,0.01580298061818946,-0.01620713326345047,25.063866942979086,-0.8002401704643676,142.66818518962896,-128.79231471421318,1.6381612381032067,-0.3880590080810808,0.8625942392296503,-1.445715467934311,0.0,-0.015482806741829766,,
65.4,6.460828751718704,-0.4767451037737003,7.461389212635094,-0.008927059768266922,-0.010251247500999929,0.004145623228471026,25.227683066789407,-0.8017884511385506,144.42686804537678,-130.61242252916085,1.6381612381032067,-0.3905953414672316,0.8585322212822333,-1.448813096234269,0.0,-0.015482806741829766,,
65.5,6.38087201537562,-0.4515026917817047,7.797446268761668,0.008728656735444679,-0.01512935181037213,-0.029208637928648383,25.391499190599728,-0.8033367318127336,146.19409553421843,-132.44704936778908,1.6381612381032067,-0.3931316748533825,0.8544626834989446,-1.4519016076527498,0.0,-0.015482806741829766,,
65.60000000000001,6.3245036420601,-0.408473203357481,7.677660446769462,-0.001660381728901988,-0.014198261651779264,-0.019690563313905913,25.55531531441005,-0.8048850124869166,147.96982688574727,-134.29622602389787,1.6381612381032067,-0.39566800823953335,0.8503856443799395,-1.454980986336449,0.0,-0.015482806741829766,,
65.7,6.446702203829888,-0.20405105430413045,7.7697785476409695,-0.011445254721121532,0.0004933655937764714,0.002955217874154051,25.71913143822037,-0.8064332931610996,149.75402125472863,-136.15998319980173,1.6381612381032067,-0.39820434162568424,0.8463011224564259,-1.4580512164675046,0.0,-0.015482806741829766,,
65.8,6.271880335839375,-0.5985886509788254,7.606740399176742,-0.0013266257272945168,0.0067823749726482144,-0.011908369374279316,25.88294756203069,-0.8079815738352826,151.54663772128535,-138.03835150617172,1.6381612381032067,-0.4007406750118351,0.8422091362906011,-1.4611122822635543,0.0,-0.015482806741829766,,
65.9,6.479654089031277,-0.3091946494293072,7.626765825764354,-0.010228725114547862,-0.003696879664427679,-0.014354804695900572,26.04676368584101,-0.8095298545094656,153.34763529108378,-139.93136146187808,1.6381612381032067,-0.4032770083979859,0.8381097044755854,-1.4641641679777944,0.0,-0.015482806741829766,,
66.0,6.369020063571861,-0.5924490023891157,7.564631031658046,-0.018411916817527896,0.005861900169993164,-0.013511548098792882,26.210579809651332,-0.8110781351836486,155.15697289551997,-141.83904349383315,1.6381612381032067,-0.4058133417841368,0.8340028456353556,-1.4672068578990383,0.0,-0.015482806741829766,155.15114337768316,-149.77375719024232
66.10000000000001,6.502466299317138,-0.42212775865242297,7.753194225529014,0.0014757309386630056,0.008577238427271825,-0.00037989394639504313,26.374395933461653,-0.8126264158578316,156.97460939190628,-143.76142793683448,1.6381612381032067,-0.40834967517028764,0.829888578424681,-1.4702403363517722,0.0,-0.015482806741829766,,
66.2,6.472504407865814,-0.20031513978608914,7.6875288268460125,-0.021384262476852232,0.020324645209860832,-0.007120646744236589,26.538212057271974,-0.8141746965320146,158.80050356365817,-145.69854503340855,1.6381612381032067,-0.4108860085564385,0.8257669215290561,-1.473264587696215,0.0,-0.015482806741829766,,
66.3,6.219162177477266,-0.5318105481275609,7.918044756704992,-0.010550085486438453,0.008316541205112172,-0.016047095378433348,26.702028181082294,-0.8157229772061976,160.63461412048136,-147.65042493365465,1.6381612381032067,-0.41342234194258937,0.8216378936646352,-1.4762795963283744,0.0,-0.015482806741829766,,
66.4,6.420450359815553,-0.12781141971544774,7.48493962151386,0.005393746316052277,0.0022309498207452446,0.0008039406931049167,26.865844304892615,-0.8172712578803806,162.47689969855938,-149.61709769508926,1.6381612381032067,-0.4159586753287402,0.8175015135781665,-1.479285346680105,0.0,-0.015482806741829766,,
66.5,6.352109045191565,-0.5089121733585151,7.862014871342957,-0.010346367463072938,-0.0060752980669158945,-0.010536513552937162,27.029660428702936,-0.8188195385545636,164.32731886074123,-151.5985932824907,1.6381612381032067,-0.41849500871489104,0.8133578000469258,-1.4822818232191652,0.0,-0.015482806741829766,,
66.60000000000001,6.464136830898188,-0.5057081454785236,7.920625332271785,-0.016901880740897875,-0.011184310145902035,-0.00014061739778227327,27.193476552513257,-0.8203678192287466,166.18583009672955,-153.59494156774417,1.6381612381032067,-0.4210313421010419,0.8092067718786502,-1.4852690104492752,0.0,-0.015482806741829766,,
66.7,6.181140176726888,-0.3831134187797975,7.804100970240156,0.007415905417163848,0.003685093397237696,-0.01196815810013064,27.357292676323578,-0.8219160999029296,168.05239182326895,-155.60617232968715,1.6381612381032067,-0.42356767548719276,0.8050484479114721,-1.4882468929101733,0.0,-0.015482806741829766,,
66.8,6.402008781019249,-0.3869166148943513,7.764899322031777,0.000878563917071618,0.0017152862768403752,-0.031249273684392037,27.5211088001339,-0.8234643805771126,169.92696238433473,-157.63231525395517,1.6381612381032067,-0.42610400887334365,0.8008828470138517,-1.4912154551776724,0.0,-0.015482806741829766,,
66.9,6.2045992505650105,-0.39218109703469994,7.695956630653035,0.004115635206639059,0.00025254983017960716,-0.02136497820700725,27.68492492394422,-0.8250126612512956,171.80950005132183,-159.67339993282786,1.6381612381032067,-0.4286403422594945,0.7967099880845117,-1.4941746818637185,0.0,-0.015482806741829766,,
67.0,6.428251877938098,-0.7174431221451721,7.757561868042101,-0.006166187558623635,-0.0005976730949238765,-0.011377106173752153,27.84874104775454,-0.8265609419254786,173.69996302323418,-161.72945586507558,1.6381612381032067,-0.4311766756456453,0.79252989005237,-1.497124557616446,0.0,-0.015482806741829766,176.94441161904277,-162.12040377387405
67.10000000000001,6.392052195827527,-0.38692877684618204,7.591643081696051,0.0031949085753739713,-0.0001780069950103505,0.005333286376957194,28.01255717156486,-0.8281092225996616,175.59830942687415,-163.80051245580606,1.6381612381032067,-0.4337130090317962,0.7883425718764729,-1.5000650671202345,0.0,-0.015482806741829766,,
67.2,6.093657964655906,-0.5503680041395427,7.744978378511763,-0.009334346015616774,-0.009732588009066132,-0.00970741985204794,28.176373295375182,-0.8296575032738446,177.50449731703264,-165.88659901631178,1.6381612381032067,-0.43624934241794705,0.7841480525459286,-1.5029961950957662,0.0,-0.015482806741829766,,
67.3,6.092050247766115,-0.35197821843381555,7.727400416895478,-0.006597334190925268,-0.007383982633809897,-0.00353722199066277,28.340189419185503,-0.8312057839480276,179.4184846766791,-167.98774476391748,1.6381612381032067,-0.4387856758040979,0.7799463510798395,-1.50591792630008,0.0,-0.015482806741829766,,
67.4,6.17613523617615,-0.5860564424259143,7.602164713776,0.0011058208384101464,-0.00416099176622993,-0.009092460268416322,28.504005542995824,-0.8327540646222106,181.3402294171521,-170.1039788218281,1.6381612381032067,-0.4413220091902488,0.7757374865272362,-1.5088302455266314,0.0,-0.015482806741829766,,
67.5,6.428856568616975,-0.5576241463394662,7.417872383794281,-0.019096103878073378,0.005538684119794266,-0.0024830261955593007,28.667821666806145,-0.8343023452963936,183.26968937835017,-172.23533021897705,1.6381612381032067,-0.4438583425763996,0.771521477967009,-1.5117331376053453,0.0,-0.015482806741829766,,
67.60000000000001,6.378390856229761,-0.4319139728488818,7.580813205913335,-0.0024692861009139996,-0.0016912232787903577,0.009903620218107853,28.831637790616465,-0.8358506259705766,185.20682232892275,-174.38182788987487,1.6381612381032067,-0.44639467596255045,0.7672983445078422,-1.5146265874026728,0.0,-0.015482806741829766,,
67.7,6.521772062273706,-0.28659817673148885,7.625965537641916,-0.013003203997351023,0.011389190589398936,-0.005178422672236978,28.995453914426786,-0.8373989066447596,187.1515859664617,-176.54350067445836,1.6381612381032067,-0.44893100934870134,0.7630681052881446,-1.5175105798216486,0.0,-0.015482806741829766,,
67.8,6.36312156522674,-0.31650014907463087,7.89650329353457,-0.006549400802284237,-0.018277397082258597,-0.020310281008743693,29.159270038237107,-0.8389471873189426,189.10393791769295,-178.72037731793984,1.6381612381032067,-0.4514673427348522,0.7588307794759845,-1.5203850998019448,0.0,-0.015482806741829766,,
67.9,6.297967560786357,-0.39954132551626903,7.697078988707642,-0.004799435346564276,-0.007902473216434528,-0.02089675858731304,29.323086162047428,-0.8404954679931256,191.06383573866833,-180.91248647065697,1.6381612381032067,-0.454003676121003,0.7545863862690199,-1.5232501323199277,0.0,-0.015482806741829766,,
68.0,6.199538239030363,-0.5555675201971387,7.516150110283332,-0.015184604246143037,0.006265986759490237,-0.014045269544752766,29.48690228585775,-0.8420437486673086,193.03123691495813,-183.11985668792295,1.6381612381032067,-0.4565400095071539,0.7503349448944322,-1.526105662388713,0.0,-0.015482806741829766,191.45124594390657,-175.21702163672742
68.10000000000001,6.515029344595127,-0.4579984400377861,7.662844408609863,-0.02113524568223318,-0.0009484647230153147,0.0037895788853530427,29.65071840966807,-0.8435920293414916,195.0060988618434,-185.34251642987687,1.6381612381032067,-0.45907634289330473,0.7460764746088583,-1.528951675058221,0.0,-0.015482806741829766,,
68.2,6.50479414262539,-0.5598908989331873,7.869195682491498,-0.0059773453824017424,-0.0007625632186333811,-0.004400747725123361,29.81453453347839,-0.8451403100156746,196.98837892450896,-187.58049406133475,1.6381612381032067,-0.4616126762794556,0.7418109946983215,-1.5317881554152324,0.0,-0.015482806741829766,,
68.3,6.32947006357518,-0.4518253663778783,7.400614362692448,0.0020066300706960737,-0.0066391245704560346,-0.01715161388563035,29.97835065728871,-0.8466885906898576,198.97803437823652,-189.83381785164062,1.6381612381032067,-0.46414900966560646,0.7375385244781648,-1.5346150885834422,0.0,-0.015482806741829766,,
68.4,6.345363984241355,-0.27513276620192095,7.594357937544007,-0.0025612805676492444,0.01636229961756059,-0.03190719563247352,30.142166781099032,-0.8482368713640406,200.97502242859804,-192.10251597451827,1.6381612381032067,-0.4666853430517573,0.7332590832929828,-1.5374324597235163,0.0,-0.015482806741829766,,
68.5,6.007513487620518,-0.692170739311502,7.620708710713842,-0.017848823922380536,0.0002274236154740088,0.014144926041881254,30.305982904909353,-0.8497851520382236,202.97930021164967,-194.3866165079231,1.6381612381032067,-0.4692216764379082,0.7289726905165527,-1.5402402540331461,0.0,-0.015482806741829766,,
68.60000000000001,6.425148077787006,-0.4321516035338574,7.922644186801972,-0.02578422882866157,0.001960301800619845,-0.005941362905720731,30.469799028719674,-0.8513334327124066,204.99082479412553,-196.68614743389455,1.6381612381032067,-0.471758009824059,0.7246793655517663,-1.5430384567471018,0.0,-0.015482806741829766,,
68.7,6.2052570986773254,-0.407485728584517,7.92025201973237,-0.003818639506999907,0.01497726531348128,-0.017106413952186948,30.633615152529995,-0.8528817133865896,207.00955317363224,-199.00113663840878,1.6381612381032067,-0.47429434321020986,0.720379127830562,-1.5458270531372889,0.0,-0.015482806741829766,,
68.8,6.38015895459137,-0.485370231944196,7.490164365244254,-0.014760966485921604,0.009516436408426787,-0.009391820346434451,30.797431276340316,-0.8544299940607726,209.03544227884336,-201.33161191123176,1.6381612381032067,-0.47683067659636075,0.7160719968138554,-1.5486060285128016,0.0,-0.015482806741829766,,
68.9,6.445383175870374,-0.3603581763785119,7.846924081444509,0.002445407045703966,0.016518682309490797,-0.00533508871524103,30.961247400150636,-0.8559782747349556,211.06844896969446,-203.67760094577275,1.6381612381032067,-0.4793670099825116,0.7117579919914723,-1.5513753682199776,0.0,-0.015482806741829766,,
69.0,6.187747870665797,-0.4187262274857978,7.911483615196188,-0.0009012800460612182,-0.023800711986192425,-0.008650432971006056,31.125063523960957,-0.8575265554091386,213.10853003757816,-206.03913133893815,1.6381612381032067,-0.4819033433686624,0.7074371328820785,-1.554135057642453,0.0,-0.015482806741829766,218.33430844090302,-205.01833766757267
69.10000000000001,6.304329252184639,-0.5606970151420738,7.632255998717074,-0.03375728629196531,-0.004520020868347652,-0.01201296360659627,31.288879647771278,-0.8590748360833216,215.15564220553966,-208.4162305909857,1.6381612381032067,-0.4844396767548133,0.7031094390331112,-1.5568850822012148,0.0,-0.015482806741829766,,
69.2,6.458687762775174,-0.6380469137925192,7.626359021729613,-0.009833090576857415,-0.009920770773829166,0.0017247744482555404,31.4526957715816,-0.8606231167575046,217.2097421284725,-210.808926105379,1.6381612381032067,-0.48697601014096414,0.6987749300207111,-1.5596254273546561,0.0,-0.015482806741829766,,
69.3,6.58778585041774,-0.5049821256241199,7.690420041305286,-0.00831315415071136,-0.00032232190231451556,0.013238251781124786,31.61651189539192,-0.8621713974316876,219.2707863933146,-213.21724518864255,1.6381612381032067,-0.48951234352711503,0.6944336254496524,-1.5623560785986308,0.0,-0.015482806741829766,,
69.4,6.650367445131273,-0.3925019072653864,7.354670627695331,0.010003495923195108,-0.002975874902378259,-0.012640546162172046,31.78032801920224,-0.8637196781058706,221.33873151924467,-215.6412150502171,1.6381612381032067,-0.49204867691326587,0.6900855449532741,-1.5650770214665057,0.0,-0.015482806741829766,,
69.5,6.759975262000547,-0.5324022162772168,7.7700693112091965,0.0028677667678216343,-0.008733980850843493,-0.013001860135164287,31.94414414301256,-0.8652679587800536,223.41353395787868,-218.0808628023153,1.6381612381032067,-0.4945850102994167,0.6857307081934114,-1.567788241529215,0.0,-0.015482806741829766,,
69.60000000000001,6.3438099418144915,-0.4502622433844384,7.752743627885155,-0.009926370498111507,-0.0139735338844003,-0.010422097430674926,32.10796026682288,-0.8668162394542366,225.49515009346692,-220.53621545977776,1.6381612381032067,-0.49712134368556754,0.6813691348603247,-1.5704897243953133,0.0,-0.015482806741829766,,
69.7,6.152863483475325,-0.6949183555450764,7.530317921005131,0.00020824690989895093,0.017325564091806175,-0.009249995115951756,32.2717763906332,-0.8683645201284196,227.583536243091,-223.0072999399296,1.6381612381032067,-0.4996576770717184,0.6770008446726321,-1.5731814557110313,0.0,-0.015482806741829766,,
69.8,6.585905008717542,-0.4050585072077565,7.66222210991712,0.004132051058041638,0.0016914381002825056,0.005497067907758932,32.43559251444352,-0.8699128008026026,229.67864865686158,-225.49414306243722,1.6381612381032067,-0.5021940104578693,0.6726258573772392,-1.5758634211603249,0.0,-0.015482806741829766,,
69.9,6.2380460762486045,-0.3365096321040061,7.507583087939881,0.006758589740132764,0.003764926436900541,0.0018104927087566527,32.59940863825384,-0.8714610814767856,231.78044351811582,-227.99677154916557,1.6381612381032067,-0.50473034384402,0.6682441927492695,-1.578535606464932,0.0,-0.015482806741829766,,
70.0,5.401270254811227,-2.5061204746496344,8.509122986439062,-0.02570093635729951,0.0015810294830715832,-0.04708856020470846,32.76322476206416,-0.8730093621509686,233.87785516588187,-230.5166087014343,0.4358563006286249,-2.3758689688104266,-1.5404996761691858,-1.860533477117954,0.0,-0.07251633458136864,,
70.10000000000001,5.15194944720478,-2.740524958663027,8.333404405942854,-0.03544576255676001,0.0029737524105247965,-0.0431091706978151,32.806810392127026,-0.8802609956091054,235.95970289485737,-233.0549592314519,0.4358563006286249,-2.3790296389430052,-1.5563875372799614,-1.8513267057887361,0.0,-0.07251633458136864,,
70.2,5.513286113344063,-2.2871563861293946,8.428311639324427,-0.021376498732581652,-0.014187236772895729,-0.06267853506991533,32.85039602218989,-0.8875126290672423,238.02582835198828,-235.61172974435715,0.4358563006286249,-2.3821903090755834,-1.5722227518195702,-1.8419872426572863,0.0,-0.07251633458136864,,
70.3,5.34309595880008,-2.433383767379703,8.204569122793453,-0.04229956161238422,-0.010336916785102974,-0.06953279511964945,32.893981652252755,-0.8947642625253791,240.0760737215847,-238.18682552116664,0.4358563006286249,-2.385350979208162,-1.5880042300543196,-1.8325153680492274,0.0,-0.07251633458136864,,
70.4,5.422140480031338,-2.270542600868272,8.146149872971279,-0.04739219535198169,0.012351388725335082,-0.049018206068261114,32.93756728231562,-0.902015895983516,242.11028173620508,-240.78015052166649,0.4358563006286249,-2.38851164934074,-1.6037308835544244,-1.8229113711225344,0.0,-0.07251633458136864,,
70.5,5.187935806165363,-2.3626252691027827,7.975493697105554,-0.053621422327844157,0.00010705875245792318,-0.06048114066436913,32.981152912378484,-0.9092675294416528,244.12829568752713,-243.39160738739207,0.4358563006286249,-2.3916723194733187,-1.6194016252648429,-1.8131755498633164,0.0,-0.07251633458136864,,
70.60000000000001,5.383404682247827,-2.0281198520535186,8.10713347542915,-0.02441174037631559,0.02708876638566671,-0.059593401817711764,33.02473854244135,-0.9165191628997896,246.1299594372036,-246.02109744469627,0.4358563006286249,-2.3948329896058973,-1.635015369576112,-1.8033082110810343,0.0,-0.07251633458136864,,
70.7,5.457887638974049,-2.3391978953239922,8.272544975368605,-0.029687703487145056,-0.0014649529783267714,-0.030500455134440597,33.06832417250421,-0.9237707963579265,248.11511742770364,-248.66852070790554,0.4358563006286249,-2.3979936597384754,-1.6505710323951914,-1.7933096704031544,0.0,-0.07251633458136864,,
70.8,5.3393727587925675,-2.3325012293674483,8.30418914176567,-0.03500794947386941,-0.005907466373191009,-0.05226883325123997,33.11190980256708,-0.9310224298160633,250.08361469313755,-251.33377588256454,0.4358563006286249,-2.401154329871054,-1.666067531216302,-1.7831802522692417,0.0,-0.07251633458136864,,
70.9,5.335440200537265,-2.3377182766605986,8.28171769238555,-0.04559376188879868,-0.0014396727325567077,-0.060326732207768255,33.15549543262994,-0.9382740632742002,252.0352968700656,-254.01676036876847,0.4358563006286249,-2.4043150000036326,-1.6815037851917616,-1.7729202899244842,0.0,-0.07251633458136864,,
71.0,5.453415688334103,-2.5112568350942994,8.197777488624098,-0.035991665633285264,0.0028556055607834602,-0.06082396922762156,33.199081062692805,-0.945525696732337,253.97001020828915,-256.7173702645835,0.4358563006286249,-2.4074756701362108,-1.6968787152028018,-1.7625301254126566,0.0,-0.07251633458136864,,
71.10000000000001,5.3577572762388,-2.121661124121424,8.428185865856918,-0.030670472964770143,0.014005500380584249,-0.06341203406313423,33.24266669275567,-0.9527773301904738,255.88760158162395,-259.43550036955514,0.4358563006286249,-2.4106363402687894,-1.712191243930384,-1.7520101095685199,0.0,-0.07251633458136864,,
71.2,5.2566485308778255,-2.3128751874119664,8.435309808075388,-0.030749808843462456,0.01328759118580166,-0.05222646597712022,33.286252322818534,-0.9600289636486107,257.7879184986546,-262.1710441883045,0.4358563006286249,-2.4137970104013675,-1.7274402959259787,-1.741360602009652,0.0,-0.07251633458136864,,
71.3,5.646346825771362,-2.4040367448542717,8.19623108268622,-0.018079247608843798,0.005827118747428678,-0.05556761669129971,33.3298379528814,-0.9672805971067475,259.67080911346983,-264.9238939342121,0.4358563006286249,-2.416957680533946,-1.7426247976823344,-1.7305819711277204,0.0,-0.07251633458136864,,
71.4,5.381145765180148,-2.5243165549347437,8.22906833180681,-0.04143692239629845,-0.005333998162510075,-0.08332479154256024,33.37342358294426,-0.9745322305648844,261.5361222363773,-267.6939405331895,0.4358563006286249,-2.4201183506665247,-1.7577436777042108,-1.719674594079184,0.0,-0.07251633458136864,,
71.5,5.2410567635047345,-2.5704903119031206,8.501448753539936,-0.031155774227946943,0.00946505130697508,-0.06263753378946593,33.41700921300713,-0.9817838640230212,263.383707344598,-270.4810736275385,0.4358563006286249,-2.423279020799103,-1.7727958665790786,-1.7086388567754343,0.0,-0.07251633458136864,,
71.60000000000001,5.212559106967555,-2.5887758196059805,8.034877118429819,-0.015871635405822856,-0.0027647219514214914,-0.03970231626053862,33.46059484306999,-0.989035497481158,265.21341459293876,-273.28518157989737,0.4358563006286249,-2.4264396909316814,-1.7877802970477883,-1.6974751538723696,0.0,-0.07251633458136864,,
71.7,5.232301206425795,-2.5643600424576696,8.04973024795369,-0.03126213561746398,-0.011694387345660787,-0.07437479190579199,33.504180473132855,-0.9962871309392949,267.02509482444276,-276.1061514772753,0.4358563006286249,-2.42960036106426,-1.8026959040751882,-1.6861838887594058,0.0,-0.07251633458136864,,
71.8,5.313433792251157,-2.6829964695156305,8.289704177227055,-0.015929830934771322,-0.02096276074745924,-0.05409939128134911,33.54776610319572,-1.0035387643974318,268.8185995810169,-278.94386913517314,0.4358563006286249,-2.432761031196838,-1.8175416249207004,-1.6747654735479214,0.0,-0.07251633458136864,,
71.9,5.2207948720754676,-2.538854164485762,8.406334958302402,-0.04192612409747064,-0.0038903621209152024,-0.054819882378750955,33.591351733258584,-1.0107903978555688,270.59378111403555,-281.79821910179163,0.4358563006286249,-2.4359217013294168,-1.8323163992088491,-1.6632203290591383,0.0,-0.07251633458136864,,
72.0,5.324654747493677,-2.3920216153279013,8.066529591366036,-0.03231761279120243,-0.023394236356228722,-0.0615321775184953,33.63493736332145,-1.0180420313137057,272.35049239492037,-284.6690846623268,0.4358563006286249,-2.4390823714619954,-1.847019168999724,-1.6515488848114397,0.0,-0.07251633458136864,,
72.10000000000001,5.590266964753597,-2.338606541719315,8.255824174361136,-0.05220873347108822,0.0035081645356832523,-0.05898268284452808,33.67852299338431,-1.0252936647718427,274.08858712569423,-287.55634784335183,0.4358563006286249,-2.4422430415945735,-1.861648878859394,-1.6397515790071204,0.0,-0.07251633458136864,,
72.2,5.489344091038624,-2.1723458777738647,7.99683200861745,-0.050449341989277044,-0.0006087040632399129,-0.04387776535226885,33.72210862344718,-1.0325452982299796,275.8079197495101,-290.4598894172858,0.4358563006286249,-2.445403711727152,-1.8762044759302505,-1.6278288585185778,0.0,-0.07251633458136864,,
72.3,5.173990257611593,-2.3071629390167625,8.175647671121444,-0.03809121005961186,0.001294974451932711,-0.058982653224545316,33.76569425351004,-1.0397969316881166,277.5083454611533,-293.37958890694904,0.4358563006286249,-2.4485643818597302,-1.890684910001282,-1.6157811788739334,0.0,-0.07251633458136864,,
72.4,5.14238590551471,-2.308960775866048,7.995379889619131,-0.03963246416053119,0.00036345566522179344,-0.05550144580739969,33.809279883572906,-1.0470485651462536,279.18972021751614,-296.31532459020485,0.4358563006286249,-2.451725051992309,-1.9050891335782785,-1.6036090042420954,0.0,-0.07251633458136864,,
72.5,5.22187074049618,-2.241946896345623,8.37102890642796,-0.03499989841197625,0.008615231544502699,-0.061500848518552365,33.85286551363577,-1.0543001986043905,280.85190074804564,-299.26697350468737,0.4358563006286249,-2.4548857221248874,-1.9194161019539542,-1.591312807417256,0.0,-0.07251633458136864,,
72.60000000000001,5.279966216420682,-2.238619688622394,8.231298785066437,-0.03676505864889055,0.020132891459293943,-0.06621218427527863,33.896451143698634,-1.0615518320625275,282.49474456516145,-302.23441145261575,0.4358563006286249,-2.4580463922574656,-1.93366477327799,-1.5788930698028265,0.0,-0.07251633458136864,,
72.7,5.056230716850563,-2.420116170011031,8.542051405618277,-0.0417884806147326,-0.0017141589646078525,-0.06324318727732499,33.9400367737615,-1.0688034655206644,284.1181099746456,-305.21751300569395,0.4358563006286249,-2.461207062390044,-1.94783410862699,-1.5663502813948098,0.0,-0.07251633458136864,,
72.8,5.593790083725564,-2.607694438870735,7.948067115770569,-0.05614412474543857,-0.001430174522771707,-0.034605819153279496,33.98362240382436,-1.0760550989788014,285.7218560860016,-308.21615151009667,0.4358563006286249,-2.4643677325226228,-1.9619230720743444,-1.55368494076461,0.0,-0.07251633458136864,,
72.9,5.386153274077559,-2.5051550343603344,8.166645978431086,-0.030508300161010384,0.0025202859381858876,-0.06008692217407372,34.02720803388723,-1.0833067324369383,287.3058428227831,-311.23019909154044,0.4358563006286249,-2.467528402655201,-1.9759306307599969,-1.5408975550412811,0.0,-0.07251633458136864,,
73.0,5.320681968565315,-2.7528697416678005,8.325673062187477,-0.026875879690158234,-0.028449934075761955,-0.057476238504390056,34.07079366395009,-1.0905583658950753,288.86993093289146,-314.2595266604406,0.4358563006286249,-2.4706890727877795,-1.9898557549601148,-1.5279886398932154,0.0,-0.07251633458136864,,
73.10000000000001,5.308954597025884,-2.447219180094534,7.956926004636183,-0.019725458112415932,-0.01897330839630909,-0.06815988449102701,34.114379294012956,-1.0978099993532122,290.41398199884054,-317.3040039171529,0.4358563006286249,-2.4738497429203576,-2.0036974181566496,-1.5149587195092693,0.0,-0.07251633458136864,,
73.2,5.4398451125363305,-2.377670264440583,7.950351604447058,-0.03438685981921694,0.01900257356131035,-0.04468382875642893,34.15796492407582,-1.1050616328113492,291.9378584479895,-320.36349935730055,0.4358563006286249,-2.4770104130529362,-2.0174545971067936,-1.5018083265793316,0.0,-0.07251633458136864,,
73.3,5.468166011886741,-2.537000076486979,7.958159717432493,-0.05501973536701932,0.03632421716169957,-0.05701860718914738,34.201550554138684,-1.1123132662694861,293.4414235627419,-323.4378802771861,0.4358563006286249,-2.480171083185515,-2.031126271912318,-1.4885380022743284,0.0,-0.07251633458136864,,
73.4,5.17386207972624,-2.4808334012146425,8.101108252906482,-0.03718815701285369,-0.013222507863966894,-0.06668298572245504,34.24513618420155,-1.119564899727623,294.9245414907102,-326.5270127792874,0.4358563006286249,-2.483331753318093,-2.0447114260887953,-1.4751482962256746,0.0,-0.07251633458136864,,
73.5,5.374883131193764,-2.320436884848863,8.164625932109692,-0.0245046388822472,-0.009300311134431881,-0.058660091944130716,34.28872181426441,-1.12681653318576,296.38707725484636,-329.6307617778387,0.4358563006286249,-2.4864924234506716,-2.0582090466347003,-1.4616397665041625,0.0,-0.07251633458136864,,
73.60000000000001,5.455174536259131,-2.4735027145794675,8.3462882180426,-0.014226419281553927,-0.0008115655845691344,-0.0520293553472558,34.33230744432728,-1.134068166643897,297.8288967635359,-332.7489910044954,0.4358563006286249,-2.48965309358325,-2.071618124100382,-1.4480129795982952,0.0,-0.07251633458136864,,
73.7,5.392700591278355,-2.309908418793851,8.223965433705272,-0.030510618487831778,-0.0014596092036227835,-0.04560414256652196,34.37589307439014,-1.141319800102034,299.2498668206567,-335.8815630140828,0.4358563006286249,-2.4928137637158283,-2.0849376526569032,-1.4342685103920627,0.0,-0.07251633458136864,,
73.8,5.32532087170221,-2.474918249310382,8.187719239029908,-0.025845746049256706,0.012928396279733998,-0.06829503902869118,34.419478704453006,-1.1485714335601709,300.64985513560003,-339.028339190429,0.4358563006286249,-2.495974433848407,-2.098166630164749,-1.4204069421421626,0.0,-0.07251633458136864,,
73.9,5.262624672201288,-2.368635755086578,8.24712470679581,-0.030038764570781248,-0.00933799374038763,-0.04970457209394237,34.46306433451587,-1.1558230670183078,302.02873033325477,-342.1891797522806,0.4358563006286249,-2.4991351039809855,-2.111304058242386,-1.406428866454665,0.0,-0.07251633458136864,,
74.0,5.402865913149599,-2.41017264867587,8.270208072091684,-0.03650778858506972,-0.0037885074319771923,-0.05207427736595195,34.506649964578735,-1.1630747004764448,303.3863619639528,-345.3639437593022,0.4358563006286249,-2.5022957741135636,-2.1243489423346875,-1.3923348832611226,0.0,-0.07251633458136864,,
74.10000000000001,5.17358932855547,-2.624826028939816,8.31101851448516,-0.05737441728172428,0.00032120049509858263,-0.05111326088379189,34.5502355946416,-1.1703263339345817,304.7226205133758,-348.55248911815886,0.4358563006286249,-2.5054564442461422,-2.137300291781202,-1.3781256007941296,0.0,-0.07251633458136864,,
74.2,5.435121050524281,-2.385465954855045,8.551750872431981,-0.02576710713526019,0.0013773043139101663,-0.06327652701624928,34.59382122470446,-1.1775779673927187,306.037377412422,-351.75467258868105,0.4358563006286249,-2.5086171143787204,-2.1501571198842693,-1.363801635562325,0.0,-0.07251633458136864,,
74.3,5.390630935448137,-2.388178817330944,8.188403828660153,-0.042745622630091816,0.00047424356159860747,-0.0760058727607835,34.63740685476733,-1.1848296008508556,307.33050504703345,-354.9703497901123,0.4358563006286249,-2.511777784511299,-2.1629184439769795,-1.3493636123248471,0.0,-0.07251633458136864,,
74.4,5.394022286125344,-2.500980234236564,8.158781148846998,-0.02133751804370249,0.010665056865545895,-0.0535066786956612,34.68099248483019,-1.1920812343089926,308.6018767679812,-358.19937520743923,0.4358563006286249,-2.5149384546438776,-2.175583285490971,-1.3348121640652355,0.0,-0.07251633458136864,,
74.5,5.293097997320027,-2.468342977017093,8.063423774923281,-0.0471630518693095,0.01853855977108388,-0.03350184339724415,34.724578114893056,-1.1993328677671296,309.85136690060966,-361.441602197803,0.4358563006286249,-2.5180991247764557,-2.188150670024056,-1.320147931964784,0.0,-0.07251633458136864,,
74.60000000000001,5.284393922504628,-2.1022687450804796,8.401958521931789,-0.034443682410658594,0.005956077678072808,-0.06907630372066922,34.76816374495592,-1.2065845012252665,311.0788507545383,-364.69688299699317,0.4358563006286249,-2.5212597949090343,-2.200619627407684,-1.3053715653753464,0.0,-0.07251633458136864,,
74.7,4.9960139892122895,-2.557094115450705,8.126675570982911,-0.04329654714746323,0.004200318037201057,-0.061148242905415554,34.811749375018785,-1.2138361346834035,312.28420463332037,-367.96506872602265,0.4358563006286249,-2.524420465041613,-2.2129891917742173,-1.290483721791592,0.0,-0.07251633458136864,,
74.8,5.4142437608122504,-2.5844140098184947,8.322933086171243,-0.043035403858979054,0.017086709613275245,-0.06097011545600604,34.85533500508165,-1.2210877681415404,313.46730584405805,-371.2460093977837,0.4358563006286249,-2.527581135174191,-2.2252584016240378,-1.2754850668227184,0.0,-0.07251633458136864,,
74.9,5.632430057435248,-2.447352649726152,8.134528028652376,-0.026711903150806078,-0.009956796038645147,-0.050957932969268205,34.89892063514451,-1.2283394015996774,314.6280327069728,-374.539553923785,0.4358563006286249,-2.5307418053067696,-2.237426299892464,-1.2603762741636153,0.0,-0.07251633458136864,,
75.0,5.134601620905698,-2.535697480817777,8.021419955881306,-0.03762080590002292,0.00317309181795908,-0.04504624464166053,34.94250626520738,-1.2355910350578143,315.76626456493165,-377.845550120969,0.4358563006286249,-2.5339024754393478,-2.249491934016475,-1.2451580255654875,0.0,-0.07251633458136864,,
75.10000000000001,5.473415009136899,-2.7241323336418644,8.53438151055558,-0.04803807979258309,0.009941174569233213,-0.0571006409775629,34.98609189527024,-1.2428426685159513,316.88188179292655,-381.16384471861005,0.4358563006286249,-2.5370631455719264,-2.261454356001253,-1.2298310108059336,0.0,-0.07251633458136864,,
75.2,5.289305157266401,-2.594327787350544,8.11672408587347,-0.04172507324271671,-0.0025876925445904504,-0.08079623305684454,35.029677525333106,-1.2500943019740882,317.9747658075085,-384.49428336529184,0.4358563006286249,-2.540223815704505,-2.2733126224865154,-1.214395927658483,0.0,-0.07251633458136864,,
75.3,5.132958900493012,-2.6976793639867886,8.342839334495142,-0.03064459062858408,0.005776539377601997,-0.05267069161884707,35.07326315539597,-1.2573459354322252,319.04479907617406,-387.836710635965,0.4358563006286249,-2.543384485837083,-2.28506579481265,-1.1988534818615941,0.0,-0.07251633458136864,,
75.4,5.035761819182845,-2.361147088030706,8.343809831666768,-0.04456148174279512,0.016171675064177764,-0.04629444830295035,35.116848785458835,-1.2645975688903621,320.09186512670414,-391.1909700390837,0.4358563006286249,-2.5465451559696617,-2.296712939086648,-1.1832043870871125,0.0,-0.07251633458136864,,
75.5,5.3009510272145315,-2.4573868555377896,8.342939878218862,-0.036033075796720104,0.007032964719135212,-0.065473929353617,35.1604344155217,-1.271849202348499,321.115848556455,-394.55690402382163,0.4358563006286249,-2.5497058261022403,-2.308253126247821,-1.1674493649081912,0.0,-0.07251633458136864,,
75.60000000000001,5.320023212793234,-2.614401287584911,8.096032071930502,-0.030349995182688813,0.005404192003209672,-0.07553831991986912,35.20402004558456,-1.279100835806636,322.1166350415997,-397.93435398736614,0.4358563006286249,-2.5528664962348184,-2.3196854321333014,-1.1515891447666773,0.0,-0.07251633458136864,,
75.7,5.341553298052579,-2.6636252749790374,8.32692886262793,-0.03561332386965303,0.008402635544959318,-0.07048864235889503,35.24760567564743,-1.286352469264773,323.09411134632023,-401.3231602822913,0.4358563006286249,-2.556027166367397,-2.3310089375433316,-1.1356244639399602,0.0,-0.07251633458136864,,
75.8,5.147540607043839,-2.5080160096337503,8.182537208257278,-0.027723057886341888,0.006622623709673559,-0.05567228304428796,35.29119130571029,-1.29360410272291,324.04816533194924,-404.72316222400883,0.4358563006286249,-2.5591878364999756,-2.342222728306321,-1.119556067507291,0.0,-0.07251633458136864,,
75.9,5.372181209800539,-2.3790088108557748,8.180291401752115,-0.03229722980986403,-0.008693733653800795,-0.05154601276286495,35.33477693577316,-1.3008557361810469,324.97868596606094,-408.134198098296,0.4358563006286249,-2.5623485066325538,-2.3533258953436778,-1.1033847083155657,0.0,-0.07251633458136864,,
76.0,5.071849030494784,-2.7610524937596583,8.294463807283094,-0.04590419842883268,-0.003689179518827381,-0.05971331243583734,35.37836256583602,-1.3081073696391838,325.8855633315103,-411.55610516890215,0.4358563006286249,-2.5655091767651323,-2.364317534734413,-1.087111146944582,0.0,-0.07251633458136864,,
76.10000000000001,5.239024761619439,-2.5373399764035143,8.317639973006436,-0.04231739879522155,0.00015298748061394384,-0.05506689238449321,35.421948195898885,-1.3153590030973208,326.76868863542023,-414.9887196852311,0.4358563006286249,-2.5686698468977105,-2.3751967477795004,-1.0707361516717655,0.0,-0.07251633458136864,,
76.2,5.459010489390431,-2.3356813787464095,8.122864202094673,-0.03763153734864954,-0.015180387175032029,-0.06712746394624128,35.46553382596175,-1.3226106365554577,327.6279542181155,-418.4318768901008,0.4358563006286249,-2.571830517030289,-2.385962641066002,-1.0542604984363702,0.0,-0.07251633458136864,,
76.3,5.565829804345901,-2.5962639788912267,8.180416457128437,-0.04537549010820761,0.006374600196844492,-0.06895102569488507,35.509119456024614,-1.3298622700135947,328.46325356200373,-421.88541102757864,0.4358563006286249,-2.5749911871628677,-2.3966143265309436,-1.037684970803151,0.0,-0.07251633458136864,,
76.4,5.482734574645493,-2.229950123401995,8.283276620755508,-0.037809945530515934,-0.004424925527436171,-0.05288357952762085,35.55270508608748,-1.3371139034717316,329.27448130040165,-425.3491553508935,0.4358563006286249,-2.578151857295446,-2.407150921524945,-1.021010359925517,0.0,-0.07251633458136864,,
76.5,5.169611558369779,-2.5326699627085634,8.30336511231876,-0.029099804650888104,-0.016918868929861598,-0.06509718203864036,35.59629071615034,-1.3443655369298686,330.061533226307,-428.82294213042246,0.4358563006286249,-2.5813125274280244,-2.417571548875596,-1.0042374645081593,0.0,-0.07251633458136864,,
76.60000000000001,5.017606563813856,-2.5984357378090457,8.445045734266554,-0.03851796416842557,0.011896655813895447,-0.04808681141799078,35.63987634621321,-1.3516171703880056,330.82430630111514,-432.3066026617532,0.4358563006286249,-2.584473197560603,-2.4278753369505703,-0.9873670907691594,0.0,-0.07251633458136864,,
76.7,5.6188392254088075,-2.5766080305949006,8.36311326538835,-0.013584814827753752,0.014912882068359327,-0.07600179812564209,35.68346197627607,-1.3588688038461425,331.562698663279,-435.79996727382076,0.4358563006286249,-2.587633867693181,-2.438061419720482,-0.9704000524015796,0.0,-0.07251633458136864,,
76.80000000000001,5.371409839626593,-2.50043826958878,8.209364770879189,-0.02689533530881074,-0.0028586680053590517,-0.06368183323065804,35.727047606338935,-1.3661204373042795,332.2766096369129,-439.30286533711916,0.4358563006286249,-2.5907945378257597,-2.4481289368214787,-0.9533371705345377,0.0,-0.07251633458136864,,
76.9,5.218915157222635,-2.5797462633568933,8.144573949665228,-0.03464627303831546,0.009020681274104561,-0.06772334710093067,35.7706332364018,-1.3733720707624164,332.9659397403391,-442.81512527198646,0.4358563006286249,-2.593955207958338,-2.4580770336175535,-0.9361792736937642,0.0,-0.07251633458136864,,
77.0,5.265074209306893,-2.450219694746003,8.460830209850442,-0.05574549555039399,0.005506523915722348,-0.052394670383043816,35.814218866464664,-1.3806237042205534,333.63059069457626,-446.33657455696374,0.4358563006286249,-2.5971158780909165,-2.467904861262594,-0.9189271977616504,0.0,-0.07251633458136864,,
77.10000000000001,5.318738198752472,-2.3901621742224544,8.454034101384078,-0.036699497475181996,6.704042495668785e-05,-0.05020669419075183,35.85780449652753,-1.3878753376786903,334.2704654317693,-449.867039737227,0.4358563006286249,-2.600276548223495,-2.477611576762146,-0.9015817859367815,0.0,-0.07251633458136864,,
77.2,5.489669632092712,-2.4115622039518096,8.473841464656724,-0.04426620892072429,0.01239231063923696,-0.037706250948087085,35.90139012659039,-1.3951269711368273,334.88546810356047,-453.40634643309215,0.4358563006286249,-2.6034372183560732,-2.4871963430348965,-0.8841438886929639,0.0,-0.07251633458136864,,
77.30000000000001,5.15840698463984,-2.49864326863643,8.219870779732572,-0.02159895115537143,0.013005230821138454,-0.06263631506849639,35.94497575665326,-1.4023786045949642,335.4755040894002,-456.9543193485918,0.4358563006286249,-2.606597888488652,-2.496658328973869,-0.8666143637377441,0.0,-0.07251633458136864,,
77.4,5.2876680413772545,-2.8456502920405504,8.016162441433385,-0.039000249057897764,0.010270264077786815,-0.061614932966629087,35.98856138671612,-1.4096302380531012,336.04048000479816,-460.51078228012454,0.4358563006286249,-2.6097585586212304,-2.505996709507329,-0.8489940759704224,0.0,-0.07251633458136864,,
77.5,5.514910046099402,-2.761809499655681,8.244599321984964,-0.030781339650934752,-0.01097886791043875,-0.04552288244440655,36.032147016778985,-1.4168818715112381,336.5803037095129,-464.07555812517546,0.4358563006286249,-2.6129192287538086,-2.515210665659391,-0.8312838974395635,0.0,-0.07251633458136864,,
77.60000000000001,5.48058765197875,-2.69554583478117,8.336132828785672,-0.04675978736343333,-0.005050922216023098,-0.056442711657788844,36.07573264684185,-1.424133504969375,337.09488431568025,-467.64846889110754,0.4358563006286249,-2.616079898886387,-2.524299384610332,-0.8134847073000077,0.0,-0.07251633458136864,,
77.7,5.338412868531266,-2.232598568793541,8.011917190343887,-0.048154864783631596,-0.023027471091375942,-0.038419839009234624,36.119318276904714,-1.431385138427512,337.5841321958791,-471.229335704024,0.4358563006286249,-2.6192405690189657,-2.5332620597565945,-0.7955973917693808,0.0,-0.07251633458136864,,
77.80000000000001,5.51541945427549,-2.3387419110037553,8.094487066683945,-0.025998922913601452,0.01695601338156772,-0.04866559599596025,36.16290390696758,-1.438636771885649,338.0479589911349,-474.81797881770075,0.4358563006286249,-2.622401239151544,-2.542097890770488,-0.7776228440841098,0.0,-0.07251633458136864,,
77.9,5.336121432230629,-2.5915912431440753,8.240498429441434,-0.024477016651646685,0.00025719589357848144,-0.06740330648907313,36.20648953703044,-1.445888405343786,338.4862776188599,-478.4142176225884,0.4358563006286249,-2.6255619092841225,-2.5508060836595763,-0.7595619644549421,0.0,-0.07251633458136864,,
78.0,5.623461283348292,-2.830268804421736,8.3136591001214,-0.026586068445032526,-0.014105254474045044,-0.06092302961484353,36.25007516709331,-1.4531400388019229,338.8990022807287,-482.01787065488384,0.4358563006286249,-2.6287225794167006,-2.5593858508257488,-0.7414156600219746,0.0,-0.07251633458136864,,
78.10000000000001,5.233686916002772,-2.7014272052709662,8.411652917943233,-0.033937364500573344,-0.016675120025211036,-0.03992410185512598,36.29366079715617,-1.4603916722600598,339.28604847049013,-485.6287556056704,0.4358563006286249,-2.631883249549279,-2.567836411123974,-0.72318484480919,0.0,-0.07251633458136864,,
78.2,5.44240715196581,-2.393052239136222,8.203149794586285,-0.03599996813002815,0.009490315889432615,-0.053827986724289414,36.337246427219036,-1.4676433057181968,339.6473329817134,-489.24668933012646,0.4358563006286249,-2.635043919681858,-2.576156989920728,-0.7048704396785074,0.0,-0.07251633458136864,,
78.30000000000001,5.4072615116475555,-2.3337740763190262,8.010471376737193,-0.026379771973832285,-0.011409310334682954,-0.06267111395760498,36.3808320572819,-1.4748949391763337,339.98277391546895,-492.87148785680233,0.4358563006286249,-2.638204589814436,-2.5843468191520955,-0.6864733722833474,0.0,-0.07251633458136864,,
78.4,5.390832773603712,-2.5519992952830504,8.073540016634858,-0.047882319150243866,0.00890644695168375,-0.05629669910249379,36.424417687344764,-1.4821465726344707,340.2922906879426,-496.5029663969638,0.4358563006286249,-2.6413652599470145,-2.5924051373815424,-0.6679945770217127,0.0,-0.07251633458136864,,
78.5,5.287229591026895,-2.7528628100103147,8.36709072032001,-0.027682672953306682,-0.0065191493571490665,-0.03555857546862007,36.46800331740763,-1.4893982060926076,340.5758040379836,-500.14093935400365,0.4358563006286249,-2.644525930079593,-2.600331189857345,-0.6494349949887892,0.0,-0.07251633458136864,,
78.60000000000001,5.475926581673849,-2.6523017737960446,8.431625625805871,-0.03524791496155267,-0.009590388062275782,-0.039962420896407225,36.51158894747049,-1.4966498395507446,340.8332360345841,-503.78522033291864,0.4358563006286249,-2.6476866002121713,-2.6081242285696926,-0.6307955739290684,0.0,-0.07251633458136864,,
78.7,5.2233814147123745,-2.4672828111454006,8.22941088403538,-0.04857510663345891,-0.003910438494428054,-0.04729073738956745,36.55517457753336,-1.5039014730088816,341.0645100842921,-507.4356221498534,0.4358563006286249,-2.65084727034475,-2.615783512307432,-0.6120772681879932,0.0,-0.07251633458136864,,
78.80000000000001,5.324935255806742,-2.6706278905240883,8.464188186169974,-0.015247709379823258,-0.0113191871997865,-0.053628763102674254,36.59876020759622,-1.5111531064670185,341.26955093855435,-511.09195684170913,0.4358563006286249,-2.654007940477328,-2.6233083067144767,-0.5932810386631319,0.0,-0.07251633458136864,,
78.9,5.293535125288732,-2.7206336880444377,8.171940408657983,-0.037626615310999464,-0.0034283683408745237,-0.05083313137220992,36.642345837659086,-1.5184047399251555,341.4482847009912,-514.754035675818,0.4358563006286249,-2.6571686106099066,-2.6306978843458597,-0.5744078527548789,0.0,-0.07251633458136864,,
79.0,5.202961015837444,-2.653902895025691,8.195447418792638,-0.026273911954524005,0.0175904759721548,-0.05210824868543122,36.68593146772195,-1.5256563733832924,341.60063883460145,-518.4216691596813,0.4358563006286249,-2.660329280742485,-2.6379515247234306,-0.5554586843166892,0.0,-0.07251633458136864,,
79.10000000000001,5.26157409118875,-2.697295510351124,8.161858273608253,-0.05485265833031537,-0.005641593454913802,-0.05232323070079232,36.729517097784814,-1.5329080068414294,341.7265421688968,-522.0946670507724,0.4358563006286249,-2.6634899508750634,-2.6450685143911965,-0.5364345136048458,0.0,-0.07251633458136864,,
79.2,5.247604088446069,-2.677589754040345,8.477852925942079,-0.035196803469500104,0.0013266451639178743,-0.07205486817271603,36.77310272784768,-1.5401596402995663,341.8259249069657,-525.7728383664028,0.4358563006286249,-2.666650621007642,-2.6520481469702997,-0.5173363272277638,0.0,-0.07251633458136864,,
79.30000000000001,5.363764175694388,-2.719623812198595,8.196682172663852,-0.030421815403300093,-0.01912641793211188,-0.06169876796063969,36.81668835791054,-1.5474112737577033,341.8987186324661,-529.4559913936511,0.4358563006286249,-2.6698112911402205,-2.6588897232136275,-0.4981651180948345,0.0,-0.07251633458136864,,
79.4,5.117250510752374,-2.649234461147671,8.359269834791816,-0.04820106094926778,0.00997004948479418,-0.0742328855552081,36.86027398797341,-1.5546629072158402,341.9448563165458,-533.1439336993546,0.4358563006286249,-2.6729719612727987,-2.6655925510600524,-0.47892188536481084,0.0,-0.07251633458136864,,
79.5,5.298685276315064,-2.95264027778912,8.244689564099373,-0.03820861362251205,0.014418313796868306,-0.06976235185171215,36.90385961803627,-1.5619145406739772,341.9642723246908,-536.8364721401636,0.4358563006286249,-2.6761326314053773,-2.6721559456882997,-0.459607634393738,0.0,-0.07251633458136864,,
79.60000000000001,5.3439649098956545,-2.597297290196316,8.124540369655978,-0.0587278987526643,0.003106818041982054,-0.06323734070709275,36.947445248099136,-1.5691661741321141,341.95690242350076,-540.5334128726552,0.4358563006286249,-2.679293301537956,-2.6785792295704356,-0.4402233766824309,0.0,-0.07251633458136864,,
79.7,5.331998680486744,-2.64276565484035,8.387290896889157,-0.04192275433437878,0.00826688754220389,-0.053786095232329995,36.991030878162,-1.576417807590251,341.9226837873907,-544.2345613635104,0.4358563006286249,-2.682453971670534,-2.684861732524974,-0.42077012982350237,0.0,-0.07251633458136864,,
79.80000000000001,5.409892783474769,-2.5010869376579326,8.295892856341139,-0.034747925899335834,0.01269193558032877,-0.05455513521517384,37.034616508224865,-1.583669441048388,341.8615550052191,-547.9397223997499,0.4358563006286249,-2.6856146418031126,-2.6910027917696007,-0.4012489174479439,0.0,-0.07251633458136864,,
79.9,5.1987084460520645,-2.529970282031544,8.017086897615767,-0.05239790273037834,0.013602009428537832,-0.05297733310757714,37.07820213828773,-1.590921074506525,341.7734560868408,-551.6487000990305,0.4358563006286249,-2.6887753119356907,-2.6970017519735023,-0.3816607691712616,0.0,-0.07251633458136864,,
80.0,5.443467329571155,-2.803048279725203,8.351163086458053,-0.03487001572879464,-0.009944589853788627,-0.07457563156541096,37.12178776835059,-1.598172707964662,341.6583284695857,-555.3612979200004,0.4358563006286249,-2.6919359820682693,-2.702857965309313,-0.3620067205391723,0.0,-0.07251633458136864,,
80.10000000000001,5.498841395792086,-2.6216402221295185,8.035045549958811,-0.043500115072552456,-0.004937222118134692,-0.053492631874526596,37.16537339841346,-1.6054243414227989,341.5161150246615,-559.0773186727137,0.4358563006286249,-2.695096652200848,-2.7085707915046533,-0.342287812972859,0.0,-0.07251633458136864,,
80.2,5.426299214424269,-2.665229446859925,8.188395340623671,-0.03491359077585941,-0.0004374345210449323,-0.05901776645099254,37.20895902847632,-1.6126759748809358,341.34676006348025,-562.7965645291026,0.4358563006286249,-2.698257322333426,-2.714139597893277,-0.32250509371379205,0.0,-0.07251633458136864,,
80.30000000000001,5.051905577033269,-2.7087840224937954,8.244252429417505,-0.024000418143092575,-0.0009969679090608913,-0.05382141655960265,37.252544658539186,-1.6199276083390728,341.1502093439086,-566.5188370335079,0.4358563006286249,-2.7014179924660047,-2.7195637594658124,-0.3026596157681171,0.0,-0.07251633458136864,,
80.4,5.532296878406607,-2.895354353375463,8.297969316932885,-0.04755563773377293,-0.016833252084916123,-0.06681928464029291,37.29613028860205,-1.6271792417972097,340.9264100764409,-570.2439371132657,0.4358563006286249,-2.7045786625985833,-2.7248426589200974,-0.2827524378506132,0.0,-0.07251633458136864,,
80.5,5.31674339619982,-2.781878914707739,8.218888828226056,-0.04570273280949569,0.016156011498634798,-0.04964854412352049,37.339715918664915,-1.6344308752553467,340.67531093029436,-573.9716650893515,0.4358563006286249,-2.7077393327311614,-2.729975686711099,-0.2627846243282243,0.0,-0.07251633458136864,,
80.60000000000001,5.372878387370526,-2.3419468021964724,8.137103182953643,-0.029550592371285017,0.0070988972185288685,-0.06325217809206707,37.38330154872778,-1.6416825087134836,340.39686203942705,-577.7018206870796,0.4358563006286249,-2.71090000286374,-2.73496224110043,-0.24275724516316627,0.0,-0.07251633458136864,,
80.7,5.333489751897733,-2.5341516355209976,8.150406723697992,-0.027533583381910996,0.005328808327369503,-0.054040813407438104,37.42688717879064,-1.6489341421716206,340.09101500847623,-581.4342030468586,0.4358563006286249,-2.714060672996318,-2.739801728205431,-0.22267137585561395,0.0,-0.07251633458136864,,
80.80000000000001,5.413118659796558,-2.7822426081855958,8.125636562318231,-0.04217613179597269,-0.006558659793379759,-0.07103042685478436,37.47047280885351,-1.6561857756297576,339.75772291861847,-585.1686107350005,0.4358563006286249,-2.7172213431288967,-2.74449356204785,-0.20252809738596994,0.0,-0.07251633458136864,,
80.9,5.326061807490877,-2.9896230117454667,8.474505577826816,-0.027980998818144327,0.007527404917415492,-0.06819514495400011,37.51405843891637,-1.6634374090878945,339.3969403333499,-588.9048417545855,0.4358563006286249,-2.7203820132614753,-2.7490371646020826,-0.18232849615671898,0.0,-0.07251633458136864,,
81.0,5.34799628191859,-3.081684135999426,8.285192688907456,-0.043995259117006365,0.0042350300366356605,-0.05410316837745366,37.557644068979236,-1.6706890425460315,339.0086233041864,-592.6426935563794,0.4358563006286249,-2.7235426833940535,-2.7534319658429918,-0.16207366393387107,0.0,-0.07251633458136864,,
81.10000000000001,5.323785849179028,-2.606564175790216,8.321893823412339,-0.03867714736948428,-0.0037729258717464683,-0.04161899224923035,37.6012296990421,-1.6779406760041684,338.59272937628356,-596.3819630498043,0.4358563006286249,-2.726703353526632,-2.7576774037932954,-0.14176469778799522,0.0,-0.07251633458136864,,
81.2,5.352427823313585,-2.410773600794563,7.976594233952627,-0.02626594791322158,0.016092331210711016,-0.04279594222028848,37.644815329104965,-1.6851923094623054,338.1492175939754,-600.1224466139619,0.4358563006286249,-2.7298640236592107,-2.761772924570515,-0.1214027000348496,0.0,-0.07251633458136864,,
81.30000000000001,5.40701801601062,-2.7633108755622846,8.139339355417697,-0.05124791950886429,-0.007953878226238978,-0.058978656330577944,37.68840095916783,-1.6924439429204423,337.67804850623185,-603.8639401087084,0.4358563006286249,-2.733024693791789,-2.7657179824334888,-0.10098877817560858,0.0,-0.07251633458136864,,
81.4,5.1681747679939285,-2.731546083531463,8.085585714122375,-0.03066185391018341,-0.008913534624373321,-0.051285602161113546,37.731986589230694,-1.6996955763785793,337.17918417203447,-607.6062388857814,0.4358563006286249,-2.7361853639243674,-2.7695120398284483,-0.08052404483669101,0.0,-0.07251633458136864,,
81.5,5.6731196455543245,-2.6912979193312143,8.362059638736056,-0.034499235919995735,0.019489380280740022,-0.060458369860857286,37.77557221929356,-1.7069472098367162,336.6525881656696,-611.3491377999759,0.4358563006286249,-2.7393460340569455,-2.773154567434636,-0.060009617709194274,0.0,-0.07251633458136864,,
81.60000000000001,5.39295213340606,-2.6298793270668277,8.164657841818782,-0.03794170247089608,0.0037270805579856774,-0.06832527974506623,37.81915784935642,-1.7141988432948532,336.0982255819387,-615.0924312203721,0.4358563006286249,-2.742506704189524,-2.7766450442094914,-0.03944661948793449,0.0,-0.07251633458136864,,
81.7,5.397048096362811,-2.8466743277007245,8.340602699195436,-0.041515597785829236,0.015806071318382818,-0.06344875829181142,37.86274347941929,-1.7214504767529901,335.51606304128575,-618.8359130416114,0.4358563006286249,-2.7456673743221027,-2.7799829574333734,-0.018836177810099275,0.0,-0.07251633458136864,,
81.80000000000001,5.181909726724579,-2.735759650897415,8.49424009350444,-0.026721640795287417,0.01968372086940865,-0.05829476716139245,37.90632910948215,-1.728702110211127,334.90606869484077,-622.579376695222,0.4358563006286249,-2.748828044454681,-2.783167802753831,0.0018205748064853977,0.0,-0.07251633458136864,,
81.9,5.512807923455015,-2.9689350590823524,8.383821849553955,-0.042733583961715255,0.009432460053911849,-0.043644753310657376,37.949914739545015,-1.735953743669264,334.2682122293792,-626.3226151609917,0.4358563006286249,-2.7519887145872595,-2.786199084229421,0.022522501025471264,0.0,-0.07251633458136864,,
82.0,5.383660840121381,-2.668911349643883,8.43202321435212,-0.034388636062826466,-0.003966489293462263,-0.05832480604679794,37.99350036960788,-1.743205377127401,333.60246487219683,-630.0654209783897,0.4358563006286249,-2.755149384719838,-2.7890763143730553,0.0432684587544811,0.0,-0.07251633458136864,,
82.10000000000001,5.333632885507241,-2.806920196806072,8.209120080296241,-0.021238543713453698,-0.02072520633034835,-0.06421957543358806,38.037085999670744,-1.750457010585538,332.90879939589996,-633.8075862580339,0.4358563006286249,-2.758310054852416,-2.79179901419489,0.06405730120797831,0.0,-0.07251633458136864,,
82.2,5.165384840142654,-3.1263641696548685,8.123143502118415,-0.0482553240910371,-0.010752178151472232,-0.05635586126709313,38.08067162973361,-1.7577086440436749,332.18719012310953,-637.5489026932053,0.4358563006286249,-2.761470724984995,-2.794366713244749,0.08488787697050854,0.0,-0.07251633458136864,,
82.30000000000001,5.331002482155145,-2.765964624639728,8.181789122090633,-0.027798425332261963,0.01782426989570398,-0.06199428275539685,38.12425725979647,-1.7649602775018118,331.43761293108025,-641.2891615714075,0.4358563006286249,-2.7646313951175734,-2.7967789496540685,0.10575903006030846,0.0,-0.07251633458136864,,
82.4,5.273010371256788,-2.9107562974571954,8.323258830570778,-0.04819580008730524,-0.02437710003184894,-0.074285898526284,38.16784288985934,-1.7722119109599488,330.6600452562327,-645.0281537859724,0.4358563006286249,-2.7677920652501515,-2.7990352701773715,0.12666959999328065,0.0,-0.07251633458136864,,
82.5,5.640101186369177,-2.821610712236455,8.270549843220035,-0.036234511811565805,-0.004696340900797255,-0.047061019185393224,38.2114285199222,-1.7794635444180857,329.8544660985995,-648.765669847709,0.4358563006286249,-2.77095273538273,-2.8011352302332724,0.14761842184732943,0.0,-0.07251633458136864,,
82.60000000000001,5.177487716990785,-2.6943924752730504,8.183434124412903,-0.020952059953439846,0.0076188828342735136,-0.050179501655866446,38.255014149985065,-1.7867151778762227,329.0208560261839,-652.5014998965961,0.4358563006286249,-2.7741134055153083,-2.803078393944988,0.16860432632705363,0.0,-0.07251633458136864,,
82.7,5.539435042537505,-2.516064119492194,8.371121160299268,-0.024817866618529853,-0.002110584199494857,-0.06034755912974291,38.29859978004793,-1.7939668113343596,328.1591971792313,-656.235433713519,0.4358563006286249,-2.777274075647887,-2.804864334180376,0.18962613982879517,0.0,-0.07251633458136864,,
82.80000000000001,5.296292593681479,-2.827953434477299,8.322797339587567,-0.04685152976699356,0.005591995231781839,-0.07050609991389567,38.342185410110794,-1.8012184447924966,327.2694732744126,-659.9672607320477,0.4358563006286249,-2.7804347457804655,-2.8064926325914845,0.21068268450603633,0.0,-0.07251633458136864,,
82.9,5.223219176395511,-2.7047802002014714,8.243414312602193,-0.041313064777871375,0.002879375602415676,-0.055430133635674304,38.38577104017366,-1.8084700782506336,326.35166960891956,-663.6967700502571,0.4358563006286249,-2.7835954159130436,-2.807962879653609,0.23177277833514515,0.0,-0.07251633458136864,,
83.0,5.351837229829211,-3.0327627684887135,7.8953267027927945,-0.037312945969166456,0.0006885905824858535,-0.07580322430706718,38.42935667023652,-1.8157217117087705,325.4057730644716,-667.4237504425885,0.4358563006286249,-2.786756086045622,-2.8092746747038633,0.2528952351814642,0.0,-0.07251633458136864,,
83.10000000000001,5.306331262350909,-2.8487679641272186,8.15341031980316,-0.030104446865975937,0.011218180428489195,-0.060827764872120764,38.47294230029939,-1.8229733451669075,324.4317721112331,-671.1479903717516,0.4358563006286249,-2.789916756178201,-2.8104276259792504,0.27404886486573815,0.0,-0.07251633458136864,,
83.2,5.606482109590792,-2.9236165455140406,8.067479422312035,-0.03923273738848778,-0.0074479486171658916,-0.04825215200936632,38.51652793036225,-1.8302249786250444,323.4296568116421,-674.869278000666,0.4358563006286249,-2.793077426310779,-2.811421350654237,0.2952324732308777,0.0,-0.07251633458136864,,
83.30000000000001,5.120890243207955,-2.567055364787051,8.122281592789571,-0.03886809393257029,-0.03629999641577415,-0.04152490470329284,38.560113560425116,-1.8374766120831814,322.39941882414854,-678.587401204442,0.4358563006286249,-2.7962380964433575,-2.812255474877831,0.3164448622090555,0.0,-0.07251633458136864,,
83.4,5.56391428129867,-2.7756308730430734,8.216783111278234,-0.04044001890240757,0.009877524808552831,-0.045922431700934456,38.60369919048798,-1.8447282455413183,321.34105140686285,-682.3021475823996,0.4358563006286249,-2.7993987665759357,-2.812929633810147,0.337684829889131,0.0,-0.07251633458136864,,
83.5,5.297034713504865,-2.374479499509657,8.119697338496778,-0.02839241959449544,0.007514269871905418,-0.05686178532086816,38.647284820550844,-1.8519798789994553,320.25454942111384,-686.0133044701255,0.4358563006286249,-2.8025594367085143,-2.813443471658477,0.3589511705843992,0.0,-0.07251633458136864,,
83.60000000000001,5.093518006368789,-2.784365023145166,8.1551369343691,-0.022943222058341123,0.0039781800131064235,-0.06880067079394606,38.69087045061371,-1.8592315124575922,319.1399093349158,-689.7206589515672,0.4358563006286249,-2.805720106841093,-2.8137966417128397,0.3802426749006601,0.0,-0.07251633458136864,,
83.7,5.473842071387079,-2.9553162228460526,8.119316358995544,-0.051664310338258496,-0.002709786889445834,-0.04854318365257895,38.73445608067657,-1.8664831459157292,317.9971292263445,-693.4239978711632,0.4358563006286249,-2.808880776973671,-2.813988806381026,0.4015581298046065,0.0,-0.07251633458136864,,
83.80000000000001,5.334330481330167,-2.8423364155602653,8.036486638227736,-0.02866080107070421,0.001509866480235114,-0.050697191151390174,38.77804171073944,-1.8737347793738661,316.8262087868217,-697.1231078460095,0.4358563006286249,-2.8120414471062496,-2.8140196372231294,0.4228963186925229,0.0,-0.07251633458136864,,
83.9,4.99728825400984,-2.8437380033022035,8.022524001957162,-0.03410576838332373,0.01685246277188495,-0.052798575609628175,38.8216273408023,-1.880986412832003,315.6271493243076,-700.8177752780601,0.4358563006286249,-2.815202117238828,-2.8138888149855545,0.4442560214592957,0.0,-0.07251633458136864,,
84.0,5.5227912404429675,-2.6422529545297424,8.053922872270142,-0.039379392347425546,-0.00879605523479831,-0.05516007922152949,38.865212970865166,-1.88823804629014,314.3999537664011,-704.507786366363,0.4358563006286249,-2.8183627873714063,-2.8135960296345095,0.46563601456772763,0.0,-0.07251633458136864,,
84.10000000000001,5.158454711397669,-2.671980702853157,8.493739958119615,-0.014936979261573759,0.006657716344704809,-0.062482238051610975,38.90879860092803,-1.895489679748277,313.14462666334794,-708.1929271193288,0.4358563006286249,-2.821523457503985,-2.8131409803889755,0.48703507111815336,0.0,-0.07251633458136864,,
84.2,5.228358839474952,-2.871216650724337,8.332127629135302,-0.04362593004413341,-0.011874189357089811,-0.056953829214083186,38.952384230990894,-1.902741313206414,311.8611741909554,-711.872983367033,0.4358563006286249,-2.8246841276365635,-2.8125233757531487,0.508451960918354,0.0,-0.07251633458136864,,
84.30000000000001,5.326660111004083,-2.685433326169283,8.383327510213137,-0.0410909294164202,0.019785979405143764,-0.051172002545738504,38.99596986105376,-1.9099929466645509,310.54960415341435,-715.5477407735501,0.4358563006286249,-2.8278447977691417,-2.811742933548354,0.529885450553763,0.0,-0.07251633458136864,,
84.4,5.1314970927792585,-2.835308615771212,8.146881542243051,-0.04171624503891925,0.0014653243586063352,-0.04564553812600107,39.03955549111662,-1.9172445801226878,309.20992598602726,-719.2169848493194,0.4358563006286249,-2.8310054679017203,-2.810799380944437,0.5513343034579652,0.0,-0.07251633458136864,,
84.5,5.321920114288121,-2.754331675054169,8.220090057540734,-0.02607370495296233,0.002267305620852587,-0.03845689149705085,39.08314112117949,-1.9244962135808248,307.8421507578431,-722.8805009635412,0.4358563006286249,-2.8341661380342984,-2.809692454490607,0.5727972799834768,0.0,-0.07251633458136864,,
84.60000000000001,5.246093614813273,-2.980306515648196,8.282126629413387,-0.02428938749889501,0.010838737920446782,-0.07897556303008485,39.12672675124235,-1.9317478470389617,306.4462911741976,-726.5380743566038,0.4358563006286249,-2.837326808166877,-2.8084219001457615,0.5942731374728107,0.0,-0.07251633458136864,,
84.7,5.21435830032515,-3.046053222988859,8.18937233856965,-0.047643172115160906,0.008371083215875225,-0.0539587682506125,39.170312381305216,-1.9389994804970987,305.02236157915917,-730.1894901525395,0.4358563006286249,-2.8404874782994556,-2.8069874733082614,0.6157606303298178,0.0,-0.07251633458136864,,
84.80000000000001,5.524524252450585,-2.6767708298099238,8.349599907158522,-0.0526920013207999,0.007750951575220635,-0.07888963286894507,39.21389801136808,-1.9462511139552356,303.5703779578804,-733.8345333715091,0.4358563006286249,-2.8436481484320337,-2.8053889388451685,0.6372585100913011,0.0,-0.07251633458136864,,
84.9,5.549887574078828,-2.6199348784451217,8.26224322776364,-0.043370840972253306,0.006888087325217739,-0.0461000642214355,39.257483641430944,-1.9535027474133726,302.09035793885454,-737.4729889423146,0.4358563006286249,-2.8468088185646123,-2.803626071120946,0.6587655254989017,0.0,-0.07251633458136864,,
85.0,5.404501315738247,-2.983894745993351,8.432324018683675,-0.03387732093331014,-0.010885210528565281,-0.06436361086780602,39.30106927149381,-1.9607543808715096,300.5823207960765,-741.1046417149392,0.4358563006286249,-2.849969488697191,-2.801698654025605,0.6802804225712461,0.0,-0.07251633458136864,,
85.10000000000001,5.573027818432832,-2.6323839648843275,8.119503603816819,-0.031760973281238475,0.012543672022950089,-0.08363348310776451,39.34465490155667,-1.9680060143296465,299.04628745110824,-744.7292764731137,0.4358563006286249,-2.853130158829769,-2.79960648100231,0.7018019446763588,0.0,-0.07251633458136864,,
85.2,5.189921527826139,-2.5645895215760497,8.24482872278506,-0.03589578940448753,-0.0053797037705599175,-0.06500063329476861,39.38824053161954,-1.9752576477877835,297.482280475049,-748.3466779469084,0.4358563006286249,-2.8562908289623476,-2.7973493550744326,0.7233288326043292,0.0,-0.07251633458136864,,
85.30000000000001,5.478312919718063,-2.602567910832044,8.055864094700471,-0.04541009109434539,-0.009527878409996427,-0.04904526255211683,39.4318261616824,-1.9825092812459204,295.89032409040857,-751.9566308253503,0.4358563006286249,-2.859451499094926,-2.7949270888720537,0.7448598246402307,0.0,-0.07251633458136864,,
85.4,5.103653166655952,-2.4089284789562857,8.208089828763699,-0.049144906407595064,-0.01565812102512757,-0.05324042584274896,39.475411791745266,-1.9897609147040574,294.270444172885,-755.5589197690653,0.4358563006286249,-2.8626121692275044,-2.792339504657911,0.7663936566372924,0.0,-0.07251633458136864,,
85.5,5.356008659644747,-2.8786712120403863,8.329116697893994,-0.03420462132406647,-0.009295499880072283,-0.05432384526742157,39.51899742180813,-1.9970125481621943,292.62266825304533,-759.1533294229422,0.4358563006286249,-2.865772839360083,-2.789586434352789,0.7879290620903101,0.0,-0.07251633458136864,,
85.60000000000001,5.205871550811086,-2.7481703824598687,8.260125531398144,-0.0191563986257471,0.011792364571323969,-0.056283461803674724,39.562583051870995,-2.0042641816203313,290.94702551790965,-762.7396444288216,0.4358563006286249,-2.868933509492661,-2.7866677195603513,0.8094647722093017,0.0,-0.07251633458136864,,
85.7,5.236277318954591,-2.8509915670967785,8.187559513572884,-0.02748076576458955,0.001121487228118744,-0.05812631571723067,39.60616868193386,-2.011515815078468,289.24354681243767,-766.3176494382058,0.4358563006286249,-2.8720941796252397,-2.783583211591418,0.8309995159933947,0.0,-0.07251633458136864,,
85.80000000000001,5.514822705235538,-2.920127479934224,8.229059583683762,-0.046329669560237915,-0.005375682042843737,-0.07422459920999018,39.64975431199672,-2.0187674485366047,287.51226464091866,-769.8871291249895,0.4358563006286249,-2.8752548497578183,-2.7803327714876658,0.8525320203049505,0.0,-0.07251633458136864,,
85.9,5.232458130589649,-2.6509600502647523,8.399284055344443,-0.04791649153567775,0.013566218614255405,-0.04045561448966968,39.69333994205959,-2.0260190819947415,285.7532131682635,-773.4478681982131,0.4358563006286249,-2.8784155198903965,-2.776916270044778,0.8740610099439103,0.0,-0.07251633458136864,,
86.0,5.296505394463966,-2.7219560893791104,8.350221307721041,-0.04445704225066369,0.0039271941503357735,-0.05097756188875698,39.73692557212245,-2.033270715452878,283.9664282211989,-776.9996514148336,0.4358563006286249,-2.881576190022975,-2.773333587835022,0.8955852077223685,0.0,-0.07251633458136864,,
86.10000000000001,5.476105141121056,-2.8691662891588554,8.26573335002387,-0.036251739612929594,0.00034759050530906824,-0.04687099413980069,39.780511202185316,-2.040522348911015,282.15194728936353,-780.5422635925161,0.4358563006286249,-2.8847368601555536,-2.769584615229254,0.9171033345393624,0.0,-0.07251633458136864,,
86.2,5.253309090647848,-2.6552318780392277,8.217155041091857,-0.022540335637092304,-0.009069233056569578,-0.04193197522536848,39.82409683224818,-2.0477739823691516,280.30980952630654,-784.0754896224431,0.4358563006286249,-2.887897530288132,-2.7656692524183564,0.9386141094558773,0.0,-0.07251633458136864,,
86.30000000000001,5.2964241127229705,-2.9921104188125023,8.306253672098022,-0.027038823792641123,-0.005245795180208164,-0.051077049804944735,39.867682462311045,-2.0550256158272884,278.4400557503868,-787.5991144821421,0.4358563006286249,-2.8910582004207104,-2.7615874094341066,0.9601162497700618,0.0,-0.07251633458136864,,
86.4,5.3136544036516,-3.187554667905215,8.325932674103669,-0.05153457104860949,0.012382588610046987,-0.06884321810220355,39.91126809237391,-2.062277249285425,276.54272844557437,-791.1129232483288,0.4358563006286249,-2.8942188705532885,-2.7573390061694583,0.9816084710926489,0.0,-0.07251633458136864,,
86.5,5.5283341639686725,-2.8764070515764457,8.163852236408198,-0.053998962060111455,0.009842854269912434,-0.05739563518030576,39.95485372243677,-2.069528882743562,274.6178717621525,-794.6167011097675,0.4358563006286249,-2.897379540685867,-2.7529239723982624,1.0030894874225778,0.0,-0.07251633458136864,,
86.60000000000001,5.350182939877702,-2.8143516419932357,8.052670312254692,-0.034649122169430925,0.006707492709943717,-0.05434024813445161,39.99843935249964,-2.0767805162016986,272.66553151732114,-798.1102333801467,0.4358563006286249,-2.9005402108184457,-2.7483422477943935,1.0245580112228125,0.0,-0.07251633458136864,,
86.7,5.4071518351263546,-2.8896100679098082,8.121187068979287,-0.041824576707496355,0.001999217214498892,-0.05771163700284889,40.0420249825625,-2.0840321496598353,270.6857551957009,-801.5933055109689,0.4358563006286249,-2.903700880951024,-2.7435937819503082,1.0460127534963548,0.0,-0.07251633458136864,,
86.80000000000001,5.238070185785738,-3.074389020338377,8.15872007734378,-0.04592722890454455,0.007995410748742882,-0.04791652898411248,40.085610612625366,-2.091283783117972,268.67859194973767,-805.0657031044545,0.4358563006286249,-2.9068615510836024,-2.7386785343950155,1.0674524238624432,0.0,-0.07251633458136864,,
86.9,5.290658026806627,-2.744970795816811,8.223702523009324,-0.020190691364129324,-0.006656501562853426,-0.0719282202193926,40.12919624268823,-2.0985354165761088,266.6440926000081,-808.527211926459,0.4358563006286249,-2.910022221216181,-2.7335964746114625,1.0888757306329362,0.0,-0.07251633458136864,,
87.0,5.274388038142288,-2.981370665390754,8.19264914986469,-0.04195329845217351,-0.012783841959356966,-0.046719395004858305,40.172781872751095,-2.1057870500342455,264.58230963542474,-811.9776179194017,0.4358563006286249,-2.913182891348759,-2.728347582053335,1.1102813808888747,0.0,-0.07251633458136864,,
87.10000000000001,5.582843482209435,-2.4710651529192957,8.238170886269593,-0.03554804521712358,0.023928081819734968,-0.056870585140038045,40.21636750281396,-2.113038683492382,262.49329721334186,-815.4167072152072,0.4358563006286249,-2.9163435614813378,-2.722931846161277,1.1316680805572203,0.0,-0.07251633458136864,,
87.2,5.078296705862759,-3.0764633617952266,8.336066008563833,-0.034748718359221345,0.0022315900723877853,-0.05916188777215347,40.259953132876824,-2.120290316950519,260.3771111595611,-818.8442661482565,0.4358563006286249,-2.919504231613916,-2.717349266378509,1.153034534487761,0.0,-0.07251633458136864,,
87.30000000000001,5.3796344776967775,-3.0003697434744274,8.50126834776921,-0.04068105044582614,-0.009395486034216513,-0.05100696792977953,40.30353876293969,-2.1275419504086557,258.23380896823653,-822.2600812683486,0.4358563006286249,-2.9226649017464945,-2.7115998521658695,1.1743794465301876,0.0,-0.07251633458136864,,
87.4,5.280204889140012,-3.0078221951045623,8.188499106744635,-0.03931638124749661,-0.011457331663677479,-0.07034340798110597,40.34712439300255,-2.1347935838667924,256.0634498016802,-825.6639393536715,0.4358563006286249,-2.925825571879073,-2.705683623016251,1.1957015196113223,0.0,-0.07251633458136864,,
87.5,5.560982972876153,-2.7513958370365037,8.189930191765754,-0.03664752212929456,0.010291945609176675,-0.048288341378924696,40.39071002306542,-2.142045217324929,253.86609449006625,-829.0556274237811,0.4358563006286249,-2.9289862420116513,-2.6996006084684536,1.2169994558125166,0.0,-0.07251633458136864,,
87.60000000000001,5.313421970752049,-3.175704756388515,8.372515073704433,-0.04822684068809468,0.023922705497365065,-0.0592976427976039,40.43429565312828,-2.149296850783066,251.64180553103543,-832.4349327525886,0.4358563006286249,-2.93214691214423,-2.693350848120434,1.238271956447189,0.0,-0.07251633458136864,,
87.7,5.57828905144332,-2.8576897984510796,8.436757746595594,-0.03977912914426862,-0.011650214356284381,-0.06284395720729041,40.477881283191145,-2.1565484842412026,249.3906470891981,-835.801642881354,0.4358563006286249,-2.9353075822768084,-2.6869343916419677,1.2595177221385179,0.0,-0.07251633458136864,,
87.80000000000001,5.438533985914834,-2.8193607460566703,8.227308475063417,-0.044831383838738276,-0.00866127293575171,-0.04843044376434581,40.52146691325401,-2.1638001176993393,247.11268499553682,-839.1555456316862,0.4358563006286249,-2.9384682524093866,-2.6803512987867015,1.2807354528972748,0.0,-0.07251633458136864,,
87.9,5.362273134924288,-3.0417005121831426,8.445945179399583,-0.050018956971714386,0.013686004075237852,-0.04130736602486069,40.565052543316874,-2.171051751157476,244.80798674670785,-842.4964291185482,0.4358563006286249,-2.941628922541965,-2.6736016394036173,1.3019238481997955,0.0,-0.07251633458136864,,
88.0,5.411075105245761,-2.7838866714460995,8.217841071431879,-0.03683102416487642,-0.002872438939647381,-0.054960461414273916,40.60863817337974,-2.178303384615613,242.47662150424156,-845.824081763267,0.4358563006286249,-2.9447895926745438,-2.6666854934478867,1.323081607066086,0.0,-0.07251633458136864,,
88.10000000000001,5.5106156761267195,-2.695505838166437,8.082528833870349,-0.022720242518652227,-0.01649056398979282,-0.054182220610396785,40.6522238034426,-2.1855550180737495,240.1186600936418,-849.1382923065473,0.4358563006286249,-2.947950262807122,-2.659602950991128,1.344207428138058,0.0,-0.07251633458136864,,
88.2,5.599322291191423,-2.9445848932190617,8.195093117581676,-0.049647090203433546,-0.0020610373882847294,-0.053308545551046714,40.69580943350547,-2.1928066515318863,237.73417500338394,-852.4388498214881,0.4358563006286249,-2.9511109329397005,-2.6523541122310603,1.3653000097578862,0.0,-0.07251633458136864,,
88.30000000000001,5.2336518724876315,-2.8884451889303504,8.323732990820762,-0.03392225152491225,0.009333051794216127,-0.06458929382323192,40.73939506356833,-2.200058284990023,235.32324038381137,-855.7255437266016,0.4358563006286249,-2.9542716030722787,-2.6449390875005454,1.3863580500464892,0.0,-0.07251633458136864,,
88.4,5.566464799149432,-3.1755738875274817,8.308778420722097,-0.04881259545283966,0.0010869670105955133,-0.05628921255371739,40.782980693631195,-2.2073099184481597,232.885932045931,-858.9981637988332,0.4358563006286249,-2.9574322732048572,-2.6373579972760353,1.407380246982122,0.0,-0.07251633458136864,,
88.5,5.034805881514227,-2.9026116839818936,8.086772803387404,-0.032844884402470576,-0.009254970860088281,-0.06799600021697179,40.82656632369406,-2.2145615519062964,230.42232746010689,-862.2565001865828,0.4358563006286249,-2.960592943337436,-2.6296109721854024,1.428365298479082,0.0,-0.07251633458136864,,
88.60000000000001,5.421144595966618,-2.9307160077843504,7.9924071879162755,-0.03043398486706435,0.01075628732214108,-0.07923866718599559,40.870151953756924,-2.221813185364433,227.9325057546522,-865.5003434227258,0.4358563006286249,-2.963753613470014,-2.6216981530151626,1.4493119024665182,0.0,-0.07251633458136864,,
88.7,5.449550538738673,-2.977237537396753,8.043059355683825,-0.04142909918619106,-0.006209440734098332,-0.051194137406229204,40.91373758381979,-2.22906481882257,225.41654771432,-868.7294844376321,0.4358563006286249,-2.9669142836025926,-2.6136196907171003,1.4702187569673448,0.0,-0.07251633458136864,,
88.80000000000001,5.422894744746688,-2.9958424504467263,8.023581168212433,-0.028115195850824337,-0.005977349616186288,-0.046291923565358786,40.95732321388265,-2.2363164522807066,222.87453577869178,-871.9437145721848,0.4358563006286249,-2.970074953735171,-2.6053757464142624,1.4910845601772469,0.0,-0.07251633458136864,,
88.9,5.216196226656135,-3.258303375199851,8.150256880497192,-0.034905681107732414,-0.009908038433247316,-0.062397181258091135,41.00090884394552,-2.2435680857388434,220.30655404046465,-875.1428255907957,0.4358563006286249,-2.9732356238677493,-2.5969664914063593,1.5119080105437828,0.0,-0.07251633458136864,,
89.0,5.326798962089665,-2.897231806420873,8.321061617859362,-0.030742810670066394,-0.007893137588535621,-0.027449485996550456,41.04449447400838,-2.25081971919698,217.7126882436364,-878.3266096944178,0.4358563006286249,-2.976396294000328,-2.5883921071745437,1.532687806845569,0.0,-0.07251633458136864,,
89.10000000000001,5.357819353972834,-2.6955379833841446,8.412635999850778,-0.039725585693216964,0.013481995650900169,-0.07068766151898424,41.088080104071246,-2.258071352655117,215.09302578158886,-881.4948595335529,0.4358563006286249,-2.979556964132906,-2.579652785385578,1.5534226482715507,0.0,-0.07251633458136864,,
89.2,5.272675324259419,-2.4543212568847093,8.160442695519853,-0.027144722216534092,0.006595225911543326,-0.0633939204101586,41.13166573413411,-2.2653229861132536,212.44765569506941,-884.6473682212553,0.4358563006286249,-2.9827176342654846,-2.570748727895387,1.5741112345003474,0.0,-0.07251633458136864,,
89.30000000000001,5.3334872885266424,-2.9654936820402495,8.256316034144094,-0.029603668096256676,0.010438946485476898,-0.06855551813059405,41.175251364196974,-2.2725746195713903,209.77666867007048,-887.7839293461294,0.4358563006286249,-2.9858783043980632,-2.5616801467519945,1.5947522657796744,0.0,-0.07251633458136864,,
89.4,5.312704281592018,-2.762844328835729,8.22556789329237,-0.032886012954256486,-0.010245632243680563,-0.052453318354016405,41.21883699425984,-2.279826253029527,207.080157035607,-890.9043369853206,0.4358563006286249,-2.9890389745306414,-2.552447264197843,1.615344443005827,0.0,-0.07251633458136864,,
89.5,5.599134831810366,-3.157658315075391,8.269599492535596,-0.03167284955455859,0.0021432577084377416,-0.0606032028085854,41.2624226243227,-2.2870778864876637,204.3582147613922,-894.0083857174993,0.4358563006286249,-2.99219964466322,-2.5430503126715016,1.635886467803236,0.0,-0.07251633458136864,,
89.60000000000001,5.149834929109188,-2.9576815112724724,8.279263671655858,-0.03322163892210601,0.004635460712816498,-0.05325337636117172,41.30600825438557,-2.2943295199458005,201.61093745541115,-897.0958706358366,0.4358563006286249,-2.9953603147957986,-2.533489534808746,1.6563770426040736,0.0,-0.07251633458136864,,
89.7,5.131061959502854,-2.9532999666476476,8.451179757201121,-0.04662324835225444,0.014321899562372991,-0.057729410737409864,41.34959388444843,-2.301581153403937,198.83842236139247,-900.1665873609709,0.4358563006286249,-2.9985209849283767,-2.5237651834430297,1.6768148707279178,0.0,-0.07251633458136864,,
89.80000000000001,5.201402464977801,-2.912066942773997,8.337380462399219,-0.028729642728192766,-0.026815372161283123,-0.06429049832609623,41.393179514511296,-2.308832786862074,196.04076835617795,-903.2203320539656,0.4358563006286249,-3.0016816550609553,-2.513877521605328,1.6971986564614645,0.0,-0.07251633458136864,,
89.9,5.187887267220336,-2.88198972129099,8.288063833039873,-0.04040536475260423,-0.0030925810855879786,-0.04616869194044618,41.43676514457416,-2.3160844203202107,193.21807594699035,-906.2569014292557,0.4358563006286249,-3.004842325193534,-2.503826822523367,1.7175271051382848,0.0,-0.07251633458136864,,
90.0,4.831149305034901,1.3538830710017828,8.73636042566053,0.03317587011678365,0.011196607766130682,0.02677378358900763,41.480350774637024,-2.3233360537783474,190.38791053939948,-909.2880669492529,-0.20323127177644018,1.1783368407914783,0.9990407904465244,-0.6570374108209476,0.0,0.02840710887893376,,
90.10000000000001,4.677604890465728,0.9319928551695937,8.543997651465011,0.027677362938534393,0.003540430565959127,0.0391287474281404,41.46002764745938,-2.320495342890454,187.56774994712043,-912.3257705054613,-0.20323127177644018,1.1777595195049824,1.0004806723321862,-0.6538033801550835,0.0,0.02840710887893376,,
90.2,4.62702038873903,0.9491604349051508,8.57795908536342,0.005066010454751774,-0.013116143967730271,0.020852648193597847,41.43970452028173,-2.3176546320025606,184.75760846589034,-915.3699797287939,-0.20323127177644018,1.1771821982184865,1.0019102456524909,-0.6505664741492161,0.0,0.02840710887893376,,
90.30000000000001,4.780181210550547,1.2314566423174542,8.601039254796014,0.015858499586980292,-0.021445076046251912,0.025437600487780064,41.41938139310408,-2.314813921114667,181.95750028831358,-918.4206622217346,-0.20323127177644018,1.1766048769319908,1.0033295056997633,-0.6473267252634353,0.0,0.02840710887893376,,
90.4,4.83546663424733,1.1677993202631682,8.604935996055614,0.0085659289220161,-0.005972017926733133,0.032421932547314194,41.399058265926435,-2.311973210226774,179.16743950381564,-921.4777855586634,-0.20323127177644018,1.1760275556454949,1.004738447867534,-0.6440841659613482,0.0,0.02840710887893376,,
90.5,4.709685219638645,1.1029999171910745,8.46713004932246,0.0068557489024346965,0.020007507762525627,0.022525186412079377,41.37873513874879,-2.3091324993388804,176.38744009859803,-924.5413172861807,-0.20323127177644018,1.175450234358999,1.0061370676505206,-0.6408388287097674,0.0,0.02840710887893376,,
90.60000000000001,4.458287657954974,1.0912025280553377,8.6710236005783,0.012957079633271936,-0.015945883238233115,0.01209878797894461,41.35841201157114,-2.306291788450987,173.6175159555943,-927.6112249234322,-0.20323127177644018,1.174872913072503,1.007525360644609,-0.6375907459783972,0.0,0.02840710887893376,,
90.7,4.7839404529586815,0.9742478833218777,8.67629228112198,0.0033118787489680827,0.009853443163035429,0.03230426198234821,41.33808888439349,-2.3034510775630936,170.8576808544271,-930.6874759624334,-0.20323127177644018,1.1742955917860074,1.0089033225468338,-0.634339950239521,0.0,0.02840710887893376,,
90.80000000000001,4.804403761227518,1.244717656259905,8.800218796231515,0.018840942198407158,0.000881176878865834,0.01582156728263989,41.317765757215845,-2.3006103666752002,168.1079484713659,-933.7700378683944,-0.20323127177644018,1.1737182704995115,1.0102709491553554,-0.6310864739676891,0.0,0.02840710887893376,,
90.9,4.639804920083557,0.9443757494933432,8.389269512908461,0.017997345148048082,0.0013322446021803507,0.027000324980842323,41.2974426300382,-2.297769655787307,165.36833237928622,-936.8588780800451,-0.20323127177644018,1.1731409492130156,1.0116282363694409,-0.6278303496394061,0.0,0.02840710887893376,,
91.0,4.612693265470143,1.2938044312721892,8.241405109838581,0.014314410662485866,-0.0037600755965262627,0.03466555292531776,41.27711950286055,-2.2949289448994135,162.63884604762958,-939.9539640099592,-0.20323127177644018,1.1725636279265197,1.0129751801894393,-0.6245716097328184,0.0,0.02840710887893376,155.24726808641051,-939.1422985663049
91.10000000000001,4.767396241202642,0.9554089993231027,8.831951932626815,0.017510051479003752,0.004438631251538833,0.012889009956255814,41.2567963756829,-2.29208823401152,159.91950284236444,-943.0552630448798,-0.20323127177644018,1.171986306640024,1.014311776716758,-0.6213102867274027,0.0,0.02840710887893376,,
91.2,4.752085248460568,1.007432584343402,8.704272272233677,0.0038218515633237707,-0.015345708090530775,0.05195565204687355,41.236473248505256,-2.2892475231236267,157.21031602594832,-946.1627425460433,-0.20323127177644018,1.171408985353528,1.0156380221538384,-0.6180464131036526,0.0,0.02840710887893376,,
91.30000000000001,4.932727598838368,1.1903790342182237,8.231703116958272,0.012297675106875346,-0.017619427210320622,0.010378829015580248,41.21615012132761,-2.2864068122357333,154.51129875729072,-949.2763698495052,-0.20323127177644018,1.1708316640670322,1.0169539128041298,-0.6147800213427685,0.0,0.02840710887893376,,
91.4,4.710654720911066,1.3094216703399608,8.418086451655817,0.014381466938231302,-0.000677701457679745,0.0387098104439503,41.19582699414996,-2.28356610134784,151.82246409171734,-952.396112266464,-0.20323127177644018,1.1702543427805363,1.0182594450720637,-0.6115111439263452,0.0,0.02840710887893376,,
91.5,4.917770800013795,1.1760417351534451,8.43389991989571,0.013640567330350918,0.014057602971554744,0.02609070692261926,41.17550386697231,-2.2807253904599465,149.1438249809349,-955.5219370835871,-0.20323127177644018,1.1696770214940406,1.019554615463024,-0.60823981333606,0.0,0.02840710887893376,,
91.60000000000001,4.816866502705313,1.1032198851201191,8.694271474604456,0.0029450396815683625,-0.0010162129698042645,0.02340103150557582,41.155180739794666,-2.277884679572053,146.47539427299742,-958.6538115633344,-0.20323127177644018,1.1690997002075447,1.02083942058332,-0.6049660620533616,0.0,0.02840710887893376,,
91.7,4.844502480920175,1.1385791895911956,8.569531334188088,0.02198950204644104,0.021559305132661053,0.03165795215962409,41.13485761261702,-2.2750439686841597,143.81718471227316,-961.791702944284,-0.20323127177644018,1.1685223789210488,1.0221138571401573,-0.6016899225591588,0.0,0.02840710887893376,,
91.80000000000001,4.827840702344866,1.2199226496796716,8.646066896685689,0.008770814590047743,-0.007168034125500004,0.013666379492276778,41.11453448543937,-2.2722032577962663,141.16920893941273,-964.9355784414564,-0.20323127177644018,1.167945057634553,1.0233779219416057,-0.5984114273335104,0.0,0.02840710887893376,,
91.9,4.647941861497071,1.1865409800828453,8.600764987197069,0.008531425987072773,0.0033046150094375977,0.03693452170710834,41.094211358261724,-2.269362546908373,138.53147949131824,-968.0854052466399,-0.20323127177644018,1.1673677363480572,1.024631611896569,-0.5951306088553125,0.0,0.02840710887893376,,
92.0,4.894721260599619,1.1872588571591405,8.631850681283703,0.017340924824029363,0.0030811603102122997,0.023742432340008512,41.07388823108408,-2.2665218360204795,135.90400880111332,-971.2411505287148,-0.20323127177644018,1.1667904150615613,1.0258749240147518,-0.5918474996019899,0.0,0.02840710887893376,134.1473999635547,-968.6406785305091
92.10000000000001,4.591019966629591,1.0824173408510527,8.312051783524447,-0.002629197272633837,-0.002849534586110128,0.029615754244341163,41.05356510390643,-2.263681125132586,133.28680919811424,-974.4027814339786,-0.20323127177644018,1.1662130937750654,1.027107855406626,-0.5885621320491833,0.0,0.02840710887893376,,
92.2,4.762842452473252,1.174987508934073,8.53406402048938,0.022391155017369622,-0.017472707828151295,0.03725650033492127,41.03324197672878,-2.2608404142446927,130.67989290780207,-977.5702650864704,-0.20323127177644018,1.1656357724885695,1.0283304032833978,-0.5852745386704414,0.0,0.02840710887893376,,
92.30000000000001,4.594772515739025,1.138028605826113,8.530933436594944,0.02068030041442762,-0.014184503936407923,0.015677447789983617,41.012918849551134,-2.2579997033567993,128.08327205179572,-980.743568588296,-0.20323127177644018,1.1650584512020739,1.029542564956971,-0.581984751936909,0.0,0.02840710887893376,,
92.4,5.12149904486062,0.9686884744017813,8.397374684286323,0.006488377615945866,0.006415550289690133,0.011301147230052887,40.99259572237349,-2.255158992468906,125.49695864782615,-983.9226590199518,-0.20323127177644018,1.164481129915578,1.030744337839911,-0.5786928043170174,0.0,0.02840710887893376,,
92.5,4.643110418911329,1.170712733922392,8.665523353974141,0.014038648287552,0.012432997337395309,0.036362297569051905,40.97227259519584,-2.2523182815810125,122.92096460971143,-987.1075034406506,-0.20323127177644018,1.163903808629082,1.0319357194454086,-0.5753987282761749,0.0,0.02840710887893376,,
92.60000000000001,4.7134542087554205,1.5534759467895476,8.633198170793422,0.005964946894461197,-0.005097435303112685,0.028202059284433364,40.95194946801819,-2.249477570693119,120.35530174733294,-990.2980688886453,-0.20323127177644018,1.1633264873425861,1.0331167073872403,-0.5721025562764571,0.0,0.02840710887893376,,
92.7,4.603477510719616,1.0467725916647876,8.605378353044587,-0.0020390300942042094,-0.014279711698868203,0.0025457331899219025,40.931626340840545,-2.2466368598052258,117.79998176661248,-993.4943223815538,-0.20323127177644018,1.1627491660560905,1.0342872993797312,-0.568804320776298,0.0,0.02840710887893376,,
92.80000000000001,4.7307522947730485,1.046986013214535,8.598334532323843,0.007771844708040832,0.004459964144659251,0.03093103502357303,40.9113032136629,-2.2437961489173324,115.25501626949038,-996.6962309166837,-0.20323127177644018,1.1621718447695946,1.0354474932377127,-0.5655040542301788,0.0,0.02840710887893376,,
92.9,4.720127648457339,1.2550487679160858,8.535627453640354,0.02362238895513876,0.00931554841734,0.030684834047787612,40.89098008648525,-2.240955438029439,112.72041675390474,-999.9037614713563,-0.20323127177644018,1.1615945234830987,1.0365972868764832,-0.562201789088322,0.0,0.02840710887893376,,
93.0,4.829299253491638,1.3533018860183148,8.741633861788165,0.025124951829398785,0.011289528747279138,0.0345550199773384,40.8706569593076,-2.2381147271415456,110.19619461377151,-1003.1168810032319,-0.20323127177644018,1.1610172021966028,1.0377366783117665,-0.5588975577963798,0.0,0.02840710887893376,105.53813773761611,-1002.9878359963403
93.10000000000001,4.7884411196721945,1.0139475382551038,8.39593252960756,-0.0006307566613985658,0.005950787093874155,0.007427722729562745,40.850333832129955,-2.235274016253652,107.68236113896572,-1006.3355564506334,-0.20323127177644018,1.160439880910107,1.038865665659667,-0.5555913927951275,0.0,0.02840710887893376,,
93.2,4.858997727155232,1.3129157668460552,8.621041267691027,0.012185970324369149,-0.020528124650892075,0.024397026845193827,40.83001070495231,-2.232433305365759,105.17892751530357,-1009.5597547328708,-0.20323127177644018,1.1598625596236112,1.0399842471366278,-0.5522833265201529,0.0,0.02840710887893376,,
93.30000000000001,4.638070265292782,0.9759118666828551,8.641883839453712,0.026253242375696956,-0.004503480479538448,0.03766393540637562,40.80968757777466,-2.2295925944778654,102.68590482452565,-1012.7894427505662,-0.20323127177644018,1.1592852383371153,1.0410924210593846,-0.5489733914015509,0.0,0.02840710887893376,,
93.4,4.824545671691635,1.2064600904273595,8.667039594020492,0.03477617319080208,0.00810919921549504,0.047878005065477035,40.78936445059701,-2.226751883589972,100.2033040442811,-1016.024587385977,-0.20323127177644018,1.1587079170506194,1.0421901858449216,-0.5456616198636128,0.0,0.02840710887893376,,
93.5,4.823162319479135,1.0241205027281797,8.52802722420562,0.022971097979033323,-2.708453254085781e-05,0.023831353358886732,40.769041323419366,-2.2239111727020786,97.73113604811275,-1019.2651555033209,-0.20323127177644018,1.1581305957641237,1.0432775400104233,-0.5423480443245213,0.0,0.02840710887893376,,
93.60000000000001,4.603546612472111,1.060851542426812,8.700562515432052,0.013904910448493452,0.0011170118784958733,0.017843485346599,40.74871819624172,-2.221070461814185,95.26941160544335,-1022.5111139490997,-0.20323127177644018,1.1575532744776278,1.0443544821732276,-0.5390326971960395,0.0,0.02840710887893376,,
93.7,4.761976700692804,1.015549877727359,8.649487995575532,0.03203411402695403,-0.014856553414695568,0.04643681512590757,40.72839506906407,-2.218229750926292,92.81814138156271,-1025.762429552423,-0.20323127177644018,1.156975953191132,1.0454210110507776,-0.5357156108832068,0.0,0.02840710887893376,,
93.80000000000001,4.899439469402314,1.0835198936150232,8.28315768652688,0.0150723342099758,0.002719257502069821,0.023969730560804002,40.70807194188642,-2.2153890400383984,90.37733593761588,-1029.019069125333,-0.20323127177644018,1.156398631904636,1.0464771254605716,-0.5323968177840304,0.0,0.02840710887893376,,
93.9,4.826621069992338,1.2337452190710188,8.675341173923234,0.019765845455554095,0.002732467826076774,0.01779769653624,40.687748814708776,-2.212548329150505,87.9470057305923,-1032.2809994631277,-0.20323127177644018,1.1558213106181403,1.0475228243201138,-0.529076350289178,0.0,0.02840710887893376,,
94.0,4.8960539923344735,1.336958066565258,8.603329130685976,-0.0004953290317142485,0.005208560529952944,0.02726646825452697,40.66742568753113,-2.2097076182626116,85.527161113316,-1035.5481873446852,-0.20323127177644018,1.1552439893316444,1.0485581066468608,-0.525754240781672,0.0,0.02840710887893376,86.56899998377992,-1030.1920682148511
94.10000000000001,4.912665690253962,1.127660977216617,8.828083636914231,0.014127358516769514,0.012536341817639064,0.030697704411349145,40.64710256035348,-2.2068669073747182,83.1178123344368,-1038.820599532787,-0.20323127177644018,1.1546666680451485,1.049582971558172,-0.522430521636583,0.0,0.02840710887893376,,
94.2,4.695729411583392,1.4951683386228534,8.679568911871792,0.015048407718036371,0.01576064634560554,0.0247552657465505,40.626779433175834,-2.204026196486825,80.71896953842246,-1042.0982027744417,-0.20323127177644018,1.1540893467586526,1.0505974182712545,-0.519105225220723,0.0,0.02840710887893376,,
94.30000000000001,4.946111408521604,1.0091474419803206,8.581670101418695,0.007097826383359871,0.014704297995201062,0.03920762384612588,40.60645630599819,-2.2011854855989315,78.3306427655518,-1045.3809638012094,-0.20323127177644018,1.153512025472157,1.0516014461031105,-0.51577838389234,0.0,0.02840710887893376,,
94.4,4.79659347930057,1.186544141299031,8.11494028218672,0.018945962894781006,-0.001979641251602233,0.02737757068148056,40.58613317882054,-2.198344774711038,75.95284195190897,-1048.6688493295242,-0.20323127177644018,1.152934704185661,1.0525950544704805,-0.512450030000812,0.0,0.02840710887893376,,
94.5,4.884748611805853,1.2726433387148022,8.583279655076609,0.016217726206391978,0.0017484261944437493,0.03736956555922461,40.56581005164289,-2.1955040638231447,73.58557692937848,-1051.9618260610177,-0.20323127177644018,1.1523573828991651,1.0535782428897889,-0.5091201958863422,0.0,0.02840710887893376,,
94.60000000000001,4.779121379195164,1.1355926122328308,8.588534007592164,0.015944747497923507,0.0066137949958571494,0.03168139217503957,40.545486924465244,-2.1926633529352513,71.22885742564151,-1055.2598606828433,-0.20323127177644018,1.1517800616126692,1.0545510109770864,-0.5057889138796525,0.0,0.02840710887893376,,
94.7,4.721606516342337,0.9576468793213662,8.500801122234016,0.015359258082574552,0.015791582618480862,0.01880299560277704,40.5251637972876,-2.189822642047358,68.88269306417297,-1058.5629198679978,-0.20323127177644018,1.1512027403261735,1.055513358447992,-0.5024562163016804,0.0,0.02840710887893376,,
94.80000000000001,4.6420734770702605,1.064628584959468,8.939306372505456,0.01159016249662797,0.0060405040246939105,0.02418767038246767,40.50484067010995,-2.1869819311594645,66.54709336423964,-1061.8709702756464,-0.20323127177644018,1.1506254190396776,1.0564652851176353,-0.49912213546327183,0.0,0.02840710887893376,,
94.9,4.915159837181059,0.9948302396070179,8.54823158208818,0.007891055198535384,0.0035102242372057947,0.04048448255705017,40.4845175429323,-2.184141220271571,64.2220677408994,-1065.1839785514442,-0.20323127177644018,1.1500480977531817,1.0574067909005949,-0.49578670366487926,0.0,0.02840710887893376,,
95.0,4.968087534715717,1.156168253352807,8.56046987191725,0.024159707814528558,-0.012104315835325926,0.040545812630710255,40.464194415754655,-2.1813005093836777,61.90762550500131,-1068.5019113278593,-0.20323127177644018,1.1494707764666858,1.0583378758108395,-0.492449953196256,0.0,0.02840710887893376,63.78193429370441,-1062.7568363976632
95.10000000000001,4.953136707613761,1.1971005402002963,8.578801240267984,0.015728165681821577,-0.003382704702594048,0.02349249624795702,40.44387128857701,-2.1784597984957843,59.603775863186726,-1071.8247352244962,-0.20323127177644018,1.1488934551801901,1.0592585399616663,-0.48911191633615264,0.0,0.02840710887893376,,
95.2,5.029386912250615,1.333115898761101,8.771378914908233,0.023968036719879477,0.023686652059978816,0.03894386272258232,40.42354816139936,-2.175619087607891,57.31052791789147,-1075.1524168484184,-0.20323127177644018,1.1483161338936942,1.0601687835656373,-0.48577262535201293,0.0,0.02840710887893376,,
95.30000000000001,4.694858510056903,1.3998448567896313,8.610572615204156,0.012487078718729536,-0.0036711448194714975,0.029747137459679485,40.40322503422171,-2.1727783767199975,55.027890667348935,-1078.4849227944703,-0.20323127177644018,1.1477388126071983,1.0610686069345165,-0.48243211249967133,0.0,0.02840710887893376,,
95.4,4.8582517991174194,1.3418400605229226,8.682641172668808,0.021049980014434276,0.003129162583495961,-0.004021047296655186,40.382901907044065,-2.169937665832104,52.755873005594175,-1081.8222196456004,-0.20323127177644018,1.1471614913207024,1.0619580104792063,-0.47909041002304886,0.0,0.02840710887893376,,
95.5,4.704708613839181,1.3767774940185706,8.677815318200922,0.009168441165900564,0.0022572697141029314,0.0293932656121671,40.36257877986642,-2.1670969549442107,50.49448372246904,-1085.164273973183,-0.20323127177644018,1.1465841700342068,1.062836994709682,-0.4757475501538516,0.0,0.02840710887893376,,
95.60000000000001,4.721185594407265,1.2438535784639937,8.504750767703786,0.004459135707656136,0.008612958692912249,0.03688194197111861,40.34225565268877,-2.1642562440563173,48.24373150362823,-1088.511052337341,-0.20323127177644018,1.1460068487477109,1.0637055602349241,-0.4724035651112659,0.0,0.02840710887893376,,
95.7,4.867763748450759,1.2464977688651924,8.589714149019347,0.006602807727753691,-0.004633709289298386,0.014049098308657401,40.32193252551112,-2.161415533168424,46.003624930546394,-1091.8625212872673,-0.20323127177644018,1.145429527461215,1.0645637077628538,-0.46905848710165843,0.0,0.02840710887893376,,
95.80000000000001,4.884749122626183,1.2959855310223967,8.695542024697684,0.023853796509545326,0.015489625392348789,0.03800931180450414,40.301609398333476,-2.1585748222805305,43.77417248052619,-1095.2186473615473,-0.20323127177644018,1.144852206174719,1.0654114381002628,-0.4657123483182729,0.0,0.02840710887893376,,
95.9,4.693669602247435,1.510286118755473,8.844596561538205,0.029577532200745438,-0.0013040279062269719,0.028113606983550095,40.28128627115583,-2.155734111392637,41.55538252670735,-1098.5793970884804,-0.20323127177644018,1.1442748848882234,1.0662487521527464,-0.46236518094092827,0.0,0.02840710887893376,,
96.0,4.733014484599815,1.1068587319494827,8.719348221713926,0.025472753175872637,0.0022968099898743703,0.04393335091171392,40.26096314397818,-2.1528934005047438,39.34726333807671,-1101.944736986402,-0.20323127177644018,1.1436975636017275,1.067075650924631,-0.4590170171357175,0.0,0.02840710887893376,42.618776143374774,-1103.0696808304835
96.10000000000001,4.7812752965884515,0.9495854716258725,8.547447186381028,0.016318720638588673,-0.013235906291741834,0.026355847898960224,40.24064001680053,-2.1500526896168504,37.149823079479255,-1105.3146335640042,-0.20323127177644018,1.1431202423152316,1.0678921355189064,-0.45566788905470684,0.0,0.02840710887893376,,
96.2,4.6170385608785365,1.1717278942595404,8.860103649343024,0.017010772501458417,0.002803255807618774,0.0327315676918572,40.220316889622886,-2.147211978728957,34.96306981163013,-1108.6890533206583,-0.20323127177644018,1.1425429210287357,1.068698207137152,-0.4523178288356342,0.0,0.02840710887893376,,
96.30000000000001,5.061740946356329,1.189957017759961,8.521752418773433,0.008182010483319374,-0.00363502641334519,0.01607636409176169,40.19999376244524,-2.1443712678410636,32.78701149112762,-1112.067962746735,-0.20323127177644018,1.14196559974224,1.0694938670794651,-0.44896686860160906,0.0,0.02840710887893376,,
96.4,4.657894427042613,1.0251330017492541,8.734159469423686,0.03990427210319147,-0.00990378164578432,0.01790131684758446,40.17967063526759,-2.14153055695317,30.621655970467184,-1115.4513283239262,-0.20323127177644018,1.141388278455744,1.0702791167443872,-0.4456150404608116,0.0,0.02840710887893376,,
96.5,4.749051375457926,1.1379104000870726,8.578333805021677,0.011771579555732058,-0.0059203413070951175,0.02880357604100955,40.159347508089944,-2.138689846065277,28.467010998056367,-1118.8391165255655,-0.20323127177644018,1.1408109571692482,1.0710539576288298,-0.4422623765061936,0.0,0.02840710887893376,,
96.60000000000001,4.971812890567186,0.7117340699678518,8.275464418218403,0.0009505008916578968,-0.01092231675308073,0.029623692385949717,40.139024380912296,-2.1358491351773834,26.323084218230797,-1122.2312938169496,-0.20323127177644018,1.1402336358827523,1.0718183913279993,-0.438908908815178,0.0,0.02840710887893376,,
96.7,4.75051086086308,0.8083590792968653,8.345043058980924,0.015540412560033037,0.0025223305430155975,0.02315990336976567,40.11870125373465,-2.13300842428949,24.189883171271088,-1125.6278266556578,-0.20323127177644018,1.1396563145962566,1.0725724195353197,-0.43555466944936017,0.0,0.02840710887893376,,
96.80000000000001,4.965845963928462,1.0187339509813467,8.904084741981437,-0.002390309551326344,-0.004943126973086633,0.038563519418277,40.098378126557,-2.1301677134015966,22.06741529342078,-1129.0286814918736,-0.20323127177644018,1.1390789933097607,1.0733160440423566,-0.4321996904542079,0.0,0.02840710887893376,,
96.9,4.726192270640066,1.2838967711863072,8.642075841956023,0.0167312189816518,-0.007553906354841231,0.039428053555027105,40.078054999379354,-2.127327002513703,19.955687916905223,-1132.4338247687042,-0.20323127177644018,1.1385016720232648,1.0740492667387396,-0.4288440038587635,0.0,0.02840710887893376,,
97.0,4.84336752272108,0.9862445028433631,8.500140540958903,0.02672053032001865,0.004178568735746297,0.04383409533210693,40.05773187220171,-2.12448629162581,17.854708269951452,-1135.8432229225014,-0.20323127177644018,1.137924350736769,1.0747720896120811,-0.42548764167534475,0.0,0.02840710887893376,14.59415429464607,-1135.8121919789974
97.10000000000001,4.662050040356354,1.2035028563650738,8.639134997922596,0.0076562429726712775,0.007810820265091615,0.02408761579062388,40.03740874502406,-2.1216455807379164,15.764483476809046,-1139.2568423831804,-0.20323127177644018,1.1373470294502732,1.0754845147479004,-0.4221306358992477,0.0,0.02840710887893376,,
97.2,4.620710680531414,1.032522154973213,8.71042132648198,0.02832533862171079,0.006840441585839914,0.03927389269185761,40.01708561784641,-2.118804869850023,13.685020557771963,-1142.6746495745408,-0.20323127177644018,1.1367697081637773,1.0761865443295378,-0.4187730185084473,0.0,0.02840710887893376,,
97.30000000000001,4.8602596563218565,1.309116230262494,8.5782299593778,0.013864500965940559,0.0030683534033025817,0.0293819621827232,39.996762490668765,-2.1159641589621296,11.616326429201346,-1146.0966109145857,-0.20323127177644018,1.1361923868772814,1.076878180638078,-0.4154148214633014,0.0,0.02840710887893376,,
97.4,4.89878798436298,1.234058256536731,8.318252691072686,0.003193311014865091,-0.008842513266310852,0.03340559985511138,39.97643936349112,-2.1131234480742362,9.558407903549313,-1149.5226928158409,-0.20323127177644018,1.1356150655907855,1.0775594260522638,-0.41205607670625266,0.0,0.02840710887893376,,
97.5,4.7784615323115505,1.4196026717145693,8.69532923384926,0.020339934573198083,-0.004347024940318933,0.01746488564262092,39.95611623631347,-2.110282737186343,7.511271689383722,-1152.952861685674,-0.20323127177644018,1.1350377443042896,1.0782302830484152,-0.4086968161615326,0.0,0.02840710887893376,,
97.60000000000001,4.8389266420526305,1.1184386912437905,8.56852668145812,0.008267230246389725,7.570074354881297e-05,0.03834446230079886,39.93579310913582,-2.1074420262984495,5.474924391413907,-1156.3870839266144,-0.20323127177644018,1.134460423017794,1.078890754200344,-0.4053370717348639,0.0,0.02840710887893376,,
97.7,4.84461838443241,1.178827205335819,8.480282457416582,0.01885660961424377,0.006061010034334755,0.03359235562609545,39.915469981958175,-2.104601315410556,3.4493725105173905,-1159.8253259366713,-0.20323127177644018,1.133883101731298,1.0795408421792678,-0.40197687531316484,0.0,0.02840710887893376,,
97.80000000000001,4.693525736906892,1.0232357113537356,8.694161242754266,0.019279959329504985,0.00986318350719607,0.02400286330880925,39.89514685478053,-2.1017606045226627,1.4346224437675692,-1163.2675541096528,-0.20323127177644018,1.1333057804448021,1.0801805497537256,-0.3986162587642535,0.0,0.02840710887893376,,
97.9,4.509757385480889,1.2144987842878852,8.50040739282433,0.019083137797036145,0.009951897717546666,0.04739962614025541,39.87482372760288,-2.0989198936347693,-0.5693195155376277,-1166.713734835484,-0.20323127177644018,1.1327284591583062,1.0808098797894896,-0.3952552539365525,0.0,0.02840710887893376,,
98.0,4.720568894709793,1.176315256911548,8.732735575938745,-0.005784795411403547,0.0020985663167836575,0.03659531098283598,39.85450060042523,-2.096079182746876,-2.5624471778461104,-1170.1638345005256,-0.20323127177644018,1.1321511378718105,1.081428835249478,-0.3918938926587935,0.0,0.02840710887893376,1.4243872308295495,-1176.3989676299695
98.10000000000001,4.7038068870729814,1.4214394561392392,8.651473968627942,-0.0016691568641671924,0.017874386246379038,0.03387616323405716,39.834177473247586,-2.0932384718589825,-4.544754457321027,-1173.617819487892,-0.20323127177644018,1.1315738165853146,1.082037419193665,-0.38853220673972166,0.0,0.02840710887893376,,
98.2,4.932759782588033,1.1970497567651182,8.524829757110858,0.0077917567005282755,-0.002230645620847149,0.03460754316905928,39.81385434606994,-2.090397760971089,-6.516235371809194,-1177.0756561777685,-0.20323127177644018,1.1309964952988187,1.082635634778992,-0.38517022796780276,0.0,0.02840710887893376,,
98.30000000000001,4.745872461978715,1.0025284405007295,8.775826224902861,0.015847619938475683,0.006355863313155256,0.021440318613485068,39.79353121889229,-2.0875570500831957,-8.476884042808562,-1180.5373109477305,-0.20323127177644018,1.1304191740123228,1.083223485259278,-0.38180798811092775,0.0,0.02840710887893376,,
98.4,4.895247956741855,1.3098746847274725,8.721433733422757,0.02006074038109667,0.008861914256840053,0.018029109235051667,39.77320809171464,-2.0847163391953023,-10.426694695434707,-1184.0027501730597,-0.20323127177644018,1.1298418527258272,1.0838009739851262,-0.37844551891611955,0.0,0.02840710887893376,,
98.5,4.5814422575977245,1.2022335259765424,8.568441485032332,0.025151826823170666,-0.0023551794460838645,0.029156450790584567,39.752884964536996,-2.081875628307409,-12.365661658386351,-1187.4719402270612,-0.20323127177644018,1.1292645314393313,1.0843681044038322,-0.3750828521092392,0.0,0.02840710887893376,,
98.60000000000001,4.604382389449066,1.2320247289133452,8.661397785098586,0.00042383549087236794,0.007833624828156239,0.03242405490802161,39.73256183735935,-2.0790349174195155,-14.293779363909936,-1190.9448474813819,-0.20323127177644018,1.1286872101528354,1.0849248800592919,-0.3717200193946934,0.0,0.02840710887893376,,
98.7,5.092813175452311,1.4198923042097944,8.651549718443814,0.03226082330080163,0.0004035771836099961,0.04730220315530838,39.7122387101817,-2.076194206531622,-16.211042347763208,-1194.4214383063259,-0.20323127177644018,1.1281098888663394,1.0854713045919058,-0.3683570524551414,0.0,0.02840710887893376,,
98.80000000000001,4.322113658519236,1.2217181280893512,8.574640738191325,0.004127475273502051,-0.011165518413252947,0.02334590638749805,39.691915583004054,-2.0733534956437287,-18.117445249177855,-1197.9016790711714,-0.20323127177644018,1.1275325675798438,1.0860073817384859,-0.36499398295120283,0.0,0.02840710887893376,,
98.9,4.617664155659234,1.0161703099784531,8.716683873742534,0.02003685953750728,0.0008077600265628744,0.028304745097835482,39.671592455826406,-2.0705127847558353,-20.012982810821175,-1201.3855361444882,-0.20323127177644018,1.1269552462933479,1.0865331153321567,-0.3616308425211651,0.0,0.02840710887893376,,
99.0,4.661928235103152,1.3472167150839325,8.615199382511332,0.011377899379807621,0.033773468929132654,0.028059079805038675,39.65126932864876,-2.067672073867942,-21.89764987875678,-1204.8729758944526,-0.20323127177644018,1.126377925006852,1.0870485093022622,-0.3582676627806929,0.0,0.02840710887893376,-22.260160706620944,-1203.4745931132336
99.10000000000001,4.656720318590314,1.1535698164257289,8.554083717537168,0.02489455006221794,-0.003914941871620547,0.045620037317699286,39.63094620147111,-2.0648313629800485,-23.771441402404346,-1208.3639646891631,-0.20323127177644018,1.125800603720356,1.0875535676742654,-0.35490447532253583,0.0,0.02840710887893376,,
99.2,4.858501657078959,0.9445872615640818,8.57409341265845,0.010051816531971278,-0.00697044316107068,0.006351777406780373,39.610623074293464,-2.061990652092155,-25.634352434498396,-1211.8584688969581,-0.20323127177644018,1.1252232824338604,1.0880482945696512,-0.3515413117162385,0.0,0.02840710887893376,,
99.30000000000001,4.570442134370103,1.0824426487248124,8.6188233723319,0.015082411710133182,0.0001352188675784756,0.026108593824817772,39.59029994711582,-2.0591499412042618,-27.48637813104612,-1215.356454886729,-0.20323127177644018,1.1246459611473645,1.0885326942058264,-0.348178203507849,0.0,0.02840710887893376,,
99.4,5.029441210323806,1.0607694124038012,8.583431407847812,0.016088084419289172,0.0075612157989847955,0.04672923836515806,39.56997681993817,-2.0563092303163684,-29.32751375128425,-1218.8578890282363,-0.20323127177644018,1.1240686398608686,1.0890067708960196,-0.3448151822196299,0.0,0.02840710887893376,,
99.5,4.877445529459079,1.052709862472601,8.52643619797223,0.024347364894730154,-0.014365024768916308,0.008833732197178402,39.54965369276052,-2.053468519428475,-31.15775465763497,-1222.3627376924253,-0.20323127177644018,1.1234913185743727,1.08947052904918,-0.3414522793497676,0.0,0.02840710887893376,,
99.60000000000001,4.764721323156555,1.2328394389844868,8.600849998349796,0.037245488055604896,-0.0013889191240892076,0.02007810747417378,39.529330565582875,-2.0506278085405816,-32.977096315660866,-1225.87096725174,-0.20323127177644018,1.122913997287877,1.0899239731698755,-0.3380895263720833,0.0,0.02840710887893376,,
99.7,4.95150295125535,1.2924364503744863,8.814054472313972,0.029827311108859764,-0.004237701942356808,0.03256667638981092,39.50900743840523,-2.047787097652688,-34.78553429401893,-1229.3825440804378,-0.20323127177644018,1.122336676001381,1.09036710785819,-0.3347269547357441,0.0,0.02840710887893376,,
99.80000000000001,4.84089924758429,1.1636029748115773,8.462121543897915,-0.007856192653483028,-0.0017073578366619117,0.029110208732364223,39.48868431122758,-2.044946386764795,-36.5830642644136,-1232.897434554904,-0.20323127177644018,1.1217593547148852,1.0907999378096183,-0.3313645958649743,0.0,0.02840710887893376,,
99.9,4.893871562981119,1.1163995286214463,8.58667271447653,0.017949392013224822,-0.010343045195681466,0.03203389389383305,39.46836118404993,-2.0421056758769014,-38.36968200154885,-1236.415605053965,-0.20323127177644018,1.1211820334283893,1.0912224678149638,-0.32800248115876735,0.0,0.02840710887893376,,
100.0,5.0164542247396735,1.4611820446570207,8.350745548880626,0.03187405955341273,-0.006010211313245529,0.028200890099772884,39.448038056872285,-2.039264964989008,-40.14538338307935,-1239.9370219592033,-0.20323127177644018,1.1206047121418936,1.091634702760231,-0.32464064199059806,0.0,0.02840710887893376,-40.4505946648588,-1231.2753946737512
100.10000000000001,4.757144018401255,1.0784873023442416,8.346759310166028,-0.00020165143258982395,-0.011853494337516897,0.031099267395534876,39.42771492969464,-2.0364242541011146,-41.910164389560606,-1243.46165165527,-0.20323127177644018,1.1200273908553977,1.0920366476265198,-0.32127910970813434,0.0,0.02840710887893376,,
100.2,4.478662663122186,0.9570309621659125,8.536475070076197,0.023868635646272618,0.005516796857372417,0.03826021359574445,39.40739180251699,-2.033583543213221,-43.66402110439827,-1246.9894605301981,-0.20323127177644018,1.1194500695689018,1.0924283074899184,-0.317917915632952,0.0,0.02840710887893376,,
100.30000000000001,4.580484743626991,0.8597784098028805,8.493762562503184,0.004053344773757269,0.003034140875076533,0.02593430299255861,39.38706867533934,-2.030742832325328,-45.40694971379638,-1250.5204149757158,-0.20323127177644018,1.118872748282406,1.092809687521395,-0.3145570910602463,0.0,0.02840710887893376,,
100.4,4.933983683333996,1.4343232274389166,8.496489475903042,0.03366441151172401,-0.005406705867488341,0.03558248167320041,39.366745548161695,-2.0279021214374344,-47.1389465067047,-1254.0544813875592,-0.20323127177644018,1.1182954269959102,1.0931807929866895,-0.3111966672585469,0.0,0.02840710887893376,,
100.5,4.728926382126947,0.9606384823147806,8.659409774762816,-0.006324590788867117,0.0010053660632928937,0.03507955968052745,39.34642242098405,-2.025061410549541,-48.86000787476514,-1257.5916261657844,-0.20323127177644018,1.1177181057094143,1.0935416292462024,-0.3078366754694313,0.0,0.02840710887893376,,
100.60000000000001,4.619819074823916,1.1831909520914072,8.618048929325573,0.020820238639396065,0.008338117781339856,0.03223588166606054,39.3260992938064,-2.0222206996616476,-50.570130312257206,-1261.1318157150795,-0.20323127177644018,1.1171407844229184,1.0938922017548849,-0.3044771469072401,0.0,0.02840710887893376,,
100.7,4.717585867150976,1.1869406319160944,8.486491509156021,0.017345950670830407,0.0017193435740562027,0.01991283682976875,39.30577616662875,-2.0193799887737542,-52.26931041604249,-1264.675016445077,-0.20323127177644018,1.1165634631364225,1.0942325160621276,-0.3011181127587918,0.0,0.02840710887893376,,
100.80000000000001,4.593778923926881,1.1334146854311353,8.702608194275935,0.03731885637058764,-0.017503583370963003,0.04188789493531297,39.285453039451106,-2.016539277885861,-53.95754488550823,-1268.2211947706658,-0.20323127177644018,1.1159861418499268,1.0945625778116475,-0.297759604183098,0.0,0.02840710887893376,,
100.9,5.313011980144832,1.0476004602298652,8.66720792102181,0.015264148442744522,0.004529467808847656,0.026537863998981448,39.26512991227346,-2.0136985669979675,-55.63483052250996,-1271.7703171123005,-0.20323127177644018,1.115408820563431,1.0948823927413753,-0.29440165231107956,0.0,0.02840710887893376,,
101.0,4.807940116852311,1.387243599126079,8.62825090305657,0.01631977262157623,0.006487258581880467,0.034948490155764136,39.24480678509581,-2.010857856110074,-57.30116423131315,-1275.3223498963148,-0.20323127177644018,1.114831499276935,1.0951919666833412,-0.2910442882452827,0.0,0.02840710887893376,-64.10244539986779,-1270.0198806807873
101.10000000000001,5.056788910019322,1.1153009067549269,8.73756770679916,0.018191311918971803,-0.0018685888409414259,0.035227378875467945,39.224483657918164,-2.0080171452221807,-58.956543018533985,-1278.8772595552311,-0.20323127177644018,1.1142541779904391,1.0954913055635593,-0.28768754305959565,0.0,0.02840710887893376,,
101.2,4.58673107766097,1.096101702687767,8.571873392210508,0.009431878749871198,0.012851375241557574,0.021309401624600106,39.204160530740516,-2.0051764343342873,-60.600963993079134,-1282.435012528071,-0.20323127177644018,1.1136768567039435,1.0957804154019128,-0.28433144779896624,0.0,0.02840710887893376,,
101.30000000000001,4.689371412488512,0.9415875341902897,8.648663755142742,0.025730071214313362,-0.007273190046583318,0.021572796910006936,39.18383740356287,-2.002335723446394,-62.234424366084625,-1285.9955752606652,-0.20323127177644018,1.1130995354174475,1.0960593023120366,-0.2809760334791185,0.0,0.02840710887893376,,
101.4,4.971780270678786,1.1264551931912752,8.861753267473643,0.010178391852547646,0.0066366204148605315,0.035894121236140566,39.16351427638522,-1.9994950125585005,-63.856921450853775,-1289.5589142059641,-0.20323127177644018,1.1125222141309516,1.0963279725011996,-0.27762133108627157,0.0,0.02840710887893376,,
101.5,4.857788798572946,0.9747946561726459,8.626561271774758,0.00293642058565371,-0.0037636236845589905,0.019164628253296755,39.143191149207574,-1.996654301670607,-65.46845266279419,-1293.1249958243468,-0.20323127177644018,1.1119448928444557,1.096586432270188,-0.27426737157685777,0.0,0.02840710887893376,,
101.60000000000001,5.0440311499169,1.0502693916602373,8.602250136796457,0.004384108174270452,0.0029763198800792697,0.027367824380691626,39.12286802202993,-1.9938135907827137,-67.06901551935381,-1296.6937865839307,-0.20323127177644018,1.11136757155796,1.0968346880131838,-0.27091418587724125,0.0,0.02840710887893376,,
101.7,4.656349255439737,0.9784658718426327,8.55488421166533,-0.007945327814876264,-0.012581930312587024,0.01827792409645936,39.10254489485228,-1.9909728798948203,-68.65860763995605,-1300.2652529608797,-0.20323127177644018,1.1107902502714642,1.0970727462176466,-0.26756180488343745,0.0,0.02840710887893376,,
101.80000000000001,4.9195173866278905,1.1836092822461775,8.412549578333618,-0.0028895918886970625,0.0030076420929213317,0.030222665997557213,39.08222176767463,-1.988132169006927,-70.23722674593394,-1303.8393614397144,-0.20323127177644018,1.1102129289849683,1.0973006134641916,-0.2642102594608329,0.0,0.02840710887893376,,
101.9,4.746922397724564,1.14571432700769,8.54322120244809,0.008936073726794863,-0.003978026282132522,0.033771560772156754,39.061898640496985,-1.9852914581190335,-71.80487066046345,-1307.4160785136185,-0.20323127177644018,1.1096356076984724,1.0975182964264683,-0.2608595804439051,0.0,0.02840710887893376,,
102.0,4.80084925568806,1.1461457181834156,8.157066772057929,0.004039079753940392,-0.0009445051627884138,0.039983465532248644,39.04157551331934,-1.9824507472311401,-73.36153730849584,-1310.9953706847484,-0.20323127177644018,1.1090582864119767,1.097725801871039,-0.25750979863594364,0.0,0.02840710887893376,-70.73673154052358,-1307.959379464822
102.10000000000001,4.552992047782657,1.1786403854268468,8.31701753894562,0.013160025036708293,0.02187037840940869,0.029386297174228717,39.02125238614169,-1.9796100363432467,-74.90722471668899,-1314.5772044645405,-0.20323127177644018,1.1084809651254808,1.0979231366572524,-0.2541609448087704,0.0,0.02840710887893376,,
102.2,4.627765768483001,1.1677144874727343,8.685781797472833,0.02259063854317032,0.0011069861347421878,0.02833452316786322,39.00092925896404,-1.9767693254553533,-76.44193101333794,-1318.161546374018,-0.20323127177644018,1.1079036438389849,1.0981103077371233,-0.25081304970246193,0.0,0.02840710887893376,,
102.30000000000001,5.007394732420842,1.0252422425664633,8.36359044927106,-0.007808396844030814,0.001235378565571123,0.01963886105554876,38.980606131786395,-1.97392861456746,-77.96565442830439,-1321.7483629440983,-0.20323127177644018,1.107326322552489,1.098287322155205,-0.24746614402507086,0.0,0.02840710887893376,,
102.4,4.48317382809121,1.1871291932714525,8.425787368096511,0.021690880396831654,-0.0072252143357029045,0.039220884295059176,38.96028300460875,-1.9710879036795665,-79.47839329294544,-1325.3376207159001,-0.20323127177644018,1.1067490012659933,1.0984541870484639,-0.2441202584523488,0.0,0.02840710887893376,,
102.5,5.0318523207666175,1.3020182492150774,8.805597873216083,0.024385469926625915,0.009947480939292869,0.031534809696117806,38.9399598774311,-1.9682471927916732,-80.98014604004115,-1328.9292862410498,-0.20323127177644018,1.1061716799794974,1.0986109096461523,-0.24077542362746823,0.0,0.02840710887893376,,
102.60000000000001,4.813993367536097,1.079755623066104,8.583217491886698,-0.0009452857926008449,0.010716945961744684,0.031500646538197195,38.91963675025345,-1.9654064819037798,-82.47091120372143,-1332.5233260819873,-0.20323127177644018,1.1055943586930015,1.0987574972696827,-0.23743167016074715,0.0,0.02840710887893376,,
102.7,4.439274592366767,1.0721296152872266,8.65584888741701,0.009137333765117845,-0.0025603735913601613,0.03658244798976802,38.899313623075805,-1.9625657710158864,-83.95068741939184,-1336.1197068122717,-0.20323127177644018,1.1050170374065056,1.0988939573324976,-0.23408902862937178,0.0,0.02840710887893376,,
102.80000000000001,4.805503863230502,1.0330885151279139,8.601204162019963,0.023084287242868783,0.00598910030855601,0.04789746644084619,38.87899049589816,-1.959725060127993,-85.41947342365863,-1339.7183950168871,-0.20323127177644018,1.10443971612001,1.0990202973399412,-0.23074752957712136,0.0,0.02840710887893376,,
102.9,4.943557792789345,1.4776543739022658,8.576543189005273,0.009798002519393178,-0.0021835712045425,0.02622417379056013,38.85866736872051,-1.9568843492400996,-86.87726805425268,-1343.3193572925475,-0.20323127177644018,1.103862394833514,1.0991365248891287,-0.2274072035140926,0.0,0.02840710887893376,,
103.0,4.71358846510674,1.0738737132124292,8.702749556149332,0.012582982346780507,0.0032010966297187993,0.03495733039030217,38.83834424154286,-1.9540436383522062,-88.32407024995263,-1346.9225602480014,-0.20323127177644018,1.103285073547018,1.099242647668816,-0.2240680809164251,0.0,0.02840710887893376,-87.66417661205702,-1343.539437813588
103.10000000000001,4.369886559003777,1.3078282693367171,8.598202789021617,0.00883045435343522,0.010382306133284261,0.03088244258085445,38.818021114365216,-1.9512029274643128,-89.7598790505071,-1350.5279705043367,-0.20323127177644018,1.1027077522605222,1.099338673459268,-0.220730192226027,0.0,0.02840710887893376,,
103.2,4.991085133205999,1.1292200990119534,8.254342970639177,0.011315388401644717,0.01441203594875836,0.02427260959640265,38.79769798718757,-1.9483622165764194,-91.18469359655595,-1354.1355546952843,-0.20323127177644018,1.1021304309740265,1.099424610132127,-0.21739356785030076,0.0,0.02840710887893376,,
103.30000000000001,4.679867661070024,1.2901889750304765,8.778378426815793,0.02491788204509409,-0.019905894141679006,0.025226747000592836,38.77737486000992,-1.945521505688526,-92.59851312955067,-1357.745279467522,-0.20323127177644018,1.1015531096875306,1.0995004656502763,-0.21405823816186992,0.0,0.02840710887893376,,
103.4,4.473743688938617,1.2005009362818426,8.675026133094496,0.012791489557042483,0.003983260468487841,0.03740026395638457,38.757051732832274,-1.9426807948006326,-94.00133699167384,-1361.357111480978,-0.20323127177644018,1.1009757884010347,1.09956624806771,-0.21072423349830668,0.0,0.02840710887893376,,
103.5,4.86968305664593,1.1412624761322987,8.787310387931358,0.005580929205830034,-0.007584877651957159,0.02365507308078192,38.736728605654626,-1.9398400839127392,-95.39316462575768,-1364.9710174091333,-0.20323127177644018,1.1003984671145388,1.0996219655293953,-0.2073915841618587,0.0,0.02840710887893376,,
103.60000000000001,4.750486208747962,0.9739184398998608,8.567638116645433,-0.0020115759174420145,0.003801145195706153,0.04100079507799456,38.71640547847698,-1.9369993730248458,-96.77399557520165,-1368.5869639393254,-0.20323127177644018,1.0998211458280431,1.0996676262711391,-0.2040603204191778,0.0,0.02840710887893376,,
103.7,4.739697277608253,1.179195802188652,8.291107289843467,0.018743834613945184,-0.019229936605411817,0.023421819555317296,38.69608235129933,-1.9341586621369524,-98.14382948388926,-1372.2049177730503,-0.20323127177644018,1.0992438245415472,1.0997032386194483,-0.20073047250104786,0.0,0.02840710887893376,,
103.80000000000001,5.02992642936474,1.1942538948175834,8.793911754752084,0.020458438224242217,9.264701671716783e-05,0.05075609688638976,38.675759224121684,-1.931317951249059,-99.50266609610385,-1375.8248456262634,-0.20323127177644018,1.0986665032550513,1.0997288109913956,-0.19740207060211437,0.0,0.02840710887893376,,
103.9,4.734564061883092,1.062962976385301,8.4995115105718,0.007916026979156608,0.0008465520742759697,0.03288977142840354,38.65543609694404,-1.9284772403611656,-100.85050525644351,-1379.4467142296828,-0.20323127177644018,1.0980891819685554,1.0997443518944796,-0.19407514488061392,0.0,0.02840710887893376,,
104.0,4.7233633231073355,1.1216800227952775,8.672790222403552,0.0017293821267695998,-0.003551951368557682,0.026299982319465478,38.63511296976639,-1.9256365294732722,-102.18734690973511,-1383.0704903290891,-0.20323127177644018,1.0975118606820597,1.0997498699264867,-0.19074972545810384,0.0,0.02840710887893376,-99.53199821363752,-1380.2011305718545
104.10000000000001,4.612582145589488,1.2707212866930824,8.600538504345646,0.009317002661506542,0.0013771512088586275,0.04021524663923137,38.61478984258874,-1.9227958185853788,-103.51319110094745,-1386.6961406856267,-0.20323127177644018,1.0969345393955638,1.0997453737753493,-0.187425842419193,0.0,0.02840710887893376,,
104.2,4.86477021952962,1.1623874968265824,8.583467157734924,0.017273110904640218,-0.010496673533086965,0.032210390746984334,38.594466715411095,-1.9199551076974855,-104.82803797510344,-1390.3236320761046,-0.20323127177644018,1.096357218109068,1.0997308722190087,-0.18410352581127268,0.0,0.02840710887893376,,
104.30000000000001,4.930831766731668,1.2574959897900113,8.611268251479485,-0.000686010820283486,0.012820091341066205,0.018758799328362892,38.57414358823345,-1.917114396809592,-106.13188777719145,-1393.952931293296,-0.20323127177644018,1.095779896822572,1.0997063741252708,-0.18078280564424828,0.0,0.02840710887893376,,
104.4,4.722433811920559,0.9912660242106205,8.605810831532915,0.005913353138126926,-0.0006751104785631461,0.02704442579270294,38.5538204610558,-1.9142736859216987,-107.42474085207571,-1397.5840051462385,-0.20323127177644018,1.0952025755360764,1.099671888451665,-0.1774637118902712,0.0,0.02840710887893376,,
104.5,4.868887156323153,1.2202594443029848,8.546589628291198,0.011855117507006078,-0.011675105354317157,0.03947720628699706,38.53349733387815,-1.9114329750338053,-108.70659764440587,-1401.2168204605332,-0.20323127177644018,1.0946252542495805,1.0996274242453012,-0.17414627448347092,0.0,0.02840710887893376,,
104.60000000000001,5.023664951161479,1.0035447158317516,8.458984468127284,0.028609888902735532,-0.0029852789911239725,0.03235910236861192,38.513174206700505,-1.9085922641459119,-109.97745869852561,-1404.8513440786433,-0.20323127177644018,1.0940479329630846,1.099572990642726,-0.17083052331968898,0.0,0.02840710887893376,,
104.7,4.79166441992459,0.8754605331734535,8.426531981533739,0.002692348376525348,0.015984327228698924,0.02927753584931071,38.49285107952286,-1.9057515532580185,-111.23732465838037,-1408.4875428601933,-0.20323127177644018,1.0934706116765887,1.0995085968697784,-0.1675164882562117,0.0,0.02840710887893376,,
104.80000000000001,4.844084583563254,1.0072896161379494,8.531653130410438,0.02740604770010169,-0.009941007162600109,0.035498324147226146,38.47252795234521,-1.902910842370125,-112.48619626742423,-1412.1253836822673,-0.20323127177644018,1.092893290390093,1.0994342522414438,-0.1642041991115046,0.0,0.02840710887893376,,
104.9,4.6066987994722535,1.2792127035510257,8.538259456276355,0.021658569380181326,0.00762004592301902,0.03180149287704777,38.45220482516756,-1.9000701314822317,-113.72407436852588,-1415.7648334397056,-0.20323127177644018,1.092315969103597,1.0993499661617083,-0.16089368566494658,0.0,0.02840710887893376,,
105.0,6.472567632276314,0.7090431768925698,7.872127124918618,0.015111529409942584,-0.0023607972920426383,0.023119010046249954,38.431881697989915,-1.8972294205943383,-114.95586947541204,-1419.4137866237827,1.6134237900892998,0.6700989295071091,0.11734144044319272,-1.743100653464226,0.0,0.017436016658589917,-113.98964503156986,-1417.7475088647302
105.10000000000001,6.3167900413194475,0.7491469764232649,7.654704166791948,0.01118947486085875,0.005142685097023175,0.03214698830985219,38.593224076998844,-1.8954858189284793,-116.18643411747226,-1423.0801777285099,1.6134237900892998,0.6729120979152453,0.1230467136154928,-1.7437908487588882,0.0,0.017436016658589917,,
105.2,6.142042039546201,0.5641458822512251,7.6551209867877645,0.007661371828805261,-0.002780490925121962,0.009066839271863516,38.75456645600777,-1.8937422172626204,-117.41571121439206,-1426.7640135098577,1.6134237900892998,0.6757252663233816,0.12875474226743888,-1.7444664451681413,0.0,0.017436016658589917,,
105.30000000000001,6.502126918758034,0.6934677497927209,7.650332802366659,-0.006724836082805115,-0.014043853965066225,0.007674883251936002,38.9159088350167,-1.8919986155967614,-118.64364365863784,-1430.4653005777325,1.6134237900892998,0.6785384347315178,0.13446549282989362,-1.7451274351955026,0.0,0.017436016658589917,,
105.4,6.32830600303714,0.839840130011916,7.584843541013746,0.012511638397999547,0.0038412968260974475,0.03693712572221178,39.07725121402563,-1.8902550139309025,-119.87017431579272,-1434.1840453959026,1.6134237900892998,0.6813516031396539,0.14017893171597973,-1.745773811417179,0.0,0.017436016658589917,,
105.5,6.376979018313325,0.8528379853542252,7.66980798702434,0.01224469978898714,0.00820783545453092,0.012638241629798475,39.23859359303456,-1.8885114122650435,-121.09524602489265,-1437.920254281925,1.6134237900892998,0.6841647715477902,0.14589502532123078,-1.7464055664821039,0.0,0.017436016658589917,,
105.60000000000001,6.082453355508084,0.6548054902542154,7.585925751428078,-0.024145539064544794,-0.010526073153603252,0.02398374837016878,39.39993597204349,-1.8867678105991845,-122.31880159876256,-1441.673933407072,1.6134237900892998,0.6869779399559264,0.15161374002374362,-1.747022693111976,0.0,0.017436016658589917,,
105.7,6.18442877913616,0.6760404237117854,7.811735104226678,-0.0010659552216122688,0.012340295094821756,0.041185644757801274,39.561278351052415,-1.8850242089333256,-123.54078382435284,-1445.4450887962591,1.6134237900892998,0.6897911083640625,0.15733504218433003,-1.7476251841012986,0.0,0.017436016658589917,,
105.80000000000001,6.446857312352095,0.795021448766413,7.510864858542415,0.009531970897171683,0.015072138304631449,0.0280855680805477,39.722620730061344,-1.8832806072674666,-124.76113546307579,-1449.2337263279749,1.6134237900892998,0.6926042767721988,0.16305889814666708,-1.7482130323174163,0.0,0.017436016658589917,,
105.9,6.178630517003071,0.553348690867633,7.751881487022109,0.010493540537620872,-0.00020268828633158674,-0.0130007885498146,39.88396310907027,-1.8815370056016076,-125.97979925114244,-1453.0398517342087,1.6134237900892998,0.695417445180335,0.16878527423745066,-1.7487862307005546,0.0,0.017436016658589917,,
106.0,6.229353929533348,0.6229551537898427,7.4596527880017,0.014508018196103138,-0.010341300862870374,0.021543658637549597,40.0453054880792,-1.8797934039357487,-127.1967178998994,-1456.863470600382,1.6134237900892998,0.6982306135884712,0.1745141367665461,-1.7493447722638555,0.0,0.017436016658589917,-124.55850297269548,-1462.9879928052712
106.10000000000001,6.259484260134138,0.9029212258955331,7.736498291220293,-0.007998758890214877,-0.008388159701948719,0.025341002124451045,40.20664786708813,-1.8780498022698897,-128.411834096166,-1460.704588365279,1.6134237900892998,0.7010437819966074,0.18024545202714048,-1.7498886500934165,0.0,0.017436016658589917,,
106.2,6.692395716691781,0.7759776340822436,7.856653977856855,0.00530938068749926,-0.006493348351368852,0.0166357101595824,40.36799024609706,-1.8763062006040307,-129.6250905025714,-1464.5632103209778,1.6134237900892998,0.7038569504047436,0.18597918629589438,-1.7504178573483258,0.0,0.017436016658589917,,
106.30000000000001,6.522873921737927,0.6695213568958195,7.774554282618703,0.0029442936171274695,-0.0014734689199650533,0.02116262279058258,40.52933262510599,-1.8745625989381718,-130.83642975789215,-1468.439341612783,1.6134237900892998,0.7066701188128798,0.19171530583309482,-1.7509323872606999,0.0,0.017436016658589917,,
106.4,6.389143611879023,0.6600119960207402,7.671667443554465,0.009472806189565528,-0.008362386888189183,0.02709703726385003,40.690675004114915,-1.8728189972723128,-132.0457944773896,-1472.3329872391591,1.6134237900892998,0.7094832872210161,0.19745377688280624,-1.75143223313572,0.0,0.017436016658589917,,
106.5,6.458475853026205,0.7389341652248674,7.908655263053615,0.011553020734368447,0.008368957398552639,0.022368877333896628,40.852017383123844,-1.8710753956064539,-133.25312725314768,-1476.2441520516638,1.6134237900892998,0.7122964556291522,0.20319456567302335,-1.751917388351667,0.0,0.017436016658589917,,
106.60000000000001,6.494004360516427,0.681032835476791,7.815843965384091,0.03156509489250613,-0.0005892132360115346,0.013880367730655437,41.01335976213277,-1.869331793940595,-134.45837065441083,-1480.1728407548824,1.6134237900892998,0.7151096240372884,0.20893763841582352,-1.7523878463599578,0.0,0.017436016658589917,,
106.7,6.2390411886987485,0.3627371046775833,7.683680538288912,0.0057076283425420635,0.0032951574530271505,0.008383956063047848,41.1747021411417,-1.867588192274736,-135.66146722792192,-1484.1190579063637,1.6134237900892998,0.7179227924454247,0.21468296130751913,-1.7528436006851813,0.0,0.017436016658589917,,
106.80000000000001,6.369879977251767,1.1225956799612342,7.835372063706707,0.02518530157722987,-0.01954624299053339,0.01968204256552834,41.33604452015063,-1.865844590608877,-136.86235949826056,-1488.082807916555,1.6134237900892998,0.7207359608535608,0.2204305005288093,-1.7532846449251318,0.0,0.017436016658589917,,
106.9,6.076632576423391,0.7469546151205302,7.606141524586409,0.010563001811706805,-0.015287828729405158,0.013242727151674221,41.49738689915956,-1.864100988943018,-138.06098996818142,-1492.0640950487405,1.6134237900892998,0.723549129261697,0.22618022224493345,-1.7537109727508446,0.0,0.017436016658589917,,
107.0,6.4817840487792715,0.6058188131047691,7.497589362219732,0.004209589899209069,0.0015692294404721554,0.005926903333285076,41.65872927816849,-1.862357387277159,-139.25730111895265,-1496.0629234189762,1.6134237900892998,0.7263622976698333,0.23193209260582381,-1.7541225779066307,0.0,0.017436016658589917,-142.21477277913016,-1491.5651932293404
107.10000000000001,6.505592554891796,0.7846770501085426,7.518379733479951,0.004390021141089633,-0.00101460556256749,0.017722599766045583,41.820071657177415,-1.8606137856113,-140.4512354106946,-1500.0792969960307,1.6134237900892998,0.7291754660779695,0.23768607774625689,-1.7545194542101108,0.0,0.017436016658589917,,
107.2,6.449174383852037,0.7509173569548216,7.702738400059518,0.01552690818819179,0.012173068199364962,0.011424013954996091,41.981414036186344,-1.8588701839454411,-141.6427352827187,-1504.1132196013223,1.6134237900892998,0.7319886344861056,0.24344214378600781,-1.7549015955522485,0.0,0.017436016658589917,,
107.30000000000001,6.256249347397404,0.3923539797817512,7.622097775995552,0.014508213067770585,0.007108098010389851,0.01621482627036579,42.14275641519527,-1.8571265822795822,-142.83174315386617,-1508.1646949088595,1.6134237900892998,0.7348018028942419,0.2492002568300022,-1.755268995897384,0.0,0.017436016658589917,,
107.4,6.468289602204211,0.9447778844992778,7.641372677362439,0.01638256557978257,-0.0043532823967443865,0.017788218170939236,42.3040987942042,-1.8553829806137232,-144.01820142284743,-1512.2337264451812,1.6134237900892998,0.7376149713023781,0.25496038296846907,-1.7556216492832677,0.0,0.017436016658589917,,
107.5,6.188977776467467,0.700323879031232,7.714859965490467,-0.01243681679263872,-0.0043506282149709825,0.013714227270857885,42.46544117321313,-1.8536393789478642,-145.2020524685811,-1516.3203175892977,1.6134237900892998,0.7404281397105142,0.26072248827709427,-1.7559595498210925,0.0,0.017436016658589917,,
107.60000000000001,6.424661558696322,0.9140899207241802,7.681906596557644,0.010646473790067203,0.015087642498332445,0.024490340750406223,42.62678355222206,-1.8518957772820053,-146.38323865053343,-1520.4244715726325,1.6134237900892998,0.7432413081186505,0.26648653881717316,-1.7562826916955274,0.0,0.017436016658589917,,
107.7,6.404869210096103,1.0328026268996673,7.502801763663931,0.00819579173506473,0.010415939150602405,0.035630960460626984,42.78812593123099,-1.8501521756161463,-147.561702309058,-1524.5461914789648,1.6134237900892998,0.7460544765267867,0.2722525006357638,-1.7565910691647482,0.0,0.017436016658589917,,
107.80000000000001,6.375454503120033,0.730385958698853,7.759519052714384,-0.0017223637290737191,0.0030963441555015964,0.005724447900725018,42.949468310239915,-1.8484085739502873,-148.73738576573518,-1528.6854802443736,1.6134237900892998,0.7488676449349229,0.2780203397658401,-1.7568846765604695,0.0,0.017436016658589917,,
107.9,6.283401039584646,0.4761229317248912,7.812421966161333,-0.0024947815178650527,-0.002089884063293317,0.029977888868374145,43.110810689248844,-1.8466649722844284,-149.91023132371203,-1532.8423406571806,1.6134237900892998,0.7516808133430591,0.2837900222264452,-1.7571635082879788,0.0,0.017436016658589917,,
108.0,6.397408368545939,0.8019766918098696,7.552972970592746,0.0012458746346938046,0.013366643906181492,0.014608372902972382,43.27215306825777,-1.8449213706185694,-151.08018126804228,-1537.0167753578958,1.6134237900892998,0.7544939817511953,0.28956151402284425,-1.7574275588261647,0.0,0.017436016658589917,-147.26310077104407,-1538.341818787181
108.10000000000001,6.32978197353605,0.7729323881909437,7.369914310446812,0.0060383255108558305,-0.004979997284608301,0.02529667941850512,43.4334954472667,-1.8431777689527105,-152.24717786602633,-1541.2087868391627,1.6134237900892998,0.7573071501593315,0.29533478114667877,-1.7576768227275492,0.0,0.017436016658589917,,
108.2,6.151020372656294,0.701000299991876,7.768068331555124,0.004668604668443037,-0.012230853478689262,0.004691100830904866,43.59483782627563,-1.8414341672868515,-153.41116336755152,-1545.418377445705,1.6134237900892998,0.7601203185674678,0.30110978957611917,-1.757911294618319,0.0,0.017436016658589917,,
108.30000000000001,6.351029249338854,0.7329794284251341,7.66671123208861,0.009630976018008202,-0.014979068027982758,0.019487895254779123,43.75618020528456,-1.8396905656209925,-154.5720800054325,-1549.6455493742722,1.6134237900892998,0.7629334869756039,0.3068865052760187,-1.7581309691983549,0.0,0.017436016658589917,,
108.4,6.21992275219761,0.910967290936585,7.789826837387464,-0.00012991032820077082,0.0012996187701819883,0.00856067781944554,43.917522584293486,-1.8379469639551336,-155.72986999575164,-1553.8903046735895,1.6134237900892998,0.7657466553837401,0.31266489419806653,-1.7583358412412622,0.0,0.017436016658589917,,
108.5,6.302960214344793,0.8248441477155931,7.674292338755372,0.022174266029357875,-0.017105570501200918,0.023253065668069336,44.078864963302415,-1.8362033622892746,-156.88447553819975,-1558.1526452443047,1.6134237900892998,0.7685598237918764,0.3184449222809425,-1.7585259055944003,0.0,0.017436016658589917,,
108.60000000000001,6.378502411841396,0.7103686585414422,7.745716264098052,0.023187720485743784,0.011909309860234505,0.024903488628040368,44.24020734231134,-1.8344597606234156,-158.03583881641674,-1562.4325728389376,1.6134237900892998,0.7713729922000125,0.3242265554504691,-1.7587011571789124,0.0,0.017436016658589917,,
108.7,6.425973971512678,0.899068229437999,7.619063629799016,0.020639946892731985,0.004136613227280206,0.03555421799267222,44.40154972132027,-1.8327161589575567,-159.1839019983325,-1566.7300890618308,1.6134237900892998,0.7741861606081488,0.3300097596197673,-1.7588615909897547,0.0,0.017436016658589917,,
108.80000000000001,6.33908545092435,0.9169133506947409,7.818730135217626,0.005664901983225288,-0.0046298713161568444,0.013168603479355612,44.5628921003292,-1.8309725572916977,-160.32860723650788,-1571.045195369099,1.6134237900892998,0.776999329016285,0.3357945006894082,-1.7590072020957246,0.0,0.017436016658589917,,
108.9,6.471140438153137,1.0419257960773578,7.563846482888244,0.0104465582257757,-0.00022058514273535755,0.027624077612948838,44.72423447933813,-1.8292289556258388,-161.46989666847588,-1575.377893068582,1.6134237900892998,0.7798124974244212,0.34158074454756887,-1.7591379856394898,0.0,0.017436016658589917,,
109.0,6.286884820293062,0.8505706942592208,7.5158074211981845,-0.008688777298021132,-0.010937314222720497,0.005843462115415135,44.88557685834706,-1.8274853539599798,-162.6077124170829,-1579.7281833197956,1.6134237900892998,0.7826256658325574,0.34736845707018493,-1.759253936837617,0.0,0.017436016658589917,-161.84045282296628,-1578.246446639714
109.10000000000001,6.258778114183418,0.9735382179212234,7.688657418326178,-0.009021761701279751,-0.001333714263308659,0.026132987885671633,45.046919237355986,-1.8257417522941208,-163.74199659082987,-1584.0960671338853,1.6134237900892998,0.7854388342406936,0.35315760412110503,-1.7593550509805977,0.0,0.017436016658589917,,
109.2,6.4435065039882415,0.8612220506112029,7.718457045378233,0.006555728471470094,-0.0005282711029315529,0.026610395735788994,45.208261616364915,-1.8239981506282619,-164.87269128421408,-1588.4815453735791,1.6134237900892998,0.7882520026488298,0.358948151552245,-1.7594413234328785,0.0,0.017436016658589917,,
109.30000000000001,6.506750558025071,0.6670735084356656,7.39935125605146,0.0025715161903788458,0.02166731272730162,0.00446494657382112,45.36960399537384,-1.822254548962403,-165.99973857807055,-1592.884618753143,1.6134237900892998,0.791065171056966,0.36474006520374225,-1.7595127496328857,0.0,0.017436016658589917,,
109.4,6.27492669513238,0.6850240569869929,7.613571378929927,0.016347769056729196,-0.0036077245821801037,0.002928052171917668,45.53094637438277,-1.820510947296544,-167.12308053991376,-1597.3052878383353,1.6134237900892998,0.7938783394651022,0.37053331090410885,-1.7595693250930546,0.0,0.017436016658589917,,
109.5,6.274760641893101,0.7825237771221399,7.563506647868387,0.008210161896374989,-0.001161713433916584,0.028552838923977267,45.6922887533917,-1.818767345630685,-168.2426592242796,-1601.7435530463629,1.6134237900892998,0.7966915078732384,0.37632785447038714,-1.759611045399855,0.0,0.017436016658589917,,
109.60000000000001,5.977945531775796,0.647015982606684,7.44902313077476,0.022088634057416307,-0.0016084006073051919,0.005038817542033346,45.85363113240063,-1.817023743964826,-169.35841667306718,-1606.1994146458371,1.6134237900892998,0.7995046762813747,0.38212366170830325,-1.7596379062138168,0.0,0.017436016658589917,,
109.7,6.038853041644702,0.6785835006316607,7.610642426486783,0.016888141636796722,-0.008925582529414632,2.2770611459513312e-05,46.01497351140956,-1.815280142298967,-170.47029491588088,-1610.6728727567324,1.6134237900892998,0.8023178446895108,0.3879206984124215,-1.7596499032695572,0.0,0.017436016658589917,,
109.80000000000001,6.25371129622915,0.8701734978673293,7.7355768125782465,0.01516387086411328,-0.003306270658139979,0.027314810369458174,46.176315890418486,-1.813536540633108,-171.57823597037273,-1615.1639273503433,1.6134237900892998,0.805131013097647,0.39371893036629896,-1.7596470323758062,0.0,0.017436016658589917,,
109.9,6.342113261018239,0.8423305025507248,7.595421422325412,0.014232137737285743,-0.008796413200873234,0.024452404322226087,46.337658269427415,-1.8117929389672491,-172.6821818425844,-1619.6725782492433,1.6134237900892998,0.8079441815057833,0.39951832334264,-1.7596292894154317,0.0,0.017436016658589917,,
110.0,6.236843979413891,0.9100499804547065,7.400250359154998,-0.0028100222314293224,-0.001122492718223053,0.03575921490224508,46.49900064843634,-1.8100493373013902,-173.78207452728978,-1624.198825127245,1.6134237900892998,0.8107573499139195,0.4053188431034505,-1.759596670345464,0.0,0.017436016658589917,-167.43456655093811,-1628.5724876794818
110.10000000000001,6.384567670387418,0.6869682481944596,7.775461701812225,0.024752324811907367,-0.006794381567109689,0.01564862752714137,46.66034302744527,-1.8083057356355312,-174.8778560083373,-1628.7426675093604,1.6134237900892998,0.8135705183220556,0.4111204554001928,-1.7595491711971214,0.0,0.017436016658589917,,
110.2,6.249598378857483,0.7416354483878032,7.61636099641315,-0.012856688615002379,0.0028919336542393794,0.016405486670881465,46.8216854064542,-1.8065621339696722,-175.9694682589927,-1633.3041047717616,1.6134237900892998,0.8163836867301919,0.4169231259739401,-1.7594867880758351,0.0,0.017436016658589917,,
110.30000000000001,6.256210730989235,0.937963243807921,7.666869203868011,-0.0010021828226068341,0.02815964984153968,0.022945150586438427,46.98302778546313,-1.8048185323038133,-177.0568532422816,-1637.8831361417424,1.6134237900892998,0.8191968551383281,0.422726820555531,-1.7594095171612718,0.0,0.017436016658589917,,
110.4,6.194626772960567,1.2953045594019472,7.388559279221666,-0.004346967198611652,-0.010430505935936748,0.007013391342499866,47.14437016447206,-1.8030749306379543,-178.13995291133233,-1642.4797606976815,1.6134237900892998,0.8220100235464642,0.4285315048657248,-1.7593173547073584,0.0,0.017436016658589917,,
110.5,6.332289773701184,0.8215303642622195,7.5035260284457,0.019896420821047374,0.012292687605289294,0.03590563043946497,47.305712543480986,-1.8013313289720954,-179.21870920971884,-1647.0939773690052,1.6134237900892998,0.8248231919546005,0.4343371446153556,-1.7592102970423056,0.0,0.017436016658589917,,
110.60000000000001,6.228936454129791,0.798747984488385,7.576084665245345,0.020242543478937062,-0.004729132428337647,0.026244003279208467,47.467054922489915,-1.7995877273062364,-180.29306407180363,-1651.7257849361517,1.6134237900892998,0.8276363603627367,0.44014370550548737,-1.7590883405686304,0.0,0.017436016658589917,,
110.7,6.412609214955689,0.684656837778492,7.668424888586302,-0.009950415612879298,-0.002370694525137923,0.029694647018764217,47.62839730149884,-1.7978441256403774,-181.36295942308087,-1656.375182030536,1.6134237900892998,0.8304495287708729,0.44595115322756945,-1.75895148176318,0.0,0.017436016658589917,,
110.80000000000001,6.618395926387013,0.8782418904386586,7.682581285204569,0.01355707264254501,-0.0007289458809199565,0.03007116812682621,47.78973968050777,-1.7961005239745185,-182.42833718051958,-1661.0421671345148,1.6134237900892998,0.8332626971790091,0.4517594534635904,-1.7587997171771539,0.0,0.017436016658589917,,
110.9,6.368715944654192,1.0986642435457017,7.788918526016701,-0.006236161055111402,-0.014581340279556996,0.012706629921943168,47.9510820595167,-1.7943569223086595,-183.48913925290694,-1665.7267385813536,1.6134237900892998,0.8360758655871453,0.4575685718862339,-1.7586330434361253,0.0,0.017436016658589917,,
111.0,6.1803953582256534,0.8314796933216745,7.9541279747164895,0.010055476945093211,-0.0007052924961504954,0.01742843908466679,48.11242443852563,-1.7926133206428005,-184.54530754119162,-1670.4288945551932,1.6134237900892998,0.8388890339952815,0.463378474159033,-1.7584514572400638,0.0,0.017436016658589917,-183.17687698845364,-1666.433642408418
111.10000000000001,6.287725977043354,0.612693928809517,7.725752622127342,-0.002012193892683022,0.03017478274903711,0.018055416718455952,48.27376681753456,-1.7908697189769416,-185.5967839388272,-1675.1486330910175,1.6134237900892998,0.8417022024034178,0.46918912593652623,-1.7582549553633577,0.0,0.017436016658589917,,
111.2,6.386840315666064,0.6750128194792164,7.331542774396906,0.003568015736288361,0.01228904407010604,0.024477604138477174,48.435109196543486,-1.7891261173110826,-186.64351033211577,-1679.885952074622,1.6134237900892998,0.8445153708115539,0.47500049286441187,-1.7580435346548342,0.0,0.017436016658589917,,
111.30000000000001,6.483860998953082,0.867935812011316,7.772373778694054,0.00850544158908598,0.01150432010798471,0.005677089976574665,48.596451575552415,-1.7873825156452237,-187.68542860055155,-1684.6408492425833,1.6134237900892998,0.8473285392196901,0.4808125405797031,-1.75781719203778,0.0,0.017436016658589917,,
111.4,6.328675613986527,0.86557752181596,7.678390744492948,0.012277590119801013,0.0020146858494397386,0.033011401188703465,48.75779395456134,-1.7856389139793647,-188.7224806171646,-1689.4133221822283,1.6134237900892998,0.8501417076278264,0.4866252347108842,-1.757575924509964,0.0,0.017436016658589917,,
111.5,6.201296564928833,0.98071518734728,7.644020689416426,0.004905204147318874,0.017442931440474395,0.011741734133638828,48.91913633357027,-1.7838953123135057,-189.75460824886454,-1694.2033683316056,1.6134237900892998,0.8529548760359625,0.4924385408780643,-1.7573197291436546,0.0,0.017436016658589917,,
111.60000000000001,6.304890983321774,0.9080444247060776,7.6310591481342085,0.016767854698910678,0.018267119866162754,0.023851791945513182,49.0804787125792,-1.7821517106476468,-190.7817533567846,-1699.0109849794574,1.6134237900892998,0.8557680444440987,0.49825242469313435,-1.7570486030856434,0.0,0.017436016658589917,,
111.7,6.457715088132043,0.9635618351474705,7.535606978413534,0.01114523925790842,-0.0013537173083717083,-0.0007591751768971609,49.24182109158813,-1.7804081089817878,-191.80385779662546,-1703.8361692651904,1.6134237900892998,0.858581212852235,0.5040668517599213,-1.7567625435572611,0.0,0.017436016658589917,,
111.80000000000001,6.490268387818781,1.060910931309608,7.537190596232744,-0.018784069128886707,0.006320720333136699,0.011356343785145965,49.40316347059706,-1.7786645073159288,-192.8208634189993,-1708.6789181788497,1.6134237900892998,0.8613943812603712,0.5098817876743436,-1.7564615478544,0.0,0.017436016658589917,,
111.9,6.229531278553923,0.8152817560014697,7.399784324842088,0.01484625206093635,-0.002031821106852038,0.016737447853873145,49.564505849605986,-1.7769209056500699,-193.8327120697739,-1713.5392285610926,1.6134237900892998,0.8642075496685073,0.5156971980245675,-1.7561456133475313,0.0,0.017436016658589917,,
112.0,6.32907419908075,0.9450525422344902,7.444933511640499,0.027444075764985865,-0.0024481818489524793,0.02220841727036229,49.725848228614915,-1.775177303984211,-194.8393455904169,-1718.4170971031626,1.6134237900892998,0.8670207180766436,0.5215130483911621,-1.7558147374817246,0.0,0.017436016658589917,-202.03297179743714,-1713.3500840750912
112.10000000000001,6.590194249719745,0.7442564600542252,7.660235829355497,0.004704216484311563,0.006243890611592461,0.021102329560322375,49.88719060762384,-1.773433702318352,-195.8407058183401,-1723.3125203468646,1.6134237900892998,0.8698338864847798,0.5273293043472533,-1.755468917776666,0.0,0.017436016658589917,,
112.2,6.370438111226053,0.9818273045150391,7.766298885010545,0.0057249001513591585,-0.007871506288780859,0.02132065871424897,50.04853298663277,-1.771690100652493,-196.83673458724365,-1728.2254946845412,1.6134237900892998,0.8726470548929159,0.5331459314586828,-1.7551081518266771,0.0,0.017436016658589917,,
112.30000000000001,5.867311821540259,0.8241105811710691,7.763417901984544,0.0008268102139185468,0.0033154010605073274,0.029791088078858143,50.2098753656417,-1.769946498986634,-197.82737372746058,-1733.1560163590489,1.6134237900892998,0.8754602233010522,0.5389628952841605,-1.7547324373007311,0.0,0.017436016658589917,,
112.4,6.546770184132828,1.3408905024936635,7.610905194456035,0.01739676566976934,0.002373950208634236,0.023283673088802803,50.37121774465063,-1.768202897320775,-198.81256506630132,-1738.1040814637358,1.6134237900892998,0.8782733917091884,0.5447801613754215,-1.7543417719424719,0.0,0.017436016658589917,,
112.5,6.131334488885103,1.1392704767323745,7.652572551322323,0.009446818595094072,0.007970236231004573,0.018855753894440563,50.53256012365956,-1.766459295654916,-199.7922504283981,-1743.0696859424204,1.6134237900892998,0.8810865601173247,0.5505976952773821,-1.7539361535702307,0.0,0.017436016658589917,,
112.60000000000001,6.190716987918357,0.989559960825681,7.608531076768893,0.005381344234393871,-0.006205378886874824,0.02785038496633685,50.693902502668486,-1.7647156939890571,-200.76637163604968,-1748.0528255893691,1.6134237900892998,0.8838997285254608,0.5564154625282949,-1.753515580077043,0.0,0.017436016658589917,,
112.7,6.400861765092683,1.094072477609157,7.810866415040072,0.003825833471066559,-0.0033852734573836907,0.014786632723723069,50.855244881677415,-1.7629720923231982,-201.73487050956604,-1753.053496049277,1.6134237900892998,0.886712896933597,0.5622334286599042,-1.7530800494306646,0.0,0.017436016658589917,,
112.80000000000001,6.685488578827834,1.1679263395256942,7.714695480689352,-0.002344809814293143,0.0022094778164158833,0.019954901961826442,51.01658726068634,-1.7612284906573392,-202.69768886761307,-1758.0716928172485,1.6134237900892998,0.8895260653417333,0.5680515591976039,-1.752629559673589,0.0,0.017436016658589917,,
112.9,6.199246078749254,0.9735259384574906,7.598688993154803,0.012922476476397892,0.004325616773062591,0.018939539541890642,51.17792963969527,-1.7594848889914803,-203.6547685275574,-1763.1074112387776,1.6134237900892998,0.8923392337498695,0.57386981966059,-1.7521641089230617,0.0,0.017436016658589917,,
113.0,6.4517350784108185,0.990044744108383,7.645141501217054,0.011304244299716567,0.0006052294241614619,0.017346085126973713,51.3392720187042,-1.7577412873256213,-204.60605130581126,-1768.16064650973,1.6134237900892998,0.8951524021580056,0.5796881755620196,-1.7516836953710981,0.0,0.017436016658589917,-208.78908238275406,-1765.8084186268622
113.10000000000001,6.275268059892631,0.9048910028038109,7.693482218476435,-0.0014692746872115355,-0.00985080270029683,0.02837457008151626,51.50061439771313,-1.7559976856597623,-205.55147901817745,-1773.2313936763264,1.6134237900892998,0.8979655705661419,0.5855065924091649,-1.7511883172844964,0.0,0.017436016658589917,,
113.2,6.128965294174345,0.9387213548483359,7.759342023171621,0.0030498069385390524,0.009850516472358954,0.014794354769483126,51.66195677672206,-1.7542540839939034,-206.49099348019425,-1778.3196476351254,1.6134237900892998,0.9007787389742781,0.5913250357035701,-1.7506779730048536,0.0,0.017436016658589917,,
113.30000000000001,6.397502569074725,0.913727027867569,7.613658616138649,0.021266374709951814,-0.0070594246060555425,0.047506437553024354,51.823299155730986,-1.7525104823280444,-207.42453650748055,-1783.4254031330076,1.6134237900892998,0.9035919073824142,0.5971434709412067,-1.750152660948581,0.0,0.017436016658589917,,
113.4,6.429966380270286,0.9493630015486163,7.681099231897308,0.00786869555131422,-0.003467016812090563,0.016980602496730977,51.984641534739914,-1.7507668806621854,-208.35204991608086,-1788.548654767161,1.6134237900892998,0.9064050757905505,0.6029618636126305,-1.749612379606917,0.0,0.017436016658589917,,
113.5,6.223490356336127,1.0232842793743626,7.667271651291778,-0.004389612692811597,-0.009127934746630241,0.023017482547005814,52.14598391374884,-1.7490232789963265,-209.27347552281054,-1793.689396985066,1.6134237900892998,0.9092182441986867,0.6087801792031363,-1.749057127545942,0.0,0.017436016658589917,,
113.60000000000001,6.245250062602199,0.7410839595754117,7.599564544371074,0.010651542067408122,-0.002791571490305731,0.030453446303181392,52.30732629275777,-1.7472796773304675,-210.1887551456009,-1798.8476240844823,1.6134237900892998,0.9120314126068229,0.6145983831929148,-1.748486903406592,0.0,0.017436016658589917,,
113.7,6.353334927858308,1.0380057016294304,7.658532626170815,-8.210173862679103e-05,0.005340907680732061,0.0030615650320515927,52.4686686717667,-1.7455360756646086,-211.09783060384453,-1804.0233302134359,1.6134237900892998,0.9148445810149591,0.6204164410572095,-1.7479017059046722,0.0,0.017436016658589917,,
113.80000000000001,6.62235214854881,0.7595686892610417,7.597034303916131,0.007707591913862724,0.0020937781275090577,0.010155390951699128,52.63001105077563,-1.7437924739987496,-212.00064371874058,-1809.2165093702072,1.6134237900892998,0.9176577494230953,0.6262343182664707,-1.7473015338308697,0.0,0.017436016658589917,,
113.9,6.502133642883982,0.8674123255718513,7.6102671265768,0.00914009992630941,0.005637685554658871,0.023479625660051448,52.79135342978456,-1.7420488723328906,-212.89713631364003,-1814.4271554033191,1.6134237900892998,0.9204709178312315,0.6320519802865137,-1.7466863860507664,0.0,0.017436016658589917,,
114.0,6.47077321541152,1.0302930386899765,7.658554363766753,-0.002113170030206968,-0.001733892964290889,0.029909247171743838,52.952695808793486,-1.7403052706670317,-213.7872502143912,-1819.6552620115274,1.6134237900892998,0.9232840862393678,0.6378693925786745,-1.7460562615048516,0.0,0.017436016658589917,-217.17256765639505,-1824.512173827053
114.10000000000001,6.1745770878006185,0.883386279539096,7.516361335291902,0.002586615640488778,0.010237216722074852,0.04421658457659451,53.114038187802414,-1.7385616690011727,-214.6709272496851,-1824.9008227438094,1.6134237900892998,0.9260972546475039,0.6436865205999647,-1.7454111592085333,0.0,0.017436016658589917,,
114.2,6.298506549902807,0.8860308031335212,7.4172288963434605,-0.011642522956957143,0.02065616869142585,0.021848112029205086,53.27538056681134,-1.7368180673353137,-215.54810925140086,-1830.1638309993564,1.6134237900892998,0.9289104230556401,0.64950332980323,-1.7447510782521518,0.0,0.017436016658589917,,
114.30000000000001,6.202146746830001,0.9249303797527029,7.3427328817361515,0.003803587443058933,-0.006299156855367103,0.017895652021035907,53.43672294582027,-1.7350744656694548,-216.4187380549514,-1835.4442800275647,1.6134237900892998,0.9317235914637764,0.6553197856373049,-1.744076017800989,0.0,0.017436016658589917,,
114.4,6.308444169730109,1.0524694284715927,7.827089080068642,0.008976159922858239,0.0036011486750116783,0.015531203548252923,53.5980653248292,-1.7333308640035958,-217.2827554996288,-1840.7421629280277,1.6134237900892998,0.9345367598719125,0.6611358535471692,-1.7433859770952815,0.0,0.017436016658589917,,
114.5,6.204785797009617,0.8583918454850998,7.510777413675453,0.0014874609679003817,-0.001489533530699051,0.019351322008339233,53.75940770383813,-1.7315872623377369,-218.14010342894994,-1846.0574726505297,1.6134237900892998,0.9373499282800487,0.666951498974105,-1.7426809554502305,0.0,0.017436016658589917,,
114.60000000000001,6.164375894462788,1.1877061316687985,7.551204551521244,0.006076731984609635,-0.005305983329820332,0.03744353231750371,53.92075008284706,-1.729843660671878,-218.9907236910023,-1851.3902019950392,1.6134237900892998,0.940163096688185,0.6727666873558524,-1.7419609522560116,0.0,0.017436016658589917,,
114.7,5.941622475810385,0.6738863698271398,7.449466098784257,0.010137447148702516,-0.01324295661593176,0.03481807292115704,54.082092461855986,-1.728100059006019,-219.8345581387893,-1856.7403436117038,1.6134237900892998,0.9429762650963212,0.6785813841267665,-1.7412259669777872,0.0,0.017436016658589917,,
114.80000000000001,6.321559659747261,0.7641914250953139,7.69678277596708,0.00570870986168702,-0.0027421716700358908,0.02172638455434787,54.243434840864914,-1.72635645734016,-220.67154863057624,-1862.1078900008456,1.6134237900892998,0.9457894335044573,0.6843955547179732,-1.740475999155714,0.0,0.017436016658589917,,
114.9,6.213771959374065,0.9279459876802144,7.877807288941779,0.019922832957045437,0.0005876370384403233,0.02460050804248664,54.40477721987384,-1.724612855674301,-221.50163703023588,-1867.4928335129573,1.6134237900892998,0.9486026019125936,0.6902091645575263,-1.7397110484049543,0.0,0.017436016658589917,,
115.0,6.672693598423666,1.0860254961660174,7.77586729119983,0.012951582111799736,-0.023311062313698522,0.02171563266281354,54.56611959888277,-1.722869254008442,-222.32476520759434,-1872.8951663486991,1.6134237900892998,0.9514157703207298,0.6960221790705627,-1.7389311144156843,0.0,0.017436016658589917,-214.52731555006253,-1876.6417095653553
115.10000000000001,6.156176843437365,1.1865005638377688,7.458706982033763,0.009402389393284407,0.002440176579364704,0.014232874054259527,54.7274619778917,-1.721125652342583,-223.14087503877664,-1878.314880558897,1.6134237900892998,0.9542289387288659,0.7018345636794611,-1.738136196953104,0.0,0.017436016658589917,,
115.2,6.396920673043729,1.170837023052016,7.500454454194336,0.005912072541141124,0.010475234625613693,0.02592877932207272,54.88880435690063,-1.7193820506767241,-223.94990840655277,-1883.7519680445398,1.6134237900892998,0.9570421071370022,0.7076462838039965,-1.7373262958574442,0.0,0.017436016658589917,,
115.30000000000001,6.435865404881433,1.058406390074262,7.594711021300636,-0.0017850518399500515,0.009134462218204895,0.022949217776051304,55.05014673590956,-1.7176384490108652,-224.75180720068332,-1889.2064205567794,1.6134237900892998,0.9598552755451384,0.7134573048614975,-1.736501411043977,0.0,0.017436016658589917,,
115.4,6.307775009696952,0.8111517204196694,7.546292595331667,0.011170252934930186,-0.003782429099403557,0.019836442675002258,55.211489114918486,-1.7158948473450062,-225.5465133182654,-1894.6782296969304,1.6134237900892998,0.9626684439532746,0.7192675922670027,-1.735661542503022,0.0,0.017436016658589917,,
115.5,6.222899552601856,0.8263443724088148,7.637328426408103,0.009802888426859514,-0.016473210777078966,0.007929926106291932,55.372831493927414,-1.7141512456791472,-226.33396866407855,-1900.167386916471,1.6134237900892998,0.9654816123614108,0.7250771114334178,-1.7348066902999544,0.0,0.017436016658589917,,
115.60000000000001,6.170040720103725,1.0292149494559004,7.760510220440859,-0.004464447889616164,0.004303871921489217,0.0249274757117168,55.53417387293634,-1.7124076440132883,-227.11411515093056,-1905.6738835170436,1.6134237900892998,0.968294780769547,0.7308858277716714,-1.7339368545752132,0.0,0.017436016658589917,,
115.7,6.127219575273364,0.6637548596044174,7.652020255035678,0.016337464003668326,0.003747793495871208,0.028664452171947723,55.69551625194527,-1.7106640423474293,-227.88689470000338,-1911.1977106504573,1.6134237900892998,0.9711079491776832,0.7366937066908723,-1.733052035544308,0.0,0.017436016658589917,,
115.80000000000001,6.328296567290232,0.8572156976933455,7.628218399204434,-0.006615139427051409,0.011270005556608597,0.015231144368783752,55.8568586309542,-1.7089204406815703,-228.65224924119914,-1916.7388593186918,1.6134237900892998,0.9739211175858195,0.7425007135984659,-1.7321522334978243,0.0,0.017436016658589917,,
115.9,6.11849184561453,1.1913582827503777,7.465283261227111,0.007178278038873264,-0.0032333472112366507,0.012054404026516023,56.01820100996313,-1.7071768390157114,-229.41012071348598,-1922.2973203738995,1.6134237900892998,0.9767342859939556,0.7483068139003904,-1.7312374488014317,0.0,0.017436016658589917,,
116.0,6.396241823018812,0.9441496978158257,7.71865921307869,-0.01959248504039081,0.0003485596443870202,0.026976524710857146,56.17954338897206,-1.7054332373498524,-230.16045106524405,-1927.8730845184111,1.6134237900892998,0.9795474544020919,0.7541119730012343,-1.730307681895889,0.0,0.017436016658589917,-220.7497967246194,-1926.713339286687
116.10000000000001,6.343850751529482,0.8921917490189135,7.705561597143545,0.009533315206371335,0.0019837233311346455,0.02803806664332134,56.340885767980986,-1.7036896356839935,-230.90318225461147,-1933.4661423047403,1.6134237900892998,0.9823606228102281,0.7599161563043922,-1.7293629332970504,0.0,0.017436016658589917,,
116.2,6.404367627452329,0.8883643234507494,7.523288989701509,0.013119245815023217,0.005533389340444778,0.03552446749294133,56.502228146989914,-1.7019460340181345,-231.63825624983036,-1939.0764841355895,1.6134237900892998,0.9851737912183642,0.7657193292122225,-1.728403203595871,0.0,0.017436016658589917,,
116.30000000000001,6.446506461471628,0.7905560179662103,7.7070454287244345,0.02671830985896797,0.011698511698005716,0.04496948163602358,56.66357052599884,-1.7002024323522755,-232.36561502959276,-1944.7041002638566,1.6134237900892998,0.9879869596265005,0.7715214571262032,-1.7274284934584114,0.0,0.017436016658589917,,
116.4,6.467413028820025,1.1344617820738612,7.553661495660271,0.009116486147469955,0.005040436479143983,0.013569188870641551,56.82491290500777,-1.6984588306864166,-233.08520058338664,-1950.3489807926428,1.6134237900892998,0.9908001280346367,0.7773225054470893,-1.7264388036258433,0.0,0.017436016658589917,,
116.5,6.353681453970105,0.8609637005453658,7.5879543341967155,0.018878864296320276,0.016684089947515596,0.028946091465442872,56.9862552840167,-1.6967152290205576,-233.79695491184182,-1956.0111156752603,1.6134237900892998,0.9936132964427729,0.7831224395750689,-1.725434134914453,0.0,0.017436016658589917,,
116.60000000000001,6.325830341960313,1.1567606140017768,7.758540284001718,0.010613985707074442,0.0047361944760048865,0.025511742728131746,57.14759766302563,-1.6949716273546986,-234.50082002707617,-1961.6904947152411,1.6134237900892998,0.9964264648509091,0.7889212249099206,-1.724414488215647,0.0,0.017436016658589917,,
116.7,6.415265849818656,1.0413154130230726,7.737592625763185,0.015788282627187636,0.0049692169846817695,0.019320263621137555,57.30894004203456,-1.6932280256888397,-235.19673795304143,-1967.3871075663474,1.6134237900892998,0.9992396332590453,0.7947188268511699,-1.723379864495954,0.0,0.017436016658589917,,
116.80000000000001,6.45057640997786,0.801394358724476,7.746655461663643,0.004690041206776546,0.007851753942855517,0.020707821452957943,57.470282421043485,-1.6914844240229807,-235.8846507258693,-1973.100943732581,1.6134237900892998,1.0020528016671815,0.8005152107982461,-1.7223302647970302,0.0,0.017436016658589917,,
116.9,6.419948770642057,1.1220365107266443,7.6487549339705865,0.034998320761222446,-0.007706568006015436,0.020569816828765908,57.631624800052414,-1.6897408223571218,-236.5645003942174,-1978.8319925681956,1.6134237900892998,1.0048659700753177,0.8063103421506392,-1.721265690235662,0.0,0.017436016658589917,,
117.0,6.4224747024426305,1.2569795916191175,7.493385195306454,-0.0031142404423472984,0.009543109974362045,0.020979252319105912,57.79296717906134,-1.6879972206912628,-237.23622901961534,-1984.5802432777077,1.6134237900892998,1.0076791384834538,0.8121041863080565,-1.7201861420037678,0.0,0.017436016658589917,-235.26168925785393,-1984.424048128203
117.10000000000001,6.599567442706936,1.0891283856300442,7.900314368782106,0.0038490843852721788,0.005988461029400943,0.008703039149878852,57.95430955807027,-1.6862536190254038,-237.89977867681068,-1990.34568491591,1.6134237900892998,1.01049230689159,0.8178967086705793,-1.7190916213684022,0.0,0.017436016658589917,,
117.2,6.630262085805903,1.0469218260223483,7.727267702570514,0.0025845933293706467,-0.0062623338089824124,0.034956321831202064,58.1156519370792,-1.6845100173595449,-238.5550914541149,-1996.1283063878843,1.6134237900892998,1.0133054752997264,0.8236878746388204,-1.717982129671758,0.0,0.017436016658589917,,
117.30000000000001,6.3639834544896035,0.6686802811462215,7.389208531500388,0.00673992127524967,-0.002605256651863202,0.03199737770939957,58.27699431608813,-1.682766415693686,-239.20210945374936,-2001.928096449016,1.6134237900892998,1.0161186437078624,0.8294776496140798,-1.7168576683311663,0.0,0.017436016658589917,,
117.4,6.297254859090505,1.0299446077669199,7.718918629856344,0.01583774795425835,0.004549259092028711,0.019711679228756152,58.43833669509706,-1.681022814027827,-239.84077479219144,-2007.745043705009,1.6134237900892998,1.0189318121159987,0.835265998998503,-1.715718238839101,0.0,0.017436016658589917,,
117.5,6.373123079559059,1.003249962164508,7.729677474887108,0.011821607067267004,0.004419688893483235,0.013323132252861596,58.599679074105985,-1.679279212361968,-240.47102960052035,-2013.5791366119013,1.6134237900892998,1.021744980524135,0.8410528881952364,-1.7145638427631784,0.0,0.017436016658589917,,
117.60000000000001,6.304566119950107,0.9794407046296909,7.723983808127323,0.007859949930463007,0.003799720183409988,0.010162344060473656,58.761021453114914,-1.677535610696109,-241.0928160247631,-2019.4303634760809,1.6134237900892998,1.0245581489322713,0.8468382826085854,-1.7133944817461577,0.0,0.017436016658589917,,
117.7,6.406430175266337,1.2210735978025293,7.470205040843333,0.0012980294255135454,-0.014934826658822033,0.013728001224660783,58.92236383212384,-1.67579200903025,-241.70607622624053,-2025.298712454304,1.6134237900892998,1.0273713173404073,0.85262214764417,-1.7122101575059434,0.0,0.017436016658589917,,
117.80000000000001,6.471831733505523,1.1873698089231743,7.558181334865651,0.01281613899178925,-0.010689974604732484,0.015059902069319526,59.08370621113277,-1.674048407364391,-242.31075238191315,-2031.1841715537128,1.6134237900892998,1.0301844857485436,0.8584044487090834,-1.7110108718355843,0.0,0.017436016658589917,,
117.9,6.3275551853369905,1.013341313934927,7.56537563205542,0.018779331641815077,0.009480045109259786,0.014942809373812392,59.2450485901417,-1.6723048056985321,-242.90678668472708,-2037.086728631853,1.6134237900892998,1.0329976541566799,0.8641851512120469,-1.7097966266032742,0.0,0.017436016658589917,,
118.0,6.309173136719384,0.6827173440044827,7.772713918726201,0.01894290068594913,-0.013443998456192928,0.00792545668749789,59.40639096915063,-1.6705612040326732,-243.49412134396002,-2043.0063713966947,1.6134237900892998,1.035810822564816,0.8699642205635677,-1.708567423752351,0.0,0.017436016658589917,-240.70601433965444,-2042.0122693007636
118.10000000000001,6.43100722499605,1.138508944137902,7.640457106420671,0.015477392379738546,0.007398599646787921,0.022902924180913477,59.56773334815956,-1.6688176023668142,-244.07269858556697,-2048.9430874066516,1.6134237900892998,1.0386239909729522,0.875741622176097,-1.7073232653012969,0.0,0.017436016658589917,,
118.2,6.540391879491036,1.01282928056933,7.797301215524547,0.022512633440042628,0.015625958594124086,0.02475012640757431,59.729075727168485,-1.6670740007009552,-244.64246065252627,-2054.896864070602,1.6134237900892998,1.0414371593810885,0.8815173214641842,-1.706064153343737,0.0,0.017436016658589917,,
118.30000000000001,6.388760976690548,1.4906781649263516,7.842815361184715,0.01414466153208762,0.007482676037747426,0.019874336782339935,59.890418106177414,-1.6653303990350963,-245.2033498051853,-2060.8676886479116,1.6134237900892998,1.0442503277892246,0.8872912838446361,-1.704790090048438,0.0,0.017436016658589917,,
118.4,6.476398859335261,1.1837463390561787,7.540000855843398,0.005587830818012909,-0.003214625737875348,0.02346689602175182,60.05176048518634,-1.6635867973692373,-245.75530832160632,-2066.8555482484544,1.6134237900892998,1.0470634961973608,0.8930634747366732,-1.7035010776593071,0.0,0.017436016658589917,,
118.5,6.093024834233725,0.5614332513188249,7.427185601761883,0.004682175885648603,0.008946700713434393,0.025042993221942735,60.21310286419527,-1.6618431957033784,-246.29827849791226,-2072.8604298326372,1.6134237900892998,1.0498766646054971,0.8988338595620858,-1.7021971184953901,0.0,0.017436016658589917,,
118.60000000000001,6.30521994774104,1.1042900062700394,7.6820991298091155,0.008090776616915115,-0.01682561908162536,0.033187446947910815,60.3744452432042,-1.6600995940375194,-246.8322026486325,-2078.8823202114218,1.6134237900892998,1.0526898330136332,0.9046024037453919,-1.7008782149508679,0.0,0.017436016658589917,,
118.7,6.197211765448035,0.964460423348473,7.843420391216221,0.009517390861839663,-0.0004138284049453557,0.0026772328629393397,60.53578762221313,-1.6583559923716604,-247.35702310704846,-2084.921206046352,1.6134237900892998,1.0555030014217694,0.9103690727139936,-1.6995443694950563,0.0,0.017436016658589917,,
118.80000000000001,6.271516504329381,0.945484340757891,7.681174057742635,0.020599764233248156,-0.009653967466168291,0.027009572029413002,60.69713000122206,-1.6566123907058015,-247.8726822255396,-2090.977073849577,1.6134237900892998,1.0583161698299057,0.9161338318983339,-1.6981955846724013,0.0,0.017436016658589917,,
118.9,6.30328360348304,1.0432117913827974,7.824496447573397,0.015201637782277443,0.01203781645062907,0.020239439538245373,60.858472380230985,-1.6548687890399425,-248.3791223759287,-2097.04990998388,1.6134237900892998,1.0611293382380418,0.9218966467320534,-1.6968318631024764,0.0,0.017436016658589917,,
119.0,6.385339836861876,1.1237712841012208,7.54920457538246,0.009724603298373437,0.007649571144872277,0.012694442252783777,61.019814759239914,-1.6531251873740835,-248.87628594982777,-2103.139700662701,1.6134237900892998,1.063942506646178,0.927657482652149,-1.69545320747998,0.0,0.017436016658589917,-242.57667922600515,-2104.2047787543515
119.10000000000001,6.60944034489863,0.7699222642210117,7.718382370141535,0.008380942744299985,-0.002749246243797422,0.012711225317947985,61.18115713824884,-1.6513815857082246,-249.36411535898358,-2109.2464319501696,1.6134237900892998,1.0667556750543143,0.9334163050991278,-1.69405962057473,0.0,0.017436016658589917,,
119.2,6.525153678401042,1.2268596625174053,7.93566195457234,-0.002184018967726669,-0.002613073343025244,0.019193120872753662,61.34249951725777,-1.6496379840423656,-249.84255303562313,-2115.3700897611297,1.6134237900892998,1.0695688434624504,0.9391730795171661,-1.6926511052316622,0.0,0.017436016658589917,,
119.30000000000001,6.276427664438738,1.0561268857861,8.013187250918104,0.00787816581285056,0.009251422756867472,0.03443761159928438,61.5038418962667,-1.6478943823765067,-250.31154143279923,-2121.51065986117,1.6134237900892998,1.0723820118705867,0.9449277713542661,-1.6912276643708228,0.0,0.017436016658589917,,
119.4,6.222502319010221,0.925854295487007,7.702011979040336,0.008084360131784582,-0.004979082196111381,0.022252285776131666,61.66518427527563,-1.6461507807106477,-250.77102302473605,-2127.6681278666542,1.6134237900892998,1.075195180278723,0.950680346062412,-1.6897893009873655,0.0,0.017436016658589917,,
119.5,6.348250646654991,0.838531297951167,7.6381208448553926,0.0065715238354338065,0.011608685897849491,0.0472198385997195,61.82652665428456,-1.6444071790447887,-251.22094030717443,-2133.8424792447518,1.6134237900892998,1.078008348686859,0.956430769097727,-1.6883360181515465,0.0,0.017436016658589917,,
119.60000000000001,6.256242755507963,1.2972161989368176,7.8067474199236555,0.014824109938463845,-0.004385289544043032,0.017345581668900514,61.987869033293485,-1.6426635773789298,-251.66123579771738,-2140.033699313468,1.6134237900892998,1.0808215170949953,0.9621790059206312,-1.6868678190087194,0.0,0.017436016658589917,,
119.7,6.472562641914888,0.9419249116392174,7.704528187005933,0.014775708873790091,0.004171931839184748,0.010281047144749719,62.149211412302414,-1.6409199757130708,-252.09185203617537,-2146.2417732416784,1.6134237900892998,1.0836346855031316,0.9679250219959975,-1.6853847067793275,0.0,0.017436016658589917,,
119.80000000000001,6.322559633035932,1.4294152354657426,7.825031799221326,0.009110378597542377,-0.010911466048611632,0.02030597057880559,62.31055379131134,-1.6391763740472118,-252.51273158491165,-2152.4666860491598,1.6134237900892998,1.0864478539112676,0.9736687827933077,-1.6838866847589,0.0,0.017436016658589917,,
119.9,6.398419972111661,1.0574738160636867,7.600679731462301,-0.002915685960900881,0.002439579498776326,0.026367584441885722,62.47189617032027,-1.6374327723813529,-252.9238170291875,-2158.708422606625,1.6134237900892998,1.089261022319404,0.9794102537868118,-1.6823737563180448,0.0,0.017436016658589917,,
120.0,5.080101474511593,-0.28136284053960686,8.520136113646195,0.004612420022310119,-0.017490088617997415,0.010128455010485189,62.6332385493292,-1.635689170715494,-253.32997672450975,-2164.9585634061323,0.0,0.0,0.0,-0.0,0.0,0.0,-261.700874008449,-2170.015272868922
