time,accel_x,accel_y,accel_z,gyro_x,gyro_y,gyro_z,gnss_x,gnss_y,true_x,true_y,true_speed,true_heading,true_yaw_rate,true_accel_x_vehicle
0.0,1.1562,0.3713,12.2063,-0.2418,0.141,0.2367,0.0,0.0,4.332942284707409,2.6048880011748565,31.18611111111111,4.920886012827933,-0.026179938779914945,-0.390109909931
0.1,-5.6016,-2.2511,6.3126,-0.3969,0.2952,0.2429,0.0,0.0,1.2965238154116585,3.261676000149407,31.105555555555554,4.924429031209481,-0.03141571709638769,-0.390109909931
0.2,-0.4111,0.68,11.8689,-0.2931,0.4197,0.1031,0.0,0.0,-1.7398946538691753,3.918463999914934,31.075,4.92463847071972,-0.03316115106813714,-0.390109909931
0.30000000000000004,-2.8493,2.1808,7.2371,0.1266,0.0242,-0.2978,0.0,0.0,-4.756159903254022,4.60864800007073,31.063888888888886,4.933609463074971,-0.03490658503988659,-0.290081883798
0.4,-3.9506,3.5023,6.9313,-0.0069,0.3938,-0.3605,0.0,0.0,-7.7657074126287915,5.276567999966346,30.999999999999996,4.933434930149772,-0.03316115106813714,-0.290081883798
0.5,2.8846,-0.6521,12.1433,0.2301,-0.143,-0.2466,0.0,0.0,-10.788690401978968,5.955619999992052,30.95,4.9333825702722125,-0.03490658503988659,-0.290081883798
0.6000000000000001,2.6476,-2.3995,11.9391,-0.3512,0.2411,0.2419,0.0,0.0,-13.791520171403327,6.668068000408027,30.944444444444446,4.940538420205389,-0.029670283124638246,-0.390109909931
0.7000000000000001,-4.8583,2.388,7.1228,-0.084,-0.2057,0.2193,0.0,0.0,-16.78763220083252,7.380516000033026,30.861111111111107,4.945879127716491,-0.027925372751664394,-0.49013568053449996
0.8,-0.5011,-2.1063,11.4874,0.0779,-0.0006,-0.212,0.0,0.0,-19.77702649029639,8.092964000449001,30.855555555555554,4.945634781621212,-0.026179938779914945,-0.49013568053449996
0.9,0.5765,-0.4475,11.5442,0.2597,-0.322,-0.1577,0.0,0.0,-22.759703039794925,8.82767600033418,30.797222222222224,4.950294810724037,-0.026179938779914945,-0.49013568053449996
1.0,-2.6531,0.2726,10.3023,0.2269999999999999,-0.1138,-0.0923,0.0,0.0,-25.735661849298303,9.562388000219357,30.697222222222223,4.952790631554389,-0.027925372751664394,-0.49013568053449996
1.1,2.312,2.8172,9.539,-0.3563,0.259,0.2775,0.0,0.0,-28.704902918836346,10.319364000364715,30.65,4.959737041977327,-0.026179938779914945,-0.5801613159335
1.2000000000000002,-0.9026,-2.3848,9.8181,-0.047,-0.3464,0.3717,0.0,0.0,-31.667426248394154,11.065208000379982,30.616666666666667,4.959841761732446,-0.022689070836416043,-0.5801613159335
1.3,0.9736,0.8358,9.6964,-0.1091,-0.181,0.3479,0.0,0.0,-34.60979635802614,11.83331600065543,30.530555555555555,4.963925832182113,-0.026179938779914945,-0.5801613159335
1.4000000000000001,-3.1961,2.385,10.3472,0.2236,-0.2943,-0.1301,0.0,0.0,-37.552166467658125,12.6014240001399,30.48611111111111,4.967241957760902,-0.024434504808165492,-0.5801613159335
1.5,-3.393,0.9511,10.3141,0.0023,0.0092,-0.1791,0.0,0.0,-40.494536577275184,13.358399999494281,30.425,4.966334386549865,-0.022689070836416043,-0.5801613159335
1.6,-6.1898,-2.7335,9.7537,0.4167,-0.5911,0.0097,0.0,0.0,-43.41003572700111,14.171036001081063,30.366666666666664,4.976422389626392,-0.024434504808165492,-0.5801613159335
1.7000000000000002,-1.257,0.2423,9.3097,-0.1213,0.2893,-0.1097,0.0,0.0,-46.33897035668752,14.939144000565534,30.29722222222222,4.971046775530249,-0.024434504808165492,-0.5801613159335
1.8,3.0336,3.6898,7.7927,-0.0267,-0.1567,0.2504,0.0,0.0,-49.24775176643319,15.729516000310184,30.266666666666666,4.976108230361033,-0.026179938779914945,-0.5801613159335
1.9000000000000001,-2.4455,3.2109,8.9001,-0.4379999999999999,0.5206,0.0523,0.0,0.0,-52.14981543619862,16.519888000054834,30.227777777777774,4.978970570334304,-0.020943636864666597,-0.390109909931
2.0,4.0118,-0.8513,10.717,-0.1754,0.2584,-0.023,0.0,0.0,-55.0585968459443,17.332524000059664,30.163888888888888,4.981780550430015,-0.022689070836416043,-0.290081883798
2.1,-4.7739,2.2486,11.0565,-0.2649,0.2841,-0.0306,0.0,0.0,-57.953942775744395,18.134027999934403,30.152777777777775,4.983508426389489,-0.017453292519943295,-0.290081883798
2.2,0.3279999999999999,2.9289,9.7658,-0.1107,0.3469,-0.1458,0.0,0.0,-60.84257096556425,18.957795999278346,30.088888888888885,4.988692054267912,-0.019198726491692745,-0.290081883798
2.3000000000000003,-3.0264,4.1523,9.8924,0.0865,0.0378,-0.1261,0.0,0.0,-63.73119915538411,19.78156400020424,30.094444444444445,4.989826518281709,-0.024434504808165492,-0.290081883798
2.4000000000000004,-0.2278,1.4893,9.8202,-0.2954,0.4196,0.0113,0.0,0.0,-66.60639186524347,20.62759600059934,30.083333333333332,4.994887973112491,-0.019198726491692745,-0.1900537595985
2.5,3.7227,-1.9164,9.5997,0.2204,-0.4021,0.1337,0.0,0.0,-69.488302315098,21.44023200060417,30.066666666666663,4.989582172186429,-0.015707856802864593,-0.1900537595985
2.6,3.6248,-0.5304,9.736,-0.3379999999999999,0.4713,0.0251,0.0,0.0,-72.35677728499203,22.28626400020829,30.044444444444444,4.997680499915683,-0.020943636864666597,-0.1900537595985
2.7,1.8155,0.8974,8.9907,-0.3053,0.7151,-0.2247,0.0,0.0,-75.22525225487115,23.13229600060339,30.025,4.998099378936161,-0.026179938779914945,-0.1900537595985
2.8000000000000003,3.797,-3.1464,8.6702,-0.1795,0.2743,-0.0261,0.0,0.0,-78.10044496473053,23.9894600003376,29.97222222222222,5.001502770977551,-0.03316115106813714,-0.1900537595985
2.9000000000000004,1.0909,3.0031,9.5391,-0.371,0.3834,0.0646,0.0,0.0,-80.95548445469389,24.846624000071813,30.013888888888886,5.0053075887468985,-0.029670283124638246,-0.1900537595985
3.0,-7.6369,5.2572,8.4119,-0.5528,0.6462,0.1528,0.0,0.0,-83.81052394462743,25.714919999936114,29.974999999999998,5.006058080325256,-0.029670283124638246,-0.1900537595985
3.1,1.0285,1.0117,11.7136,-0.4426,0.7422,-0.133,0.0,0.0,-86.66556343456098,26.583216000591392,29.941666666666666,5.0089204202985265,-0.029670283124638246,-0.09002572365885
3.2,-6.053,4.6007,10.9263,-0.1554,0.3124,-0.0212,0.0,0.0,-89.5138851845143,27.473775999924896,29.980555555555558,5.013824795496631,-0.026179938779914945,0.0
3.3000000000000003,1.9548,-1.9062,8.7837,-0.4026,0.7314,-0.1735,0.0,0.0,-92.35548919448735,28.38659999951858,29.96111111111111,5.019270222762853,-0.026179938779914945,0.0
3.4000000000000004,3.379,2.6098,10.6564,-0.3993,0.5583,0.045,0.0,0.0,-95.19709320447532,29.29942399990324,29.958333333333332,5.022411815416442,-0.027925372751664394,0.0
3.5,2.8293,2.4273,10.5967,-0.3209,0.4859,0.1009,0.0,0.0,-98.0386972144633,30.2122480002879,30.005555555555553,5.023650999185358,-0.029670283124638246,0.0
3.6,1.7219,0.5484,9.1288,0.3098,-0.6519,0.0548,0.0,0.0,-100.88030122445127,31.136204000011674,29.977777777777778,5.02635625952595,-0.024434504808165492,0.09002572365885
3.7,-4.2128,-4.8257,10.8637,-0.0338,-0.0809,0.1605,0.0,0.0,-103.70846975447876,32.07129200065651,30.025,5.030195983880337,-0.026179938779914945,0.09002572365885
3.8000000000000003,1.0278,2.2357,10.7533,0.0021,-0.3309,0.1337,0.0,0.0,-106.55007376446672,33.02864399997958,30.030555555555555,5.0353970650512805,-0.024434504808165492,0.1900514060025
3.9000000000000004,-2.9021,2.0355,9.6833,0.2487,-0.2897,-0.1602,0.0,0.0,-109.38496003445954,33.97486399996353,30.075,5.035100359078442,-0.020943636864666597,0.1900514060025
4.0,-2.5519,-1.3188,9.3176,-0.0134,0.1514,-0.1192,0.0,0.0,-112.21312856450194,34.95448000033775,30.09722222222222,5.042884527542336,-0.022689070836416043,0.1900514060025
4.1000000000000005,-1.8637,0.0238,9.8014,0.085,-0.1211,-0.0334,0.0,0.0,-115.0547325744899,35.922964000581885,30.094444444444445,5.040598146222224,-0.024434504808165492,0.1900514060025
4.2,0.7905,0.0831,9.676,0.1545,-0.073,0.0241,0.0,0.0,-117.88961884449763,36.90258000095611,30.130555555555553,5.0451010956923685,-0.026179938779914945,0.1900514060025
4.3,-4.0914,3.1821,9.6071,-0.0982,0.0536,0.1925,0.0,0.0,-120.71778737449529,37.904460000008555,30.147222222222222,5.048993179924317,-0.024434504808165492,0.09002572365885
4.4,-3.0115,4.2461,9.8724,-0.0501,-0.0448,0.2047,0.0,0.0,-123.54595590456752,38.906340000642956,30.155555555555555,5.053216876714143,-0.020943636864666597,0.0
4.5,1.2244,1.7644,9.5923,-0.1031,0.095,-0.0754,0.0,0.0,-126.36740669461474,39.91935200061647,30.150000000000002,5.056341016075212,-0.019198726491692745,0.0
4.6000000000000005,-2.6835,1.9394,9.3575,0.1459,-0.3304,-0.0516,0.0,0.0,-129.19557522464223,40.9434959999291,30.166666666666664,5.058295784837446,-0.017453292519943295,0.0
4.7,-3.3008,-1.5031,8.4884,0.1972,-0.1898,-0.1865,0.0,0.0,-132.01702601470438,41.9676400000327,30.163888888888888,5.059063729708323,-0.015707856802864593,0.0
4.800000000000001,2.0089,3.4625,11.1661,0.3658,-0.4133,-0.1849,0.0,0.0,-134.83847680476654,43.002916000266396,30.169444444444444,5.062589294797352,-0.015707856802864593,0.0
4.9,-1.6987,-2.2358,8.8348,0.2556,-0.4821,0.1414,0.0,0.0,-137.65992759481375,44.03819200050009,30.16111111111111,5.063130346865471,-0.024434504808165492,0.0
5.0,-1.5854,-0.6718,8.6347,0.105,-0.2601,0.0588,0.0,0.0,-140.4813783848759,45.06233600060369,30.13888888888889,5.0632874264981504,-0.022689070836416043,0.0
5.1000000000000005,-2.3546,1.3381,11.5273,0.129,-0.1472,0.0999,0.0,0.0,-143.3095469149034,46.10874400096748,30.18611111111111,5.065538901233223,-0.020943636864666597,0.0
5.2,-2.6716,1.0858,8.3936,0.1211,-0.0902,-0.1446,0.0,0.0,-146.1242799649704,47.121756000150015,30.18333333333333,5.0629907205253115,-0.019198726491692745,0.0
5.300000000000001,-4.3785,-2.4208,8.8114,0.1142,-0.148,-0.1042,0.0,0.0,-148.93229527508697,48.20156000011309,30.141666666666666,5.07264239128884,-0.024434504808165492,0.0
5.4,0.8402,0.2365,11.269,-0.0248,0.1208,-0.1078,0.0,0.0,-151.74031058520356,49.28136400007617,30.19722222222222,5.076778821616066,-0.022689070836416043,0.0
5.5,-0.111,2.8772,8.1553,0.0831,-0.1436,-0.0115,0.0,0.0,-154.5483258952903,50.36116800003924,30.205555555555552,5.079222282568858,-0.026179938779914945,0.0
5.6000000000000005,-2.9652,1.8061,9.1421,0.0353,0.0094,0.0013,0.0,0.0,-157.34962346541172,51.45210400013241,30.180555555555557,5.082294062052369,-0.026179938779914945,0.0
5.7,0.9365,-1.5348,10.388,-0.0226,-0.1441,0.093,0.0,0.0,-160.15092103554804,52.531908000095484,30.227777777777774,5.08199735607953,-0.019198726491692745,0.0
5.800000000000001,-2.9119,1.7884,8.8118,-0.1521,0.1074,0.1553,0.0,0.0,-162.9522186056844,53.63397600031874,30.216666666666665,5.085645094216198,-0.020943636864666597,0.09002572365885
5.9,-0.2571,0.0901,10.1776,-0.0248,-0.0916,0.0362,0.0,0.0,-165.74679843582555,54.74717599988111,30.230555555555554,5.090758908924541,-0.013962421085785893,0.0
6.0,-1.9551,-1.5002,10.4414,-0.0087,0.0545,-0.1018,0.0,0.0,-168.54137826596673,55.86037600023445,30.272222222222222,5.092608957931655,-0.019198726491692745,0.09002572365885
6.1000000000000005,0.4856,-1.1114,8.7327,0.049,-0.0205,-0.1779,0.0,0.0,-171.32924035614258,57.01810400031718,30.24722222222222,5.100497846150669,-0.017453292519943295,0.09002572365885
6.2,-1.1369,-0.396,9.5849,-0.0826,0.0214,0.1244,0.0,0.0,-174.1305379262789,58.14243600000964,30.28333333333333,5.096326509238402,-0.019198726491692745,0.0
6.300000000000001,-0.5902,-1.2436,10.1168,-0.0356,-0.0664,0.1214,0.0,0.0,-176.91840001643985,59.27790000062316,30.305555555555554,5.0994681018919925,-0.022689070836416043,0.09002572365885
6.4,-0.6546,0.7318,9.8465,0.1367,-0.2289999999999999,0.0963,0.0,0.0,-179.70626210663062,60.435627999914914,30.29722222222222,5.103971051362137,-0.019198726491692745,0.09002572365885
6.5,-1.8323,0.4232,10.2154,-0.0616,-0.0633,0.1309,0.0,0.0,-182.50084193677176,61.58222399986755,30.358333333333334,5.104093224409777,-0.020943636864666597,0.09002572365885
6.6000000000000005,-0.3545,-1.344,9.0856,-0.0704,-0.1522,0.1544,0.0,0.0,-185.28198628696737,62.75108400008037,30.363888888888887,5.10924194570316,-0.027925372751664394,0.09002572365885
6.7,-1.9769,-1.1298,10.2374,0.1211,-0.0627,-0.1441,0.0,0.0,-188.06984837714322,63.931076000423275,30.34722222222222,5.111877392873672,-0.03490658503988659,0.1900514060025
6.800000000000001,-1.1167,0.0398,9.4925,0.1608,-0.104,-0.2375,0.0,0.0,-190.8509927273239,65.1110679999752,30.4,5.111423607268153,-0.03316115106813714,0.09002572365885
6.9,-3.527,0.665,8.4596,0.0589,-0.1664,0.0715,0.0,0.0,-193.63885481751467,66.31332400057829,30.413888888888888,5.117113380629656,-0.03490658503988659,0.09002572365885
7.0,-0.6113,-0.3551,10.7927,-0.0897,-0.0896,0.1649,0.0,0.0,-196.40656368776467,67.52671200052049,30.397222222222222,5.123379112644314,-0.03316115106813714,0.09002572365885
7.1000000000000005,-3.1083,0.4152,8.4925,0.0434,-0.2323,0.1773,0.0,0.0,-199.1877080379603,68.7289680003326,30.444444444444443,5.1233092994742355,-0.03665201901163604,0.09002572365885
7.2,-2.5458,-0.8983,8.5727,-0.0337,-0.111,0.0768,0.0,0.0,-201.96213464817563,69.97575199987409,30.46944444444444,5.130744402087731,-0.03490658503988659,0.09002572365885
7.300000000000001,1.3563,-0.2009,10.6508,0.2324,-0.1847,-0.1906,0.0,0.0,-204.72984351842567,71.21140400007647,30.48611111111111,5.133100596577923,-0.03316115106813714,0.09002572365885
7.4,2.9638,-1.1099,11.0482,0.023,-0.1541,-0.0169,0.0,0.0,-207.49083464869545,72.48045199987814,30.516666666666666,5.139593221395343,-0.026179938779914945,0.09002572365885
7.5,-4.2857,1.2009,9.6633,0.055,-0.155,-0.0209,0.0,0.0,-210.25854351893057,73.72723600021061,30.48611111111111,5.138563477136665,-0.015707856802864593,0.0
7.6000000000000005,4.0198,-0.2867,10.8953,0.1861,-0.27,-0.0171,0.0,0.0,-213.012816909235,75.01854799948148,30.477777777777778,5.146591991695839,-0.006981210542892947,-0.09002572365885
7.7,3.3721,-2.6549,11.4196,-0.0999,-0.2594,0.1993,0.0,0.0,-215.7738080395048,76.27646399994404,30.497222222222224,5.145056101954085,-0.005235774825814244,-0.09002572365885
7.800000000000001,-3.901,5.5334,7.4566,-0.0598,-0.0652,0.2484,0.0,0.0,-218.52136368981405,77.57890800013598,30.477777777777778,5.14941942508407,-0.008726646259971648,-0.09002572365885
7.9,1.5586,-2.3932,11.3705,0.1103,-0.0343,-0.2578,0.0,0.0,-221.28235482008387,78.84795599993765,30.43611111111111,5.145771686947402,-0.008726646259971648,-0.1900537595985
8.0,1.936,-1.803,10.1063,0.1522,0.0456,-0.3244,0.0,0.0,-224.02991047039313,80.1392679999995,30.45,5.151775619574263,-0.010472081977050348,-0.1900537595985
8.1,-2.5113,1.7925,6.6046,-0.0106,0.2648,-0.1792,0.0,0.0,-226.77074838075205,81.43058000085233,30.413888888888888,5.151635993234104,-0.0034903391087355443,-0.1900537595985
8.200000000000001,-3.6804,-0.6616,9.0688,0.327,-0.2748,-0.0019,0.0,0.0,-229.51830403106132,82.71075999999312,30.366666666666664,5.1496986777643885,-0.0034903391087355443,-0.1900537595985
8.3,-3.3268,-0.6829,8.2541,-0.1005,0.0832,0.2189999999999999,0.0,0.0,-232.2524242014101,83.96867600045567,30.46388888888889,5.147028324008838,-0.0017454357170787011,-0.1900537595985
8.4,-0.0906,2.1844,7.782,0.0702,-0.2499,0.2205,0.0,0.0,-234.98654437177382,85.25998800051752,30.352777777777774,5.151810526159302,0.0,-0.09002572365885
8.5,-2.7791,1.1449,11.3692,0.1099,-0.062,0.0772,0.0,0.0,-237.7273822821178,86.56243199991849,30.366666666666664,5.154568146377453,-0.0034903391087355443,-0.09002572365885
8.6,-1.5776,-0.7547,8.5241,0.073,0.0729,-0.1023,0.0,0.0,-240.45478471250127,87.86487600011043,30.352777777777774,5.158023898296403,0.0,-0.1900537595985
8.700000000000001,2.4155,-0.4297,10.4448,0.2018,-0.1756,-0.0989,0.0,0.0,-243.18218714289964,89.15618800017228,30.333333333333332,5.156191302581808,0.0,-0.1900537595985
8.8,2.27,3.6332,10.7725,0.2216,-0.1322,-0.0993,0.0,0.0,-245.9095895732682,90.46976400049431,30.299999999999997,5.1573955797656845,-0.0034903391087355443,-0.290081883798
8.9,-2.8178,4.5241,8.4523,0.05,-0.1939999999999999,0.162,0.0,0.0,-248.63027426368632,91.77220799989527,30.26388888888889,5.159332895235398,-0.006981210542892947,-0.290081883798
9.0,0.5015,2.8172,6.9510000000000005,-0.0306,0.0038,0.1219,-255.40847389980084,91.95032000039475,-251.3509589541045,93.07465200008721,30.225,5.157779552201123,-0.006981210542892947,-0.390109909931
9.1,-0.1261,1.2942,11.7698,0.0219,-0.1292,0.0319,-255.40847389980084,91.95032000039475,-254.0716436445077,94.37709600027915,30.252777777777776,5.158250791099161,-0.0017454357170787011,-0.290081883798
9.200000000000001,-2.539,-0.6353,8.3331,-0.1159,0.157,0.0915,-255.40847389980084,91.95032000039475,-256.78561059494564,95.668408000341,30.18333333333333,5.158093711466482,0.0017454357170787011,-0.390109909931
9.3,-1.4496,-0.0432,12.9159,0.0329,0.1613,-0.2927,-255.40847389980084,91.95032000039475,-259.49285980540327,96.98198399987206,30.130555555555553,5.160694252051953,0.0052363071512361034,-0.390109909931
9.4,-2.1781,-0.3982,11.9727,0.0432,0.2181,-0.3219,-255.40847389980084,91.95032000039475,-262.2001090158609,98.284428000064,30.125,5.161235304120071,-0.0017454357170787011,-0.290081883798
9.5,-0.775,0.8987,8.0187,-0.2006,0.0776,0.0412,-255.40847389980084,91.95032000039475,-264.9006404863532,99.58687200025594,30.080555555555556,5.161148037657472,-0.019198726491692745,-0.390109909931
9.600000000000001,-0.2538,1.435,10.5644,0.0871,-0.2571,0.1039,-255.40847389980084,91.95032000039475,-267.60117195681573,100.88931600044788,30.05833333333333,5.16170654301811,-0.017453292519943295,-0.390109909931
9.700000000000001,1.8801,1.2119,11.2288,-0.2216,0.3168,0.144,-255.40847389980084,91.95032000039475,-270.2882679473625,102.19176000063982,30.04722222222222,5.164150003970902,-0.006981210542892947,-0.390109909931
9.8,0.325,2.7061,10.0639,0.048,0.1558,-0.0479,-255.40847389980084,91.95032000039475,-272.97536393787937,103.51646800030096,29.93888888888889,5.165685893712657,-0.0034903391087355443,-0.49013568053449996
9.9,-0.9353,-2.0983,10.4529,0.0851,-0.1569,0.0227,-255.40847389980084,91.95032000039475,-275.6557421884459,104.8189120004929,29.941666666666666,5.166488745168574,0.0,-0.390109909931
10.0,0.0427,0.5796,10.1589,0.0601,-0.0034,-0.0959,-255.40847389980084,91.95032000039475,-278.3428381789628,106.12135599989386,29.947222222222223,5.165336827862258,-0.005235774825814244,-0.49013568053449996
10.100000000000001,-1.6277,-0.1705,8.7361,0.178,0.0419,-0.2094,-255.40847389980084,91.95032000039475,-281.0164986895789,107.4238000000858,29.869444444444444,5.165389187739818,-0.005235774825814244,-0.290081883798
10.200000000000001,0.5083,0.5476,9.5706,0.365,-0.3067,-0.1646,-255.40847389980084,91.95032000039475,-283.6901592001353,108.72624400106872,29.91944444444444,5.164481616528781,-0.005235774825814244,-0.09002572365885
10.3,-2.9889,-2.3109,9.3334,0.0521,-0.3747,0.1413,-255.40847389980084,91.95032000039475,-286.370537450672,110.03982000059978,29.905555555555555,5.165336827862258,0.0,-0.09002572365885
10.4,-2.4894,-0.5777,9.8193,-0.0923,0.1614,0.0867,-255.40847389980084,91.95032000039475,-289.03748022127803,111.34226400079172,29.866666666666664,5.166244399073295,0.0034908714341574023,0.0
10.5,-0.7153,-1.3038,9.9403,0.0446,-0.1785,0.0488,-255.40847389980084,91.95032000039475,-291.71114073184935,112.66697200045286,29.905555555555555,5.167570849304811,0.0052363071512361034,0.0
10.600000000000001,-0.4831,2.6386,9.5244,-0.0781,0.0957,0.0573,-255.40847389980084,91.95032000039475,-294.38480124242074,113.9694160006448,29.91111111111111,5.167274143331972,0.006981210542892947,0.0
10.700000000000001,1.0428,-1.8788,10.986,0.1086,-0.2369,0.0016,-255.40847389980084,91.95032000039475,-297.04502627304646,115.30525600043603,29.877777777777776,5.172754477183235,0.0017454357170787011,0.0
10.8,3.5077,-1.9951,10.2826,-0.05,0.0224,-0.067,-255.40847389980084,91.95032000039475,-299.71868678363273,116.64109599943629,29.930555555555554,5.172527584380475,0.0017454357170787011,0.09002572365885
10.9,0.0618,1.3258,10.2805,0.2316,-0.3528,0.0215,-255.40847389980084,91.95032000039475,-302.38562955422384,117.9546720005493,29.941666666666666,5.170153936597763,0.0,0.0
11.0,-3.1237,5.6733,11.732,-0.4647,0.7647,-0.2289,-255.40847389980084,91.95032000039475,-305.0660078047754,119.25711599995026,29.96111111111111,5.167361409794571,0.0052363071512361034,0.09002572365885
11.100000000000001,2.469,-0.9973,9.6278,-0.0499,0.2083,-0.0493,-255.40847389980084,91.95032000039475,-307.75310379530725,120.5595600001422,30.038888888888888,5.16474341591658,0.0034908714341574023,0.09002572365885
11.200000000000001,-8.6744,-1.6187,9.8324,-0.5601,1.0819,-0.0931,-255.40847389980084,91.95032000039475,-310.42004656591325,121.88426800059432,30.011111111111113,5.167518489427251,0.0017454357170787011,0.09002572365885
11.3,3.5271,1.0078,10.2424,-0.7819,1.2193,-0.1119,-255.40847389980084,91.95032000039475,-313.10714255644507,123.19784400012537,30.033333333333335,5.164464163236261,0.0034908714341574023,0.1900514060025
11.4,-7.8179,-6.8694,10.038,0.2689999999999999,-0.4274,0.0115,-255.40847389980084,91.95032000039475,-315.78752080699667,124.5336839999166,30.06111111111111,5.170101576720203,0.006981210542892947,0.1900514060025
11.5,-5.7369,-0.7531,10.4736,-0.2183,0.4429,-0.2043,-255.40847389980084,91.95032000039475,-318.4678990575482,125.8583920011597,30.038888888888888,5.169351085141845,-0.0017454357170787011,0.1900514060025
11.600000000000001,7.8648,1.8948,9.361,0.6181,-1.0424,0.1173,-255.40847389980084,91.95032000039475,-321.1549950480801,127.20536400029005,30.105555555555554,5.171131320978879,-0.015707856802864593,0.1900514060025
11.700000000000001,-3.0627,-1.4554,10.1668,0.1836,-0.3953,0.0175,-255.40847389980084,91.95032000039475,-323.8286555586514,128.55233600100235,30.108333333333334,5.175232844721066,-0.017453292519943295,0.290079530202
11.8,6.0311,0.1259,9.5888,0.3203,-0.5368,-0.0162,-255.40847389980084,91.95032000039475,-326.53590476910904,129.8659120005334,30.13611111111111,5.166645824801254,-0.017453292519943295,0.1900514060025
11.9,-1.3642,1.421,9.053,0.1516,-0.3963,0.2187,-255.40847389980084,91.95032000039475,-329.2297184996212,131.19062000019454,30.233333333333334,5.170101576720203,-0.0034903391087355443,0.09002572365885
12.0,-1.1894,-3.2991,10.1532,0.0524,-0.0558,0.0286,-255.40847389980084,91.95032000039475,-331.9100967501727,132.53759200090684,30.208333333333332,5.174360180095069,0.0052363071512361034,0.1900514060025
12.100000000000001,-6.7121,-2.343,9.512,0.4646,-0.5344,-0.0167,-255.40847389980084,91.95032000039475,-334.6039104806848,133.89569600016728,30.236111111111107,5.176821094340381,0.0017454357170787011,0.290079530202
12.200000000000001,3.6123,2.2881,10.9323,0.2699,-0.1634,0.0618,-255.40847389980084,91.95032000039475,-337.297724211182,135.2426680000886,30.275,5.1740285675371895,0.0,0.290079530202
12.3,-1.266,3.7465,10.1389,0.2603,-0.5483,-0.0282,-255.40847389980084,91.95032000039475,-339.97810246173356,136.6119040002701,30.305555555555554,5.180940071375088,-0.006981210542892947,0.290079530202
12.4,-2.1288,-2.7558,7.9241,-0.08,0.1926,-0.0052,-255.40847389980084,91.95032000039475,-342.65848071228515,138.0034039999208,30.383333333333333,5.184134023906237,-0.012216985368707191,0.390107556335
12.5,-0.7938,1.0448,8.036,-0.0749,-0.1616,0.0043,-255.40847389980084,91.95032000039475,-345.35901218276257,139.3503760006331,30.427777777777777,5.176943267388021,-0.012216985368707191,0.290079530202
12.600000000000001,2.3865,0.8515,9.4989,-0.1656,0.1801,-0.0377,-255.40847389980084,91.95032000039475,-348.0662613932202,140.69734800055443,30.413888888888888,5.176227682394703,-0.005235774825814244,0.290079530202
12.700000000000001,-1.2662,2.2697,10.7661,0.2006,-0.1967,0.0938,-255.40847389980084,91.95032000039475,-350.7600751237174,142.06658399994495,30.441666666666666,5.178479157129775,0.0017454357170787011,0.49013568053449996
12.8,2.5746,1.756,10.9765,-0.2707,0.2854,0.0588,-255.40847389980084,91.95032000039475,-353.4740420741702,143.42468800078734,30.458333333333336,5.176890907510462,0.0017454357170787011,0.390107556335
12.9,-3.0731,-3.3927,10.4425,-0.0509,0.01,-0.1411,-255.40847389980084,91.95032000039475,-356.18800902459316,144.79392400017787,30.48888888888889,5.179770700776251,0.0034908714341574023,0.290079530202
13.0,-1.5294,3.1068,9.9102,-0.1279,0.3445,-0.0928,-255.40847389980084,91.95032000039475,-358.8952582350508,146.16316000035937,30.577777777777776,5.1806084588172086,0.0,0.290079530202
13.100000000000001,2.676,2.6518,9.9259,-0.1462,-0.0383,-0.027,-255.40847389980084,91.95032000039475,-361.6025074455085,147.55466000001007,30.613888888888887,5.183907131103478,-0.005235774825814244,0.290079530202
13.200000000000001,-5.0309,-4.6401,9.9122,-0.518,0.8968,-0.1873,-255.40847389980084,91.95032000039475,-364.3164743959613,148.92389600019158,30.602777777777778,5.182458507824323,0.0,0.290079530202
13.3,7.5893,1.0736,7.7203,-0.4593,0.7398,-0.1113,-255.40847389980084,91.95032000039475,-367.03044134638424,150.30426400050317,30.638888888888886,5.180852804912488,0.0017454357170787011,0.290079530202
13.4,-5.1303,-0.3539,11.2274,-0.1506,0.141,-0.0244,-255.40847389980084,91.95032000039475,-369.73769055682703,151.72916000054414,30.702777777777776,5.186333138763749,0.0052363071512361034,0.1900514060025
13.5,-3.2759,-3.5234,10.3857,-0.3492,0.7658,-0.25,-255.40847389980084,91.95032000039475,-372.4516575072649,153.12066000019485,30.636111111111113,5.185128861579874,0.006981210542892947,0.1900514060025
13.600000000000001,-3.7603,-3.0397,9.9789,0.2895,-0.3544,-0.1363,-255.40847389980084,91.95032000039475,-375.1656244577028,154.53442400010573,30.697222222222223,5.185460474137753,0.0052363071512361034,0.290079530202
13.700000000000001,-0.8767,-0.6621,10.25,-0.2968,0.3943,0.0622,-255.40847389980084,91.95032000039475,-377.8930268881012,155.91479200041732,30.76388888888889,5.184640169389315,0.0052363071512361034,0.290079530202
13.8,5.2355,2.8149,9.0494,0.3196,-0.5855,0.0921,-255.40847389980084,91.95032000039475,-380.6069938385242,157.3285560003282,30.755555555555553,5.188357720696064,0.008726646259971648,0.290079530202
13.9,-0.6871,1.0148,10.5796,0.0699,-0.1521,0.0517,-255.40847389980084,91.95032000039475,-383.32096078896205,158.7423200002391,30.777777777777775,5.186821830954308,0.008726646259971648,0.290079530202
14.0,5.1011,2.0896,10.9074,0.4011,-0.584,-0.011,-255.40847389980084,91.95032000039475,-386.03492773939996,160.16721600028006,30.799999999999997,5.18940491824726,0.013962953411207752,0.290079530202
14.100000000000001,-6.0549,1.4611,9.8117,0.319,-0.2641,-0.1538,-255.40847389980084,91.95032000039475,-388.7757656497439,161.54758400059166,30.830555555555552,5.183069373062521,0.013962953411207752,0.290079530202
14.200000000000001,0.7948,-2.446,11.1697,0.216,-0.2818,-0.1904,-255.40847389980084,91.95032000039475,-391.5098858201076,162.95021600037245,30.875,5.1853383010901135,0.013962953411207752,0.1900514060025
14.3,-1.8149,-1.7373,10.4641,0.1189,-0.3903,0.0707,-255.40847389980084,91.95032000039475,-394.23057051051086,164.37511200041342,30.91111111111111,5.188584613498823,0.010472081977050348,0.290079530202
14.4,-1.4127,-1.3489,8.8618,-0.3453,0.3386,0.0807,-255.40847389980084,91.95032000039475,-396.9714084208548,165.76661200006413,30.90277777777778,5.181725469538486,0.010472081977050348,0.290079530202
14.5,5.015,0.5066,9.8688,0.1453,-0.1087,-0.0301,-255.40847389980084,91.95032000039475,-399.7189640711641,167.14698000037572,30.88611111111111,5.1787060499325355,0.010472081977050348,0.290079530202
14.600000000000001,1.0504,-0.262,11.8002,-0.0134,0.1302,-0.0778,-255.40847389980084,91.95032000039475,-402.48667294141416,168.52734799989634,30.927777777777777,5.175878616544304,0.013962953411207752,0.290079530202
14.700000000000001,0.0675,0.723,10.645,0.1023,-0.0227,0.0462,-255.40847389980084,91.95032000039475,-405.22751085174315,169.91884800033802,30.96666666666667,5.180241939674289,0.013962953411207752,0.1900514060025
14.8,0.8154,-1.1466,11.2029,0.0384,0.048,-0.0673,-255.40847389980084,91.95032000039475,-407.98850198201296,171.2992160006496,30.95,5.1785140637148155,0.006981210542892947,0.1900514060025
14.9,0.3198,-0.2415,8.6181,-0.0667,-0.0883,0.1134,-255.40847389980084,91.95032000039475,-410.74949311229767,172.6907160003003,31.022222222222222,5.179648527728611,0.006981210542892947,0.1900514060025
15.0,0.2769,-0.6403,10.2986,-0.1322,0.0175,0.188,-255.40847389980084,91.95032000039475,-413.4970487626219,174.0933480000811,31.01388888888889,5.1796834343136515,0.0052363071512361034,0.1900514060025
15.100000000000001,0.8853,0.6129,8.1119,0.0289,0.0885,-0.2297,-255.40847389980084,91.95032000039475,-416.26475763285697,175.4625840002626,30.997222222222224,5.175494644108865,0.006981210542892947,0.1900514060025
15.200000000000001,0.7031,-1.3109,11.3143,0.1333,0.0877,-0.1814,-255.40847389980084,91.95032000039475,-419.0257487631268,176.8540839999133,31.025,5.17411583399979,0.006981210542892947,0.290079530202
15.3,3.6091,-0.1986,11.279000000000002,-0.2613,0.4768,0.0638,-255.40847389980084,91.95032000039475,-421.78673989339654,178.2344520002249,31.025,5.1734875154690725,0.0017454357170787011,0.290079530202
15.4,2.2483,0.1586,8.6967,0.0807,-0.4317,0.1467,-255.40847389980084,91.95032000039475,-424.5611665036119,179.59255599948534,31.044444444444444,5.172475224502914,0.0,0.1900514060025
15.5,-2.5517,-0.4496,10.8414,0.1554,-0.1863,0.0169,-255.40847389980084,91.95032000039475,-427.32887537386193,180.9729240005879,31.09722222222222,5.173470062176552,0.0,0.1900514060025
15.600000000000001,3.1036,1.3814,11.0478,0.3594,-0.4228,0.0027,-255.40847389980084,91.95032000039475,-430.096584244097,182.35329200010852,31.11388888888889,5.174587072897829,0.0034908714341574023,0.1900514060025
15.700000000000001,-3.4562,-1.2537,8.9842,0.2588,-0.3158,0.0461,-255.40847389980084,91.95032000039475,-432.8777285942926,183.73366000042012,31.069444444444443,5.172614850843075,0.0017454357170787011,0.1900514060025
15.8,0.48,0.6378,11.3563,0.1369999999999999,-0.093,-0.033,-255.40847389980084,91.95032000039475,-435.6454374645427,185.11402799994073,31.09722222222222,5.172667210720634,0.0017454357170787011,0.1900514060025
15.9,-0.4028,-0.7258,11.1587,-0.0327,-0.1119,0.1558,-255.40847389980084,91.95032000039475,-438.3997108548322,186.5500560001118,31.144444444444446,5.184099117321197,0.0034908714341574023,0.1900514060025
16.0,0.5146,-0.2072,10.8982,-0.1304,0.0194,0.1318,-255.40847389980084,91.95032000039475,-441.1808552050278,187.9081600001632,31.144444444444446,5.173958754367111,0.0017454357170787011,0.1900514060025
16.1,1.9373,1.3662,9.5384,-0.0523,0.0562,-0.1412,-255.40847389980084,91.95032000039475,-443.9619995552383,189.2773960003447,31.15833333333333,5.171567653291878,0.0052363071512361034,0.1900514060025
16.2,0.5437,-1.3979,10.9912,-0.0042,0.231,-0.1609,-255.40847389980084,91.95032000039475,-446.75657938537944,190.6466320005262,31.177777777777777,5.169927043795003,0.008726646259971648,0.09002572365885
16.3,-3.1083,2.0342,8.9864,-0.3469,0.5698,-0.0663,-255.40847389980084,91.95032000039475,-449.5242882556146,192.049264000307,31.205555555555556,5.177309786530939,0.013962953411207752,0.09002572365885
16.400000000000002,-4.4409,0.7389,9.051,0.1148,-0.2041,0.068,-255.40847389980084,91.95032000039475,-452.2987148658598,193.4407639999577,31.177777777777777,5.176070602762024,0.01221751769412905,0.09002572365885
16.5,0.5729,-2.5476,11.2533,-0.2791,0.4207,0.0374,-255.40847389980084,91.95032000039475,-455.07985921604046,194.8322640003994,31.197222222222223,5.1747616058230275,0.01221751769412905,0.1900514060025
16.6,2.7802,2.0016,8.193,0.0693,-0.3959,0.1032,-255.40847389980084,91.95032000039475,-457.861003566251,196.21263199992,31.199999999999996,5.171305853904079,0.020944160463442194,0.1900514060025
16.7,-0.9025,3.9279,9.8281,0.0545,0.0676,-0.0025,-255.40847389980084,91.95032000039475,-460.6488656564119,197.5818680001015,31.219444444444445,5.169630337822164,0.024434504808165492,0.1900514060025
16.8,5.3027,-1.6287,9.3569,0.2885,-0.3855,0.0138,-255.40847389980084,91.95032000039475,-463.443445486568,198.92884000002283,31.227777777777778,5.165459000909898,0.015707856802864593,0.290079530202
16.900000000000002,-1.4426,2.1233,10.3701,0.1296,-0.3982,0.2498,-255.40847389980084,91.95032000039475,-466.238025316724,200.28694400007424,31.25,5.163608951902784,0.006981210542892947,0.390107556335
17.0,3.4604,1.7662,9.4232,-0.0834,0.1142,0.1983,-255.40847389980084,91.95032000039475,-469.03932288684547,201.65618000104672,31.258333333333333,5.165284467984699,0.010472081977050348,0.1900514060025
17.1,-0.2479,3.4232,10.0948,0.1859,-0.0681,-0.1782,-255.40847389980084,91.95032000039475,-471.84062045696686,203.03654800056734,31.266666666666666,5.166139679318175,0.019198726491692745,0.1900514060025
17.2,3.2157,-3.4396,9.8899,0.3061,-0.2886,-0.1938,-255.40847389980084,91.95032000039475,-474.6419180271032,204.41691600008795,31.31111111111111,5.16821662112805,0.015707856802864593,0.1900514060025
17.3,-0.6349,-2.9249,10.5725,0.1006,-0.2747,0.0471,-255.40847389980084,91.95032000039475,-477.44321559720976,205.77502000013936,31.291666666666668,5.164272177018542,0.013962953411207752,0.09002572365885
17.400000000000002,2.0024,3.9686,9.5756,0.0615,-0.2498,0.0418,-255.40847389980084,91.95032000039475,-480.2445131673461,207.1442559995299,31.266666666666666,5.165668440420137,0.019198726491692745,0.0
17.5,-1.0983,-1.51,10.9387,0.2149,-0.2824,-0.0449,-255.40847389980084,91.95032000039475,-483.05924621742804,208.50236000037228,31.305555555555557,5.161671636433071,0.02268959443519164,0.09002572365885
17.6,8.1263,-0.321,9.4343,0.2159,-0.278,-0.158,-255.40847389980084,91.95032000039475,-485.8739792675099,209.82706800003342,31.277777777777775,5.156802167820007,0.026179938779914945,0.0
17.7,-0.3477,1.0854,7.5782,0.4844,-0.7138,-0.0163,-255.40847389980084,91.95032000039475,-488.6887123175918,211.17403999995474,31.23611111111111,5.156557821724727,0.02268959443519164,-0.09002572365885
17.8,-4.167,0.0252,11.2014,-0.1965,0.5957,-0.0205,-255.40847389980084,91.95032000039475,-491.50344536767375,212.49874800040686,31.194444444444443,5.155231371493211,0.015707856802864593,-0.09002572365885
17.900000000000002,-0.3991,-1.2791,9.18,-0.286,0.2452,0.1624,-255.40847389980084,91.95032000039475,-494.3248961577209,213.8457199995372,31.141666666666666,5.1548648523502925,0.010472081977050348,-0.1900537595985
18.0,-2.9998,2.0439,12.1013,-0.31,0.3543,0.2788,-500.40445083630755,217.51928000054505,-497.1463469477831,215.137032001181,31.069444444444443,5.147534469491917,0.010472081977050348,-0.390109909931
18.1,3.9023,-1.4278,8.9326,-0.1324,0.45,-0.1599,-500.40445083630755,217.51928000054505,-499.98795095777103,216.52853200004074,31.063888888888886,5.163347152514985,0.013962953411207752,-0.390109909931
18.2,0.1369,1.9153,10.2551,-0.0851,0.1453,-0.1736,-500.40445083630755,217.51928000054505,-502.7959662678727,217.85324000049286,31.008333333333333,5.157116327085364,0.01221751769412905,-0.49013568053449996
18.3,3.7607,-2.4779,9.968,-0.2306,0.3059,0.1119,-500.40445083630755,217.51928000054505,-505.5838283580486,219.1222880010855,30.916666666666664,5.146120752797801,0.013962953411207752,-0.5801613159335
18.400000000000002,-2.3319,2.1876,8.2992,-0.0997,0.0828,0.1068,-500.40445083630755,217.51928000054505,-508.39856140811554,220.3913360000962,30.852777777777774,5.139680487857942,0.015707856802864593,-0.5801613159335
18.5,0.2814,-0.3979,11.6737,-0.2379,0.3543,0.1488,-500.40445083630755,217.51928000054505,-511.1998589782519,221.67151600002796,30.791666666666664,5.137202120320109,0.015707856802864593,-0.49013568053449996
18.6,-4.6716,-1.1609,12.5032,-0.0137,0.0349,0.0521,-500.40445083630755,217.51928000054505,-513.9742855884672,222.96282800008981,30.680555555555557,5.141984322470575,0.015707856802864593,-0.49013568053449996
18.7,1.4132,0.2756,9.2773,-0.2968,0.8632,-0.191,-500.40445083630755,217.51928000054505,-516.7621476786431,224.24300800002158,30.694444444444443,5.139052169327224,0.01221751769412905,-0.49013568053449996
18.8,9.4428,1.2838,10.0343,0.493,-0.7384,-0.1602,-500.40445083630755,217.51928000054505,-519.5231388089129,225.53432000008343,30.669444444444444,5.147534469491917,0.013962953411207752,-0.390109909931
18.900000000000002,2.9360000000000004,1.0836,10.3696,-0.0919,0.2187,0.1221,-500.40445083630755,217.51928000054505,-522.2706944592221,226.82563200093625,30.577777777777776,5.1466268982808785,0.02268959443519164,-0.5801613159335
19.0,8.5138,0.3251,7.5279,-0.62,1.0248,0.0269,-500.40445083630755,217.51928000054505,-525.0518388094326,228.09467999994695,30.538888888888888,5.137638452633109,0.02268959443519164,-0.390109909931
19.1,-6.0054,1.1427,11.4122,0.2889,-0.6416,0.3313,-500.40445083630755,217.51928000054505,-527.7926767197617,229.3748599998787,30.491666666666664,5.142560281123732,0.024434504808165492,-0.290081883798
19.200000000000003,7.7766,4.3388,9.9693,0.4,-0.8022,0.3184,-500.40445083630755,217.51928000054505,-530.5603855900117,230.62164400100215,30.394444444444446,5.135317164727956,0.02268959443519164,-0.290081883798
19.3,-6.2098,-1.751,10.4178,0.6844,-0.9695,0.0409,-500.40445083630755,217.51928000054505,-533.2945057603755,231.94635199987232,30.33611111111111,5.148040614974994,0.019198726491692745,-0.390109909931
19.400000000000002,-2.2904,-0.2629,10.0173,0.2099,-0.1164,-0.191,-500.40445083630755,217.51928000054505,-536.0622146306255,233.21540000046497,30.38611111111111,5.139156889082344,0.019198726491692745,-0.390109909931
19.5,7.3193,0.6719,8.823,0.4602,-0.7923,0.0153,-500.40445083630755,217.51928000054505,-538.8097702809497,234.45105199987637,30.325,5.136853054469711,0.017453292519943295,-0.390109909931
19.6,4.8875,1.7478,7.7669,-0.1827,0.3533,0.0524,-500.40445083630755,217.51928000054505,-541.5640436712392,235.70896800033893,30.252777777777776,5.134584126442118,0.015707856802864593,-0.290081883798
19.700000000000003,3.7828,1.6408,10.1991,0.1088,-0.365,0.086,-500.40445083630755,217.51928000054505,-544.3317525414743,236.92235600028113,30.241666666666667,5.128650006985338,0.019198726491692745,-0.1900537595985
19.8,-6.9456,-0.7941,10.2997,-0.4542,0.9631,-0.1373,-500.40445083630755,217.51928000054505,-547.065872711838,238.21366800034298,30.211111111111112,5.138842729816985,0.019198726491692745,-0.1900537595985
19.900000000000002,4.2855,0.3654,8.3278,-0.1405,0.3554,-0.1476,-500.40445083630755,217.51928000054505,-549.8335815820881,239.404792000025,30.141666666666666,5.127166477121142,0.02268959443519164,-0.09002572365885
20.0,-7.637,0.1706,12.626,0.4532,-0.4982,0.0079,-500.40445083630755,217.51928000054505,-552.5945727123429,240.5847840003679,30.18888888888889,5.1217559564399595,0.013962953411207752,-0.1900537595985
20.1,0.3504,1.3728,9.9716,-0.2711,0.7018,-0.1362,-500.40445083630755,217.51928000054505,-555.3555638426127,241.76477599991983,30.116666666666667,5.119679014630087,0.013962953411207752,-0.09002572365885
20.200000000000003,-4.3205,0.9912,8.4522,-0.0188,0.0999,-0.2048,-500.40445083630755,217.51928000054505,-558.1165549728825,242.95590000039283,30.130555555555553,5.11840492427613,0.01221751769412905,-0.1900537595985
20.3,-0.0383,0.5434,8.0229,-0.285,0.3934,0.0974,-500.40445083630755,217.51928000054505,-560.870828363172,244.11362800047556,30.133333333333333,5.113186389812667,0.008726646259971648,-0.290081883798
20.400000000000002,5.0705,1.8233,8.6812,0.2182,-0.3746,0.1952,-500.40445083630755,217.51928000054505,-563.6251017534914,245.27135600055828,30.005555555555553,5.11252316469691,0.02268959443519164,-0.09002572365885
20.5,-0.2083,-0.2276,11.5432,0.0961,-0.1178,0.0915,-500.40445083630755,217.51928000054505,-566.379375143766,246.44021599998013,29.941666666666666,5.1109349150775945,0.031416240695163286,-0.09002572365885
20.6,3.6464,4.1935,10.8417,0.2442,-0.441,0.0888,-500.40445083630755,217.51928000054505,-569.1403662740208,247.59794400085383,29.925,5.110236783376798,0.029670806723413844,-0.1900537595985
20.700000000000003,3.2245,1.1589,11.3978,0.291,-0.6092,0.0675,-500.40445083630755,217.51928000054505,-571.8946396643403,248.7668039994847,29.90833333333333,5.113378376030387,0.020944160463442194,-0.290081883798
20.8,1.5628,1.9905,9.3806,0.2825,-0.6147,0.0106,-500.40445083630755,217.51928000054505,-574.6556307945802,249.86887200049892,29.93611111111111,5.10053275273571,0.010472081977050348,-0.390109909931
20.900000000000002,1.6172,4.2126,5.6064,0.0106,0.2752,-0.2353,-500.40445083630755,217.51928000054505,-577.396468704939,251.01546800045156,29.866666666666664,5.107356990111007,0.01221751769412905,-0.390109909931
21.0,-0.5955,0.2489,9.2635,0.0159,-0.146,0.0122,-500.40445083630755,217.51928000054505,-580.1440243552483,252.13980000014402,29.808333333333334,5.101021444926267,0.017453292519943295,-0.390109909931
21.1,4.0578,1.484,9.8425,-0.1877,0.3866,0.0668,-500.40445083630755,217.51928000054505,-582.8848622655773,253.27526399996657,29.71388888888889,5.1031507466137,0.031416240695163286,-0.5801613159335
21.200000000000003,1.0658,2.7153,10.4674,-0.1483,0.2842,0.0286,-500.40445083630755,217.51928000054505,-585.6257001759363,254.3884640003199,29.502777777777776,5.099572821647112,0.027925372751664394,-0.5801613159335
21.3,-0.4599,1.8286,9.9571,0.0069999999999999,0.0394,0.239,-500.40445083630755,217.51928000054505,-588.3531026063198,255.51279600001237,29.51111111111111,5.102243175402663,0.02268959443519164,-0.780217466266
21.400000000000002,0.8052,2.2141,10.1479,0.086,-0.2069,0.1626,-500.40445083630755,217.51928000054505,-591.0872227766836,256.59259999997545,29.413888888888888,5.094493913523808,0.019198726491692745,-0.8802455904654999
21.5,-2.2183,1.0349,9.3028,0.1974,-0.1729,-0.0167,-500.40445083630755,217.51928000054505,-593.8011897271064,257.7057999995378,29.36111111111111,5.0985430773884355,0.019198726491692745,-0.8802455904654999
21.6,1.2279,3.0033,6.922999999999999,-0.0719,0.2208,-0.2302,-500.40445083630755,217.51928000054505,-596.5017211975988,258.79673600042196,29.258333333333333,5.096151976313203,0.019198726491692745,-0.9802736165985
21.700000000000003,-4.287,2.171,9.2348,0.1951,-0.4396,-0.016,-500.40445083630755,217.51928000054505,-599.2089704080564,259.86540800025494,29.07222222222222,5.089694258080824,0.024434504808165492,-0.9802736165985
21.8,3.2485,0.5381,9.4122,0.1323,-0.046,0.1009999999999999,-500.40445083630755,217.51928000054505,-601.9027841385537,260.9340800008789,29.019444444444442,5.088908859917426,0.027925372751664394,-0.8802455904654999
21.900000000000002,2.4729,-1.0842,10.4043,0.1735,-0.3453,-0.0655,-500.40445083630755,217.51928000054505,-604.5965978690657,262.0027519999209,28.891666666666666,5.08780930248867,0.024434504808165492,-0.8802455904654999
22.0,-1.6028,0.5762,11.8812,0.1831,-0.2624,0.181,-500.40445083630755,217.51928000054505,-607.2904115995628,263.0380280001546,28.869444444444447,5.084528083494921,0.019198726491692745,-0.780217466266
22.1,-0.4087,1.7891,9.1288,0.0473,0.0535,-0.1047,-500.40445083630755,217.51928000054505,-609.964072110149,264.0844360005184,28.8,5.085138948733119,0.013962953411207752,-0.780217466266
22.200000000000003,-1.2896,0.7976,9.8604,-0.1254,0.2324,-0.2329,-500.40445083630755,217.51928000054505,-612.6377326207205,265.108580000622,28.724999999999998,5.081159598038572,0.013962953411207752,-0.780217466266
22.3,-0.5438,-0.3166,9.8022,0.0713,-0.2091,0.0171,-500.40445083630755,217.51928000054505,-615.3046753913264,266.1215920005955,28.65277777777778,5.075644357602269,0.017453292519943295,-0.6801894401329999
22.400000000000002,0.8432,1.2012,9.8841,-0.0512,0.0729,-0.0696,-500.40445083630755,217.51928000054505,-617.9514649419917,267.14573599990814,28.505555555555556,5.078995389766098,0.019198726491692745,-0.6801894401329999
22.5,1.0238,1.8283,10.6562,-0.0667,0.1703,0.0026,-500.40445083630755,217.51928000054505,-620.6116899726175,268.15874799988165,28.441666666666666,5.074963679193992,0.019198726491692745,-0.5801613159335
22.6,0.7757,0.4597,10.6459,0.0944,0.0059,-0.0063,-500.40445083630755,217.51928000054505,-623.265197263263,269.17176000064615,28.330555555555552,5.075871250405029,0.019198726491692745,-0.6801894401329999
22.700000000000003,0.0394,0.8889,9.2426,-0.1183,0.1284,0.0143,-500.40445083630755,217.51928000054505,-625.8985513339827,270.1959039999588,28.294444444444444,5.079292095738937,0.019198726491692745,-0.6801894401329999
22.8,-2.6863,3.2758,8.0483,0.1054,-0.0903,0.0135,-500.40445083630755,217.51928000054505,-628.5251876647222,271.2089159999323,28.23611111111111,5.0787335903783,0.017453292519943295,-0.6801894401329999
22.900000000000002,-1.8088,0.9351,9.6865,-0.06,0.1062,0.0867,-500.40445083630755,217.51928000054505,-631.1652594754221,272.1885320003065,28.194444444444443,5.073061270309318,0.015707856802864593,-0.6801894401329999
23.0,1.715,1.9337,8.7288,0.0152,-0.0524,0.0353,-500.40445083630755,217.51928000054505,-633.7918958061616,273.14588400042055,28.066666666666666,5.064962942580065,0.02268959443519164,-0.780217466266
23.1,2.5493,1.5669,8.7169,-0.0283,0.299,-0.1729,-500.40445083630755,217.51928000054505,-636.4050966569555,274.1255000000038,28.025,5.067127150852537,0.026179938779914945,-0.6801894401329999
23.200000000000003,1.9463,1.3797,9.483,0.1512,-0.2517,0.127,-500.40445083630755,217.51928000054505,-639.0182975077494,275.09398400024793,27.90277777777778,5.065259648552904,0.02268959443519164,-0.5801613159335
23.3,-1.6351,1.8961,10.571,-0.1092,0.0539,0.0961,-500.40445083630755,217.51928000054505,-641.6449338384889,276.02907200089277,27.84166666666667,5.0588019303205245,0.02268959443519164,-0.49013568053449996
23.400000000000002,0.2457,1.7919,9.3572,0.1542,-0.3144,0.163,-500.40445083630755,217.51928000054505,-644.2514169493024,276.97529200008574,27.83888888888889,5.060843965545358,0.024434504808165492,-0.49013568053449996
23.5,-2.4335,-0.8709,10.2996,0.0725,-0.1717,0.0021,-500.40445083630755,217.51928000054505,-646.8511823201358,277.9103799999396,27.752777777777776,5.059901487749281,0.019198726491692745,-0.49013568053449996
23.6,-0.2475,-0.0619,9.9687,0.0384,-0.1142,-0.078,-500.40445083630755,217.51928000054505,-649.4509476909693,278.84546800058445,27.70277777777778,5.0583655980075255,0.026179938779914945,-0.5801613159335
23.700000000000003,-1.7142,-0.9977,10.1886,0.1291,-0.2786,0.1531,-500.40445083630755,217.51928000054505,-652.0439953218373,279.7805560004383,27.644444444444442,5.056864614850811,0.024434504808165492,-0.49013568053449996
23.8,-0.2804,2.1592,8.6148,-0.1547,0.0915,0.0145,-500.40445083630755,217.51928000054505,-654.6303252127102,280.693380000032,27.575,5.0521696791629465,0.019198726491692745,-0.49013568053449996
23.900000000000002,4.1167,2.7086,9.2177,0.0968,-0.2188,0.1249,-500.40445083630755,217.51928000054505,-657.2233728435932,281.59507200028656,27.455555555555556,5.04799834225068,0.02268959443519164,-0.5801613159335
24.0,-1.3183,-1.0966,9.2997,-0.0381,0.1103,0.0065,-500.40445083630755,217.51928000054505,-659.7962672545206,282.50789599988025,27.372222222222224,5.049412058944795,0.024434504808165492,-0.6801894401329999
24.1,5.7327,1.9661,9.213,0.357,-0.5417,0.0807,-500.40445083630755,217.51928000054505,-662.3893148854036,283.3761920005355,27.272222222222222,5.041837329991139,0.031416240695163286,-0.780217466266
24.200000000000003,-0.7608,1.4067,9.8149,0.1341,-0.3453,0.0705,-500.40445083630755,217.51928000054505,-664.9487738163554,284.26675199986903,27.23611111111111,5.046130839951045,0.026179938779914945,-0.780217466266
24.3,2.8173,3.0996,10.0793,0.2511,-0.2882,0.0772,-500.40445083630755,217.51928000054505,-667.5149504873025,285.1461800006544,27.147222222222222,5.042552914984458,0.024434504808165492,-0.5801613159335
24.400000000000002,-2.0828,0.6682,9.7034,0.1875,-0.5191,-0.0376,-500.40445083630755,217.51928000054505,-670.0811271582645,286.0033440003886,27.116666666666667,5.038835363677709,0.019198726491692745,-0.49013568053449996
24.5,-2.2968,2.4583,9.4903,-0.063,0.2057,0.0039,-500.40445083630755,217.51928000054505,-672.6338683492661,286.8716400002529,27.027777777777775,5.036671155405236,0.019198726491692745,-0.5801613159335
24.6,-0.5581,-0.3746,9.7244,0.0339,-0.1947,0.0518,-500.40445083630755,217.51928000054505,-675.1866095402676,287.717672000648,26.997219444444443,5.034664026765443,0.019198726491692745,-0.5801613159335
24.700000000000003,-1.5567,-0.4198,9.7043,0.1962,-0.293,-0.0324,-500.40445083630755,217.51928000054505,-677.739350731269,288.552572000913,26.908333333333335,5.031749326914612,0.020944160463442194,-0.49013568053449996
24.8,3.54,1.1582,9.5953,0.049,-0.0638,-0.0999,-500.40445083630755,217.51928000054505,-680.2920919222705,289.37634000025696,26.86111111111111,5.0275430834173065,0.020944160463442194,-0.49013568053449996
24.900000000000002,0.0907,1.5828,10.0041,-0.1366,0.4171,-0.0709,-500.40445083630755,217.51928000054505,-682.8313976333266,290.1889760002618,26.769444444444446,5.025169435634593,0.02268959443519164,-0.49013568053449996
25.0,3.0036,-1.1599,10.7886,-0.2013,0.2682,0.1126,-500.40445083630755,217.51928000054505,-685.3774210843478,291.0127440003967,26.702777777777776,5.027228924151947,0.020944160463442194,-0.49013568053449996
25.1,-0.7796,0.5095,8.986,-0.0133,0.0362,-0.1342,-500.40445083630755,217.51928000054505,-687.9032913154432,291.8365120005316,26.708333333333336,5.028049228900384,0.020944160463442194,-0.49013568053449996
25.200000000000003,2.0253,-0.4187,10.2181,-0.0516,0.1484,-0.0566,-500.40445083630755,217.51928000054505,-690.4358792865189,292.63801600040637,26.616666666666664,5.022254735783763,0.019198726491692745,-0.49013568053449996
25.3,-0.7865,1.8774,9.3759,0.0235,0.1389,-0.054,-500.40445083630755,217.51928000054505,-692.9550317776341,293.4395200002811,26.602777777777774,5.022970320777081,0.020944160463442194,-0.290081883798
25.400000000000002,2.9136,1.3155,9.3117,-0.1635,0.1089,0.0127,-500.40445083630755,217.51928000054505,-695.474184268794,294.24102400015585,26.525,5.02021270055893,0.015707856802864593,-0.09002572365885
25.5,-0.0347,-2.5074,11.0209,-0.1052,0.2696,-0.0615,-500.40445083630755,217.51928000054505,-698.00677223984,295.0202640005614,26.563888888888886,5.013021944040713,0.017453292519943295,-0.09002572365885
25.6,2.9268,0.1083,9.7429,-0.1515,0.3708,-0.0685,-500.40445083630755,217.51928000054505,-700.5259247309551,295.810636001097,26.519444444444442,5.017786692898658,0.013962953411207752,-0.09002572365885
25.700000000000003,-2.3834,-0.8287,10.3879,-0.053,0.247,-0.1015,-500.40445083630755,217.51928000054505,-703.0450772220703,296.6010080000507,26.569444444444446,5.015133792435626,0.01221751769412905,0.0
25.8,-0.344,-0.7022,9.0773,-0.1747,0.3114,-0.1858,-500.40445083630755,217.51928000054505,-705.5709474531807,297.357984000987,26.59444444444444,5.009478925659164,0.013962953411207752,0.1900514060025
25.900000000000002,4.2286,-0.4773,10.0473,-0.2973,0.3909,0.0477,-500.40445083630755,217.51928000054505,-708.0968176842762,298.1372240006016,26.61111111111111,5.013074303918273,0.013962953411207752,0.290079530202
26.0,-0.7311,-2.0277,10.9616,-0.3044,0.2511,0.1142,-500.40445083630755,217.51928000054505,-710.6294056553518,298.89419999995596,26.624999999999996,5.008012849087489,0.013962953411207752,0.390107556335
26.1,2.971,-2.7941,9.5047,0.1486,-0.4013,-0.0131,-500.40445083630755,217.51928000054505,-713.1687113663928,299.6623080002314,26.65833333333333,5.008344461645368,0.019198726491692745,0.390107556335
26.200000000000003,-0.4854,0.9428,9.0581,0.0786,0.0358,-0.038,-500.40445083630755,217.51928000054505,-715.7080170774489,300.43041600050685,26.719441666666665,5.008780793958367,0.019198726491692745,0.49013568053449996
26.3,3.4924,-1.8678,10.9653,-0.2568,0.3176,0.0076,-500.40445083630755,217.51928000054505,-718.2473227884898,301.2096560001214,26.71388888888889,5.008728434080807,0.015707856802864593,0.390107556335
26.400000000000002,-1.8185,0.6003,10.069,0.1682,-0.1359,0.1162,-500.40445083630755,217.51928000054505,-720.793346239526,301.9443680000066,26.8,5.000665012936593,0.013962953411207752,0.5801613159335
26.5,1.3277,0.3278,9.253,0.1211,-0.3118,0.018,-500.40445083630755,217.51928000054505,-723.3528051704928,302.71247600028204,26.752777777777776,5.002846674501586,0.013962953411207752,0.49013568053449996
26.6,-4.6887,-0.9705,11.0022,0.3039,-0.3599,0.0751,-500.40445083630755,217.51928000054505,-725.9122641014746,303.4694520004274,26.87222222222222,5.002881581086626,0.017453292519943295,0.49013568053449996
26.700000000000003,0.6873,1.7975,10.135,0.2941,-0.1404,-0.0989,-500.40445083630755,217.51928000054505,-728.4717230324563,304.22642800057275,26.883333333333333,5.001206065004712,0.017453292519943295,0.49013568053449996
26.8,-2.4006,-0.0469,10.6013,0.1305,-0.3474,0.1414,-500.40445083630755,217.51928000054505,-731.0378997034035,304.972272000588,26.961111111111112,4.9975583268680435,0.017453292519943295,0.49013568053449996
26.900000000000002,3.6559,1.3937,8.8024,-0.0218,0.0247,-0.0911,-500.40445083630755,217.51928000054505,-733.6107941143456,305.7292479999424,26.92222222222222,4.998378631616481,0.013962953411207752,0.49013568053449996
27.0,2.8827,2.1149,10.0166,0.2147,-0.5039,0.0573,-739.9590583919631,308.35640000058646,-736.1904062652533,306.47509199995767,26.93888888888889,4.9963365963916475,0.026179938779914945,0.09002572365885
27.1,-2.4131,-0.0348,10.5889,0.2364,-0.3826,0.0593,-739.9590583919631,308.35640000058646,-738.7700184161608,307.19867200050373,26.916666666666668,4.992845937887659,0.03490658503988659,0.0
27.200000000000003,3.8021,-0.1186,10.2351,-0.1322,0.1967,0.0049,-739.9590583919631,308.35640000058646,-741.3429128271031,307.9333840003889,26.919444444444444,4.990960982295505,0.04014288695513494,-0.09002572365885
27.3,0.0669,1.0731,9.6708,-0.1666,0.2013,0.1384,-739.9590583919631,308.35640000058646,-743.9225249779957,308.6680960002741,26.855555555555558,4.993683695928616,0.03839745298338549,-0.09002572365885
27.400000000000002,2.5363,-0.0361,7.5669,-0.0962,0.2917,-0.1774,-739.9590583919631,308.35640000058646,-746.495419388938,309.3916760000292,26.824999999999996,4.990768996077785,0.03839745298338549,-0.290081883798
27.5,-1.6319,-0.5347,10.4163,-0.0503,0.14,-0.1957,-739.9590583919631,308.35640000058646,-749.0750315398456,310.07072800084586,26.79722222222222,4.9721986928365665,0.03490658503988659,-0.1900537595985
27.6,-0.6676,2.0332,9.0629,-0.1059,0.1335,0.1081,-739.9590583919631,308.35640000058646,-751.6479259507729,310.77204400034077,26.73888611111111,4.9817107372599345,0.04014288695513494,-0.390109909931
27.700000000000003,-0.2668,0.5395,8.9107,-0.0206,0.1407,-0.0331,-739.9590583919631,308.35640000058646,-754.2208203617002,311.46222800049657,26.747222222222224,4.974973766347237,0.03490658503988659,-0.290081883798
27.8,3.7257,0.8485,10.392,-0.3241,0.4384,0.0175,-739.9590583919631,308.35640000058646,-756.7869970326623,312.1301480003922,26.56111111111111,4.969458525910936,0.031416240695163286,-0.49013568053449996
27.900000000000002,2.2346,1.1144,10.507,-0.0584,0.2388,-0.0485,-739.9590583919631,308.35640000058646,-759.3598914435896,312.7869360009487,26.53888888888889,4.968166982264458,0.031416240695163286,-0.6801894401329999
28.0,-1.1568,0.7271,9.9867,-0.1258,0.3233,0.0236,-739.9590583919631,308.35640000058646,-761.9193503745713,313.44372399992324,26.405555555555555,4.963943285474633,0.031416240695163286,-0.780217466266
28.1,-0.1223,1.8347,10.296,0.235,-0.2117,0.0103,-739.9590583919631,308.35640000058646,-764.4653738255926,314.08938000034965,26.336111111111112,4.9620059700049195,0.02268959443519164,-0.9802736165985
28.200000000000003,-2.1203,1.3766,9.4763,-0.1438,0.2541,0.068,-739.9590583919631,308.35640000058646,-767.0046795366485,314.7350359999851,26.266666666666666,4.960365360508044,0.024434504808165492,-1.0702968003349989
28.3,-1.295,1.1761,9.7408,0.0489,-0.1626,-0.0581,-739.9590583919631,308.35640000058646,-769.5372675077242,315.3695600002814,26.122222222222224,4.958096432480451,0.02268959443519164,-1.0702968003349989
28.400000000000002,-1.5922,0.85,10.1302,-0.2433,0.5944,-0.0071,-739.9590583919631,308.35640000058646,-772.0564199988544,315.98182000031755,26.019444444444446,4.953872735690625,0.019198726491692745,-0.9802736165985
28.5,4.8998,1.155,9.7397,-0.2718,0.3629,-0.0275,-739.9590583919631,308.35640000058646,-774.5822902299349,316.5940800003537,25.863888888888887,4.952127406438631,0.015707856802864593,-0.9802736165985
28.6,-0.7337,0.5849,9.2367,-0.2677,0.3406,0.0156,-739.9590583919631,308.35640000058646,-777.0880072411045,317.19520800025975,25.830555555555552,4.951150022057514,0.015707856802864593,-0.780217466266
28.700000000000003,4.7195,0.1119,9.1426,-0.2132,0.6057,-0.091,-739.9590583919631,308.35640000058646,-779.5870065122939,317.7963360009568,25.744444444444447,4.9488461874448815,0.017453292519943295,-0.6801894401329999
28.8,-2.5225,-1.2224,10.1372,-0.0221,0.0343,-0.0924,-739.9590583919631,308.35640000058646,-782.0725703035378,318.3863319999418,25.7,4.948619294642123,0.019198726491692745,-0.6801894401329999
28.900000000000002,-3.5542,0.9229,9.1455,-0.2344,0.4063,-0.0355,-739.9590583919631,308.35640000058646,-784.5581340947815,318.9874600006388,25.616666666666667,4.946821605512568,0.019198726491692745,-0.6801894401329999
29.0,0.6688,0.9804,9.6508,-0.2784,0.5051,-0.1916,-739.9590583919631,308.35640000058646,-787.0369801460301,319.5551920001546,25.530555555555555,4.942667721892822,0.013962953411207752,-0.5801613159335
29.1,-2.0482,2.1757,9.239,-0.0326,-0.0709,0.0551,-739.9590583919631,308.35640000058646,-789.5091084573285,320.14518799993056,25.46388888888889,4.944639943947576,0.017453292519943295,-0.6801894401329999
29.200000000000003,3.6199,1.8995,9.3902,0.3416,-0.4258,0.0834,-739.9590583919631,308.35640000058646,-791.9745190286314,320.7129200002373,25.319444444444446,4.938444025102996,0.019198726491692745,-0.6801894401329999
29.3,-1.3833,3.5406,9.8158,0.1443,-0.2826,-0.0138,-739.9590583919631,308.35640000058646,-794.4399295999494,321.2806520005441,25.216666666666665,4.940486060327829,0.020944160463442194,-0.8802455904654999
29.400000000000002,2.6904,-0.3784,9.8151,0.0443,-0.1001,0.0235,-739.9590583919631,308.35640000058646,-796.8851869513268,321.8372519999298,25.038888888888888,4.939194516681353,0.019198726491692745,-1.4704091009999998
29.5,2.381,0.6228,10.6985,0.0749,-0.2029,0.0999,-739.9590583919631,308.35640000058646,-799.3237265627386,322.39385200010645,24.84166666666667,4.937309561089199,0.02268959443519164,-2.250627155665
29.6,2.9755,-0.1671,11.1001,-0.099,0.0371,-0.0087,-739.9590583919631,308.35640000058646,-801.7286774742643,322.93932000015303,24.6,4.936000564150204,0.026179938779914945,-2.5507106456649997
29.700000000000003,-0.4913,0.1025,9.7485,0.2483,-0.271,0.0127,-739.9590583919631,308.35640000058646,-804.1134751658641,323.4736560000695,24.505555555555553,4.93401088880293,0.020944160463442194,-1.7604907886649999
29.8,-2.8124,1.3501,10.4389,-0.1479,0.2652,-0.0663,-739.9590583919631,308.35640000058646,-806.4848373774885,324.007992000777,24.388888888888886,4.935459512082085,0.015707856802864593,-0.8802455904654999
29.900000000000002,1.6686,0.3431,9.4006,0.0763,0.0059,-0.0589,-739.9590583919631,308.35640000058646,-808.8494818491624,324.5089320003032,24.344444444444445,4.9253889622980775,0.010472081977050348,-0.5801613159335
30.0,-3.0924,0.8048,10.5075,-0.19,0.3531,-0.1548,-739.9590583919631,308.35640000058646,-811.2141263208214,325.0321360000896,24.27222222222222,4.928129129223708,0.008726646259971648,-0.49013568053449996
30.1,1.208,0.0576,9.5732,-0.1469,0.166,0.0289,-739.9590583919631,308.35640000058646,-813.5720530525152,325.5442080005369,24.183333333333334,4.927012118502433,0.01221751769412905,-0.49013568053449996
30.200000000000003,-1.5432,0.6098,9.7649,-0.2176,0.1804,0.0595,-739.9590583919631,308.35640000058646,-815.9232620442286,326.04514799927216,24.133333333333333,4.924429031209481,0.01221751769412905,-0.390109909931
30.3,0.4724,0.8848,10.2341,-0.008,0.121,-0.1127,-739.9590583919631,308.35640000058646,-818.2744710359422,326.5572200005104,24.09166666666667,4.928338568733948,0.010472081977050348,-0.390109909931
30.400000000000002,0.3444,-1.9905,10.547,0.1007,0.1584,-0.1043,-739.9590583919631,308.35640000058646,-820.6256800276408,327.05816000003665,24.09999722222222,4.925127162910279,0.0052363071512361034,-0.1900537595985
30.5,2.8302,-0.1927,9.8504,-0.3202,0.278,0.0125,-739.9590583919631,308.35640000058646,-822.9634535394086,327.54796800022376,24.07777777777778,4.919699188936576,0.0034908714341574023,-0.09002572365885
30.6,0.303,-0.3268,10.075,0.1134,-0.1253,-0.0373,-739.9590583919631,308.35640000058646,-825.3012270511766,328.04890800054096,24.066666666666666,4.923835619263803,0.0052363071512361034,0.0
30.700000000000003,-2.7681,-0.411,10.4266,-0.1435,0.2801,-0.02,-739.9590583919631,308.35640000058646,-827.6457183029247,328.5498479992762,24.03611111111111,4.924149778529161,0.006981210542892947,0.0
30.8,2.4868,-0.0398,10.0078,-0.1766,0.2436,-0.034,-739.9590583919631,308.35640000058646,-829.9834918146778,329.0507880003844,24.055555555555554,4.921269985263371,0.0052363071512361034,0.0
30.900000000000002,-0.6171,-1.2904,10.9307,0.0432,-0.0742,0.051,-739.9590583919631,308.35640000058646,-832.3212653264308,329.5405960005715,24.075,4.922195009766928,0.01221751769412905,0.09002572365885
31.0,0.2926,0.1954,8.8215,0.0469,-0.0485,0.0072,-739.9590583919631,308.35640000058646,-834.6590388381987,330.0415360000977,24.108333333333334,4.922596435494888,0.010472081977050348,0.1900514060025
31.1,-0.8912,2.1759,9.5512,0.0192,0.0587,-0.0102,-739.9590583919631,308.35640000058646,-837.0035300899319,330.53134400028483,24.113888888888887,4.920851106242893,0.0052363071512361034,0.290079530202
31.200000000000003,0.7776,-0.8747,11.039,-0.0522,-0.1081,0.0459,-739.9590583919631,308.35640000058646,-839.3480213416651,331.02115200047194,24.175,4.918180752487341,0.010472081977050348,0.390107556335
31.3,0.1568,-1.0611,9.0646,0.091,0.1263,-0.0145,-739.9590583919631,308.35640000058646,-841.6925125933984,331.52209199999817,24.180555555555554,4.920519493685013,0.010472081977050348,0.5801613159335
31.400000000000002,1.3094,0.1254,9.6823,0.0219,0.0069,0.023,-739.9590583919631,308.35640000058646,-844.0504393250773,332.0007680000552,24.227777777777778,4.91556275860935,0.013962953411207752,0.5801613159335
31.5,-0.2773,0.0316,10.71,0.0073,-0.0235,0.128,-739.9590583919631,308.35640000058646,-846.4150837967661,332.5017080003724,24.33888888888889,4.921200172093291,0.013962953411207752,0.5801613159335
31.6,0.4491,-0.8348,9.4653,0.0934,0.1056,0.0022,-739.9590583919631,308.35640000058646,-848.773010528445,332.9915160005595,24.391666666666666,4.919140683575938,0.019198726491692745,0.6801894401329999
31.700000000000003,1.1538,0.3806,11.223,-0.1974,0.0733,-0.0228,-739.9590583919631,308.35640000058646,-851.1510904800646,333.48132399995563,24.405555555555555,4.914236308377834,0.019198726491692745,0.780217466266
31.8,-0.2628,0.5839,9.6118,0.1419,-0.1001,0.0419,-739.9590583919631,308.35640000058646,-853.529170431684,333.96000000001266,24.483333333333334,4.911775394132523,0.02268959443519164,0.6801894401329999
31.900000000000002,0.9098,-0.3303,10.018,-0.1435,0.0764,-0.0201,-739.9590583919631,308.35640000058646,-855.9139681232838,334.44980800019977,24.525000000000002,4.913311283874277,0.03316115106813714,0.49013568053449996
32.0,0.1224,1.7787,9.7337,0.0325,0.0692,-0.0271,-739.9590583919631,308.35640000058646,-858.3054835548638,334.92848400104776,24.522222222222222,4.910606023533687,0.031416240695163286,0.290079530202
32.1,0.6208,-0.5991,10.5163,-0.0408,0.1172,0.1683,-739.9590583919631,308.35640000058646,-860.6969989864141,335.3960280001837,24.616666666666667,4.9099777050029685,0.027925372751664394,0.290079530202
32.2,0.3804,-1.1272,9.8774,-0.0398,-0.0944,0.099,-739.9590583919631,308.35640000058646,-863.0952321579744,335.87470399944976,24.586108333333332,4.906975738689537,0.031416240695163286,0.390107556335
32.300000000000004,0.0644,0.6884,9.9355,0.1588,0.1132,-0.145,-739.9590583919631,308.35640000058646,-865.4934653295197,336.3311160000376,24.57777777777778,4.903519986770589,0.027925372751664394,0.390107556335
32.4,-0.6003,-1.3956,10.7621,0.1355,-0.0595,-0.0745,-739.9590583919631,308.35640000058646,-867.8916985010651,336.7763960004953,24.65,4.898964677422883,0.026179938779914945,0.390107556335
32.5,-0.2752,-0.6754,9.1744,-0.0295,0.1381,0.0143,-739.9590583919631,308.35640000058646,-870.3100848925363,337.22167600016206,24.747222222222224,4.892803665163344,0.027925372751664394,0.5801613159335
32.6,1.0561,-0.3454,10.4234,0.0051,0.0177,0.0936,-739.9590583919631,308.35640000058646,-872.7217535440421,337.6669560006198,24.816666666666666,4.894357008197618,0.02268959443519164,0.780217466266
32.7,0.5769,-0.3272,9.1511,-0.021,-0.012,0.1065,-739.9590583919631,308.35640000058646,-875.1468576754936,338.10110400015645,24.90833333333333,4.891494668224348,0.019198726491692745,0.9802712630025
32.800000000000004,-0.4904,-0.3469,9.4083,0.002,-0.0093,0.0105,-739.9590583919631,308.35640000058646,-877.5853972868907,338.524120000354,24.977777777777778,4.887183704971922,0.019198726491692745,0.9802712630025
32.9,-1.194,-0.7111,9.7519,0.0376,-0.0786,-0.0025,-739.9590583919631,308.35640000058646,-880.0373723782482,338.94713600055155,25.09166388888889,4.885961974495526,0.017453292519943295,1.0702968003349989
33.0,0.7974,-2.1668,9.7231,-0.0497,-0.0136,-0.0463,-739.9590583919631,308.35640000058646,-882.4960652095858,339.3701519999581,25.18333333333333,4.883047274644696,0.017453292519943295,1.0702968003349989
33.1,-0.8764,-0.9692,10.32,0.1736,-0.118,0.0579,-739.9590583919631,308.35640000058646,-884.9614757808889,339.80430000028576,25.266666666666666,4.885002043406929,0.020944160463442194,1.0702968003349989
33.2,0.2494,0.3111,9.2549,0.042,0.0409,-0.032,-739.9590583919631,308.35640000058646,-887.4403218321675,340.2161840003532,25.38611111111111,4.8815637447805,0.02268959443519164,1.0702968003349989
33.300000000000004,-0.3107,-0.3248,9.7278,0.0158,-0.0093,-0.0412,-739.9590583919631,308.35640000058646,-889.9258856233963,340.6392000005508,25.46388888888889,4.881022692712382,0.02268959443519164,1.0702968003349989
33.4,0.5304,-0.1464,9.7204,-0.0198,0.0116,0.0761,-739.9590583919631,308.35640000058646,-892.4248848946006,341.05108400061823,25.54444444444444,4.879085377242668,0.02268959443519164,1.0702968003349989
33.5,0.6428,-2.6826,10.519,0.1104,-0.147,0.0044,-739.9590583919631,308.35640000058646,-894.9373196457356,341.4629679998947,25.652777777777775,4.874966400207962,0.02268959443519164,1.0702968003349989
33.6,2.1965,-1.2474,10.5317,-0.0912,0.1617,-0.0686,-739.9590583919631,308.35640000058646,-897.4564721368657,341.8748519999622,25.705555555555556,4.8740937355819645,0.019198726491692745,0.9802712630025
33.7,-0.1909,-2.632,9.5633,0.1685,-0.1131,0.0325,-739.9590583919631,308.35640000058646,-899.9823423679612,342.28673600002963,25.816663888888886,4.8756121720312,0.02268959443519164,0.8802455904654999
33.800000000000004,-2.1907,-1.0512,10.4009,-0.0463,0.3653,-0.0686,-739.9590583919631,308.35640000058646,-902.5216480789871,342.6763560006279,25.938888888888886,4.867478937716906,0.02268959443519164,1.0702968003349989
33.9,0.9179,-0.3346,9.52,-0.1141,0.1525,-0.0767,-739.9590583919631,308.35640000058646,-905.0676715300384,343.07710800056526,26.016666666666666,4.870254011227577,0.02268959443519164,1.170324630334999
34.0,-0.7161,-2.1864,10.3027,-0.0213,0.1782,-0.0651,-739.9590583919631,308.35640000058646,-907.62713046102,343.4555959994515,26.144444444444446,4.8630283481243195,0.02268959443519164,1.170324630334999
34.1,1.2325,-1.2812,8.78,-0.0809,0.052,-0.061,-739.9590583919631,308.35640000058646,-910.1865893919869,343.8563480001798,26.216666666666665,4.8662921138255495,0.02268959443519164,1.170324630334999
34.2,-1.9141,-1.3311,9.6496,-0.1875,0.2688,0.0305,-739.9590583919631,308.35640000058646,-912.7729192828896,344.234836000648,26.333333333333332,4.8597994890081315,0.02268959443519164,1.170324630334999
34.300000000000004,2.3078,-1.4844,9.1985,-0.1457,0.3091,-0.0259,-739.9590583919631,308.35640000058646,-915.3659669137428,344.6133240003252,26.422222222222224,4.859258436940013,0.019198726491692745,1.0702968003349989
34.4,-1.7273,-1.9815,10.2397,-0.0104,0.0511,-0.0136,-739.9590583919631,308.35640000058646,-917.9657322845762,344.99181200000237,26.54999722222222,4.8581937860962965,0.019198726491692745,1.0702968003349989
34.5,-1.3658,-0.8764,9.7847,-0.1356,0.3058,-0.0376,-739.9590583919631,308.35640000058646,-920.5722153953899,345.37030000047054,26.622222222222224,4.855540885633265,0.019198726491692745,1.170324630334999
34.6,2.8843,-2.3785,10.4413,-0.2594,0.3179,0.0368,-739.9590583919631,308.35640000058646,-923.1988517261293,345.72652399988755,26.72222222222222,4.851055389455639,0.019198726491692745,1.170324630334999
34.7,-0.9959,-1.6151,10.7185,-0.1077,0.123,0.0645,-739.9590583919631,308.35640000058646,-925.832205796849,346.0938800002256,26.852777777777778,4.851578988231238,0.017453292519943295,1.170324630334999
34.800000000000004,1.6732,-1.5713,8.0345,0.0873,-0.2268,0.1293,-739.9590583919631,308.35640000058646,-928.4789953475142,346.4612360005637,26.93333333333333,4.849886018856803,0.019198726491692745,1.170324630334999
34.9,0.9946,-0.1481,7.7908,-0.0433,0.1728,-0.1416,-739.9590583919631,308.35640000058646,-931.1325026381598,346.8174599999807,27.052777777777777,4.848105783019769,0.013962953411207752,1.170324630334999
35.0,2.6904,-1.8063,10.9774,0.3291,-0.265,-0.1553,-739.9590583919631,308.35640000058646,-933.7994454087659,347.1736840001887,27.15277777777778,4.845522695726817,0.013962953411207752,1.170324630334999
35.1,-2.6281,1.845,9.509,-0.0572,-0.0928,0.1791,-739.9590583919631,308.35640000058646,-936.4731059193372,347.5187760010576,27.255555555555556,4.842363649780707,0.017453292519943295,1.270353441
35.2,-0.4676,-1.0301,9.7589,0.0703,-0.0613,0.103,-739.9590583919631,308.35640000058646,-939.160201909869,347.8750000004746,27.349999999999998,4.8442486053728615,0.015707856802864593,1.270353441
35.300000000000004,-0.2943,-1.0195,9.6339,-0.0889,0.2283,-0.1486,-739.9590583919631,308.35640000058646,-941.8674511203266,348.2200920005525,27.48611111111111,4.843375940746864,0.013962953411207752,1.170324630334999
35.4,3.1537,-1.9909,9.4017,0.2269,-0.3246,0.0007,-739.9590583919631,308.35640000058646,-944.5747003307843,348.5763159999695,27.59166388888889,4.842311289903148,0.010472081977050348,1.170324630334999
35.5,-0.4464,-0.3632,9.3253,0.0003,-0.0966,-0.0075,-739.9590583919631,308.35640000058646,-947.2953850211875,348.9102759999173,27.694444444444443,4.838192312868442,0.0052363071512361034,1.170324630334999
35.6,0.2917,0.4709,9.4028,0.1492,-0.1429,0.1046,-739.9590583919631,308.35640000058646,-950.0295051915662,349.2665000001253,27.791666666666664,4.840216894800755,0.0052363071512361034,1.170324630334999
35.7,-4.8877,-0.7691,10.4069,-0.1616,0.21,0.0169,-739.9590583919631,308.35640000058646,-952.7703431018953,349.6004600000731,27.916666666666664,4.837494181167643,0.017453292519943295,1.170324630334999
35.800000000000004,-0.8616,-1.3426,9.7001,0.2915,-0.4115,-0.0175,-739.9590583919631,308.35640000058646,-955.5246164921997,349.94555199936,28.008333333333333,4.836586609956606,0.020944160463442194,1.270353441
35.9,-3.8248,0.1799,10.0312,0.0241,-0.0364,-0.0322,-739.9590583919631,308.35640000058646,-958.2923253624348,350.2795120000988,28.133333333333333,4.83539978606525,0.020944160463442194,1.270353441
36.0,-3.7908,-0.9886,9.6544,-0.2215,0.4344,0.1272,-965.540766796898,350.2127200009002,-961.0734697126304,350.6134720008376,28.227777777777778,4.8331308580376575,0.019198726491692745,1.170324630334999
36.1,-2.4803,-1.3538,9.5991,0.2062,-0.5139,0.0494,-965.540766796898,350.2127200009002,-963.8613318028063,350.9585640001245,28.352777777777774,4.8345445747317735,0.024434504808165492,1.170324630334999
36.2,-2.73,-1.5847,9.4214,-0.0263,0.159,-0.0902,-965.540766796898,350.2127200009002,-966.6626293729427,351.28139199994223,28.46111111111111,4.829535479778549,0.019198726491692745,1.0702968003349989
36.300000000000004,-2.1009,1.864,9.7509,0.0746,-0.3293,-0.0006,-965.540766796898,350.2127200009002,-969.4706446830442,351.6042200005509,28.538888888888888,4.829081694173031,0.02268959443519164,1.170324630334999
36.4,-3.8463,-0.2643,10.9205,-0.396,0.6434,-0.131,-965.540766796898,350.2127200009002,-972.2920954730914,351.92704800036864,28.66944444444444,4.825486315913922,0.02268959443519164,1.170324630334999
36.5,5.284,-3.8235,9.9736,0.0605,-0.0987,-0.0434,-965.540766796898,350.2127200009002,-975.1269817430991,352.2276119999262,28.71111111111111,4.822850868743411,0.026179938779914945,1.170324630334999
36.6,-0.0467,1.2045,10.0406,-0.4535,0.8034,-0.1546,-965.540766796898,350.2127200009002,-977.9753034930674,352.5393080004048,28.84722222222222,4.8212800724166165,0.027925372751664394,1.0702968003349989
36.7,4.9354,-2.17,9.3013,-0.1007,0.2226,-0.0064,-965.540766796898,350.2127200009002,-980.8236252430207,352.8510040000924,28.966666666666665,4.820861193396137,0.031416240695163286,1.0702968003349989
36.800000000000004,-2.9252,-1.7704,9.4597,-0.3896,0.6867,0.0471,-965.540766796898,350.2127200009002,-983.6921002129147,353.14043600031084,29.066666666666666,4.815817191857874,0.03490658503988659,1.0702968003349989
36.9,6.1059,-3.7445,8.5496,-0.3663,0.7774,-0.1874,-965.540766796898,350.2127200009002,-986.567292922789,353.4187360003992,29.166666666666664,4.811453868727888,0.04363323129985824,1.170324630334999
37.0,-3.2267,-1.8366,9.845,-0.0874,0.342,-0.0956,-965.540766796898,350.2127200009002,-989.4492033726136,353.7192999999567,29.255555555555553,4.81381006321808,0.045378665271607686,1.0702968003349989
37.1,-4.4951,0.9865,10.5878,-0.3179,0.6594,-0.1319,-965.540766796898,350.2127200009002,-992.3445493024138,353.97533600057585,29.369444444444444,4.8068461995026235,0.03316115106813714,1.170324630334999
37.2,-3.8668,0.9145,10.7673,0.2428,-0.1421,-0.0964,-965.540766796898,350.2127200009002,-995.2533307121744,354.2425040005341,29.45,4.802622502712797,0.029670806723413844,1.0702968003349989
37.300000000000004,-0.4012,-1.0855,9.7898,-0.3413,0.481,0.0662,-965.540766796898,350.2127200009002,-998.1755476018806,354.48740800023216,29.555555555555557,4.799847429202126,0.026179938779914945,1.170324630334999
37.4,5.495,-2.2917,8.5842,0.253,-0.413,0.1305,-965.540766796898,350.2127200009002,-1001.104482231552,354.7211800005911,29.674999999999997,4.794419455228423,0.027925372751664394,1.0702968003349989
37.5,-3.6247,2.0482,9.8885,-0.146,0.2594,-0.1284,-965.540766796898,350.2127200009002,-1004.0401346012037,354.9549519993681,29.766666666666666,4.793599150479986,0.026179938779914945,1.0702968003349989
37.6,5.3727,-3.7572,9.6965,-0.3379,0.6671,-0.0967,-965.540766796898,350.2127200009002,-1006.9892224508011,355.18872400051805,29.85833333333333,4.791784008057912,0.020944160463442194,1.0702968003349989
37.7,-4.3423,-1.4557,10.7985,0.2876,-0.3401,0.066,-965.540766796898,350.2127200009002,-1009.951745780359,355.41136399995594,29.91944444444444,4.787001805907447,0.019198726491692745,1.170324630334999
37.800000000000004,3.2514,-2.9492,10.0215,0.3008,-0.5424,0.0044,-965.540766796898,350.2127200009002,-1012.9209868498968,355.6340040001848,30.033333333333335,4.7865654735944485,0.02268959443519164,1.0702968003349989
37.9,-3.7758,2.3922,7.7944,0.4022,-0.2695,-0.1604,-965.540766796898,350.2127200009002,-1015.9036633993954,355.86777600054376,30.155555555555555,4.790597184166556,0.020944160463442194,0.9802712630025
38.0,2.5533,-2.7826,9.5199,0.3047,-0.3183,-0.0139,-965.540766796898,350.2127200009002,-1018.886339948879,356.07928400064253,30.205555555555552,4.784540891662136,0.015707856802864593,0.9802712630025
38.1,-2.4832,2.1744,9.4093,-0.1071,-0.0121,0.1314,-965.540766796898,350.2127200009002,-1021.8824519783083,356.29079199995033,30.31111111111111,4.782341776804622,0.01221751769412905,0.780217466266
38.2,2.1314,-1.2457,8.6713,0.0835,-0.0289,-0.0087,-965.540766796898,350.2127200009002,-1024.8785640077524,356.51343200097017,30.366666666666664,4.785675355675932,0.013962953411207752,0.780217466266
38.300000000000004,-0.2729,0.3759,9.5281,0.0819999999999999,-0.154,-0.009,-965.540766796898,350.2127200009002,-1027.8881115171569,356.72494000027797,30.40833333333333,4.78309226838298,0.019198726491692745,0.8802455904654999
38.400000000000006,-1.2457,0.5553,10.4735,0.0069999999999999,-0.0211,-0.0403,-965.540766796898,350.2127200009002,-1030.904376766512,356.93644800037674,30.508333333333333,4.782202150464463,0.020944160463442194,0.5801613159335
38.5,-1.8785,1.5574,9.1709,0.2597,-0.1748,-0.0771,-965.540766796898,350.2127200009002,-1033.9273597558474,357.1368240003454,30.56111111111111,4.7784671458651955,0.015707856802864593,0.49013568053449996
38.6,-1.3531,1.2409,10.6586,-0.0959,0.2444,0.0233,-965.540766796898,350.2127200009002,-1036.963778225143,357.31493600005393,30.53333333333333,4.775063753823806,0.0052363071512361034,0.49013568053449996
38.7,1.4943,-2.3251,9.7221,-0.1568,0.1162,-0.0568,-965.540766796898,350.2127200009002,-1040.0001966944537,357.50417999989253,30.641666666666666,4.773178798231652,0.0034908714341574023,0.390107556335
38.800000000000004,-2.3543,1.7522,7.8752,-0.2957,0.5015,0.0897,-965.540766796898,350.2127200009002,-1043.0298974237692,357.7045560006522,30.68888888888889,4.776302937592723,0.008726646259971648,0.5801613159335
38.900000000000006,3.3865,-3.2265,9.8792,-0.3492,0.4788,-0.0019,-965.540766796898,350.2127200009002,-1046.0730336330453,357.9049320006209,30.727777777777778,4.777489761484079,0.010472081977050348,0.6801894401329999
39.0,-2.5933,1.9271,9.8232,0.0279,0.1164,-0.0663,-965.540766796898,350.2127200009002,-1049.1161698423211,358.09417600045947,30.81388888888889,4.7739816496875696,0.013962953411207752,0.6801894401329999
39.1,-2.9345,0.1083,9.5134,-0.1461,0.3957,-0.201,-965.540766796898,350.2127200009002,-1052.1660237915776,358.29455200042815,30.84722222222222,4.7757444322320834,0.01221751769412905,0.6801894401329999
39.2,-0.4036,-1.4172,7.5813,0.2454,-0.3368,-0.1532,-965.540766796898,350.2127200009002,-1055.2293132207792,358.47266400013666,30.933333333333334,4.773108985061573,0.008726646259971648,0.6801894401329999
39.300000000000004,-1.408,1.1276,11.0362,-0.1306,-0.0651,0.2705,-965.540766796898,350.2127200009002,-1058.3127558699068,358.62851200037596,31.008333333333333,4.767384305115031,0.008726646259971648,0.6801894401329999
39.400000000000006,1.295,1.6782,7.8033,-0.1274,-0.0329,0.2236,-965.540766796898,350.2127200009002,-1061.3693275591434,358.8288880011356,31.055555555555554,4.773143891646613,0.013962953411207752,0.6801894401329999
39.5,0.9494,1.5674,8.328,0.1418,0.1821,-0.3133,-965.540766796898,350.2127200009002,-1064.4594879482513,358.99586799992306,31.125,4.7678904505981095,0.019198726491692745,0.6801894401329999
39.6,1.889,-5.9353,12.05,0.3506,-0.1692,-0.3056,-965.540766796898,350.2127200009002,-1067.5563660773244,359.1294519999022,31.208333333333332,4.7631606083252045,0.02268959443519164,0.6801894401329999
39.7,-1.0532,2.5198,8.0944,-0.0536,0.115,0.1047,-965.540766796898,350.2127200009002,-1070.6532442064126,359.3298279998709,31.258333333333333,4.77092732349658,0.02268959443519164,0.6801894401329999
39.800000000000004,-3.2002,1.2571,7.3722,0.0221,-0.0242,0.0416,-965.540766796898,350.2127200009002,-1073.7434045955204,359.49680800024026,31.305555555555557,4.766808346461873,0.031416240695163286,0.6801894401329999
39.900000000000006,-0.4492,-3.214,10.9837,-0.1742,0.1647,0.2192,-965.540766796898,350.2127200009002,-1076.8604359445494,359.65265600047957,31.402777777777775,4.763090795155125,0.031416240695163286,0.6801894401329999
40.0,4.7308,-2.117,9.4094,0.3091,-0.4167,-0.0059,-965.540766796898,350.2127200009002,-1079.9841850335285,359.7639760001985,31.455555555555552,4.754870294378232,0.027925372751664394,0.6801894401329999
40.1,-1.8117,-2.9244,10.7215,0.1953,-0.1401,0.0678,-965.540766796898,350.2127200009002,-1083.107934122523,359.9086920003077,31.541666666666664,4.756144384732187,0.031416240695163286,0.5801613159335
40.2,2.9001,2.4871,8.302999999999999,0.0445,-0.1399,0.0651,-965.540766796898,350.2127200009002,-1086.2384009514824,360.02001200002667,31.552777777777777,4.752060314282521,0.03490658503988659,0.6801894401329999
40.300000000000004,3.5125,0.5754,9.8408,0.0526,-0.2027,-0.0155,-965.540766796898,350.2127200009002,-1089.3823032604023,360.1202000004065,31.647222222222222,4.747243205547017,0.03316115106813714,0.5801613159335
40.400000000000006,3.1957,1.5618,11.2058,-0.1206,0.1402,0.1872,-965.540766796898,350.2127200009002,-1092.5329233093323,360.20925600065624,31.724999999999998,4.741239272920156,0.031416240695163286,0.5801613159335
40.5,2.1976,-1.3209,9.5198,0.0567,-0.1568,0.0673,-965.540766796898,350.2127200009002,-1095.690261098168,360.2871799999849,31.761111111111113,4.738568919164605,0.031416240695163286,0.6801894401329999
40.6,-1.1303,-3.6778,10.0528,-0.152,0.1703,-0.0705,-965.540766796898,350.2127200009002,-1098.854316627014,360.3539719999745,31.791666666666668,4.734624475055098,0.031416240695163286,0.6801894401329999
40.7,-2.9701,-3.1426,11.4367,0.1295,-0.4186,0.2662,-965.540766796898,350.2127200009002,-1102.0183721558747,360.42076399996404,31.9,4.735270246878335,0.029670806723413844,0.5801613159335
40.800000000000004,-4.0727,-1.7484,8.4428,-0.5079,0.7113,0.0862,-965.540766796898,350.2127200009002,-1105.195863164681,360.4652920004844,31.969444444444445,4.729213954373915,0.027925372751664394,0.6801894401329999
40.900000000000006,7.1285,-0.1848,9.6673,-0.0742,0.2687,-0.0119,-965.540766796898,350.2127200009002,-1108.3800719134376,360.5098200002138,32.00555555555555,4.728062037067599,0.026179938779914945,0.6801894401329999
41.0,-7.3708,-0.1852,10.0126,-0.4919,1.026,0.0108,-965.540766796898,350.2127200009002,-1111.5709984022046,360.54321600060405,32.06388888888889,4.7254614964821275,0.019198726491692745,0.6801894401329999
41.1,10.3143,-0.7304,10.8636,-0.8639,1.1982,0.0108,-965.540766796898,350.2127200009002,-1114.7619248909414,360.57661200020334,32.138888888888886,4.722808596019096,0.017453292519943295,0.6801894401329999
41.2,0.0216,0.6609,9.0936,-0.4584,0.6005,0.0917,-965.540766796898,350.2127200009002,-1117.9528513797084,360.6100080005936,32.22222222222222,4.723960513325412,0.02268959443519164,0.5801613159335
41.300000000000004,11.1822,1.4984,10.4305,-0.7585,1.3468,-0.0687,-965.540766796898,350.2127200009002,-1121.1639310884011,360.6211399999327,32.26111111111111,4.718794338739509,0.015707856802864593,0.5801613159335
41.400000000000006,-6.0252,0.7188,9.3396,0.2289999999999999,0.1467,0.1033,-965.540766796898,350.2127200009002,-1124.3682930570985,360.6434040001929,32.30277777777778,4.718864151909588,0.01221751769412905,0.5801613159335
41.5,-13.4655,3.0887,12.2115,-1.0996,1.6015,-0.006,-965.540766796898,350.2127200009002,-1127.5928082457217,360.6434040001929,32.40277777777778,4.71523386706544,0.017453292519943295,0.49013568053449996
41.6,-6.9643,-0.7901,9.1213,0.7093,-1.1387,0.2412,-965.540766796898,350.2127200009002,-1130.8038879544142,360.67680000058317,32.46388888888889,4.720714200916703,0.019198726491692745,0.49013568053449996
41.7,-8.299,-0.5422,8.1292,-0.1724,0.3492,-0.0884,-965.540766796898,350.2127200009002,-1134.0284031430524,360.6990640000524,32.49722222222222,4.71811366033123,0.010472081977050348,0.6801894401329999
41.800000000000004,10.5987,-3.0597,10.1236,-0.9027,1.2112,0.1025,-965.540766796898,350.2127200009002,-1137.2663538116215,360.6879319999223,32.55833333333333,4.71245879355477,0.0052363071512361034,0.5801613159335
41.900000000000006,-5.2283,-0.1494,10.3294,0.3246,-0.5309,0.1229,-965.540766796898,350.2127200009002,-1140.5110222202004,360.6879319999223,32.625,4.71223190075201,0.008726646259971648,0.6801894401329999
42.0,11.5118,-0.3175,10.1651,0.5924,-1.1051,0.0962,-965.540766796898,350.2127200009002,-1143.7624083687447,360.6656680004531,32.65833333333333,4.708427082982663,0.010472081977050348,0.6801894401329999
42.1,-7.9402,0.547,7.7791,0.8823,-1.418,0.0006,-965.540766796898,350.2127200009002,-1147.013794517274,360.654536000323,32.72222222222222,4.709264841023621,0.013962953411207752,0.390107556335
42.2,-4.3341,0.8595,10.8452,0.1476,-0.0858,0.0444,-965.540766796898,350.2127200009002,-1150.2786161457639,360.654536000323,32.73611111111111,4.711481409173652,0.019198726491692745,0.290079530202
42.300000000000004,-7.6839,0.6898,8.4485,0.5096,-0.8429,-0.0787,-965.540766796898,350.2127200009002,-1153.5434377742536,360.6434040001929,32.78055555555556,4.710975263690575,0.013962953411207752,0.1900514060025
42.400000000000006,1.3387,-1.3889,11.886,-0.1592,0.4426,-0.3664,-965.540766796898,350.2127200009002,-1156.801541662793,360.6211399999327,32.78333333333333,4.706524674097989,0.010472081977050348,0.1900514060025
42.5,7.3458,0.9537,8.7851,0.2887,-0.3329,0.0289999999999999,-965.540766796898,350.2127200009002,-1160.0663632912679,360.6100080005936,32.733333333333334,4.707694044696825,0.02268959443519164,0.0
42.6,-0.841,-0.1292,9.7608,-0.6638,0.7594,0.094,-965.540766796898,350.2127200009002,-1163.3311849197728,360.57661200020334,32.666666666666664,4.705337850206632,0.02268959443519164,-0.1900537595985
42.7,5.473,2.5458,9.4027,-0.0054,0.2452,-0.2999,-965.540766796898,350.2127200009002,-1166.5960065482625,360.54321600060405,32.66111111111111,4.703924133512517,0.026179938779914945,-0.390109909931
42.800000000000004,-2.0546,0.7811,11.6393,-0.0849,-0.1648,0.2428,-965.540766796898,350.2127200009002,-1169.8406749568264,360.5098200002138,32.65833333333333,4.7035227077845585,0.019198726491692745,-0.49013568053449996
42.900000000000006,2.3186,-0.072,6.736000000000001,-0.0409999999999999,0.147,-0.3763,-965.540766796898,350.2127200009002,-1173.092061105356,360.4652920004844,32.608333333333334,4.6999622361104905,0.010472081977050348,-0.5801613159335
43.0,-2.4344,3.1755,7.0919,0.074,0.3433,-0.3751,-965.540766796898,350.2127200009002,-1176.3367295139199,360.4096320006249,32.5,4.696035245293503,0.010472081977050348,-0.5801613159335
43.1,5.1968,-1.3821,12.0323,-0.4452,0.4809,0.3146,-965.540766796898,350.2127200009002,-1179.5746801825187,360.34284000063536,32.46666666666666,4.693556877755671,0.017453292519943295,-0.49013568053449996
43.2,-2.7659,1.7317,10.2649,0.134,-0.3724,0.0786,-965.540766796898,350.2127200009002,-1182.8126308511023,360.2871799999849,32.413888888888884,4.6935219711706315,0.024434504808165492,-0.390109909931
43.300000000000004,5.3102,1.3991,10.9623,0.2686,-0.3687,-0.0617,-965.540766796898,350.2127200009002,-1186.0438637797208,360.22038799999535,32.4,4.693556877755671,0.020944160463442194,-0.390109909931
43.400000000000006,1.5415,1.7576,8.5165,0.3849,-0.5254,0.0901,-965.540766796898,350.2127200009002,-1189.2683789683592,360.1535959992148,32.34722222222222,4.692265334109194,0.015707856802864593,-0.390109909931
43.5,1.1076,2.0266,8.0427,-0.1956,0.3407,0.0635,-965.540766796898,350.2127200009002,-1192.4928941569822,360.064540000547,32.327777777777776,4.687291145741011,0.017453292519943295,-0.390109909931
43.6,5.372999999999999,-2.2404,10.2478,-0.2092,0.1483,0.0876,-965.540766796898,350.2127200009002,-1195.7106916056105,359.99774800055746,32.3,4.689682246816243,0.020944160463442194,-0.49013568053449996
43.7,-3.5762,1.2293,9.2893,-0.3689,0.7548,-0.1411,-965.540766796898,350.2127200009002,-1198.9150535743527,359.9086920003077,32.21666666666667,4.686086868557135,0.020944160463442194,-0.49013568053449996
43.800000000000004,-4.5911,3.1005,9.8006,-0.4896,0.8469,-0.1051,-965.540766796898,350.2127200009002,-1202.1261332830304,359.8085039999279,32.13333333333333,4.68158391908699,0.024434504808165492,-0.390109909931
43.900000000000006,-7.9578,1.3997,10.5622,-0.0328,0.0842,0.0728,-965.540766796898,350.2127200009002,-1205.3304952517428,359.70831600033904,32.11111111111111,4.682858009440945,0.026179938779914945,-0.390109909931
44.0,1.0596,-2.2294,10.4769,-0.4178,0.8583,-0.1754,-965.540766796898,350.2127200009002,-1208.534857220455,359.6081279999592,32.06666666666666,4.681426839454311,0.020944160463442194,-0.390109909931
44.1,8.4116,-1.0639,8.8854,0.4977,-0.7183,-0.0202,-965.540766796898,350.2127200009002,-1211.719065969227,359.50794000037035,32.07222222222222,4.6819155316448695,0.015707856802864593,-0.390109909931
44.2,0.9166,-1.7597,11.3512,-0.0543,0.1547,0.106,-965.540766796898,350.2127200009002,-1214.916710197944,359.3966200006514,31.983333333333334,4.677779101317642,0.015707856802864593,-0.49013568053449996
44.300000000000004,5.3013,0.9092,8.0589,0.3381,-0.6421,0.2226,-965.540766796898,350.2127200009002,-1218.1009189467306,359.2630359998813,31.952777777777776,4.673782297330575,0.013962953411207752,-0.390109909931
44.400000000000006,-2.1945,-2.3591,12.6468,0.0198,-0.0381,0.0265,-965.540766796898,350.2127200009002,-1221.2784099555072,359.1294519999022,31.908333333333335,4.671181756745104,0.017453292519943295,-0.390109909931
44.5,0.7103,0.0207,12.1027,0.0803,-0.182,-0.0023,-965.540766796898,350.2127200009002,-1224.4626187043084,358.99586799992306,31.87222222222222,4.670727971139585,0.02268959443519164,-0.49013568053449996
44.6,-1.8688,2.5068,8.7482,0.1975,-0.0196,-0.1082,-965.540766796898,350.2127200009002,-1227.6333919731346,358.86228399994394,31.83611111111111,4.669488787370669,0.027925372751664394,-0.49013568053449996
44.7,1.0523,-0.6387,11.1642,0.0147,-0.0764,0.0974,-965.540766796898,350.2127200009002,-1230.8041652419456,358.7175680006257,31.761111111111113,4.667254765928116,0.02268959443519164,-0.390109909931
44.800000000000004,-1.1057,1.501,10.7486,-0.0908,-0.1898,0.2701,-965.540766796898,350.2127200009002,-1233.9749385107718,358.5394560001262,31.741666666666664,4.661564992566615,0.019198726491692745,-0.390109909931
44.900000000000006,0.0488,0.5002,10.0819,-0.1218,0.182,0.0917,-965.540766796898,350.2127200009002,-1237.1389940396325,358.3724760005478,31.71111111111111,4.661181020131176,0.013962953411207752,-0.49013568053449996
45.0,2.2197,-0.5026,8.3395,-0.1859,0.2364,-0.0019,-1244.998749811925,355.4447600003462,-1240.2828963485376,358.2166280003085,31.63888888888889,4.6618791518319735,0.020944160463442194,-0.49013568053449996
45.1,0.5022,-2.0559,8.3597,-0.0576,0.0372,-0.0499,-1244.998749811925,355.4447600003462,-1243.4402341374182,358.0496479999391,31.563888888888886,4.659313517831542,0.024434504808165492,-0.5801613159335
45.2,2.8658,1.1925,11.03,-0.0302,0.1669,-0.0292,-1244.998749811925,355.4447600003462,-1246.577418706358,357.8715360010216,31.558333333333334,4.6569049634637905,0.02268959443519164,-0.5801613159335
45.300000000000004,-0.0015,2.0227,7.7427,0.0769,0.0639,0.0263,-1244.998749811925,355.4447600003462,-1249.7146032752976,357.6934240005221,31.46388888888889,4.657323842484269,0.026179938779914945,-0.5801613159335
45.400000000000006,1.1821,4.4062,8.168,-0.0185,-0.0785,0.2657,-1244.998749811925,355.4447600003462,-1252.845070104272,357.50417999989253,31.391666666666666,4.653239772034602,0.020944160463442194,-0.5801613159335
45.5,0.305,-3.6272,11.5568,-0.1582,0.0285,0.129,-1244.998749811925,355.4447600003462,-1255.9688191932514,357.31493600005393,31.333333333333332,4.6528557995991635,0.020944160463442194,-0.5801613159335
45.6,0.8455,1.9152,8.2489,-0.0182,-0.0093,0.0064,-1244.998749811925,355.4447600003462,-1259.0925682822606,357.11456000008525,31.30833333333333,4.6491033417073755,0.020944160463442194,-0.5801613159335
45.7,0.6084,2.1006,9.4398,-0.3303,0.47,0.2167,-1244.998749811925,355.4447600003462,-1262.2028818912793,356.9030519999865,31.230555555555558,4.646310814904185,0.024434504808165492,-0.5801613159335
45.800000000000004,5.3405,-2.5873,8.6123,-0.1218,0.3577,-0.1645,-1244.998749811925,355.4447600003462,-1265.313195500313,356.6804120005486,31.16944444444444,4.643553194686033,0.027925372751664394,-0.6801894401329999
45.900000000000006,-0.091,3.2007,10.1242,-0.1202,0.4282,-0.121,-1244.998749811925,355.4447600003462,-1268.410073629401,356.4689040004498,31.130555555555553,4.644984364672668,0.031416240695163286,-0.5801613159335
46.0,3.2444,-0.5445,10.4798,-0.2203,0.3817,-0.0326,-1244.998749811925,355.4447600003462,-1271.506951758504,356.23513200009086,31.052777777777777,4.640429055324963,0.027925372751664394,-0.5801613159335
46.1,-2.2737,4.4861,9.2367,-0.2442,0.3271,0.002,-1244.998749811925,355.4447600003462,-1274.597112147612,355.9902280003928,30.97222222222222,4.637078023161134,0.024434504808165492,-0.5801613159335
46.2,-0.2532,-0.6691,10.5866,-0.4381,0.4749,0.1181,-1244.998749811925,355.4447600003462,-1277.6805547967397,355.73419200056463,30.975,4.634215683187864,0.02268959443519164,-0.5801613159335
46.300000000000004,-2.3913,-1.668,10.4884,-0.0338,0.0114,0.0336,-1244.998749811925,355.4447600003462,-1280.7505619659066,355.48928800086657,30.930555555555554,4.633639724534706,0.026179938779914945,-0.5801613159335
46.400000000000006,3.3492,3.9376,7.9217,-0.0474,0.2902,-0.2684,-1244.998749811925,355.4447600003462,-1283.8205691350888,355.23325200024743,30.82222222222222,4.630515585173637,0.027925372751664394,-0.5801613159335
46.5,1.9564,-2.7972,10.4769,0.2359,-0.1266,-0.1801,-1244.998749811925,355.4447600003462,-1286.8838585642907,354.9549519993681,30.777777777777775,4.624913078274734,0.029670806723413844,-0.5801613159335
46.6,-1.9314,-0.5648,11.0649,0.0802,-0.2178,0.1133,-1244.998749811925,355.4447600003462,-1289.9404302535122,354.68778400020085,30.719444444444445,4.627094739839727,0.026179938779914945,-0.5801613159335
46.7,2.0159,3.7931,9.4077,-0.1069,0.0314,0.0586,-1244.998749811925,355.4447600003462,-1292.9902842027684,354.4094840009035,30.62777777777778,4.6247734519345745,0.027925372751664394,-0.5801613159335
46.800000000000004,3.0433,-3.9674,11.0477,0.1286,-0.3852,0.1663,-1244.998749811925,355.4447600003462,-1296.0334204120445,354.1200519998941,30.605555555555558,4.621579499403425,0.026179938779914945,-0.5801613159335
46.900000000000006,1.5685,-1.5113,11.1777,-0.3593,0.6166,0.0282,-1244.998749811925,355.4447600003462,-1299.06983888134,353.83062000046664,30.54444444444444,4.618891692355353,0.02268959443519164,-0.5801613159335
47.0,-3.406,0.9287,10.1776,-0.0719,0.3379999999999999,-0.2187,-1244.998749811925,355.4447600003462,-1302.0928218706904,353.5411880002482,30.480555555555554,4.616797297252961,0.02268959443519164,-0.6801894401329999
47.1,-2.341,2.8262,10.512,0.1759,-0.4281,0.2012,-1244.998749811925,355.4447600003462,-1305.1225226000058,353.2183600004305,30.477777777777778,4.609623994027264,0.019198726491692745,-0.5801613159335
47.2,4.7428,-2.6083,8.9312,0.2381,-0.4236,0.1601,-1244.998749811925,355.4447600003462,-1308.1320701094105,352.9066639999519,30.36111111111111,4.610514111945781,0.02268959443519164,-0.5801613159335
47.300000000000004,1.4212,3.2988,10.0391,0.3374,-0.5677,-0.0183,-1244.998749811925,355.4447600003462,-1311.1483353587803,352.59496800026426,30.275,4.608367356965828,0.019198726491692745,-0.5801613159335
47.400000000000006,3.4254,1.712,10.3594,-0.0294,0.1569,-0.0654,-1244.998749811925,355.4447600003462,-1314.1511651281899,352.2610079995255,30.26111111111111,4.606395134911074,0.02268959443519164,-0.5801613159335
47.5,0.6149,-1.1364,9.6676,0.0662,-0.2034,0.1436,-1244.998749811925,355.4447600003462,-1317.147277157619,351.93818000049873,30.233333333333334,4.6055573768701175,0.019198726491692745,-0.5801613159335
47.6,-4.5009,1.4414,10.8681,-0.238,0.5371,-0.1158,-1244.998749811925,355.4447600003462,-1320.1433891870781,351.61535199989004,30.116666666666667,4.604667258951599,0.010472081977050348,-0.5801613159335
47.7,1.7948,-0.0609,10.5423,-0.1463,0.2417,0.1012,-1244.998749811925,355.4447600003462,-1323.1260657365617,351.28139199994223,30.116666666666667,4.6046847122441195,0.0052363071512361034,-0.5801613159335
47.800000000000004,-5.1282,6.4994,8.8392,-0.3833,0.5348,0.0783,-1244.998749811925,355.4447600003462,-1326.1087422860303,350.9363000006553,30.06388888888889,4.598907672420018,0.0052363071512361034,-0.5801613159335
47.900000000000006,0.6686,-1.1269,11.1004,-0.36,0.6601,-0.0126,-1244.998749811925,355.4447600003462,-1329.0779833555832,350.6134720008376,29.93888888888889,4.603026649454725,0.010472081977050348,-0.49013568053449996
48.0,-7.5674,1.1987,10.6734,-0.0715,0.3154,-0.0311,-1244.998749811925,355.4447600003462,-1332.053942165087,350.2572480006296,29.944444444444443,4.598192087426701,0.010472081977050348,-0.5801613159335
48.1,1.3513,0.8856,9.2295,-0.4775,0.8494,-0.1122,-1244.998749811925,355.4447600003462,-1335.0164654946445,349.9121560005517,29.894444444444446,4.597790661698743,0.0052363071512361034,-0.5801613159335
48.2,5.1635,1.0483,9.6444,0.2269,-0.2595,0.0244,-1244.998749811925,355.4447600003462,-1337.9655533442567,349.5781960006039,29.827777777777776,4.598872765834979,0.0017454357170787011,-0.5801613159335
48.300000000000004,3.9859,0.6018,10.2191,-0.3621,0.5509,0.0074,-1244.998749811925,355.4447600003462,-1340.9213589338344,349.2219720003959,29.76388888888889,4.595347200745951,0.0,-0.49013568053449996
48.400000000000006,3.3777,-0.805,10.2285,0.645,-0.9109,-0.0831,-1244.998749811925,355.4447600003462,-1343.8637290434663,348.876880000318,29.71388888888889,4.59529484086839,0.0,-0.49013568053449996
48.5,-11.4811,1.1493,10.3537,-0.0301,-0.1556,0.1059,-1244.998749811925,355.4447600003462,-1346.8060991530983,348.5317880002401,29.705555555555556,4.59543446720855,-0.0034903391087355443,-0.390109909931
48.6,3.8493,1.1877,6.8102,0.5514,-0.9523,0.1823,-1244.998749811925,355.4447600003462,-1349.741751522735,348.1755640000321,29.66388888888889,4.594753788800272,-0.0034903391087355443,-0.49013568053449996
48.7,-5.3753,1.6728,12.0081,0.2783,-0.5591,0.1609,-1244.998749811925,355.4447600003462,-1352.6774038924168,347.8416040000843,29.613888888888887,4.599274191562937,0.0,-0.390109909931
48.800000000000004,-0.0221,2.5097,8.8511,0.0623,-0.3389,0.1386,-1244.998749811925,355.4447600003462,-1355.6130562620535,347.4965120000064,29.591666666666665,4.59510285465067,-0.0017454357170787011,-0.290081883798
48.900000000000006,-6.0332,3.2478,8.7843,0.4161,-0.5761,-0.0743,-1244.998749811925,355.4447600003462,-1358.5352731517596,347.1736840001887,29.55833333333333,4.601455853127931,-0.0034903391087355443,-0.290081883798
49.0,-0.0932,-0.6186,11.3612,0.1842,-0.3511,-0.0322,-1244.998749811925,355.4447600003462,-1361.4642077814312,346.8397240002409,29.53333333333333,4.599832696923575,-0.005235774825814244,-0.290081883798
49.1,-0.0811,3.0873,8.5678,0.0655,-0.2537,0.1601,-1244.998749811925,355.4447600003462,-1364.379706931172,346.5057640002931,29.491666666666667,4.599727977168456,-0.0034903391087355443,-0.290081883798
49.2,-3.0109,2.7333,10.5791,0.0145,0.0714,0.0886,-1244.998749811925,355.4447600003462,-1367.3019238208633,346.1606720002152,29.43333333333333,4.596446758174707,-0.0017454357170787011,-0.290081883798
49.300000000000004,0.1758,0.9917,10.2933,0.0158,-0.1656,0.0889,-1244.998749811925,355.4447600003462,-1370.210705230609,345.8267120002674,29.402777777777775,4.601473306420449,-0.005235774825814244,-0.290081883798
49.400000000000006,-1.5956,2.1646,10.2956,0.1008,-0.078,-0.0881,-1244.998749811925,355.4447600003462,-1373.126204380335,345.50388400044966,29.37222222222222,4.601054427399971,0.0,-0.390109909931
49.5,-1.1142,-0.0069,10.3496,0.0052,0.0,-0.0126,-1244.998749811925,355.4447600003462,-1376.0349857900806,345.15879200037176,29.31388888888889,4.598802952664899,-0.0017454357170787011,-0.390109909931
49.6,-3.0419,2.5479,9.9543,0.1747,-0.2269999999999999,0.0204,-1244.998749811925,355.4447600003462,-1378.9370494598459,344.83596400055404,29.27777777777778,4.601211507032651,0.0034908714341574023,-0.390109909931
49.7,-1.4333,0.3271,10.7764,-0.0977,0.2243,-0.1622,-1244.998749811925,355.4447600003462,-1381.8391131296262,344.51313599994535,29.23611111111111,4.602398330924006,0.0034908714341574023,-0.49013568053449996
49.800000000000004,0.8556,1.7204,8.3265,0.0406,-0.005,0.0521,-1244.998749811925,355.4447600003462,-1384.7344590594116,344.19030800012763,29.21666666666667,4.601944545318489,0.0017454357170787011,-0.49013568053449996
49.900000000000006,1.5151,2.259,9.4859,-0.0866,-0.0484,0.0581,-1244.998749811925,355.4447600003462,-1387.616369509251,343.8674800003099,29.122222222222224,4.602869569822046,0.0017454357170787011,-0.49013568053449996
50.0,-0.0365,-0.2579,9.7621,0.1537,-0.2861,0.0995,-1244.998749811925,355.4447600003462,-1390.5049976990708,343.5335200003621,29.083333333333332,4.602345971046447,0.0034908714341574023,-0.390109909931
50.1,-1.3438,-0.9719,10.6744,0.0568,0.0849,-0.1292,-1244.998749811925,355.4447600003462,-1393.3869081489254,343.2218239998835,29.03333333333333,4.604230926638601,0.0017454357170787011,-0.49013568053449996
50.2,-0.8212,0.4595,11.0567,-0.0258,-0.1456,0.1582,-1244.998749811925,355.4447600003462,-1396.26210085877,342.8989960000658,28.958333333333332,4.602799756651966,0.0017454357170787011,-0.49013568053449996
50.300000000000004,-0.4506,-0.903,7.898,0.0819999999999999,-0.11,0.1119999999999999,-1244.998749811925,355.4447600003462,-1399.130575828664,342.57616800024806,28.93333333333333,4.603812047618122,0.0017454357170787011,-0.5801613159335
50.400000000000006,3.1328,-0.0629,10.9485,0.0156,-0.0142,-0.0279999999999999,-1244.998749811925,355.4447600003462,-1401.9923330585925,342.2533400012213,28.877777777777776,4.601979451903529,0.0,-0.5801613159335
50.5,-2.7315,-0.3096,10.7868,-0.3527,0.4098,0.0364,-1244.998749811925,355.4447600003462,-1404.8540902885063,341.94164399995174,28.849999999999998,4.603445528475204,0.0,-0.5801613159335
50.6,3.3929,0.9108,9.4971,-0.1832,0.4628,-0.064,-1244.998749811925,355.4447600003462,-1407.70241203846,341.618816000134,28.780555555555555,4.602276157876367,0.0,-0.49013568053449996
50.7,-2.3532,2.4195,9.9477,-0.2499,0.3405,-0.0586,-1244.998749811925,355.4447600003462,-1410.550733788428,341.2959880011073,28.705555555555556,4.600653001672013,0.0,-0.390109909931
50.800000000000004,3.2357,2.5275,8.6464,-0.2793,0.509,-0.1319,-1244.998749811925,355.4447600003462,-1413.392337798401,340.98429200062867,28.68611111111111,4.604318193101201,0.0017454357170787011,-0.390109909931
50.900000000000006,-2.3031,-2.9287,11.3829,-0.0069,0.2151,-0.0635,-1244.998749811925,355.4447600003462,-1416.2339418083593,340.67259600015007,28.683333333333334,4.606709294176433,0.0017454357170787011,-0.290081883798
51.0,-3.6481,0.4279,9.355,-0.2864,0.595,-0.1212,-1244.998749811925,355.4447600003462,-1419.0688280784116,340.36090000046244,28.663888888888888,4.603079009332285,0.0,-0.290081883798
51.1,2.8162,2.955,9.0966,-0.2667,0.4089,-0.0664,-1244.998749811925,355.4447600003462,-1421.8969966084392,340.04920399998383,28.59722222222222,4.604196020053561,-0.0017454357170787011,-0.09002572365885
51.2,-2.0429,0.0563,9.2202,-0.1036,0.2724,-0.0007,-1244.998749811925,355.4447600003462,-1424.7318828784469,339.74864000121727,28.602777777777778,4.606971093564232,-0.0017454357170787011,-0.1900537595985
51.300000000000004,2.5317,0.1613,10.1444,-0.3418,0.2705,-0.0117,-1244.998749811925,355.4447600003462,-1427.5600514084745,339.4258120006086,28.566666666666666,4.601647839345649,0.0,-0.09002572365885
51.400000000000006,0.2816,-0.8971,10.6212,-0.0682,0.032,0.0671,-1244.998749811925,355.4447600003462,-1430.3882199385018,339.11411600012997,28.55,4.604161113468522,0.0,-0.09002572365885
51.5,1.5257,-2.3701,9.8007,0.0966,-0.0485,-0.1002,-1244.998749811925,355.4447600003462,-1433.2163884685442,338.81355200057243,28.541666666666664,4.606220601985875,0.0,-0.1900537595985
51.6,-1.3783,0.3949,8.8789,-0.0478,-0.0775,0.093,-1244.998749811925,355.4447600003462,-1436.0378392585915,338.5018560000938,28.516666666666666,4.603881860788203,0.0,-0.09002572365885
51.7,-0.547,1.7384,8.8107,0.0464,-0.1363,0.0821,-1244.998749811925,355.4447600003462,-1438.8592900486537,338.1901600004062,28.541666666666664,4.604894151754359,0.0,-0.09002572365885
51.800000000000004,-1.6156,-1.329,11.1367,0.1421,-0.1577,0.1614,-1244.998749811925,355.4447600003462,-1441.6807408387156,337.8784639999276,28.47222222222222,4.605836629550436,-0.0017454357170787011,0.0
51.900000000000006,-0.3268,0.2159,9.6418,-0.0071,0.0142,-0.0615,-1244.998749811925,355.4447600003462,-1444.502191628763,337.56676800023996,28.46388888888889,4.604161113468522,-0.0017454357170787011,0.0
52.0,-2.5954,0.1336,10.0688,0.1683,-0.2547,0.0497,-1244.998749811925,355.4447600003462,-1447.32364241881,337.25507200055233,28.46944444444444,4.60496396492444,0.0017454357170787011,0.0
52.1,1.0759,1.6793,8.3967,0.0553,-0.0921,0.0754,-1244.998749811925,355.4447600003462,-1450.138375468892,336.9545080002038,28.48611111111111,4.607040906734312,0.0052363071512361034,0.0
52.2,0.916,-0.0057,10.2656,0.0499,-0.3275,0.0836,-1244.998749811925,355.4447600003462,-1452.953108518989,336.6428120005162,28.43611111111111,4.606569667836274,0.0017454357170787011,0.0
52.300000000000004,0.8304,1.3525,10.3997,-0.0352,0.2128,0.0833,-1244.998749811925,355.4447600003462,-1455.7745593090362,336.3311160000376,28.416666666666664,4.602363424338968,0.0017454357170787011,-0.09002572365885
52.400000000000006,1.558,1.6096,10.3353,-0.0366,0.0798,-0.0617,-1244.998749811925,355.4447600003462,-1458.5892923591032,336.00828800021986,28.38888888888889,4.603532794937803,0.0017454357170787011,-0.09002572365885
52.5,-0.5342,-0.0867,8.9578,-0.0394,0.0707,-0.0164,-1244.998749811925,355.4447600003462,-1461.3973076692048,335.71885600000144,28.380555555555556,4.607442332462271,0.0017454357170787011,-0.290081883798
52.6,-0.7291,0.0675,8.5092,-0.0118,0.0378,-0.0588,-1244.998749811925,355.4447600003462,-1464.2053229793214,335.4071600003138,28.358333333333334,4.603881860788203,0.0017454357170787011,-0.290081883798
52.7,-2.3331,1.3457,9.9751,-0.0735,0.0963,-0.0351,-1244.998749811925,355.4447600003462,-1467.006620549443,335.0954640006262,28.305555555555557,4.605225764312238,0.0034908714341574023,-0.290081883798
52.800000000000004,-1.9307,1.3559,10.0939,-0.023,0.1475,-0.0146,-1244.998749811925,355.4447600003462,-1469.8012003795989,334.7837680001476,28.252777777777776,4.602380877631488,0.0052363071512361034,-0.1900537595985
52.900000000000006,-1.3003,0.5859,10.6841,-0.0455,-0.0093,0.0688,-1244.998749811925,355.4447600003462,-1472.6024979497204,334.47207200045995,28.18888888888889,4.604196020053561,0.01221751769412905,-0.290081883798
53.0,0.9889,2.4932,8.7614,-0.0935,0.1688,-0.1032,-1244.998749811925,355.4447600003462,-1475.3903600398962,334.1603760007723,28.175,4.603201182379925,0.019198726491692745,-0.290081883798
53.1,-0.1447,0.3435,10.3896,0.0462,-0.1078,-0.0886,-1244.998749811925,355.4447600003462,-1478.1849398700374,333.8598120004238,28.15,4.605871536135476,0.013962953411207752,-0.290081883798
53.2,-0.6497,0.068,9.7291,0.0819999999999999,0.052,-0.1144,-1244.998749811925,355.4447600003462,-1480.9660842202331,333.5481159999452,28.138888888888886,4.600391202284214,0.010472081977050348,-0.1900537595985
53.300000000000004,-0.8763,0.6116,10.237,-0.0548,0.1574,-0.1153,-1244.998749811925,355.4447600003462,-1483.7405108304633,333.23642000025757,28.091666666666665,4.603846954203163,0.0052363071512361034,-0.1900537595985
53.400000000000006,2.2493,-0.1006,10.4655,-0.1538,0.1397,0.0323,-1244.998749811925,355.4447600003462,-1486.528372920639,332.91359200043985,28.069444444444443,4.597685941943622,0.008726646259971648,-0.09002572365885
53.5,-1.7043,-0.5829,10.137,-0.1378,0.3936,-0.0907,-1244.998749811925,355.4447600003462,-1489.3095172708347,332.59076400062213,28.03611111111111,4.5984364335219805,0.010472081977050348,-0.1900537595985
53.6,3.0628,2.3327,9.0096,-0.258,0.4154,-0.0915,-1244.998749811925,355.4447600003462,-1492.0772261410848,332.26793600001344,28.02777777777778,4.599553444243257,0.010472081977050348,-0.1900537595985
53.7,-1.6172,0.7539,10.6433,-0.072,0.1011,-0.0148,-1244.998749811925,355.4447600003462,-1494.8449350113199,331.9339760000656,28.002777777777776,4.596307131834546,0.01221751769412905,-0.1900537595985
53.800000000000004,-1.4213,1.0903,9.5418,-0.1488,0.2989,-0.0166,-1244.998749811925,355.4447600003462,-1497.61936162155,331.6111480002479,27.96388888888889,4.594579255875073,0.019198726491692745,-0.1900537595985
53.900000000000006,-3.2404,1.1153,9.8851,0.0257,-0.0108,0.0882,-1244.998749811925,355.4447600003462,-1500.3803527518198,331.2771880010911,27.925,4.596621291099906,0.026179938779914945,-0.1900537595985
54.0,-0.4234,-0.0724,8.844,-0.0286,0.0937,-0.1131,-1507.729560285927,327.94872000016113,-1503.1480616220551,330.94322800114327,27.88888888888889,4.5942476433171935,0.031416240695163286,-0.290081883798
54.1,-1.8465,0.253,10.3696,-0.0213,-0.0815,0.0882,-1507.729560285927,327.94872000016113,-1505.8956172723792,330.6092680004045,27.869444444444444,4.59234523443252,0.024434504808165492,-0.390109909931
54.2,-1.7268,2.9905,10.151,-0.1089,0.1699,0.1493,-1507.729560285927,327.94872000016113,-1508.6431729227033,330.2641760003266,27.808333333333334,4.590512638717926,0.010472081977050348,-0.290081883798
54.300000000000004,3.41,-0.0061,10.7477,-0.1514,0.1698,-0.0409999999999999,-1507.729560285927,327.94872000016113,-1511.3907285730127,329.9079520001186,27.74722222222222,4.5857129832749415,0.0,-0.290081883798
54.400000000000006,0.0449,0.608,9.131,-0.2129,0.4662,-0.0662,-1507.729560285927,327.94872000016113,-1514.138284223322,329.5517279999106,27.719444444444445,4.5843516264583855,-0.005235774825814244,-0.390109909931
54.5,1.3824,2.904,9.7553,0.1513,-0.1689,-0.0064,-1507.729560285927,327.94872000016113,-1516.8724043937007,329.1955040004936,27.744444444444444,4.5859573293702205,-0.005235774825814244,-0.390109909931
54.6,1.9827,0.3843,9.6733,-0.2229,0.184,-0.0079,-1507.729560285927,327.94872000016113,-1519.599806824069,328.8392800002856,27.650000000000002,4.582082698430793,-0.0017454357170787011,-0.290081883798
54.7,1.1853,0.7067,10.2193,0.1761,-0.2021,-0.0046,-1507.729560285927,327.94872000016113,-1522.3339269944329,328.4830560000776,27.59166388888889,4.585329010839503,0.0,-0.290081883798
54.800000000000004,-1.765,0.1482,9.6079,-0.0101,-0.0811,-0.0171,-1507.729560285927,327.94872000016113,-1525.0613294248162,328.1379639999997,27.566666666666663,4.586812540703698,0.0,-0.290081883798
54.900000000000006,-0.467,0.4973,9.9401,0.1125,-0.0135,-0.1146,-1507.729560285927,327.94872000016113,-1527.7820141152345,327.7817400005827,27.55833333333333,4.583932747437907,-0.0017454357170787011,-0.290081883798
55.0,-1.1861,1.8244,9.7573,-0.0726,-0.0956,0.0561,-1507.729560285927,327.94872000016113,-1530.4959810656724,327.4143840010356,27.508333333333333,4.581820899042994,-0.0017454357170787011,-0.290081883798
55.1,-1.3762,0.8289,10.4007,-0.0158,-0.0117,-0.0514,-1507.729560285927,327.94872000016113,-1533.223383496056,327.06929200016674,27.519444444444442,4.585486090472183,0.0,-0.1900537595985
55.2,-0.2348,-0.3631,10.0452,-0.0448,0.1025,0.0655,-1507.729560285927,327.94872000016113,-1535.9306327065283,326.73533200021893,27.46111111111111,4.588645136418292,-0.0017454357170787011,-0.09002572365885
55.300000000000004,-1.4614,0.144,10.3634,0.0319,-0.1494,0.0718,-1507.729560285927,327.94872000016113,-1538.6445996569514,326.390240000932,27.477777777777778,4.58901165556121,0.0,-0.09002572365885
55.400000000000006,-0.077,1.5271,9.2363,0.0083,-0.0845,0.125,-1507.729560285927,327.94872000016113,-1541.3585666073893,326.04514799927216,27.441666666666666,4.585904969492661,0.0,0.0
55.5,-0.6193,-0.4287,10.5905,0.0871,-0.086,-0.0813,-1507.729560285927,327.94872000016113,-1544.0658158178471,325.7111880001153,27.466666666666665,4.590268292622646,0.0,0.0
55.6,-0.6725,1.5165,9.1832,0.0952,-0.2241,0.0656,-1507.729560285927,327.94872000016113,-1546.77978276827,325.36609600003743,27.447222222222223,4.589797053724608,0.0,0.0
55.7,-3.2742,-0.9658,10.6826,0.0842,-0.1339,0.0411,-1507.729560285927,327.94872000016113,-1549.4870319787276,325.0321360000896,27.469444444444445,4.588627683125772,-0.0017454357170787011,0.0
55.800000000000004,-0.0116,-0.1049,8.3498,-0.032,-0.2124,0.0973,-1507.729560285927,327.94872000016113,-1552.1942811891852,324.6870440008027,27.46388888888889,4.588749856173411,0.0,0.09002572365885
55.900000000000006,-4.2824,-1.7897,10.0095,0.4277,-0.395,-0.043,-1507.729560285927,327.94872000016113,-1554.908248139623,324.3530840008549,27.49722222222222,4.590582451888006,0.0017454357170787011,0.09002572365885
56.0,2.0815,0.6931,9.7245,0.0605,-0.3381,0.0293,-1507.729560285927,327.94872000016113,-1557.6222150900612,324.0191240009071,27.47222222222222,4.589831960309648,0.0,0.09002572365885
56.1,-0.3121,0.2348,9.9272,0.1388,-0.2254,0.0618,-1507.729560285927,327.94872000016113,-1560.336182040499,323.6851640001683,27.527777777777775,4.591804182364402,0.0017454357170787011,0.09002572365885
56.2,-3.0536,0.5323,8.6635,-0.1223,0.1182,0.1349,-1507.729560285927,327.94872000016113,-1563.050148990922,323.3400720000904,27.527777777777775,4.58916873519389,0.0,0.09002572365885
56.300000000000004,-1.9082,-0.6783,9.1295,0.1131,-0.1586,-0.0794,-1507.729560285927,327.94872000016113,-1565.7641159413597,323.0061120001426,27.552774999999997,4.590041399819888,0.0,0.1900514060025
56.400000000000006,-1.0689,-1.6495,9.8928,0.1921,-0.2645,0.0364,-1507.729560285927,327.94872000016113,-1568.484800631778,322.6721520001948,27.54722222222222,4.589814507017128,-0.0017454357170787011,0.1900514060025
56.5,1.008,0.4417,10.8361,-0.0706,0.0516,0.0444,-1507.729560285927,327.94872000016113,-1571.2122030621613,322.3270600001169,27.59722222222222,4.58929090824153,0.0,0.1900514060025
56.6,0.6283,0.6365,10.02,-0.1028,0.0543,-0.0306,-1507.729560285927,327.94872000016113,-1573.9328877525795,322.00423200029917,27.59166388888889,4.591996168582122,0.0017454357170787011,0.1900514060025
56.7,-0.2088,0.3271,10.6422,0.0734,-0.1019,0.0784,-1507.729560285927,327.94872000016113,-1576.6602901829629,321.65914000022127,27.63611111111111,4.590547545302965,0.0017454357170787011,0.1900514060025
56.800000000000004,-0.5002,-0.1126,8.6708,-0.051,0.0398,0.0718,-1507.729560285927,327.94872000016113,-1579.3876926133614,321.33631200040355,27.61111111111111,4.593235352351037,0.0017454357170787011,0.09002572365885
56.900000000000006,-0.6351,-0.6349,9.3125,0.0464,-0.0132,-0.0852,-1507.729560285927,327.94872000016113,-1582.11509504373,321.00235200045574,27.630555555555553,4.591926355412041,0.0,0.0
57.0,0.1158,-0.0443,9.9214,-0.0255,-0.047,0.0679,-1507.729560285927,327.94872000016113,-1584.835779734148,320.6683920012989,27.586111111111112,4.590774438105725,-0.0017454357170787011,0.0
57.1,-0.303,0.4513,9.9727,-0.0542,-0.0407,0.0639,-1507.729560285927,327.94872000016113,-1587.5631821645168,320.3344320005601,27.586111111111112,4.592031075167162,0.0,0.0
57.2,-1.8029,0.8022,9.6869,0.0281,-0.0516,0.1177,-1507.729560285927,327.94872000016113,-1590.2838668549348,320.0004720006123,27.552774999999997,4.590914064445885,0.0,-0.09002572365885
57.300000000000004,-1.0027,0.3127,10.2838,-0.0393,-0.0029,-0.0369,-1507.729560285927,327.94872000016113,-1593.004551545353,319.6776440007946,27.56388888888889,4.596952903657785,-0.0017454357170787011,-0.09002572365885
57.400000000000006,0.9893,1.2983,9.6786,0.1092,-0.2375,0.052,-1507.729560285927,327.94872000016113,-1595.725236235756,319.3436840008468,27.530555555555555,4.593200445765997,-0.0017454357170787011,-0.09002572365885
57.5,-1.3673,-0.9277,9.7212,0.1517,-0.1354,0.0062,-1507.729560285927,327.94872000016113,-1598.4392031861942,319.0208560002381,27.538888888888888,4.593340072106157,-0.0017454357170787011,-0.09002572365885
57.6,1.4188,1.1263,8.7327,0.0386,-0.184,0.1136,-1507.729560285927,327.94872000016113,-1601.1598878766122,318.6980280004204,27.502775,4.594893415140431,-0.0017454357170787011,-0.09002572365885
57.7,0.2223,-0.5741,9.2439,0.1987,-0.2147,-0.0087,-1507.729560285927,327.94872000016113,-1603.8805725670154,318.3529360003425,27.516666666666666,4.588749856173411,0.0,0.0
57.800000000000004,-1.0772,-1.4759,9.2316,-0.0548,-0.0026,0.0248,-1507.729560285927,327.94872000016113,-1606.5945395174683,318.04124000065485,27.469444444444445,4.594910868432952,-0.0017454357170787011,0.0
57.900000000000006,-1.4526,0.5006,9.9356,0.1932,-0.2789,0.0275,-1507.729560285927,327.94872000016113,-1609.3085064678912,317.71841200004616,27.48611111111111,4.594369816364833,0.0034908714341574023,0.0
58.0,-2.3779,-0.0793,9.8736,-0.1003,0.1405,0.0524,-1507.729560285927,327.94872000016113,-1612.0291911582945,317.38445200009835,27.46111111111111,4.593340072106157,0.0052363071512361034,0.0
58.1,3.0164,0.6633,10.3128,0.1369,-0.2299,-0.0142,-1507.729560285927,327.94872000016113,-1614.7364403687523,317.0727560004107,27.494444444444444,4.597162343168025,0.0052363071512361034,0.0
58.2,-1.2589,-0.1393,9.9467,0.2615,-0.3449,0.0123,-1507.729560285927,327.94872000016113,-1617.4571250591703,316.7276640003328,27.47222222222222,4.589919226772248,0.008726646259971648,0.0
58.300000000000004,3.7448,0.7685,10.6132,-0.0301,-0.0061,0.0281,-1507.729560285927,327.94872000016113,-1620.1710920096082,316.4048360005151,27.5,4.593846217589236,0.017453292519943295,0.0
58.400000000000006,-0.6053,-0.6313,10.6376,-0.2561,0.418,-0.0015,-1507.729560285927,327.94872000016113,-1622.885058960031,316.0820079999064,27.469444444444445,4.593060819425838,0.024434504808165492,0.0
58.5,2.8498,0.7541,9.6291,-0.1245,0.2662,-0.1197,-1507.729560285927,327.94872000016113,-1625.599025910469,315.7369160006195,27.511111111111113,4.58908146873129,0.02268959443519164,0.0
58.6,-1.1285,-0.3517,9.7595,0.1074,-0.1031,0.0294,-1507.729560285927,327.94872000016113,-1628.3062751209268,315.4029559998807,27.5,4.589884320187208,0.019198726491692745,0.0
58.7,1.3164,1.0207,9.1174,-0.1403,0.2302,-0.0121,-1507.729560285927,327.94872000016113,-1631.0202420713497,315.0578640005938,27.511111111111113,4.587405952649376,0.013962953411207752,0.09002572365885
58.800000000000004,-1.1283,-0.1019,10.4048,0.0406,0.0296,-0.0649,-1507.729560285927,327.94872000016113,-1633.7274912818223,314.6905080002557,27.494444444444444,4.580826061369357,0.0052363071512361034,0.09002572365885
58.900000000000006,0.0478,0.0164,10.0654,-0.0755,0.2151,0.0224,-1507.729560285927,327.94872000016113,-1636.44145823226,314.3454160001778,27.508333333333333,4.5840549204855465,0.0052363071512361034,0.09002572365885
59.0,0.2166,-1.2914,10.1338,0.0238,-0.0839,0.0696,-1507.729560285927,327.94872000016113,-1639.155425182698,313.9891919999698,27.502775,4.5842469067032665,0.010472081977050348,0.09002572365885
59.1,-0.0277,-1.5852,10.6778,0.0444,-0.1898,0.0326,-1507.729560285927,327.94872000016113,-1641.869392133121,313.6218360004227,27.538888888888888,4.580756248199278,0.010472081977050348,0.09002572365885
59.2,-1.1257,-1.9228,10.4788,-0.032,0.2372,-0.0232,-1507.729560285927,327.94872000016113,-1644.5833590835439,313.26561200021473,27.536111111111108,4.5819605253831535,0.010472081977050348,0.09002572365885
59.300000000000004,0.8525,0.525,9.3119,-0.108,0.0984,-0.0467,-1507.729560285927,327.94872000016113,-1647.297326033982,312.9093880007977,27.56388888888889,4.581332206852435,0.008726646259971648,0.09002572365885
59.400000000000006,-1.3655,0.0985,8.9084,-0.0974,0.1138,0.0589,-1507.729560285927,327.94872000016113,-1650.0180107244,312.54203200045964,27.569444444444443,4.579726503940601,0.008726646259971648,0.09002572365885
59.5,-0.1302,0.363,10.4963,-0.0382,0.126,-0.0038,-1507.729560285927,327.94872000016113,-1652.738695414818,312.16354400078245,27.59166388888889,4.575939139463773,0.0052363071512361034,0.09002572365885
59.6,-0.4799,-0.9632,10.0359,-0.0336,0.0717,0.019,-1507.729560285927,327.94872000016113,-1655.452662365256,311.7961880004444,27.577777777777776,4.579150545287442,0.0052363071512361034,0.1900514060025
59.7,0.1648,-0.1034,9.5344,-0.001,0.1268,-0.0445,-1507.729560285927,327.94872000016113,-1658.1733470556592,311.4176999999762,27.613888888888887,4.574438156307058,0.0017454357170787011,0.1900514060025
59.800000000000004,1.2097,-0.0792,9.1225,0.0381,-0.0865,0.0329,-1507.729560285927,327.94872000016113,-1660.8940317460774,311.0503440004291,27.627777777777776,4.576846710674811,0.0017454357170787011,0.1900514060025
59.900000000000006,-0.8847,0.4015,9.9299,-0.0171,-0.0178,0.0489,-1507.729560285927,327.94872000016113,-1663.6147164364656,310.68298800009103,27.666666666666664,4.578522226756724,0.0017454357170787011,0.1900514060025
60.0,0.589,1.6782,9.4961,0.0866,-0.1468,0.0552,-1507.729560285927,327.94872000016113,-1666.342118866864,310.30450000041384,27.619444444444447,4.577387762742928,0.0017454357170787011,0.09002572365885
60.1,-1.2362,0.8407,10.4976,0.0057,-0.0517,0.0975,-1507.729560285927,327.94872000016113,-1669.0695212972626,309.93714400007576,27.630555555555553,4.576288205314172,0.0,0.0
60.2,0.4198,0.2878,9.4462,0.06,-0.1135,0.0351,-1507.729560285927,327.94872000016113,-1671.7902059876658,309.5475240002685,27.608333333333334,4.576166032266532,0.0052363071512361034,-0.09002572365885
60.300000000000004,-0.4528,-0.8553,9.9161,-0.009,-0.0456,0.0174,-1507.729560285927,327.94872000016113,-1674.5108906780838,309.1801679999304,27.602777777777778,4.578958559069724,0.0052363071512361034,-0.09002572365885
60.400000000000006,-0.0746,0.1419,9.511,0.0116,-0.0208,0.0363,-1507.729560285927,327.94872000016113,-1677.2315753684873,308.8016800002532,27.55833333333333,4.573530585096021,0.0052363071512361034,-0.1900537595985
60.5,-0.7093,1.1096,10.001,-0.0013,-0.0559,0.0536,-1507.729560285927,327.94872000016113,-1679.945542318925,308.43432399991514,27.516666666666666,4.57686416396733,0.0034908714341574023,-0.290081883798
60.6,0.4559,1.5587,9.7233,0.0085,-0.0179,0.0318,-1507.729560285927,327.94872000016113,-1682.6595092693628,308.05583600023795,27.455555555555556,4.574857035327537,0.0052363071512361034,-0.290081883798
60.7,0.5261,1.0607,10.435,-0.0007,-0.0949,0.0388,-1507.729560285927,327.94872000016113,-1685.3734762197857,307.67734800056076,27.430555555555554,4.57384474436138,0.0052363071512361034,-0.49013568053449996
60.800000000000004,-0.6927,1.4184,9.3634,0.1125,-0.0184,-0.0663,-1507.729560285927,327.94872000016113,-1688.0740076902782,307.2988600000926,27.375,4.57393201082398,0.008726646259971648,-0.49013568053449996
60.900000000000006,0.2019999999999999,0.2638,10.1648,-0.0495,-0.0648,0.0104,-1507.729560285927,327.94872000016113,-1690.7678214207754,306.9203720004154,27.333333333333336,4.574123997041698,0.010472081977050348,-0.49013568053449996
61.0,-0.5028,0.2076,9.5766,-0.0785,0.1641,-0.0134,-1507.729560285927,327.94872000016113,-1693.4616351512875,306.54188399994723,27.255555555555556,4.573548038388541,0.008726646259971648,-0.49013568053449996
61.1,1.9987,0.5302,9.7844,-0.0705,-0.0011,0.013,-1507.729560285927,327.94872000016113,-1696.148731141819,306.15226400013995,27.21111111111111,4.572413574374745,0.010472081977050348,-0.49013568053449996
61.2,-0.9923,0.4586,9.4897,-0.0834,0.1442,0.0937,-1507.729560285927,327.94872000016113,-1698.8223916524055,305.76264400033267,27.169444444444444,4.570580978660151,0.008726646259971648,-0.49013568053449996
61.300000000000004,0.8134,0.4901,10.3537,-0.0539,0.0976,0.011,-1507.729560285927,327.94872000016113,-1701.496052162962,305.3841560006555,27.105552777777774,4.570109739762112,0.010472081977050348,-0.49013568053449996
61.400000000000006,-0.8885,0.0857,9.4952,-0.1039,0.1285,0.0104,-1507.729560285927,327.94872000016113,-1704.1697126735482,305.0056680001873,27.049999999999997,4.572919719857823,0.0052363071512361034,-0.49013568053449996
61.5,0.0088,0.6869,10.6648,-0.0984,0.0459,0.1236,-1507.729560285927,327.94872000016113,-1706.8366554441393,304.61604800038003,26.977777777777778,4.566863427353403,0.0052363071512361034,-0.49013568053449996
61.6,-1.218,0.1062,9.646,0.0323,0.1569,0.0258,-1507.729560285927,327.94872000016113,-1709.4901627347847,304.22642800057275,26.941666666666663,4.568137517707359,0.0,-0.49013568053449996
61.7,-0.8659,0.3738,9.7848,-0.2215,0.2007,-0.0209,-1507.729560285927,327.94872000016113,-1712.1436700254453,303.8590720002347,26.866666666666667,4.574420703014538,-0.0017454357170787011,-0.49013568053449996
61.800000000000004,-2.2347,1.7713,8.17,0.0744,-0.0502,0.0327,-1507.729560285927,327.94872000016113,-1714.7904595761106,303.4583200002973,26.841666666666665,4.5666539878431625,-0.0017454357170787011,-0.49013568053449996
61.900000000000006,0.6062,0.1767,9.967,-0.2275,0.211,-0.0474,-1507.729560285927,327.94872000016113,-1717.4305313868106,303.0798320006201,26.761111111111113,4.5698653936668325,0.0017454357170787011,-0.49013568053449996
62.0,1.072,1.6454,10.0126,-0.0726,0.2644,-0.0074,-1507.729560285927,327.94872000016113,-1720.0706031974955,302.69021200002186,26.73611111111111,4.568015344659719,0.0017454357170787011,-0.49013568053449996
62.1,-3.0692,0.6677,9.8737,-0.0036,0.0944,0.0469,-1507.729560285927,327.94872000016113,-1722.7039572682152,302.30059200100555,26.64999722222222,4.567177586618762,0.0017454357170787011,-0.49013568053449996
62.2,-1.0743,0.7132,10.3095,0.1356,-0.2031,-0.0133,-1507.729560285927,327.94872000016113,-1725.3238758589894,301.9332359998765,26.624999999999996,4.571506003163708,0.0,-0.49013568053449996
62.300000000000004,-1.4543,-0.2535,9.9078,0.0232,-0.0163,0.0222,-1507.729560285927,327.94872000016113,-1727.957229929709,301.53248399993913,26.569444444444446,4.565502070536847,0.0,-0.49013568053449996
62.400000000000006,1.1847,1.4382,9.7827,0.2072,-0.2193,-0.0727,-1507.729560285927,327.94872000016113,-1730.5771485204832,301.15399600026194,26.56111111111111,4.568085157829799,0.0017454357170787011,-0.49013568053449996
62.5,-0.5737,1.3114,10.0755,0.0211,-0.1022,-0.045,-1507.729560285927,327.94872000016113,-1733.1769138913016,300.78663999992386,26.5,4.571174390605829,0.0,-0.49013568053449996
62.6,1.536,1.024,10.3049,0.1146,-0.1485,0.0691,-1507.729560285927,327.94872000016113,-1735.7901147420807,300.4081519994557,26.416666666666664,4.56743938600656,0.0017454357170787011,-0.49013568053449996
62.7,-0.9683,-0.4422,10.2202,0.0788,-0.214,0.0206,-1507.729560285927,327.94872000016113,-1738.389880112929,300.0296640005695,26.39166388888889,4.569429061353834,0.0,-0.49013568053449996
62.800000000000004,-0.8645,1.0793,9.3457,-0.0281,-0.0835,0.0304,-1507.729560285927,327.94872000016113,-1740.9963632237127,299.6400439999712,26.3,4.565484617244327,0.0034908714341574023,-0.49013568053449996
62.900000000000006,-1.1006,0.7436,9.4378,0.1499,-0.1403,-0.0389,-1507.729560285927,327.94872000016113,-1743.5826931146305,299.2726880004241,26.3,4.571506003163708,0.008726646259971648,-0.49013568053449996
63.0,-0.6353,0.4509,9.6891,-0.0736,0.0346,-0.0808,-1750.441505630448,295.6659200001968,-1746.1690230055183,298.89419999995596,26.227777777777778,4.569202168551075,0.015707856802864593,-0.49013568053449996
63.1,0.4683,0.6005,9.9198,0.0748,-0.0001,0.0445,-1750.441505630448,295.6659200001968,-1748.755352896391,298.51571200027877,26.18888888888889,4.564489779570691,0.01221751769412905,-0.49013568053449996
63.2,-0.4158,0.0963,9.7695,-0.0912,0.0134,0.0482,-1750.441505630448,295.6659200001968,-1751.3349650473135,298.12609200126246,26.125,4.563564755067134,0.010472081977050348,-0.49013568053449996
63.300000000000004,-0.5565,0.0338,9.6821,0.0783,-0.003,-0.0345,-1750.441505630448,295.6659200001968,-1753.9078594582409,297.73647199987323,26.09722222222222,4.564437419693131,0.010472081977050348,-0.49013568053449996
63.400000000000006,-0.612,0.8806,10.5795,0.1488,0.0117,-0.1378,-1750.441505630448,295.6659200001968,-1756.474036129188,297.36911600032613,26.055555555555554,4.56803279795224,0.01221751769412905,-0.290081883798
63.5,-1.6289,0.176,9.2272,-0.0212,-0.0619,0.1031,-1750.441505630448,295.6659200001968,-1759.0334950601398,296.96836400038876,26.002777777777776,4.560004283393065,0.008726646259971648,-0.290081883798
63.6,-0.2238,0.3606,9.6015,0.0739,-0.1223,0.1515,-1750.441505630448,295.6659200001968,-1761.5929539911515,296.5787440005815,26.008333333333333,4.562587370686017,0.0034908714341574023,-0.1900537595985
63.7,-1.0924,-0.0734,9.9986,0.0732,-0.1037,-0.0876,-1750.441505630448,295.6659200001968,-1764.1456951821533,296.1891239999832,25.997222222222224,4.562604823978536,-0.0034903391087355443,-0.09002572365885
63.800000000000004,-0.2185,-1.5359,10.5237,0.1907,-0.0385,-0.183,-1750.441505630448,295.6659200001968,-1766.691718633174,295.810636001097,25.983333333333334,4.563128422754135,-0.017453292519943295,0.0
63.900000000000006,-1.3903,0.0851,8.8434,-0.0486,-0.1027,0.0507,-1750.441505630448,295.6659200001968,-1769.244459824176,295.44327999996796,25.97499722222222,4.568137517707359,-0.027925372751664394,0.0
64.0,-0.123,-0.2447,8.918,0.0679,-0.2607,0.0605,-1750.441505630448,295.6659200001968,-1771.797201015192,295.0536600001607,25.958333333333332,4.565502070536847,-0.03316115106813714,-0.09002572365885
64.10000000000001,-3.2725,-0.2902,10.1629,0.0926,-0.147,-0.0077,-1750.441505630448,295.6659200001968,-1774.3499422061939,294.6974359999527,25.955552777777775,4.571680536088906,-0.03490658503988659,0.0
64.2,0.3183,0.406,10.1559,0.0543,-0.1938,-0.0235,-1750.441505630448,295.6659200001968,-1776.9094011371608,294.3300800004056,25.90555277777778,4.567421932714041,-0.03141571709638769,0.0
64.3,-2.9196,0.0685,10.9315,-0.0991,0.0592,-0.0755,-1750.441505630448,295.6659200001968,-1779.4621423281772,293.9738560001976,25.944444444444446,4.574979208375177,-0.03490658503988659,0.0
64.4,-2.526,0.3878,9.6264,-0.0587,0.2393,-0.11,-1750.441505630448,295.6659200001968,-1782.021601259144,293.6176319999896,25.919444444444444,4.575729699953534,-0.03316115106813714,0.0
64.5,-2.396,0.6251,10.095,0.0571,-0.1823,0.0231,-1750.441505630448,295.6659200001968,-1784.5810601901255,293.2948039993809,25.916666666666664,4.582169964893392,-0.029670283124638246,0.0
64.60000000000001,-1.6038,0.3515,10.7978,-0.0267,0.1087,0.0295,-1750.441505630448,295.6659200001968,-1787.1338013811271,292.98310800048426,25.92499722222222,4.5895178010442885,-0.026179938779914945,0.0
64.7,0.0916,1.4582,9.2993,0.0396,-0.2302,0.0503,-1750.441505630448,295.6659200001968,-1789.6999780520891,292.64914800053646,25.9,4.583932747437907,-0.022689070836416043,0.0
64.8,-2.1575,1.1642,9.7362,0.1439,-0.0454,0.0343,-1750.441505630448,295.6659200001968,-1792.2527192430907,292.3485840009789,25.927777777777777,4.594509442704992,-0.015707856802864593,0.0
64.9,0.17,0.2923,9.6208,0.1681,-0.2639,-0.0077,-1750.441505630448,295.6659200001968,-1794.8121781740576,292.0368880005003,25.91388888888889,4.5921532482148,-0.013962421085785893,0.0
65.0,-2.6113,-0.9276,10.8235,0.1321,-0.2902,0.1486,-1750.441505630448,295.6659200001968,-1797.3716371050543,291.7363240001518,25.933333333333334,4.597075076705424,-0.010472081977050348,0.09002572365885
65.10000000000001,0.0717,-0.9127,9.8226,0.119,-0.1259,-0.0712,-1750.441505630448,295.6659200001968,-1799.9378137760011,291.43576000059426,25.958333333333332,4.5972147030455845,-0.013962421085785893,0.09002572365885
65.2,-2.1321,0.2089,10.1049,0.1111,-0.2107,0.0067,-1750.441505630448,295.6659200001968,-1802.5039904469634,291.14632800037583,25.958333333333332,4.600478468746814,-0.008726646259971648,0.09002572365885
65.3,-1.2572,-0.5257,9.5475,-0.1323,0.2593,-0.0343,-1750.441505630448,295.6659200001968,-1805.0701671179104,290.8457640000273,25.997222222222224,4.598453886814499,-0.0017454357170787011,0.09002572365885
65.4,1.6882,-0.1637,9.9062,0.0045,-0.0116,0.0127,-1750.441505630448,295.6659200001968,-1807.6363437889022,290.55633200059987,25.997222222222224,4.600687908257053,0.006981210542892947,0.09002572365885
65.5,-0.0452,0.9039,8.8403,0.0762,-0.0569,-0.1332,-1750.441505630448,295.6659200001968,-1810.2025204598194,290.27803200051153,26.016666666666666,4.6041436601760015,0.013962953411207752,0.09002572365885
65.60000000000001,1.6385,0.134,9.2559,-0.0523,0.1215,-0.0591,-1750.441505630448,295.6659200001968,-1812.7754148707616,289.9997320004232,26.01388888888889,4.604737072121679,0.013962953411207752,0.09002572365885
65.7,-0.1565,-0.7493,10.2155,-0.0013,0.1049,-0.012,-1750.441505630448,295.6659200001968,-1815.3483092816891,289.6880359999446,26.03055555555555,4.593985843929395,0.010472081977050348,0.1900514060025
65.8,2.2378,-0.9123,9.7316,-0.1746,0.2697,0.0004,-1750.441505630448,295.6659200001968,-1817.934639172577,289.40973600064723,26.058333333333334,4.604091300298442,0.008726646259971648,0.09002572365885
65.9,0.5435,-0.3671,9.3689,-0.0326,0.214,-0.1313,-1750.441505630448,295.6659200001968,-1820.507533583504,289.0980400001686,26.066666666666666,4.595818439643989,0.008726646259971648,0.09002572365885
66.0,-1.9608,-0.1563,9.1786,0.0344,0.0731,-0.0034,-1750.441505630448,295.6659200001968,-1823.0804279944316,288.8086079999502,26.099999999999998,4.599047298760177,0.006981210542892947,0.09002572365885
66.10000000000001,1.6203,-1.2276,8.8749,0.0534,-0.2719,0.0456,-1750.441505630448,295.6659200001968,-1825.653322405359,288.49691200026257,26.099999999999998,4.595033041480591,0.008726646259971648,0.09002572365885
66.2,-2.7123,-0.9104,10.4786,0.1979,-0.1594,0.1327,-1750.441505630448,295.6659200001968,-1828.2396522962617,288.18521600057494,26.11388611111111,4.59552173367115,0.020944160463442194,0.09002572365885
66.3,0.3942,-0.4018,10.3698,-0.0993,0.0302,0.0426,-1750.441505630448,295.6659200001968,-1830.8192644471542,287.88465199943545,26.11111111111111,4.599082205345217,0.026179938779914945,0.09002572365885
66.4,-1.5871,-0.3503,10.5012,0.1671,-0.1563,-0.018,-1750.441505630448,295.6659200001968,-1833.405594338042,287.5729560005388,26.125,4.592118341629761,0.029670806723413844,0.09002572365885
66.5,0.9659,-0.5325,9.4781,0.0211,0.0542,0.0327,-1750.441505630448,295.6659200001968,-1835.9852064889499,287.26126000085117,26.163886111111108,4.593235352351037,0.024434504808165492,0.09002572365885
66.60000000000001,1.2803,-1.6378,10.0792,-0.0033,-0.0841,-0.1127,-1750.441505630448,295.6659200001968,-1838.5648186398573,286.9272999993214,26.16944444444444,4.589186188486409,0.017453292519943295,0.09002572365885
66.7,-1.9198,-0.6617,10.3323,0.1497,-0.064,0.0816,-1750.441505630448,295.6659200001968,-1841.1444307907648,286.5933400001646,26.191666666666666,4.585555903642262,0.017453292519943295,0.1900514060025
66.8,2.3786,-1.8252,9.465,-0.1829,0.1559,-0.034,-1750.441505630448,295.6659200001968,-1843.7307606816526,286.25938000021677,26.202775,4.584770505478864,0.019198726491692745,0.1900514060025
66.9,-0.9624,-0.8006,9.5037,0.0978,-0.0001,-0.0529,-1750.441505630448,295.6659200001968,-1846.3170905725403,285.91428800013887,26.23611111111111,4.58306008281191,0.026179938779914945,0.1900514060025
67.0,2.8552,-0.6489,9.0945,-0.1459,0.2955,-0.0438,-1750.441505630448,295.6659200001968,-1848.9034204634133,285.56919600006097,26.24722222222222,4.581628912825274,0.02268959443519164,0.1900514060025
67.10000000000001,-1.1077,-1.3571,9.4482,-0.1259,0.2252,-0.0074,-1750.441505630448,295.6659200001968,-1851.4897503543013,285.2241039999831,26.238888888888887,4.579639237478001,0.024434504808165492,0.1900514060025
67.2,-3.4042,0.6309,10.875,-0.0708,0.2708,-0.0013,-1750.441505630448,295.6659200001968,-1854.0827979851542,284.86788000056606,26.283333333333335,4.577998627981127,0.019198726491692745,0.1900514060025
67.3,0.605,-0.4202,10.2142,0.3804,-0.6537,0.0409,-1750.441505630448,295.6659200001968,-1856.669127876042,284.500524000228,26.275,4.575904232878734,0.01221751769412905,0.290079530202
67.4,-5.9333,0.7578,11.5523,0.1974,-0.3768,0.1712,-1750.441505630448,295.6659200001968,-1859.2688932468755,284.14430000002,26.338888888888885,4.575432993980695,0.0034908714341574023,0.1900514060025
67.5,0.5391,0.294,10.0201,0.1511,-0.3477,0.0633,-1750.441505630448,295.6659200001968,-1861.8552231377632,283.7546800002127,26.34722222222222,4.5677709985644395,0.0017454357170787011,0.1900514060025
67.60000000000001,3.9311,-1.5902,9.3286,0.3343,-0.5433,0.0709,-1750.441505630448,295.6659200001968,-1864.4549885085967,283.38732399987464,26.380555555555553,4.57106967085071,0.0034908714341574023,0.1900514060025
67.7,1.2194,-1.7534,9.8131,0.0345,0.018,-0.0866,-1750.441505630448,295.6659200001968,-1867.0480361394648,282.99770400006736,26.400000000000002,4.566060575897485,0.01221751769412905,0.1900514060025
67.8,2.8748,-0.042,9.5007,0.214,-0.4578,0.1281,-1750.441505630448,295.6659200001968,-1869.6545192502786,282.63034800052026,26.380555555555553,4.569655954156594,0.010472081977050348,0.09002572365885
67.9,3.895,-0.1515,9.951,-0.209,0.3753,-0.0878,-1750.441505630448,295.6659200001968,-1872.2542846211118,282.25186000084307,26.397222222222222,4.569970113421952,0.010472081977050348,0.0
68.0,3.6701,-1.7913,9.4011,0.0666,-0.1466,0.0127,-1750.441505630448,295.6659200001968,-1874.8473322519649,281.8622400002448,26.358333333333334,4.568346957217598,0.0052363071512361034,0.0
68.10000000000001,-3.5619,1.378,10.0271,-0.3021,0.638,-0.0449,-1750.441505630448,295.6659200001968,-1877.4538153627936,281.47262000043753,26.405555555555555,4.565606790291966,0.0052363071512361034,-0.09002572365885
68.2,3.4022,-0.6098,8.8097,-0.2501,0.4326,-0.1392,-1750.441505630448,295.6659200001968,-1880.0468629936468,281.08300000063025,26.34722222222222,4.564245433475411,0.0034908714341574023,-0.09002572365885
68.3,-3.8984,1.8517,10.0472,-0.1986,0.4259,0.0334,-1750.441505630448,295.6659200001968,-1882.6399106245149,280.7045120001621,26.349999999999998,4.565728963339606,0.010472081977050348,-0.1900537595985
68.4,-1.0885,0.7197,10.589,-0.3879,0.6304,-0.1405,-1750.441505630448,295.6659200001968,-1885.2329582553677,280.3037600002247,26.288888888888888,4.5629887964139755,0.010472081977050348,-0.1900537595985
68.5,-4.1668,2.0623,10.5816,0.0713,-0.1772,-0.0178,-1750.441505630448,295.6659200001968,-1887.819288146226,279.91414000041743,26.238888888888887,4.564227980182892,0.008726646259971648,-0.290081883798
68.60000000000001,-2.7623,0.8128,9.9831,-0.1589,0.3176,0.0009,-1750.441505630448,295.6659200001968,-1890.4056180371585,279.52452000061015,26.183330555555557,4.563774194577372,0.013962953411207752,-0.290081883798
68.7,4.0533,1.4248,9.5396,0.2235,-0.5283,0.0668,-1750.441505630448,295.6659200001968,-1892.9852301880362,279.1237679998818,26.144444444444446,4.560527882168664,0.0052363071512361034,-0.390109909931
68.8,-2.207,2.5271,10.3463,0.2055,-0.2983,0.0653,-1750.441505630448,295.6659200001968,-1895.5648423389587,278.7341480000745,26.130555555555553,4.56171470606002,0.008726646259971648,-0.390109909931
68.9,3.2608,-0.3409,9.4994,0.1455,-0.2593,0.0161,-1750.441505630448,295.6659200001968,-1898.137736749886,278.33339600013716,26.06388611111111,4.560580242046223,0.010472081977050348,-0.390109909931
69.0,1.1542,-1.1653,10.2426,0.2633,-0.5915,0.0552,-1750.441505630448,295.6659200001968,-1900.697195680868,277.9437760003299,26.052777777777777,4.560719868386383,0.008726646259971648,-0.49013568053449996
69.10000000000001,2.9154,-1.1472,9.5413,0.0308,0.1679,-0.1107,-1750.441505630448,295.6659200001968,-1903.2566546118348,277.5541560005226,26.002777777777776,4.559358511569828,0.008726646259971648,-0.49013568053449996
69.2,-0.2406,-0.8421,9.6081,0.1094,-0.3769,0.013,-1750.441505630448,295.6659200001968,-1905.8161135428163,277.1534040005852,25.927777777777777,4.55841603377375,0.006981210542892947,-0.390109909931
69.3,-4.6911,2.8058,11.4574,-0.2496,0.5884,-0.1515,-1750.441505630448,295.6659200001968,-1908.3688547338327,276.75265200064786,25.916666666666664,4.558119327800911,0.006981210542892947,-0.49013568053449996
69.4,1.0035,0.0516,9.1506,-0.0136,0.1015,-0.068,-1750.441505630448,295.6659200001968,-1910.9148781848542,276.3518999999195,25.836108333333332,4.5568452374469555,0.008726646259971648,-0.49013568053449996
69.5,-2.6916,2.6789,10.1975,-0.1389,0.3021,-0.0417,-1750.441505630448,295.6659200001968,-1913.4474661559148,275.940016000643,25.825,4.555047548317401,0.0052363071512361034,-0.49013568053449996
69.60000000000001,1.0302,-0.6668,10.4036,-0.3107,0.309,0.0214,-1750.441505630448,295.6659200001968,-1915.986771866986,275.5392639999147,25.791666666666664,4.557246663174913,0.0017454357170787011,-0.49013568053449996
69.7,-3.5547,0.9986,11.5426,-0.1687,0.083,0.0445,-1750.441505630448,295.6659200001968,-1918.5193598380465,275.1385119999773,25.68888888888889,4.554384323201643,0.0,-0.390109909931
69.8,-0.726,-0.9541,9.396,-0.045,0.3077,-0.055,-1750.441505630448,295.6659200001968,-1921.0452300691568,274.7377600008309,25.663888888888888,4.556024932698517,-0.0017454357170787011,-0.390109909931
69.9,1.8128,-0.4898,9.4368,-0.0076,-0.1893,0.0425,-1750.441505630448,295.6659200001968,-1923.571100300252,274.3258759999725,25.613888888888887,4.554977735147321,0.0,-0.49013568053449996
70.0,-0.6166,0.1375,9.5844,-0.0074,-0.0117,0.012,-1750.441505630448,295.6659200001968,-1926.0835350513873,273.9251240008261,25.59722222222222,4.556496171596556,0.0,-0.49013568053449996
70.10000000000001,0.1695,0.1076,10.7203,0.0729,0.0654,-0.1217,-1750.441505630448,295.6659200001968,-1928.6026875425025,273.53550400022783,25.525,4.557787715243032,0.0,-0.390109909931
70.2,0.0908,1.5182,9.5653,-0.025,-0.0075,0.0735,-1750.441505630448,295.6659200001968,-1931.108404553687,273.13475200029046,25.447222222222223,4.555571147092999,-0.0017454357170787011,-0.49013568053449996
70.3,-1.936,-0.3906,9.7222,-0.0179,0.0826,-0.0179,-1750.441505630448,295.6659200001968,-1933.6208393048219,272.75626400061327,25.447222222222223,4.559114165474548,0.0017454357170787011,-0.49013568053449996
70.4,0.4089,0.5823,11.031,-0.2408,0.2478,0.069,-1750.441505630448,295.6659200001968,-1936.1198385760263,272.366644000015,25.40833333333333,4.558957085841868,0.0017454357170787011,-0.390109909931
70.5,1.3816,2.3238,9.0739,-0.0521,-0.2419,0.1696,-1750.441505630448,295.6659200001968,-1938.6121201072356,271.96589200007764,25.419441666666668,4.5565485314741165,-0.0017454357170787011,-0.290081883798
70.60000000000001,0.9697,1.3826,9.1879,0.0894,0.1514,-0.1278,-1750.441505630448,295.6659200001968,-1941.1111193784398,271.57627200027036,25.355555555555554,4.556007479405999,-0.0017454357170787011,-0.290081883798
70.7,0.8999,1.2123,8.666,-0.3187,0.237,-0.0219,-1750.441505630448,295.6659200001968,-1943.6034009096486,271.1866520004631,25.325,4.55857311340643,-0.0017454357170787011,-0.1900537595985
70.8,-1.0144,0.8164,10.0039,0.1148,-0.1325,-0.0099,-1750.441505630448,295.6659200001968,-1946.095682440858,270.7970320006558,25.33888888888889,4.557107036834754,0.0,-0.290081883798
70.9,2.0133,-0.0822,9.8648,0.2435,-0.0626,-0.0791,-1750.441505630448,295.6659200001968,-1948.5812462321016,270.40741200005755,25.31111111111111,4.558189140970991,0.0,-0.09002572365885
71.0,1.5108,-0.6119,8.2347,-0.013,-0.2142,-0.0613,-1750.441505630448,295.6659200001968,-1951.073527763311,270.01779200025027,25.275,4.558677833161549,0.0017454357170787011,0.0
71.10000000000001,0.8982,-0.9233,8.7417,0.107,-0.1251,0.1641,-1750.441505630448,295.6659200001968,-1953.5523738145894,269.6393040005731,25.313888888888886,4.559812297175345,0.0,0.0
71.2,0.3696,-2.0631,10.3469,-0.1707,0.1513,0.0697,-1750.441505630448,295.6659200001968,-1956.051373085764,269.2608160001049,25.302777777777777,4.56155762642734,-0.0017454357170787011,0.0
71.3,0.0493,0.2133,8.3414,-0.0307,-0.0936,0.2116,-1750.441505630448,295.6659200001968,-1958.5302191370276,268.87119599950665,25.31111111111111,4.5614354533797,-0.0017454357170787011,0.0
71.4,1.0004,0.6165,8.3689,-0.093,0.1284,-0.1093,-1750.441505630448,295.6659200001968,-1961.0225006682515,268.48157600049035,25.34166666666667,4.559899563637945,-0.0017454357170787011,0.09002572365885
71.5,-0.2521,-0.0746,10.7901,-0.1355,0.173,-0.0988,-1750.441505630448,295.6659200001968,-1963.5147821994756,268.1030880000222,25.333333333333332,4.561226013869461,0.0,0.09002572365885
71.60000000000001,-2.0963,-0.6939,9.5379,0.1555,-0.0035,-0.0977,-1750.441505630448,295.6659200001968,-1966.0003459907045,267.724600000345,25.358333333333334,4.561103840821821,0.0,0.09002572365885
71.7,-1.0673,-0.5412,9.7098,-0.2094,0.1246,0.0509,-1750.441505630448,295.6659200001968,-1968.4993452619087,267.3238480004076,25.372222222222224,4.557246663174913,-0.0017454357170787011,0.1900514060025
71.8,-0.5272,0.0691,10.5077,0.1034,-0.1937,0.1505,-1750.441505630448,295.6659200001968,-1970.9983445330834,266.95649200006955,25.40833333333333,4.562465197638377,0.0,0.1900514060025
71.9,-2.2849,-0.8302,10.0889,0.0335,-0.261,0.1176,-1750.441505630448,295.6659200001968,-1973.4973438042725,266.57800400039235,25.427777777777777,4.563076062876575,0.0017454357170787011,0.09002572365885
72.0,-0.8002,-1.2265,9.2225,-0.2022,0.0755,0.1264,-1979.9195032216428,263.3831200002325,-1975.996343075477,266.1883840005851,25.42222222222222,4.560754774971422,0.0,0.1900514060025
72.10000000000001,-2.2965,0.2861,11.1533,0.0533,0.0772,-0.0001,-1979.9195032216428,263.3831200002325,-1978.5020600866465,265.8098960001169,25.5,4.5625001042234175,0.0,0.09002572365885
72.2,0.8297,-0.6303,8.2188,-0.2691,0.2811,-0.211,-1979.9195032216428,263.3831200002325,-1981.007777097816,265.4314080004397,25.480555555555554,4.563494941897053,0.0,0.1900514060025
72.3,0.7699,-0.0989,11.7535,0.1211,-0.1967,-0.3625,-1979.9195032216428,263.3831200002325,-1983.513494108971,265.05291999997155,25.497222222222224,4.562430291053337,-0.0017454357170787011,0.1900514060025
72.4,-0.8055,-2.7009,12.7695,-0.1247,-0.0705,0.4454,-1979.9195032216428,263.3831200002325,-1986.0259288601208,264.67443200029436,25.54722222222222,4.562953889828935,0.0017454357170787011,0.1900514060025
72.5,-0.3865,0.9145,8.26,-0.2059,-0.1917,0.2093,-1979.9195032216428,263.3831200002325,-1988.5316458712903,264.2848120004871,25.552777777777777,4.563809101162413,0.0,0.1900514060025
72.60000000000001,0.9393,1.5328,8.9449,0.2246,-0.1008,-0.0002,-1979.9195032216428,263.3831200002325,-1991.0507983624054,263.917456000149,25.661111111111108,4.565240271149048,-0.0017454357170787011,0.1900514060025
72.7,-1.0244,0.2736,10.8672,-0.0306,0.1384,-0.0623,-1979.9195032216428,263.3831200002325,-1993.5699508535208,263.5278360003417,25.638888888888886,4.560370802535984,-0.0017454357170787011,0.1900514060025
72.8,1.2392,0.6775,10.1111,-0.0513,0.0684,0.0102,-1979.9195032216428,263.3831200002325,-1996.082385604671,263.14934799987356,25.580555555555556,4.564245433475411,0.0,0.290079530202
72.9,-0.9723,-1.8356,11.1422,-0.0343,0.3782,-0.153,-1979.9195032216428,263.3831200002325,-1998.6149735757463,262.77086000019636,25.655555555555555,4.566723801013243,0.0,0.290079530202
73.0,2.5578,0.2221,9.7442,-0.3019,0.6141,-0.0796,-1979.9195032216428,263.3831200002325,-2001.140843806842,262.3923720005192,25.68333333333333,4.565310084319127,-0.005235774825814244,0.1900514060025
73.10000000000001,1.3257,-0.271,9.5754,-0.2381,0.5579999999999999,-0.0552,-1979.9195032216428,263.3831200002325,-2003.666714037952,262.0250160001811,25.752777777777776,4.567561559054201,0.0,0.1900514060025
73.2,-5.092,-2.0803,10.977,-0.152,0.0433,-0.1036,-1979.9195032216428,263.3831200002325,-2006.1993020090129,261.6465280005039,25.777777777777775,4.565467163951807,0.0,0.1900514060025
73.3,2.0404,-2.2569,9.6399,0.3691,-0.5923,-0.0853,-1979.9195032216428,263.3831200002325,-2008.7318899801037,261.2680400008267,25.788888888888888,4.564280340060451,0.0034908714341574023,0.1900514060025
73.4,-6.0699,-0.2324,10.447,0.2859,-0.6095,0.1772,-1979.9195032216428,263.3831200002325,-2011.2711956911296,260.88955200035855,25.819444444444443,4.563844007747453,0.0,0.290079530202
73.5,-0.9365,0.7853,10.0314,0.0303,-0.3724,0.0542,-1979.9195032216428,263.3831200002325,-2013.8105014022003,260.5110639998904,25.833333333333332,4.567299759666401,-0.008726646259971648,0.290079530202
73.60000000000001,-5.1741,-1.2278,10.4997,0.3587,-0.4953,0.0204,-1979.9195032216428,263.3831200002325,-2016.356524853207,260.1437080003433,25.9,4.568050251244759,-0.013962421085785893,0.1900514060025
73.7,0.4136,-0.2985,10.283,-0.2006,0.16,-0.1213,-1979.9195032216428,263.3831200002325,-2018.8958305642627,259.7652199998751,25.894444444444442,4.567387026129001,-0.019198726491692745,0.290079530202
73.8,5.2534,-0.921,9.5006,0.1037,-0.1708,0.1903,-1979.9195032216428,263.3831200002325,-2021.4552894952594,259.3867320001979,25.95,4.565257724441568,-0.020943636864666597,0.1900514060025
73.9,-0.4617,-3.8121,10.9656,-0.3316,0.4579,-0.1663,-1979.9195032216428,263.3831200002325,-2024.008030686246,259.03050799998994,25.983333333333334,4.571907428891667,-0.006981210542892947,0.1900514060025
74.0,1.9062,2.4157,7.049,0.0719,0.2958,-0.3128,-1979.9195032216428,263.3831200002325,-2026.5607718772476,258.68541599991204,25.983333333333334,4.578365147124046,-0.0017454357170787011,0.1900514060025
74.10000000000001,-2.466,-1.1267,11.2751,-0.1336,0.4914,-0.2242,-1979.9195032216428,263.3831200002325,-2029.1202308082443,258.31806000036494,26.005555555555556,4.574141450334219,-0.006981210542892947,0.290079530202
74.2,3.7285,-1.7005,12.3688,-0.3999,0.4365,0.1584,-1979.9195032216428,263.3831200002325,-2031.6864074791763,257.96183600015695,25.980555555555554,4.576846710674811,-0.015707856802864593,0.1900514060025
74.3,-3.0821,0.1304,9.7613,-0.0727,0.034,0.162,-1979.9195032216428,263.3831200002325,-2034.2593018901039,257.59448000060985,25.999999999999996,4.571610722918828,-0.010472081977050348,0.0
74.4,-4.4918,-2.8984,12.2749,-0.1473,0.3437,-0.1804,-1979.9195032216428,263.3831200002325,-2036.8254785610804,257.24938800053195,26.016666666666666,4.577283042987809,-0.0017454357170787011,0.0
74.5,-0.4108,-1.6061,11.5593,0.3973,-0.5369,-0.2985,-1979.9195032216428,263.3831200002325,-2039.3916552320277,256.90429600045405,26.022222222222222,4.580826061369357,-0.0034903391087355443,0.0
74.60000000000001,-5.6594,1.0357,8.8126,0.1702,-0.3494,0.1182,-1979.9195032216428,263.3831200002325,-2041.9511141630094,256.55920400037616,26.02499722222222,4.578993465654763,-0.0034903391087355443,-0.09002572365885
74.7,2.0388,-1.4229,9.4745,0.2598,-0.4935,0.2665,-1979.9195032216428,263.3831200002325,-2044.5172908339716,256.21411200029826,25.980555555555554,4.5809831410020365,-0.005235774825814244,0.0
74.8,-4.9748,-1.0163,10.0618,0.2188,-0.7128,0.1713,-1979.9195032216428,263.3831200002325,-2047.0834675049184,255.88015200035045,26.02777777777778,4.581559099655196,-0.0034903391087355443,0.0
74.9,0.6803,-2.7452,11.6785,-0.0324,0.2346,-0.1843,-1979.9195032216428,263.3831200002325,-2049.649644175881,255.53506000027255,25.96666666666667,4.5807911547843165,-0.005235774825814244,0.0
75.0,3.8766,-0.6940000000000001,8.2808,0.1065,-0.2906,0.0806,-1979.9195032216428,263.3831200002325,-2052.2158208468427,255.20109999953377,25.983333333333334,4.584316719873346,-0.005235774825814244,0.0
75.10000000000001,-0.1394,-0.0666,9.6431,-0.2883,0.4379,0.0787,-1979.9195032216428,263.3831200002325,-2054.7752797777944,254.87827200050702,26.041666666666664,4.5863936616832195,-0.005235774825814244,0.0
75.2,5.5053,0.64,9.0622,-0.2309,0.2664,-0.2154,-1979.9195032216428,263.3831200002325,-2057.3481741887367,254.54431200055922,26.075,4.58285064330167,-0.008726646259971648,0.09002572365885
75.3,-3.1052,-1.3952,9.9499,-0.2879,0.4021,-0.1587,-1979.9195032216428,263.3831200002325,-2059.9143508596985,254.19922000048132,26.102777777777778,4.581943072090634,-0.006981210542892947,0.1900514060025
75.4,5.6678,-0.5739,10.4812,-0.4033,0.6347,0.1866,-1979.9195032216428,263.3831200002325,-2062.487245270641,253.8875240007937,26.080555555555556,4.58925600165649,-0.006981210542892947,0.1900514060025
75.5,-4.4473,0.6627,11.0384,-0.2231,-0.0279999999999999,0.0848,-1979.9195032216428,263.3831200002325,-2065.0668574215338,253.5535640000549,26.11111111111111,4.5856606233973825,-0.0034903391087355443,0.1900514060025
75.60000000000001,-4.8779,-0.9809,10.1075,-0.1096,0.6236,-0.0777,-1979.9195032216428,263.3831200002325,-2067.646469572456,253.24186800036728,26.127777777777776,4.591716915901802,-0.0017454357170787011,0.1900514060025
75.7,-3.7694,-1.2791,10.7441,0.3368,-0.5226,0.1225,-1979.9195032216428,263.3831200002325,-2070.232799463314,252.91904000054956,26.166666666666668,4.5906348117655655,-0.005235774825814244,0.1900514060025
75.8,-4.7982,-0.3553,8.0435,0.0205,-0.0731,-0.1699,-1979.9195032216428,263.3831200002325,-2072.8124116142367,252.61847600020104,26.233330555555554,4.594579255875073,-0.006981210542892947,0.1900514060025
75.9,5.3807,-2.1796,8.7389,0.6443,-0.6385,0.0702,-1979.9195032216428,263.3831200002325,-2075.405459245105,252.29564800038332,26.22222222222222,4.58925600165649,-0.006981210542892947,0.1900514060025
76.0,-3.7951,-0.61,9.8408,0.133,-0.6046,0.0748,-1979.9195032216428,263.3831200002325,-2077.998506875958,251.98395199990472,26.277777777777775,4.591786729071881,-0.005235774825814244,0.1900514060025
76.10000000000001,4.4019,-0.1915,9.0665,0.092,-0.1095,0.1057,-1979.9195032216428,263.3831200002325,-2080.591554506826,251.6722559994261,26.244444444444444,4.59538210733099,0.0,0.290079530202
76.2,3.5825,-2.8783,11.1451,0.3261,-0.5272,-0.0464,-1979.9195032216428,263.3831200002325,-2083.191319877644,251.36056000052946,26.3,4.594718882215232,-0.0017454357170787011,0.290079530202
76.3,3.8481,-0.6026,10.4379,-0.1631,0.2979,-0.1859,-1979.9195032216428,263.3831200002325,-2085.797802988458,251.05999600018094,26.36111111111111,4.59538210733099,0.0,0.1900514060025
76.4,2.7157,-2.4035,9.4982,0.1959,-0.3299,0.1275,-1979.9195032216428,263.3831200002325,-2088.3975683593067,250.74830000049332,26.39166388888889,4.594212736732154,0.006981210542892947,0.1900514060025
76.5,-6.2277,-2.9478,10.4111,-0.4721,0.861,-0.1273,-1979.9195032216428,263.3831200002325,-2090.99733373014,250.4477360001448,26.45277777777778,4.596935450365264,0.008726646259971648,0.1900514060025
76.60000000000001,2.8707,-1.9802,8.3084,-0.237,0.3492,-0.0763,-1979.9195032216428,263.3831200002325,-2093.6105345809333,250.1249079995361,26.413888888888888,4.593374978691196,0.0034908714341574023,0.290079530202
76.7,-6.7778,-0.6485,10.6245,-0.2933,0.6578,-0.0869,-1979.9195032216428,263.3831200002325,-2096.2237354317276,249.81321200063945,26.508333333333333,4.593305165521117,0.0,0.1900514060025
76.80000000000001,0.1314,0.9798,10.7563,-0.4255,0.6046,-0.0842,-1979.9195032216428,263.3831200002325,-2098.8369362825065,249.50151600016085,26.486111111111107,4.594701428922712,0.0,0.290079530202
76.9,-7.5676,-0.4098,9.8579,-0.1874,0.4117,-0.0176,-1979.9195032216428,263.3831200002325,-2101.4568548733105,249.18982000047322,26.566666666666666,4.5940032972219145,-0.0017454357170787011,0.1900514060025
77.0,7.7869,-1.4737,9.2488,-0.5399,0.9725,-0.1044,-1979.9195032216428,263.3831200002325,-2104.07677346404,248.8781240007856,26.52777777777778,4.595190121113271,-0.005235774825814244,0.1900514060025
77.10000000000001,0.2262,-1.0673,8.8857,0.265,-0.3355,0.1349,-1979.9195032216428,263.3831200002325,-2106.7034097947794,248.56642800030698,26.558333333333334,4.593566964908916,-0.013962421085785893,0.0
77.2,-5.8558,-0.6084,11.4082,-0.3588,0.4937,-0.0555,-1979.9195032216428,263.3831200002325,-2109.316610645588,248.26586399995847,26.53888888888889,4.597127436582984,-0.013962421085785893,0.09002572365885
77.30000000000001,-2.1265,-1.2293,11.1279,0.3553,-0.602,0.1155,-1979.9195032216428,263.3831200002325,-2111.949964716308,247.95416800027084,26.57777777777778,4.59510285465067,-0.017453292519943295,0.0
77.4,-5.006,-0.0109,9.0408,0.0118,-0.1549,-0.1807,-1979.9195032216428,263.3831200002325,-2114.569883307067,247.6647360008434,26.56111111111111,4.601455853127931,-0.013962421085785893,0.09002572365885
77.5,1.5753,-1.6687,9.8105,0.225,-0.3018,-0.124,-1979.9195032216428,263.3831200002325,-2117.1965196377914,247.36417200049488,26.59999722222222,4.600984614229892,-0.012216985368707191,0.0
77.60000000000001,-2.3671,0.5567,9.1305,0.0903,-0.3377,0.0067,-1979.9195032216428,263.3831200002325,-2119.829873708526,247.07474000106743,26.575,4.602415784216527,-0.006981210542892947,0.09002572365885
77.7,0.4127,0.6112,10.2058,-0.0238,-0.0564,-0.1534,-1979.9195032216428,263.3831200002325,-2122.4565100392506,246.7964400001881,26.58888888888889,4.6044403661488404,-0.0034903391087355443,0.0
77.80000000000001,-1.1102,-0.3125,9.7461,0.2377,-0.2831,0.0265,-1979.9195032216428,263.3831200002325,-2125.0898641099707,246.5070079999697,26.575,4.606622027713834,0.0,0.0
77.9,-4.9534,-1.4172,11.1836,0.0605,-0.089,0.1338,-1979.9195032216428,263.3831200002325,-2127.7232181807053,246.22870799988135,26.569444444444446,4.606656934298873,-0.0017454357170787011,0.0
78.0,-0.9753,-0.5392,9.4982,0.2318,-0.4375,0.1309,-1979.9195032216428,263.3831200002325,-2130.34985451143,245.9615399999231,26.569444444444446,4.609048035374106,-0.005235774825814244,-0.09002572365885
78.10000000000001,-3.0467,0.8077,10.3204,-0.059,0.1114,0.0231,-1979.9195032216428,263.3831200002325,-2132.9899263221446,245.67210800049565,26.519444444444442,4.606447494788634,-0.005235774825814244,-0.1900537595985
78.2,-2.313,-0.5614,11.0841,0.0321,-0.3176,0.2101,-1979.9195032216428,263.3831200002325,-2135.6098449129036,245.39380800040732,26.505555555555556,4.608629156353627,-0.0034903391087355443,-0.290081883798
78.30000000000001,-2.7891,-1.2721,9.6195,-0.312,0.3987,-0.0309,-1979.9195032216428,263.3831200002325,-2138.236481243658,245.13777200057916,26.45,4.610950444258779,-0.0017454357170787011,-0.390109909931
78.4,4.8713,0.03,9.4521,-0.0641,0.2085,-0.0918,-1979.9195032216428,263.3831200002325,-2140.849682094437,244.87060400062092,26.39166388888889,4.6108806310887,-0.0017454357170787011,-0.49013568053449996
78.5,-5.2076,0.4573,12.2195,-0.3208,0.6424,-0.1132,-1979.9195032216428,263.3831200002325,-2143.4696006851964,244.6034359998717,26.302774999999997,4.611369323279257,0.0,-0.6801894401329999
78.60000000000001,4.7245,1.6623,9.925,-0.3609,0.7204,-0.2378,-1979.9195032216428,263.3831200002325,-2146.0760837960247,244.33626799991345,26.216666666666665,4.610758458041061,-0.0017454357170787011,-0.780217466266
78.7,2.6545,-0.9612,11.5257,0.0223,0.1173,-0.1164,-1979.9195032216428,263.3831200002325,-2148.6825669068385,244.0690999999552,26.16944444444444,4.612084908272576,-0.005235774825814244,-0.780217466266
78.80000000000001,6.3688,0.2158,9.8902,-0.5144,0.6477,0.0413,-1979.9195032216428,263.3831200002325,-2151.2756145376916,243.81306400012704,26.141666666666666,4.612381614245415,-0.008726646259971648,-0.8802455904654999
78.9,2.6418,1.942,6.6398,-0.4545,0.8742,-0.1915,-1979.9195032216428,263.3831200002325,-2153.848508948619,243.56816000042897,26.02777777777778,4.616552951157681,-0.0034903391087355443,-0.8802455904654999
79.0,-5.9828,-1.6258,11.0504,-0.1819,0.3058,-0.1785,-1979.9195032216428,263.3831200002325,-2156.4281210995414,243.31212400060082,26.03611111111111,4.614842528490727,0.0034908714341574023,-0.780217466266
79.10000000000001,5.9823,0.544,7.862,0.3855,-0.6803,0.0408,-1979.9195032216428,263.3831200002325,-2158.987580030508,243.07835200024186,25.85,4.618123747484476,0.0,-0.5801613159335
79.2,1.463,1.4977,10.0659,0.2503,-0.3281,-0.0231,-1979.9195032216428,263.3831200002325,-2161.5604744414354,242.8334480005438,25.80833333333333,4.617198722980919,0.0,-0.6801894401329999
79.30000000000001,5.9201,-3.0129,11.4632,-0.2147,0.2856,0.1665,-1979.9195032216428,263.3831200002325,-2164.1132156324375,242.58854400084573,25.72222222222222,4.618612439675035,-0.0034903391087355443,-0.5801613159335
79.4,0.2964,2.7002,9.3131,0.2991,-0.7183,0.4092,-1979.9195032216428,263.3831200002325,-2166.6659568234386,242.3436400003567,25.630555555555553,4.614999608123407,-0.006981210542892947,-0.5801613159335
79.5,-4.4598,-1.3617,12.1695,0.2064,-0.3879,0.1057,-1979.9195032216428,263.3831200002325,-2169.211980274475,242.08760400052853,25.65,4.615715193116724,-0.010472081977050348,-0.6801894401329999
79.60000000000001,1.0636,-0.7245,10.1382,0.0838,-0.0898,-0.0331,-1979.9195032216428,263.3831200002325,-2171.7445682455505,241.85383200016958,25.572222222222223,4.617879401389197,-0.0034903391087355443,-0.780217466266
79.7,-2.8168,0.615,8.0444,-0.2692,0.2623,-0.0109,-1979.9195032216428,263.3831200002325,-2174.2771562166113,241.6089280004715,25.502777777777776,4.617512882246278,-0.0017454357170787011,-0.6801894401329999
79.80000000000001,1.0518,1.6421,7.9702,0.0806,0.1621,-0.3194,-1979.9195032216428,263.3831200002325,-2176.8030264477215,241.36402400077344,25.45,4.616360964939962,0.0,-0.5801613159335
79.9,-1.8605,2.2258,11.6191,-0.1054,-0.099,0.258,-1979.9195032216428,263.3831200002325,-2179.3221789388367,241.1302520004145,25.38888888888889,4.617722321756518,-0.0017454357170787011,-0.5801613159335
80.0,-3.2055,0.4081,10.2921,-0.0909,0.0685,0.3111,-1979.9195032216428,263.3831200002325,-2181.834613689987,240.8964800008465,25.28888888888889,4.621335153308146,-0.0017454357170787011,-0.49013568053449996
80.10000000000001,1.7543,1.1303,10.1117,0.0582,-0.2646,0.2951,-1979.9195032216428,263.3831200002325,-2184.347048441122,240.66270800048756,25.255555555555556,4.619031318695513,0.0,-0.5801613159335
80.2,-1.6062,1.5355,8.6286,0.2401,-0.3855,-0.264,-1979.9195032216428,263.3831200002325,-2186.846047712311,240.4289360001286,25.241666666666667,4.619048771988033,-0.005235774825814244,-0.6801894401329999
80.30000000000001,-1.1772,1.2593,9.9871,0.1492,-0.0215,-0.2192,-1979.9195032216428,263.3831200002325,-2189.33832924352,240.18403200043053,25.147222222222222,4.617338349321079,-0.005235774825814244,-0.5801613159335
80.4,-2.8269,0.6928,9.659,0.1042,-0.3641,0.0135,-1979.9195032216428,263.3831200002325,-2191.8306107747444,239.95026000007158,25.033333333333335,4.61985162344395,-0.010472081977050348,-0.5801613159335
80.5,-1.089,2.2631,8.886000000000001,0.0476,-0.1926,0.0997,-1979.9195032216428,263.3831200002325,-2194.3228923059537,239.7164880005036,25.013888888888886,4.618978958817953,-0.005235774825814244,-0.5801613159335
80.60000000000001,2.0378,-1.5775,11.8596,-0.1324,-0.0392,-0.045,-1979.9195032216428,263.3831200002325,-2196.808456097197,239.48271600014465,24.980555555555558,4.619869076736471,-0.0034903391087355443,-0.5801613159335
80.7,-1.8541,2.7971,10.027,0.2953,-0.1661,-0.0155,-1979.9195032216428,263.3831200002325,-2199.280584408495,239.27120800004587,24.869444444444444,4.627670698492885,-0.0017454357170787011,-0.5801613159335
80.80000000000001,-1.2256,0.4901,11.0193,0.0514,-0.0993,0.2047,-1979.9195032216428,263.3831200002325,-2201.7527127197936,239.048568000608,24.894444444444446,4.62294085621998,-0.0034903391087355443,-0.6801894401329999
80.9,-1.3639,-0.6596,9.3245,-0.2601,0.086,0.1841,-1979.9195032216428,263.3831200002325,-2204.2114055511165,238.8370600005092,24.819444444444443,4.626606047649168,-0.006981210542892947,-0.5801613159335
81.0,-2.3123,0.2723,11.3264,-0.3131,0.1378,0.2667,-2210.6066940085657,236.1097200002763,-2206.6768161224195,238.60328800094123,24.730555555555554,4.61985162344395,-0.010472081977050348,-0.6801894401329999
81.10000000000001,-2.4845,1.9179,8.2281,0.1621,-0.2109,0.004,-2210.6066940085657,236.1097200002763,-2209.1355089537574,238.3583840004522,24.71944444444444,4.617076549933279,-0.008726646259971648,-0.6801894401329999
81.2,3.9377,1.6185,9.6079,-0.3419,0.2169,0.1591,-2210.6066940085657,236.1097200002763,-2211.5874840451147,238.1357440010143,24.594444444444445,4.6229583095125,-0.006981210542892947,-0.5801613159335
81.30000000000001,1.5911,1.5419,8.9334,-0.0432,0.1836,-0.1069,-2210.6066940085657,236.1097200002763,-2214.026023656527,237.92423600012455,24.53611111111111,4.625471583635372,-0.0034903391087355443,-0.5801613159335
81.4,-0.8871,0.4617,10.4264,0.1064,0.0978,-0.1516,-2210.6066940085657,236.1097200002763,-2216.4645632679235,237.71272800002578,24.43888888888889,4.628333923608643,-0.0017454357170787011,-0.5801613159335
81.5,1.541,1.0133,10.0513,0.3098,-0.1907,0.0441,-2210.6066940085657,236.1097200002763,-2218.8963851393555,237.501219999927,24.380555555555553,4.629101868479521,-0.0034903391087355443,-0.5801613159335
81.60000000000001,-0.1187,0.4893,10.009,-0.3234,-0.0178,-0.0941,-2210.6066940085657,236.1097200002763,-2221.3147715308414,237.31197600087938,24.380555555555553,4.634006243677625,-0.008726646259971648,-0.780217466266
81.7,0.7348,0.5172,10.7523,-0.1306,-0.0664,-0.1984,-2210.6066940085657,236.1097200002763,-2223.7264401823177,237.1227320002498,24.302777777777777,4.634302949650464,-0.005235774825814244,-0.6801894401329999
81.80000000000001,-3.2482,-0.908,10.1998,0.2759,-0.1412,0.2264,-2210.6066940085657,236.1097200002763,-2226.131391093888,236.92235600028113,24.202777777777776,4.631335889922073,-0.0034903391087355443,-0.6801894401329999
81.9,-1.4915,2.8793,9.5627,-0.124,-0.1897,-0.0565,-2210.6066940085657,236.1097200002763,-2228.5296242654035,236.73311200044253,24.105555555555554,4.632749606616189,-0.0017454357170787011,-0.6801894401329999
82.0,1.8172,-2.6226,9.9162,0.2222,-0.0694,-0.1733,-2210.6066940085657,236.1097200002763,-2230.9211396969386,236.54386800060394,24.041666666666664,4.636659144140656,0.0,-0.6801894401329999
82.10000000000001,0.2778,-0.3886,9.0505,0.1736,0.1627,-0.1369,-2210.6066940085657,236.1097200002763,-2233.3059373885685,236.35462400076534,24.03055277777778,4.633238298806747,-0.006981210542892947,-0.780217466266
82.2,3.3655,0.1167,10.2984,-0.3266,0.1294,-0.0453,-2210.6066940085657,236.1097200002763,-2235.684017340173,236.16538000013577,23.88611111111111,4.634878908303622,-0.0017454357170787011,-0.6801894401329999
82.30000000000001,-0.424,-1.9021,10.934,-0.0218,-0.0204,-0.2719,-2210.6066940085657,236.1097200002763,-2238.0620972918077,235.97613600029717,23.822219444444446,4.633552458072106,-0.006981210542892947,-0.6801894401329999
82.4,-1.5233,3.5558,9.1831,0.0607,0.0559,0.1612,-2210.6066940085657,236.1097200002763,-2240.4267417634815,235.79802400058867,23.769444444444442,4.6353501472016605,-0.0034903391087355443,-0.6801894401329999
82.5,1.0756,2.6749,9.7485,-0.1951,-0.1472,0.1449,-2210.6066940085657,236.1097200002763,-2242.78466849516,235.61991200088016,23.719444444444445,4.635891199269778,-0.0034903391087355443,-0.6801894401329999
82.60000000000001,4.32,0.7267,8.2692,0.2398,-0.0471,-0.2382,-2210.6066940085657,236.1097200002763,-2245.135877486874,235.44180000038068,23.68888888888889,4.637479448889094,-0.0017454357170787011,-0.780217466266
82.7,1.548,-1.1828,9.8922,-0.1394,-0.1884,0.1074,-2210.6066940085657,236.1097200002763,-2247.480368738622,235.2636879998812,23.538888888888888,4.638247393759971,-0.0034903391087355443,-0.6801894401329999
82.80000000000001,1.4109,2.2103,8.7199,-0.2401,0.0804,-0.1169999999999999,-2210.6066940085657,236.1097200002763,-2249.818142250375,235.0855760001727,23.40833333333333,4.637479448889094,-0.0017454357170787011,-0.8802455904654999
82.9,0.3685,-0.3788,10.7936,0.0807,0.1021,0.0673,-2210.6066940085657,236.1097200002763,-2252.142480282182,234.9074640004642,23.40277777777778,4.637601621936732,-0.0034903391087355443,-0.8802455904654999
83.0,0.8974,1.6855,8.871,-0.162,-0.0969999999999999,-0.1412,-2210.6066940085657,236.1097200002763,-2254.4668183139897,234.74048400088577,23.25,4.639154964971008,-0.0017454357170787011,-0.9802736165985
83.10000000000001,-2.1677,-0.0903,11.9237,-0.1235,0.0044,-0.3063,-2210.6066940085657,236.1097200002763,-2256.7777208658367,234.57350400051638,23.12222222222222,4.641877678604119,-0.005235774825814244,-0.9802736165985
83.2,-1.0786,1.3715,8.2383,-0.0579,0.2231,0.1439,-2210.6066940085657,236.1097200002763,-2259.068470197758,234.40652400093796,23.013888888888886,4.640254522399765,-0.006981210542892947,-1.270353441
83.30000000000001,-0.2439,1.6977,9.9734,-0.253,-0.1458,-0.0323,-2210.6066940085657,236.1097200002763,-2261.3592195296937,234.25067599990768,22.90833333333333,4.6422791043320775,-0.0034903391087355443,-1.4704091009999998
83.4,0.4647,5.0887,10.1599,0.2043,0.0731,-0.067,-2210.6066940085657,236.1097200002763,-2263.623097901709,234.08369600032927,22.744444444444444,4.6406210415426825,-0.0034903391087355443,-1.7604907886649999
83.5,0.7327,0.3251,9.3874,-0.0027,0.2707,0.0765,-2210.6066940085657,236.1097200002763,-2265.880258533729,233.90558400062076,22.469444444444445,4.638997885338329,0.0,-2.0605732979999987
83.60000000000001,0.5098,3.7823,9.9533,-0.0928,0.1196,-0.1269,-2210.6066940085657,236.1097200002763,-2268.103830465922,233.76086800051155,22.26111111111111,4.644478219189591,0.0034908714341574023,-2.350654985665
83.7,0.6352,0.1435,10.4265,0.2166,0.2633,-0.0617,-2210.6066940085657,236.1097200002763,-2270.313966918125,233.60502000027225,22.07777777777778,4.644076793461632,0.0,-2.640734712
83.80000000000001,-0.2615,0.3495,10.7881,-0.3475,0.1864,-0.1453,-2210.6066940085657,236.1097200002763,-2272.4905146704564,233.47143600029312,21.766666666666666,4.648824089027056,0.0,-2.640734712
83.9,-2.2981,0.8019,10.9411,-0.0772,0.1578,-0.1815,-2210.6066940085657,236.1097200002763,-2274.6469092028474,233.3267200001839,21.444444444444446,4.6448098317474695,0.0,-2.7407625419999997
84.0,1.2165,1.918,8.87,0.2449,-0.0951,-0.2113,-2210.6066940085657,236.1097200002763,-2276.776432775347,233.1820040000747,21.208333333333332,4.6439371671214715,-0.005235774825814244,-2.7407625419999997
84.10000000000001,0.7809999999999999,1.5469,9.1619,0.2269,0.0076,-0.1386,-2210.6066940085657,236.1097200002763,-2278.8723676479303,233.03728799996549,20.958333333333332,4.646764600509703,-0.006981210542892947,-2.640734712
84.2,0.6624,-1.1818,9.6734,-0.0287,0.2846,-0.2559,-2210.6066940085657,236.1097200002763,-2280.954867040613,232.89257200064725,20.825,4.642401277379717,-0.012216985368707191,-2.5507106456649997
84.30000000000001,1.9634,0.0028,11.0673,-0.2665,0.2391,0.2269999999999999,-2210.6066940085657,236.1097200002763,-2283.0037777334096,232.75898799987715,20.55,4.647427825625461,-0.017453292519943295,-2.1505983449999997
84.4,-4.6206,-0.3488,8.8889,0.2407,-0.3347,-0.0487,-2210.6066940085657,236.1097200002763,-2285.0392529462156,232.6365360008191,20.372222222222224,4.646939133434903,-0.015707856802864593,-1.7604907886649999
84.5,0.9728,1.1027,10.6199,-0.2772,0.3379,-0.0775,-2210.6066940085657,236.1097200002763,-2287.061292679106,232.4918199999189,20.22222222222222,4.645996655638826,-0.019198726491692745,-1.3703812709999998
84.60000000000001,-1.4543,-1.3784,11.2058,-0.5809,0.7076,-0.1467,-2210.6066940085657,236.1097200002763,-2289.0766146720307,232.36936800006987,20.15833333333333,4.64777689147586,-0.019198726491692745,-1.270353441
84.7,5.0513,3.5423,9.9279,-0.1113,0.4287,-0.177,-2210.6066940085657,236.1097200002763,-2291.0717834449556,232.24691600022084,20.108333333333334,4.651145376932209,-0.013962421085785893,-1.3703812709999998
84.80000000000001,-0.2679,-0.0699,9.4184,-0.0818,-0.1957,0.0105,-2210.6066940085657,236.1097200002763,-2293.053516737994,232.1244640003718,19.944444444444443,4.653082692401923,0.0,-1.4704091009999998
84.9,5.6503,1.1926,9.5118,-0.5493,0.6577,0.0835,-2210.6066940085657,236.1097200002763,-2295.0218145510426,232.03540800012206,19.73888888888889,4.662193311097333,0.0,-1.4704091009999998
85.0,-1.9626,-0.273,10.0526,-0.0542,0.1678,0.0709,-2210.6066940085657,236.1097200002763,-2296.976676884175,231.92408800040312,19.552777777777777,4.65704458980395,-0.0034903391087355443,-1.4704091009999998
85.10000000000001,-1.8249,1.7993,10.8403,-0.4067,0.7090000000000001,-0.0916,-2210.6066940085657,236.1097200002763,-2298.9248214772824,231.8127679998932,19.45,4.655473793477155,-0.015707856802864593,-1.3703812709999998
85.2,6.1222,-0.2639,10.0935,-0.2892,0.3092,-0.0279,-2210.6066940085657,236.1097200002763,-2300.8528128504945,231.71258000109532,19.288886111111115,4.655857765912594,-0.022689070836416043,-1.4704091009999998
85.30000000000001,-0.3576,0.7359,10.0718,-0.1153,0.3773,-0.0756,-2210.6066940085657,236.1097200002763,-2302.7673687437455,231.6123919999245,19.155555555555555,4.6612508333012554,-0.015707856802864593,-1.570436931
85.4,5.5072,0.9539,8.5866,0.3895,-0.5913,0.0939,-2210.6066940085657,236.1097200002763,-2304.6617714170707,231.51220400033566,19.063888888888886,4.660657421355578,-0.010472081977050348,-1.4704091009999998
85.5,-4.0771,0.6296,9.2441,-0.165,0.1018,0.0994,-2210.6066940085657,236.1097200002763,-2306.556174090396,231.41201599995583,18.924999999999997,4.6587550124709045,-0.015707856802864593,-1.170324630334999
85.60000000000001,5.1764,0.2333,9.8297,0.2907,-0.7525,0.0035,-2210.6066940085657,236.1097200002763,-2308.4438590237414,231.32296000049706,18.836111111111112,4.664811304975324,-0.013962421085785893,-0.9802736165985
85.7,-3.1436,-0.4907,11.8948,0.2336,-0.3103,0.1719,-2210.6066940085657,236.1097200002763,-2310.3113907371603,231.23390399945634,18.769444444444442,4.664357519369806,-0.019198726491692745,-0.9802736165985
85.80000000000001,1.1004,-0.195,9.0199,0.1452,-0.4305,0.1611,-2210.6066940085657,236.1097200002763,-2312.172204710629,231.14484799999758,18.65277777777778,4.664933478022964,-0.019198726491692745,-0.9802736165985
85.9,-1.2039,-1.2634,8.676,-0.0159,-0.0347,-0.0565,-2210.6066940085657,236.1097200002763,-2314.026300944058,231.06692399987793,18.59722222222222,4.668040164091514,-0.017453292519943295,-1.0702968003349989
86.0,1.0359,0.1944,9.8651,-0.0064,0.1143,0.0585,-2210.6066940085657,236.1097200002763,-2315.8669616975862,230.98900000054925,18.491666666666664,4.668493949697033,-0.010472081977050348,-1.0702968003349989
86.10000000000001,0.6908,-1.4527,9.8388,-0.0065,0.0035,0.0478,-2210.6066940085657,236.1097200002763,-2317.700904711104,230.9333399998988,18.341666666666665,4.678232886923161,-0.015707856802864593,-0.9802736165985
86.2,2.5289,0.6387,9.3719,-0.1483,0.3651,-0.1525,-2210.6066940085657,236.1097200002763,-2319.534847724652,230.85541600057013,18.288888888888888,4.672665286609298,-0.013962421085785893,-1.0702968003349989
86.30000000000001,-3.1373,2.3972,9.4962,0.3122,-0.2176,0.0234,-2210.6066940085657,236.1097200002763,-2321.3486375182592,230.79975599991968,18.175,4.680327282025554,-0.010472081977050348,-1.170324630334999
86.4,3.4889,4.1446,9.7287,0.2775,-0.5309,0.2413,-2210.6066940085657,236.1097200002763,-2323.1489918318757,230.721832000591,18.058333333333334,4.67542290682745,-0.013962421085785893,-1.170324630334999
86.5,-2.9057,1.9085,12.8078,0.1336,-0.3024,0.1712,-2210.6066940085657,236.1097200002763,-2324.942628405587,230.66617199994056,17.93611111111111,4.67859940606608,-0.013962421085785893,-1.170324630334999
86.60000000000001,2.4295,0.6837,10.5207,0.2259,-0.3548,-0.1532,-2210.6066940085657,236.1097200002763,-2326.729547239303,230.599379999951,17.79722222222222,4.675614893045169,-0.008726646259971648,-1.270353441
86.7,1.3299,4.1444,9.5546,0.2565,-0.0785,0.0205,-2210.6066940085657,236.1097200002763,-2328.4963128530635,230.54372000009153,17.644444444444446,4.679140458134198,-0.006981210542892947,-1.4704091009999998
86.80000000000001,0.6999,1.3965,8.7162,0.0199,-0.1734,0.0047,-2210.6066940085657,236.1097200002763,-2330.2496429868934,230.48806000023205,17.530555555555555,4.683276888461425,-0.005235774825814244,-1.660462958665
86.9,-0.574,-0.4099,9.0401,0.0655,-0.1398,-0.0447,-2210.6066940085657,236.1097200002763,-2331.9828199007675,230.43240000037258,17.397222222222222,4.683207075291344,-0.0017454357170787011,-1.660462958665
87.0,3.6765,-0.7479,10.2351,0.283,-0.237,-0.0043,-2210.6066940085657,236.1097200002763,-2333.709279074676,230.3878720006432,17.230555555555554,4.682282050787787,-0.006981210542892947,-1.570436931
87.10000000000001,-0.5305,1.9067,11.4651,-0.0218,-0.4351,0.2401,-2210.6066940085657,236.1097200002763,-2335.4155850286734,230.34334400012284,17.055555555555554,4.683800487237023,-0.005235774825814244,-1.660462958665
87.2,-2.4325,0.7102,10.9113,-0.2504,0.1009999999999999,-0.0098,-2210.6066940085657,236.1097200002763,-2337.108455502711,230.28768400026337,16.938888888888886,4.682299504080308,-0.0034903391087355443,-1.570436931
87.30000000000001,-0.6405,2.1991,8.7943,0.3191,0.0243,-0.2524,-2210.6066940085657,236.1097200002763,-2338.7878904968024,230.2542879998731,16.802777777777777,4.691602108993438,0.0,-1.3703812709999998
87.4,0.583,-1.0743,9.0747,0.1901,-0.0935,0.0489,-2210.6066940085657,236.1097200002763,-2340.4606077508993,230.20976000014372,16.694444444444443,4.689280821088285,-0.0017454357170787011,-1.270353441
87.5,-0.6498,3.0779,10.0039,-0.2205,-0.0358,0.2035,-2210.6066940085657,236.1097200002763,-2342.11317178507,230.17636400054442,16.616666666666667,4.688774675605206,-0.008726646259971648,-1.170324630334999
87.60000000000001,2.2894,-0.2394,10.4877,0.0652,-0.0732,-0.0022,-2210.6066940085657,236.1097200002763,-2343.7590180792604,230.12070399989398,16.51388888888889,4.682805649563386,-0.008726646259971648,-1.170324630334999
87.7,-0.3864,2.3148,10.1837,0.0867,0.0073,-0.1004,-2210.6066940085657,236.1097200002763,-2345.3914288935202,230.0873079995037,16.397222222222222,4.6909388838776795,-0.008726646259971648,-1.170324630334999
87.80000000000001,0.3397,0.198,10.699000000000002,-0.1548,0.0295,-0.01,-2210.6066940085657,236.1097200002763,-2347.0171219678,230.05391199990441,16.247222222222224,4.690415285102081,-0.0034903391087355443,-1.270353441
87.9,-1.0225,0.6456,9.643,0.0736,-0.1309,0.0209,-2210.6066940085657,236.1097200002763,-2348.622661822109,230.0427800005653,16.105555555555554,4.697710761375418,-0.0034903391087355443,-1.170324630334999
88.0,1.3356,3.0369,10.0953,0.0243,-0.0031,-0.0791,-2210.6066940085657,236.1097200002763,-2350.2214839364824,230.02051600030512,15.997222222222224,4.698496159538815,0.0,-1.4704091009999998
88.10000000000001,-0.6423,1.1245,9.7423,-0.0825,-0.0018,-0.0691,-2210.6066940085657,236.1097200002763,-2351.8135883108753,229.98711999991485,15.863888888888889,4.69408047653127,0.0,-1.570436931
88.2,2.1021,1.3047,9.7609,0.0769,-0.1159999999999999,0.0375,-2210.6066940085657,236.1097200002763,-2353.3855394653433,229.96485600044565,15.663888888888888,4.69385358372851,0.0017454357170787011,-1.570436931
88.30000000000001,1.5896,1.4349,9.3937,0.0193,-0.0275,-0.1129,-2210.6066940085657,236.1097200002763,-2354.944055139865,229.93146000005538,15.522222222222222,4.692178067646595,0.010472081977050348,-1.7604907886649999
88.4,0.045,-0.2528,11.1768,-0.1055,0.1539,-0.113,-2210.6066940085657,236.1097200002763,-2356.4891353343965,229.8980640004561,15.422222222222222,4.690048765959163,0.019198726491692745,-1.8605195993299999
88.5,0.2711,-1.1296,10.8544,0.1396,-0.0886,0.0691,-2210.6066940085657,236.1097200002763,-2358.0006268290717,229.85353599993573,15.216666666666667,4.689315727673325,0.03490658503988659,-1.8605195993299999
88.60000000000001,5.0439,1.5752,9.1889,0.2556,-0.3256,0.0275,-2210.6066940085657,236.1097200002763,-2359.5188360637267,229.79787600086723,15.091666666666665,4.680903240678712,0.050614443588080434,-1.570436931
88.7,0.6889,1.8921,10.6588,0.2106,-0.3584,0.0678,-2210.6066940085657,236.1097200002763,-2361.0168920784413,229.74221600021679,14.994444444444444,4.676592277426287,0.06457739176330043,-1.3703812709999998
88.80000000000001,3.3332,2.135,9.8372,0.0941,0.0694,-0.0072,-2210.6066940085657,236.1097200002763,-2362.5015126132407,229.7088200006175,14.825,4.683713220774424,0.08203068428324373,-1.3703812709999998
88.9,2.0058,-1.1005,10.002,-0.0278,0.081,0.0839,-2210.6066940085657,236.1097200002763,-2363.965979928039,229.61976400036775,14.738888888888889,4.662664549995371,0.08901189657146592,-1.270353441
89.0,1.6741,0.9474,8.8591,-0.0626,0.1875,0.064,-2210.6066940085657,236.1097200002763,-2365.423729502902,229.56410400050828,14.625,4.667045326417877,0.09075733054321537,-1.270353441
89.10000000000001,2.9437,1.4572,9.1398,-0.0787,0.2964,-0.109,-2210.6066940085657,236.1097200002763,-2366.8747613377996,229.45278399999836,14.488888888888887,4.645891935883705,0.09075733054321537,-1.270353441
89.2,-0.1743,0.5529999999999999,9.6162,-0.1102,0.3997,-0.0327,-2210.6066940085657,236.1097200002763,-2368.3056399527563,229.3525960004095,14.4,4.644111700046672,0.10122941077493647,-1.270353441
89.30000000000001,3.0802,-0.8346,10.2852,-0.2157,0.3791,-0.0912,-2210.6066940085657,236.1097200002763,-2369.729800827733,229.24127599989959,14.247222222222222,4.634931268181182,0.11693726932313031,-1.270353441
89.4,1.0263,-0.3645,10.7483,-0.1803,0.3707,-0.0139,-2210.6066940085657,236.1097200002763,-2371.133808482784,229.08542800045126,14.152777777777779,4.610461752068221,0.12566391558310194,-1.3703812709999998
89.5,3.5733,1.5134,8.9411,-0.1174,0.3944,-0.1488,-2210.6066940085657,236.1097200002763,-2372.537816137835,228.94071200034205,14.027777777777777,4.610322125728061,0.13264512787132415,-1.3703812709999998
89.60000000000001,3.2844,-0.8399,10.6233,-0.0442,0.2536,-0.0525,-2210.6066940085657,236.1097200002763,-2373.9149528329945,228.76260000063354,13.899999999999999,4.594177830147115,0.14835298641951802,-1.270353441
89.7,4.6772,-0.9191,9.4139,-0.1455,0.409,-0.0071,-2210.6066940085657,236.1097200002763,-2375.285371788144,228.59562000026415,13.841666666666665,4.588435696908053,0.1588250666512391,-1.270353441
89.80000000000001,1.3998,-0.4707,9.8133,-0.1176,0.2588,0.0124,-2210.6066940085657,236.1097200002763,-2376.642355263363,228.37298000082626,13.730555555555554,4.56447232627817,0.1727874912276835,-1.0702968003349989
89.9,2.8945,-0.5054,9.9984,-0.1057,0.3287,0.0103,-2210.6066940085657,236.1097200002763,-2377.9926209986015,228.1503400005974,13.686111111111112,4.555745680018198,0.1850050752443241,-1.0702968003349989
90.0,3.6874,0.9128,9.2226,-0.0699,0.3372,-0.0681,-2382.3121278033786,223.3079200001677,-2379.3160157739494,227.89430399997826,13.594444444444443,4.535848926545463,0.19547705075629013,-0.9802736165985
90.10000000000001,2.1448,-1.0093,11.0266,-0.0833,0.282,-0.0846,-2382.3121278033786,223.3079200001677,-2380.6326928093167,227.627136000811,13.563888888888888,4.516755024528646,0.2007128639793479,-0.6801894401329999
90.2,3.2498,-0.5637,10.3029,-0.0655,0.2683,0.0398,-2382.3121278033786,223.3079200001677,-2381.956087584649,227.3154400003324,13.505555555555555,4.494502076565718,0.2059492008011813,-0.5801613159335
90.30000000000001,2.7756,-0.3688,10.4346,0.0031,0.2406,-0.0129,-2382.3121278033786,223.3079200001677,-2383.2458936600806,227.00374400064476,13.480555555555556,4.480591802427322,0.21118501402423906,-0.5801613159335
90.4,2.8567,-0.1442,10.1002,-0.0191,0.2227,-0.0139,-2382.3121278033786,223.3079200001677,-2384.535699735542,226.64752000043677,13.447222222222221,4.454376957062368,0.21467584706115292,-0.49013568053449996
90.5,2.9845,-0.4565,10.3513,-0.0169,0.2011,0.077,-2382.3121278033786,223.3079200001677,-2385.818788071038,226.2801640000987,13.441666666666666,4.440990281699571,0.22165698953620505,-0.49013568053449996
90.60000000000001,3.4487,0.2428,10.2661,0.038,0.0648,0.0596,-2382.3121278033786,223.3079200001677,-2387.081723186578,225.87941200016132,13.380555555555556,4.409452182116034,0.22863830654418235,-0.49013568053449996
90.7,2.7195,-0.3986,10.4634,-0.0384,0.1707,0.053,-2382.3121278033786,223.3079200001677,-2388.337940562153,225.43413200049457,13.383333333333333,4.38318497687352,0.22689280275926285,-0.5801613159335
90.80000000000001,2.0436,-1.0068,10.3958,-0.0288,0.2563,0.0817,-2382.3121278033786,223.3079200001677,-2389.5941579377127,224.98885200003684,13.333333333333332,4.374144171348189,0.23387394523431498,-0.49013568053449996
90.9,1.9579,0.455,10.1465,-0.0794,0.3376,0.106,-2382.3121278033786,223.3079200001677,-2390.8167866134017,224.47678000038053,13.311111111111112,4.33358271953184,0.24609159906412564,-0.49013568053449996
91.0,2.702,0.1302,8.8856,0.053,0.1209,0.0723,-2382.3121278033786,223.3079200001677,-2392.0259798091593,223.97584000006333,13.227777777777776,4.322674411706876,0.25132723775425825,-0.49013568053449996
91.10000000000001,2.4522,-0.6685,9.9932,-0.0622,0.183,-0.0807,-2382.3121278033786,223.3079200001677,-2393.2217375249274,223.4749000005371,13.225,4.310910892548434,0.25132723775425825,-0.49013568053449996
91.2,2.7911,0.1718,8.7166,-0.0533,0.1768,0.0379,-2382.3121278033786,223.3079200001677,-2394.390624280819,222.88490399997016,13.213888888888889,4.263385577016629,0.2408557858410679,-0.49013568053449996
91.30000000000001,1.4605,-0.7367,10.2301,-0.0223,0.1389,0.0134,-2382.3121278033786,223.3079200001677,-2395.5527932967148,222.3060400003243,13.125,4.252320189558985,0.237364952804154,-0.390109909931
91.4,1.1769,1.169,9.587,-0.075,0.2725,-0.0244,-2382.3121278033786,223.3079200001677,-2396.6948090926853,221.67151600002796,13.058333333333332,4.220694823512847,0.23561944901923448,-0.390109909931
91.5,2.7496,-0.0092,10.2416,0.0828,0.2009,0.0279999999999999,-2382.3121278033786,223.3079200001677,-2397.8368248886554,221.03699200052262,12.994444444444444,4.203538236965743,0.22340249332112458,-0.390109909931
91.60000000000001,1.642,-1.3384,10.0582,0.0481,0.1136,-0.0243,-2382.3121278033786,223.3079200001677,-2398.951969724735,220.369072000627,12.999999999999998,4.1807442369346965,0.21118501402423906,-0.390109909931
91.7,1.7336,-0.246,9.4617,0.0285,0.0727,-0.0317,-2382.3121278033786,223.3079200001677,-2400.0402436008785,219.6788880004712,12.966666666666667,4.15859600872689,0.18675040449631847,-0.390109909931
91.80000000000001,-1.0052,-0.233,9.7299,-0.0289999999999999,0.1848,-0.0897,-2382.3121278033786,223.3079200001677,-2401.115081997106,218.95530799992514,12.980555555555554,4.128279639619747,0.1518438543630169,-0.390109909931
91.9,2.5222,0.7451,9.1797,0.0194,-0.0032,-0.0289999999999999,-2382.3121278033786,223.3079200001677,-2402.1630494334427,218.23172800096103,12.944444444444445,4.11217025062384,0.13788090618779691,-0.390109909931
92.0,0.135,0.9599,9.9059,0.05,-0.0261,0.0834,-2382.3121278033786,223.3079200001677,-2403.2177346096996,217.48588400015478,12.899999999999999,4.100598717683117,0.13613599581482305,-0.390109909931
92.10000000000001,1.9121,-1.0733,10.3847,0.1357,-0.1287,0.0898,-2382.3121278033786,223.3079200001677,-2404.2455488260657,216.72890800000943,12.85,4.083878463449012,0.13264512787132415,-0.290081883798
92.2,-2.0924,-0.1204,9.543,-0.1162,0.2338,0.0407,-2382.3121278033786,223.3079200001677,-2405.2733630424614,215.97193200065504,12.816666666666666,4.077071679366234,0.12566391558310194,-0.290081883798
92.30000000000001,-0.3085,-1.1845,9.8235,0.1176,-0.0036,-0.0082,-2382.3121278033786,223.3079200001677,-2406.301177258827,215.2038240003796,12.825,4.0692526043173,0.10471975511965978,-0.390109909931
92.4,-3.346,-0.9454,9.6245,-0.0563,0.1264,-0.0277,-2382.3121278033786,223.3079200001677,-2407.2954027753217,214.42458399997406,12.805555555555555,4.054836184695826,0.07504947199502153,-0.290081883798
92.5,-2.5616,0.4875,9.38,-0.0757,0.1443,0.0407,-2382.3121278033786,223.3079200001677,-2408.282910551851,213.62308000009932,12.777777777777777,4.037539971808562,0.03490658503988659,-0.290081883798
92.60000000000001,-3.5603,-0.1022,9.2483,0.0007,-0.076,0.0166,-2382.3121278033786,223.3079200001677,-2409.2771360683305,212.8104440000945,12.758333333333333,4.031099706868703,-0.006981210542892947,-0.1900537595985
92.7,-2.698,-1.0194,9.4723,-0.1398,0.1515,0.0083,-2382.3121278033786,223.3079200001677,-2410.2512083649144,212.02007200034984,12.705555555555556,4.030960080528543,-0.03316115106813714,-0.290081883798
92.80000000000001,0.1983,-0.1793,10.544,0.1817,-0.3359,-0.0328,-2382.3121278033786,223.3079200001677,-2411.245433881409,211.2408319999443,12.677777777777777,4.041589135673189,-0.047123575644581535,-0.290081883798
92.9,-2.4276,0.1929,9.7062,-0.0272,-0.1256,0.0392,-2382.3121278033786,223.3079200001677,-2412.2396593979183,210.45046000019966,12.66388888888889,4.043194838585023,-0.061086523819801536,-0.390109909931
93.0,-2.5857,-1.5815,9.3243,-0.0819999999999999,-0.0713,0.05,-2382.3121278033786,223.3079200001677,-2413.233884914398,209.69348400084527,12.63888888888889,4.055289970301344,-0.08726646259971647,-0.290081883798
93.10000000000001,-3.5867,0.5048,10.2032,-0.0264,-0.2288,0.0013,-2382.3121278033786,223.3079200001677,-2414.241545910853,208.93650799990894,12.641666666666666,4.062114207676642,-0.12042761366785362,-0.390109909931
93.2,-4.1509,-0.0477,8.889,-0.0588,-0.1439,-0.0516,-2382.3121278033786,223.3079200001677,-2415.2492069072932,208.17953200055456,12.583333333333332,4.071085200031893,-0.15358876473599078,-0.390109909931
93.30000000000001,-3.768,-0.6543,10.1608,-0.094,-0.1893,0.1204,-2382.3121278033786,223.3079200001677,-2416.2434324238025,207.4559520000085,12.56111111111111,4.077001866196154,-0.1832595714594046,-0.290081883798
93.4,-5.1005,-2.0204,9.2824,-0.1533,-0.0428,0.1097,-2382.3121278033786,223.3079200001677,-2417.2779643801487,206.75463600051359,12.491666666666665,4.103146898391029,-0.21467532346237733,-0.390109909931
93.5,-3.2654,-1.2375,10.8862,-0.0036,-0.1127,0.0032,-2382.3121278033786,223.3079200001677,-2418.3326495564206,206.0533200002277,12.455555555555556,4.120652550788533,-0.22863830654418235,-0.49013568053449996
93.60000000000001,-4.8784,-1.3236,9.9339,0.0415,-0.2506,-0.0679,-2382.3121278033786,223.3079200001677,-2419.3873347327076,205.39653200046217,12.519444444444444,4.14913632418108,-0.23212861598232062,-0.6801894401329999
93.7,-6.9911,-0.1203,10.5049,-0.024,-0.1185,-0.0763,-2382.3121278033786,223.3079200001677,-2420.4420199089946,204.77314000029594,12.469444444444445,4.172279390062525,-0.24085526224229226,-0.5801613159335
93.80000000000001,-5.4649,1.3053,10.2153,0.1362,-0.5138,-0.0629,-2382.3121278033786,223.3079200001677,-2421.5168583052073,204.17201200038988,12.436111111111112,4.191792171099821,-0.26354489158406896,-0.49013568053449996
93.9,-9.8903,0.4208,9.7269,0.0102,-0.2093,0.0391,-2382.3121278033786,223.3079200001677,-2422.6051321813356,203.60428000008312,12.358333333333334,4.219787252301811,-0.2949604690541165,-0.49013568053449996
94.0,-0.0631,-1.1146,9.9298,-0.3566,0.2475,0.0004,-2382.3121278033786,223.3079200001677,-2423.7068415374993,203.05881200082752,12.28888888888889,4.243000131353335,-0.3176495747971176,-0.6801894401329999
94.10000000000001,-10.0124,-0.4283,9.359,0.252,-0.755,-0.0354,-2382.3121278033786,223.3079200001677,-2424.8152686335684,202.55787200051032,12.205555555555554,4.278971367236938,-0.32637622105708924,-0.8802455904654999
94.2,-1.0274,0.5870000000000001,10.3453,0.256,-0.637,-0.0561,-2382.3121278033786,223.3079200001677,-2425.9438489496083,202.09032800058338,12.13888888888889,4.312708581677988,-0.3246314154038705,-0.9802736165985
94.30000000000001,-1.817,0.2375,10.0976,0.2203,-0.7068,0.0657,-2382.3121278033786,223.3079200001677,-2427.072429265618,201.66731200038583,12.102777777777778,4.341105088607936,-0.32288591161895097,-1.0702968003349989
94.4,-2.8515,-0.2799,9.5466,-0.074,-0.2221,0.0493,-2382.3121278033786,223.3079200001677,-2428.207727321623,201.28882399991767,12.027777777777777,4.375365901824584,-0.3176495747971176,-0.9802736165985
94.5,-3.0138,1.9321,10.6132,0.0706,-0.4688,0.0642,-2382.3121278033786,223.3079200001677,-2429.349743117564,200.94373200063075,11.930555555555555,4.412715947817263,-0.31241376157405976,-0.9802736165985
94.60000000000001,-5.4691,1.9601,9.6456,-0.1727,-0.0846,0.0528,-2382.3121278033786,223.3079200001677,-2430.4984766535445,200.63203600094312,11.886111111111111,4.439262405740097,-0.3036871153140881,-1.170324630334999
94.7,-1.8959,0.4471,10.1708,-0.0631,-0.2013,0.0012,-2382.3121278033786,223.3079200001677,-2431.647210189495,200.37600000032398,11.794444444444444,4.474867122480782,-0.29670597283903605,-1.3703812709999998
94.80000000000001,-5.3919,1.0941,10.0134,-0.1498,0.036,-0.0928,-2382.3121278033786,223.3079200001677,-2432.7892259854802,200.15336000009512,11.649999999999999,4.5095468147179085,-0.28623382279414483,-1.570436931
94.9,-1.8074,-1.0444,9.574,-0.163,-0.107,0.0132,-2382.3121278033786,223.3079200001677,-2433.91780630149,199.95298400012643,11.477777777777778,4.53387670449071,-0.28623382279414483,-1.570436931
95.0,-4.008,1.5622,9.9277,-0.146,-0.1014,0.1005,-2382.3121278033786,223.3079200001677,-2435.0463866175155,199.79713599988713,11.416666666666666,4.5620637719104185,-0.2792526803190927,-1.4704091009999998
95.10000000000001,-4.7418,0.5822,10.4718,-0.2077,-0.0287,0.0519,-2382.3121278033786,223.3079200001677,-2436.1615314535948,199.6858160001682,11.302777777777777,4.598122274256621,-0.28448849354215056,-1.0702968003349989
95.2,-8.5792,-0.9805,10.4262,0.0033,-0.3627,0.0379,-2382.3121278033786,223.3079200001677,-2437.283394029639,199.59675999991845,11.25,4.624197493281416,-0.3036871153140881,-0.9802736165985
95.30000000000001,-6.3459,-0.3057,9.6603,-0.2188,0.0449,-0.0222,-2382.3121278033786,223.3079200001677,-2438.405256605684,199.54110000005898,11.197222222222223,4.656137018592912,-0.3211404078340314,-0.9802736165985
95.4,0.5313,0.6096,9.8178,0.2785,-0.8499,0.0331,-2382.3121278033786,223.3079200001677,-2439.5069659618025,199.51883600058977,11.166666666666668,4.684446259060261,-0.34033920413889424,-0.8802455904654999
95.5,-5.3312,-0.9928,10.807,0.0104,-0.4051,0.1239,-2382.3121278033786,223.3079200001677,-2440.601957577926,199.52996799992889,11.147222222222222,4.710905450520495,-0.35255615983700417,-0.6801894401329999
95.60000000000001,-2.003,0.3494,8.8027,-0.2114,-0.0144,-0.1255,-2382.3121278033786,223.3079200001677,-2441.710384674025,199.57449600044924,11.047222222222222,4.744695024839105,-0.3700094523569475,-0.5801613159335
95.7,-5.9077,-0.7401,10.2621,0.0667,-0.4351,-0.0442,-2382.3121278033786,223.3079200001677,-2442.7986585501985,199.663551999908,11.022222222222222,4.7841743725192165,-0.371754956141867,-0.780217466266
95.80000000000001,-2.0727,-0.15,10.0778,-0.2134,-0.1789,-0.0242,-2382.3121278033786,223.3079200001677,-2443.893650166337,199.78600400054802,10.98611111111111,4.813164291394842,-0.371754956141867,-0.780217466266
95.9,-4.5755,0.5494,10.0052,-0.0204,-0.3895,0.0884,-2382.3121278033786,223.3079200001677,-2444.9684885625347,199.96411600025652,10.908333333333333,4.860392900953809,-0.3630283098818954,-0.6801894401329999
96.0,-2.0697,-2.5087,9.2393,0.1011,-0.522,0.0474,-2382.3121278033786,223.3079200001677,-2446.0298914787722,200.1756240003553,10.883333333333333,4.889801698849913,-0.35779249665883756,-0.6801894401329999
96.10000000000001,-4.776,-1.8089,9.783,0.065,-0.4443,0.021,-2382.3121278033786,223.3079200001677,-2447.0980121350344,200.43166000018346,10.875,4.935703858177365,-0.35081135418378545,-0.6801894401329999
96.2,-3.3994,-1.1284,9.7113,-0.0447,-0.3309,-0.0179,-2382.3121278033786,223.3079200001677,-2448.1325440913956,200.74335599987108,10.880555555555556,4.9842938245528865,-0.3333580616638422,-0.5801613159335
96.30000000000001,-2.2089,-1.6588,9.5204,0.1299,-0.411,-0.0126,-2382.3121278033786,223.3079200001677,-2449.153640567811,201.08844799994898,10.85,5.0138422487891505,-0.32288591161895097,-0.49013568053449996
96.4,-3.7966,-0.9291,10.0602,0.0228,-0.3235,-0.0262,-2382.3121278033786,223.3079200001677,-2450.1747370441967,201.47806800054724,10.811111111111112,5.054403700605499,-0.3211404078340314,-0.390109909931
96.5,-3.5845,-1.4987,10.9536,-0.0591,-0.3127,0.1251,-2382.3121278033786,223.3079200001677,-2451.1756803007015,201.86768800035452,10.819444444444445,5.07245040507112,-0.31939507858203714,-0.290081883798
96.60000000000001,-4.083,-1.029,10.5356,-0.1437,-0.2365,0.0684,-2382.3121278033786,223.3079200001677,-2452.1631880771856,202.30183599989118,10.877777777777776,5.104948435743255,-0.32637622105708924,-0.09002572365885
96.7,-1.5862,0.6104,10.4776,0.2457,-0.3523,-0.036,-2382.3121278033786,223.3079200001677,-2453.13726037374,202.7805119999482,10.941666666666666,5.1451608217092035,-0.3246314154038705,0.0
96.80000000000001,-1.7181,-2.0249,10.0589,0.1118,-0.2549,-0.1303,-2382.3121278033786,223.3079200001677,-2454.104614930343,203.2591880007962,11.002777777777778,5.166872717604013,-0.3298670540940031,0.09002572365885
96.9,-2.2845,-0.8486,9.3509,-0.1643,-0.3553,0.1828,-2382.3121278033786,223.3079200001677,-2455.065251746966,203.76012800032242,11.047222222222222,5.189090758981901,-0.3281217248420088,0.290079530202
97.0,-1.7328,-1.1625,9.7664,-0.0392,-0.2481,0.1932,-2382.3121278033786,223.3079200001677,-2456.0057353436487,204.3278600006292,11.069444444444445,5.227330922893097,-0.31939507858203714,0.390107556335
97.10000000000001,-1.3307,-0.8246,9.5479,-0.0649,-0.2566,0.0326,-2382.3121278033786,223.3079200001677,-2456.9327834603855,204.91785600040515,11.141666666666666,5.2632148923141004,-0.2792526803190927,0.49013568053449996
97.2,-0.9182,-3.733,9.2932,0.1146,-0.2759,-0.0178,-2382.3121278033786,223.3079200001677,-2457.859831577108,205.5523799999105,11.208333333333334,5.295381310428356,-0.24260059149428662,0.49013568053449996
97.30000000000001,-1.5291,-0.6221,10.4546,0.0089,-0.1693,0.0114,-2382.3121278033786,223.3079200001677,-2458.7734442138835,206.1980360003369,11.325000000000001,5.317477178758605,-0.23038311219740107,0.390107556335
97.4,-2.9054,-2.407,10.2217,-0.0475,-0.1616,0.0086,-2382.3121278033786,223.3079200001677,-2459.6601858907543,206.8993520006228,11.441666666666666,5.354897037921362,-0.24434609527920614,0.5801613159335
97.5,0.1838,-2.9665,9.6907,-0.0504,-0.1143,0.0699,-2382.3121278033786,223.3079200001677,-2460.5536453076193,207.5784040006485,11.483333333333334,5.3618434483443,-0.24609159906412564,0.6801894401329999
97.60000000000001,0.2084,-0.6763,9.9424,0.1427,-0.4248,0.0454,-2382.3121278033786,223.3079200001677,-2461.4403869844896,208.3019840004036,11.555555555555555,5.386225697994661,-0.24958190850226392,0.780217466266
97.7,0.7038,-3.1587,9.6437,0.0841,-0.3543,0.0431,-2382.3121278033786,223.3079200001677,-2462.3136931814142,209.07009199988806,11.7,5.416140641373843,-0.24260059149428662,0.6801894401329999
97.80000000000001,0.1203,-2.7928,9.6265,0.033,-0.1268,0.0544,-2382.3121278033786,223.3079200001677,-2463.1735638983787,209.8493320002936,11.816666666666666,5.439754946153327,-0.24609159906412564,0.8802455904654999
97.9,2.6505,-2.6001,9.7481,-0.1197,-0.1848,0.1358,-2382.3121278033786,223.3079200001677,-2464.019999135412,210.65083600095932,11.902777777777779,5.4628456521572115,-0.24958190850226392,0.9802712630025
98.0,0.1484,-0.7324,10.1386,-0.0703,-0.1687,0.0084,-2382.3121278033786,223.3079200001677,-2464.8597166324507,211.49686800056344,12.027777777777777,5.485220773167779,-0.24958190850226392,0.9802712630025
98.10000000000001,1.0553,-0.5102,10.5041,-0.2269999999999999,0.0755,0.0723,-2382.3121278033786,223.3079200001677,-2465.6792809095186,212.38742799989694,12.113888888888889,5.51581639495524,-0.24434609527920614,0.9802712630025
98.2,0.2196,0.3746,10.2563,0.121,-0.4116,0.0055,-2382.3121278033786,223.3079200001677,-2466.4854097067155,213.2891200001515,12.205555555555554,5.544561967735587,-0.237364952804154,0.9802712630025
98.30000000000001,0.7718,-4.8808,10.719,-0.039,0.0475,-0.0099,-2382.3121278033786,223.3079200001677,-2467.284820763887,214.20194400053617,12.308333333333334,5.558018456268463,-0.2181661564992912,0.9802712630025
98.4,2.5519,-0.4617,10.205,-0.2852,0.2028,-0.0103,-2382.3121278033786,223.3079200001677,-2468.0573608611526,215.15929600065022,12.436111111111112,5.586572042831089,-0.1954765271575145,0.9802712630025
98.5,0.5042,-2.0317,11.1213,-0.1036,0.0186,0.0608,-2382.3121278033786,223.3079200001677,-2468.829900958449,216.12778000010337,12.541666666666666,5.606084823868386,-0.17104205725593408,0.9802712630025
98.60000000000001,0.1036,0.1338,9.7583,-0.1034,0.0379,0.0401,-2382.3121278033786,223.3079200001677,-2469.575570095823,217.1296599999468,12.655555555555555,5.627430200620277,-0.13264512787132415,0.9802712630025
98.7,1.2807,0.427,10.2114,-0.0066,0.0164,0.0401,-2382.3121278033786,223.3079200001677,-2470.3279569731635,218.1315400005812,12.741666666666665,5.63870502758816,-0.10995553343613253,1.0702968003349989
98.80000000000001,2.4362,0.816,9.5576,-0.0417,0.0069,-0.0322,-2382.3121278033786,223.3079200001677,-2471.0669083705725,219.177948000154,12.86111111111111,5.655442735114786,-0.08028525031149428,0.9802712630025
98.9,-1.0299,0.7344,9.362,0.0594,-0.0671,-0.034,-2382.3121278033786,223.3079200001677,-2471.805859767952,220.2020920002576,12.977777777777778,5.656559745836062,-0.050614443588080434,0.9802712630025
99.0,2.0194,1.0396,10.1043,0.0565,-0.0716,0.0385,-2474.815407277357,219.63435999995085,-2472.5448111653463,221.2596319999605,13.052777777777777,5.667293520735827,-0.020943636864666597,0.9802712630025
99.10000000000001,0.3041,-0.1702,10.0796,0.0575,-0.1108,-0.0525,-2474.815407277357,219.63435999995085,-2473.283762562741,222.32830400058447,13.147222222222222,5.670941258872495,-0.0017454357170787011,1.0702968003349989
99.2,-0.5477,2.9066,8.8922,-0.0243,0.0049,0.16,-2474.815407277357,219.63435999995085,-2474.036149440096,223.39697600041745,13.261111111111111,5.667433147075988,0.0052363071512361034,1.170324630334999
99.30000000000001,-1.006,0.0922,9.3774,-0.1977,0.4355,0.0112,-2474.815407277357,219.63435999995085,-2474.801971797396,224.47678000038053,13.338888888888889,5.666228869892111,0.020944160463442194,1.170324630334999
99.4,2.679,5.7576,9.3255,-0.1951,0.2019999999999999,0.054,-2474.815407277357,219.63435999995085,-2475.5677941546965,225.5677160004737,13.477777777777778,5.666263776477151,0.031416240695163286,1.0702968003349989
99.5,2.4678,2.7363,10.1953,-0.2191,0.3613,-0.0209,-2474.815407277357,219.63435999995085,-2476.340334251977,226.66978399990597,13.591666666666667,5.666682655497629,0.047124099243357136,1.170324630334999
99.60000000000001,-0.6638,3.1642,9.4549,0.068,0.1802,0.0232,-2474.815407277357,219.63435999995085,-2477.1195920892233,227.74958799986905,13.697222222222223,5.6594569923943725,0.06806773610802373,1.170324630334999
99.7,1.9073,0.5589999999999999,9.2999,-0.1743,0.3832,0.0028,-2474.815407277357,219.63435999995085,-2477.91900314641,228.8627880002224,13.777777777777779,5.654762056706509,0.07853981633974483,1.270353441
99.80000000000001,2.339,1.6488,9.2458,-0.0103,0.3517,-0.07,-2474.815407277357,219.63435999995085,-2478.7385674235225,229.95372400031556,13.916666666666666,5.642649471697668,0.08377611825499318,1.170324630334999
99.9,2.2607,2.0226,8.9443,-0.1824,0.3118,-0.1672,-2474.815407277357,219.63435999995085,-2479.5715671805806,231.05579200053882,14.016666666666666,5.633783199097537,0.09250276451496482,1.0702968003349989
100.0,0.9821,3.4103,8.2668,0.1621,0.042,-0.1354,-2474.815407277357,219.63435999995085,-2480.4180024176144,232.1578599999711,14.149999999999999,5.629053356824632,0.11519183535138086,1.170324630334999
100.10000000000001,1.1629,5.6103,7.4416,0.3935,-0.0872,0.01,-2474.815407277357,219.63435999995085,-2481.291308614539,233.25992800098533,14.21111111111111,5.615143082686236,0.1413717741312958,1.170324630334999
100.2,1.5264,0.3995,9.7574,0.0095,-0.0203,-0.0248,-2474.815407277357,219.63435999995085,-2482.184768031375,234.3619960004176,14.327777777777778,5.605857931065627,0.15707963267948966,1.270353441
100.30000000000001,-0.3667,0.4247,9.4746,0.0721,0.2062,-0.0293,-2474.815407277357,219.63435999995085,-2483.105098408131,235.46406400064086,14.444444444444445,5.589120223539002,0.1518438543630169,1.170324630334999
100.4,0.4392,0.4991,11.0119,0.0868,0.145,0.0726,-2474.815407277357,219.63435999995085,-2484.0522997447943,236.55499999994305,14.544444444444444,5.573534433318692,0.1413717741312958,1.170324630334999
100.5,2.0336,3.1493,10.6764,-0.0661,0.0415,0.006,-2474.815407277357,219.63435999995085,-2485.0196543013676,237.6459360008272,14.708333333333334,5.560880796241733,0.12740934955485142,1.170324630334999
100.60000000000001,2.801,2.1587,10.0114,-0.0992,0.2059,0.0506,-2474.815407277357,219.63435999995085,-2486.0071620778963,238.72574000079027,14.841666666666667,5.548488958552573,0.12566391558310194,1.170324630334999
100.7,2.0303,0.7134,9.0861,-0.0543,0.2632,-0.1351,-2474.815407277357,219.63435999995085,-2487.0282585542973,239.79441200062325,15.0,5.5299884684814336,0.11519183535138086,1.0702968003349989
100.80000000000001,0.3336,-1.9499,10.1223,-0.1853,0.3043,-0.1055,-2474.815407277357,219.63435999995085,-2488.035919550767,240.87421600058633,15.13888888888889,5.528365312277079,0.10297432114791033,1.170324630334999
100.9,1.3615,1.9308,8.3792,0.0402,-0.2618,0.0597,-2474.815407277357,219.63435999995085,-2489.077169247079,241.96515199988852,15.216666666666667,5.521436355146662,0.10122941077493647,1.270353441
101.0,1.1909,-3.1885,11.5122,0.1096,0.0275,0.2307,-2474.815407277357,219.63435999995085,-2490.152007643291,243.03382400051248,15.352777777777778,5.498869247918375,0.10646518909140922,1.270353441
101.10000000000001,4.7856,1.1936,9.2762,-0.0967,0.3061,-0.1199,-2474.815407277357,219.63435999995085,-2491.240281519465,244.10249600034547,15.499999999999998,5.49394741942775,0.10646518909140922,1.170324630334999
101.2,1.4511,0.0988,10.9704,0.2653,-0.4361,0.1371,-2474.815407277357,219.63435999995085,-2492.335273135588,245.19343200043863,15.616666666666665,5.4942964852781495,0.08726646259971647,1.270353441
101.30000000000001,4.2473,5.4192,9.039,0.1439,-0.1441,0.0487,-2474.815407277357,219.63435999995085,-2493.470571191623,246.25097200014153,15.738888888888887,5.465690538837962,0.07330403802327208,1.270353441
101.4,-0.2461,-0.5820000000000001,9.7563,0.3124,-0.4387,0.0704,-2474.815407277357,219.63435999995085,-2494.619304727529,247.3196440007655,15.872222222222222,5.4630899982524905,0.06457739176330043,1.270353441
101.5,-3.7399,-1.9009,10.0854,0.3414,-0.5568,0.0184,-2474.815407277357,219.63435999995085,-2495.781473743455,248.3771840004684,15.994444444444444,5.453630313706682,0.05759617947507824,1.170324630334999
101.60000000000001,5.2465,-0.7188,9.8687,0.2848,-0.0239,-0.0254,-2474.815407277357,219.63435999995085,-2496.957078239312,249.44585600030138,16.119444444444444,5.449371710331816,0.06283195779155099,1.170324630334999
101.7,1.5324,-2.3308,9.7265,-0.3085,0.6965,-0.0397,-2474.815407277357,219.63435999995085,-2498.1461182151143,250.51452800013436,16.21666666666667,5.441988967595879,0.06632282573504988,1.270353441
101.80000000000001,6.5982,1.1985,9.2228,-0.2465,0.3138,-0.1149,-2474.815407277357,219.63435999995085,-2499.348593670892,251.60546400022753,16.344444444444445,5.4453399997597085,0.06632282573504988,1.270353441
101.9,0.2996,-0.054,10.8458,-0.0906,0.3525,-0.0168,-2474.815407277357,219.63435999995085,-2500.5846578265114,252.6518720005913,16.455555555555556,5.422772892531421,0.061086523819801536,1.170324630334999
102.0,5.0186,0.0722,8.7909,-0.2133,0.4575,-0.096,-2474.815407277357,219.63435999995085,-2501.82072198216,253.7205440004243,16.555555555555557,5.424186609225537,0.05410531153157934,1.270353441
102.10000000000001,0.2212,-1.9408,10.9771,-0.0146,0.021,-0.0126,-2474.815407277357,219.63435999995085,-2503.0769393577352,254.80034800038737,16.65833333333333,5.4195440334152325,0.047124099243357136,1.270353441
102.2,-0.3913,-1.1293,11.1959,-0.0763,0.3395,0.0712,-2474.815407277357,219.63435999995085,-2504.346592213271,255.88015200035045,16.780555555555555,5.416908586244721,0.04014288695513494,1.270353441
102.30000000000001,-0.3339999999999999,-0.9761,10.5029,-0.2249,0.2349,-0.0637,-2474.815407277357,219.63435999995085,-2505.6229628087717,256.9488240009744,16.894444444444446,5.411532972148578,0.03490658503988659,1.270353441
102.4,-1.0713,-0.0274,9.7458,0.057,-0.1565,-0.0446,-2474.815407277357,219.63435999995085,-2506.9262043641784,258.00636399988633,17.011111111111113,5.395528302907791,0.03490658503988659,1.170324630334999
102.5,1.4989,0.3477,10.4922,0.1454,-0.0459,-0.0969999999999999,-2474.815407277357,219.63435999995085,-2508.2294459195855,259.0861680006404,17.13888888888889,5.397640151302704,0.03490658503988659,1.270353441
102.60000000000001,1.092,-1.7737,8.7798,0.0198,-0.133,-0.1389,-2474.815407277357,219.63435999995085,-2509.5461229549223,260.1437080003433,17.208333333333332,5.394411292186514,0.03839745298338549,1.270353441
102.7,-0.4009,-1.4444,12.0625,-0.3425,0.3918,-0.1648,-2474.815407277357,219.63435999995085,-2510.8762354702503,261.22351200030636,17.294444444444444,5.391269699532924,0.04014288695513494,1.270353441
102.80000000000001,5.6638,-0.5683,9.7158,0.2072,-0.0095,-0.0426,-2474.815407277357,219.63435999995085,-2512.2130657255434,262.3255800005296,17.41111111111111,5.392735776104599,0.03839745298338549,1.170324630334999
102.9,0.0693,-0.3936,9.5557,0.3344,-0.5598,-0.073,-2474.815407277357,219.63435999995085,-2513.5700492007327,263.3942520003626,17.497222222222224,5.382595413150512,0.03490658503988659,1.270353441
103.0,6.9648,1.2351,8.0306,-0.2242,0.4454,-0.1381,-2474.815407277357,219.63435999995085,-2514.940468155912,264.46292400098656,17.605555555555554,5.379925059394961,0.03839745298338549,1.0702968003349989
103.10000000000001,-1.8049,-1.5485,9.5398,-0.4093,0.6744,0.0032,-2474.815407277357,219.63435999995085,-2516.317604851072,265.53159600002857,17.705555555555556,5.373519701040141,0.03665201901163604,1.170324630334999
103.2,9.5286,-3.2013,8.539,-0.5312,1.0389,-0.0282,-2474.815407277357,219.63435999995085,-2517.708177026177,266.60026800065253,17.8,5.36798700731132,0.03316115106813714,1.270353441
103.30000000000001,-0.4202,-0.4933,8.9223,0.1054,-0.2688,0.0751,-2474.815407277357,219.63435999995085,-2519.118902421193,267.6800720006156,17.869444444444444,5.362559033337617,0.03316115106813714,1.170324630334999
103.4,-5.1182,-1.4915,11.0414,-0.3178,0.4635,-0.0011,-2474.815407277357,219.63435999995085,-2520.5296278162396,268.78214000083887,17.977777777777778,5.371687105325547,0.03839745298338549,1.0702968003349989
103.5,4.5487,-2.6252,9.1546,-0.4217,0.7983,-0.1081,-2474.815407277357,219.63435999995085,-2521.9537886912008,269.8508119998809,18.105555555555558,5.360970783718303,0.03490658503988659,1.0702968003349989
103.60000000000001,-3.8095,-2.6036,11.0415,0.0435,0.0046,0.0655,-2474.815407277357,219.63435999995085,-2523.384667306158,270.94174799918306,18.18611111111111,5.362035434562019,0.02268959443519164,1.270353441
103.7,5.0438,-1.8462,9.6733,0.3444,-0.6828,0.0562,-2474.815407277357,219.63435999995085,-2524.8356991410556,272.0215519999371,18.291666666666664,5.356118768397758,0.019198726491692745,1.170324630334999
103.80000000000001,-2.9411,-1.5577,10.512,0.2447,-0.4544,0.0875,-2474.815407277357,219.63435999995085,-2526.3001664558988,273.07909200122197,18.391666666666666,5.3429415325452005,0.0017454357170787011,1.170324630334999
103.9,5.5897,-0.7285,8.5672,-0.0569,0.1505,-0.1076,-2474.815407277357,219.63435999995085,-2527.7579160307614,274.18116000065424,18.499999999999996,5.354460705608364,0.0,1.170324630334999
104.0,1.5221,-0.4507,9.7227,0.4681,-0.5704,-0.0456,-2474.815407277357,219.63435999995085,-2529.2358188255357,275.2943600002166,18.60833333333333,5.3551762906016815,0.0017454357170787011,1.170324630334999
104.10000000000001,5.39,-2.929,9.5364,0.0566,-0.0874,-0.0965,-2474.815407277357,219.63435999995085,-2530.7204393603192,276.3852959995188,18.697222222222223,5.35245357696857,0.0034908714341574023,1.0702968003349989
104.2,-0.3409,-0.0228,10.4171,0.2104,-0.2925,0.0603,-2474.815407277357,219.63435999995085,-2532.205059895088,277.49849599987215,18.775000000000002,5.353413508057168,0.0,1.170324630334999
104.30000000000001,-2.3257,-1.0102,10.993,-0.1538,0.2853,-0.0597,-2474.815407277357,219.63435999995085,-2533.709833649769,278.6228280003556,18.88611111111111,5.353396054764648,0.0017454357170787011,1.0702968003349989
104.4,3.0367,-0.9192,8.8337,0.0341,-0.0332,0.0464,-2474.815407277357,219.63435999995085,-2535.214607404463,279.73602799991795,19.01388888888889,5.351685632097693,0.0017454357170787011,1.0702968003349989
104.5,-3.0341,-1.7913,10.1082,-0.2645,0.5073,-0.1088,-2474.815407277357,219.63435999995085,-2536.7193811591583,280.8714920005315,19.09166666666667,5.3580560838674725,0.0017454357170787011,1.0702968003349989
104.60000000000001,2.1412,-0.8952,9.2751,-0.3216,0.3708,-0.011,-2474.815407277357,219.63435999995085,-2538.237590393813,282.0292200006142,19.183333333333334,5.358527322765511,0.0034908714341574023,1.0702968003349989
104.7,-3.2474,0.4195,10.2276,-0.1902,0.2166,0.0656,-2474.815407277357,219.63435999995085,-2539.762517368434,283.15355200030666,19.269444444444446,5.349853036383099,0.0052363071512361034,1.0702968003349989
104.80000000000001,2.4716,-3.1572,9.8228,-0.281,0.4447,-0.0102,-2474.815407277357,219.63435999995085,-2541.3008798230303,284.3001479994683,19.355555555555558,5.350620981253976,0.0034908714341574023,1.0702968003349989
104.9,2.7902,-0.4708,8.6056,0.0045,-0.1,0.0739,-2474.815407277357,219.63435999995085,-2542.8459600175916,285.457876000342,19.463888888888885,5.353622947567406,0.006981210542892947,1.0702968003349989
105.0,1.7154,-1.7441,10.2554,-0.1075,0.1165,0.0473,-2474.815407277357,219.63435999995085,-2544.3977579521033,286.61560400042475,19.552777777777777,5.3552810103568005,0.008726646259971648,1.0702968003349989
105.10000000000001,1.0755,-0.5392,9.1203,-0.0048,0.0371,-0.0189,-2474.815407277357,219.63435999995085,-2545.9562736266103,287.7622000003774,19.644444444444442,5.350079929185859,0.010472081977050348,1.0702968003349989
105.2,1.5789,-2.3922,9.8704,0.1297,-0.2867,0.0413,-2474.815407277357,219.63435999995085,-2547.514789301117,288.9533240008504,19.749999999999996,5.356781993513516,0.010472081977050348,1.0702968003349989
105.30000000000001,2.0713,0.1202,9.5373,-0.1659,0.3114,-0.0064,-2474.815407277357,219.63435999995085,-2549.09345819555,290.11105200014214,19.83611111111111,5.3490327316346615,0.0052363071512361034,1.0702968003349989
105.4,2.8642,-0.3335,9.6505,-0.0248,-0.0453,-0.0405,-2474.815407277357,219.63435999995085,-2550.672127089998,291.29104400048504,19.925,5.352331403920931,0.0034908714341574023,1.0702968003349989
105.5,-1.4564,-1.5005,10.518,-0.1462,0.3583,-0.1323,-2474.815407277357,219.63435999995085,-2552.2709492043564,292.48216800016706,20.022222222222222,5.350795514179175,0.0034908714341574023,1.0702968003349989
105.60000000000001,3.0103,-1.595,9.3304,-0.1253,0.2861,0.0075,-2474.815407277357,219.63435999995085,-2553.8630535787347,293.67329200064006,20.122219444444447,5.35264556318629,0.0034908714341574023,1.0702968003349989
105.7,-0.4354,-1.1282,9.1048,-0.1194,0.0713,0.113,-2474.815407277357,219.63435999995085,-2555.4685934330887,294.87554800045217,20.22222222222222,5.354757411581203,0.0034908714341574023,1.0702968003349989
105.80000000000001,0.9789,-0.8464,10.2099,-0.1933,0.1572,-0.0395,-2474.815407277357,219.63435999995085,-2557.080851027393,296.0778040002643,20.316666666666666,5.351354019539814,0.0034908714341574023,1.0702968003349989
105.9,1.1873,0.2103,9.9858,0.0479,0.1186,0.0181,-2474.815407277357,219.63435999995085,-2558.7065441016725,297.29119200099746,20.40277777777778,5.3495039705327,0.0034908714341574023,1.0702968003349989
106.0,-0.0359,-0.2423,10.1175,-0.0405,0.012,0.0555,-2474.815407277357,219.63435999995085,-2560.3389549159174,298.5045800001487,20.477777777777778,5.350586074668936,0.0034908714341574023,0.9802712630025
106.10000000000001,1.1424,-1.1421,9.9175,-0.0114,-0.1529,0.0533,-2474.815407277357,219.63435999995085,-2561.9780834701423,299.7068359999608,20.575,5.347252495797627,0.0052363071512361034,1.0702968003349989
106.2,-2.0488,-1.3637,10.1682,0.0859,-0.1409,0.0436,-2474.815407277357,219.63435999995085,-2563.630647504313,300.9313560000331,20.675,5.348840745416942,0.0034908714341574023,0.9802712630025
106.30000000000001,1.3148,0.1056,9.2095,0.0997,-0.1907,0.0426,-2474.815407277357,219.63435999995085,-2565.2764937985185,302.14474400076625,20.769444444444442,5.345926045566112,0.0017454357170787011,1.0702968003349989
106.4,-2.6393,0.1002,8.9374,0.2678,-0.2904,-0.1213,-2474.815407277357,219.63435999995085,-2566.942493312635,303.3581319999175,20.866666666666667,5.341231109878247,0.0,1.0702968003349989
106.5,2.6687,-2.0707,10.7727,0.1194,-0.1555,-0.088,-2474.815407277357,219.63435999995085,-2568.615210566746,304.58265199998976,20.96666666666667,5.3432382385180395,0.0,1.0702968003349989
106.60000000000001,1.3598,-0.4011,9.6869,0.1499,-0.3107,0.0025,-2474.815407277357,219.63435999995085,-2570.294645560838,305.81830399940117,21.038888888888888,5.345454806668073,0.0,1.0702968003349989
106.7,1.8293,-0.5716,9.8519,-0.1014,0.2203,-0.0962,-2474.815407277357,219.63435999995085,-2571.9875160348456,307.04282400026443,21.136111111111113,5.340532978177449,0.0,0.9802712630025
106.80000000000001,2.011,-2.9949,9.5923,-0.0774,-0.1037,0.0794,-2474.815407277357,219.63435999995085,-2573.713975208769,308.178288000087,21.224999999999998,5.31883853557516,-0.0034903391087355443,0.9802712630025
106.9,-3.4164,-1.3023,10.121,-0.2213,0.3833,-0.0653,-2474.815407277357,219.63435999995085,-2575.420281162767,309.3805439998991,21.305555555555557,5.324388682596501,-0.006981210542892947,1.0702968003349989
107.0,1.5387,-0.9583,8.9902,-0.0679,0.1146,-0.092,-2474.815407277357,219.63435999995085,-2577.1400225966954,310.5716680003721,21.394444444444442,5.32477265503194,-0.005235774825814244,0.9802712630025
107.10000000000001,-2.1081,-2.125,10.9969,-0.1622,0.262,-0.1601,-2474.815407277357,219.63435999995085,-2578.8261753307524,311.86298000043394,21.494444444444444,5.34617039166139,-0.010472081977050348,1.0702968003349989
107.2,1.3945,0.3533,9.0537,-0.0816,0.2305,-0.0909,-2474.815407277357,219.63435999995085,-2580.5660699846217,313.07636800037614,21.569444444444446,5.330567148148562,-0.008726646259971648,1.0702968003349989
107.30000000000001,-2.9696,1.0993,9.9823,-0.016,0.1711,-0.1351,-2474.815407277357,219.63435999995085,-2582.2790936785996,314.367680000438,21.649997222222225,5.345611886300753,-0.008726646259971648,1.0702968003349989
107.4,0.4259,-0.6447,10.321,-0.2562,0.1738,0.0623,-2474.815407277357,219.63435999995085,-2584.0055528525086,315.6589920012908,21.758333333333333,5.350917687226815,-0.010472081977050348,0.9802712630025
107.5,2.8271,0.1988,9.3623,0.0618,-0.2106,0.1828,-2474.815407277357,219.63435999995085,-2585.732012026402,316.9614359999008,21.822222222222223,5.352226684165811,-0.006981210542892947,0.9802712630025
107.60000000000001,2.2664,-0.7809999999999999,9.3822,-0.1282,0.1777,-0.0773,-2474.815407277357,219.63435999995085,-2587.465188940276,318.27501200022283,21.93611111111111,5.3561536749827985,-0.015707856802864593,0.9802712630025
107.7,4.0637,-0.1282,9.5313,0.2127,-0.4881,0.0921,-2474.815407277357,219.63435999995085,-2589.205083594175,319.57745600041477,22.038888888888888,5.355106477431601,-0.012216985368707191,0.9802712630025
107.80000000000001,-2.0873,-1.3745,9.6003,0.1088,-0.1388,0.0383,-2474.815407277357,219.63435999995085,-2590.96513146797,320.8910319999458,22.122222222222224,5.353116802084329,0.0,0.8802455904654999
107.9,2.4579,-0.2781,9.2706,-0.1367,0.2225,-0.0447,-2474.815407277357,219.63435999995085,-2592.7117438618193,322.22687200052803,22.21111111111111,5.3578640976497525,0.010472081977050348,0.9802712630025
108.0,1.7587,1.4968,10.3504,0.2028,-0.3128,-0.0335,-2596.0034364502303,324.0525200005064,-2594.4717917356147,323.5515800001892,22.294441666666668,5.358178256915111,0.0052363071512361034,0.9802712630025
108.10000000000001,0.8293,-0.6649,9.691,0.2268,-0.3351,-0.1029,-2596.0034364502303,324.0525200005064,-2596.2318396094097,324.90968400103156,22.391666666666666,5.360900970548222,-0.005235774825814244,1.0702968003349989
108.2,-2.2618,-3.6781,10.763,0.2545,-0.4308,0.0034,-2596.0034364502303,324.0525200005064,-2597.991887483204,326.2789200004221,22.469444444444445,5.36177363517422,-0.015707856802864593,0.9802712630025
108.30000000000001,0.5923,-0.3695,9.0832,-0.1268,-0.0053,0.0664,-2596.0034364502303,324.0525200005064,-2599.7586530969647,327.67042000086377,22.552775,5.367376142073122,-0.013962421085785893,0.9802712630025
108.4,1.5906,1.1593,10.7296,0.1891,-0.1727,0.0388,-2596.0034364502303,324.0525200005064,-2601.5455719306806,329.0173919999941,22.644444444444442,5.363728403936454,-0.012216985368707191,0.9802712630025
108.5,1.2369,-1.5483,10.3009,-0.0082,-0.0884,-0.075,-2596.0034364502303,324.0525200005064,-2603.3257730244163,330.3866280001756,22.716666666666665,5.366520930739645,-0.008726646259971648,0.9802712630025
108.60000000000001,2.99,0.9019,9.2877,-0.0925,0.0448,-0.0249,-2596.0034364502303,324.0525200005064,-2605.1194095980977,331.7781280006173,22.855555555555554,5.3637109506439336,-0.012216985368707191,1.0702968003349989
108.7,-2.0921,-2.5677,10.5868,-0.327,0.4828,-0.0761,-2596.0034364502303,324.0525200005064,-2606.9197639117147,333.1584960001379,22.938888888888886,5.366957263052644,-0.013962421085785893,1.0702968003349989
108.80000000000001,1.7462,0.5658,10.0361,-0.0391,0.2191,-0.0034,-2596.0034364502303,324.0525200005064,-2608.7335537053664,334.5277320003194,23.03611111111111,5.364042563201813,-0.017453292519943295,1.0702968003349989
108.9,0.3082,-1.9849,9.4643,0.039,-0.0496,-0.0561,-2596.0034364502303,324.0525200005064,-2610.5540612389536,335.9303640001002,23.116666666666667,5.366067145134125,-0.013962421085785893,0.9802712630025
109.0,-1.9488,-2.2096,9.9665,-0.1534,0.2457,-0.1423,-2596.0034364502303,324.0525200005064,-2612.3678510325312,337.3218640005419,23.23611111111111,5.369575256930634,-0.015707856802864593,1.0702968003349989
109.10000000000001,-2.3855,-2.6458,9.8801,0.0201,0.0327,-0.086,-2596.0034364502303,324.0525200005064,-2614.201794046079,338.7356280004528,23.31111111111111,5.366869996590044,-0.019198726491692745,0.9802712630025
109.2,-0.5151,0.6412,10.3017,-0.1918,0.3315,-0.0041,-2596.0034364502303,324.0525200005064,-2616.022301579652,340.16052400049375,23.372222222222224,5.370046495828673,-0.026179938779914945,0.9802712630025
109.30000000000001,0.446,1.2533,9.1655,-0.0057,-0.2601,0.0993,-2596.0034364502303,324.0525200005064,-2617.862962333165,341.5854200005347,23.416666666666664,5.371338039475149,-0.03665201901163604,0.8802455904654999
109.4,0.4762,0.3508,9.8602,-0.0512,0.158,-0.0956,-2596.0034364502303,324.0525200005064,-2619.6901876067172,343.043712000175,23.480555555555554,5.379959965980001,-0.04014236335635934,0.6801894401329999
109.5,1.4847,1.2698,9.6912,-0.303,0.1563,0.2205,-2596.0034364502303,324.0525200005064,-2621.5308483602303,344.49087200047614,23.55,5.377062719421691,-0.04014236335635934,0.49013568053449996
109.60000000000001,-0.5049,-1.1468,9.6914,0.0916,-0.1232,0.0741,-2596.0034364502303,324.0525200005064,-2623.358073633798,345.9491640001164,23.583333333333336,5.385353033368664,-0.03839692938460989,0.49013568053449996
109.7,1.69,0.7312,9.8112,0.2331,-0.3252,0.0682,-2596.0034364502303,324.0525200005064,-2625.185298907366,347.41858799988677,23.641666666666666,5.389437103818331,-0.03490658503988659,0.49013568053449996
109.80000000000001,-2.2023,-1.5762,10.3277,0.0369,-0.2448,-0.0284,-2596.0034364502303,324.0525200005064,-2627.005806440938,348.9102759999173,23.716666666666665,5.39559811607787,-0.03141571709638769,0.5801613159335
109.9,1.1787,-0.8049,11.0364,0.0289,0.0306,0.0623,-2596.0034364502303,324.0525200005064,-2628.8195962345453,350.4353600003381,23.752775,5.402108194187808,-0.03141571709638769,0.6801894401329999
110.0,1.1315,1.9877,10.1709,0.1633,-0.2889,0.1184,-2596.0034364502303,324.0525200005064,-2630.653539248063,351.92704800036864,23.830555555555556,5.398739708731459,-0.029670283124638246,0.6801894401329999
110.10000000000001,1.9796,0.1773,11.2728,-0.1912,0.3046,-0.1195,-2596.0034364502303,324.0525200005064,-2632.4740467816505,353.45213200078945,23.897222222222222,5.406593690365434,-0.03141571709638769,0.5801613159335
110.2,2.6507,1.5138,9.4429,-0.1572,0.1712,0.0819999999999999,-2596.0034364502303,324.0525200005064,-2634.294554315238,354.9772160004193,23.94166388888889,5.40807722022963,-0.027925372751664394,0.5801613159335
110.30000000000001,-1.5887,1.2895,8.3752,-0.151,0.1316,0.1666,-2596.0034364502303,324.0525200005064,-2636.1150618488255,356.51343200097017,24.002777777777776,5.412248557141896,-0.024434504808165492,0.5801613159335
110.4,-0.4522,-1.26,9.7245,0.1025,-0.0927,-0.0634,-2596.0034364502303,324.0525200005064,-2637.9355693824277,358.0496479999391,24.066666666666666,5.411724958366298,-0.013962421085785893,0.5801613159335
110.5,0.3668,-1.7554,11.0825,-0.1726,0.2952,-0.1338,-2596.0034364502303,324.0525200005064,-2639.7627946559805,359.6081279999592,24.108333333333334,5.415966108448644,-0.0034903391087355443,0.6801894401329999
110.60000000000001,0.8298,3.3408,10.2895,0.0216,-0.0139999999999999,-0.0123,-2596.0034364502303,324.0525200005064,-2641.5900199295484,361.1554760006402,24.144444444444446,5.417414731727799,-0.005235774825814244,0.6801894401329999
110.7,1.8468,-1.3784,10.9524,-0.0272,0.1599,-0.063,-2596.0034364502303,324.0525200005064,-2643.417245203086,362.7250879999994,24.266666666666666,5.420538871088869,-0.005235774825814244,0.5801613159335
110.80000000000001,-1.6746,1.5058,9.3098,-0.0942,0.236,-0.146,-2596.0034364502303,324.0525200005064,-2645.2444704766535,364.2947000001496,24.308330555555557,5.420591230966429,-0.013962421085785893,0.6801894401329999
110.9,1.1804,0.6105,10.4551,-0.0321,-0.1128,0.0803,-2596.0034364502303,324.0525200005064,-2647.0851312301666,365.87544400042987,24.344444444444445,5.42041669804123,-0.022689070836416043,0.6801894401329999
111.0,1.2237,-1.3523,10.1181,0.0057,-0.0552,0.0964,-2596.0034364502303,324.0525200005064,-2648.9190742437145,367.45618799991917,24.430555555555557,5.42341866435466,-0.022689070836416043,0.5801613159335
111.10000000000001,-0.3027,0.1312,10.7932,-0.0065,-0.0675,-0.0657,-2596.0034364502303,324.0525200005064,-2650.7597349972275,369.0369320009904,24.474999999999998,5.420800670476668,-0.015707856802864593,0.6801894401329999
111.2,-1.0098,1.0111,8.981,0.0493,-0.0095,-0.1122,-2596.0034364502303,324.0525200005064,-2652.6071134907065,370.6288080006098,24.51666388888889,5.424797474463735,-0.015707856802864593,0.6801894401329999
111.30000000000001,0.5063,-1.3615,9.5785,-0.0409999999999999,-0.0043,0.0286,-2596.0034364502303,324.0525200005064,-2654.4410565042544,372.2429480004894,24.611111111111107,5.431185379526035,-0.015707856802864593,0.6801894401329999
111.4,0.9391,-0.1556,10.1512,-0.0147,0.1483,-0.0781,-2596.0034364502303,324.0525200005064,-2656.2884349977476,373.84595600023886,24.680555555555554,5.430120728682318,-0.017453292519943295,0.6801894401329999
111.5,0.1931,1.5562,10.3814,0.1093,-0.215,0.0013,-2596.0034364502303,324.0525200005064,-2658.135813491241,375.4600960001184,24.7,5.431988230981952,-0.020943636864666597,0.780217466266
111.60000000000001,0.2767,-2.4688,10.9592,0.0513,-0.2651,0.1793,-2596.0034364502303,324.0525200005064,-2659.976474244739,377.0964999994672,24.802777777777777,5.435164730220582,-0.020943636864666597,0.6801894401329999
111.7,-0.2112,0.2856,9.1238,-0.0564,0.0824,0.0807,-2596.0034364502303,324.0525200005064,-2661.8238527382327,378.7329040003979,24.869444444444444,5.436840246302496,-0.019198726491692745,0.6801894401329999
111.80000000000001,0.1862,0.3774,9.8817,-0.0475,0.1255,-0.0367,-2596.0034364502303,324.0525200005064,-2663.6779489716914,380.36930800053767,24.933330555555557,5.43842849592181,-0.019198726491692745,0.6801894401329999
111.9,2.4025,-1.4718,8.8404,-0.0718,-0.0553,-0.0096,-2596.0034364502303,324.0525200005064,-2665.5253274651845,382.0168440008075,25.011111111111113,5.441168662847441,-0.017453292519943295,0.6801894401329999
112.0,-0.6344,1.004,9.7582,0.0874,0.077,-0.0152,-2596.0034364502303,324.0525200005064,-2667.3794236986287,383.67551200041646,25.05,5.44205878076596,-0.008726646259971648,0.6801894401329999
112.10000000000001,1.4752,1.0772,9.2036,0.023,-0.1004,0.0386,-2596.0034364502303,324.0525200005064,-2669.2268021921222,385.35644400107657,25.144444444444442,5.44783582059006,0.0,0.780217466266
112.2,0.4334,0.484,10.1759,-0.0405,0.1086,0.0249,-2596.0034364502303,324.0525200005064,-2671.080898425596,387.0373760001547,25.194444444444443,5.44797544693022,0.0052363071512361034,0.6801894401329999
112.30000000000001,1.392,0.5805,9.8539,0.09,-0.3157,0.0759,-2596.0034364502303,324.0525200005064,-2672.934994659069,388.71830800002385,25.244444444444444,5.449319350454256,0.0017454357170787011,0.6801894401329999
112.4,-1.8412,-1.0926,11.0273,0.1373,-0.2734,0.1086,-2596.0034364502303,324.0525200005064,-2674.8025263724885,390.4103720000231,25.34444444444444,5.447504208032182,-0.0017454357170787011,0.6801894401329999
112.5,3.1564,1.2464,9.4475,0.048,-0.1101,-0.126,-2596.0034364502303,324.0525200005064,-2676.6700580858783,392.1135680001524,25.40555555555555,5.448673578631017,-0.008726646259971648,0.780217466266
112.60000000000001,-0.4325,-0.1871,9.9313,0.2379,-0.3724,0.073,-2596.0034364502303,324.0525200005064,-2678.551025279258,393.7945000000215,25.45,5.442774365759277,-0.010472081977050348,0.6801894401329999
112.7,-1.6288,-2.3711,9.3887,-0.0764,0.2429,-0.0632,-2596.0034364502303,324.0525200005064,-2680.4185569927067,395.5088280002809,25.574999999999996,5.4498778558148935,-0.005235774825814244,0.5801613159335
112.80000000000001,0.8503,0.275,8.3498,0.0386,0.141,-0.1875,-2596.0034364502303,324.0525200005064,-2682.2995241860567,397.2342879998794,25.58888888888889,5.452042064087367,-0.005235774825814244,0.6801894401329999
112.9,-0.6859,-0.7204,9.877,0.0006,-0.0839,0.0446,-2596.0034364502303,324.0525200005064,-2684.1804913794217,398.9486160001388,25.661111111111108,5.45132647909405,-0.010472081977050348,0.6801894401329999
113.0,-0.9938,0.1864,10.4772,0.0902,0.0138,0.0037,-2596.0034364502303,324.0525200005064,-2686.0681763127814,400.68520799986743,25.7,5.451954797624768,-0.013962421085785893,0.6801894401329999
113.10000000000001,0.3485,-0.3939,9.7704,0.0372,-0.1341,0.0291,-2596.0034364502303,324.0525200005064,-2687.9491435061614,402.4106680002569,25.752777777777776,5.453368514318882,-0.019198726491692745,0.6801894401329999
113.2,-0.38,2.1842,10.3461,0.1946,-0.1575,-0.0321,-2596.0034364502303,324.0525200005064,-2689.8368284394764,404.1583920001156,25.84722222222222,5.457068612333111,-0.020943636864666597,0.6801894401329999
113.30000000000001,2.3386,-0.474,9.5043,0.1466,-0.1855,0.1013,-2596.0034364502303,324.0525200005064,-2691.7245133728516,405.9061160007653,25.916666666666664,5.459738966088661,-0.013962421085785893,0.6801894401329999
113.4,-0.4945,-1.4062,10.0535,0.1141,-0.4133,-0.0596,-2596.0034364502303,324.0525200005064,-2693.6121983061817,407.6761040000932,25.96944444444444,5.463124904837531,-0.015707856802864593,0.5801613159335
113.5,-2.2292,-3.7582,8.737,-0.0093,0.1204,-0.1566,-2596.0034364502303,324.0525200005064,-2695.4998832395268,409.43496000008196,25.991666666666664,5.46347397068793,-0.017453292519943295,0.49013568053449996
113.60000000000001,-0.9037,0.9564,9.6682,0.1651,-0.4021,0.1064,-2596.0034364502303,324.0525200005064,-2697.394285912852,411.18268399994065,26.03611111111111,5.460140391816621,-0.015707856802864593,0.49013568053449996
113.7,4.667,-1.3235,10.3883,-0.3253,0.5691,-0.1126,-2596.0034364502303,324.0525200005064,-2699.281970846212,412.9638040001896,26.099999999999998,5.464625887994246,-0.015707856802864593,0.49013568053449996
113.80000000000001,-0.6517,0.9291,9.6621,-0.0874,0.0531,-0.0562,-2596.0034364502303,324.0525200005064,-2701.1629380395616,414.7337920003085,26.122222222222224,5.466179231028521,-0.012216985368707191,0.49013568053449996
113.9,1.654,-5.1696,10.714,0.2844,-0.5077,0.0986,-2596.0034364502303,324.0525200005064,-2703.050622972907,416.52604399989656,26.194444444444443,5.471362858906944,-0.006981210542892947,0.49013568053449996
114.0,-2.5124,1.7893,9.8397,-0.3728,0.6315,-0.1012,-2596.0034364502303,324.0525200005064,-2704.9315901662867,418.3405600005358,26.208333333333332,5.473893586322335,-0.005235774825814244,0.49013568053449996
114.10000000000001,0.3927,-5.4057,11.024,-0.1852,0.4021,-0.1344,-2596.0034364502303,324.0525200005064,-2706.799121879706,420.16620800051413,26.241666666666667,5.482585325997268,0.0,0.1900514060025
114.2,-1.836,1.3159,9.6356,-0.3193,0.6847,-0.1178,-2596.0034364502303,324.0525200005064,-2708.706960032977,421.9473279999721,26.21388888888889,5.466825002851759,0.0,0.0
114.30000000000001,-0.9969,3.1036,8.782,-0.2501,0.3786,-0.1262,-2596.0034364502303,324.0525200005064,-2710.5879272263564,423.75071200048126,26.197222222222223,5.4758658083770895,0.0,0.0
114.4,-3.4004,2.72,9.7211,-0.2835,0.3922,-0.0998,-2596.0034364502303,324.0525200005064,-2712.482329899682,425.54296400006933,26.166666666666668,5.4718166445124625,-0.0017454357170787011,-0.1900537595985
114.5,-3.0377,3.1584,8.9234,0.33,-0.6215,0.2631,-2596.0034364502303,324.0525200005064,-2714.370014833027,427.3352160004484,26.11388611111111,5.470751993668746,-0.0017454357170787011,-0.1900537595985
114.60000000000001,0.8012,-4.6705,11.4348,-0.0025,-0.127,-0.0161,-2596.0034364502303,324.0525200005064,-2716.2442642864116,429.1385999993756,26.105555555555554,5.475883261669609,-0.0034903391087355443,-0.290081883798
114.7,1.2934,1.0448,10.4837,0.3014,-0.5323,-0.0119,-2596.0034364502303,324.0525200005064,-2718.1252314797766,430.9308520005456,26.069444444444443,5.474068119247535,-0.005235774825814244,-0.290081883798
114.80000000000001,0.7283,-4.7735,9.5847,0.261,-0.561,0.0681,-2596.0034364502303,324.0525200005064,-2719.999480933176,432.7119720000036,26.02777777777778,5.475604008989291,-0.015707856802864593,-0.290081883798
114.9,-0.5953,0.8634,9.6969,0.3168,-0.2468,0.0524,-2596.0034364502303,324.0525200005064,-2721.86701264661,434.50422400038264,26.03055555555555,5.475115316798732,-0.017453292519943295,-0.290081883798
115.0,-0.3336,-4.4425,10.2955,0.2019999999999999,-0.6158,0.0772,-2596.0034364502303,324.0525200005064,-2723.7345443600143,436.2964759999707,25.94722222222222,5.4763545005676475,-0.022689070836416043,-0.1900537595985
115.10000000000001,-0.7855,0.3493,9.1456,0.053,0.1127,-0.1033,-2596.0034364502303,324.0525200005064,-2725.588640593488,438.12212399994905,25.93611111111111,5.481712661371271,-0.017453292519943295,-0.1900537595985
115.2,-2.3814,0.9199,9.6781,0.0115,-0.1883,0.0368,-2596.0034364502303,324.0525200005064,-2727.4360190869666,439.9255080004582,25.897222222222222,5.48502878695006,-0.015707856802864593,-0.1900537595985
115.30000000000001,-1.1813,-0.8129,10.3668,-0.079,0.0145,0.0914,-2596.0034364502303,324.0525200005064,-2729.28339758046,441.72889200017636,25.877777777777776,5.484330655249263,-0.017453292519943295,-0.290081883798
115.4,0.3732,0.601,9.1892,0.0069999999999999,-0.0536,-0.1318,-2596.0034364502303,324.0525200005064,-2731.124058333973,443.5322759998945,25.87222222222222,5.486320330596536,-0.017453292519943295,-0.1900537595985
115.5,1.0942,-0.3866,10.4371,0.0392,-0.0387,-0.0816,-2596.0034364502303,324.0525200005064,-2732.958001347521,445.34679200053375,25.841666666666665,5.490631293848961,-0.022689070836416043,0.0
115.60000000000001,-0.4678,-0.3858,10.6738,-0.0089,0.0831,-0.0928,-2596.0034364502303,324.0525200005064,-2734.785226621074,447.1501760002519,25.866666666666667,5.490177508243443,-0.026179938779914945,0.0
115.7,3.0445,4.2677,8.5405,0.0806,-0.4257,0.0248,-2596.0034364502303,324.0525200005064,-2736.6124518946267,448.96469200089115,25.852777777777774,5.492917675169074,-0.027925372751664394,0.0
115.80000000000001,-1.5507,-0.245,10.1392,0.2552,-0.3845,0.1518,-2596.0034364502303,324.0525200005064,-2738.4262416882334,450.7903400000785,25.883333333333333,5.497804597074658,-0.029670283124638246,0.0
115.9,-0.9623,2.713,10.0328,0.2258,-0.2586,-0.133,-2596.0034364502303,324.0525200005064,-2740.246749221806,452.62712000018695,25.869444444444444,5.50038768436761,-0.017453292519943295,0.0
116.0,-1.5972,-0.2941,9.4124,0.3088,-0.3746,-0.0526,-2596.0034364502303,324.0525200005064,-2742.040385795502,454.4416360000352,25.863888888888887,5.50347691714364,-0.027925372751664394,0.09002572365885
116.10000000000001,1.1303,-3.6887,12.3748,-0.2369,0.4379,-0.1251,-2596.0034364502303,324.0525200005064,-2743.847457849114,456.3006800004038,25.883333333333333,5.507683160640946,-0.03490658503988659,0.1900514060025
116.2,-0.4415,1.028,9.455,-0.1369999999999999,0.1151,-0.0064,-2596.0034364502303,324.0525200005064,-2745.6478121627756,458.14859200064234,25.883333333333333,5.509184143797661,-0.03490658503988659,0.1900514060025
116.30000000000001,1.1155,-3.6929,10.2302,-0.1495,0.2907,-0.0997,-2596.0034364502303,324.0525200005064,-2747.441448736457,459.9853719999598,25.96388888888889,5.511487978410294,-0.03316115106813714,0.1900514060025
116.4,0.3964,-0.8084,9.4492,-0.1819,0.3575,-0.1119,-2596.0034364502303,324.0525200005064,-2749.2283675701283,461.8555480004585,25.98611111111111,5.518434388833231,-0.026179938779914945,0.1900514060025
116.5,0.5193,-4.3279,10.0424,0.0648,-0.0539,0.1379,-2596.0034364502303,324.0525200005064,-2751.0018509239435,463.7257240001662,25.96944444444444,5.520720770153344,-0.026179938779914945,0.290079530202
116.60000000000001,0.4269,-1.2602,10.5508,-0.1917,0.2094,-0.0235,-2596.0034364502303,324.0525200005064,-2752.775334277684,465.60703200000404,25.98611111111111,5.524769934017971,-0.04014236335635934,0.390107556335
116.7,1.8661,2.6434,10.2159,0.1605,-0.3969,-0.0458,-2596.0034364502303,324.0525200005064,-2754.5488176314097,467.51060400010203,26.008333333333333,5.5302328145767135,-0.047123575644581535,0.390107556335
116.80000000000001,0.8056,-1.0942,10.7962,0.0611,-0.0735,0.0488,-2596.0034364502303,324.0525200005064,-2756.31558324517,469.39191199993985,26.06388611111111,5.529220523610555,-0.05235987755982989,0.290079530202
116.9,-0.5997,3.0544,9.3812,0.2689,-0.5226,0.1541,-2596.0034364502303,324.0525200005064,-2758.07563111898,471.2954840008288,26.072222222222223,5.5340899922236195,-0.048869009616330984,0.290079530202
117.0,-1.2162,-1.5203,9.6842,-0.1013,0.2885,-0.0094,-2760.58806587013,476.0043200004884,-2759.8289612527947,473.221320000396,26.138888888888886,5.542537385803273,-0.03839692938460989,0.290079530202
117.10000000000001,-1.2674,4.2246,9.034,-0.3339,0.4874,-0.1616,-2760.58806587013,476.0043200004884,-2761.568855906664,475.1471559999632,26.14722222222222,5.545172832973783,-0.03141571709638769,0.290079530202
117.2,-0.0581,-0.8469,9.2718,0.1548,-0.3294,0.0707,-2760.58806587013,476.0043200004884,-2763.3020328205375,477.09525600058157,26.16111111111111,5.551281485355764,-0.029670283124638246,0.290079530202
117.30000000000001,0.764,-7.154,10.501,-0.2386,0.3361,-0.0106,-2760.58806587013,476.0043200004884,-2765.041927474422,479.03222400027886,26.191666666666666,5.552136696689242,-0.027925372751664394,0.390107556335
117.4,0.0786,0.9767,9.9431,0.3532,-0.7826,0.0857,-2760.58806587013,476.0043200004884,-2766.7683866483753,480.98032400010624,26.194444444444443,5.557896283220823,-0.017453292519943295,0.390107556335
117.5,1.9805,-6.9167,11.1849,0.2818,-0.4186,0.176,-2760.58806587013,476.0043200004884,-2768.4881280822738,482.9506880001938,26.261111111111113,5.561701100990171,-0.019198726491692745,0.390107556335
117.60000000000001,-1.614,2.1853,8.7576,0.3463,-0.5508,0.2395,-2760.58806587013,476.0043200004884,-2770.207869516217,484.93218400041144,26.275,5.56503467986148,-0.027925372751664394,0.390107556335
117.7,2.3554,-6.3192,10.6733,0.3799,-0.715,0.0219,-2760.58806587013,476.0043200004884,-2771.9141754702155,486.9136800006291,26.344444444444445,5.567268701304032,-0.03839692938460989,0.390107556335
117.80000000000001,-3.4207,0.5434,9.8863,-0.0372,-0.006,-0.0744,-2760.58806587013,476.0043200004884,-2773.640634644124,488.88404399992567,26.358333333333334,5.564633254133521,-0.03839692938460989,0.290079530202
117.9,0.1001,4.7832,9.5442,0.2347,-0.3757,0.0455,-2760.58806587013,476.0043200004884,-2775.346940598092,490.8766720010644,26.36111111111111,5.571684384311578,-0.047123575644581535,0.390107556335
118.0,-0.0265,-2.747,9.3112,0.3143,-0.6643,-0.0076,-2760.58806587013,476.0043200004884,-2777.039811072159,492.89156400009034,26.405555555555555,5.581074255687307,-0.04363323129985824,0.390107556335
118.10000000000001,-2.1497,2.9022,9.4733,-0.0184,0.1336,-0.0093,-2760.58806587013,476.0043200004884,-2778.725963806201,494.9064559999073,26.400000000000002,5.583657342980259,-0.03839692938460989,0.290079530202
118.2,0.687,-2.9305,10.1776,-0.33,0.486,-0.0094,-2760.58806587013,476.0043200004884,-2780.405398800263,496.9324800006453,26.43333333333333,5.589207490001601,-0.03490658503988659,0.1900514060025
118.30000000000001,-0.3053,2.5555,9.6158,-0.1943,0.2997,-0.0561,-2760.58806587013,476.0043200004884,-2782.09155153432,498.9473720004622,26.363888888888887,5.586345150028331,-0.029670283124638246,0.09002572365885
118.4,1.5546,-5.8312,10.3264,-0.2477,0.5356,-0.061,-2760.58806587013,476.0043200004884,-2783.777704268392,500.9511320001491,26.427777777777777,5.584512554313736,-0.029670283124638246,0.0
118.5,-1.2405,0.0269,9.7046,-0.4489,0.6153,-0.1776,-2760.58806587013,476.0043200004884,-2785.4302683025776,503.01055200048637,26.413888888888888,5.601302621717921,-0.027925372751664394,0.0
118.60000000000001,2.2018,-5.6152,9.9641,0.0613,0.1169999999999999,0.0005,-2760.58806587013,476.0043200004884,-2787.082832336748,505.0254440010943,26.41110833333333,5.598230842234412,-0.024434504808165492,0.0
118.7,-1.9701,0.6018,9.6299,-0.3496,0.6394,-0.2086,-2760.58806587013,476.0043200004884,-2788.7286786309387,507.0737320005105,26.39166388888889,5.602541805486838,-0.026179938779914945,0.0
118.80000000000001,-2.1401,4.1773,9.9993,0.3022,-0.3909,-0.1155,-2760.58806587013,476.0043200004884,-2790.374524925144,509.13315200005684,26.372219444444443,5.607132021419583,-0.027925372751664394,0.0
118.9,-0.5053,0.7913,10.6574,-0.0987,0.0853,0.0921,-2760.58806587013,476.0043200004884,-2792.0136534793696,511.19257200039414,26.402777777777775,5.610762306263731,-0.026179938779914945,0.0
119.0,-2.0048,2.5386,10.0692,0.4392,-0.4926,0.0167,-2760.58806587013,476.0043200004884,-2793.6460642936145,513.2519919999404,26.363888888888887,5.613362846849203,-0.027925372751664394,0.0
119.10000000000001,1.4527,-5.0273,10.0293,0.0793,-0.2023,-0.0329,-2760.58806587013,476.0043200004884,-2795.2717573678788,515.3114120002778,26.372219444444443,5.615108176101197,-0.026179938779914945,0.0
119.2,0.2467,1.7855,8.982000000000001,0.4172,-0.6017,-0.013,-2760.58806587013,476.0043200004884,-2796.8907327021784,517.3819639999542,26.336111111111112,5.617708716686668,-0.024434504808165492,-0.09002572365885
119.30000000000001,0.9411,-5.6961,11.0878,0.2584,-0.7070000000000001,0.2095,-2760.58806587013,476.0043200004884,-2798.502990296497,519.4413840002915,26.31111111111111,5.62072813629262,-0.026179938779914945,-0.09002572365885
119.4,-0.0327,1.3342,9.3909,0.2645,-0.469,0.1965,-2760.58806587013,476.0043200004884,-2800.1085301508215,521.5119359999678,26.266666666666666,5.622037133231615,-0.026179938779914945,-0.1900537595985
119.5,3.4788,-2.5409,10.0386,0.3423,-0.722,0.0631,-2760.58806587013,476.0043200004884,-2801.700634525215,523.5936200005654,26.238888888888887,5.629402422675031,-0.019198726491692745,-0.1900537595985
119.60000000000001,0.4109,1.8806,11.0299,-0.1504,0.2203,-0.1635,-2760.58806587013,476.0043200004884,-2803.2860211596276,525.6641720002417,26.230555555555558,5.628425038293914,-0.020943636864666597,-0.1900537595985
119.7,-1.8883,7.0549,9.907,0.3345,-0.3426,0.0423,-2760.58806587013,476.0043200004884,-2804.8646900540753,527.7569880009694,26.163886111111108,5.632770908131381,0.006981210542892947,-0.290081883798
119.80000000000001,6.4287,-3.5107,9.8799,-0.4249,0.7355,-0.2281,-2760.58806587013,476.0043200004884,-2806.4299234685627,529.8386719999849,26.180555555555554,5.63561579481213,0.02268959443519164,-0.290081883798
119.9,-0.1669,2.3015,9.6146,-0.0958,0.332,0.0128,-2760.58806587013,476.0043200004884,-2808.0085923629804,531.9092240004522,26.105555555555554,5.634044998485336,0.020944160463442194,-0.290081883798
120.0,2.2618,-4.4949,10.1351,-0.3876,0.5434,0.03,-2760.58806587013,476.0043200004884,-2809.587261257428,533.9797760009196,26.083333333333336,5.630554339981347,0.008726646259971648,-0.290081883798
120.10000000000001,0.6639,2.3248,9.3404,-0.1421,0.5904,-0.1573,-2760.58806587013,476.0043200004884,-2811.165930151861,536.039196000466,26.041666666666664,5.629332609504951,0.01221751769412905,-0.1900537595985
120.2,2.2545,-5.7535,10.6056,-0.1364,0.2688,0.036,-2760.58806587013,476.0043200004884,-2812.7378813063137,538.1097480001424,26.02499722222222,5.6293675160899905,0.013962953411207752,-0.09002572365885
120.30000000000001,-0.9317,3.6166,10.1661,-0.4168,0.8384,-0.1084,-2760.58806587013,476.0043200004884,-2814.316550200761,540.1580360003495,25.999999999999996,5.627203307817518,0.0034908714341574023,0.0
120.4,-3.1406,5.1643,8.671,0.2002,-0.3855,0.1549,-2760.58806587013,476.0043200004884,-2815.901936835159,542.217455999896,25.96944444444444,5.624882019912365,0.015707856802864593,0.0
120.5,-2.2156,0.6378,9.1864,-0.0772,0.206,-0.0063,-2760.58806587013,476.0043200004884,-2817.4940412095525,544.2546120007639,26.01388888888889,5.622019679939094,0.008726646259971648,0.0
120.60000000000001,-1.2866,4.708,8.8793,0.4377,-0.6344,-0.008,-2760.58806587013,476.0043200004884,-2819.0794278439653,546.3029000001802,25.96944444444444,5.621007388972938,-0.005235774825814244,0.0
120.7,0.2929,-3.3215,9.9835,0.071,-0.3884,0.2476,-2760.58806587013,476.0043200004884,-2820.6580967383984,548.3511880003874,25.9,5.6232239571229705,-0.006981210542892947,0.0
120.80000000000001,-2.3157,2.7158,9.7525,0.1802,-0.2372,0.0708,-2760.58806587013,476.0043200004884,-2822.243483372826,550.3883440004645,25.891666666666666,5.622647998469812,-0.008726646259971648,-0.09002572365885
120.9,0.6224,-0.311,9.8515,0.1087,-0.3494,0.0649,-2760.58806587013,476.0043200004884,-2823.8221522672443,552.4366319998808,25.85,5.624690033694646,-0.012216985368707191,-0.09002572365885
121.0,0.5503,-0.6779999999999999,10.3084,0.1578,-0.173,0.0552,-2760.58806587013,476.0043200004884,-2825.400821161692,554.484920000088,25.852777777777774,5.625684871368282,-0.010472081977050348,-0.1900537595985
121.10000000000001,-0.6333,1.9928,10.0955,0.0732,-0.1134,-0.027,-2760.58806587013,476.0043200004884,-2826.966054576164,556.5332080002952,25.802777777777777,5.627936346103355,-0.013962421085785893,-0.290081883798
121.2,0.8854,-1.4263,10.6478,-0.2584,0.1737,0.021,-2760.58806587013,476.0043200004884,-2828.5245702506713,558.5814960005024,25.780555555555555,5.631252471682144,-0.012216985368707191,-0.290081883798
121.30000000000001,-1.8205,0.0007,9.6784,0.0391,0.3195,-0.187,-2760.58806587013,476.0043200004884,-2830.0830859251782,560.6186520005795,25.741666666666667,5.628704290974232,-0.017453292519943295,-0.290081883798
121.4,-0.5091,1.8433,8.949,-0.1195,-0.0104,-0.0368,-2760.58806587013,476.0043200004884,-2831.63488385972,562.6558080006566,25.661111111111108,5.630467073518748,-0.027925372751664394,-0.290081883798
121.5,-0.8892,-0.3357,10.2381,0.0484,0.0552,-0.0704,-2760.58806587013,476.0043200004884,-2833.1866817942464,564.6818320006037,25.647219444444442,5.630816139369146,-0.029670283124638246,-0.390109909931
121.60000000000001,-0.7504,1.6813,9.402,0.1642,-0.0907,0.0856,-2760.58806587013,476.0043200004884,-2834.7250442488275,566.73012000002,25.58611111111111,5.63608703371017,-0.015707856802864593,-0.390109909931
121.7,-0.6939,0.3712,9.1966,-0.0591,-0.1318,-0.0582,-2760.58806587013,476.0043200004884,-2836.2499712234335,568.7895400003572,25.530555555555555,5.64177680707167,-0.005235774825814244,-0.390109909931
121.80000000000001,-1.6278,0.8690000000000001,8.6543,-0.0106,-0.002,-0.0612,-2760.58806587013,476.0043200004884,-2837.7681804581034,570.8155640003042,25.491666666666664,5.640363090377556,-0.0034903391087355443,-0.390109909931
121.9,-0.6638,-0.3089,10.5494,0.1087,-0.0974,0.1105,-2760.58806587013,476.0043200004884,-2839.2796719527637,572.8527200003814,25.40555555555555,5.6442900811945425,-0.008726646259971648,-0.390109909931
122.0,-0.86,-1.663,9.7264,0.0376,-0.2044,-0.043,-2760.58806587013,476.0043200004884,-2840.797881187434,574.8898760004585,25.363888888888887,5.640537623302754,-0.010472081977050348,-0.390109909931
122.10000000000001,-0.2047,0.9642,10.7854,-0.1544,0.1489,0.0436,-2760.58806587013,476.0043200004884,-2842.295937202134,576.9270320005355,25.319444444444446,5.6457037978886575,-0.0017454357170787011,-0.390109909931
122.2,-1.892,0.2077,10.5518,0.068,-0.246,0.0989,-2760.58806587013,476.0043200004884,-2843.780557736903,578.9530560004825,25.238888888888887,5.648374151644209,0.0,-0.390109909931
122.30000000000001,-0.018,-1.6238,9.6449,0.1257,-0.3389999999999999,0.0393,-2760.58806587013,476.0043200004884,-2845.2786137516323,581.0013439998988,25.219444444444445,5.649979854556044,0.010472081977050348,-0.49013568053449996
122.4,-1.8778,0.3798,8.9063,-0.0185,0.1297,-0.0956,-2760.58806587013,476.0043200004884,-2846.769952026337,583.0162360005068,25.147222222222222,5.645913237398897,0.013962953411207752,-0.49013568053449996
122.5,0.62,-2.8051,9.2445,-0.0958,0.2619,-0.0064,-2760.58806587013,476.0043200004884,-2848.2612903011013,585.0088640000636,25.108333333333334,5.642981084255546,0.008726646259971648,-0.49013568053449996
122.60000000000001,-0.8032,-0.9952,10.7822,-0.2537,0.3071,0.049,-2760.58806587013,476.0043200004884,-2849.7526285758504,587.0126240005413,25.013888888888886,5.639630052091717,0.006981210542892947,-0.49013568053449996
122.7,-0.3631,-0.436,10.4508,0.2034,-0.2463,0.0419,-2760.58806587013,476.0043200004884,-2851.2439668506145,589.0052520000982,24.89722222222222,5.638146522227522,0.008726646259971648,-0.390109909931
122.80000000000001,-0.3427,-1.8922,10.1399,-0.0464,-0.0324,0.0127,-2760.58806587013,476.0043200004884,-2852.7218696454033,590.9978800004458,24.880555555555553,5.643749029126424,0.013962953411207752,-0.390109909931
122.9,-0.3646,0.6577,10.5374,-0.0308,-0.0441,-0.0271,-2760.58806587013,476.0043200004884,-2854.199772440177,592.9905080000026,24.83888888888889,5.645599078133538,0.013962953411207752,-0.49013568053449996
123.0,-1.6485,0.2739,10.0811,0.0177,0.0044,-0.0253,-2760.58806587013,476.0043200004884,-2855.677675234981,594.9831360003503,24.76111111111111,5.644133001561863,0.010472081977050348,-0.390109909931
123.10000000000001,-1.4316,0.0606,10.8637,-0.0266,0.0301,0.0601,-2760.58806587013,476.0043200004884,-2857.155578029755,596.9535000004379,24.747222222222224,5.6388795605133595,0.0052363071512361034,-0.49013568053449996
123.2,0.1434,-1.5907,10.4552,-0.0766,0.2721,-0.0572,-2760.58806587013,476.0043200004884,-2858.626763084593,598.9015999994742,24.674997222222224,5.636854978581047,0.0052363071512361034,-0.390109909931
123.30000000000001,-1.1317,-0.4403,9.1972,-0.1563,0.1918,0.0123,-2760.58806587013,476.0043200004884,-2860.097948139402,600.8608320002227,24.575,5.636523366023168,0.008726646259971648,-0.390109909931
123.4,-0.7702,-1.9591,9.4206,-0.0745,0.1256,0.0342,-2760.58806587013,476.0043200004884,-2861.5624154542297,602.8423280004404,24.56111111111111,5.642405125602388,0.010472081977050348,-0.5801613159335
123.5,-0.3498,0.3509,10.1492,-0.1456,0.2986,-0.0339,-2760.58806587013,476.0043200004884,-2863.026882769073,604.7904280002678,24.480555555555554,5.637762549792083,0.010472081977050348,-0.390109909931
123.60000000000001,-0.7954,3.8349,9.8356,0.1978,-0.2902,-0.0257,-2760.58806587013,476.0043200004884,-2864.491350083916,606.7496600002253,24.391666666666666,5.6388272006358005,0.006981210542892947,-0.390109909931
123.7,0.3656,0.7109,11.4106,-0.0795,-0.0656,0.2326,-2760.58806587013,476.0043200004884,-2865.942381918784,608.7088920009737,24.383333333333333,5.639961664649596,0.0052363071512361034,-0.390109909931
123.80000000000001,-1.1656,1.4985,9.2319,0.0368,-0.1962,0.1066,-2760.58806587013,476.0043200004884,-2867.4068492336273,610.64585999988,24.308330555555557,5.636505912730647,0.0017454357170787011,-0.290081883798
123.9,0.4815,-0.1808,9.4031,0.0645,-0.0095,-0.0946,-2760.58806587013,476.0043200004884,-2868.8645988084904,612.5605640001081,24.247222222222224,5.634359157750694,0.0034908714341574023,-0.290081883798
124.0,-0.145,1.8561,9.0937,-0.0053,-0.1542,0.065,-2760.58806587013,476.0043200004884,-2870.315630643388,614.5086639999354,24.227777777777778,5.637378577356644,0.0052363071512361034,-0.290081883798
124.10000000000001,-0.2842,-0.3071,9.8355,-0.0858,0.1537,-0.0915,-2760.58806587013,476.0043200004884,-2871.7599447383054,616.4567640005538,24.202777777777776,5.641131035248433,0.0017454357170787011,-0.1900537595985
124.2,-1.1609,2.2654,10.1373,-0.0736,0.1176,0.0302,-2760.58806587013,476.0043200004884,-2873.1975410932127,618.382600000121,24.15555555555555,5.640642343057874,0.0017454357170787011,-0.09002572365885
124.30000000000001,0.0169,0.1464,10.356,-0.0295,0.114,-0.009,-2760.58806587013,476.0043200004884,-2874.6552906680904,620.3084360004791,24.13611111111111,5.636558272608208,0.0,-0.09002572365885
124.4,-0.3792,1.4427,10.5264,-0.096,0.1407,0.0011,-2760.58806587013,476.0043200004884,-2876.0928870230127,622.2342720008373,24.108333333333334,5.639333346118878,0.0017454357170787011,-0.09002572365885
124.5,-0.9995,1.2936,9.9323,0.1098,-0.1257,-0.0219,-2760.58806587013,476.0043200004884,-2877.53720111793,624.1489760002744,24.083333333333332,5.637500750404284,-0.0017454357170787011,0.0
124.60000000000001,-1.3808,-1.5322,6.2856,0.1536,-0.1447,-0.1852,-2760.58806587013,476.0043200004884,-2878.974797472867,626.0748120006326,24.09166666666667,5.637256404309005,-0.005235774825814244,0.0
124.7,1.8209,-0.5073,9.37,-0.0301,-0.1772,0.1099,-2760.58806587013,476.0043200004884,-2880.4123938277894,627.9895160000697,24.063888888888886,5.6376054701594045,-0.0017454357170787011,0.0
124.80000000000001,-1.3558,1.284,9.9934,-0.2489,0.0973,0.2087,-2760.58806587013,476.0043200004884,-2881.8499901827267,629.9042200002978,24.041666666666664,5.636942245043646,-0.0017454357170787011,0.0
124.9,0.5196,1.1134,8.9618,-0.0956,-0.0541,0.1925,-2760.58806587013,476.0043200004884,-2883.2808687976985,631.8411880007861,23.958333333333332,5.64189898011931,0.0017454357170787011,0.09002572365885
125.0,0.207,0.6808,10.5118,0.1319,-0.1175,-0.123,-2760.58806587013,476.0043200004884,-2884.70502967266,633.7892880006134,24.008333333333333,5.643836295589024,0.0034908714341574023,0.1900514060025
125.10000000000001,-0.3158,2.5422,8.8201,0.0175,-0.1087,0.1404,-2760.58806587013,476.0043200004884,-2886.1560615075578,635.6928599999205,24.041666666666664,5.6376578300369635,0.0,0.09002572365885
125.2,0.242,2.2519,10.1207,0.0133,-0.0724,0.1534,-2760.58806587013,476.0043200004884,-2887.59365786248,637.5964320008095,24.063888888888886,5.639525332336597,0.0,0.09002572365885
125.30000000000001,-3.8419,-1.2818,7.8644,0.0621,0.0064,-0.1881,-2760.58806587013,476.0043200004884,-2889.0178187374718,639.5111360010376,24.08888888888889,5.6421433262145895,0.0,0.1900514060025
125.4,-1.8126,-0.0646,8.1059,0.0131,0.0634,-0.3686,-2760.58806587013,476.0043200004884,-2890.462132832359,641.4481039999439,24.08611111111111,5.6397522251393575,-0.0017454357170787011,0.1900514060025
125.5,-0.5394,0.1722,11.5361,0.1569,0.0977,-0.2878,-2760.58806587013,476.0043200004884,-2891.899729187296,643.3516760000418,24.09444444444444,5.637099324676326,-0.0017454357170787011,0.290079530202
125.60000000000001,0.7333,0.3866,9.4259,-0.1682,0.0062,0.2142,-2760.58806587013,476.0043200004884,-2893.3440432822285,645.2775120004001,24.108333333333334,5.63886210722084,0.0052363071512361034,0.1900514060025
125.7,1.0209,0.6086,10.9743,-0.1949,0.2266,0.0403,-2760.58806587013,476.0043200004884,-2894.781639637136,647.2033479999673,24.116666666666664,5.637675283329483,0.010472081977050348,0.290079530202
125.80000000000001,-3.0138,1.8649,8.8671,0.018,0.1784,-0.1791,-2760.58806587013,476.0043200004884,-2896.219235992088,649.1291840003254,24.105555555555554,5.639089000023599,0.010472081977050348,0.09002572365885
125.9,0.9128,3.3928,9.7132,-0.1408,0.1636,0.0473,-2760.58806587013,476.0043200004884,-2897.6635500869907,651.0661520000226,24.130555555555556,5.642073513044509,0.013962953411207752,0.0
126.0,0.6343,-1.1076,10.6204,-0.209,0.2362,-0.073,-2899.9811703788173,655.6748000000935,-2899.107864181923,652.9697240001207,24.09166666666667,5.637675283329483,0.017453292519943295,0.0
126.10000000000001,0.2883,1.4997,10.4236,-0.009,-0.0765,-0.0849,-2899.9811703788173,655.6748000000935,-2900.54546053683,654.8844280003487,24.04722222222222,5.637308764186566,0.031416240695163286,0.0
126.2,-0.3438,0.3073,10.2086,0.1284,-0.0269,0.0918,-2899.9811703788173,655.6748000000935,-2901.9964923717275,656.7991320005768,24.03611111111111,5.63266618837626,0.03839745298338549,-0.09002572365885
126.30000000000001,-0.4564,0.8440000000000001,9.7438,-0.1902,0.0172,-0.0543,-2899.9811703788173,655.6748000000935,-2903.4542419465756,658.7027039998839,24.011108333333336,5.630676513028987,0.04014288695513494,-0.09002572365885
126.4,-0.4582,0.2991,9.6124,-0.0012,0.0641,-0.0195,-2899.9811703788173,655.6748000000935,-2904.9119915214387,660.6062759999818,23.961108333333332,5.628041065858476,0.04014288695513494,0.0
126.5,1.2661,1.669,9.3488,0.2519,-0.2408,0.0177,-2899.9811703788173,655.6748000000935,-2906.376458836297,662.4987159999498,23.95277777777778,5.6255626983206435,0.04014288695513494,-0.09002572365885
126.60000000000001,0.1998,-0.9466,10.4969,-0.0088,-0.1775,0.1026,-2899.9811703788173,655.6748000000935,-2907.840926151125,664.4022880008388,23.94166388888889,5.621653160796176,0.04188779732810879,-0.09002572365885
126.7,1.3837,0.4426,10.1668,0.0061,0.0981,-0.0072,-2899.9811703788173,655.6748000000935,-2909.312111205934,666.2947280008066,23.900000000000002,5.619279513013463,0.03839745298338549,-0.09002572365885
126.80000000000001,0.1159999999999999,1.4662,9.3849,-0.0286,0.0502,-0.0069,-2899.9811703788173,655.6748000000935,-2910.7900140007073,668.1537720003843,23.916666666666664,5.615352522196476,0.031416240695163286,0.0
126.9,0.654,1.2468,9.2672,0.0606,-0.1085,0.0939,-2899.9811703788173,655.6748000000935,-2912.288070015452,669.9905520004927,23.924999999999997,5.6082839387259,0.026179938779914945,0.0
127.0,-0.0383,-1.5748,11.3676,-0.1429,0.0244,0.1826,-2899.9811703788173,655.6748000000935,-2913.7794082901714,671.8384639999402,23.863888888888887,5.604234774861272,0.026179938779914945,0.09002572365885
127.10000000000001,0.0198,0.7942,8.4592,0.0355,0.0981,-0.1234,-2899.9811703788173,655.6748000000935,-2915.2774643049156,673.6752440000487,23.852777777777778,5.60200075341872,0.024434504808165492,0.09002572365885
127.2,-0.5204,-0.4864,9.0146,0.1382,-0.0525,-0.0646,-2899.9811703788173,655.6748000000935,-2916.775520319615,675.5342880004173,23.90833333333333,5.6019833001262,0.024434504808165492,0.09002572365885
127.30000000000001,0.6215,1.0037,9.2969,0.0461,-0.0138,-0.0025,-2899.9811703788173,655.6748000000935,-2918.28029407434,677.3599360003957,23.93611111111111,5.597148738098175,0.02268959443519164,0.09002572365885
127.4,0.8569,0.8114,10.7302,-0.0811,-0.0057,0.0557,-2899.9811703788173,655.6748000000935,-2919.7917855690152,679.196716000504,23.880555555555556,5.593762799349307,0.020944160463442194,0.290079530202
127.5,2.8088,1.5648,10.6172,0.0461,-0.0069999999999999,-0.0511,-2899.9811703788173,655.6748000000935,-2921.309994803626,681.0334960006126,23.894444444444442,5.590307047430358,0.02268959443519164,0.290079530202
127.60000000000001,-0.9417,-0.8637,9.5398,0.0537,-0.0851,0.0008,-2899.9811703788173,655.6748000000935,-2922.834921778276,682.87027599993,23.944444444444446,5.58943438280436,0.02268959443519164,0.1900514060025
127.7,1.7584,-1.1532,10.835,-0.1308,0.0301,0.0542,-2899.9811703788173,655.6748000000935,-2924.359848752867,684.7070560000384,23.955555555555552,5.588858424151202,0.02268959443519164,0.1900514060025
127.80000000000001,-0.0292,-1.7059,9.4678,0.2886,-0.156,-0.0459,-2899.9811703788173,655.6748000000935,-2925.8847757275175,686.5327040000168,23.95277777777778,5.588474451715764,0.019198726491692745,0.290079530202
127.9,0.3717,0.3536,9.826,0.0978,0.0374,-0.0939,-2899.9811703788173,655.6748000000935,-2927.416420442133,688.3806159994642,23.991666666666667,5.5884569984232435,0.019198726491692745,0.1900514060025
128.0,-0.9249,-0.0764,10.0378,-0.1083,-0.0863,0.1025,-2899.9811703788173,655.6748000000935,-2928.9547828966997,690.2062640002337,23.980555555555554,5.5834304501775,0.017453292519943295,0.1900514060025
128.1,0.3862,3.0955,9.9287,-0.0713,-0.0246,0.143,-2899.9811703788173,655.6748000000935,-2930.4864276113003,692.0653080006023,23.958333333333332,5.5861182572255705,0.019198726491692745,0.09002572365885
128.20000000000002,0.4694,0.5728,8.5933,0.2342,-0.2118,-0.0963,-2899.9811703788173,655.6748000000935,-2932.0180723259014,693.9020879999197,23.95,5.585856457837772,0.020944160463442194,0.0
128.3,0.573,-0.1137,10.3528,0.0345,0.2287,-0.075,-2899.9811703788173,655.6748000000935,-2933.5564347804975,695.7500000001583,23.944444444444446,5.585297952477134,0.024434504808165492,0.0
128.4,-0.509,0.0243,10.0833,-0.1333,0.1488,0.0499,-2899.9811703788173,655.6748000000935,-2935.101514975044,697.5867800002666,23.93888888888889,5.581510588000307,0.02268959443519164,0.0
128.5,-0.7164,-0.1819,10.6579,0.0047,0.0426,0.0046,-2899.9811703788173,655.6748000000935,-2936.6465951695604,699.4012960001148,23.902777777777775,5.576972731945121,0.019198726491692745,0.0
128.6,-0.5171,-0.4148,10.1127,0.0152,0.0381,0.0406,-2899.9811703788173,655.6748000000935,-2938.2051108440974,701.1712840010248,23.88611111111111,5.569712162256824,0.019198726491692745,0.0
128.70000000000002,1.5495,0.2271,9.6307,-0.0912,0.0877,-0.0163,-2899.9811703788173,655.6748000000935,-2939.78377973853,702.9412720003527,23.90833333333333,5.562451592568528,0.013962953411207752,0.0
128.8,-1.8989,-0.4332,10.7422,-0.0879,0.2586,-0.1408,-2899.9811703788173,655.6748000000935,-2941.349013152988,704.7112600004715,23.913888888888888,5.562434139276008,0.01221751769412905,0.09002572365885
128.9,-0.6465,0.7737,10.7049,0.1627,-0.0293,-0.0783,-2899.9811703788173,655.6748000000935,-2942.920964307485,706.4812480005903,23.93611111111111,5.55878640113934,0.010472081977050348,0.09002572365885
129.0,1.4973,2.3465,10.3654,-0.268,0.251,-0.0151,-2899.9811703788173,655.6748000000935,-2944.479479981992,708.2846320003085,23.88888888888889,5.564109655357923,0.01221751769412905,0.09002572365885
129.1,1.5174,2.5328,9.9183,0.1132,-0.1799,-0.0271,-2899.9811703788173,655.6748000000935,-2946.0581488764246,710.0546200004273,23.90833333333333,5.555243382757792,0.008726646259971648,0.1900514060025
129.20000000000002,0.47,-0.0394,9.9122,-0.0199,-0.0646,-0.0082,-2899.9811703788173,655.6748000000935,-2947.630100030892,711.8580040001456,23.93611111111111,5.561753460867731,0.0017454357170787011,0.1900514060025
129.3,-0.2841,1.3129,9.9468,0.0596,-0.0292,0.0025,-2899.9811703788173,655.6748000000935,-2949.2020511853448,713.6502560005247,23.97222222222222,5.560392104051174,-0.0017454357170787011,0.1900514060025
129.4,-0.0664,-0.747,10.9417,-0.0341,0.1616,0.0089,-2899.9811703788173,655.6748000000935,-2950.7807200797774,715.4313760007735,23.94722222222222,5.559292546622419,0.0,0.290079530202
129.5,0.7278,-0.3869,10.1023,0.0481,-0.2061,-0.0204,-2899.9811703788173,655.6748000000935,-2952.352671234215,717.2124959994405,23.944444444444446,5.557931189805863,0.0,0.290079530202
129.6,-0.3943,-1.4556,10.0433,0.0905,-0.1554,0.0634,-2899.9811703788173,655.6748000000935,-2953.9313401286777,719.0270120008709,23.975,5.562695938663807,0.0017454357170787011,0.1900514060025
129.70000000000002,-0.7961,-0.2917,9.5849,-0.0776,-0.0696,0.0135,-2899.9811703788173,655.6748000000935,-2955.5100090231404,720.8192640004588,24.0,5.559693972350377,0.0017454357170787011,0.1900514060025
129.8,0.336,1.516,9.0664,-0.0031,-0.0591,0.0664,-2899.9811703788173,655.6748000000935,-2957.0886779175285,722.6003839999169,23.988888888888887,5.559257640037378,0.0017454357170787011,0.1900514060025
129.9,-1.3421,0.2593,9.7342,0.1925,-0.2585,-0.0409999999999999,-2899.9811703788173,655.6748000000935,-2958.667346811976,724.403768000426,23.994444444444444,5.559205280159818,0.0034908714341574023,0.09002572365885
130.0,-1.1769,0.4971,10.0587,0.1057,0.0164,-0.062,-2899.9811703788173,655.6748000000935,-2960.246015706409,726.2071519993532,23.969444444444445,5.5608109830716534,0.0052363071512361034,0.0
130.1,1.9152,0.6986,10.5794,0.0235,-0.0166,-0.0774,-2899.9811703788173,655.6748000000935,-2961.8246846008565,727.9994040005232,23.96388888888889,5.561945447085449,0.006981210542892947,0.0
130.20000000000002,1.3829,-1.2049,11.0196,0.0253,-0.2442,0.1689,-2899.9811703788173,655.6748000000935,-2963.4033534952896,729.7805239999811,24.008333333333333,5.560531730391335,0.0017454357170787011,0.0
130.3,-1.0352,-0.361,7.7983,-0.1223,0.1586,0.1592,-2899.9811703788173,655.6748000000935,-2964.975304649727,731.5839080004903,23.97222222222222,5.5622246997657685,0.0017454357170787011,0.0
130.4,-0.5589,-0.2545,10.6033,-0.0557,0.1626,-0.0594,-2899.9811703788173,655.6748000000935,-2966.55397354419,733.3427640004791,23.905555555555555,5.555417915682991,0.008726646259971648,0.0
130.5,0.4088,-1.0238,10.0945,0.1177,-0.1765,0.0537,-2899.9811703788173,655.6748000000935,-2968.132642438652,735.1350160000673,23.89166388888889,5.558891120894459,0.013962953411207752,0.0
130.6,-0.2104,-0.642,10.1361,-0.0526,-0.0289,-0.0521,-2899.9811703788173,655.6748000000935,-2969.71131133304,736.9050040001861,23.866666666666667,5.554754690567234,0.017453292519943295,0.0
130.70000000000002,-0.1575,0.4071,10.8847,0.0944,0.0068,-0.1225,-2899.9811703788173,655.6748000000935,-2971.2832624875077,738.7083879999043,23.86111111111111,5.5621723398882095,0.019198726491692745,0.0
130.8,-0.3927,1.3905,10.5081,-0.0302,0.0579999999999999,-0.0133,-2899.9811703788173,655.6748000000935,-2972.8619313819554,740.4672439998931,23.866666666666667,5.5564127533566285,0.010472081977050348,0.0
130.9,-0.9339,0.5719,10.0057,-0.079,0.0342,-0.0483,-2899.9811703788173,655.6748000000935,-2974.4473180163686,742.259495999481,23.866666666666667,5.556849085669627,0.013962953411207752,0.0
131.0,1.2843,-0.1794,9.3899,0.0561,0.0376,0.0064,-2899.9811703788173,655.6748000000935,-2976.0192691708357,744.040616000521,23.855555555555554,5.557459950907825,0.015707856802864593,0.0
131.1,0.2155,1.5677,9.5065,0.1185,-0.1606,0.0779,-2899.9811703788173,655.6748000000935,-2977.597938065224,745.7994720005098,23.841666666666665,5.551857444008923,0.019198726491692745,0.09002572365885
131.20000000000002,-0.2766,0.6746,10.2146,0.0019,-0.1192,0.0324,-2899.9811703788173,655.6748000000935,-2979.183324699682,747.5694600006286,23.872219444444447,5.551421111695923,0.026179938779914945,0.0
131.3,-0.5489,-0.4138,9.8023,-0.119,0.284,0.0556,-2899.9811703788173,655.6748000000935,-2980.7619935940847,749.3394479999565,23.82777777777778,5.551421111695923,0.026179938779914945,0.09002572365885
131.4,0.342,1.4948,9.0919,-0.0155,0.0605,-0.0981,-2899.9811703788173,655.6748000000935,-2982.354097968508,751.1205680002056,23.81388888888889,5.550949872797886,0.029670806723413844,0.09002572365885
131.5,-0.8452,1.8839,9.8564,0.0579,0.0072,-0.0816,-2899.9811703788173,655.6748000000935,-2983.9529200828665,752.8682920000642,23.866666666666667,5.54665636283798,0.047124099243357136,0.0
131.6,2.5738,0.7979,9.0431,0.0449,0.0044,-0.1061,-2899.9811703788173,655.6748000000935,-2985.54502445726,754.627148000053,23.84722222222222,5.545923324552142,0.059341089848052093,0.0
131.70000000000002,-0.1483,1.1132,10.1154,-0.0029,-0.0685,0.0149,-2899.9811703788173,655.6748000000935,-2987.157282051564,756.3748719999116,23.816666666666666,5.537458477679969,0.050614443588080434,0.09002572365885
131.8,0.7015,2.1688,8.9034,0.0235,0.0313,-0.0809,-2899.9811703788173,655.6748000000935,-2988.7829751258287,758.1114640004313,23.82777777777778,5.530145548114113,0.047124099243357136,0.0
131.9,0.7282,-0.0636,11.0501,-0.0025,0.2475,-0.1535,-2899.9811703788173,655.6748000000935,-2990.4086682001084,759.8369240000297,23.825,5.527475194358562,0.04014288695513494,0.0
132.0,3.6956,1.9535,9.9679,-0.2019,0.239,0.0004,-2899.9811703788173,655.6748000000935,-2992.0410790143383,761.5512520002892,23.805555555555557,5.522902431718337,0.04014288695513494,0.09002572365885
132.1,-0.1972,-0.4032,8.7023,-0.182,0.0524,0.066,-2899.9811703788173,655.6748000000935,-2993.680207568578,763.2544480004185,23.81388888888889,5.51874854809859,0.03490658503988659,0.09002572365885
132.20000000000002,0.4257,0.4157,8.6353,0.122,0.2229,-0.1127,-2899.9811703788173,655.6748000000935,-2995.3260538627687,764.9576440013388,23.84722222222222,5.515641862030041,0.031416240695163286,0.09002572365885
132.3,-1.3866,-2.1055,9.0738,0.0253,0.0828,-0.091,-2899.9811703788173,655.6748000000935,-2996.9786178969543,766.649708000547,23.81111111111111,5.509969541961058,0.026179938779914945,0.1900514060025
132.4,3.4069,0.5801,11.3602,-0.308,0.2441,0.1839,-2899.9811703788173,655.6748000000935,-2998.6378996711055,768.3640360008064,23.766666666666666,5.510423327566577,0.020944160463442194,0.1900514060025
132.5,0.9224,1.8192,9.3108,0.161,-0.1809,0.1046,-2899.9811703788173,655.6748000000935,-3000.2971814452417,770.0672320001447,23.805555555555557,5.508643091729543,0.02268959443519164,0.09002572365885
132.6,1.8437,-0.9953,10.1749,0.0459,-0.0598,0.0016,-2899.9811703788173,655.6748000000935,-3001.9631809593875,771.7370319998838,23.8,5.503895796164119,0.017453292519943295,0.0
132.70000000000002,0.2405,1.8932,9.2087,0.1235,-0.1604,0.0419,-2899.9811703788173,655.6748000000935,-3003.629180473504,773.429095999883,23.805555555555557,5.502743878857802,0.017453292519943295,0.0
132.8,0.7224,-0.1081,9.5742,-0.0141,0.0159,-0.0927,-2899.9811703788173,655.6748000000935,-3005.288462247655,775.1100280005431,23.788888888888888,5.5039481560416785,0.019198726491692745,0.0
132.9,0.6349,0.2466,10.6172,0.1444,-0.158,-0.0162,-2899.9811703788173,655.6748000000935,-3006.9611795017513,776.8132239998815,23.772222222222222,5.504209955429477,0.019198726491692745,0.0
133.0,-0.9344,-1.0502,10.5145,0.0306,-0.0761,0.0536,-2899.9811703788173,655.6748000000935,-3008.640614495813,778.4607600001514,23.722222222222225,5.493545993699792,0.020944160463442194,0.0
133.1,1.6166,2.3421,9.4314,0.0566,-0.2576,0.1026,-2899.9811703788173,655.6748000000935,-3010.3066140099745,780.1528240001505,23.691666666666666,5.499846632299492,0.026179938779914945,0.0
133.20000000000002,1.5902,-0.0721,10.1434,0.276,-0.188,-0.0402,-2899.9811703788173,655.6748000000935,-3011.986049004051,781.8114920005505,23.733330555555558,5.494069592475391,0.02268959443519164,0.0
133.3,1.9741,-0.0431,9.6244,-0.0646,0.1712,-0.1297,-2899.9811703788173,655.6748000000935,-3013.6520485181827,783.4812920002895,23.702777777777776,5.496862119278581,0.02268959443519164,0.0
133.4,0.2636,2.0269,10.9954,-0.0256,0.0293,0.0623,-2899.9811703788173,655.6748000000935,-3015.3382012522397,785.1399599998985,23.702777777777776,5.490631293848961,0.019198726491692745,0.0
133.5,-0.2292,-0.9962,9.2543,-0.0906,-0.1092,0.1417,-2899.9811703788173,655.6748000000935,-3017.017636246316,786.7986280002983,23.708333333333332,5.4888336047194075,0.013962953411207752,0.09002572365885
133.6,-1.057,-1.4034,9.0726,0.2389,-0.2103,-0.1495,-2899.9811703788173,655.6748000000935,-3018.697071240408,788.4572959999073,23.719444444444445,5.490090241780844,0.019198726491692745,0.09002572365885
133.70000000000002,2.1941,-1.068,10.0723,-0.0204,0.1963,-0.1679,-2899.9811703788173,655.6748000000935,-3020.3899417144453,790.082567999917,23.730555555555558,5.481171609303152,0.020944160463442194,0.1900514060025
133.8,1.7432,1.2252,10.0332,-0.1007,0.1158,0.1115,-2899.9811703788173,655.6748000000935,-3022.082812188468,791.7412360011078,23.73611111111111,5.4841037624465026,0.01221751769412905,0.1900514060025
133.9,-0.2149,0.4011,9.3112,0.0311,0.0008,-0.0768,-2899.9811703788173,655.6748000000935,-3023.7689649225395,793.3999039999259,23.75,5.486320330596536,0.0052363071512361034,0.290079530202
134.0,0.3955,0.2736,10.0952,0.0141,0.0854,0.0273,-2899.9811703788173,655.6748000000935,-3025.4752708765072,795.0474400001957,23.741666666666667,5.480944716500393,0.008726646259971648,0.290079530202
134.1,0.3296,-0.8137,9.1099,0.0137,-0.0381,-0.0635,-2899.9811703788173,655.6748000000935,-3027.174859090525,796.6838440003355,23.758333333333333,5.480613103942514,0.01221751769412905,0.1900514060025
134.20000000000002,-0.3165,0.2766,9.4947,0.0901,-0.1182,-0.0555,-2899.9811703788173,655.6748000000935,-3028.881165044493,798.3202480004752,23.788888888888888,5.4786932417653205,0.010472081977050348,0.0
134.3,1.2176,0.3147,9.54,0.0565,-0.1578,-0.0702,-2899.9811703788173,655.6748000000935,-3030.580753258511,799.9566520006149,23.755555555555553,5.478379082499961,0.0034908714341574023,0.09002572365885
134.4,-0.6056,-0.8649,10.7091,-0.1484,0.1519,-0.0267,-2899.9811703788173,655.6748000000935,-3032.287059212508,801.5930559999638,23.708333333333332,5.476197420934968,0.0,0.0
134.5,2.0083,2.1149,9.486,0.135,-0.062,-0.0246,-2899.9811703788173,655.6748000000935,-3033.9866474265114,803.2628560004937,23.680555555555554,5.480490930894875,0.0,0.0
134.6,0.7517,-0.4256,10.0547,-0.0771,0.1587,-0.0032,-2899.9811703788173,655.6748000000935,-3035.6862356405286,804.8992600006335,23.708333333333332,5.479147027370839,0.0017454357170787011,0.0
134.70000000000002,0.3243,0.6734,9.4189,0.0253,-0.1506,0.0153,-2899.9811703788173,655.6748000000935,-3037.379106114566,806.5467960001124,23.68888888888889,5.480211678214555,0.0034908714341574023,-0.09002572365885
134.8,-1.0333,-1.1005,9.8589,0.139,-0.171,0.0846,-2899.9811703788173,655.6748000000935,-3039.0719765885883,808.1832000002521,23.658333333333335,5.481258875765752,0.0034908714341574023,0.0
134.9,-1.0313,-0.2386,10.154,-0.0314,-0.0898,-0.0043,-2899.9811703788173,655.6748000000935,-3040.7648470626254,809.8307360005219,23.65,5.480264038092114,0.0034908714341574023,0.0
135.0,-0.7102,-2.1695,10.3922,-0.2447,0.266,-0.0474,-3044.4125798697805,813.3039199999791,-3042.464435276628,811.4448760004016,23.605555555555558,5.4751327700912515,0.0052363071512361034,0.0
135.1,0.9162,1.3098,9.827,-0.015,0.0892,-0.0787,-3044.4125798697805,813.3039199999791,-3044.1573057506803,813.0924119998804,23.580555555555556,5.478187096282242,0.013962953411207752,0.0
135.20000000000002,0.9692,1.4393,9.5857,-0.2409,0.1926,0.0127,-3044.4125798697805,813.3039199999791,-3045.850176224688,814.71768399989,23.616666666666664,5.479077214200759,0.019198726491692745,0.0
135.3,1.0242,1.4734,9.7623,0.1202,0.0217,-0.0277,-3044.4125798697805,813.3039199999791,-3047.543046698725,816.3540880008208,23.61388611111111,5.4785885220102,0.02268959443519164,0.0
135.4,-0.1317,-0.6859,10.3804,0.0522,0.1369999999999999,-0.1895,-3044.4125798697805,813.3039199999791,-3049.2359171727776,817.9793600000394,23.575,5.477401698118844,0.02268959443519164,0.0
135.5,0.9229,-0.7137,9.1028,-0.0548,0.0238,-0.0361,-3044.4125798697805,813.3039199999791,-3050.93550538678,819.5823680005799,23.55277777777778,5.471537391832143,0.017453292519943295,0.0
135.6,-0.2751,1.198,9.5928,-0.0071,0.04,0.0818,-3044.4125798697805,813.3039199999791,-3052.648529080743,821.1742440009903,23.563888888888886,5.465149486769844,0.008726646259971648,0.0
135.70000000000002,1.8543,0.7008,11.1199,-0.0524,-0.0108,0.0096,-3044.4125798697805,813.3039199999791,-3054.348117294731,822.799516000209,23.56111111111111,5.471345405614424,0.010472081977050348,0.0
135.8,1.5447,0.1946,10.7356,-0.1561,0.1329,-0.0234,-3044.4125798697805,813.3039199999791,-3056.054423248728,824.4136560000885,23.519444444444446,5.4675754944301165,0.013962953411207752,0.09002572365885
135.9,1.41,2.0976,8.3032,0.0061,0.0621,-0.1083,-3044.4125798697805,813.3039199999791,-3057.754011462746,826.0500600002283,23.530555555555555,5.472095897192782,0.01221751769412905,0.0
136.0,-0.5511,-0.3777,9.5412,-0.165,0.1471,-0.0522,-3044.4125798697805,813.3039199999791,-3059.4468819367685,827.6753320002379,23.566666666666666,5.473596880349497,0.013962953411207752,0.0
136.1,0.2796,-0.659,10.2233,0.1028,0.0191,0.0477,-3044.4125798697805,813.3039199999791,-3061.166623370712,829.2672080006482,23.519444444444446,5.461938080946175,0.010472081977050348,0.0
136.20000000000002,-0.3315,0.6359,9.7196,0.0133,0.0809,0.0211,-3044.4125798697805,813.3039199999791,-3062.8729293246947,830.8590840010586,23.480555555555554,5.462775838987132,0.015707856802864593,0.09002572365885
136.3,0.6372,0.4855,9.5076,-0.1377,0.0815,0.0568,-3044.4125798697805,813.3039199999791,-3064.5792352786925,832.4732240001472,23.516666666666666,5.4649924071371645,0.017453292519943295,0.0
136.4,-0.3718,-0.6958,9.5515,0.0298,-0.0441,0.0702,-3044.4125798697805,813.3039199999791,-3066.2855412326753,834.0873640000268,23.524997222222225,5.466249044198601,0.019198726491692745,0.09002572365885
136.5,0.565,0.0585,9.4195,-0.0795,0.147,-0.0712,-3044.4125798697805,813.3039199999791,-3068.005282666634,835.6792400012282,23.51388888888889,5.461047963027657,0.013962953411207752,0.09002572365885
136.6,1.0374,2.0014,11.1818,0.1289,-0.152,0.0235,-3044.4125798697805,813.3039199999791,-3069.7183063605667,837.2822480001867,23.502777777777776,5.46350887727297,0.013962953411207752,0.09002572365885
136.70000000000002,0.6766,-1.1975,11.1349,-0.0029,-0.1689999999999999,0.2332,-3044.4125798697805,813.3039199999791,-3071.43804779451,838.8629920004669,23.516666666666666,5.458639408659906,0.013962953411207752,0.09002572365885
136.8,1.1499,2.2291,10.0409,0.183,-0.2289,0.0885,-3044.4125798697805,813.3039199999791,-3073.1577892284386,840.4548680000863,23.499999999999996,5.456527560264993,0.013962953411207752,0.09002572365885
136.9,-0.3637,-1.3828,9.5492,0.1629,-0.1289,-0.1393,-3044.4125798697805,813.3039199999791,-3074.870812922402,842.0690079999658,23.522222222222222,5.463718316783209,0.01221751769412905,0.0
137.0,-0.6876,3.2653,9.0595,0.0611,-0.1804,0.0167,-3044.4125798697805,813.3039199999791,-3076.5905543563454,843.6608840003762,23.541666666666668,5.459424806823303,0.010472081977050348,0.09002572365885
137.1,1.3174,-0.4744,9.7543,0.1466,-0.1225,0.1119,-3044.4125798697805,813.3039199999791,-3078.3170135302685,845.2193640003964,23.53333333333333,5.449563696549535,0.019198726491692745,0.1900514060025
137.20000000000002,-0.7027,0.25,9.7658,0.0212,-0.1308,0.0145,-3044.4125798697805,813.3039199999791,-3080.0501904441576,846.8112400008067,23.51111111111111,5.451832624577127,0.04188779732810879,0.1900514060025
137.3,-0.892,-0.8495,8.499,0.148,-0.1404,-0.0457,-3044.4125798697805,813.3039199999791,-3081.8035205779724,848.3474560005666,23.51388888888889,5.441081396384842,0.05235987755982989,0.1900514060025
137.4,0.6712,1.6281,10.5034,0.2038,0.1182,-0.1043,-3044.4125798697805,813.3039199999791,-3083.5501329718068,849.9059360005867,23.52777777777778,5.439754946153327,0.05235987755982989,0.09002572365885
137.5,1.0653,1.1796,9.2024,-0.1985,-0.0776,0.0063,-3044.4125798697805,813.3039199999791,-3085.3168985855973,851.4310200002166,23.519444444444446,5.431080659770915,0.04188779732810879,0.09002572365885
137.6,-0.3848,1.4945,10.2294,-0.2209,0.3429,-0.0071,-3044.4125798697805,813.3039199999791,-3087.076946459392,852.9783680001066,23.483333333333334,5.432668909390229,0.027925372751664394,0.0
137.70000000000002,0.2472,1.7663,9.1111,0.0576,0.1352,-0.0868,-3044.4125798697805,813.3039199999791,-3088.8302765932067,854.5257159999966,23.477777777777778,5.4328608956079485,0.020944160463442194,0.0
137.8,1.7972,-0.7806,10.793,0.0028,0.1995,-0.1209,-3044.4125798697805,813.3039199999791,-3090.597042206952,856.0619320005475,23.483333333333334,5.428968811376002,0.02268959443519164,-0.09002572365885
137.9,0.2252,-1.1632,9.0962,-0.1716,0.1171,0.0526,-3044.4125798697805,813.3039199999791,-3092.357090080792,857.5870160001773,23.441666666666666,5.4285150257704835,0.02268959443519164,-0.09002572365885
138.0,-0.7240000000000001,-0.3015,9.2278,-0.1208,0.1023,0.0205,-3044.4125798697805,813.3039199999791,-3094.1238556945523,859.112100000598,23.38888888888889,5.4233663044771,0.020944160463442194,-0.1900537595985
138.1,-0.6689,0.5791,9.4916,-0.0239,0.1719,0.0027,-3044.4125798697805,813.3039199999791,-3095.8839035683623,860.6260520000978,23.366666666666667,5.42032943157863,0.02268959443519164,-0.1900537595985
138.20000000000002,-0.4556,0.3598,10.2696,0.0411,-0.1071,0.0705,-3044.4125798697805,813.3039199999791,-3097.664104662083,862.1288720002585,23.297222222222224,5.416576973686841,0.02268959443519164,-0.1900537595985
138.3,-0.3958,-0.6306,10.517,0.062,0.0745,0.0012,-3044.4125798697805,813.3039199999791,-3099.4308702758435,863.6316920004191,23.252777777777776,5.4153028833328865,0.019198726491692745,-0.1900537595985
138.4,0.6516,1.1111,8.4492,0.0532,-0.0885,0.0989,-3044.4125798697805,813.3039199999791,-3101.1976358896336,865.1233800004496,23.241666666666667,5.4150585372376066,0.015707856802864593,-0.1900537595985
138.5,-0.5699,0.792,8.9284,-0.0321,0.0186,0.0081,-3044.4125798697805,813.3039199999791,-3102.9576837634136,866.6262000006102,23.238888888888887,5.417135479047481,0.019198726491692745,-0.1900537595985
138.6,0.5017,0.8217,10.7543,0.0331,-0.0917,0.0139,-3044.4125798697805,813.3039199999791,-3104.731167117154,868.1067560005107,23.18611111111111,5.410712667400142,0.010472081977050348,-0.09002572365885
138.70000000000002,-1.7663,-0.4609,10.6776,0.0462,0.1397,-0.0014,-3044.4125798697805,813.3039199999791,-3106.4912149909787,869.5873120004112,23.116666666666667,5.410171615332023,0.010472081977050348,-0.09002572365885
138.8,1.257,0.2065,9.639,-0.114,-0.0036,0.0324,-3044.4125798697805,813.3039199999791,-3108.2579806047243,871.1012639999109,23.133333333333333,5.411672598488737,0.017453292519943295,-0.09002572365885
138.9,1.3,-0.2063,9.4833,0.1023,-0.0997,0.025,-3044.4125798697805,813.3039199999791,-3110.0247462184993,872.5706880004723,23.147222222222222,5.41083484044778,0.017453292519943295,-0.09002572365885
139.0,-1.5761,-0.7057,9.2768,-0.0773,0.15,-0.0049,-3044.4125798697805,813.3039199999791,-3111.7847940922948,874.0623760005028,23.08888888888889,5.41118390629818,0.019198726491692745,-0.09002572365885
139.1,-1.7472,-0.4627,9.1509,0.1632,-0.1318,-0.11,-3044.4125798697805,813.3039199999791,-3113.538124226139,875.5317999994821,23.04722222222222,5.408740445345388,0.024434504808165492,-0.09002572365885
139.20000000000002,0.7178,1.6795,10.309,0.1379,0.1833,-0.0885,-3044.4125798697805,813.3039199999791,-3115.3048898398997,877.0123560001736,23.022222222222222,5.405686119154398,0.031416240695163286,0.0
139.3,2.014,0.7911,9.9056,-0.1744,-0.11,0.1669999999999999,-3044.4125798697805,813.3039199999791,-3117.078373193655,878.4817799999439,23.02777777777778,5.4029634055212865,0.031416240695163286,0.0
139.4,0.4581,-0.1137,10.7281,-0.1456,0.1979,0.0971,-3044.4125798697805,813.3039199999791,-3118.8518565474105,879.9400720003752,23.03611111111111,5.400973730174012,0.024434504808165492,0.0
139.5,0.6897,1.409,9.2561,-0.0637,0.1343,-0.143,-3044.4125798697805,813.3039199999791,-3120.625339901181,881.3872319998853,23.025,5.399298214092099,0.02268959443519164,0.09002572365885
139.6,0.3321,-0.5326,11.0284,-0.1384,0.0672,0.0204,-3044.4125798697805,813.3039199999791,-3122.398823254892,882.8343920009775,23.033333333333335,5.39559811607787,0.017453292519943295,0.09002572365885
139.70000000000002,1.1703,0.4775,10.4234,0.0345,0.1615,0.1334,-3044.4125798697805,813.3039199999791,-3124.185742088593,884.2704200003575,23.052777777777777,5.393940053288476,0.017453292519943295,0.1900514060025
139.8,0.5885,-1.2239,10.7381,-0.0482,-0.0061,-0.0356,-3044.4125798697805,813.3039199999791,-3125.9726609222935,885.6953160003985,23.066666666666666,5.387464881763577,0.017453292519943295,0.1900514060025
139.9,-2.201,-0.1841,8.908,0.0099,0.0809,-0.0118,-3044.4125798697805,813.3039199999791,-3127.7595797560098,887.1313440005696,23.075,5.38957673015849,0.019198726491692745,0.290079530202
140.0,2.6031,-0.6036,10.2464,-0.1018,0.1265,0.0867,-3044.4125798697805,813.3039199999791,-3129.5599340696413,888.5562400006106,23.113888888888887,5.383660063994229,0.020944160463442194,0.290079530202
140.1,-1.0297,-0.2393,10.1766,0.013,-0.1187,-0.0103,-3044.4125798697805,813.3039199999791,-3131.3468529033726,890.0034000001208,23.141666666666666,5.388040840416735,0.017453292519943295,0.390107556335
140.20000000000002,1.3082,0.5989,9.9205,0.0005,-0.1062,0.1029,-3044.4125798697805,813.3039199999791,-3133.1606426969643,891.4282960001617,23.150000000000002,5.379523633667002,0.017453292519943295,0.390107556335
140.3,-0.6023,-0.5493,9.5409,0.0968,-0.1055,-0.0054,-3044.4125798697805,813.3039199999791,-3134.9677147505913,892.8531920009937,23.166666666666668,5.380570831218199,0.019198726491692745,0.390107556335
140.4,2.2146,1.4025,10.2346,0.2117,-0.1948,-0.0389,-3044.4125798697805,813.3039199999791,-3136.7747868042334,894.2780880002437,23.208333333333332,5.379750526469762,0.020944160463442194,0.290079530202
140.5,-0.7578,-0.9589,8.9535,0.0001,-0.1515,0.1068,-3044.4125798697805,813.3039199999791,-3138.6020120777857,895.6695879998944,23.23611111111111,5.372385237026346,0.019198726491692745,0.390107556335
140.6,1.7702,-0.1343,9.313,-0.1578,0.1184,-0.0066,-3044.4125798697805,813.3039199999791,-3140.435955091319,897.061088000336,23.241666666666667,5.368196446821559,0.013962953411207752,0.390107556335
140.70000000000002,1.4339,-0.4934,10.4895,0.1606,-0.2043,0.0683,-3044.4125798697805,813.3039199999791,-3142.2631803648865,898.4414560006476,23.28333333333333,5.365019947582929,0.01221751769412905,0.390107556335
140.8,-0.5177,1.4093,8.7458,0.21,-0.0779,0.0644,-3044.4125798697805,813.3039199999791,-3144.090405638439,899.8663519998977,23.32777777777778,5.370465374849151,0.015707856802864593,0.290079530202
140.9,0.7553,1.2141,9.1464,-0.1005,0.0561,-0.1171,-3044.4125798697805,813.3039199999791,-3145.917630911992,901.3023800000688,23.32222222222222,5.372751756169264,0.013962953411207752,0.290079530202
141.0,0.7655,-0.7144,9.5195,0.0342,0.061,0.0912,-3044.4125798697805,813.3039199999791,-3147.7448561855745,902.7606720004999,23.305555555555557,5.378266996605566,0.013962953411207752,0.1900514060025
141.1,0.4049,0.8803,9.9158,-0.0289999999999999,0.0621,0.0412,-3044.4125798697805,813.3039199999791,-3149.5787991990924,904.1744360004109,23.31388888888889,5.371407852645229,0.01221751769412905,0.09002572365885
141.20000000000002,0.4426,-0.3474,11.3235,0.1171,-0.0866,0.0364,-3044.4125798697805,813.3039199999791,-3151.419459952606,905.5993320004518,23.258333333333333,5.3675681282908405,0.013962953411207752,0.0
141.3,0.2485,2.2592,11.8315,-0.0819,0.214,-0.0127,-3044.4125798697805,813.3039199999791,-3153.2534029661538,907.0242280004927,23.258333333333333,5.369749789855834,0.019198726491692745,0.09002572365885
141.4,-1.7866,0.0348,8.4469,0.0109,0.2137,-0.0426,-3044.4125798697805,813.3039199999791,-3155.094063719667,908.4268599994825,23.308333333333334,5.3663463978144454,0.017453292519943295,0.0
141.5,2.8616,-1.2201,10.9962,-0.4449,0.6402,-0.3545,-3044.4125798697805,813.3039199999791,-3156.9280067331997,909.8517560003145,23.344444444444445,5.368109180358959,0.013962953411207752,0.09002572365885
141.6,0.0882,-2.2286,9.8391,-0.177,0.201,-0.1248,-3044.4125798697805,813.3039199999791,-3158.775385226693,911.2321240006261,23.31666388888889,5.359696693364347,0.0052363071512361034,0.1900514060025
141.70000000000002,2.9186,2.0474,9.2731,-0.1913,0.3485,0.0146,-3044.4125798697805,813.3039199999791,-3160.6227637201714,912.6458880005371,23.341666666666665,5.360848610670663,0.010472081977050348,0.390107556335
141.8,-0.3762,-0.3586,10.2849,-0.2035,0.2706,0.1122,-3044.4125798697805,813.3039199999791,-3162.48357769361,914.0151239999275,23.366666666666667,5.3535182278122875,0.010472081977050348,0.390107556335
141.9,3.5763,2.2494,9.6682,-0.307,0.5404,-0.0049,-3044.4125798697805,813.3039199999791,-3164.3376739270843,915.4177560004994,23.41388888888889,5.35845750959543,0.015707856802864593,0.390107556335
142.0,-1.5626,-1.6948,10.2183,-0.1112,0.0148,0.0351,-3044.4125798697805,813.3039199999791,-3166.205205640488,916.7758600005507,23.438888888888886,5.3533262415945675,0.0,0.49013568053449996
142.1,-1.253,-2.6982,9.5164,-0.1597,0.3669,-0.0984,-3044.4125798697805,813.3039199999791,-3168.0727373539225,918.1784920003315,23.480555555555554,5.354129093050485,-0.0034903391087355443,0.390107556335
142.20000000000002,-1.7303,-1.6538,10.0596,0.1398,-0.2428,0.0272,-3044.4125798697805,813.3039199999791,-3169.933551327362,919.5699920007733,23.502777777777776,5.354024373295365,0.0017454357170787011,0.390107556335
142.3,0.4225,-1.4244,11.1901,-0.236,0.1859,0.1182,-3044.4125798697805,813.3039199999791,-3171.801083040781,920.972624000554,23.53333333333333,5.35564752949972,0.013962953411207752,0.390107556335
142.4,2.4701,1.7037,9.6762,0.1345,-0.284,0.087,-3044.4125798697805,813.3039199999791,-3173.668614754215,922.397520000595,23.55277777777778,5.358562229350551,0.017453292519943295,0.390107556335
142.5,-0.1661,-0.3334,8.3918,0.0963,-0.1024,-0.1128,-3044.4125798697805,813.3039199999791,-3175.536146467605,923.8112840005058,23.59444166666667,5.35845750959543,0.017453292519943295,0.390107556335
142.6,1.6063,1.1161,8.7711,0.0171,-0.15,0.0207,-3044.4125798697805,813.3039199999791,-3177.4171136609843,925.2139160002866,23.655555555555555,5.355979142057599,0.017453292519943295,0.290079530202
142.70000000000002,0.523,-0.1473,9.6006,0.2193,-0.2077,-0.0182,-3044.4125798697805,813.3039199999791,-3179.2846453744037,926.6165480000675,23.616666666666664,5.356363114493037,0.020944160463442194,0.290079530202
142.8,1.2725,1.0765,10.244000000000002,0.1007,-0.0105,-0.0036,-3044.4125798697805,813.3039199999791,-3181.158894827788,928.0637080003686,23.60833333333333,5.356328207907997,0.024434504808165492,0.390107556335
142.9,0.5972,0.0658,9.2602,0.0271,-0.1119999999999999,-0.0728,-3044.4125798697805,813.3039199999791,-3183.0532975011133,929.4774720002795,23.61111111111111,5.34962614358034,0.024434504808165492,0.290079530202
143.0,-1.4269,-0.1961,10.0855,-0.0382,0.1019,-0.0086,-3044.4125798697805,813.3039199999791,-3184.9342646944933,930.8912360001904,23.677777777777777,5.352994629036688,0.020944160463442194,0.390107556335
143.1,2.212,0.1518,10.4353,0.0895,0.0163,-0.0493,-3044.4125798697805,813.3039199999791,-3186.8488205877443,932.2382080001116,23.702777777777776,5.338176783687257,0.020944160463442194,0.390107556335
143.20000000000002,0.3081,-0.655,10.4968,-0.0293,0.1782,-0.0361,-3044.4125798697805,813.3039199999791,-3188.7365055210744,933.6519720000226,23.716666666666665,5.349137451389781,0.026179938779914945,0.390107556335
143.3,0.7585,0.9472,9.9615,-0.0129,0.0725,0.052,-3044.4125798697805,813.3039199999791,-3190.651061414341,935.0434720004642,23.75,5.342016508041644,0.026179938779914945,0.390107556335
143.4,0.2031,-0.9834,10.3706,-0.1031,0.2018,0.0276,-3044.4125798697805,813.3039199999791,-3192.572335047572,936.4127080006458,23.786111111111108,5.335541336516745,0.02268959443519164,0.390107556335
143.5,1.7329,2.2155,9.1309,-0.0758,0.1609,-0.0876,-3044.4125798697805,813.3039199999791,-3194.486890940823,937.8042080002965,23.783333333333335,5.339258887823494,0.026179938779914945,0.390107556335
143.6,1.3996,0.5093,8.7287,0.0778,-0.0727,-0.0402,-3044.4125798697805,813.3039199999791,-3196.4081645740393,939.1623120003478,23.81388888888889,5.330759134366281,0.02268959443519164,0.1900514060025
143.70000000000002,0.4571,1.3191,9.8217,-0.0997,0.092,0.009,-3044.4125798697805,813.3039199999791,-3198.342873687216,940.5204160003993,23.81388888888889,5.326954316596933,0.02268959443519164,0.09002572365885
143.8,0.1223,0.1498,9.6803,-0.0124,-0.0956,0.0235,-3044.4125798697805,813.3039199999791,-3200.270865060428,941.8785200004506,23.733330555555558,5.326430717821335,0.020944160463442194,0.09002572365885
143.9,-0.6579999999999999,0.1827,10.0146,0.0512,0.0037,0.0616,-3044.4125798697805,813.3039199999791,-3202.2122919136004,943.2366240005022,23.683330555555557,5.321561249208271,0.019198726491692745,0.0
144.0,0.8368,0.0167,9.9266,0.1873,-0.1959,-0.0088,-3206.4444680986785,945.7747200008964,-3204.140283286797,944.6281240001529,23.683330555555557,5.330130815835563,0.017453292519943295,-0.09002572365885
144.1,-1.3611,-0.7799,9.7768,0.0308,-0.0953,0.0347,-3206.4444680986785,945.7747200008964,-3206.0682746599937,945.9973599995433,23.663886111111115,5.32815859378081,0.020944160463442194,-0.1900537595985
144.20000000000002,0.7083,0.8314,9.9417,0.1303,-0.2083,0.0188,-3206.4444680986785,945.7747200008964,-3207.9962660332053,947.3332000001255,23.619444444444444,5.322870246147266,0.019198726491692745,-0.1900537595985
144.3,-3.8693,-0.8473,9.7298,0.2447,-0.3777,-0.015,-3206.4444680986785,945.7747200008964,-3209.917539666452,948.691304000177,23.602777777777778,5.323795270650823,0.02268959443519164,-0.290081883798
144.4,1.9468,0.2273,10.0006,0.0346,-0.0128,-0.0049,-3206.4444680986785,945.7747200008964,-3211.845531039633,950.0271439999682,23.51388888888889,5.319397040935797,0.019198726491692745,-0.290081883798
144.5,2.1399,0.8041,9.789,0.1764,-0.2085,0.0279,-3206.4444680986785,945.7747200008964,-3213.773522412845,951.3518520004203,23.430555555555554,5.31545259682629,0.017453292519943295,-0.390109909931
144.6,0.9559,1.1531,9.8049,-0.1578,0.1609,0.0252,-3206.4444680986785,945.7747200008964,-3215.7015137860567,952.6431640004821,23.377777777777776,5.308017494212795,0.017453292519943295,-0.49013568053449996
144.70000000000002,0.9307,0.0985,10.1301,0.0764,-0.0859,0.0356,-3206.4444680986785,945.7747200008964,-3217.622787419258,953.9567400008042,23.386108333333336,5.311176540158904,0.013962953411207752,-0.290081883798
144.8,-1.6832,-0.565,9.9517,-0.1702,0.2894,-0.0302,-3206.4444680986785,945.7747200008964,-3219.537343312539,955.2591840002051,23.302777777777777,5.310635488090786,0.01221751769412905,-0.1900537595985
144.9,1.0587,0.6765,10.1927,-0.1251,0.1037,0.0528,-3206.4444680986785,945.7747200008964,-3221.445181465795,956.5838920006572,23.26388888888889,5.315173344145972,0.013962953411207752,-0.1900537595985
145.0,-0.2951,0.2437,9.8461,0.0531,0.0178,0.0487,-3206.4444680986785,945.7747200008964,-3223.3530196191105,957.9086000003184,23.247219444444447,5.3149464513432125,0.017453292519943295,-0.1900537595985
145.1,0.8526,0.3688,10.6937,-0.0158,0.0465,0.0139,-3206.4444680986785,945.7747200008964,-3225.2474222924066,959.2221760006405,23.25,5.3166045141326075,0.020944160463442194,0.0
145.20000000000002,0.6104,-0.3008,10.3995,0.0415,0.1319,-0.0588,-3206.4444680986785,945.7747200008964,-3227.155260445692,960.5246200000414,23.211111111111112,5.314038880132174,0.026179938779914945,0.0
145.3,1.2757,-0.0468,9.6252,0.0031,0.0666,0.0073,-3206.4444680986785,945.7747200008964,-3229.069816338928,961.8159320001032,23.219444444444445,5.307616068484837,0.031416240695163286,0.0
145.4,0.3257,0.8592,9.3361,-0.0197,-0.0048,0.0719,-3206.4444680986785,945.7747200008964,-3230.99780771211,963.0515840010967,23.238888888888887,5.296445961272072,0.026179938779914945,0.0
145.5,1.8997,-0.1927,9.6243,0.1038,0.0253,-0.0196,-3206.4444680986785,945.7747200008964,-3232.9257990853516,964.2872360005081,23.224999999999998,5.289447190971575,0.024434504808165492,0.09002572365885
145.6,2.2253,0.1773,10.6215,0.1306,-0.0009,-0.0863,-3206.4444680986785,945.7747200008964,-3234.8336372386075,965.600812000039,23.18333333333333,5.3008616442796175,0.027925372751664394,0.1900514060025
145.70000000000002,0.409,0.0056,8.579,-0.0883,0.0797,0.0283,-3206.4444680986785,945.7747200008964,-3236.761628611804,966.8809919999708,23.18611111111111,5.295974722374034,0.03490658503988659,0.1900514060025
145.8,0.244,0.7001,9.6287,0.0098,0.0136,0.0426,-3206.4444680986785,945.7747200008964,-3238.6829022450506,968.1611719999025,23.230555555555554,5.295381310428356,0.045378665271607686,0.1900514060025
145.9,-0.2818,0.3576,10.0991,-0.0421,0.0493,-0.016,-3206.4444680986785,945.7747200008964,-3240.604175878282,969.4413520006253,23.258333333333333,5.2965157744421525,0.04363323129985824,0.290079530202
146.0,1.1793,-0.5864,9.6389,-0.0161,0.0014,-0.0059,-3206.4444680986785,945.7747200008964,-3242.545602731439,970.6992680002969,23.255555555555556,5.289185391583776,0.04363323129985824,0.390107556335
146.1,-0.0329,0.5825,9.1415,0.067,-0.0037,-0.0574,-3206.4444680986785,945.7747200008964,-3244.4937473245614,971.9460520006294,23.297222222222224,5.282116808113198,0.03839745298338549,0.390107556335
146.20000000000002,0.8031,-0.6184,10.1666,-0.0268,0.1152,0.0089,-3206.4444680986785,945.7747200008964,-3246.4284564377535,973.2262320005611,23.33888888888889,5.286776837216024,0.03665201901163604,0.390107556335
146.3,0.6722,-1.4,10.3968,-0.0729,0.0921,-0.0598,-3206.4444680986785,945.7747200008964,-3248.369883290911,974.4952800003628,23.33888888888889,5.285450386984508,0.03665201901163604,0.390107556335
146.4,0.8399,0.8841,10.7611,-0.0792,0.0563,0.0064,-3206.4444680986785,945.7747200008964,-3250.3448988439395,975.7531960000344,23.380555555555556,5.277840751445813,0.04014288695513494,0.390107556335
146.5,0.6456,0.4049,9.4413,0.0374,0.0,-0.0682,-3206.4444680986785,945.7747200008964,-3252.3131966570177,976.9777160008977,23.425,5.272098618206751,0.03490658503988659,0.390107556335
146.6,0.2475,-0.7032,9.9652,-0.0487,0.1582,0.0279,-3206.4444680986785,945.7747200008964,-3254.2882122100314,978.2133680003091,23.46111111111111,5.270370742247278,0.03665201901163604,0.49013568053449996
146.70000000000002,-0.0521,-0.2162,10.5559,-0.0361,0.1059,-0.0194,-3206.4444680986785,945.7747200008964,-3256.2833809830004,979.4267560002513,23.46944444444444,5.261626642694785,0.03316115106813714,0.390107556335
146.8,1.3835,-1.2848,10.1846,0.0787,-0.0433,-0.0412,-3206.4444680986785,945.7747200008964,-3258.2785497559844,980.6401440001935,23.494444444444444,5.261137950504226,0.031416240695163286,0.390107556335
146.9,-0.8846,0.4469,8.8938,0.0379,0.0415,-0.1004,-3206.4444680986785,945.7747200008964,-3260.2804362689194,981.8424000000056,23.544441666666668,5.25391228740097,0.027925372751664394,0.49013568053449996
147.0,0.1969,-1.1008,9.8668,-0.0759,0.1205,-0.0214,-3206.4444680986785,945.7747200008964,-3262.2823227818835,983.0669200000779,23.569444444444443,5.256059042380923,0.024434504808165492,0.49013568053449996
147.1,-0.2936,-0.5754,10.1531,-0.0451,0.1142,-0.0215,-3206.4444680986785,945.7747200008964,-3264.2976447747787,984.2580440005509,23.575,5.248711206230028,0.02268959443519164,0.5801613159335
147.20000000000002,0.4655,-0.8717,10.1637,0.0825,-0.0625,0.0322,-3206.4444680986785,945.7747200008964,-3266.3264022476196,985.4380360001028,23.61111111111111,5.242323301167728,0.026179938779914945,0.49013568053449996
147.3,-3.0369,-2.4659,10.9822,0.0851,0.0886,-0.1415,-3206.4444680986785,945.7747200008964,-3268.361877460455,986.5957640001855,23.66111111111111,5.237506192432224,0.024434504808165492,0.49013568053449996
147.4,3.0780000000000003,0.0213,9.703,0.0097,-0.0131,-0.1288,-3206.4444680986785,945.7747200008964,-3270.390634933296,987.7980199999977,23.68611111111111,5.244347883100042,0.026179938779914945,0.49013568053449996
147.5,0.6896,-0.1486,9.7603,0.0555,0.2055,-0.0676,-3206.4444680986785,945.7747200008964,-3272.4328278860976,988.9668800002105,23.733330555555558,5.236476448173548,0.026179938779914945,0.49013568053449996
147.6,0.0006,1.2652,9.2732,-0.0234,0.0064,-0.0501,-3206.4444680986785,945.7747200008964,-3274.4750208388987,990.1580039998925,23.80833333333333,5.23878028278618,0.020944160463442194,0.49013568053449996
147.70000000000002,0.4648,-0.3407,9.3949,-0.0709,0.0583,-0.0049,-3206.4444680986785,945.7747200008964,-3276.53064927166,991.3157320007662,23.8,5.230629595179366,0.01221751769412905,0.5801613159335
147.8,4.1136,-1.1189,10.8252,0.3229,-0.3064,-0.0385,-3206.4444680986785,945.7747200008964,-3278.586277704392,992.4957240003181,23.819444444444443,5.230489968839207,0.019198726491692745,0.5801613159335
147.9,-1.6001,0.4,8.7709,-0.0996,-0.1009999999999999,-0.1526,-3206.4444680986785,945.7747200008964,-3280.641906137154,993.6645840005309,23.880555555555556,5.230367795791567,0.017453292519943295,0.5801613159335
148.0,0.2191,-0.7939,11.1741,0.1012,-0.0489,0.1812,-3206.4444680986785,945.7747200008964,-3282.7109700498613,994.8557080002129,23.924999999999997,5.231572072975443,0.013962953411207752,0.5801613159335
148.1,1.7113,-0.411,10.7241,-0.1062,0.1748,0.0695,-3206.4444680986785,945.7747200008964,-3284.7800339625687,996.0245680004257,23.944444444444446,5.228221040811614,0.0052363071512361034,0.5801613159335
148.20000000000002,0.9052,0.1215,9.3307,-0.0383,-0.1423,0.0611,-3206.4444680986785,945.7747200008964,-3286.8423801353106,997.2045599999776,23.997222222222224,5.228552653369493,0.0,0.5801613159335
148.3,0.4914,-0.5857,9.5689,0.0141,0.0593,0.043,-3206.4444680986785,945.7747200008964,-3288.911444048018,998.4068160005808,24.03055277777778,5.232950883084519,0.0017454357170787011,0.49013568053449996
148.4,-0.2691,-1.5114,9.605,-0.0429,0.1151,-0.0109,-3206.4444680986785,945.7747200008964,-3290.9939434406706,999.5868080001327,24.04722222222222,5.229652210798249,0.0,0.49013568053449996
148.5,-0.5673,0.0949,10.4022,-0.1004,0.2106,0.0776,-3206.4444680986785,945.7747200008964,-3293.069725093358,1000.7668000004755,24.069444444444446,5.22935550482541,0.0034908714341574023,0.5801613159335
148.6,-1.7458,0.2542,10.424,0.0405,-0.0925,0.1757,-3206.4444680986785,945.7747200008964,-3295.1589422259913,1001.9467920000275,24.116666666666664,5.2258648463214215,0.0052363071512361034,0.5801613159335
148.70000000000002,-1.1145,0.8098,9.753,-0.158,0.2554,-0.0903,-3206.4444680986785,945.7747200008964,-3297.2548770985895,1003.1156520002403,24.144444444444446,5.224625662552505,0.0017454357170787011,0.49013568053449996
148.8,5.5886,0.3125,11.0748,0.2868,-0.8211,0.0522,-3206.4444680986785,945.7747200008964,-3299.3440942312523,1004.3067759999224,24.16111111111111,5.228203587519094,0.0,0.390107556335
148.9,-3.1536,-3.821,10.928,0.3727,-0.4588,0.2736,-3206.4444680986785,945.7747200008964,-3301.4333113638704,1005.4867680002653,24.22222222222222,5.226650244484818,0.0,0.390107556335
149.0,0.2227,-0.5567,11.1099,-0.0314,-0.2057,0.0447,-3206.4444680986785,945.7747200008964,-3303.529246236484,1006.6778919999473,24.205555555555556,5.228605013247052,0.0034908714341574023,0.390107556335
149.1,-0.2695,-0.5831,9.7701,0.2591,-0.3015,0.1141,-3206.4444680986785,945.7747200008964,-3305.6251811090974,1007.8578840002901,24.258333333333333,5.224625662552505,0.0017454357170787011,0.390107556335
149.20000000000002,1.5599,0.0226,9.3527,0.1815,-0.0421,0.0435,-3206.4444680986785,945.7747200008964,-3307.7211159817107,1009.0378760006331,24.27777777777778,5.225760126566302,0.0034908714341574023,0.390107556335
149.3,-0.6615,-0.8465,9.4144,0.0001,-0.1679,-0.0279999999999999,-3206.4444680986785,945.7747200008964,-3309.823768594304,1010.2289999995241,24.305555555555554,5.225672860103702,0.0034908714341574023,0.49013568053449996
149.4,-1.5129,-1.1898,9.5576,-0.1404,-0.073,-0.0608,-3206.4444680986785,945.7747200008964,-3311.933138946878,1011.4201240007881,24.29444444444444,5.225027088280465,0.0017454357170787011,0.49013568053449996
149.5,1.861,0.1887,9.0829,0.2433,-0.2739,-0.0005,-3206.4444680986785,945.7747200008964,-3314.035791559472,1012.58898400021,24.333333333333332,5.222182201599714,0.0,0.390107556335
149.6,1.4427,-0.1274,9.7149,-0.1785,0.3409,-0.0314,-3206.4444680986785,945.7747200008964,-3316.158597391991,1013.7355800009536,24.36111111111111,5.216422615068133,0.0052363071512361034,0.5801613159335
149.70000000000002,1.8672,0.3301,10.131,0.1008,0.024,0.0015,-3206.4444680986785,945.7747200008964,-3318.274685484515,1014.9267040006356,24.413888888888888,5.22052413881032,0.0034908714341574023,0.5801613159335
149.8,-2.1165,-0.7995,9.1437,-0.085,0.2538,-0.0569,-3206.4444680986785,945.7747200008964,-3320.3974913170046,1016.1178280003176,24.455555555555556,5.223648278171389,0.0052363071512361034,0.5801613159335
149.9,2.0771,0.0823,9.1907,-0.2092,0.2213,-0.0651,-3206.4444680986785,945.7747200008964,-3322.5135794095736,1017.3089520007907,24.53333333333333,5.224870008647785,0.0052363071512361034,0.5801613159335
150.0,-0.5573,-0.9884,10.2329,0.0727,0.0577,-0.0068,-3206.4444680986785,945.7747200008964,-3324.6296675021276,1018.5112080006027,24.549999999999997,5.224311503287147,0.0017454357170787011,0.6801894401329999
150.1,-1.1382,0.887,9.1671,-0.0345,0.1481,0.0259,-3206.4444680986785,945.7747200008964,-3326.7591910746128,1019.7134640004149,24.594444444444445,5.222897786593031,0.0,0.6801894401329999
