time,est_x,est_y,heading_rad,true_x,true_y,error_m,uncertainty_m
0.0,1.189818221974865,6.0652377584879025,-0.009047992045616505,0.0,0.0,0.0,0.0
0.1,1.2008583686356997,6.064949267807772,-0.010272467988038136,0.03,0.0,6.176934429025962,7.242754748218732
0.2,1.2341103834373899,6.064834719464507,-0.009967838652375665,0.08,0.0,6.1736691644094535,7.34702482125382
0.3,1.289024381918634,6.064743424765337,-0.008836786198617554,0.15,0.0,6.170777045951305,7.517021109233426
0.4,1.3651862497016831,6.062694682248178,-0.00816373556361206,0.24,0.0,6.166223390915875,7.748684348998221
0.5,1.4615855220938399,6.058291591543432,-0.008319175505264759,0.3500000000000001,0.0,6.159425247626151,8.03693829007048
0.6000000000000001,1.5762883086930028,6.0519308852556,-0.007447855961547504,0.4800000000000001,0.0,6.150424009423057,8.376186852692902
0.7000000000000001,1.710168546846294,6.044430119756334,-0.006664631024222739,0.6300000000000001,0.0,6.140187257911081,8.760738327648792
0.8,1.8644474199145529,6.036928570757794,-0.006488534341980137,0.8000000000000002,0.0,6.130053415606955,9.185124525143154
0.9,2.0390867809771507,6.028932706050161,-0.0061155109122418404,0.9900000000000002,0.0,6.119527158866306,9.644302915250076
1.0,-2.4333466198904428,4.952555170436888,-0.006582435576966274,1.2000000000000002,0.0,6.142394514885091,4.939202319683133
1.1,-2.4498290681813106,4.893890257475446,-0.00637321210648738,1.4300000000000002,0.0,6.245257036385111,5.211754378256136
1.2000000000000002,-2.4459845184796,4.834250935674832,-0.005908680070116986,1.6800000000000002,0.0,6.355606214658545,5.530559741048122
1.3,-2.421522493989852,4.773568610789891,-0.006756830693185847,1.95,0.0,6.4728020360102,5.888468179060321
1.4,-2.376591145655013,4.713073740421128,-0.006861429007323309,2.24,0.0,6.597422063866118,6.279133155407073
1.5,-2.3121215910506643,4.651887011086839,-0.00561079194181058,2.55,0.0,6.729062277173506,6.697141268316809
1.6,-2.2284974565032245,4.588930655941498,-0.0056865192483393475,2.88,0.0,6.866952077023662,7.1379882061804505
1.7000000000000002,-2.1253378764314483,4.524045545897702,-0.0051331171629391105,3.2299999999999995,0.0,7.0104658812448495,7.59798123198378
1.8,-2.001754940807465,4.459257396303243,-0.004051647157680442,3.6,0.0,7.159932607458399,8.07411664841515
1.9,-1.8578335193481268,4.395333814396686,-0.0036387797504209315,3.9899999999999993,0.0,7.315471017644073,8.56395563740565
2.0,9.5056368178121,0.12519956990729322,-0.006971076806688926,4.4,0.0,5.107171648545155,4.7991666656008345
2.1,10.312145092237564,-0.17322796667731563,-0.006420760306105195,4.829999999999999,0.0,5.484881287756699,5.078058668497029
2.2,11.137112002004226,-0.4704054892322315,-0.005151128905466492,5.279999999999999,0.0,5.875971607174576,5.373398013319831
2.3000000000000003,11.980821974612146,-0.7666631880203474,-0.0054632027054846485,5.749999999999999,0.0,6.277811316308825,5.682998668967456
2.4000000000000004,12.844411646894331,-1.0615882549371387,-0.005160761394413997,6.239999999999999,0.0,6.689187007750193,6.005017571505548
2.5,13.729512107206439,-1.355390139297557,-0.005056180659452599,6.749999999999999,0.0,7.109899555151699,6.33791095327677
2.6,14.635295988536269,-1.6507034840007817,-0.003900727496956505,7.279999999999999,0.0,7.538249204627694,6.680379477354505
2.7,15.561543248526684,-1.9464480657513155,-0.0010916434980714623,7.829999999999999,0.0,7.972792551954779,7.031338311380133
2.8000000000000003,16.507251679939852,-2.24148423638972,-0.0009683681688777213,8.399999999999999,0.0,8.411407812243512,7.389875220122408
2.9000000000000004,17.472014917180637,-2.537290334225577,0.0008584735567560581,8.989999999999998,0.0,8.853384623714787,7.75522369738357
3.0,9.018015318482425,-2.018785284780047,0.0038969528461286905,9.599999999999998,0.0,2.1009998085591457,4.64282767423771
3.1,9.591292099522011,-2.2759308537781062,0.004615259818697185,10.23,0.0,2.3638546980117328,4.862936052604738
3.2,10.184983206696554,-2.533065584135528,0.006037062664078848,10.88,0.0,2.626684144792759,5.091949855981786
3.3000000000000003,10.798761348706492,-2.790943698588665,0.005649437706823943,11.55,0.0,2.8902813426877785,5.329135807884161
3.4000000000000004,11.432278360147013,-3.050346784804457,0.007410443753903905,12.239999999999998,0.0,3.1554761534598366,5.573849093149025
3.5,12.085706013329272,-3.3088005561908114,0.006796855993179593,12.95,0.0,3.4198194712650847,5.825528996089138
3.6,12.760079745821587,-3.5657851909860603,0.004585185708391799,13.68,0.0,3.6825368025728094,6.0836903048533
3.7,13.45427483376588,-3.82265684091667,0.008218039369811754,14.43,0.0,3.945217981738096,6.347896010835172
3.8,14.16729284619717,-4.079089917313324,0.00967205693906649,15.2,0.0,4.207785476832529,6.617762922567997
3.9,14.899024113916806,-4.334270824334531,0.009105980235565973,15.99,0.0,4.469466630672227,6.892960096335478
4.0,16.390511862666425,-0.36135869013204763,0.018879966557722564,16.8,0.0,0.546132435908059,4.441731669458939
4.1000000000000005,17.1879302573088,-0.4491841694606958,0.01852116978104432,17.630000000000003,0.0,0.6302317633197817,4.621848101514208
4.2,18.002814006182998,-0.5366825472440916,0.01724537849110188,18.480000000000004,0.0,0.7181466627448256,4.8091316024872315
4.3,18.836557862842298,-0.6254324395224051,0.01726083574435658,19.350000000000005,0.0,0.8091900670522473,5.003237857406446
4.4,19.689478230736473,-0.7146510967427118,0.017526465658240443,20.24000000000001,0.0,0.9021088673262307,5.203847409532143
4.5,20.56303066300333,-0.8037442447433121,0.017016704959629505,21.15000000000001,0.0,0.9952576618807395,5.410679644205159
4.6000000000000005,21.45801625547818,-0.8939634366533038,0.01785919513519204,22.08000000000001,0.0,1.0890520669473887,5.623476243121384
4.7,22.37409530597915,-0.9859389194555153,0.015970372862435068,23.03000000000001,0.0,1.1841817937021766,5.841993469627765
4.800000000000001,23.311427254324254,-1.0781975131302748,0.015220719085336901,24.00000000000001,0.0,1.2793132155214215,6.066016188932505
4.9,24.26763666002889,-1.169198118681374,0.015280322500339685,24.990000000000016,0.0,1.3743482221265115,6.2953184035774195
5.0,24.325449030579886,3.034008800580659,0.032517597234672645,26.000000000000018,0.0,3.4654480736532167,4.275115289489473
5.1000000000000005,25.282119552460905,3.1019522959243067,0.032555330855315395,27.03000000000002,0.0,3.560504754256004,4.4349905610097045
5.2,26.255866912242002,3.171024533117564,0.03274583167572991,28.08000000000002,0.0,3.6582588907138684,4.601862642121762
5.300000000000001,27.246543070578713,3.240279509965866,0.032853687557892135,29.15000000000002,0.0,3.75799941256869,4.775482508900635
5.4,28.253390965182557,3.3087313326013295,0.033026562120775954,30.24000000000002,0.0,3.859315805755748,4.955602861546927
5.5,29.27834747840977,3.3777856539724036,0.03335811199533326,31.35000000000002,0.0,3.962471462912132,5.142023699584564
5.6000000000000005,30.32121363636142,3.447489076690376,0.033421709358980776,32.48000000000002,0.0,4.067620864551097,5.334532557795629
5.7,31.381641807868423,3.5171638240288092,0.033641703794770064,33.63000000000002,0.0,4.174392881028594,5.532926483372992
5.800000000000001,32.4613640677333,3.5880445284558258,0.033533182165314396,34.80000000000001,0.0,4.282905738149134,5.737049967352519
5.9,33.55989319870134,3.6599777483115385,0.033898975272341605,35.99000000000001,0.0,4.393273970953058,5.946725697223674
6.0,33.638427699634164,-2.122219091457172,-0.0022382393197319154,37.2,0.0,4.145914992239773,4.168896445216055
6.1000000000000005,34.738993385885635,-2.2616375132317215,-0.002430888785652451,38.43,0.0,4.328802844516362,4.321661230664614
6.2,35.8585902442404,-2.401323610729831,-0.002598501719072607,39.68,0.0,4.513261304739974,4.481753559884447
6.300000000000001,36.997863830989075,-2.5414487007138518,-0.0028781369421737434,40.95,0.0,4.698759601933737,4.648972158524776
6.4,38.15677197069088,-2.6828840247627554,-0.002797021623453675,42.24,0.0,4.885756628165471,4.823109271545387
6.5,39.33512876248615,-2.8259522126515644,-0.002797892516051718,43.54999999999999,0.0,5.074558646524023,5.003960613105623
6.6000000000000005,40.53275730866941,-2.970576598029024,-0.0028392067750299477,44.87999999999999,0.0,5.265248744559446,5.191329012701529
6.7,41.74935332331096,-3.1152988028969295,-0.002773632946282891,46.22999999999998,0.0,5.457222853490171,5.38502264794825
6.800000000000001,42.98499932307255,-3.2599645515267643,-0.0026143722654984915,47.59999999999998,0.0,5.650274340706983,5.584868142002156
6.9,44.23970224801734,-3.404995155725015,-0.0028082230902574568,48.98999999999997,0.0,5.844597568952206,5.790701196133018
7.0,50.36324516302605,-6.525492058922131,-0.028225177323999012,50.39999999999997,0.0,6.525595568919114,4.116863647666491
7.1000000000000005,51.820661524077124,-6.777796813670316,-0.028556847872218096,51.82999999999996,0.0,6.777803246962252,4.269252667086876
7.2,53.29769046650709,-7.031073844685406,-0.028888825817630182,53.27999999999996,0.0,7.031096099615227,4.429301295016232
7.300000000000001,54.79481730390044,-7.2833985812176145,-0.02932995571305576,54.74999999999996,0.0,7.283536468200847,4.596810103276728
7.4,56.31169098719931,-7.535787562731001,-0.029802093971691812,56.23999999999995,0.0,7.536128567657061,4.771562721436768
7.5,57.84827805201923,-7.789912405111111,-0.030069097374556004,57.74999999999995,0.0,7.790532321658943,4.953355977617483
7.6,59.404428548498466,-8.044078214909524,-0.030334466808900368,59.27999999999994,0.0,8.045040508988345,5.14198917832255
7.7,60.980309168078506,-8.29831012332848,-0.030686181841242704,60.82999999999994,0.0,8.299671303668863,5.337281508891278
7.800000000000001,62.577051453790574,-8.552682217530775,-0.030868054136799505,62.399999999999935,0.0,8.554514616935114,5.539097692962021
7.9,64.19468367634754,-8.807722592699738,-0.031141647521747903,63.98999999999993,0.0,8.810100605402674,5.747278653826984
8.0,65.29689136473279,2.4592772325032968,0.09498386550556256,65.59999999999994,0.0,2.4778860649922123,4.088583492017014
8.1,66.93680054497435,2.6345192553634624,0.09591138580817747,67.22999999999995,0.0,2.6507843419086665,4.2404473460916225
8.200000000000001,68.596811660369,2.8103237201001106,0.09683323148400189,68.87999999999995,0.0,2.82455572567798,4.399916518029261
8.3,70.27692136912404,2.986663240723334,0.09768118890592842,70.54999999999995,0.0,2.9991214133691004,4.566771064524222
8.4,71.97746024493048,3.1648423260656906,0.09842815068889023,72.23999999999995,0.0,3.175713159567285,4.740806156232831
8.5,73.69814246562628,3.346731985836588,0.09937786461183439,73.94999999999996,0.0,3.35619534631739,4.921809655083444
8.6,75.43850645843658,3.5321111563387726,0.10008132689351118,75.67999999999996,0.0,3.540357093761821,5.109567124423783
8.700000000000001,77.1989562980529,3.71767893704638,0.10082385537150024,77.42999999999996,0.0,3.724851389138592,5.303889735952858
8.8,78.97959010478276,3.9019543292444197,0.10149257022832875,79.19999999999996,0.0,3.9081745239202057,5.504595138640523
8.9,80.78020273221551,4.087015242122661,0.1021759457205449,80.98999999999997,0.0,4.092396422991396,5.711511529588862
9.0,82.68612158231274,-0.42260539832334815,0.046101602169724705,82.79999999999997,0.0,0.43767981071438905,4.097165739348489
9.1,84.52952025815257,-0.41536550266549516,0.046338911515340794,84.62999999999997,0.0,0.42734608846493316,4.252679055301232
9.2,86.39248981980926,-0.4083865536250156,0.04647730733281413,86.47999999999998,0.0,0.4176572863230449,4.41606172819403
9.3,88.27534645487373,-0.40083907769298743,0.04682244608800833,88.34999999999998,0.0,0.4077316740280087,4.587104684698125
9.4,90.17811954526323,-0.3931854384971857,0.04721283771972106,90.23999999999998,0.0,0.3980250993651674,4.765593174974639
9.5,92.10048190034765,-0.38563092496780904,0.04744727343565968,92.14999999999998,0.0,0.3887971868271506,4.951305270857245
9.6,94.04240634792193,-0.37771711738158725,0.04770595967375424,94.07999999999998,0.0,0.3795833287166625,5.144038286356806
9.7,96.00409637310636,-0.36975296715313893,0.0478949108565391,96.03,0.0,0.370659216268522,5.343608340872407
9.8,97.98521860119656,-0.36180156320722906,0.048170726368277336,98.0,0.0,0.3621033842561828,5.549819775904089
9.9,99.98528714627841,-0.3528471251929368,0.04830594530589827,99.98999999999998,0.0,0.3528785977459117,5.762480601749723
10.0,101.88882297564895,-0.2586659893143215,0.05140208632371022,102.0,0.0,0.28154648776269753,4.107754720872619
10.1,103.92397997057829,-0.2442619663021346,0.0515298695591867,104.03,0.0,0.26627834087729746,4.265345191960282
10.2,105.97807081067458,-0.2293308531054881,0.05182009303506972,106.07999999999998,0.0,0.25096254665313095,4.430883041835371
10.3,108.05179438529964,-0.2139775617036279,0.05195582235025188,108.15,0.0,0.23543733703749242,4.604172427905579
10.4,110.14487824435496,-0.19717370743082135,0.052399075667836546,110.24,0.0,0.21891920724095817,4.784987628485069
10.5,112.25680596343167,-0.17827652171904246,0.05256867307213168,112.35,0.0,0.20116571936624206,4.973096699740181
10.6,114.38790902198942,-0.157960416126067,0.052864208970815244,114.48,0.0,0.18284485580312887,5.168310640470618
10.7,116.53834857870969,-0.13731702273415272,0.05321277970233309,116.63,0.0,0.16509375444608848,5.370444329105046
10.8,118.70835740823014,-0.11712624140695967,0.0535471688765648,118.8,0.0,0.14871758824166573,5.579329101063577
10.9,120.89781218864232,-0.09632583019228494,0.05380110509074122,120.99,0.0,0.13333138462174327,5.794793207152639
11.0,123.48389789955664,1.4308354994433221,0.08110644324497648,123.2,0.0,1.458728296784528,4.116122848359924
11.1,125.72517438552656,1.5135219805660773,0.08144235484443842,125.43,0.0,1.5420365441608828,4.274829106255974
11.2,127.98622009983958,1.5983070702684536,0.08160975715285024,127.68,0.0,1.627377104550721,4.441564747165587
11.3,130.26755353667684,1.683912278466101,0.08216523091409775,129.95,0.0,1.713592953482499,4.616133968066678
11.4,132.56905391426466,1.7701993489395422,0.08246959170560232,132.23999999999998,0.0,1.8005227611665686,4.798322213177703
11.5,134.89058162596623,1.856702417669894,0.08289415746603702,134.54999999999995,0.0,1.8876810407818012,4.98791913807683
11.6,137.23223317677136,1.943657008564172,0.08353185114256333,136.87999999999994,0.0,1.9753153615965002,5.184735506576287
11.7,139.59364372930912,2.0327461708296375,0.08401988704040482,139.22999999999993,0.0,2.0650166480899004,5.38857221418431
11.8,141.97407652963673,2.123336048795045,0.08460262328835978,141.5999999999999,0.0,2.1560355345257376,5.5992106142873626
11.9,144.3729811668814,2.21499524893306,0.08508390078853313,143.9899999999999,0.0,2.2478608780309224,5.816448584032371
12.0,144.467838265324,4.787385942148868,0.1347075749219629,146.3999999999999,0.0,5.1625878324761105,4.122529134039185
12.1,146.82307696565888,4.984989103749939,0.1355584019735348,148.82999999999987,0.0,5.373812094805144,4.282003390469711
12.2,149.19718051967112,5.185695027684151,0.13634678774685235,151.27999999999986,0.0,5.588342321993616,4.4495126550871
12.3,151.59004801149035,5.389011448358462,0.13724183292107406,153.74999999999986,0.0,5.80575894980189,4.624830833110522
12.4,154.00194934846724,5.5956947736795275,0.13800935969752734,156.23999999999984,0.0,6.026663315551143,4.807758974286568
12.5,156.43306310866868,5.806416614799995,0.1390304498715372,158.74999999999983,0.0,6.25161342879074,4.998103044074891
12.6,158.8839992750765,6.01997010818907,0.14000435590989121,161.2799999999998,0.0,6.479263814456312,5.195693328874427
12.7,161.3552528462709,6.234220623994209,0.14100629890119826,163.8299999999998,0.0,6.707449609465888,5.400361915633103
12.8,163.84628812561962,6.449823835019211,0.1419702695407983,166.39999999999978,0.0,6.936978581495847,5.611910939033102
12.9,166.35683631929797,6.6690421653690635,0.1428999530127445,168.98999999999975,0.0,7.170054000691867,5.830176584732378
13.0,170.78660933467663,4.672465970834986,0.10017321363023238,171.59999999999974,0.0,4.742735774112416,4.135254438593301
13.1,173.40309627541473,4.810608154653587,0.100857760364892,174.22999999999973,0.0,4.88115975843366,4.29671102894222
13.2,176.03939482915854,4.952630305528836,0.10137567619130772,176.8799999999997,0.0,5.023461356125631,4.466409379851997
13.3,178.69545114777924,5.0964907255997,0.10192792533946021,179.5499999999997,0.0,5.1676369316114945,4.644128410540669
13.4,181.37077468219655,5.2411836265871194,0.10232133327004948,182.2399999999997,0.0,5.312773142221949,4.829627663093779
13.5,184.0646523214581,5.387034174429535,0.10286717728900846,184.94999999999968,0.0,5.459301943323032,5.022660832475394
13.6,186.77726644583203,5.534416795983077,0.10349934422020332,187.6799999999997,0.0,5.607557145627655,5.223038358049339
13.7,189.5083313131144,5.682968018316805,0.10388578612820211,190.42999999999964,0.0,5.757221436213512,5.430550043950035
13.8,192.258302994521,5.831814267184304,0.1045031133162987,193.1999999999996,0.0,5.90735566028166,5.645040453298842
13.9,195.0276453751109,5.983015192298241,0.10509375941125132,195.9899999999996,0.0,6.059917261424967,5.8663860546457505
14.0,197.0466489372748,5.592817970510329,0.0962718818082759,198.7999999999996,0.0,5.861215983089305,4.145511410111892
14.1,199.83004123349187,5.730770727108364,0.09668470513940941,201.6299999999996,0.0,6.006794876455342,4.308438051258928
14.2,202.6326574698664,5.8715731695383315,0.09714257954878944,204.4799999999996,0.0,6.155326628935409,4.479684474402313
14.3,205.45493209764606,6.013928638191743,0.09746639833407204,207.34999999999957,0.0,6.305443681438547,4.65905526974131
14.4,208.29677083330316,6.157859646680719,0.09805102868590379,210.23999999999955,0.0,6.457195600453681,4.846336992589579
14.5,211.15794521572425,6.305423755322812,0.09851447277941598,213.14999999999952,0.0,6.6126130234381035,5.041323632056033
14.6,214.03836886717264,6.456053232525293,0.09906582974992126,216.0799999999995,0.0,6.771180179535041,5.24381225345123
14.7,216.93790336412042,6.607025624794412,0.0995689474079821,219.0299999999995,0.0,6.930343132958607,5.453592315740102
14.8,219.85641916146116,6.758871750986893,0.10016553206503488,221.99999999999943,0.0,7.090647795345434,5.670480757601571
14.9,222.79386977437835,6.9127386405585165,0.1004895443929116,224.98999999999944,0.0,7.253202291440474,5.89431558078427
15.0,226.4005305610101,3.688370704058129,0.02342295443558149,227.99999999999943,0.0,4.020246377626016,4.150415401924119
15.1,229.39828472034156,3.7080879212577744,0.0233267899177122,231.0299999999994,0.0,4.0512233690141874,4.313761343054455
15.2,232.41316754098617,3.7270578111946415,0.02338063537534414,234.0799999999994,0.0,4.082804229253107,4.485313688929235
15.3,235.44492407229816,3.7471048173521373,0.02359470577410204,237.14999999999935,0.0,4.116804395577917,4.664826174916612
15.4,238.49278077334222,3.7691278448687817,0.023582237226299787,240.23999999999936,0.0,4.154407266622466,4.852021940439372
15.5,241.5570180087342,3.7921432765449397,0.023537148493942832,243.3499999999993,0.0,4.194655534229961,5.046690229678328
15.6,244.63856279399675,3.8155947586756827,0.02358190150817133,246.4799999999993,0.0,4.236703240266402,5.2486776178964405
15.7,247.7368121737501,3.8379099915124053,0.023581365609073854,249.6299999999993,0.0,4.279452447265764,5.4577420419981975
15.8,250.8521644127841,3.8593376679638123,0.023579933508352725,252.7999999999993,0.0,4.323025643017436,5.673723962333108
15.9,253.985980723693,3.8832680080945674,0.023353220816488374,255.98999999999927,0.0,4.369881426594765,5.896557759820079
16.0,256.2966792562184,-0.5600512607394303,-0.07682946885927217,259.19999999999925,0.0,2.956844391564093,4.1439350758371445
16.1,259.4391900084231,-0.7158592138820514,-0.07747898371108176,262.4299999999992,0.0,3.075288412460083,4.305528216941663
16.2,262.5990665508679,-0.8743728606510162,-0.07802139055981067,265.6799999999992,0.0,3.2026050049013373,4.475198536704303
16.3,265.77760959083935,-1.0351536333747686,-0.07867029703039945,268.9499999999992,0.0,3.337005237157766,4.65279122737249
16.400000000000002,268.97503548095415,-1.198067438873001,-0.0792059456914392,272.2399999999992,0.0,3.477838250797597,4.838106753179211
16.5,272.1914192196493,-1.3638847591611887,-0.07948502787449521,275.5499999999992,0.0,3.624947791956207,5.0309487249147935
16.6,275.42654561833376,-1.532979402034103,-0.08004017860398678,278.87999999999914,0.0,3.7784087938316913,5.231110889989991
16.7,278.6804951388753,-1.705634128320331,-0.08064764787649277,282.2299999999991,0.0,3.9380417136989037,5.438414597772499
16.8,281.95332250496097,-1.88120596240736,-0.08123243055191291,285.5999999999991,0.0,4.103314833864775,5.652686516900345
16.900000000000002,285.2451561870886,-2.058650733318995,-0.08157260933198802,288.9899999999991,0.0,4.273394204246668,5.87376747030733
17.0,291.93328063752836,-1.9698849611458422,-0.07477629721426568,292.39999999999907,0.0,2.0244193546431095,4.133596229073883
17.1,295.38111421731827,-2.1398365701499142,-0.07530062626761716,295.8299999999991,0.0,2.186412356542998,4.293871694257422
17.2,298.8480339386889,-2.312379298157698,-0.0758564455225439,299.27999999999906,0.0,2.3523802194101413,4.462213135483682
17.3,302.3341644212105,-2.488339431094315,-0.07651175342358375,302.74999999999903,0.0,2.522846081893456,4.638414347017027
17.400000000000002,305.8395743540483,-2.6665932392800467,-0.07710783469534849,306.23999999999904,0.0,2.6964903488996814,4.822264336119469
17.5,309.36347436058963,-2.8470593046119435,-0.07768105076790827,309.74999999999903,0.0,2.873177466481715,5.01351478798116
17.6,312.9053150440355,-3.0307921792905983,-0.07824948196599149,313.279999999999,0.0,3.05386477275508,5.2119380447721895
17.7,316.4652038505106,-3.2166607903841875,-0.07889500523498201,316.829999999999,0.0,3.237280165675595,5.417342100980754
17.8,320.04288328883285,-3.4039557890531675,-0.07958331025035148,320.399999999999,0.0,3.422637485802828,5.629525319964161
17.900000000000002,323.63868939579487,-3.5919240605130214,-0.079937069443796,323.989999999999,0.0,3.6090632575667905,5.8483327279841095
18.0,325.7011207358195,-3.1236489554009395,-0.0708501927796025,327.599999999999,0.0,3.6555335118841903,4.136300527330131
18.1,329.28151534522584,-3.2921484668419816,-0.07145605761962148,331.229999999999,0.0,3.825550153587908,4.296984902736535
18.2,332.88081654163665,-3.4639766605055504,-0.07198062572784822,334.879999999999,0.0,3.999483567251743,4.465761802901753
18.3,336.4982748513846,-3.63720478432321,-0.07253234084159847,338.549999999999,0.0,4.175983085281871,4.6423682939738455
18.4,340.1341648561637,-3.8115253643701363,-0.0729819985562444,342.239999999999,0.0,4.354568549954026,4.826598323035199
18.5,343.78854588258207,-3.9873744391355945,-0.07353287025015998,345.94999999999897,0.0,4.535530709803467,5.018245973456357
18.6,347.4613171005717,-4.165251458951715,-0.0739911787278483,349.6799999999989,0.0,4.719308585429668,5.2171062137182895
18.7,351.1534685655043,-4.344239874637687,-0.07459637380727482,353.4299999999989,0.0,4.90459126336072,5.423043065924442
18.8,354.865861634878,-4.524406928444529,-0.0752434468236084,357.1999999999989,0.0,5.091017576249974,5.635936289971422
18.9,358.5980523503734,-4.707750306972068,-0.0760104342099833,360.9899999999989,0.0,5.280561192841577,5.855609017950358
19.0,365.04198380276773,-3.5661365406941217,-0.05024613346806756,364.7999999999989,0.0,3.5743371396213193,4.131022125158377
19.1,368.90440226466956,-3.6977292260356225,-0.0505479632110848,368.62999999999886,0.0,3.7078967126842155,4.290926142809582
19.200000000000003,372.78274320852745,-3.828951587857124,-0.05094093491086632,372.4799999999988,0.0,3.840901419258739,4.458699155562688
19.3,376.6770101230348,-3.9601696467539598,-0.05104833086219438,376.3499999999988,0.0,3.97364810364977,4.634102009627762
19.4,380.5869595608039,-4.090270446646873,-0.05142719811078082,380.2399999999988,0.0,4.104959593412201,4.816883178350975
19.5,384.5125695858608,-4.2198458944947035,-0.051729628216898575,384.1499999999988,0.0,4.235393261301239,5.006814599617902
19.6,388.4539417248751,-4.351207407921072,-0.05193341987476918,388.0799999999988,0.0,4.367246079665158,5.2036914737115065
19.700000000000003,392.41084481670975,-4.483654961403677,-0.052070912362428404,392.0299999999988,0.0,4.499800505281921,5.407291727237812
19.8,396.3833587473635,-4.616940494240223,-0.052276031544653344,395.9999999999988,0.0,4.632828882716928,5.617423133165032
19.9,400.3712977754168,-4.7517375145126035,-0.052565478256341835,399.9899999999988,0.0,4.767011369859014,5.833893847160548
20.0,403.94618993292306,-2.1465526585320287,-0.0032057337515906457,403.9899999999988,0.0,2.1469996827731723,4.136914912876922
20.1,407.9281069046498,-2.1773614797233334,-0.0028817572157523773,407.9899999999988,0.0,2.1782409803864375,4.295618947886533
20.200000000000003,411.90969328634463,-2.208779800785492,-0.0031196858806195145,411.9899999999988,0.0,2.21023921253242,4.46127674931982
20.3,415.89147494731924,-2.240632432448124,-0.0031949095036010486,415.9899999999988,0.0,2.2427975573697934,4.6335973138019115
20.4,419.87256721003746,-2.272828363039277,-0.003494694868019774,419.9899999999988,0.0,2.2758601072987563,4.812235797155569
20.5,423.8519189741138,-2.305764364906252,-0.003366265651795056,423.9899999999988,0.0,2.309895165625702,4.996851902131908
20.6,427.83031594951535,-2.3384525189494783,-0.0034344368186388008,427.9899999999988,0.0,2.3438982869058043,5.187218555324204
20.700000000000003,431.8086501957336,-2.36959524249394,-0.0034406474424830587,431.9899999999988,0.0,2.376524640048351,5.38313691630635
20.8,435.7871183259121,-2.399732534899781,-0.003613761863531048,435.9899999999988,0.0,2.408293423305548,5.584392072991108
20.9,439.7650286079191,-2.4302019135463375,-0.0037143201587740656,439.9899999999988,0.0,2.440592851718323,5.790735152894994
21.0,439.9649507673124,-4.347432227311056,-0.04095848174632448,443.9899999999988,0.0,5.924625582820584,4.11279069923953
21.1,443.80893395572787,-4.444528467589615,-0.041195275219656324,447.9899999999988,0.0,6.1020608457938215,4.263587854855549
21.200000000000003,447.6528230909982,-4.542311203270469,-0.04144722279590266,451.9899999999988,0.0,6.280421531021988,4.4210386218172735
21.3,451.49706545601754,-4.64030149228357,-0.04177947895709846,455.9899999999988,0.0,6.459013760303455,4.584910739165817
21.4,455.34076810671866,-4.739620565153778,-0.042026078800235955,459.9899999999988,0.0,6.639228893412399,4.7549281278993645
21.5,459.1834148259601,-4.841981341113191,-0.04235096563131228,463.9899999999988,0.0,6.822612721163148,4.930840244058103
21.6,463.02438620700633,-4.945740990017143,-0.042603733908703215,467.9899999999988,0.0,7.008400265502319,5.112394043645101
21.700000000000003,466.86346748333824,-5.049105732144717,-0.04308832795433869,471.9899999999988,0.0,7.195471099153609,5.299364604305406
21.8,470.70174914992515,-5.1525899993360404,-0.043254542480105365,475.9899999999988,0.0,7.383412541268613,5.491602136701584
21.9,474.5393983187881,-5.25585791650814,-0.04334619592194912,479.9899999999988,0.0,7.5718624608308,5.688926622896073
22.0,481.9244793888876,-4.084479340458571,-0.02712400157247166,483.9899999999988,0.0,4.577045649494666,4.0781232904680005
22.1,485.88069209948776,-4.144888445638695,-0.027213776929477206,487.9899999999988,0.0,4.65072898005759,4.224409332431663
22.200000000000003,489.83522261157975,-4.204670626335953,-0.02736324770673403,491.9899999999988,0.0,4.7246503224698495,4.377308762482277
22.3,493.78828949261737,-4.262392866119692,-0.027577328568571157,495.9899999999988,0.0,4.797449541523279,4.536592929987693
22.4,497.7408831348543,-4.319459721746006,-0.02815668368803546,499.9899999999988,0.0,4.8699341844488595,4.702065344853767
22.5,501.69279867811673,-4.377595046137473,-0.028726203941223816,503.9899999999988,0.0,4.943730605648343,4.873501365662118
22.6,505.64314079953556,-4.43556687636489,-0.029064210371400136,507.9899999999988,0.0,5.018167157588956,5.050659911231669
22.700000000000003,509.59214653769925,-4.4929514035155425,-0.029204769825905825,511.9899999999988,0.0,5.092770713571768,5.233344341639982
22.8,513.5402560693327,-4.550171513945288,-0.029264002635344104,515.9899999999988,0.0,5.167717690833573,5.4213751668321475
22.9,517.4876404411604,-4.606325656173765,-0.02957556105571034,519.9899999999988,0.0,5.2421407280265395,5.614572832448389
23.0,524.8881764329429,-0.24470547734494358,0.012288531661687132,523.9899999999988,0.0,0.9309144296544947,4.054862196060626
23.1,528.953720155801,-0.1478515070197427,0.012151054899881488,527.9899999999988,0.0,0.9749956957994426,4.199519315487856
23.200000000000003,533.0192744241658,-0.05147897924052444,0.011968073753094053,531.9899999999988,0.0,1.0305609761426402,4.350899134306864
23.3,537.0843112432524,0.043588995753506644,0.011715969582592873,535.9899999999988,0.0,1.0951790253936113,4.508757921821493
23.4,541.1493502332892,0.13724383732947373,0.011762009498221036,539.9899999999988,0.0,1.1674454309797306,4.672876920461909
23.5,545.2146183794432,0.22893413565948403,0.011329228523316236,543.9899999999988,0.0,1.2458334614800275,4.843037295319632
23.6,549.2793013903296,0.3209219686281849,0.011140525175426961,547.9899999999988,0.0,1.3286417820681296,5.019006968169249
23.700000000000003,553.3429657343727,0.41374083004875284,0.01101861388672296,551.9899999999988,0.0,1.4148136813161667,5.200572130245668
23.8,557.4055268028637,0.5069557177318661,0.010898421521110188,555.9899999999988,0.0,1.5035691634807384,5.387536256554771
23.9,561.4670188852291,0.6006997339307688,0.010935539552478243,559.9899999999988,0.0,1.594498340441771,5.579714935385265
24.0,566.2086637826155,4.064081924340138,0.030303278621467936,563.9899999999988,0.0,4.630251706769688,4.041972670004836
24.1,570.2915553178927,4.270184200294631,0.030344010143685755,567.9899999999988,0.0,4.850941144331889,4.186402048964114
24.200000000000003,574.3741308060311,4.4766554070082405,0.030366888258831878,571.9899999999988,0.0,5.0719348707735215,4.337584126569189
24.3,578.4566228965656,4.683520846126706,0.030673614001463866,575.9899999999988,0.0,5.293353949054528,4.495285182877588
24.4,582.5393988563796,4.889295500592975,0.03081066375194597,579.9899999999988,0.0,5.514040716301875,4.659276734084919
24.5,586.6219539124911,5.094007678193017,0.030802931206596454,583.9899999999988,0.0,5.733768012657401,4.829327146862552
24.6,590.7044187796827,5.299643687656469,0.03076828360000073,587.9899999999988,0.0,5.9543507225908145,5.005219196966603
24.700000000000003,594.7870091622993,5.5055677963616345,0.030699409303554595,591.9899999999988,0.0,6.175316754169596,5.186746249438265
24.8,598.8692480496298,5.710496407824799,0.030797242127239808,595.9899999999988,0.0,6.395298159983187,5.373705949684138
24.9,602.9506132126355,5.914423488494693,0.03052765917009081,599.9899999999988,0.0,6.614048366628194,5.565906415482587
25.0,605.3135786998881,4.322608885258093,0.02582887899301891,603.9899999999988,0.0,4.520708810542108,4.037057579594711
25.1,609.3331077477469,4.4618181595870485,0.025864482891714082,607.9899999999988,0.0,4.6595879336355335,4.1817118126661
25.200000000000003,613.3511237647594,4.600431275469521,0.025765303065657278,611.9899999999988,0.0,4.797564572083886,4.333120937522437
25.3,617.3681353711792,4.738733962742069,0.02575736141975111,615.9899999999988,0.0,4.935063998667465,4.491050842845266
25.4,621.3841868524017,4.876522834779001,0.025662715050945605,619.9899999999988,0.0,5.071906144393285,4.655269264374644
25.5,625.3985071573697,5.014171769797508,0.02573372524386834,623.9899999999988,0.0,5.208244517051747,4.825548185693674
25.6,629.4104090377713,5.1530518005040244,0.025876890200542582,627.9899999999988,0.0,5.345231958789404,5.001668641436738
25.700000000000003,633.4204054256442,5.293661575557071,0.025890105510858442,631.9899999999988,0.0,5.483512793661119,5.18342424080299
25.8,637.4294153163773,5.43356377761251,0.026025692516559285,635.9899999999988,0.0,5.620990284496851,5.370620524232334
25.9,641.4379986342618,5.572258652871986,0.025960547280239978,639.9899999999988,0.0,5.757322862175997,5.5630698531214255
26.0,643.5145482726467,7.796937103975368,0.02495610655314031,643.9899999999988,0.0,7.811420008448517,4.036177612174323
26.1,647.454524865262,8.00584428214491,0.024964465058919253,647.9899999999988,0.0,8.023732067428082,4.181054496671273
26.200000000000003,651.3933993589478,8.215464631097953,0.02470834488548977,651.9899999999988,0.0,8.237098483672744,4.3326924627268415
26.3,655.3315453222305,8.425712762224979,0.024753416882217813,655.9899999999988,0.0,8.451402138946877,4.4908531724495555
26.4,659.2689329700519,8.63532685363086,0.02485134768230115,659.9899999999988,0.0,8.665379826107719,4.655304085087702
26.5,663.205253272509,8.843958318727418,0.024924579729040698,663.9899999999988,0.0,8.87870633424114,4.825819647835104
26.6,667.140764702884,9.05256249165262,0.024951390163044564,667.9899999999988,0.0,9.092309291656411,5.002179650225126
26.700000000000003,671.0757338659599,9.261244570684761,0.024701224128732636,671.9899999999988,0.0,9.306263136290971,5.184173621535587
26.8,675.0099350271612,9.469753031170494,0.02484888853863113,675.9899999999988,0.0,9.520333493231519,5.371603660490971
26.9,678.9429524534017,9.678918621229018,0.024941695729912366,679.9899999999988,0.0,9.735387729372091,5.564282457011138
27.0,687.4826774179519,4.8757534359621655,0.037607891974674616,683.9899999999988,0.0,5.997646798051434,4.03668656751574
27.1,691.5720023205931,4.91295812075077,0.037687915855797734,687.9899999999988,0.0,6.08012319949147,4.181704335016721
27.200000000000003,695.6600576292582,4.951506948912146,0.037934078791397596,691.9899999999988,0.0,6.1633387110567375,4.333477835560761
27.3,699.746428054608,4.990261427765169,0.03826923034674723,695.9899999999988,0.0,6.246075635700906,4.491773760534142
27.4,703.8322375960083,5.028357023647313,0.03824691229417068,699.9899999999988,0.0,6.328282871478854,4.656353652246644
27.5,707.9179878485892,5.0673311031188435,0.038052993410318064,703.9899999999988,0.0,6.411468868154132,4.8269851891290525
27.6,712.0026138292992,5.107202451224093,0.03740327002876041,707.9899999999988,0.0,6.494966252482194,5.003456953536043
27.700000000000003,716.0862213958748,5.146105234773301,0.037461906194664406,711.9899999999988,0.0,6.577342078027682,5.185561728987118
27.8,720.1690667296788,5.184422418315379,0.03733203548182752,715.9899999999988,0.0,6.659041563367022,5.373098628624735
27.9,724.2509500150735,5.223584837668155,0.03731802216936262,719.9899999999988,0.0,6.741033569659929,5.56587972005166
28.0,726.9085715928001,5.352493566906239,0.036249862345300386,723.9899999999988,0.0,6.096494691712557,4.037249396472881
28.1,730.938812883131,5.396443745993724,0.03625815683739445,727.9899999999988,0.0,6.149561165107779,4.182309416769174
28.200000000000003,734.967454866568,5.4422305410033704,0.036119766748967524,731.9899999999988,0.0,6.203475698661737,4.33412333100541
28.3,738.9945038829233,5.489283828199773,0.03610691929140978,735.9899999999988,0.0,6.257737652622066,4.4924555907931
28.4,743.0192509031465,5.536662518209924,0.03612118068027147,739.9899999999988,0.0,6.31117999068098,4.657080887414814
28.5,747.0413771404491,5.584204215869986,0.03614490467746476,743.9899999999988,0.0,6.363508401644713,4.827777766862949
28.6,751.0605911988072,5.631496329168396,0.03623227453155777,747.9899999999988,0.0,6.414224911525696,5.004333413125401
28.700000000000003,755.0759843360536,5.680223127864765,0.03645812534295835,751.9899999999988,0.0,6.464381958447806,5.186550727772146
28.8,759.0871708595946,5.72963341472046,0.03653409371427028,755.9899999999988,0.0,6.513153337716758,5.374239722055714
28.9,763.0944677459844,5.779097068845979,0.03638372332283593,759.9899999999988,0.0,6.56015875699737,5.567213585800626
29.0,765.2168313664855,1.5175116532455404,0.05304211116716463,763.9899999999988,0.0,1.9513986828764023,4.037826530538944
29.1,769.1533500836113,1.417086807821234,0.05316524774296658,767.9899999999988,0.0,1.833444419103613,4.183059854574948
29.200000000000003,773.0865666160979,1.316623546789759,0.05320143397487586,771.9899999999988,0.0,1.713463132811556,4.335082456283231
29.3,777.0174760744596,1.218018732818062,0.053380854583909225,775.9899999999988,0.0,1.5935108148629724,4.49365082902227
29.4,780.9463179656518,1.1218752769402862,0.05354429501974443,779.9899999999988,0.0,1.4741601637680501,4.658531617561775
29.5,784.8735337842893,1.026816876444006,0.05346104354275924,783.9899999999988,0.0,1.3546161248608324,4.829493997762773
29.6,788.7993629575631,0.9329023268623533,0.05353603500697699,787.9899999999988,0.0,1.2350607873875803,5.0063172736249175
29.700000000000003,792.722813597494,0.840425266954505,0.05370915533382146,791.9899999999988,0.0,1.115047262679687,5.188806690229816
29.8,796.6443360133779,0.749078303555827,0.05396130764010051,795.9899999999988,0.0,0.9946225028939539,5.376759039776489
29.9,800.5642474869513,0.6589781060732864,0.05418813314050823,799.9899999999988,0.0,0.8740779831086469,5.569982819463991
30.0,806.0112370944162,0.43911160624940365,0.0544781377427004,803.9899999999988,0.0,2.0683854559998935,4.03884311324179
30.1,809.9793156540011,0.3447176309177362,0.05458323280965916,807.9899999999988,0.0,2.018961865990598,4.184210408578647
30.200000000000003,813.9453915765148,0.25088727443687187,0.0547935007870771,811.9899999999988,0.0,1.9714209702608494,4.336360639934543
30.3,817.9099655302842,0.15728947149770964,0.05499482930491069,815.9899999999988,0.0,1.9263975745749984,4.495050066819253
30.4,821.8729671368588,0.06451600931766469,0.0553984214523446,819.9899999999988,0.0,1.8840720670805977,4.6600475686791105
30.5,825.8331743118256,-0.02684398886585395,0.05554823597922783,823.9899999999988,0.0,1.8433697793759485,4.831146578444592
30.6,829.7900119648644,-0.1178155023417076,0.055352902505524104,827.9899999999988,0.0,1.8038635109818224,5.008138507830632
30.700000000000003,833.7433108575901,-0.2087486755455331,0.055457810152790714,831.9899999999988,0.0,1.7656939069073694,5.190820088928297
30.8,837.6941607258316,-0.30081457147413987,0.055589671520656615,835.9899999999988,0.0,1.7305066269397,5.378974142144064
30.9,841.6427954418668,-0.39297382975799927,0.0556796987424143,839.9899999999988,0.0,1.6988705670340423,5.572412625719704
31.0,845.1467077294113,-1.9408699072225302,0.06493856499205042,843.9899999999988,0.0,2.2594133681212,4.039788721705836
31.1,849.0735402337572,-2.0798049407393018,0.06496270927085483,847.9899999999988,0.0,2.3451328383903642,4.185327165523156
31.200000000000003,852.9961145940898,-2.218194914393152,0.06510209993186426,851.9899999999988,0.0,2.435704262566098,4.337693961649149
31.3,856.9142479296132,-2.3572843850577523,0.06543885258484251,855.9899999999988,0.0,2.5319999817207215,4.496657563865278
31.4,860.8283915116876,-2.4976234337045358,0.06580317771270418,859.9899999999988,0.0,2.6345821572807337,4.6619815864439875
31.5,864.7385852561359,-2.639384559245107,0.06559198439079433,863.9899999999988,0.0,2.7434887893496938,4.8334429258627996
31.6,868.6450431764328,-2.782308509001194,0.06569871393852013,867.9899999999988,0.0,2.8583775471853228,5.010824855906231
31.700000000000003,872.548571535381,-2.926146095868113,0.06588312907562646,871.9899999999988,0.0,2.9789818956320477,5.193907322665437
31.8,876.4495814619486,-3.070246211239884,0.0660046744158187,875.9899999999988,0.0,3.1044527565741435,5.382487368340308
31.9,880.3479938651662,-3.2133127678516353,0.06617910384219232,879.9899999999988,0.0,3.233193243766276,5.576384499107078
32.0,880.6171762593082,-1.1572278742256201,0.05207427530626761,883.9899999999988,0.0,3.56582617897323,4.041045059505279
32.1,884.3862762328089,-1.2220526679439774,0.052251448582602625,887.9899999999988,0.0,3.8052907528122195,4.18679930772438
32.2,888.1521624154184,-1.2858221102505905,0.052179236963500776,891.9899999999988,0.0,4.047509830108751,4.339382805161118
32.300000000000004,891.9138337981218,-1.3484327911611869,0.052232748442212394,895.9899999999988,0.0,4.293413781317004,4.498580884598584
32.4,895.672255844927,-1.4115880063757167,0.05220862866586186,899.9899999999988,0.0,4.542630877410142,4.6641417821663484
32.5,899.4276839069718,-1.4756889809364366,0.052243480564150256,903.9899999999988,0.0,4.795037653778154,4.8358348854796676
32.6,903.1785816956709,-1.5398070698563966,0.05227008854648784,907.9899999999988,0.0,5.051806796741219,5.013481237390605
32.7,906.9251225314673,-1.6043003436947565,0.05228514454287564,911.9899999999988,0.0,5.31288653784519,5.196873380122615
32.800000000000004,910.6677724224537,-1.6705134798309156,0.05219287182107251,915.9899999999988,0.0,5.578236430403237,5.385802170113497
32.9,914.4069521800313,-1.7378920382587588,0.052330940904306664,919.9899999999988,0.0,5.8472807095851085,5.580075176881812
33.0,922.963636993778,-1.3418057037201547,0.044821887774327177,923.9899999999988,0.0,1.6893382038758522,4.042788856331911
33.1,926.8618925186851,-1.3969139279685618,0.04485931920213111,927.9899999999988,0.0,1.7955486658814002,4.18887026953203
33.2,930.7564903594188,-1.4524434436754197,0.04494444780178414,931.9899999999988,0.0,1.905554509973279,4.341814991843099
33.300000000000004,934.6484964108,-1.5066379569998016,0.04477395379510147,935.9899999999988,0.0,2.0173224366237617,4.501369854581784
33.4,938.537833159421,-1.5604164624938588,0.04463002571838164,939.9899999999988,0.0,2.131592847918074,4.66730079850673
33.5,942.4237146536497,-1.614173097315518,0.04471545369098038,943.9899999999988,0.0,2.2491786443688966,4.839400605859163
33.6,946.3063502782475,-1.6678189246609274,0.04469155099086586,947.9899999999988,0.0,2.3698726444706564,5.01744875012703
33.7,950.1859357731071,-1.7205072261159737,0.044677850879709234,951.9899999999988,0.0,2.49294862559732,5.201235384853382
33.800000000000004,954.0629143521669,-1.7716971103441994,0.04453555193037058,955.9899999999988,0.0,2.617741344151771,5.390551761141834
33.9,957.937632852959,-1.8230746593729281,0.04459783099353324,959.9899999999988,0.0,2.7451433696431353,5.585195218224443
34.0,965.8458955281143,-2.3576629346726046,0.04938300850140676,963.9899999999988,0.0,3.000487081260015,4.044853901809158
34.1,969.8545117125284,-2.4259176897791734,0.04956394942877753,967.9899999999988,0.0,3.059653667287151,4.191143154168235
34.2,973.8603903777204,-2.493000009590428,0.049687194693596955,971.9899999999988,0.0,3.1166342764096404,4.3442828929424735
34.300000000000004,977.8637118930473,-2.5603068415003327,0.04982613308907725,975.9899999999988,0.0,3.1726908738143367,4.5040291729852004
34.4,981.8649126698677,-2.6274435923040818,0.04965343368155351,979.9899999999988,0.0,3.2278099929170314,4.670137127620893
34.5,985.8649756531578,-2.6950459000466553,0.04973564614270246,983.9899999999988,0.0,3.283109212819063,4.842348448966754
34.6,989.8640864114742,-2.762822242879119,0.049829454207936774,987.9899999999988,0.0,3.3384707012979042,5.020435410946748
34.7,993.8611441878655,-2.829198339431955,0.049784435309589536,991.9899999999988,0.0,3.3919822840976255,5.204223051882868
34.800000000000004,997.8552604547536,-2.8943343982095997,0.04979226481132401,995.9899999999988,0.0,3.443307737152133,5.393541525909581
34.9,1001.8463912515964,-2.957952093092451,0.04971148151172344,999.9899999999988,0.0,3.492229812603729,5.588207275065351
35.0,1002.7459505673611,-1.6061779138102572,0.03244836560281551,1003.9899999999988,0.0,2.0316167162282284,4.045089273840043
35.1,1006.6250162140276,-1.6194537707967596,0.03232015651565863,1007.9899999999988,0.0,2.117973383145315,4.191241062163917
35.2,1010.5016626141868,-1.6323671672905884,0.0320092275148683,1011.9899999999988,0.0,2.209020312911115,4.34421723269562
35.300000000000004,1014.3760221836726,-1.6439779644975188,0.031865651116764176,1015.9899999999988,0.0,2.303820292328885,4.5037794801801825
35.4,1018.248062109859,-1.656347176790184,0.031990721781008424,1019.9899999999988,0.0,2.403712458503584,4.669691525090229
35.5,1022.1169844668932,-1.6709613367093836,0.03192441996113816,1023.9899999999988,0.0,2.510039636346866,4.841746695679808
35.6,1025.9823241424142,-1.6863599930070097,0.03180416546516122,1027.9899999999989,0.0,2.621940574296632,5.019747035285659
35.7,1029.8445422724558,-1.701558816913616,0.03176824974878129,1031.9899999999989,0.0,2.738300799417555,5.2034761051768434
35.800000000000004,1033.7037670968607,-1.7171470295063218,0.03169941347762994,1035.9899999999989,0.0,2.8592752243066726,5.392732695180979
35.9,1037.5597859482236,-1.7321265838312747,0.03198762317724209,1039.9899999999989,0.0,2.984326195284426,5.587340807820196
36.0,1042.5563088860756,0.7319295579615865,0.003888001271220826,1043.9899999999989,0.0,1.6097177044315445,4.044950993775479
36.1,1046.4448549931665,0.8040727168780837,0.0037544180890600044,1047.9899999999989,0.0,1.7418398394131414,4.191122799767954
36.2,1050.3306201895364,0.8766441210968136,0.003798108564998191,1051.9899999999989,0.0,1.876711557598598,4.344131957575601
36.3,1054.2134663928464,0.9493229118936076,0.0036074876565289136,1055.9899999999989,0.0,2.014270500302376,4.503745810648911
36.4,1058.0929756878852,1.0219759923639502,0.003476956009723304,1059.9899999999989,0.0,2.1547937650082964,4.669744878138506
36.5,1061.969490509439,1.0947110803618363,0.0032966561468518326,1063.9899999999989,0.0,2.2980102155798083,4.841896440527542
36.6,1065.8431692492109,1.1677369075067199,0.0032378526777181423,1067.9899999999989,0.0,2.4438681956444337,5.019980515395328
36.7,1069.714070006045,1.2424711343020827,0.003380688265020291,1071.9899999999989,0.0,2.5929889812633236,5.203792651645624
36.8,1073.583031888879,1.3179386880748245,0.003302421658300361,1075.9899999999989,0.0,2.7441679747187457,5.393105803337573
36.9,1077.4502065619365,1.3922278015545047,0.00292984715045019,1079.9899999999989,0.0,2.8963509731118426,5.5877200792421275
37.0,1081.098346972607,3.5237216321087765,-0.02095426966780936,1083.9899999999989,0.0,4.558318919449991,4.044991277744647
37.1,1084.9534573060212,3.6697314649227706,-0.020957741907576405,1087.9899999999989,0.0,4.763141878738614,4.191095969127327
37.2,1088.8059754568267,3.8158618059622245,-0.02137567739199905,1091.9899999999989,0.0,4.969790097551829,4.344025880041559
37.3,1092.656311305769,3.96277914735938,-0.021676846281558113,1095.9899999999989,0.0,5.178522847374829,4.503536066401164
37.4,1096.5046403033964,4.109714184030065,-0.021990493514721647,1099.9899999999989,0.0,5.38864388219511,4.669386459031261
37.5,1100.3503465809488,4.256113776110083,-0.02218918509938082,1103.9899999999989,0.0,5.600141202326692,4.8413664098102736
37.6,1104.1930054286736,4.403027001741712,-0.022464940491401852,1107.9899999999989,0.0,5.814104793752887,5.019275652766152
37.7,1108.0323211295834,4.551385427121829,-0.02242938239253502,1111.9899999999989,0.0,6.031445212181772,5.202921040805056
37.8,1111.8682421605263,4.701637656269407,-0.022234805601014672,1115.9899999999989,0.0,6.252542230013665,5.39211150508858
37.9,1115.7006466288585,4.853069299877033,-0.02242410710419394,1119.9899999999989,0.0,6.4769463462284484,5.586664914836183
38.0,1125.8084973650248,2.355212361527526,0.007772664569150278,1123.9899999999989,0.0,2.975560104333002,4.046024463517466
38.1,1129.8511651158822,2.416504680180958,0.007582794478946627,1127.9899999999989,0.0,3.0501525302707986,4.192346898040372
38.2,1133.8908107586174,2.476646591501093,0.00757887851908344,1131.9899999999989,0.0,3.121996136972912,4.345523965890569
38.3,1137.9273286705863,2.5350656800051627,0.007568244485279313,1135.9899999999989,0.0,3.1905799441199205,4.505322318053779
38.400000000000006,1141.9609156258164,2.5918462054852944,0.007349794498786071,1139.9899999999989,0.0,3.256098149162598,4.671505544310493
38.5,1145.9919391521391,2.6472037820844814,0.0071090458036498425,1143.9899999999989,0.0,3.318952881972637,4.843837780427526
38.6,1150.020444384601,2.7018363602108724,0.007154957184063891,1147.9899999999989,0.0,3.3797372851036456,5.022102752342221
38.7,1154.0470702190926,2.7552595710682084,0.00720027566272212,1151.9899999999989,0.0,3.438457966915574,5.206068108854481
38.8,1158.0726428324206,2.809407102093548,0.007132290007393305,1155.9899999999989,0.0,3.497165914384266,5.395509132123429
38.900000000000006,1162.096752429022,2.865659666731798,0.0073029202027621925,1159.9899999999989,0.0,3.5567416440793402,5.590254523977923
39.0,1167.5821836186647,-0.7523968665796925,0.056543077422421255,1163.9899999999989,0.0,3.6701340840696486,4.047079333274473
39.1,1171.6529438037185,-0.8241149471594816,0.05630638332668596,1167.9899999999989,0.0,3.7545069923146346,4.193398342473688
39.2,1175.7211951694717,-0.8965655350629128,0.056353148816581336,1171.9899999999989,0.0,3.83740109336513,4.346557902108656
39.3,1179.7870005867815,-0.9690980285546021,0.056656985308974624,1175.9899999999989,0.0,3.91871974565364,4.50632124537873
39.400000000000006,1183.8500425948785,-1.0427500821533329,0.05651434947865373,1179.9899999999989,0.0,3.998406753710223,4.67246794757189
39.5,1187.9107392076687,-1.1183024990919272,0.05629966475664331,1183.9899999999989,0.0,4.07710637757157,4.844758822204813
39.6,1191.9696586599964,-1.1953054073004634,0.05631065077436141,1187.9899999999989,0.0,4.155290370938611,5.022956170857811
39.7,1196.0269303972568,-1.2734872492688765,0.056213856823377276,1191.9899999999989,0.0,4.233033995416953,5.206846490148846
39.8,1200.0821653742735,-1.3518953314501503,0.05638608144727489,1195.9899999999989,0.0,4.309691223000633,5.396247230380432
39.900000000000006,1204.135117475842,-1.4299726463332323,0.05610735151226379,1199.9899999999989,0.0,4.384839866836782,5.590981339062756
40.0,1208.2363520718839,1.4199742597006226,0.01499968837724753,1203.9899999999989,0.0,4.4774806327458565,4.046044944199737
40.1,1212.2867416913416,1.44333571486073,0.014509122846063024,1207.9899999999989,0.0,4.5326821141477955,4.192182262610949
40.2,1216.3353950021667,1.4662468953230416,0.014328994525429864,1211.9899999999989,0.0,4.586102668160586,4.3451271895876875
40.3,1220.3822367031657,1.4878119106262884,0.014324255836219636,1215.9899999999989,0.0,4.6373836953661325,4.504644645863515
40.400000000000006,1224.4278799038022,1.509117866090152,0.01451927750694261,1219.9899999999989,0.0,4.687452909025794,4.670481514624812
40.5,1228.4728707978493,1.5305677127778703,0.014587450405617397,1223.9899999999989,0.0,4.736957685436725,4.842390426108824
40.6,1232.5168646571974,1.553020424993342,0.014565295988867326,1227.9899999999989,0.0,4.785851655143488,5.020162159047726
40.7,1236.5595428203533,1.5773754943144658,0.014363576907964,1231.9899999999989,0.0,4.83413229412645,5.203597286341286
40.8,1240.6010926398783,1.6020627717700398,0.014299668740643276,1235.9899999999989,0.0,4.881473185242507,5.392490313133444
40.900000000000006,1244.641644943173,1.627311712657408,0.014469505540805847,1239.9899999999989,0.0,4.9280771186650885,5.5866473506689465
41.0,1248.051174717311,0.773683009102036,0.023734771919491998,1243.9899999999989,0.0,4.134214010317769,4.0448663033122845
41.1,1252.0679261388548,0.7666785341408325,0.023447870145262863,1247.9899999999989,0.0,4.149370743700366,4.19064784973298
41.2,1256.084052868966,0.7587225440278538,0.023342096158204102,1251.9899999999989,0.0,4.163763777246939,4.343185168227181
41.3,1260.0996161396438,0.7501097720923644,0.023615609480903674,1255.9899999999989,0.0,4.177512356106013,4.502237601216879
41.400000000000006,1264.114835400766,0.7405276459105233,0.023448590084812825,1259.9899999999989,0.0,4.1907813445441455,4.667564656427119
41.5,1268.129720803326,0.7302614273331571,0.023593239090565297,1263.9899999999989,0.0,4.203637720088514,4.838938259654543
41.6,1272.144077092254,0.7189342430115526,0.023539504244911795,1267.9899999999989,0.0,4.2158300409497,5.016146768129999
41.7,1276.1581345365298,0.7051550035135283,0.02361545758872611,1271.9899999999989,0.0,4.22736195441107,5.198977227378475
41.8,1280.172075948469,0.6891674115726452,0.023420449862074304,1275.9899999999989,0.0,4.2384797935045135,5.387225864493208
41.900000000000006,1284.185801065131,0.6718571238772822,0.023398967005952676,1279.9899999999989,0.0,4.249251530925056,5.580706950649027
42.0,1280.0371890096112,-0.9853866477986959,0.021812373818724383,1283.9899999999989,0.0,4.073782219435574,4.042119986828939
42.1,1283.7693658499602,-1.0594491147833485,0.021994260147633914,1287.9899999999989,0.0,4.3515727105597035,4.187422453811921
42.2,1287.5008838304946,-1.1340341409124874,0.021777738202334928,1291.9899999999989,0.0,4.630140107605839,4.33947207980241
42.3,1291.2314800295956,-1.2085098330740869,0.02153334081535149,1295.9899999999989,0.0,4.909583314840874,4.498036418519887
42.400000000000006,1294.9617272518929,-1.2824570394345094,0.021401383770641224,1299.9899999999989,0.0,5.189241070459223,4.6628673729654375
42.5,1298.6910690504246,-1.3550396437781471,0.021412404920270103,1303.9899999999989,0.0,5.46944253508218,4.833748376431451
42.6,1302.4187910213207,-1.4262677698780117,0.02143183610683339,1307.9899999999989,0.0,5.750878996770629,5.010478834618663
42.7,1306.144929615967,-1.49725429907609,0.021305701328084733,1311.9899999999989,0.0,6.033789707173191,5.192854878850356
42.8,1309.869923930107,-1.5686951532525406,0.021295513905995666,1315.9899999999989,0.0,6.317921777380682,5.3806713578620835
42.900000000000006,1313.5944365787177,-1.6418264334558967,0.02101291055787404,1319.9899999999989,0.0,6.602940671642006,5.573730275420921
43.0,1319.4422196948283,-2.839217366264118,0.03540513212034513,1323.9899999999989,0.0,5.361292843801135,4.040156039912818
43.1,1323.2377941839723,-2.948495699479593,0.03555149656039068,1327.9899999999989,0.0,5.592592154602985,4.185312039293083
43.2,1327.032330375001,-3.0579543478073767,0.035661178823678655,1331.9899999999989,0.0,5.824909690621839,4.337218067826298
43.3,1330.825822343743,-3.1681092378250697,0.035676634092824816,1335.9899999999989,0.0,6.058518548965916,4.4956404437974955
43.400000000000006,1334.6177276987191,-3.2792995252855395,0.03577597760788953,1339.9899999999989,0.0,6.294053944449113,4.660360292448336
43.5,1338.407793462696,-3.391055499847795,0.035613347232276105,1343.9899999999989,0.0,6.531484305129678,4.8311566597979345
43.6,1342.1966082820293,-3.502510762832519,0.03555857367207222,1347.9899999999989,0.0,6.769857401865742,5.007796990691379
43.7,1345.9842591793024,-3.612727475325887,0.035570982847399,1351.9899999999989,0.0,7.008617739351641,5.190067367450447
43.8,1349.7702037037054,-3.7229506151112086,0.03543340703050167,1355.9899999999989,0.0,7.2488776545022935,5.377788539990802
43.900000000000006,1353.5541711150322,-3.834561556568025,0.035366496493126454,1359.9899999999989,0.0,7.491578990285071,5.570787613915728
44.0,1360.9729645540133,-2.7904606525896356,0.03559485692705672,1363.9899999999989,0.0,4.109643967058997,4.039091912012779
44.1,1364.878371299919,-2.862080761801474,0.03544162913536214,1367.9899999999989,0.0,4.227734553426262,4.184281119513496
44.2,1368.7825502211017,-2.933798670753934,0.035287067899755546,1371.9899999999989,0.0,4.3468274321239235,4.336228748300839
44.3,1372.6854139047668,-3.0046157738695674,0.03514479643263914,1375.9899999999989,0.0,4.466318977568291,4.494696509023623
44.400000000000006,1376.5866872046113,-3.0734252961975876,0.03505702676892557,1379.9899999999989,0.0,4.585682177665187,4.65945371353419
44.5,1380.4862127001068,-3.141697167868167,0.03536067351105868,1383.9899999999989,0.0,4.706037243528371,4.830285317988075
44.6,1384.3841838746469,-3.210326369070463,0.03533071968892178,1387.9899999999989,0.0,4.827846862297706,5.00697525568507
44.7,1388.2807310328703,-3.278591789593374,0.03537440416133253,1391.9899999999989,0.0,4.950539404276253,5.18931122129713
44.8,1392.1768441395914,-3.3475865784797647,0.03545833478961797,1395.9899999999989,0.0,5.074100266665802,5.377078558629883
44.900000000000006,1396.0728608612299,-3.4185278259894263,0.03561454042830081,1399.9899999999989,0.0,5.199068332840035,5.570085984946755
45.0,1400.3365340133705,-3.8711872188048337,0.039119866286947594,1403.9899999999989,0.0,5.322960097397711,4.038796291632491
45.1,1404.2431475442438,-3.9590857928584584,0.03927762916556798,1407.9899999999989,0.0,5.4509874005001535,4.183982957013126
45.2,1408.148870004378,-4.047145236033319,0.03937401472737865,1411.9899999999989,0.0,5.579754851676287,4.335924184680095
45.3,1412.0532198769947,-4.135002646486296,0.03928287701391243,1415.9899999999989,0.0,5.709333115463599,4.494391220592824
45.400000000000006,1415.955884163891,-4.223597783281579,0.03919176855613837,1419.9899999999989,0.0,5.8406222968171875,4.659162235116741
45.5,1419.856819840831,-4.312940447724496,0.0392455704633079,1423.9899999999989,0.0,5.97366165209897,4.830014492874773
45.6,1423.755876990705,-4.402975960295707,0.03916061165999221,1427.9899999999989,0.0,6.108518229879774,5.0067357046944885
45.7,1427.6536592208474,-4.494592948778649,0.039035234090815094,1431.9899999999989,0.0,6.245415688978796,5.189111108546718
45.8,1431.551458730392,-4.587282113255608,0.03923394061557785,1435.9899999999989,0.0,6.383087480882506,5.376913188366927
45.900000000000006,1435.4486535468932,-4.6805475417829445,0.03919459223252445,1439.9899999999989,0.0,6.521606619386513,5.569965334488085
46.0,1440.2492877812233,-0.05076110384744204,0.007023393832672308,1443.9899999999989,0.0,3.741056614562343,4.038700791443865
46.1,1444.1732062726617,0.018316779177102414,0.006694727691378118,1447.9899999999989,0.0,3.816837678162383,4.183941558458965
46.2,1448.0955833852365,0.08894731855306157,0.006777141834143049,1451.9899999999989,0.0,3.8954322474938277,4.335948209963466
46.3,1452.0169777308201,0.16094253264242717,0.006619491127584897,1455.9899999999989,0.0,3.9762807308090613,4.494474410822473
46.400000000000006,1455.9375401420275,0.2333366905789324,0.006387665966089295,1459.9899999999989,0.0,4.059171949011235,4.65928799554683
46.5,1459.8574017740825,0.30490621933119283,0.006559213919487151,1463.9899999999989,0.0,4.143831065503737,4.830165237759638
46.6,1463.7760220378777,0.37511036666675407,0.006373443568548595,1467.9899999999989,0.0,4.230640383254461,5.006902540677243
46.7,1467.6934221921108,0.44566458558196986,0.006178328260731932,1471.9899999999989,0.0,4.319629357025693,5.1892848168054115
46.8,1471.6099003158388,0.51650362487815,0.006126955520546856,1475.9899999999989,0.0,4.41044773664665,5.3771080115090575
46.900000000000006,1475.5256143416643,0.5866077758257534,0.006108984523554084,1479.9899999999989,0.0,4.502760041241643,5.570185793556996
47.0,1480.411655756719,-0.7297995248050971,0.018861470033772948,1483.9899999999989,0.0,3.6520069646455693,4.03888814342744
47.1,1484.358248958542,-0.7075305155637113,0.018820592735305657,1487.9899999999989,0.0,3.7000290617206506,4.184131437498384
47.2,1488.303088830323,-0.6855474328953485,0.018766951346735897,1491.9899999999989,0.0,3.750105232634085,4.336151420483854
47.3,1492.2455579015661,-0.6630647420613724,0.018559373743155177,1495.9899999999989,0.0,3.802696606446563,4.494722883082393
47.400000000000006,1496.185559784791,-0.6408302730680467,0.01849231488688378,1499.9899999999989,0.0,3.8580343168473568,4.6596225807684055
47.5,1500.1228481751937,-0.6178266993600684,0.018400907513173068,1503.9899999999989,0.0,3.9161936962484867,4.83062990698648
47.6,1504.0575458907824,-0.5936727945464325,0.018515631268041986,1507.9899999999989,0.0,3.9770142956843793,5.007527559337141
47.7,1507.990669509273,-0.5691554327736692,0.018371308598776784,1511.9899999999989,0.0,4.03962650262445,5.190090564663678
47.8,1511.9223657299806,-0.543895713235149,0.018639151058238573,1515.9899999999989,0.0,4.103836144572878,5.3781168481278865
47.900000000000006,1515.852164712409,-0.5181513329989277,0.018579151379838996,1519.9899999999989,0.0,4.170151276766009,5.571433589994152
48.0,1520.9929068268991,0.45085127478672765,0.013114562202523692,1523.9899999999989,0.0,3.030814141483767,4.039374202651637
48.1,1524.9594458849024,0.511234745910659,0.012939102757838501,1527.9899999999989,0.0,3.0733726116360542,4.1848299584772635
48.2,1528.9226351411767,0.5722363204265924,0.0130647285055209,1531.9899999999989,0.0,3.1202854971224534,4.337121050237089
48.3,1532.8825299258244,0.6337955353277881,0.012934986222952187,1535.9899999999989,0.0,3.171445576151538,4.496019144489061
48.400000000000006,1536.8396632117644,0.6972696376728982,0.012999155141934782,1539.9899999999989,0.0,3.226578191664305,4.6612844933981705
48.5,1540.7940037926367,0.762955887704707,0.012848591075722927,1543.9899999999989,0.0,3.285801796222184,4.832699622304031
48.6,1544.7459627566866,0.8295669410372374,0.01272551765316572,1547.9899999999989,0.0,3.3484263386938946,5.010044706758269
48.7,1548.6959449134742,0.8964638835274769,0.012528350216454466,1551.9899999999989,0.0,3.413860923870201,5.193104146207706
48.8,1552.6434291147964,0.9635834602777109,0.012407095895790395,1555.9899999999989,0.0,3.4825320924014025,5.381698707043473
48.900000000000006,1556.588565121306,1.0302682802870105,0.01227910904758243,1559.9899999999989,0.0,3.55404163781947,5.575639432977295
49.0,1563.2272612688428,-5.694166878697976,0.09533133958564069,1563.9899999999989,0.0,5.745024526881211,4.0415090314336135
49.1,1567.2628136151964,-5.8659774594682705,0.09552992547694208,1567.9899999999989,0.0,5.910879088023369,4.187437080950862
49.2,1571.296366653376,-6.03822212708015,0.09588119425827613,1571.9899999999989,0.0,6.077931693883006,4.340214535048099
49.3,1575.3276483300367,-6.209929335948812,0.09577717953813791,1575.9899999999989,0.0,6.245152687659391,4.499614794564968
49.400000000000006,1579.3567038690414,-6.381636839836266,0.09591863899065871,1579.9899999999989,0.0,6.412983139307404,4.665408105663718
49.5,1583.3844248216249,-6.554674618363761,0.09593007083799593,1583.9899999999989,0.0,6.582589205569859,4.837338457480204
49.6,1587.4111074229509,-6.727915743606622,0.09586549153517417,1587.9899999999989,0.0,6.75277475330187,5.015173072245193
49.7,1591.4359901654582,-6.900868623025621,0.0960313753883905,1591.9899999999989,0.0,6.923071186188059,5.1987321874373285
49.8,1595.4594722840432,-7.073005215887396,0.09589440636483658,1595.9899999999989,0.0,7.0928740607293665,5.387800874500756
49.900000000000006,1599.4819878245796,-7.243235720123596,0.09595883430699455,1599.9899999999989,0.0,7.261028857376108,5.582170727948801
50.0,1605.8207355112372,-0.6726906493100475,0.0015851993971005148,1603.9799999999989,0.0,1.9598009929589866,4.043076778378992
50.1,1609.9008980335477,-0.6086915162591985,0.001547740951789739,1607.949999999999,0.0,2.0436507772294505,4.18973065793497
50.2,1613.9660268682026,-0.5441952062684197,0.0014067503220256427,1611.899999999999,0.0,2.136496066615788,4.343812366909256
50.3,1618.0166040560302,-0.47984281843193116,0.001484437367770285,1615.829999999999,0.0,2.2386349475188934,4.505205478385919
50.400000000000006,1622.0533929621647,-0.41749971758305066,0.0015227647081178736,1619.739999999999,0.0,2.350764346245555,4.673784416453725
50.5,1626.074692901348,-0.3554133707921103,0.0014354315386825723,1623.6299999999992,0.0,2.4703930954492326,4.849570526090164
50.6,1630.0780382694722,-0.2911292330079314,0.0014444923028021329,1627.499999999999,0.0,2.5944243194165297,5.032689714109669
50.7,1634.064330218913,-0.2257923169680118,0.0010803188101189503,1631.3499999999992,0.0,2.7237053268865976,5.2231093023058355
50.8,1638.0341069034405,-0.1599058332262305,0.001208366216310727,1635.1799999999992,0.0,2.8585828817390015,5.420819659620431
50.900000000000006,1641.9871939450475,-0.09364221794963473,0.0010152604733820408,1638.989999999999,0.0,2.998656434007923,5.6258676090823245
51.0,1642.1764755402194,-2.029146397153898,0.0419650314687849,1642.779999999999,0.0,2.1169971361896107,4.061519064850073
51.1,1645.9653538672917,-2.041376452380043,0.041723872455098975,1646.549999999999,0.0,2.123447414187926,4.217570829056093
51.2,1649.7372262054148,-2.0549802596431017,0.04179486678602484,1650.299999999999,0.0,2.1306473690861143,4.383193482486263
51.3,1653.4902073311935,-2.069745901286462,0.041787411391173895,1654.029999999999,0.0,2.1389773774372616,4.558608337921348
51.400000000000006,1657.2245547102912,-2.08560991589362,0.041524669933637945,1657.739999999999,0.0,2.14836043716037,4.743887306026663
51.5,1660.9423578887825,-2.1031249456814183,0.04137177075568829,1661.4299999999992,0.0,2.158918563952645,4.938873589955013
51.6,1664.6432640722828,-2.1211889571082656,0.041439787526774,1665.0999999999992,0.0,2.1698042076245083,5.143613003903758
51.7,1668.3270815721041,-2.1397283650642676,0.041241574158250485,1668.749999999999,0.0,2.181122984362355,5.358136017306696
51.8,1671.9935342185393,-2.1593242378014743,0.04143540142789969,1672.3799999999994,0.0,2.193635558655207,5.582487455196239
51.900000000000006,1675.642145798781,-2.178427868164894,0.04130659303080476,1675.989999999999,0.0,2.2060259568061538,5.8167473770606
52.0,1678.4906395291619,-2.626711299298063,0.045845018460192156,1679.5799999999992,0.0,2.8436452811986204,4.1309617352708665
52.1,1682.0773527603258,-2.6626349656843544,0.04586657926438464,1683.1499999999992,0.0,2.8705743434483493,4.306481705005561
52.2,1685.648581466896,-2.6984291644142213,0.04573801793135122,1686.6999999999991,0.0,2.896031920941795,4.493535861246362
52.3,1689.2037888523182,-2.734077407043639,0.04548210607184827,1690.229999999999,0.0,2.920323370336068,4.692056280582934
52.400000000000006,1692.7428408697026,-2.7708351248283596,0.04525607619753766,1693.739999999999,0.0,2.9448011172431077,4.9019246133388465
52.5,1696.2657777185007,-2.810311648308511,0.045408418836134876,1697.229999999999,0.0,2.9711237215499082,5.122991530376164
52.6,1699.7721072808258,-2.852165268450724,0.045494698284251234,1700.6999999999991,0.0,2.999305189014856,5.35519204301092
52.7,1703.2619323516474,-2.895991515801683,0.04560766085627119,1704.1499999999992,0.0,3.029097391574665,5.598365057890798
52.8,1706.7352731476728,-2.9407853820885874,0.04553856719794529,1707.5799999999992,0.0,3.0597029461284624,5.852359408517573
52.900000000000006,1710.1916697600363,-2.98644097097313,0.04554370217029546,1710.989999999999,0.0,3.091304068697532,6.117132962792587
53.0,1714.576040855072,-6.0217614905506025,0.26487373642309814,1714.3799999999994,0.0,6.024951739718404,4.276683780658397
53.1,1718.0437644005328,-6.236199765482481,0.26504212379969744,1717.749999999999,0.0,6.2431150107958695,4.480227994344807
53.2,1721.4960183229398,-6.455050534284267,0.26556977415687,1721.0999999999992,0.0,6.467187016954764,4.6971908455798665
53.3,1724.9313045583133,-6.677240675022214,0.2659678519722032,1724.4299999999992,0.0,6.696032354488563,4.927569992442273
53.400000000000006,1728.3490902377814,-6.904872913761424,0.2664775036951663,1727.739999999999,0.0,6.931685283750113,5.171384805945663
53.5,1731.7490266988057,-7.137842506441463,0.266844716429491,1731.029999999999,0.0,7.173966478898495,5.4285210249980285
53.6,1735.1315990480177,-7.375650560166658,0.2672323378467422,1734.299999999999,0.0,7.42238359035373,5.698637669964185
53.7,1738.4972140631214,-7.617675837846456,0.26768218833979834,1737.549999999999,0.0,7.676340251180019,5.9813819229348075
53.8,1741.8447143689807,-7.861896771153466,0.26802453155817096,1740.779999999999,0.0,7.933664823257236,6.276712422827394
53.900000000000006,1745.174321806236,-8.10915457980876,0.26878757240229856,1743.989999999999,0.0,8.195181885715645,6.584447541570662
54.0,1745.1955625786754,0.547025948630922,-0.1699140660882295,1747.1799999999992,0.0,2.0584531249522033,4.217940887708652
54.1,1748.346733007047,0.7275584391788601,-0.1701886644004131,1750.3499999999992,0.0,2.1312953637335026,4.400895830268521
54.2,1751.4797493834076,0.9134887142304807,-0.1705744865352709,1753.499999999999,0.0,2.2171770756673537,4.594412300042049
54.3,1754.5964008346032,1.1035137030018585,-0.17095067973750253,1756.6299999999994,0.0,2.3137130457801405,4.7980140482785885
54.400000000000006,1757.6969914618408,1.2974069312217604,-0.17137018258078743,1759.739999999999,0.0,2.420154671125416,5.011380671837548
54.5,1760.7798816782172,1.494421009584056,-0.17173650667006798,1762.8299999999992,0.0,2.5369823190540255,5.234434142980295
54.6,1763.845890691994,1.6929086256528145,-0.17212363301661748,1765.8999999999992,0.0,2.6618235599007716,5.466789748034168
54.7,1766.8960194134838,1.8933332429182532,-0.17247354501557688,1768.9499999999991,0.0,2.7934829547575766,5.708075584641479
54.8,1769.9291158519313,2.096981058024853,-0.17300721498139807,1771.979999999999,0.0,2.9331647322492365,5.958250869056149
54.900000000000006,1772.944123320211,2.3049570642212647,-0.1733582119732413,1774.989999999999,0.0,3.081953675317689,6.217298559647351
55.0,1775.0482593030767,4.034377320643733,-0.23239046277965691,1777.979999999999,0.0,4.9871137824713125,4.196723657924798
55.1,1777.9945659767068,4.321609517996605,-0.2330323235604728,1780.9499999999991,0.0,5.235541910067465,4.370366389727044
55.2,1780.9246027946308,4.613940625356997,-0.2334650543171957,1783.8999999999992,0.0,5.490121731258214,4.553100454643932
55.3,1783.8393491226966,4.911875108912536,-0.2339838122450212,1786.8299999999992,0.0,5.750696458296647,4.744591403746274
55.400000000000006,1786.7363891027537,5.214564428796899,-0.23456467699423122,1789.739999999999,0.0,6.017753783940078,4.944768397780844
55.5,1789.6144404562651,5.520597593664602,-0.2349382150551845,1792.6299999999994,0.0,6.290516445649149,5.153486900491218
55.6,1792.4754637778,5.830373378572504,-0.2354102015918174,1795.499999999999,0.0,6.568186438657232,5.37035615682541
55.7,1795.320100131156,6.144201162445469,-0.23608394136569988,1798.3499999999992,0.0,6.850656985998634,5.595099340211278
55.8,1798.148138702934,6.461494945490543,-0.2366689150036107,1801.1799999999992,0.0,7.137443509775886,5.8275116501259685
55.900000000000006,1800.9604609530215,6.783086912572775,-0.23716167680489242,1803.989999999999,0.0,7.428887864322477,6.067321946745939
56.0,1806.0053035854255,-1.5901440852705684,0.06099987649378044,1806.779999999999,0.0,1.7688167645841932,4.350990248744498
56.1,1808.8616103387715,-1.6475988334680567,0.060944768853590806,1809.549999999999,0.0,1.7856265683872192,4.545214252012313
56.2,1811.7008095605308,-1.7067922524907555,0.06117179325885482,1812.299999999999,0.0,1.808913755797264,4.749789706956269
56.3,1814.5229196129533,-1.7664756871289449,0.06131407937998151,1815.029999999999,0.0,1.8378157884141124,4.964436224349004
56.400000000000006,1817.3288403217136,-1.8276928807080717,0.06163800436771322,1817.739999999999,0.0,1.8733695703834763,5.188759242645548
56.5,1820.119843291787,-1.8914918988579783,0.06171503348828665,1820.4299999999992,0.0,1.9167521454518746,5.42229643274962
56.6,1822.8958882081947,-1.9567961272468126,0.06172219419313186,1823.0999999999992,0.0,1.9674126936567657,5.664778949534663
56.7,1825.6555344921553,-2.0225369692906883,0.0616293067953524,1825.7499999999995,0.0,2.02474184140098,5.916196166262153
56.8,1828.3978745726063,-2.0890695088135427,0.06187240801734092,1828.3799999999997,0.0,2.0891459769485534,6.176498305294291
56.900000000000006,1831.1236510380731,-2.156894141459639,0.06207257874646535,1830.9899999999996,0.0,2.161030989468004,6.4453703433502225
57.0,1834.8975722345276,-1.010871623505526,-0.005642286433514793,1833.5799999999992,0.0,1.660679990970199,4.2708659811615295
57.1,1837.6242255669838,-1.0213313740881516,-0.005704790195013262,1836.1499999999992,0.0,1.7934488557101091,4.449830014761943
57.2,1840.334494101659,-1.0319451180122672,-0.005810211168909218,1838.6999999999991,0.0,1.932998110436238,4.637877242376437
57.3,1843.0278558669424,-1.0419520718167297,-0.006044940116923136,1841.229999999999,0.0,2.0779677182925034,4.834812192141079
57.400000000000006,1845.704679434496,-1.0510462935906324,-0.00609183551543801,1843.739999999999,0.0,2.2281525063616674,5.0403535316328005
57.5,1848.3650929493135,-1.05998252867287,-0.00618953467427735,1846.229999999999,0.0,2.383733387630388,5.2542496091679824
57.6,1851.0087656400904,-1.0678758279875948,-0.006452326818834364,1848.6999999999991,0.0,2.5437683787770515,5.476315778290022
57.7,1853.635248908169,-1.074348435260257,-0.006553667151401297,1851.1499999999992,0.0,2.7075240896260007,5.706398509374197
57.8,1856.245066183313,-1.0818872030229272,-0.006729465680982116,1853.5799999999992,0.0,2.876292349798076,5.944235761370238
57.900000000000006,1858.8379479564178,-1.0897903825733548,-0.006824739638669525,1855.9899999999996,0.0,3.0493360983033995,6.189680545545332
58.0,1858.868986852137,0.2227558055072213,-0.060516664289889596,1858.3799999999997,0.0,0.5373344307321807,4.179742799380545
58.1,1861.3329599227463,0.27469089441559935,-0.060834384680159025,1860.7499999999995,0.0,0.6444356903553615,4.345199125285028
58.2,1863.779731116276,0.3273640048628401,-0.061166949938011674,1863.0999999999992,0.0,0.7544544930708146,4.51887598840788
58.3,1866.209562760288,0.3794604434933948,-0.0612229094801721,1865.4299999999992,0.0,0.8670111449141711,4.700514655627654
58.400000000000006,1868.6216682339737,0.42932041537867516,-0.06133997642753466,1867.739999999999,0.0,0.9806400429621065,4.889928460741455
58.5,1871.016314710782,0.4788123473617182,-0.06165813434223449,1870.029999999999,0.0,1.0963931651978989,5.086885595687864
58.6,1873.394975772069,0.5301545027481867,-0.06168429708807627,1872.299999999999,0.0,1.216567194282557,5.291075540476043
58.7,1875.7582587445988,0.5834652117589638,-0.061627542412638216,1874.549999999999,0.0,1.3417603538765,5.502242833598847
58.8,1878.1051269054344,0.6372270621296549,-0.06173701712427566,1876.779999999999,0.0,1.4703807820490138,5.720259626196617
58.900000000000006,1880.4339733557515,0.6915782687529082,-0.06206952204196751,1878.989999999999,0.0,1.6010432704752646,5.945070703529549
59.0,1882.900804243018,1.959776825174131,-0.0931709590364395,1881.1799999999992,0.0,2.608043797040468,4.151855279387487
59.1,1885.1986423771034,2.0682048264262654,-0.09339435843653664,1883.3499999999992,0.0,2.773977260627465,4.313073265021222
59.2,1887.47964969793,2.1776378267948,-0.09388953421870144,1885.4999999999995,0.0,2.9429779868703756,4.482195554000769
59.3,1889.7432625933925,2.2876435821645753,-0.09396139794166104,1887.6299999999997,0.0,3.1143525727913706,4.659014762534508
59.400000000000006,1891.9885677895168,2.3988985972235284,-0.09409553172513038,1889.7399999999996,0.0,3.2879737808892764,4.8433576401007326
59.5,1894.2159489192156,2.512182285541202,-0.09457524314354114,1891.8299999999992,0.0,3.464651797929609,5.034991727185492
59.6,1896.4274159821703,2.6277377742933106,-0.09468630586594527,1893.8999999999992,0.0,3.6459343599935745,5.233590954020624
59.7,1898.6247888366986,2.745505521646534,-0.0950101642925486,1895.9499999999991,0.0,3.833053076898841,5.4388350056656805
59.8,1900.807854117715,2.8639647909905244,-0.09520268434729849,1897.979999999999,0.0,4.0248047449678275,5.650523485614331
59.900000000000006,1902.9758784356209,2.9841018897543283,-0.0955088820518842,1899.989999999999,0.0,4.221413758534748,5.86851679296646
60.0,1905.9118054858377,2.2982991794498675,-0.08345240462516874,1901.979999999999,0.0,4.554258830669421,4.14124045437317
60.1,1908.0761110147816,2.3899174400761725,-0.08378751266855228,1903.9499999999991,0.0,4.7682803479545735,4.300454768155594
60.2,1910.2245636892835,2.4819132404694813,-0.08409575742302305,1905.8999999999992,0.0,4.986155275951024,4.46738868763415
60.3,1912.357473946488,2.575240736920736,-0.08444210212260847,1907.8299999999992,0.0,5.208635636059625,4.641793947308571
60.400000000000006,1914.476227248414,2.6700737080216164,-0.08466104237595712,1909.7399999999996,0.0,5.437015923729863,4.82336749821485
60.5,1916.5806136124768,2.7652006254643147,-0.0848952371194154,1911.6299999999997,0.0,5.670529925775198,5.011883401242048
60.6,1918.6702078949843,2.8592686950305377,-0.08506804483923588,1913.4999999999995,0.0,5.908169525982154,5.207138172113673
60.7,1920.7452293346237,2.953686390062118,-0.08537319002310674,1915.3499999999997,0.0,6.150834322596035,5.408916538673575
60.8,1922.806031027361,3.0494820724032277,-0.08547622794905294,1917.1799999999996,0.0,6.39934106222998,5.617004525472752
60.900000000000006,1924.853373934614,3.1466871473114315,-0.08585848374879768,1918.9899999999996,0.0,6.654381556551331,5.83117041938547
61.0,1920.9535044649192,0.39685444127078223,-0.035861397089399644,1920.7799999999995,0.0,0.43312497838777664,4.122418574390612
61.1,1922.7683890059477,0.38701121455935267,-0.03565632964804574,1922.5499999999995,0.0,0.44437758507124664,4.2785485258607565
61.2,1924.567796716262,0.3773478887181458,-0.03564097075065693,1924.2999999999995,0.0,0.46271644703962256,4.442189842831096
61.3,1926.35229563866,0.3682025858904437,-0.035809847192829355,1926.0299999999995,0.0,0.48933385633533627,4.613087146161822
61.400000000000006,1928.1229103852497,0.3595291146434962,-0.03592295490527543,1927.7399999999996,0.0,0.5252442740371094,4.790966524031538
61.5,1929.8793513255625,0.3523706457400139,-0.0363018642558211,1929.4299999999996,0.0,0.5710356256525474,4.975615248346501
61.6,1931.621727517964,0.3469732798668101,-0.03639619615032776,1931.0999999999997,0.0,0.6265700758436832,5.166812292341508
61.7,1933.350519176804,0.3415061451688421,-0.03658844351555677,1932.7499999999995,0.0,0.6908326345056489,5.36432637027249
61.8,1935.0654972494908,0.3351685443699556,-0.03657499420319258,1934.38,0.0,0.7630494297189415,5.567970270893062
61.900000000000006,1936.7658671067627,0.32908577358006663,-0.03686444257556443,1935.99,0.0,0.842773524577687,5.777599528991664
62.0,1944.0032061304646,1.7471803726812265,-0.06267789476679332,1937.5799999999997,0.0,6.656591939508118,4.115582492528696
62.1,1945.8647367181393,1.7989687246511195,-0.06281452555252487,1939.1499999999996,0.0,6.951544984117248,4.270790727211761
62.2,1947.711040931862,1.853512409330665,-0.06290968814893955,1940.6999999999996,0.0,7.251910313827213,4.433472430383834
62.3,1949.5415339038,1.9090692707482841,-0.0631180881223734,1942.2299999999996,0.0,7.556657561841627,4.603418507306556
62.400000000000006,1951.3551394757937,1.9654547361231507,-0.06336345297581569,1943.7399999999996,0.0,7.864690811185651,4.780450484679393
62.5,1953.1500067917304,2.0231923919757095,-0.06362605634413776,1945.2299999999996,0.0,8.174338813384953,4.96443740213466
62.6,1954.9257865431882,2.081136770900783,-0.06379108740931956,1946.6999999999996,0.0,8.484968739677155,5.155196194066703
62.7,1956.6836563234845,2.1387209469309787,-0.06419748634548782,1948.1499999999996,0.0,8.797580209136703,5.352484651849413
62.8,1958.4252228337514,2.1966496971452694,-0.06440368751730757,1949.5799999999997,0.0,9.11390349250476,5.556046894324451
62.900000000000006,1960.149912656836,2.2555232337929154,-0.06434208950936847,1950.99,0.0,9.433524523689131,5.765736145054137
63.0,1961.8579838866863,4.098305904889474,-0.0926505856838148,1952.38,0.0,10.32609751292009,4.104843475910657
63.1,1963.5510224362858,4.226609767443568,-0.09284832577321891,1953.75,0.0,10.673531323925927,4.259404474415944
63.2,1965.2281762040063,4.357514405987206,-0.09300720049436904,1955.1,0.0,11.025782739460631,4.421446067923129
63.3,1966.888005137352,4.4917391052253395,-0.09314541987629393,1956.43,0.0,11.381809682220494,4.590794657715856
63.400000000000006,1968.5312048763853,4.628311447156836,-0.093541464940943,1957.74,0.0,11.741863971959718,4.76720255298467
63.5,1970.1591450039089,4.765426981740177,-0.0938746821611403,1959.0299999999995,0.0,12.106492590190504,4.950394827507655
63.6,1971.7700704358288,4.9030893489741425,-0.0942917132218623,1960.2999999999995,0.0,12.474085175551274,5.140230782101621
63.7,1973.3632762846278,5.043008810331495,-0.0945409842267785,1961.5499999999995,0.0,12.844665602421959,5.336549773293067
63.8,1974.9398181048143,5.184582512289695,-0.09493700030957344,1962.7799999999995,0.0,13.218966380505021,5.539120502825385
63.900000000000006,1976.498645820972,5.327318368890579,-0.09520643012436988,1963.99,0.0,13.595828083571675,5.74781107485444
64.0,1971.9685454970688,3.150546020473669,-0.05985073087542267,1965.18,0.0,7.484002284399365,4.098758433141176
64.10000000000001,1973.2835070776878,3.2107088881613475,-0.0597532693010848,1966.35,0.0,7.640822728009463,4.25290318456727
64.2,1974.5831857718429,3.2731113256217585,-0.059849617083380074,1967.5,0.0,7.802869884109987,4.41448801181662
64.3,1975.8676300346665,3.335302410162451,-0.059618391266278,1968.63,0.0,7.969161228507072,4.583272966947531
64.4,1977.1352564262036,3.397509376975785,-0.059743137099947434,1969.74,0.0,8.138359022305629,4.75908412162718
64.5,1978.3840186377238,3.4609556072094803,-0.05990021304244468,1970.83,0.0,8.309116156015278,4.941782291023409
64.60000000000001,1979.6156140742119,3.5256950844328463,-0.06031042522443719,1971.9,0.0,8.48299630853207,5.131102730037723
64.7,1980.830687160226,3.5917047680327494,-0.06038641759809154,1972.95,0.0,8.660575804070994,5.3268221987036295
64.8,1982.0290717991168,3.6586486246126144,-0.060334172759331,1973.98,0.0,8.841564713653137,5.528756946709167
64.9,1983.2114885077692,3.7271198552224463,-0.06067112654480892,1974.99,0.0,9.026865219918516,5.736699885360286
65.0,1980.0233346260854,-2.012956112948648,0.01903322245485608,1975.99,0.0,4.507746722991107,4.093518105410982
65.10000000000001,1981.0460543352299,-2.159246996499988,0.01907217916134468,1976.99,0.0,4.594989049196012,4.246351708374489
65.2,1982.0678217489242,-2.30367401868598,0.019118206883698165,1977.99,0.0,4.683539708422239,4.406090477042084
65.3,1983.0887368230892,-2.44583485598521,0.01899729816430109,1978.99,0.0,4.773023327797554,4.572450978765225
65.4,1984.1109599162678,-2.5875337258674223,0.019068691869693583,1979.99,0.0,4.8659676749837955,4.745095774853934
65.5,1985.1365720406825,-2.728836627493315,0.018943512980722138,1980.99,0.0,4.963930804122757,4.923694502650123
65.60000000000001,1986.1639726430053,-2.8694124950112125,0.019306260017153794,1981.99,0.0,5.065133333988664,5.108048108948611
65.7,1987.1905206354218,-3.0086801932043747,0.01943623620532526,1982.99,0.0,5.166868501673357,5.298013160391377
65.8,1988.2165426276754,-3.1477601915136035,0.01944346001344907,1983.99,0.0,5.269920000041252,5.493365151339022
65.9,1989.2439695616895,-3.28767249372047,0.019407552232448177,1984.99,0.0,5.376341456580553,5.693835951017655
66.0,1988.126079928001,0.9691999681790412,-0.029987546447905664,1985.99,0.0,2.3456738982916896,4.07790933332505
66.10000000000001,1989.0830888673147,0.9830345403638103,-0.030185881887488854,1986.99,0.0,2.3124398184655495,4.2260224145286704
66.2,1990.0419343268675,0.9979032963205338,-0.03023046859036364,1987.99,0.0,2.2817198492769513,4.380786131639025
66.3,1991.0024059055781,1.013699141276291,-0.030454744612464755,1988.99,0.0,2.253300574231064,4.541959793863088
66.4,1991.9646357946026,1.0305600589739148,-0.03063865287168604,1989.99,0.0,2.227384240870471,4.709301995172134
66.5,1992.9294324599628,1.0478477247511033,-0.030765673315048033,1990.99,0.0,2.2044008530716934,4.882563182690782
66.60000000000001,1993.8963043807523,1.0644994267208296,-0.030849139953697733,1991.99,0.0,2.1833816481697492,5.061533578255573
66.7,1994.8647433878248,1.079962773572171,-0.030894902340430935,1992.99,0.0,2.1635578019767285,5.246015497041691
66.8,1995.8338687991159,1.0949754812956927,-0.03090849274938738,1993.99,0.0,2.1444867574764066,5.435833209395927
66.9,1996.8023066161254,1.1106563689825077,-0.030842048572938534,1994.99,0.0,2.1255617706416574,5.6308347610550005
67.0,1995.6421183414875,1.3986914009032032,-0.03346947733311396,1995.99,0.0,1.4413047156274683,4.0594973110424615
67.10000000000001,1996.5374178240013,1.423724538448463,-0.033617966012788804,1996.99,0.0,1.4939284411952332,4.205146852004903
67.2,1997.4333793151695,1.4478642744277366,-0.033723411897949945,1997.99,0.0,1.5511729574568098,4.3574789912455
67.3,1998.3297269524555,1.4705490255082116,-0.033816500681172125,1998.99,0.0,1.6119785773194457,4.516263144115846
67.4,1999.227216078614,1.4922688531314139,-0.03382147666428666,1999.99,0.0,1.675919341958668,4.681257457947875
67.5,2000.1265757806382,1.514290028436175,-0.03387620834688161,2000.99,0.0,1.7431510757251711,4.852228384709502
67.60000000000001,2001.026931697247,1.5372482256866504,-0.03394280181191611,2001.99,0.0,1.8140101055794695,5.028976183494619
67.7,2001.9274545786113,1.5601894250471013,-0.03410470364655375,2002.99,0.0,1.8876423958321251,5.211307886861659
67.8,2002.8287229549517,1.585505174725177,-0.034087700704659656,2003.99,0.0,1.965296678477962,5.399021270008859
67.9,2003.7315776657729,1.6127946609749417,-0.03392847192530356,2004.99,0.0,2.0456620908035976,5.59191789050467
68.0,2007.0583265489468,-1.0731056053589236,-0.020366793614861538,2005.99,0.0,1.5142249685688056,4.04659388279921
68.10000000000001,2008.0457330627532,-1.1398940706157097,-0.020569936421018183,2006.99,0.0,1.553682976676766,4.191344295466724
68.2,2009.0334798972644,-1.2073058127668184,-0.020750439165500418,2007.99,0.0,1.5957561284656059,4.342817014159006
68.3,2010.0216581592174,-1.274122163852031,-0.020927011156593442,2008.99,0.0,1.6394224122839078,4.50077733235128
68.4,2011.0093749477448,-1.3405425415995513,-0.020996516971251565,2009.99,0.0,1.6840960750289673,4.665003997515542
68.5,2011.9954278446862,-1.4075059131856507,-0.020853415793902992,2010.99,0.0,1.7297277376867521,4.835283938619928
68.60000000000001,2012.9799614017077,-1.4746469700789673,-0.02086236843749212,2011.99,0.0,1.7761214100488947,5.011398621573822
68.7,2013.9634482859647,-1.5413334516231667,-0.021036440244649617,2012.99,0.0,1.8229948915288,5.193135991622384
68.8,2014.9465078206597,-1.6081533658713578,-0.021108416587511877,2013.99,0.0,1.8711131604332512,5.380292123809384
68.9,2015.9292669562476,-1.6743448285552895,-0.021019597762061318,2014.99,0.0,1.9198054641052722,5.572679484974007
69.0,2015.5229813175206,-2.9302541258835877,-0.017263768345302685,2015.99,0.0,2.9672370468236275,4.039466414662859
69.10000000000001,2016.4564611240928,-3.0348297271455573,-0.017262424277066025,2016.99,0.0,3.081372292481175,4.184156936982445
69.2,2017.3895562652046,-3.1389646002444866,-0.017375205467502635,2017.99,0.0,3.19587725675487,4.335588521090309
69.3,2018.322227213317,-3.24220018687326,-0.017654064014473843,2018.99,0.0,3.3102541513296635,4.49352524569063
69.4,2019.2539018705459,-3.3471178818340523,-0.017741930691621607,2019.99,0.0,3.4271035250017134,4.657736494055604
69.5,2020.1841058222972,-3.454085773269586,-0.017853999060032422,2020.99,0.0,3.5468540926796934,4.827998374725548
69.60000000000001,2021.113120994265,-3.5603332129351917,-0.018070691206299,2021.99,0.0,3.666727338898839,5.004092943317176
69.7,2022.0417108511679,-3.6650369717849567,-0.018246828225626115,2022.99,0.0,3.7857295617018707,5.185808420119369
69.8,2022.970090534506,-3.769332335864616,-0.01829455810811586,2023.99,0.0,3.9048792012044284,5.372945140329316
69.9,2023.8971664358075,-3.874810110524962,-0.01832023057003495,2024.99,0.0,4.025970515497111,5.565319714976409
70.0,2024.822889574486,-3.978636637805407,-0.015627365302551353,2025.99,0.0034906585039886,4.149636676789411,5.762756587758642
70.10000000000001,2025.7480888710922,-4.0771144580853855,-0.01079318714417065,2026.9899512615093,0.0139624922410534,4.27541025051686,5.965087430674433
70.2,2026.6727899785842,-4.16910702410439,-0.005028482659462576,2027.989805048315,0.0314149908287914,4.402148781201786,6.172156618983953
70.3,2027.5977255414118,-4.254139364236552,0.0015029235195277604,2028.989512628954,0.0558473036570435,4.529134174924538,6.383815319232635
70.4,2028.5234579803887,-4.3334245949545505,0.007608311223752339,2029.9890252790883,0.087258239929351,4.657287218290803,6.59992385785746
70.5,2029.4496670685241,-4.406727979777329,0.013288284148521188,2030.9882942838829,0.1256462687209945,4.786417244275013,6.820356141147302
70.60000000000001,2030.3757295357077,-4.473457260910565,0.019446426927972563,2031.987270940375,0.1710095190536079,4.916109983426741,7.04499586678215
70.7,2031.3014669375561,-4.533459719034824,0.024904087329104038,2032.9859065598523,0.2233457799863681,5.04623972841952,7.273732319432914
70.8,2032.2275303429,-4.5861719702826225,0.03026170465365863,2033.9841524702235,0.2826525007237526,5.176019032777303,7.506459744830765
70.9,2033.154256285956,-4.631037088777824,0.03684826585963817,2034.9819600183905,0.3489267907398621,5.304765892558841,7.743080894053078
71.0,2034.0813725479522,-4.668451321309481,0.04310746839028453,2035.979280572622,0.4221654199193002,5.432902877484973,7.983505593130435
71.10000000000001,2035.0086773567123,-4.699211100286932,0.048859212351651686,2036.9760655249208,0.502364818714605,5.561205646758961,8.227647971997978
71.2,2035.936088845167,-4.722185266744721,0.054594916179132744,2037.9722662933948,0.5895210783202237,5.688606410789442,8.475430904084535
71.3,2036.863341997825,-4.737002394586235,0.06021614521487292,2038.967834324624,0.6836299508630223,5.814820975583523,8.726781794762546
71.4,2037.7902737200586,-4.744637823804656,0.06588188393137348,2039.9627210960268,0.7846868496093208,5.940787737781557,8.981628776421934
71.5,2038.7170089062724,-4.7463911845466775,0.0719743045622621,2040.9568781182256,0.8926868491884444,6.067636702803636,9.23990134056996
71.60000000000001,2039.6435302568482,-4.743663008767132,0.0774118187206757,2041.95025693741,1.0076246858327789,6.1966360329514005,9.501531665803263
71.7,2040.56982812826,-4.735249197442646,0.08309923743801914,2042.9428091376976,1.129494757634319,6.326631056870884,9.766463468545322
71.8,2041.4963230251492,-4.720349829815668,0.089379477595484,2043.9344863434949,1.258291124817699,6.45668552984779,10.034642237499684
71.9,2042.4229895213412,-4.698027590122666,0.09595922835805515,2044.9252402218528,1.394007510029686,6.585905422164788,10.306019226948173
72.0,2043.3491159760713,-4.667707438084313,0.10133836466247277,2045.915022484826,1.5366372986451329,6.713998050629187,10.580549685308357
72.10000000000001,2044.2744661779327,-4.629188648126495,0.1071124886828044,2046.9037848918235,1.6861735390893622,6.840841794321249,10.85818903399128
72.2,2045.1995455563276,-4.583534476254633,0.11305866987632582,2047.8914792519597,1.84260894317698,6.967196442528635,11.138887204322756
72.3,2046.1244237977673,-4.531176181673887,0.11905005248474948,2048.878057426405,2.005935886467087,7.093400619745031,11.422599752283647
72.4,2047.0489308128813,-4.4710812819631975,0.12520870329449993,2049.8634713307315,2.1761464086348883,7.218536852941498,11.70929258581768
72.5,2047.9733456133006,-4.405145097164819,0.13074184613031334,2050.8476729372555,2.353232213859665,7.344210062587031,11.998916498430608
72.60000000000001,2048.8978887860426,-4.333441840567466,0.13700407028022546,2051.8306142773795,2.5371846712291,7.470367291648991,12.29143334136861
72.7,2049.822363680363,-4.254929574602682,0.14359290668908242,2052.812247443929,2.7279948151599407,7.596093598210686,12.586814758682232
72.8,2050.746138468129,-4.168555322396862,0.14965467076308595,2053.7925245934885,2.925653345834964,7.720638901878333,12.885036211834146
72.9,2051.669357670251,-4.074478527426725,0.1561082009549875,2054.771397948733,3.130150629656239,7.8440636904868954,13.186065521375186
73.0,2052.5915587706468,-3.973575491328547,0.16210546890449176,2055.7488198007545,3.341476699714656,7.967326136786607,13.489867761549469
73.10000000000001,2053.5125675097324,-3.865405759831425,0.16877006818217866,2056.724742511393,3.559621256275696,8.09006146028648,13.796417714956075
73.2,2054.4333884369103,-3.750129311342563,0.17546540403896793,2057.6991185155507,3.784573667281429,8.211987696204993,14.105684663497883
73.3,2055.353888200445,-3.626552126600078,0.1816801899368378,2058.671900323517,4.016322968868702,8.332031215363413,14.41765260296316
73.4,2056.274421896591,-3.495586109835687,0.1882057314277474,2059.643040523279,4.254857865903508,8.450856363300863,14.732288838949664
73.5,2057.1945725592977,-3.3575472426588067,0.1954602889281152,2060.612491782833,4.5001667325314845,8.568887952033906,15.049567505132377
73.60000000000001,2058.113844569766,-3.211550104874794,0.20257413608365227,2061.580206852492,4.752237612744554,8.685481120030763,15.369474455631957
73.7,2059.032754770257,-3.057937784854808,0.2083658792824446,2062.5461385671897,5.011058220963632,8.800713735059473,15.691983761571906
73.8,2059.9509762387042,-2.8965734003500874,0.2140411875243201,2063.510239848776,5.276615942637416,8.914560083498584,16.017076365084613
73.9,2060.8680319114405,-2.7266343020518127,0.22039385005996165,2064.472463708315,5.548897834857198,9.026425689459444,16.344741466770635
74.0,2061.7842642884893,-2.548730226418841,0.2261798794620507,2065.432763248373,5.827890626987683,9.136701898496838,16.674953263699834
74.10000000000001,2062.70029130846,-2.364796807603358,0.23226412483645653,2066.3910916653062,6.113580721313783,9.246885572826407,17.007670992085295
74.2,2063.616203422734,-2.1747692125981235,0.2387320210068499,2067.3474022515384,6.405954193703349,9.356850905914895,17.34287559607394
74.3,2064.5318974282172,-1.9786918565999312,0.2451446856906483,2068.3016483978413,6.704996794285814,9.466650461409431,17.680547838184225
74.4,2065.446304295688,-1.7756919245439924,0.2518973965925376,2069.253783595604,7.010693948146713,9.575879872006915,18.020681706478886
74.5,2066.358998329615,-1.5653403515773139,0.2589420922318397,2070.2037614390997,7.32303075603804,9.6842833660909,18.363266198050972
74.60000000000001,2067.270090069319,-1.34776614041388,0.26452026977500537,2071.1515356277487,7.641991995104421,9.791903336847815,18.708283387901048
74.7,2068.1789505700317,-1.1216363464787686,0.27204306668154776,2072.097059968375,7.9675621196250495,9.897732569311565,19.05573582729053
74.8,2069.08598853004,-0.8872802984858852,0.2791170123205532,2073.0402883774555,8.299725261771368,10.001877746076806,19.40560449000809
74.9,2069.9910617536984,-0.6464051544482114,0.28576760744593527,2073.981174883368,8.63846523238044,10.105929986288745,19.7578528587115
75.0,2070.8932152543643,-0.39820796058320235,0.2917372251587992,2074.919673628632,8.983765521743992,10.209495259943166,20.112478897332608
75.10000000000001,2071.7928285352746,-0.1433993223124633,0.2973560497475426,2075.855738872143,9.33560930041306,10.31304246452695,20.469458204395327
75.2,2072.690757379021,0.11679070155134504,0.30334149907745744,2076.789324991401,9.693979420018255,10.417331722777226,20.828757616392355
75.3,2073.586623749064,0.3835467540110545,0.3102588285535835,2077.720386484736,10.058858414105536,10.521390120834354,21.190380710474887
75.4,2074.48020932168,0.6562957891279427,0.3162535064812689,2078.648877973524,10.430228498987487,10.625796861681993,21.554306029460765
75.5,2075.372278580092,0.9335658897352869,0.3221369741339594,2079.5747542044,10.808071574610103,10.731573225465553,21.920496115432503
75.60000000000001,2076.2624855902814,1.2160096653642198,0.32834058956576384,2080.4979700514623,11.192369225434936,10.838223041288618,22.28894762195742
75.7,2077.150222036467,1.5042784061482057,0.33425297160544465,2081.4184805184736,11.583102721336646,10.945351983634724,22.659658847871487
75.8,2078.035387091023,1.7975474981326558,0.34057581820952104,2082.3362407410523,11.980253018515883,11.053724885024634,23.032604182887887
75.9,2078.917264511977,2.096607565050908,0.34692134690241205,2083.251205988859,12.383800760427464,11.162857723900284,23.4077855024633
76.0,2079.795407512727,2.401608172316034,0.35331533823119576,2084.16333166778,12.793726278723764,11.272749449971082,23.78519451430456
76.10000000000001,2080.67048811391,2.7119019844508507,0.35912184735217983,2085.072573322095,13.210009594213345,11.383699643186183,24.164807431939717
76.2,2081.543256094495,3.028101421723467,0.36513048617470967,2085.9788866366493,13.632630417834692,11.49481855167169,24.546621936753525
76.3,2082.413530504291,3.351878158156564,0.3715694042669535,2086.8822274390104,14.061568151645094,11.604598745798983,24.93065759477193
76.4,2083.281567487874,3.682893622464316,0.37847365692445945,2087.782551701622,14.496801889824546,11.713217786214578,25.316898530397452
76.5,2084.147366688564,4.020100659482889,0.3853963635843222,2088.67981554395,14.938310419694671,11.821607208610608,25.70531620957964
76.60000000000001,2085.0106505929825,4.362833806566132,0.3917892875377505,2089.5739752346203,15.386072222752604,11.93045334281426,26.095888943307134
76.7,2085.8714552162387,4.710465262199911,0.3982414812181342,2090.4649871935508,15.840065475719753,12.040288075431144,26.48859466915857
76.80000000000001,2086.7289343526377,5.066331088765378,0.40376279747214544,2091.352807994076,16.300268051605464,12.148314580099322,26.88348987854809
76.9,2087.5830067351862,5.4311318651498555,0.4103187050338389,2092.237394365062,16.766657520785433,12.253875554236359,27.280581340980994
77.0,2088.433401960734,5.803692076372441,0.4169693822842576,2093.1187031930176,17.239211152094914,12.358120575898685,27.67983995771738
77.10000000000001,2089.2799850166784,6.184057594826959,0.4236832731423357,2093.9966915241944,17.717905913936587,12.461018310165151,28.081259905995978
77.2,2090.12398744887,6.570832053595379,0.4309156316472953,2094.871316566679,18.2027184754031,12.56335605969326,28.4848021369664
77.30000000000001,2090.965174671757,6.963721400218905,0.43702870744377786,2095.742535692481,18.69362520741417,12.665457814401666,28.890453006774038
77.4,2091.80225843524,7.363989036703943,0.44310324772872056,2096.6103064396093,19.19060218386825,12.766601119522658,29.298234812357943
77.5,2092.636139862612,7.770811939182696,0.44949340931708465,2097.4745865141417,19.693625182808645,12.867169138628878,29.708120537888515
77.60000000000001,2093.467493435565,8.183838819211678,0.4552336461411077,2098.3353337922867,20.202669687604036,12.967195733139505,30.120093255336844
77.7,2094.296418284665,8.602770762115867,0.4619397646285667,2099.1925063224367,20.71771088814341,13.066883803372699,30.534138410397954
77.80000000000001,2095.122886018495,9.027370806922299,0.46957211724596337,2100.0460623272115,21.23872368204528,13.166427154223754,30.9502430473999
77.9,2095.9465294807433,9.458717845060844,0.4764508249584168,2100.895960205496,21.765682675881106,13.264925474580467,31.368425037659936
78.0,2096.7676043674905,9.896819802039278,0.4827137190164222,2101.7421585344664,22.298562186412944,13.362237961080734,31.78867713308122
78.10000000000001,2097.5860541278066,10.339848353844575,0.48862491271852637,2102.58461607161,22.83733624184525,13.460045505746395,32.21095025753673
78.2,2098.401955651508,10.786775638533578,0.49459956244231384,2103.4232917567347,23.38197858309065,13.559238676866428,32.63521205674781
78.30000000000001,2099.2146567174204,11.239937996649477,0.5006909146589578,2104.258144713971,23.93246266504981,13.657853185230111,33.06151215401784
78.4,2100.0243641465204,11.699026926783525,0.5074971487475742,2105.089134253764,24.48876165790519,13.756060872636718,33.489835947481545
78.5,2100.8314709817246,12.16305624700556,0.5143242584570314,2105.916219874855,25.050848448428702,13.854597039728503,33.92015130715209
78.60000000000001,2101.635089078109,12.633026342331995,0.5207558304048611,2106.739361266258,25.61869564130316,13.952820564780223,34.35247892186907
78.7,2102.4349727570007,13.10781074974261,0.5276649627785162,2107.5585183092235,26.1922755604575,14.051830429112732,34.78678523970791
78.80000000000001,2103.230352595526,13.58791546166709,0.5346234373928302,2108.3736510791923,26.771560250415657,14.1513960162234,35.22307933538817
78.9,2104.0209757692073,14.073525432628722,0.5416097698609862,2109.184719847743,27.356521477659093,14.251394206915522,35.66136082977073
79.0,2104.8077674160454,14.563400718037034,0.5481326517888014,2109.9916850845284,27.94713073200285,14.352603648130872,36.101588153021055
79.10000000000001,2105.590391640463,15.059256990776147,0.5547617952058961,2110.794507459201,28.543359227985103,14.453505962165137,36.54380074472347
79.2,2106.3693249074418,15.560713021112488,0.5622555605142378,2111.593147843332,29.145177906270103,14.554243789411228,36.98798107520536
79.30000000000001,2107.1457709969063,16.066716459826104,0.570118362831882,2112.387567312314,29.75255743506451,14.655329126694314,37.43409026593881
79.4,2107.9195761588735,16.578289931877315,0.5775316168679933,2113.177727147264,30.36546821154698,14.755827212735477,37.882150113833426
79.5,2108.690306212426,17.095799866101558,0.5846335736535794,2113.963588836906,30.98388036331095,14.855513775518215,38.332166934326835
79.60000000000001,2109.456882595284,17.619490780037797,0.5915885337650894,2114.7451140794506,31.60776374982059,14.954503432320601,38.784147392677674
79.7,2110.219862911977,18.148618009751647,0.5987320761926489,2115.52226478446,32.23708796387982,15.05325384312909,39.238063517122015
79.80000000000001,2110.980600423812,18.681888193756947,0.6052597669768658,2116.295003074704,32.87182233311429,15.152462057867146,39.69386715428525
79.9,2111.7377558464227,19.219899381852514,0.6113415667144216,2117.0632912880087,33.51193592146631,15.252004333504646,40.15157553810141
80.0,2112.4903890115206,19.763455237303013,0.6183552634657791,2117.827091979092,34.15739753070266,15.351416003411707,40.61121093793142
80.10000000000001,2113.2377331842044,20.31332691163584,0.6250796322908646,2118.586367921384,34.808175701935106,15.45019530638378,41.07279503621225
80.2,2113.9786969862257,20.869309126131764,0.6323221094264766,2119.341082108848,35.4642387171537,15.54886310860721,41.53632373244292
80.30000000000001,2114.7130972805685,21.430472628403937,0.6389976173057134,2120.091197757778,36.125554600772645,15.648303387830799,42.00176716559994
80.4,2115.44158949894,21.995682956804053,0.6458892127505278,2120.8366783085967,36.792091121188754,15.74930721749852,42.46908394801116
80.5,2116.1647255428297,22.565094723528265,0.6525036002394012,2121.5774874276326,37.46381579235236,15.851494589097825,42.93827071418397
80.60000000000001,2116.883408030408,23.139007245218874,0.65877651955203,2122.313589008895,38.14069587535065,15.954232266535014,43.40932657525163
80.7,2117.5983318522804,23.717225593813723,0.6657328645130591,2123.044947175832,38.82269838000333,16.057425901341183,43.88223681414464
80.80000000000001,2118.308126623651,24.300386960468078,0.6721663926183753,2123.7715262830766,39.50979006647046,16.160899686573387,44.3570241178207
80.9,2119.011642450529,24.888842526737495,0.6783081620809291,2124.493290918189,40.2019374468726,16.264665565454003,44.8337023287335
81.0,2119.710292017616,25.482274348081038,0.6848514417890262,2125.21020590338,40.89910678692291,16.36849947912589,45.31224940409918
81.10000000000001,2120.404836378451,26.080440787234465,0.6915669265487987,2125.9222362972228,41.6012641075713,16.472330084258733,45.79264903405816
81.2,2121.094235027467,26.684242883741856,0.6988009304135706,2126.629347396362,42.30837518666057,16.5756139902991,46.2749324334827
81.30000000000001,2121.7769946819594,27.293876764354366,0.7058644475719097,2127.3315047372,43.0204055605943,16.67861774646599,46.75911254453386
81.4,2122.452496144495,27.908672242159998,0.7132010399094854,2128.028674097578,43.7373205260166,16.782129395833124,47.24516928352762
81.5,2123.122415488778,28.52865255155549,0.7205893058834241,2128.7208214984457,44.45908514150346,16.885521382295487,47.73308941276808
81.60000000000001,2123.7883691341435,29.153879288360844,0.7278447556493859,2129.407913205515,45.18566422926578,16.988154813325412,48.22286059826705
81.7,2124.450663899626,29.78427431910921,0.7353384679567182,2130.089915730905,45.91702237686388,17.08995965798551,48.71447440266497
81.80000000000001,2125.107801594778,30.4206438988965,0.7425391335240062,2130.766795834776,46.65312393893344,17.19062605196597,49.20796507492204
81.9,2125.7590732787476,31.062904728128604,0.7500156503632459,2131.438520526945,47.3939330389228,17.29041950714381,49.70333251155566
82.0,2126.4049135199452,31.710710811811087,0.7573037359647147,2132.1050570684997,48.13941357084156,17.389477013950213,50.20055944550714
82.10000000000001,2127.044516865624,32.363663108380536,0.7642799181683484,2132.766372973388,48.88952920102031,17.488392934452868,50.69963585039266
82.2,2127.6778519100326,33.02100832245069,0.770796869668859,2133.422436010006,49.64424336988149,17.587842105380638,51.20053347191463
82.30000000000001,2128.304904256099,33.6829246089914,0.7776707261099097,2134.073214202768,50.403519293721246,17.687613921947232,51.70325570482499
82.4,2128.926560559147,34.3488129964062,0.7849235331023321,2134.7186758336616,51.16731996650224,17.787939061522316,52.20777146537173
82.5,2129.543958577065,35.01844565279323,0.7919097510900421,2135.3587894437983,51.93560816165722,17.888617759906076,52.71405976947092
82.60000000000001,2130.1556858647364,35.69255261693139,0.7988276720695608,2135.9935238349435,52.70834643390347,17.989374402354787,53.22215452562926
82.7,2130.760366822964,36.3720594458731,0.8055218741966454,2136.622848071039,53.485497121067766,18.089732873837605,53.73209798692621
82.80000000000001,2131.3581141150535,37.057249818151966,0.8122722773092482,2137.2467314797086,54.26702234592201,18.1893398705095,54.2438977585252
82.9,2131.949846750852,37.746982698976126,0.8189360147215256,2137.865143653756,55.05288401802931,18.288929928082574,54.757502822350084
83.0,2132.536280804342,38.44034802470202,0.8255445839835807,2138.4780544526434,55.84304383560045,18.389086317006388,55.272870895637986
83.10000000000001,2133.1180989207724,39.13668661494193,0.832172793611727,2139.085434003963,56.63746328736068,18.490166903869653,55.78996809471877
83.2,2133.6949465580205,39.83604478794329,0.8390296757699995,2139.6872527048936,57.43610365442668,18.59219742422969,56.30879564428236
83.30000000000001,2134.265723109333,40.53919574882842,0.8456650949485258,2140.28348122364,58.23892601219366,18.694754989520348,56.82938929572208
83.4,2134.8307057370885,41.24607258935618,0.8519005950309125,2140.874090500865,59.04589123223253,18.79776697169995,57.3517411786066
83.5,2135.3881805271694,41.95735287381243,0.8586965441733592,2141.459051751106,59.85695998419691,18.90109552707853,57.87589128963845
83.60000000000001,2135.938109656859,42.6721770148947,0.8656651333354317,2142.038336464177,60.67209273774009,19.005518491487088,58.401805842282236
83.7,2136.4823468949344,43.38998624102136,0.8719159322200528,2142.6119164065585,61.491249764441626,19.11092262404244,58.929442634350515
83.80000000000001,2137.020537877926,44.11223040954347,0.8787445573875031,2143.179763622773,62.31439113974371,19.216001587844154,59.45885804915725
83.9,2137.5528169160857,44.838164396283574,0.8848817510748949,2143.7418504367483,63.14147674489699,19.3213710396232,59.990019803173666
84.0,2138.0773791152615,45.56865703110681,0.890855446202682,2144.2981494531664,63.97246626891591,19.426738739650187,60.522978962707995
84.10000000000001,2138.5938417247776,46.304570275320636,0.8969564602465985,2144.8486335587977,64.80731921054341,19.531362959271746,61.05777251041067
84.2,2139.1035628991613,47.04479315217088,0.9031595502044272,2145.393275923824,65.64599488022492,19.63581410740014,61.59434125082017
84.30000000000001,2139.60650470019,47.78873555152744,0.9094259561507759,2145.932050003144,66.48845240209151,19.74061634475975,62.13266074704373
84.4,2140.103669700678,48.535851516933576,0.915649372320754,2146.4649295376694,67.33465071595208,19.845918422656545,62.67269596920674
84.5,2140.594653271353,49.286203735768815,0.9215255792772422,2146.991888555604,68.18454857929464,19.951743209726978,63.21445170547222
84.60000000000001,2141.0786641744735,50.03992124791434,0.9283784458208955,2147.512901373708,69.03810456929634,20.05817483842554,63.75794027227326
84.7,2141.5564947240578,50.79658262130171,0.9351970250234021,2148.0279425985527,69.89527708484242,20.165311001915793,64.30313343344642
84.80000000000001,2142.0281962570584,51.55671444450795,0.9419008332820746,2148.5369871277544,70.75602434855375,20.27258886748425,64.85004990911413
84.9,2142.4925381810685,52.32014697229916,0.9481791424413999,2149.0400101512014,71.62030440882305,20.380516830401614,65.39869611862527
85.0,2142.949896434209,53.084468627823895,0.9548059598451616,2149.536987152261,72.48807514185947,20.49121055182856,65.94896650088863
85.10000000000001,2143.401566845898,53.84907865486826,0.9611250552641482,2150.027893908976,73.35929425374177,20.604774278341573,66.50081666754174
85.2,2143.84665633632,54.615075611061926,0.9676398438784227,2150.5127064952417,74.23391928247949,20.720406649599845,67.05430021437041
85.30000000000001,2144.285408686621,55.38260059466415,0.9744331508746898,2150.9914012819786,75.11190760008269,20.83784757605854,67.60941715577415
85.4,2144.7180471360657,56.15228443480984,0.9814355423662428,2151.4639549382773,75.99321641463939,20.9563797900344,68.16618838040931
85.5,2145.1446160452433,56.92419700546224,0.9877374608637023,2151.93034443254,76.87780277240134,21.075874663904003,68.72461390957069
85.60000000000001,2145.5654588120547,57.6981893779495,0.9936551396310379,2152.3905470335994,77.76562355987741,21.196314393730766,69.2846805188624
85.7,2145.9801194251095,58.47447948317928,0.9999718930851169,2152.844540311831,78.65663550593496,21.3175912297078,69.8464014628047
85.80000000000001,2146.389223349028,59.25283625388168,1.0064189292478007,2153.292302140243,79.55079518390875,21.43967428677009,70.40975573572355
85.9,2146.7925089833107,60.033625775362154,1.0127331511424489,2153.733810695555,80.44805901371755,21.56225298765587,70.97476034804318
86.0,2147.1889941672416,60.81734271055856,1.0188966512218731,2154.1690444592628,81.34838326398817,21.68512689116011,71.54144902629193
86.10000000000001,2147.578228332885,61.604384496043494,1.0252551756378052,2154.597982218688,82.2517240541868,21.808016311588577,72.10984441548548
86.2,2147.960526126627,62.39441784904743,1.031638827774858,2155.020603068007,83.15803735675773,21.931087102083495,72.67992633680109
86.30000000000001,2148.335704632387,63.187326220794006,1.0374154004093492,2155.436886409278,84.06727899926925,22.05446010810064,73.25169134046092
86.4,2148.703528395279,63.98307177767862,1.043168303855772,2155.8468119534377,84.97940466656642,22.178198636797596,73.82514043569593
86.5,2149.0649511425477,64.78058468145652,1.0492941179043713,2156.250359721293,85.89436990293106,22.30295995651844,74.40021060026524
86.60000000000001,2149.42043399277,65.57984181702514,1.0563857308959526,2156.647510044495,86.81213011424836,22.428568714784674,74.97689154467785
86.7,2149.770405890181,66.38154341957068,1.0630363126511044,2157.038243566498,87.7326405701804,22.554175090746874,75.55520532472015
86.80000000000001,2150.114539253083,67.18554922522948,1.0690444426950592,2157.4225412435003,88.65585640634616,22.67996877298234,76.1351488806622
86.9,2150.451283029733,67.99135022307995,1.0754272532800455,2157.800384345376,89.5817326265083,22.80688278730471,76.71672329141755
87.0,2150.7813642026877,68.79880582691975,1.0812229834678084,2158.171754456585,90.51022410476604,22.934767313851214,77.29990884162632
87.10000000000001,2151.1051887588524,69.60818679595825,1.0870450027325502,2158.5366334770724,91.44128558775466,23.063186541592707,77.88470926596052
87.2,2151.421778362494,70.41953614711363,1.0936969263909786,2158.895003623149,92.374871696851,23.19236630656849,78.47114174142388
87.30000000000001,2151.730918589878,71.23258015463563,1.1004515115422766,2159.2468474283605,93.31093693038515,23.32258613924318,79.05919648111664
87.4,2152.031747577043,72.04774898672356,1.106827668051808,2159.592147744335,94.24943566585829,23.45366798793005,79.6489074861526
87.5,2152.3236972187174,72.8650169810464,1.113285863900355,2159.9308877416224,95.19032216216604,23.585771114846004,80.24028370174173
87.60000000000001,2152.607981593995,73.68368955811387,1.1191322924861529,2160.263050910514,96.13355056182796,23.719113502127087,80.83327134624884
87.7,2152.8857740660883,74.50413564864128,1.1249459341926167,2160.588621061845,97.07907489322254,23.852918767659737,81.42786525398762
87.80000000000001,2153.156170597682,75.32708089489577,1.1312720772418343,2160.907582327786,98.02684907282784,23.986743404252472,82.0241147195822
87.9,2153.4201809849505,76.15254895301909,1.1382809028464476,2161.2199191626137,98.97682690746744,24.120190293238,82.62200131521405
88.0,2153.682901321667,76.9894845482543,1.1455893904424912,2161.528706513416,99.93847266172484,24.253097009229364,83.22184589614312
88.10000000000001,2153.9478520760867,77.8458659949677,1.152078648377552,2161.836753692516,100.92133562898267,24.386719081173048,83.82395490100862
88.2,2154.2151344597205,78.72041022484946,1.15856208800659,2162.1437792125025,101.92545141366352,24.52218065732277,84.4282667290961
88.30000000000001,2154.4841703727107,79.61275295481144,1.165405641959649,2162.4495010592614,102.95085272200076,24.6599552653566,85.03477621343652
88.4,2154.7530856019607,80.52368198686827,1.1713729707930365,2162.753636718738,103.99756935646536,24.79984287072597,85.64355988501899
88.5,2155.022062209611,81.4539043264678,1.1776111002684464,2163.05590320375,105.065628210425,24.941052621959354,86.25465157736265
88.60000000000001,2155.291193726823,82.40338555272166,1.184441374430978,2163.356017080848,106.15505326303612,25.08352237531275,86.8680524145466
88.7,2155.558950668883,83.37232726856487,1.1910160073578455,2163.653694497228,107.2658655743694,25.227486010648782,87.48380850381271
88.80000000000001,2155.82612816359,84.35960448850952,1.1981405180897062,2163.948651207684,108.39808328076904,25.373684069282312,88.1018544509859
88.9,2156.0922227093647,85.36452958999767,1.204853771643048,2164.240602601613,109.5517215904461,25.522859395744646,88.72217228766777
89.0,2156.355670920467,86.38768507537709,1.211053872900291,2164.5292637300545,110.72679277930668,25.67488623617291,89.3448288626117
89.10000000000001,2156.6173860374647,87.42892564417282,1.2173903012362361,2164.8143493327734,111.92330618701472,25.82953513794218,89.96980387539733
89.2,2156.878567246054,88.48765209528695,1.22391716665922,2165.095573865381,113.14126821329042,25.986919507243364,90.59704754023122
89.30000000000001,2157.1381573241615,89.56530673919566,1.230310073801687,2165.372651526491,114.38068231444404,26.145931991589713,91.22666016206435
89.4,2157.39479767421,90.6638356558825,1.236808467665322,2165.6452962849125,115.64154900014584,26.30507348846213,91.85877635571433
89.5,2157.6482477949917,91.78285977423225,1.243646028295253,2165.913221906871,116.92386583043223,26.464693132321045,92.49339157950698
89.60000000000001,2157.898104830692,92.9217348840993,1.2506485122181241,2166.176141983264,118.2276274129485,26.625440762192717,93.13049174087956
89.7,2158.144294600255,94.07986248137749,1.2574199187447581,2166.433769956941,119.5528254004283,26.787818902711066,93.77005774758483
89.80000000000001,2158.3859358854493,95.25726504650231,1.263326626395893,2166.685819150014,120.8994484884104,26.951987568152916,94.4121209606836
89.9,2158.6221813477196,96.45365686914316,1.2699437482286158,2166.932002791188,122.26748241319252,27.11838346290105,95.0566966105023
90.0,2158.857751228991,97.66807435609111,1.2734354262444065,2167.1768467216984,123.65606134493972,27.28704486655427,95.7036356885108
90.1,2159.097789360889,98.90045162582128,1.2744086261633445,2167.4251636157624,125.06433643174718,27.457130769956493,96.3528218239182
90.2,2159.3428525694985,100.15002079969642,1.2761933504367682,2167.6769534733794,126.49230767361487,27.629211274010057,97.00420583321109
90.3,2159.5937778873576,101.416966459427,1.2779634177510615,2167.93221629455,127.9399750705428,27.802869291781086,97.65778176154019
90.4,2159.8516353518603,102.7012860695137,1.2780814201800441,2168.1909520792738,129.407338622531,27.97780274511635,98.31352826375598
90.5,2160.1152166716747,104.00270411131707,1.2802264424975895,2168.453160827551,130.89439832957942,28.154653801370692,98.97146386698441
90.6,2160.383428471468,105.3215730795201,1.2819384059471857,2168.718842539381,132.40115419168808,28.333422682303077,99.63163907111766
90.7,2160.6574017382773,106.65744556870176,1.282501009070854,2168.987997214765,133.927606208857,28.51421544305139,100.29400801674451
90.8,2160.9373893982415,108.01088840184276,1.282643998949661,2169.2606248537027,135.47375438108614,28.696432813869546,100.95860080556753
90.9,2161.223430465997,109.38284948532453,1.282557223972052,2169.5367254561934,137.03959870837554,28.87917331193465,101.6254743894417
91.0,2166.5183085298004,133.4046727753134,1.2618883743569023,2169.816299022237,138.62513919072518,6.174950273698249,5.648163774334882
91.1,2166.855740688084,134.96163637855346,1.2618518747313017,2170.099345551834,140.23037582813507,6.187130829368376,5.699436736226109
91.2,2167.1973640232504,136.5373577935206,1.261866890773595,2170.385865044985,141.8553086206052,6.200575760757473,5.775947231426908
91.3,2167.5443363963586,138.13165822964072,1.2615561558643975,2170.6758575016893,143.49993756813558,6.2148891775511235,5.877300602154704
91.4,2167.896686493034,139.74515297528143,1.2619989062356847,2170.9693229219465,145.1642626707262,6.229594249671818,6.0028411956420555
91.5,2168.2545968075697,141.37801745841216,1.2622558555636523,2171.266261305757,146.84828392837707,6.244512655288926,6.15168376486463
91.6,2168.618494948198,143.0297572724522,1.2622256480759468,2171.566672653121,148.5520013410882,6.259946591895873,6.322749959941742
91.7,2168.988723913267,144.69973422737297,1.2620963332973267,2171.870556964038,150.27541490885957,6.276398393538837,6.514831778043994
91.8,2169.3653734377267,146.38761816058192,1.261769527476919,2172.1779142385085,152.01852463169115,6.294242880795278,6.726662996369946
91.9,2169.7488910980014,148.09317403377136,1.2610354811200204,2172.488744476532,153.781330509583,6.3136297507188495,6.956956180013204
92.0,2169.633998730541,156.75801930968552,1.2402084117095746,2172.8030476781096,155.56383254253507,3.3865843067791883,4.443230248631456
92.1,2170.02734527148,158.7200120088865,1.2404102795327523,2173.12082384324,157.36603073054738,3.3768143235942145,4.612211597624494
92.2,2170.4262536762794,160.69982329003173,1.2402112077486982,2173.442072971924,159.18792507361994,3.373574104828832,4.804006033739297
92.3,2170.8309587431695,162.69708625893134,1.2400717438230586,2173.766795064161,161.02951557175274,3.3763777780916997,5.016650271593372
92.4,2171.242875961292,164.71137803430454,1.2400959857486986,2174.094990119952,162.8908022249458,3.383644699381116,5.2482211248266655
92.5,2171.66194431879,166.74241079576424,1.2402141080337987,2174.426658139296,164.77178503319908,3.39514482833658,5.496924664236219
92.6,2172.0867225328475,168.79058990449886,1.2402739955862918,2174.761799122193,166.67246399651262,3.41210962909285,5.7611602626698115
92.7,2172.517881915925,170.8557149169692,1.2398977073454531,2175.100413068644,168.5928391148864,3.4336677256855466,6.039445531401144
92.8,2172.9559201008865,172.93733834519844,1.2398350579221606,2175.442499978648,170.53291038832043,3.458952628803195,6.330447918420166
92.9,2173.4003368935623,175.0356786247546,1.2392340263236947,2175.788059852205,172.4926778168147,3.4882766570920167,6.633033705951229
93.0,2172.9910355931706,175.88972386692157,1.253199323476783,2176.137092689316,174.47214140036922,3.4506833093871556,4.385906503023495
93.1,2173.4057984029814,177.96799461430922,1.2529565405893153,2176.48959848998,176.471301138984,3.427814804748518,4.595095512473452
93.2,2173.8272516518164,180.06230331993223,1.252507819809781,2176.845577254197,178.490157032659,3.403223970086802,4.8174630990544385
93.3,2174.2556129715795,182.17379469420393,1.2521414403258146,2177.205028981968,180.52870908139425,3.3771824759420674,5.0519230284733165
93.4,2174.6904283955155,184.30291277341618,1.2518665570584055,2177.5679536732923,182.58695728518973,3.3503216206536313,5.297490263435979
93.5,2175.131833816172,186.44942727839313,1.2514480104177792,2177.9343513281697,184.6649016440455,3.3224443027232864,5.5532610120830315
93.6,2175.579415261635,188.61313159836092,1.251142023526672,2178.3042219466,186.7625421579615,3.2938203878397587,5.818439973173009
93.7,2176.032014778834,190.79477731332835,1.250912689201755,2178.677565528584,188.87987882693773,3.2658498101850357,6.09238179153302
93.8,2176.488928944662,192.99542336079875,1.2507249789196748,2179.0543820741213,191.0169116509742,3.239762081598919,6.374547235562395
93.9,2176.9512461275795,195.21518651526932,1.2503658104342665,2179.434671583212,193.1736406300709,3.214857943215342,6.664419433184206
94.0,2177.679275942712,198.9771511012292,1.242455424055082,2179.818434055856,195.3500657642279,4.210907915749144,4.383867150708713
94.1,2178.1651920632985,201.29503289439543,1.2424045287155545,2180.2056694920534,197.54618705344512,4.2681838381762205,4.57848864411117
94.2,2178.65714696251,203.63035554730226,1.241718125863669,2180.596377891804,199.7620044977226,4.327211161927996,4.7822033077865544
94.3,2179.1565624816635,205.98347201013,1.2410707778599923,2180.990559255108,201.9975180970603,4.387638631669749,4.994496338459627
94.4,2179.663646195313,208.35447427484507,1.2406674668572737,2181.3882135819654,204.25272785145825,4.449545638924436,5.214895465514221
94.5,2180.175976667102,210.7444896393,1.2403364082453174,2181.789340872376,206.5276337609164,4.514954878835268,5.4430195348341295
94.6,2180.6935737807353,213.15382066635928,1.2401089828544336,2182.19394112634,208.8222358254348,4.584073451187735,5.678499041391178
94.7,2181.216901557495,215.58283523372907,1.239942230515311,2182.6020143438577,211.13653404501343,4.6570518240319725,5.921009384797503
94.8,2181.7465451476464,218.0310899608339,1.2396058367001472,2183.0135605249284,213.4705284196524,4.733291617592634,6.170225402207517
94.9,2182.283769550021,220.4975173860159,1.2394905730297665,2183.4285796695526,215.82421894935152,4.811476747102839,6.425823408954024
95.0,2186.596492867043,222.2236077222495,1.1856637561132906,2183.84707177773,218.1976056341109,4.875244521052729,4.311865581400055
95.1,2187.3007188639162,224.69421356943047,1.1853113523111476,2184.269036849461,220.59068847393056,5.101961784075762,4.487145049549643
95.2,2188.0115501361597,227.18303847795883,1.185284260331891,2184.694474884745,223.00346746881044,5.335897491899729,4.670302047582896
95.3,2188.7301719692423,229.6895623158766,1.1852743721162813,2185.1233858835826,225.43594261875057,5.57693342218524,4.861015741370831
95.4,2189.4560739739422,232.2143145595189,1.1850583374542643,2185.5557698459734,227.88811392375092,5.824807656186615,5.059011687864333
95.5,2190.189483999197,234.7572356615046,1.1846221714541032,2185.9916267719177,230.3599813838116,6.079296874089115,5.264018956927885
95.6,2190.929683277681,237.31761756681934,1.1844733323858292,2186.430956661415,232.85154499893244,6.3391123471294595,5.475753137481629
95.7,2191.6775333265355,239.89511431509604,1.184061964273809,2186.8737595144657,235.36280476911355,6.604397978478494,5.693970914372442
95.8,2192.4339429418474,242.48775613589603,1.1841178476628198,2187.32003533107,237.8937606943549,6.874361437142236,5.91837939053152
95.9,2193.196634833115,245.09460808023732,1.1837317754248657,2187.769784111227,240.4444127746565,7.146679308440935,6.148711092446049
96.0,2191.402734565011,244.6914452401422,1.2089902561700678,2188.223005854938,243.0147610100184,3.5947106527798174,4.236897914856162
96.1,2192.0841602064897,247.22076814369507,1.2088372926392301,2188.679700562202,245.60480540044043,3.768511782809068,4.400861426294992
96.2,2192.7716989678556,249.76339499584344,1.208679226066163,2189.13986823302,248.2145459459228,3.948306961969473,4.572324769080624
96.3,2193.4633282886634,252.3200109908619,1.2086396265237735,2189.6035088673902,250.84398264646535,4.132416440570784,4.751032625074556
96.4,2194.159944993401,254.89053234006693,1.208511104183356,2190.0706224653145,253.4931155020682,4.321496564598708,4.936734807011606
96.5,2194.8635905904002,257.4756963017612,1.20829760513793,2190.541209026792,256.1619445127313,4.517623949002485,5.12923763070659
96.6,2195.574482002578,260.07621631327606,1.2081284633280742,2191.015268551823,258.8504696784546,4.72111026161459,5.328349288343172
96.7,2196.291397632153,262.6920173435513,1.2078448295137199,2191.492801040407,261.5586909992382,4.930614348438777,5.533846096266158
96.8,2197.0140089526426,265.32319193180797,1.2078380507382753,2191.973806492545,264.286608475082,5.145691994429101,5.745531015617795
96.9,2197.742219071515,267.9697274701942,1.2075417966208952,2192.458284908236,267.0342221059861,5.366109440584754,5.9632171429923275
97.0,2192.652893414062,274.37921158091666,1.2987525280570664,2192.94623628748,269.8015318919504,4.587068930827131,4.175203976808244
97.1,2193.1686375195013,277.1943919719499,1.2989299064084938,2193.437660630277,272.58853783297496,4.613704128316455,4.33314219262656
97.2,2193.687860654411,280.0257793726004,1.2988612785314493,2193.932557936628,275.39523992905976,4.637000355629749,4.498625334961867
97.3,2194.211643026615,282.8733713378434,1.2986093813059612,2194.4309282065324,278.2216381802048,4.656898899482977,4.671425815909963
97.4,2194.740461169645,285.73685135891884,1.2986035536333518,2194.93277143999,281.0677325864101,4.673077503302684,4.851306440153924
97.5,2195.274251768799,288.61764350416377,1.2984276046586207,2195.438087637001,283.93352314767566,4.686984713627283,5.038099344347874
97.6,2195.8128197535216,291.51792987394634,1.2984516852654706,2195.946876797565,286.81900986400143,4.700831899878825,5.231682214321649
97.7,2196.356730271799,294.43760674191026,1.298356940117482,2196.4591389216826,289.7241927353875,4.714526394926235,5.4318662696788405
97.8,2196.9054846708123,297.37622243206386,1.2983075551926637,2196.974874009353,292.64907176183374,4.727659922134855,5.638447338007189
97.9,2197.4596010595715,300.3335694708811,1.2983357205590982,2197.494082060577,295.5936469433403,4.74004794348322,5.8512496462980055
98.0,2196.363933062861,302.2504809104718,1.3176142089285219,2198.016763075355,298.557918279907,4.0455983279168475,4.138386223100993
98.1,2196.8686312624604,305.2115393836912,1.3175236304163056,2198.542917053686,301.541885771534,4.033558050148515,4.294902807143245
98.2,2197.380203681374,308.1912819363401,1.317485702811747,2199.07254399557,304.54554941822124,4.019375739181637,4.459158285631844
98.3,2197.897897768531,311.1893995723858,1.317396211092074,2199.605643901008,307.5689092199687,4.003042248707305,4.63091284812956
98.4,2198.418043611008,314.2050277023045,1.3173179743418775,2200.1422167699984,310.61196517677644,3.9853320306514464,4.80987911606198
98.5,2198.941052324746,317.23893330115817,1.3170912853084973,2200.682262602543,313.6747172886444,3.966793291232144,4.995866071939085
98.6,2199.4688767374932,320.2908957579352,1.3170091998067313,2201.2257813986403,316.7571655555726,3.9463860849452477,5.188671987505658
98.7,2200.001998416645,323.35846731077555,1.3171069114040737,2201.772773158292,319.85930997756105,3.921701828064246,5.387998831772547
98.8,2200.5398311514623,326.44189351201726,1.317283741231608,2202.3232378814955,322.98115055460977,3.893235336063481,5.593651159764023
98.9,2201.08372307042,329.54258112522444,1.3174358276978129,2202.8771755682533,326.1226872867187,3.861624752436938,5.805518437291105
99.0,2204.9919578268577,329.7268396782024,1.2597367564293669,2203.434586218564,329.2839201738879,1.619130635131434,4.119177728646083
99.1,2205.6758346424713,332.75523217506753,1.2595294401423764,2203.9954698324286,332.46484921611733,1.705270699237613,4.274927602811929
99.2,2206.36485976276,335.7997879840407,1.259666101573928,2204.559826409846,335.665474413407,1.8100236297868773,4.438276349170069
99.3,2207.059834294083,338.8614290239802,1.2594298553867997,2205.1276559508174,338.88579576575694,1.9323319819041014,4.609024250914567
99.4,2207.7600406446263,341.9406482184409,1.2589459090167157,2205.6989584553417,342.1258132731671,2.069382972887864,4.786949875879305
99.5,2208.4653374383056,345.0360538054702,1.2587622969879024,2206.2737339234195,345.3855269356376,2.2192921022636973,4.9717783324638205
99.6,2209.1739521246586,348.14726118707404,1.2586239212333128,2206.8519823550505,348.6649367531682,2.378977007603259,5.163253646397556
99.7,2209.8856675244115,351.27405678467005,1.2583800530633444,2207.4337037502346,351.9640427257591,2.547195899175453,5.361151927661795
99.8,2210.6026689397218,354.4175745072782,1.2582624978382504,2208.0188981089723,355.28284485341027,2.724805401808975,5.5653449454191755
99.9,2211.3252901734236,357.57948116998074,1.2584451437687492,2208.607565431263,358.62134313612165,2.910584843402157,5.775720644853188
100.0,2212.717651415248,362.94624887067994,1.2583506728524927,2209.1997057171075,361.9795375738933,3.6483520480348233,4.107719583744443
100.1,2213.476093159233,366.22163403978607,1.2582686285695495,2209.795318966505,365.3574281667252,3.780866362209463,4.262710813273503
100.2,2214.2413779984836,369.51580782144146,1.2582277381271514,2210.394405179456,368.7550149146173,3.9214800416948057,4.425308485906242
100.3,2215.013699537377,372.82779083407263,1.2579163567978118,2210.99696435596,372.1722978175697,4.069868869179652,4.595257543820929
100.4,2215.7931462033425,376.1582029333627,1.2577405365431829,2211.602996496018,375.6092768755824,4.225952482778514,4.772351944328028
100.5,2216.580295989909,379.50538805841035,1.2575491917525727,2212.212501599629,379.0659520886552,4.3898441666276655,4.956325760419183
100.6,2217.3736940770295,382.8695331579668,1.2574602244456514,2212.8254796667934,382.5423234567883,4.55996935406643,5.14695447372087
100.7,2218.1731183038773,386.2526093026964,1.257306709638851,2213.441930697511,386.03839097998167,4.736034803126054,5.344099682065278
100.8,2218.979121804251,389.6540562055447,1.257242108175293,2214.061854691782,389.5541546582353,4.918281831546705,5.547558698811967
100.9,2219.7915224909834,393.0730681225106,1.2570479278865914,2214.6852516496065,393.0896144915491,5.106297649748286,5.75711917156203
101.0,2221.502910874562,395.60200056534774,1.2421165956996132,2215.3121215709843,396.6447704799232,6.277996598918808,4.103928586008251
101.1,2222.3624915885366,399.02271784172785,1.2419068255464207,2215.942464455916,400.2196226233576,6.53064540760526,4.258783992410893
101.2,2223.2278822617195,402.46098386410216,1.2418384318636888,2216.5762803044,403.8141709218521,6.787851192526239,4.42116038764969
101.3,2224.09867655662,405.91687520553495,1.2419573596604112,2217.2135691164376,407.4284153754069,7.04907498527221,4.590821870965709
101.4,2224.97503522278,409.39098553355274,1.2418183921367865,2217.854330892029,411.062355984022,7.314226503785792,4.767558421123582
101.5,2225.8565851605726,412.88348080880365,1.2419257706699949,2218.4985656311733,414.71599274769727,7.5827799256743695,4.951150275939528
101.6,2226.7425370830542,416.3942771467307,1.2416395958091022,2219.1462733338712,418.3893256664328,7.853880667741076,5.141373539090855
101.7,2227.63360381396,419.92213289537693,1.241673340037335,2219.7974540001223,422.0823547402286,8.128456330932634,5.337991667021723
101.8,2228.5310935110374,423.46616619704963,1.2416604757955725,2220.4521076299266,425.7950799690846,8.40796361937672,5.540794172543262
101.9,2229.4358268313736,427.02667787503503,1.2414564909308317,2221.1102342232844,429.5275013530009,8.693078300798572,5.74961594573887
102.0,2222.9265658062036,431.07183082036187,1.332577252934135,2221.7718337801957,433.2796188919774,2.491532504515267,4.109530279844419
102.1,2223.565533756417,434.6887658808094,1.3325931216078806,2222.43690630066,437.0514325860142,2.618395289823833,4.265070088304874
102.2,2224.2097294415653,438.32253793341874,1.3327565222174997,2223.1054517846774,440.8429424351112,2.7517027447842874,4.428131680465833
102.3,2224.8592799402372,441.97444278179745,1.3326511521732565,2223.777470232249,444.65414843926845,2.8898329804643814,4.59852090261932
102.4,2225.513071652927,445.6449594925242,1.332688836727623,2224.452961643373,448.48505059848594,3.031493150663516,4.7760166465424545
102.5,2226.1698247210475,449.33523574966244,1.3325712794042026,2225.1319260180508,452.3356489127637,3.1748563537573666,4.960427337049514
102.6,2226.8308846447826,453.04489893144705,1.3325063697232429,2225.814363356282,456.2059433821017,3.320469477195928,5.151544486315255
102.7,2227.497845556519,456.7719041661455,1.3326463674356015,2226.5002736580664,460.09593400649993,3.4704933470833383,5.349109137090307
102.8,2228.169808828848,460.5143097204673,1.3326345479763457,2227.189656923404,464.0056207859584,3.626286077209886,5.552843907460003
102.9,2228.8466535660523,464.2716588805977,1.332380611080318,2227.882513152296,467.93500372047714,3.7880947920174366,5.762539808052985
103.0,2229.4394622802606,470.13120308983264,1.3388132441381666,2228.57884234474,471.8840828100561,1.952755485713918,4.105571214311597
103.1,2230.1205408477804,473.99385524012825,1.3389599372987748,2229.2786445007378,475.8528580546953,2.040754988657828,4.260328574048056
103.2,2230.806298095253,477.87541972261795,1.3389454621690038,2229.981919620289,479.8413294543948,2.1317600576705,4.422594902577737
103.3,2231.496592925979,481.7758108138786,1.3390815772329707,2230.688667703393,483.8494970091545,2.2255151317769224,4.592138240652052
103.4,2232.1911004532403,485.6952402823037,1.3392999145421358,2231.398888750052,487.8773607189744,2.3214756046111518,4.768737390306664
103.5,2232.890253684435,489.6336666337752,1.3394923707232271,2232.1125827602627,491.92492058385466,2.419631527744957,4.9521761816479515
103.6,2233.596110207238,493.5903282644637,1.3396682749219,2232.8297497340272,495.9921766037951,2.5211473221627596,5.1422376416080215
103.7,2234.308003431058,497.565615543232,1.3397269957764428,2233.5503896713453,500.0791287787958,2.6252099714613344,5.338729112473795
103.8,2235.024327526514,501.5595737275198,1.3396756091592974,2234.2745025722165,504.1857771088567,2.7311502452688856,5.541448137528936
103.9,2235.744111469543,505.5724474006216,1.3397556822045438,2235.002088436641,508.3121215939779,2.8383820861715656,5.750214483477502
104.0,2235.2614026520046,507.17868146299566,1.3459010618358953,2235.7331472646188,512.4581622341593,5.300515087481346,4.105387038019622
104.1,2235.947335075665,511.1475986818706,1.3457138712884504,2236.46767905615,516.623899029401,5.500965674714582,4.260375354605308
104.2,2236.6367270753185,515.1355406143281,1.3456272080330116,2237.2056838112344,520.8093319797028,5.702246945296682,4.422886708918871
104.3,2237.329552406024,519.1425581007395,1.3456850807804697,2237.947161529872,525.014461085065,5.904293834760536,4.592692317468118
104.4,2238.0256879238127,523.1687025086784,1.3456834339343202,2238.6921122120634,529.2392863454875,6.107054073094334,4.769566786940795
104.5,2238.7243037371513,527.2138052539773,1.3456119011801544,2239.440535857808,533.4838077609701,6.3107780731345695,4.953278788276666
104.6,2239.426687936726,531.2776247655845,1.3454674057986284,2240.192432467106,537.748025331513,6.515554325563861,5.143619297334287
104.7,2240.133498957375,535.3595242330096,1.3451043891563919,2240.947802039957,542.0319390571161,6.721920045289088,5.340369936915202
104.8,2240.844241704429,539.4597814081012,1.3452051566169978,2241.7066445763617,546.3355489377794,6.929640527162671,5.543343882358434
104.9,2241.5588415543707,543.5780325601467,1.3450943328076728,2242.4689600763195,550.658854973503,7.139072893134249,5.752345751331589
105.0,2243.7103881685443,555.451247653945,1.3479689027512036,2243.234748539831,555.0018571642869,0.6543583640466376,4.0983384087185915
105.1,2244.4821872677544,559.8675355978219,1.3480759788987717,2244.0040099668954,559.364555510131,0.6940046827437666,4.2521326212519295
105.2,2245.25784212425,564.297727766849,1.3481981323794896,2244.776744357513,563.7469500110353,0.731307867767441,4.413224544254697
105.3,2246.036958049723,568.7415424868819,1.3483217312049098,2245.5529517116847,568.1490406669999,0.7650624430887166,4.581357516196437
105.4,2246.820334901728,573.199817386897,1.3484518416684708,2246.332632029409,572.5708274780247,0.7959160741757945,4.756317897427064
105.5,2247.6079679774807,577.6732691528529,1.3485523086574842,2247.1157853106874,577.0123104441099,0.8240814232555915,4.9378948950163055
105.6,2248.3996344804264,582.1618503370386,1.348437829293965,2247.902411555519,581.4734895652551,0.8491591071076005,5.125865414794483
105.7,2249.195916810164,586.6650118430606,1.3484905563357927,2248.692510763904,585.9543648414607,0.8708827752883642,5.320006843724831
105.8,2249.9970540267536,591.1826798445755,1.348494693899243,2249.4860829358418,590.4549362727265,0.8892143510511201,5.5201185796641505
105.9,2250.8012579204774,595.7146674647328,1.3485497021552426,2250.283128071333,594.9752038590526,0.9029202427123952,5.725991868778516
106.0,2252.318444342689,601.1178840512918,1.3420602415161471,2251.083646170377,599.5151676004389,2.0232218237700224,4.092933768053115
106.1,2253.1548373655423,605.7104220514512,1.3421704282323241,2251.8876372329755,604.0748274968854,2.0690494732854465,4.245381208989347
106.2,2253.9950015400595,610.3195371324773,1.3421309119661289,2252.6951012591267,608.6541835483922,2.112615275054708,4.405097527000152
106.3,2254.838617884478,614.9450729274104,1.3421546224321703,2253.5060382488314,613.2532357549593,2.1536205569754876,4.571843487815085
106.4,2255.687060750553,619.5879756764127,1.3420303982962458,2254.320448202089,617.8719841165865,2.1936856864677203,4.74542221782873
106.5,2256.539551659367,624.2485749572475,1.3420225931410146,2255.1383311189006,622.510428633274,2.232615427378289,4.925617682111158
106.6,2257.395026656459,628.9257640292188,1.3421926632761638,2255.959686999265,627.1685693050218,2.2689057341059247,5.112181849056628
106.7,2258.2538022653184,633.6192954794542,1.3420296875134683,2256.7845158431837,631.8464061318299,2.302594021791316,5.304905917616896
106.8,2259.116794255659,638.3294517468149,1.3421957193291914,2257.6128176506545,636.5439391136981,2.3345237183246885,5.503610544893112
106.9,2259.9834668551907,643.0561483181657,1.3418891739946577,2258.4445924216798,641.2611682506266,2.3643366860445836,5.70810701731485
107.0,2261.242970340874,647.688161462865,1.3368316856941798,2259.2798401562573,645.9980935426154,2.590407245359229,4.0875125201071265
107.1,2262.1334514890627,652.4478269583091,1.3367856110964356,2260.1185608543888,650.7547149896644,2.6318078212636715,4.239456751006318
107.2,2263.028395424751,657.226890145792,1.3367673143149368,2260.9607545160734,655.5310325917736,2.6741487936835067,4.398719159888036
107.3,2263.9290527122253,662.0248761914401,1.3368749437970704,2261.806421141312,660.3270463489431,2.718122690371184,4.565070835054339
107.4,2264.834530080037,666.8419542018365,1.3369207536384733,2262.655560730103,665.1427562611728,2.7631831407830547,4.7382888715787566
107.5,2265.7447619285253,671.6784973640176,1.3367923357177303,2263.508173282448,669.9781623284629,2.8095316344362127,4.918166809142618
107.6,2266.66032137798,676.5345507816073,1.3367918388221136,2264.364258798346,674.833264550813,2.85767006645028,5.104502566379302
107.7,2267.5811397229536,681.4091109286262,1.3368608786737166,2265.223817277797,679.7080629282235,2.9069801186304915,5.2970714701205885
107.8,2268.5069085724926,686.3016178653595,1.3368251373800772,2266.086848720802,684.6025574606942,2.9569403011331206,5.495666962529936
107.9,2269.4368649175817,691.2129066789685,1.337125129235288,2266.9533531273605,689.5167481482252,3.007454833173843,5.7001276509716545
108.0,2271.0040284946413,696.081341757566,1.3297443368821273,2267.823330497472,694.4506349908164,3.5743592864063976,4.084596123519998
108.1,2271.9627141203373,701.0294971491525,1.329629258745039,2268.6967808311365,699.4042179884678,3.647992954991231,4.23660069471227
108.2,2272.9267104155165,705.9964264470449,1.3296890841834972,2269.5737041283546,704.3774971411796,3.7233833081132732,4.395929100062351
108.3,2273.895404285013,710.9820553937376,1.3296873281743664,2270.454100389126,709.3704724489515,3.7999700119568915,4.5623480983531515
108.4,2274.867537379482,715.986844775804,1.3296893708561885,2271.3379696134507,714.3831439117837,3.8768163583368405,4.735635791497562
108.5,2275.8442434929416,721.0107687446769,1.3293330549253952,2272.2253118013286,719.4155115296761,3.954935166418337,4.915580149451455
108.6,2276.825219382144,726.0537577694276,1.3293479363315532,2273.11612695276,724.4675753026288,4.034022987997568,5.101968188568902
108.7,2277.8104855790866,731.115815421321,1.3291688608411096,2274.010415067745,729.5393352306417,4.114100835270572,5.294600076340992
108.8,2278.7997693637963,736.1973892067773,1.3289952759527721,2274.908176146283,734.6307913137148,4.195083637919846,5.493295616435935
108.9,2279.7922994737983,741.298874794603,1.3290543184808912,2275.8094101883744,739.7419435518482,4.276381876611385,5.697881377449741
109.0,2277.979384100415,744.0337304745698,1.3499019057158963,2276.7141171940198,744.8727919450419,1.5181977788315995,4.088811423153534
109.1,2278.8806877100405,749.0926620563414,1.3500374225700036,2277.6222971632174,750.0233364932957,1.5651522852215252,4.241690039003531
109.2,2279.786930538157,754.1709479326013,1.3500256234135575,2278.533950095969,755.1935771966098,1.6173220458869528,4.401971550029201
109.3,2280.6981105016825,759.2687712547744,1.350195720722139,2279.4490759922737,760.3835140549842,1.6741382010795092,4.569432021222944
109.4,2281.613610097141,764.3859054059864,1.350156605423526,2280.367674852132,765.5931470684188,1.7348737897232511,4.743838204419374
109.5,2282.5330020057795,769.5222589096279,1.350386741631712,2281.2897466755435,770.8224762369136,1.7989577300021116,4.924966549296998
109.6,2283.457168478981,774.6778233465983,1.3504289249128332,2282.2152914625085,776.0715015604687,1.8667076599886243,5.112611361662907
109.7,2284.3848740263256,779.8525484342733,1.3504144910530451,2283.144309213026,781.3402230390841,1.9370536352397532,5.306562297378593
109.8,2285.316532310161,785.0456079150123,1.3505133126374413,2284.0767999270984,786.6286406727597,2.0107036314972073,5.50660622143578
109.9,2286.2540114147914,790.2570865879218,1.3505907186782076,2285.012763604723,791.9367544614955,2.088535441766527,5.7125756701701516
110.0,2285.9879057757885,797.0478540191461,1.3644369571668171,2285.9522002459016,797.2645644052916,0.21963213864963252,4.091288661690966
110.1,2286.889666780111,802.3516649849477,1.3644121283255635,2286.895109850633,802.6120705041479,0.2604623992953212,4.244545593431961
110.2,2287.7943799026966,807.6748915182031,1.3646360561168343,2287.841492418918,807.9792727580646,0.30800572781080665,4.405214945335237
110.3,2288.7036587085527,813.0169730429848,1.3646681242710805,2288.791347950756,813.3661711670413,0.36003990479226616,4.573060112280427
110.4,2289.6185822371867,818.3780704909925,1.3646168526151206,2289.7446764461474,818.7727657310784,0.414347779141946,4.747863443511113
110.5,2290.5383835530397,823.7585973220955,1.3643603833692426,2290.7014779050924,824.1990564501757,0.46968501272729857,4.929412039909675
110.6,2291.460545707221,829.1586155620175,1.364390433666264,2291.6617523275904,829.6450433243333,0.5263991565646192,5.117482506623541
110.7,2292.386088181598,834.5775838009359,1.364592917196379,2292.625499713642,835.1107263535511,0.5844303748819013,5.311863913434777
110.8,2293.316399674859,840.0154561830971,1.3646486724216778,2293.592720063247,840.5961055378291,0.6430448119606642,5.512371445684169
110.9,2294.251171986414,845.4724277724794,1.3648039487444061,2294.563413376405,846.1011808771674,0.7020150655636411,5.718828397237016
111.0,2294.668873682525,851.947866113288,1.3764166277214596,2295.5375796531166,851.625952371566,0.9264332250362831,4.0911306843158375
111.1,2295.592327963902,857.4777038630979,1.376374931139345,2296.5152188933816,857.1704200210247,0.9727029491655018,4.244293039039969
111.2,2296.518687316241,863.0271068836524,1.3763497796083066,2297.4963310972,862.7345838255437,1.0204690597820818,4.4048540137153545
111.3,2297.4484727869876,868.5960535457153,1.3764023496637412,2298.4809162645715,868.318443785123,1.0691149206618007,4.572584374979804
111.4,2298.3806408776354,874.1845581901509,1.3764853605067076,2299.4689743954964,873.9219998997626,1.1195564755523977,4.747252187935723
111.5,2299.3159299837334,879.7925580938772,1.376384419188788,2300.460505489975,879.5452521694623,1.1709881766006196,4.928638629197509
111.6,2300.2553689540623,885.420017165092,1.3764757223539976,2301.4555095480064,885.1882005942223,1.2223241663986701,5.116536301724938
111.7,2301.1984350882362,891.0670323914064,1.3765582386241655,2302.4539865695915,890.8508451740425,1.2740276430615423,5.310743352660602
111.8,2302.1451285155663,896.7335062184538,1.3767100246190231,2303.4559365547298,896.5331859089231,1.326026373020572,5.511065246225944
111.9,2303.095385838618,902.4192386556884,1.3767054299353827,2304.4613595034216,902.2352227988638,1.3783126961978738,5.717314251442452
112.0,2305.745476094868,909.7239575662475,1.361588094277404,2305.4702554156665,907.9569558438648,1.7883068833853968,4.088469180913721
112.1,2306.7684022147523,915.5003416157833,1.3614629372410942,2306.482624291465,913.698385043926,1.824477050636194,4.241136447349836
112.2,2307.795565181712,921.2947628452267,1.361381647553349,2307.4984661308167,919.4595103990474,1.859144799968518,4.401126091800917
112.3,2308.8265864430523,927.1077033961276,1.3615200098193292,2308.517780933721,925.2403319092292,1.8927327103091953,4.56821145131198
112.4,2309.8603566307074,932.9397923131287,1.3617352086044736,2309.54056870018,931.040849574471,1.9256811379903176,4.742171143702352
112.5,2310.8968667315166,938.7902606414518,1.361476919427623,2310.566829430192,936.8610633947732,1.9572242173185732,4.922764129812412
112.6,2311.9377789145137,944.6578476306162,1.3616104441720918,2311.5965631237564,942.7009733701356,1.986400032016143,5.109751775214069
112.7,2312.982998601021,950.5438729600259,1.3615162365828153,2312.6297697808745,948.5605795005584,2.0145033000092507,5.3029595048216605
112.8,2314.0326407188686,956.4494664532453,1.3616031253987813,2313.6664494015463,954.4398817860412,2.0426763364626437,5.502224040470404
112.9,2315.086159951466,962.374391792408,1.3616675548988468,2314.706601985771,960.3388802265844,2.070596914883297,5.707355119623053
113.0,2318.686668911351,967.403960703397,1.336193282535608,2315.7502275335496,966.2575748221878,3.1522830700777513,4.083101110819834
113.1,2319.842146659426,973.3341004179857,1.3362216920630368,2316.797326044881,972.1959655728516,3.25058202487878,4.234835786344115
113.2,2320.999615870735,979.2836673670599,1.336250673789783,2317.8478975197663,978.1540524785754,3.3480379866599894,4.393832513807975
113.3,2322.160140012667,985.2523623038895,1.3361472218909547,2318.9019419582046,984.1318355393596,3.4454948544628796,4.559857311797365
113.4,2323.3249864287873,991.2404035728786,1.336332980244143,2319.9594593601964,990.129314755204,3.544191136236757,4.732691972231066
113.5,2324.4937702815882,997.2468077202707,1.3365605434831487,2321.0204497257414,996.1464901261086,3.643439925632216,4.91209211409105
113.6,2325.6648910817557,1003.2717519034902,1.3363233559954701,2322.08491305484,1002.1833616520736,3.7417691019862067,5.097838759790452
113.7,2326.83759348437,1009.3162594979605,1.3362625689052714,2323.152849347492,1008.2399293330986,3.838727129928127,5.289746375139096
113.8,2328.0134679803045,1015.3799504764047,1.336174447096004,2324.224258603697,1014.316193169184,3.9356940059457246,5.4876218624637
113.9,2329.194906452319,1021.4622992111922,1.335967843311074,2325.299140823455,1020.4121531603296,4.034822990315701,5.691283724771165
114.0,2325.4702477555575,1026.372718885726,1.3767623599245356,2326.377496006767,1026.5278093065351,0.9204088373922665,4.091679417112203
114.1,2326.482416937201,1032.453464848459,1.3768889556016157,2327.459324153632,1032.6631616078014,0.9991598672856553,4.244616539210693
114.2,2327.4986466058785,1038.5533868638918,1.3770899335959277,2328.544625264051,1038.8182100641277,1.0789822430119764,4.404912662300234
114.3,2328.5172932222254,1044.6727749664792,1.3769429498293844,2329.633399338022,1044.9929546755145,1.161123554061743,4.572335627453646
114.4,2329.539426442001,1050.811351569718,1.3770472291018583,2330.7256463755475,1051.187395441961,1.2443981374923385,4.746655856832836
114.5,2330.5650082518555,1056.9693466905226,1.3771320033568597,2331.821366376626,1057.4015323634678,1.3286158939196657,4.9276578066225305
114.6,2331.593857663074,1063.1473618630985,1.3773279295997625,2332.9205593412576,1063.635365440035,1.4136070295518883,5.115144655996254
114.7,2332.6263423375244,1069.3456090356453,1.3773155664227763,2334.0232252694427,1069.8888946716625,1.4988132664835823,5.30892317607493
114.8,2333.663524017839,1075.5639542285885,1.377192671651664,2335.129364161181,1076.1621200583502,1.5831897188043293,5.508805507929038
114.9,2334.7057749325995,1081.8022600502738,1.377460196257087,2336.238976016473,1082.4550416000982,1.6663821036549336,5.714611487563161
115.0,2336.7412290994735,1084.668936382728,1.3612722523321017,2337.352060835318,1088.7676592969065,4.143989012621412,4.089534701400106
115.1,2337.8343010274116,1090.8288370944674,1.3613435101972768,2338.4686186177164,1095.099973148775,4.317981241248775,4.242279699375819
115.2,2338.933895194384,1097.0075957508766,1.361450742769775,2339.588649363668,1101.4519831557036,4.492358225518049,4.402374997804602
115.3,2340.0366438122232,1103.2059193678826,1.3613152674029187,2340.7121530731733,1107.8236893176925,4.666916762809895,4.569589162554781
115.4,2341.1414490661978,1109.4236565142955,1.3615368319527106,2341.839129746232,1114.2150916347416,4.84196332542258,4.743685519749332
115.5,2342.249911383934,1115.660804086866,1.3615182313981893,2342.969579382844,1120.626190106851,5.017268216481825,4.924450184326095
115.6,2343.36299514527,1121.9174629085803,1.3617166314633296,2344.1035019830088,1127.0569847340207,5.192594242853583,5.1116782948904715
115.7,2344.480372075146,1128.1937520140748,1.3615744141818553,2345.2408975467274,1133.507475516251,5.367872618691956,5.305168779645541
115.8,2345.6027757566007,1134.4892971410554,1.3614860507263886,2346.381766073999,1139.977662453541,5.5433725941789636,5.504723679708542
115.9,2346.7292158249425,1140.80337568431,1.3615037026892813,2347.5261075648245,1146.4675455458912,5.719952505566638,5.71013546524367
116.0,2351.2359100226554,1150.3765086741182,1.3357872071461925,2348.673922019203,1152.9771247933018,3.650614568698143,4.083108025688221
116.1,2352.4975823151603,1156.837361348001,1.3358687309075024,2349.825209437135,1159.5064001957726,3.7769491881833823,4.2348607992552685
116.2,2353.7642252077476,1163.3178716128882,1.3357877924034518,2350.97996981862,1166.0553717533037,3.904610747649747,4.393894499082017
116.3,2355.0353241608564,1169.8180795921369,1.3359269818334374,2352.138203163659,1172.624039465895,4.033202311506686,4.559976475368059
116.4,2356.3116287744583,1176.337277021929,1.335792248776156,2353.299909472251,1179.2124033335467,4.163748847258425,4.732868354704829
116.5,2357.5924168122547,1182.8761000276893,1.3358786755400824,2354.465088744396,1185.8204633562586,4.295283023811288,4.912358219569768
116.6,2358.877681571904,1189.4350949319698,1.3358564344263573,2355.6337409800944,1192.4482195340308,4.4274225493772335,5.098245947556743
116.7,2360.167935294847,1196.013936435136,1.335859685534492,2356.805866179346,1199.095671866863,4.560767699474337,5.290325536770048
116.8,2361.463894617989,1202.6123667656864,1.3358102275354393,2357.9814643421514,1205.7628203547556,4.69602794316098,5.488403384099606
116.9,2362.765179003659,1209.2302491876542,1.335798477242823,2359.16053546851,1212.4496649977084,4.833021122809116,5.692292453483373
117.0,2362.8652116453936,1220.3420007932841,1.352283880029556,2360.343079558422,1219.1562057957217,2.7869804520981227,4.085025171941675
117.1,2364.1299378129784,1227.152967173498,1.3522773533106103,2361.529096611887,1225.8824427487948,2.894582399425222,4.237094869682433
117.2,2365.3981417459736,1233.9825531953466,1.3524430664943086,2362.718586628905,1232.6283758569284,3.002301099039408,4.396440775163074
117.3,2366.6699111984635,1240.8313968034006,1.3524765356356045,2363.9115496094773,1239.3940051201223,3.110410504539879,4.562841299580075
117.4,2367.944489006695,1247.7002256283681,1.3524079728043013,2365.1079855536027,1246.1793305383765,3.218520423139568,4.736078943717225
117.5,2369.222212418413,1254.5881442282634,1.352325998564651,2366.307894461281,1252.984352111691,3.3264693457842234,4.915914280742563
117.6,2370.5048382691307,1261.4938493405034,1.3522512288527635,2367.5112763325133,1259.8090698400651,3.4350975289592056,5.102112090921364
117.7,2371.792499001371,1268.4182666031297,1.3524180551499598,2368.7181311672985,1266.6534837235,3.5448830998236973,5.294489039971604
117.8,2373.0835778737055,1275.363208436654,1.352362482018861,2369.928458965637,1273.517593761995,3.6552795859369245,5.492886872152122
117.9,2374.3779279299315,1282.3281938630257,1.3522904416521113,2371.142259727529,1280.4013999555502,3.7659107102960614,5.697112298761715
118.0,2372.565287675853,1289.4874310933046,1.3790501722413653,2372.3595334529746,1287.3049023041658,2.192205901746481,4.088769771678963
118.1,2373.7500706370806,1296.4978157872988,1.379023881904663,2373.580280141973,1294.2281008078417,2.2760568754319395,4.241295159371359
118.2,2374.9363510926364,1303.527018291203,1.3790649365341285,2374.8044997945253,1301.1709954665778,2.3597093708692634,4.401122307869205
118.3,2376.125588892429,1310.5751092757046,1.379083120972001,2376.0321924106306,1308.133586280374,2.4433087073762216,4.568024338813968
118.4,2377.3171337716913,1317.6428106293006,1.3788751667412984,2377.263357990289,1315.1158732492304,2.527509516789489,4.741784977840065
118.5,2378.5100446170095,1324.7298355528637,1.3787492687591145,2378.497996533501,1322.117856373147,2.612006966221448,4.922171250635716
118.6,2379.7070465967513,1331.8353166919708,1.3784376615824596,2379.7361080402666,1329.139535652124,2.6959376814563116,5.108960930722953
118.7,2380.9102452611055,1338.9590390710202,1.3786176950075988,2380.9776925105853,1336.1809110861614,2.77894660469007,5.301954133495168
118.8,2382.1185963329813,1346.1009140917563,1.3787226749916992,2382.222749944457,1343.241982675259,2.860827995357161,5.500949250604566
118.9,2383.3303130261297,1353.2611741377802,1.3787730581521989,2383.4712803418824,1350.3227504194167,2.9418031430998117,5.705759549280972
119.0,2384.4266961366015,1358.5277730140322,1.3758827261469302,2384.723283702861,1357.4232143186346,1.14368443901197,4.088337037746888
119.1,2385.6411772695947,1365.6592020438554,1.3756769331871486,2385.978760027393,1364.5433743729127,1.165775925984168,4.240675338507006
119.2,2386.8607739619433,1372.8091830471128,1.375563985606696,2387.2377093154782,1371.683230582251,1.1873707145928174,4.400310986512329
119.3,2388.0829754046827,1379.9780360079399,1.375497717593716,2388.500131567117,1378.8427829466498,1.2094704531428127,4.567007434351585
119.4,2389.3082030966316,1387.165642431648,1.3754228435652647,2389.766026782309,1386.0220314661087,1.2318476235593054,4.74053445333707
119.5,2390.538649496548,1394.3722614881115,1.375379837918436,2391.0353949610544,1393.220976140628,1.2538795826705622,4.920685632023587
119.6,2391.773733941884,1401.5981175190118,1.3752027182625015,2392.308236103353,1400.4396169702077,1.2758589585821765,5.107251460395819
119.7,2393.0112591138213,1408.8435998453783,1.3752627241060873,2393.584550209205,1407.6779539548472,1.2989969292336543,5.300029033129167
119.8,2394.25016390804,1416.1092739765586,1.375467189550664,2394.8643372786105,1414.935987094547,1.3243153086097585,5.498836151329301
119.9,2395.4918270687863,1423.3945777499725,1.3755312132353705,2396.1475973115694,1422.2137163893071,1.3507287530930638,5.7034841677103785
120.0,2395.4404445723076,1433.501541589024,1.3908001789715494,2397.4343303080814,1429.5111418391275,4.460815003034429,4.087568059108179
