time,accel_x,accel_y,accel_z,gyro_x,gyro_y,gyro_z,true_speed,true_heading,true_x,true_y,true_accel_x_vehicle,true_accel_x_world,true_accel_y_world,true_accel_z_world,gnss_x,gnss_y
0.0,6.761557930520562,-0.0007396451756776,7.562862491840448,0.0162302985640802,-0.0043415337472333,0.0026586304305081,0.0,0.0,0.0,0.0,2.0,2.0,0.0,0.0,1.9868566120449307,-0.5530572046847386
0.1,6.923932729894986,0.1351152093729363,7.395288053235101,0.0064256004358596,-0.0066341769281246,0.0003427024642974,0.2,0.0,0.02,0.0,2.0,2.0,0.0,0.0,,
0.2,6.723345148303783,-0.2669920366986696,7.206971536248389,-0.0046228752924097,-0.0121283112033442,0.0081424733259527,0.4,0.0,0.06,0.0,2.0000000000000004,2.0000000000000004,0.0,0.0,,
0.3,6.550847196240695,-0.1918455552002937,7.685556526463578,-0.0012577630048653,-0.0013247179531207,-0.0092474818621345,0.6000000000000001,0.0,0.12,0.0,2.0,2.0,0.0,0.0,,
0.4,6.605393398890099,0.0366383884564799,7.293060174511999,0.0047569801834567,-0.008006386899188,0.0020830625020672,0.8,0.0,0.2,0.0,2.0,2.0,0.0,0.0,,
0.5,6.5967948157344685,0.2978417276763406,7.463684627414654,-0.009577109289559,0.0062254491210318,-0.0072084364997102,1.0,0.0,0.3,0.0,2.0000000000000004,2.0000000000000004,0.0,0.0,,
0.6000000000000001,6.718380346819591,-0.2739505185819663,7.26648130379058,0.0029686123586912,0.0053846657999541,0.0067136828118997,1.2000000000000002,0.0,0.42,0.0,2.0000000000000004,2.0000000000000004,0.0,0.0,,
0.7000000000000001,6.669703565210641,-0.0251655543383933,7.24393091257023,-0.006198442083947,-0.0066063877095978,0.0155712222621891,1.4,0.0,0.56,0.0,2.0,2.0,0.0,0.0,,
0.8,6.738593551004146,-0.2444560233044101,7.514321806534563,-0.0028508228041631,-0.0087692200030595,0.0111167628884086,1.6,0.0,0.7200000000000001,0.0,2.0,2.0,0.0,0.0,,
0.9,6.841700735943269,0.1596920178674297,7.339826582641948,-0.0020921237585121,0.0013126343140356,0.0147554512712235,1.8,0.0,0.9000000000000001,0.0,2.0,2.0,0.0,0.0,,
1.0,6.615174671892084,-0.0078488464995725,7.29975896502444,-0.0109620662408067,0.0061252582239419,0.0185624002857082,2.0,0.0,1.1,0.0,2.0000000000000004,2.0000000000000004,0.0,0.0,3.69075415240277,6.092119425632101
1.1,6.676249289331828,0.1705299346838036,7.519954614882488,-0.0054511975460512,0.0016139560550841,0.0203803656646596,2.2,0.0,1.32,0.0,2.0000000000000018,2.0000000000000018,0.0,0.0,,
1.2000000000000002,6.681676901702384,0.2546965483721009,7.072747445511883,0.0092190250437522,-0.0011295293176182,0.0020099264953413,2.4000000000000004,0.0,1.56,0.0,2.0,2.0,0.0,0.0,,
1.3,6.700814924049202,-0.2781353371901339,7.432758427949717,0.0045711257151174,0.0127789404474151,-0.0001827021827364,2.6,0.0,1.82,0.0,2.0,2.0,0.0,0.0,,
1.4,6.565776767134898,-0.0552635565376804,7.603019528780655,0.0042875110965968,-0.0072976020376703,0.0101326743311335,2.8000000000000003,0.0,2.1,0.0,2.0,2.0,0.0,0.0,,
1.5,6.701612439971083,0.1652967485799333,7.360401247043741,-0.0022766214659776,-0.0059210815313215,-0.0096351494813211,3.0,0.0,2.4000000000000004,0.0,2.0,2.0,0.0,0.0,,
1.6,6.731468849128565,0.0591582908269834,7.466476229621713,-0.0013458713337514,-0.0161537074205041,0.0007935467723464,3.2,0.0,2.7200000000000006,0.0,2.0000000000000018,2.0000000000000018,0.0,0.0,,
1.7000000000000002,6.635643630089861,-0.1003415903832428,7.441516354375443,0.0050405085681453,0.0168618590121053,0.0067457781283183,3.4000000000000004,0.0,3.0600000000000005,0.0,2.0,2.0,0.0,0.0,,
1.8,6.725683366177291,0.0088331126350749,7.177893528830488,0.0007348612455078,-0.0013976979005897,0.0296324211248528,3.6,0.0,3.4200000000000004,0.0,2.0,2.0,0.0,0.0,,
1.9,6.658196662851709,0.0652321013500418,7.460502445669558,-0.0106867803761953,0.0094282281451502,0.0125193303268677,3.8,0.0,3.8,0.0,2.0,2.0,0.0,0.0,,
2.0,6.805705599625334,-0.1164081182192108,7.676128357765759,-0.0130185106279228,0.0038685709380027,0.0269045562580997,4.0,0.0,4.2,0.0,2.0,2.0,0.0,0.0,3.2633865011066563,-0.9365478277967222
2.1,6.538470358799275,-0.0649446594404157,7.480656915888489,-0.0040347565411619,-0.0175066343106613,0.0056856297480602,4.2,0.0,4.62,0.0,2.0000000000000018,2.0000000000000018,0.0,0.0,,
2.2,6.527705250509963,0.0910388645952772,7.327795575990273,0.0164993440501753,-0.0098325329233623,0.0017793848379432,4.4,0.0,5.0600000000000005,0.0,2.0000000000000018,2.0000000000000018,0.0,0.0,,
2.3000000000000003,6.809078390174329,-0.1646296474650933,7.499828201315963,0.0140714275428242,-0.0180748323456122,0.006846338585323,4.6000000000000005,0.0,5.5200000000000005,0.0,2.0000000000000018,2.0000000000000018,0.0,0.0,,
2.4000000000000004,6.7260332267061385,0.1372734307665965,7.280166604493633,-0.0122045661308427,0.0032194156561689,0.0079698467323318,4.800000000000001,0.0,6.000000000000001,0.0,1.9999999999999971,1.9999999999999971,0.0,0.0,,
2.5,6.724624735120757,0.0719672314245463,7.363705502888571,0.00332253697161,0.0009307247329868,-0.0021435141802636,5.0,0.0,6.500000000000001,0.0,1.9999999999999971,1.9999999999999971,0.0,0.0,,
2.6,6.9669169842405925,0.0910749381367681,7.287013686544946,0.0075655360863382,-0.0117468167022732,0.0128708460374245,5.2,0.0,7.020000000000001,0.0,2.0000000000000018,2.0000000000000018,0.0,0.0,,
2.7,6.860840144419989,-0.1031023477527565,7.610215630511991,0.0051278092693649,0.0062206015999449,0.0239679298265394,5.4,0.0,7.560000000000001,0.0,2.0000000000000018,2.0000000000000018,0.0,0.0,,
2.8000000000000003,6.650242590168448,-0.0930604246536234,7.332282046681515,-0.0071581028496543,-0.002771017094141,0.0084115197481664,5.6000000000000005,0.0,8.120000000000001,0.0,2.0000000000000018,2.0000000000000018,0.0,0.0,,
2.9000000000000004,6.728554427468378,0.1440774873554035,7.467659494907031,0.0155353407715731,-0.0046465683323795,0.0322016916658961,5.800000000000001,0.0,8.700000000000001,0.0,1.9999999999999971,1.9999999999999971,0.0,0.0,,
3.0,6.780900909733626,-0.1085736334624423,7.305075336416178,0.0058247241524318,-0.0042346278532585,0.0121400049409209,6.0,0.0,9.3,0.0,1.9999999999999971,1.9999999999999971,0.0,0.0,15.616851262029567,3.069738916611635
3.1,6.758036451254911,0.009075663101469,7.338690153415083,-0.0141484722468586,-0.0064651495206702,0.0135639879432347,6.2,0.0,9.920000000000002,0.0,2.0000000000000018,2.0000000000000018,0.0,0.0,,
3.2,6.719164869188409,-0.1668608168067982,7.491686350003021,0.0048531737972883,-0.0108385743620113,0.0065372510594552,6.4,0.0,10.560000000000002,0.0,2.0000000000000018,2.0000000000000018,0.0,0.0,,
3.3000000000000003,6.695782115335779,-0.1514455446745934,7.519377315177586,0.0066078452636823,0.0088305124317527,0.015538020520349,6.6000000000000005,0.0,11.220000000000002,0.0,2.0000000000000018,2.0000000000000018,0.0,0.0,,
3.4000000000000004,6.480400402375311,-0.1206737559872684,7.542964501206644,0.006137859509122,0.0031504768630604,0.0435273149065472,6.800000000000001,0.0,11.900000000000002,0.0,1.9999999999999971,1.9999999999999971,0.0,0.0,,
3.5,6.77268438417285,0.1903348460270898,7.608809475649325,0.0075139125130579,-0.0051526924464034,0.0125896922049326,7.0,0.0,12.6,0.0,1.9999999999999971,1.9999999999999971,0.0,0.0,,
3.6,6.571127025388243,-0.0155227910110013,7.392904678950978,0.0018187413938632,0.021146585666735,-0.0136726519259174,7.2,0.0,13.320000000000002,0.0,2.0000000000000018,2.0000000000000018,0.0,0.0,,
3.7,6.789989836125056,-0.2219073806784477,7.394919431256929,0.0118895059696736,-0.0013571998090453,-0.005777447779293,7.4,0.0,14.060000000000002,0.0,2.0000000000000018,2.0000000000000018,0.0,0.0,,
3.8,6.579755251179884,0.1219396623402013,7.356154216367773,0.0031645858958197,-0.0015442816009618,-0.0015160034760581,7.6,0.0,14.820000000000002,0.0,2.0000000000000018,2.0000000000000018,0.0,0.0,,
3.9,7.008642420967674,0.1150878533477016,7.161937823126704,0.0028645431476942,-0.0086178646476838,0.0135243333479622,7.800000000000001,0.0,15.6,0.0,1.9999999999999971,1.9999999999999971,0.0,0.0,,
4.0,6.568172696803973,0.0027895337799651,7.541457302972412,0.0096575519417012,-0.0140029640705577,0.0016549876415905,8.0,0.0,16.400000000000002,0.0,2.0000000000000018,2.0000000000000018,0.0,0.0,14.522102456260194,2.1702401743438586
4.1000000000000005,6.615809010894735,-0.0779993848860567,7.730527347167508,0.0050498171096095,-0.0146088395433504,0.0141786194705477,8.200000000000001,0.0,17.220000000000002,0.0,2.0000000000000018,2.0000000000000018,0.0,0.0,,
4.2,7.0053742371207655,0.174869789082672,7.237803716232245,-0.0038423407286625,0.0106691114918662,-0.0020766946561878,8.4,0.0,18.06,0.0,1.999999999999993,1.999999999999993,0.0,0.0,,
4.3,6.753623721790813,0.1361951080144005,7.326669640388631,0.0004047464393819,-0.0344126734006907,-0.0052438764133428,8.6,0.0,18.92,0.0,2.0000000000000018,2.0000000000000018,0.0,0.0,,
4.4,6.6491655848599045,-0.1671674772947274,7.710570906715088,-0.0133014137796063,-0.0064004448669698,0.0063074057728609,8.8,0.0,19.8,0.0,2.0000000000000018,2.0000000000000018,0.0,0.0,,
4.5,6.903241800928796,-0.1953793226769159,7.640183773948587,0.0011023306101958,-0.0118150865104795,0.0096210347426327,9.0,0.0,20.7,0.0,2.0000000000000018,2.0000000000000018,0.0,0.0,,
4.6000000000000005,6.716909761904899,-0.0700325315738192,7.476179523873846,-0.0028531359686176,-0.0008648265474875,0.0116213067452104,9.2,0.0,21.62,0.0,2.0000000000000018,2.0000000000000018,0.0,0.0,,
4.7,6.924953329990681,-0.1656723248240273,7.785664217323783,-0.018520877995225,-0.0035178509503558,0.0108831720648457,9.4,0.0,22.56,0.0,2.0000000000000018,2.0000000000000018,0.0,0.0,,
4.800000000000001,6.729199587729133,-0.073404927973089,7.434490873571752,-0.0039300093465883,-0.0078936475694421,0.0134960209702102,9.6,0.0,23.520000000000003,0.0,2.0000000000000018,2.0000000000000018,0.0,0.0,,
4.9,6.740603130463628,-0.0839364392890981,7.600649192440335,0.004072995208766,0.0061286211883896,0.0112962884192361,9.8,0.0,24.500000000000004,0.0,1.999999999999993,1.999999999999993,0.0,0.0,,
5.0,6.562701555930568,-0.0640271560295454,7.577803251893832,0.0071037026543346,-0.0022090159396414,0.0061732738330878,10.0,0.0,25.500000000000004,0.0,2.0000000000000018,2.0000000000000018,0.0,0.0,23.646329228750155,-1.8629190142810275
5.1000000000000005,6.878700541937143,-0.0687357083253744,7.547773818300849,-0.0010219265243389,-0.0041768120322722,0.0159877685198719,10.2,0.0,26.520000000000003,0.0,2.0000000000000018,2.0000000000000018,0.0,0.0,,
5.2,6.810863259917083,0.1420264454000957,7.661531032198493,0.0012100384163275,0.0048195297129496,0.0018973324340654,10.4,0.0,27.56,0.0,2.0000000000000018,2.0000000000000018,0.0,0.0,,
5.300000000000001,6.735675760442145,0.0004785418448473,7.480258605874251,0.0069515702543691,-0.0101822068323347,0.0259238727568546,10.6,0.0,28.62,0.0,2.0000000000000018,2.0000000000000018,0.0,0.0,,
5.4,6.536148200343916,-0.1621282919181598,7.639425842150358,0.0089166269396293,0.0042411981705215,0.0112834550926428,10.8,0.0,29.700000000000003,0.0,1.999999999999993,1.999999999999993,0.0,0.0,,
5.5,6.685213791641841,-0.1145881557228747,7.477079894854402,-0.0057716171151211,0.0077511973341775,0.0035294261849786,11.0,0.0,30.800000000000004,0.0,2.0000000000000018,2.0000000000000018,0.0,0.0,,
5.6000000000000005,6.563226228050002,-0.028207876247949,7.527648929266687,-0.0046372455280397,-0.0102222039556643,0.0074368721149191,11.2,0.0,31.920000000000005,0.0,2.0000000000000018,2.0000000000000018,0.0,0.0,,
5.7,6.723795793235187,-0.0560414763056694,7.395053465282594,0.0033204993735763,-0.0164808434149732,-0.0090746377437655,11.4,0.0,33.06,0.0,2.0000000000000018,2.0000000000000018,0.0,0.0,,
5.800000000000001,6.579284174381013,-0.012017072756777,7.512345345965044,0.0157535621694955,0.0065765962320201,0.0034006147003657,11.6,0.0,34.22,0.0,2.0000000000000018,2.0000000000000018,0.0,0.0,,
5.9,6.684198376383467,-0.1303794046956713,7.46293224072649,-0.0018865863892013,0.0012271856033808,-0.0032723094355232,11.8,0.0,35.4,0.0,1.999999999999993,1.999999999999993,0.0,0.0,,
6.0,6.764952784705055,0.2499108369503866,7.449395188856815,0.0050171172209894,0.0049014399171111,0.0009877952811416,12.0,0.0,36.6,0.0,2.0000000000000018,2.0000000000000018,0.0,0.0,37.56784908626414,-7.653120978631192
6.1000000000000005,6.720664679840441,0.0218888601172692,7.480360625907668,-0.0067300978385546,-0.0017548982574105,0.0099799829124544,12.2,0.0,37.82,0.0,2.0000000000000018,2.0000000000000018,0.0,0.0,,
6.2,6.904722348738135,0.163890623912781,7.788686579752077,-0.0066734756288804,0.0067232063672067,0.0068334200573835,12.4,0.0,39.06,0.0,2.0000000000000018,2.0000000000000018,0.0,0.0,,
6.300000000000001,7.015521247551529,-0.1012447428032727,7.339750934798227,-0.0049939264544402,-0.023238957243098,-0.0002575502168076,12.6,0.0,40.32,0.0,2.0000000000000018,2.0000000000000018,0.0,0.0,,
6.4,6.573180908335816,0.0425590679714311,7.516972607491922,0.0197617083921588,0.0075042383818605,-0.000769036556624,12.8,0.0,41.6,0.0,1.999999999999993,1.999999999999993,0.0,0.0,,
6.5,6.552288606866625,0.0937878757259758,7.267674230072247,0.0193145876585435,0.0097944012072128,0.0003082434789529,13.0,0.0,42.9,0.0,2.0000000000000018,2.0000000000000018,0.0,0.0,,
6.6000000000000005,6.430080628205247,0.2230808561248119,7.44852823433745,0.0133781631197346,-0.0179442765879436,-0.0009937502295377,13.2,0.0,44.22,0.0,2.0000000000000018,2.0000000000000018,0.0,0.0,,
6.7,6.687837362526606,0.0270470890647113,7.398199390403457,0.0072284993234749,-0.0126762042938259,0.003576205149787,13.4,0.0,45.56,0.0,2.0000000000000018,2.0000000000000018,0.0,0.0,,
6.800000000000001,6.705095152325663,0.0971658251088123,7.572451442838677,-0.0102464209183786,-0.0173411417073562,0.017776768218985,13.6,0.0,46.92,0.0,2.0000000000000018,2.0000000000000018,0.0,0.0,,
6.9,6.736897909365809,-0.092272980483483,7.698382007453726,0.0021567463429285,0.0097929718406382,0.005675184814101,13.8,0.0,48.3,0.0,1.999999999999993,1.999999999999993,0.0,0.0,,
7.0,6.996162996301177,0.2833011263664807,7.428364588853483,0.0107157095095435,0.0044537594958514,0.0186863155753234,14.0,0.0,49.7,0.0,2.0000000000000018,2.0000000000000018,0.0,0.0,42.80032866994787,-2.2491501169638908
7.1000000000000005,6.542312288481863,0.1229077189997659,7.624472884152781,-0.0165873948642311,-0.0138325851266577,-0.015392321777601,14.2,0.0,51.120000000000005,0.0,2.0000000000000018,2.0000000000000018,0.0,0.0,,
7.2,6.646639782402195,0.1276313383693943,7.691062768939748,0.0017409478041977,0.0142861554557129,-0.0088010145821489,14.4,0.0,52.56,0.0,2.0000000000000018,2.0000000000000018,0.0,0.0,,
7.300000000000001,6.431543441665605,0.0116678451655071,7.523319028466239,0.000673052519059,-0.0226744210003987,0.0041087996048721,14.6,0.0,54.02,0.0,2.0000000000000018,2.0000000000000018,0.0,0.0,,
7.4,6.491380382493142,0.1204508823245057,7.520698948039875,-0.0083987978632735,-0.0071386691733669,-0.0055921352188895,14.8,0.0,55.5,0.0,1.999999999999993,1.999999999999993,0.0,0.0,,
7.5,6.677648942977903,0.1632713480751857,7.317850304175012,0.0060404651551784,-0.0073025761837244,-0.0029287283226234,15.0,0.0,57.0,0.0,2.0000000000000018,2.0000000000000018,0.0,0.0,,
7.6,6.670996253575695,-0.1352863483629061,7.382661815323266,-0.0109787789258884,0.0176472513291638,0.0053526355197172,15.2,0.0,58.52,0.0,2.0000000000000018,2.0000000000000018,0.0,0.0,,
7.7,6.582091981369991,0.0520969866101333,7.448860003671719,-0.0012096959953322,0.0041416670004342,0.012575077100473,15.4,0.0,60.06,0.0,2.0000000000000018,2.0000000000000018,0.0,0.0,,
7.800000000000001,6.607475635427299,-0.066372736096702,7.424451456552597,-0.0220192116473558,-0.0171519106219855,0.0186687426744452,15.6,0.0,61.620000000000005,0.0,2.0000000000000018,2.0000000000000018,0.0,0.0,,
7.9,6.933795964594063,-0.0173554059334567,7.552192755583713,0.0041125015454353,0.0287888080845523,0.0161957491143457,15.8,0.0,63.2,0.0,1.999999999999993,1.999999999999993,0.0,0.0,,
8.0,6.667863168846756,-0.1233310660900638,7.224742263086711,0.0030346363586722,-0.009563507452843,-0.0092225370959767,16.0,0.0,64.8,0.0,1.999999999999993,1.999999999999993,0.0,0.0,60.7486755186623,1.2569893303810955
8.1,6.590064874932508,-0.1422322005421592,7.718780456386224,0.0098163975694945,-0.0020797264131661,0.0197994413889002,16.2,0.0,66.42,0.0,2.0000000000000107,2.0000000000000107,0.0,0.0,,
8.200000000000001,6.69865605371603,-0.1091926301992395,7.694177822715788,0.0063891004368465,-0.0123724615432645,0.0030966132191639,16.400000000000002,0.0,68.06,0.0,2.0000000000000107,2.0000000000000107,0.0,0.0,,
8.3,6.555708069561157,-0.1874199596446504,7.604635843255094,0.0200941664047013,-0.0159856757381914,0.0106296923669057,16.6,0.0,69.72,0.0,1.999999999999993,1.999999999999993,0.0,0.0,,
8.4,6.589454422200596,-0.0530688075647044,7.376850122489517,-0.0076399076967981,-0.0015147837205517,-0.0033095011641103,16.8,0.0,71.4,0.0,1.999999999999993,1.999999999999993,0.0,0.0,,
8.5,6.727619331435847,0.0124642835826294,7.429867004095386,-0.0080756366204159,-0.0077677133056833,0.0125539122582575,17.0,0.0,73.10000000000001,0.0,1.999999999999993,1.999999999999993,0.0,0.0,,
8.6,6.762188385712544,-0.1266332867197826,7.480609056939723,0.0085138712337178,-0.0186940528112137,0.0104336019237993,17.2,0.0,74.82000000000001,0.0,2.0000000000000107,2.0000000000000107,0.0,0.0,,
8.700000000000001,6.587657243727009,0.1055898002889739,7.351220337643961,-0.0170488210066451,-0.0182754243788316,0.0054808494666138,17.400000000000002,0.0,76.56,0.0,2.0000000000000107,2.0000000000000107,0.0,0.0,,
8.8,6.7260091828270925,-0.1156474937656612,7.561498079941954,-0.0156152006226895,-0.0026607979864731,-0.0071101619976245,17.6,0.0,78.32000000000001,0.0,1.999999999999993,1.999999999999993,0.0,0.0,,
8.9,6.589275391398547,0.0271098006974621,7.336647206332755,-0.0028455554422982,0.0080629280921444,-0.0007689186952314,17.8,0.0,80.10000000000001,0.0,1.999999999999993,1.999999999999993,0.0,0.0,,
9.0,6.812404624378642,-0.1494560281986427,7.54517983781264,0.015415686206579,-0.0267164450012728,-0.0029689525547047,18.0,0.0,81.9,0.0,1.999999999999993,1.999999999999993,0.0,0.0,78.26790369791516,-5.649214805341166
9.1,6.773611626645968,-0.0104568079064489,7.521381092131035,-0.0050398518671582,-0.001134102125271,0.0034432276460792,18.2,0.0,83.72,0.0,2.0000000000000107,2.0000000000000107,0.0,0.0,,
9.2,6.862218116817858,0.0581631264951819,7.516349610436619,-0.0031187696612246,-0.0068760622407249,0.0006744181218037,18.4,0.0,85.56,0.0,2.0000000000000107,2.0000000000000107,0.0,0.0,,
9.3,6.746218628925615,-0.0431476721230394,7.50917543965981,0.0217540079864543,0.0067112470343169,0.0017397646783215,18.6,0.0,87.42,0.0,1.999999999999993,1.999999999999993,0.0,0.0,,
9.4,6.867232895893462,-0.0412113059532327,7.1599905308486695,-0.009080863109174,-0.0207079192102585,0.0014848651595869,18.8,0.0,89.3,0.0,1.999999999999993,1.999999999999993,0.0,0.0,,
9.5,6.689813564447319,0.2714655968412924,7.514748317189963,-0.0011910052880886,0.0062940558118348,-0.0171113530900788,19.0,0.0,91.2,0.0,2.0000000000000107,2.0000000000000107,0.0,0.0,,
9.6,6.722392991285171,0.135629779083045,7.243921274258363,0.0124375404320692,0.0013849640749441,0.0008471208609919,19.200000000000003,0.0,93.12,0.0,2.0000000000000107,2.0000000000000107,0.0,0.0,,
9.7,6.781968087484813,0.3606039286706594,7.492989149384122,0.0034822058630033,-0.0065936089954024,-0.0034984436946479,19.4,0.0,95.06,0.0,1.999999999999993,1.999999999999993,0.0,0.0,,
9.8,6.811601180050507,-0.10841257388633,7.476444146708257,-0.0037765744676511,0.0027897982574639,0.0083366210528694,19.6,0.0,97.02,0.0,1.999999999999993,1.999999999999993,0.0,0.0,,
9.9,6.842681799207556,-0.056502459828212,7.425227970831342,-0.008787637157823,-0.0064429326007611,0.0087730049304485,19.8,0.0,99.0,0.0,1.999999999999993,1.999999999999993,0.0,0.0,,
10.0,6.800599100065689,-0.1183247986266438,7.596150099141188,0.0145563785880495,0.002134349032237,0.0237679581255806,20.0,0.0,101.0,0.0,2.0000000000000107,2.0000000000000107,0.0,0.0,106.86259507568622,-0.9031052019461426
10.1,6.570982427703351,-0.1666982054967125,7.1989011737896975,0.0159604431148918,0.0045436565635405,0.0044441532908954,20.200000000000003,0.0,103.02,0.0,2.0000000000000107,2.0000000000000107,0.0,0.0,,
10.2,6.729046101516843,-0.1488233570947564,7.832572008067872,0.0022922118197522,-0.000906052053951,0.0122576662389869,20.4,0.0,105.06,0.0,1.999999999999993,1.999999999999993,0.0,0.0,,
10.3,6.7592021923293775,0.0535826036418697,7.347138042808551,0.0057146835713599,0.0168202449647503,0.0184542004615497,20.6,0.0,107.12,0.0,1.999999999999993,1.999999999999993,0.0,0.0,,
10.4,6.92602880156478,-0.0566823514646777,7.317268488086561,-0.0002578692009964,-0.001442750877113,0.0159419151847094,20.8,0.0,109.2,0.0,1.999999999999993,1.999999999999993,0.0,0.0,,
10.5,6.433181113111663,0.249432547919092,7.442008026338491,-0.0032688106994742,-0.0121210437526016,-0.0115485667186576,21.0,0.0,111.3,0.0,2.0000000000000107,2.0000000000000107,0.0,0.0,,
10.6,6.810526395163174,0.0309976950782605,7.272215076164181,-0.0119507877206361,-0.0053578469929012,0.0216902152528939,21.200000000000003,0.0,113.42,0.0,2.0000000000000107,2.0000000000000107,0.0,0.0,,
10.7,6.64811210486433,-0.2054714429677159,7.428847751512456,-0.0017272356974767,-0.0289688664294157,0.0044570513348218,21.4,0.0,115.56,0.0,1.999999999999993,1.999999999999993,0.0,0.0,,
10.8,6.652410628037569,0.1244309547220127,7.74305262536715,0.0122656502954775,-0.0046888869055483,-0.0060652590874167,21.6,0.0,117.72,0.0,1.999999999999993,1.999999999999993,0.0,0.0,,
10.9,7.07305477805635,0.0288827651021732,7.467798604912289,0.0007587491288999,-1.9152392321450645e-05,0.0035563958807605,21.8,0.0,119.9,0.0,1.999999999999993,1.999999999999993,0.0,0.0,,
11.0,6.601001506536851,-0.0620288411860588,7.460796220592939,-0.0044342477113376,-0.0091284578267716,0.0060643022769189,22.0,0.0,122.1,0.0,2.0000000000000107,2.0000000000000107,0.0,0.0,122.37011281875169,-5.698992744853827
11.1,6.648804224955758,0.2455989482874032,7.068063739866387,0.0119150685192246,0.0104608519249762,-0.0157339023240814,22.200000000000003,0.0,124.32,0.0,2.0000000000000107,2.0000000000000107,0.0,0.0,,
11.2,6.635647668456818,-0.0357161298993687,7.254582456917674,-0.0067781668759087,-0.0131057584546582,0.0225227044342362,22.4,0.0,126.56,0.0,1.999999999999993,1.999999999999993,0.0,0.0,,
11.3,6.827402566540989,0.2107332642491238,7.573960020731833,-0.0102905177121722,-0.0072452026627977,0.0098937456122791,22.6,0.0,128.82,0.0,1.999999999999993,1.999999999999993,0.0,0.0,,
11.4,6.503731636235079,0.1269497645258582,7.429660401401628,-0.0027482080754959,0.0051095996820349,0.0094426331148603,22.8,0.0,131.1,0.0,1.999999999999993,1.999999999999993,0.0,0.0,,
11.5,6.632905882696025,0.1938994705046371,7.303549711985354,0.0071593560694426,0.0039310125796838,0.00190453560686,23.0,0.0,133.4,0.0,2.0000000000000107,2.0000000000000107,0.0,0.0,,
11.6,6.735970760905205,-0.1676670364577954,7.604313264006374,-0.0008490213644298,-0.0072272302051903,0.0154900922583688,23.200000000000003,0.0,135.72,0.0,2.0000000000000107,2.0000000000000107,0.0,0.0,,
11.7,6.581399253987457,-0.1912691944545339,7.232214835096762,0.0070600995134563,-0.0148042935249628,0.0225479418198436,23.4,0.0,138.06,0.0,1.999999999999993,1.999999999999993,0.0,0.0,,
11.8,6.374761396386313,0.2744684552435057,7.49736183120574,3.286888129607607e-05,-0.0074491908680894,0.0089913611435207,23.6,0.0,140.42000000000002,0.0,1.999999999999993,1.999999999999993,0.0,0.0,,
11.9,6.681405602205143,0.1854952823024782,7.482843358424653,0.0025030176146187,-0.0056361221221385,0.0044305437627893,23.8,0.0,142.8,0.0,1.999999999999993,1.999999999999993,0.0,0.0,,
12.0,6.733221072902696,-0.2365252588984938,7.263481397809482,0.0084326409402271,-0.0002913456187205,0.0031601666364732,24.0,0.0,145.20000000000002,0.0,2.0000000000000107,2.0000000000000107,0.0,0.0,143.02246910189928,0.44369035883946434
12.1,6.689815897528695,0.0721372558042506,7.384745259078935,-0.0067830472540231,-4.154744902318437e-05,-0.0047837277761503,24.200000000000003,0.0,147.62,0.0,2.0000000000000107,2.0000000000000107,0.0,0.0,,
12.2,6.748288720926041,-0.235387540635676,7.620082556724195,0.0057259748241304,0.0005602973431387,0.0148269098394551,24.4,0.0,150.06,0.0,1.999999999999993,1.999999999999993,0.0,0.0,,
12.3,6.936871974238257,0.1721555097527195,7.189578076425601,-0.011795769667357,-0.0082481857769567,0.0052609105021083,24.6,0.0,152.52,0.0,1.999999999999993,1.999999999999993,0.0,0.0,,
12.4,6.764699660639239,-0.0888615719730198,7.493724225796909,-0.0065538293235332,-0.0081151780299194,-0.0090666109684822,24.8,0.0,155.0,0.0,1.999999999999993,1.999999999999993,0.0,0.0,,
12.5,6.548565820652251,-0.18275269084245,7.319328223178739,0.0115364179660783,-0.0114939888883194,0.0313238206483739,25.0,0.0,157.5,0.0,2.0000000000000107,2.0000000000000107,0.0,0.0,,
12.6,6.76104849270102,0.047725418554231,7.336955544098157,0.0080030987940899,-0.0077563782623777,0.0062200981464536,25.200000000000003,0.0,160.02,0.0,2.0000000000000107,2.0000000000000107,0.0,0.0,,
12.7,7.07106348830919,0.0055910150413025,7.638100210068199,-0.0060317642512588,-0.0023498849049696,0.0227080063563551,25.4,0.0,162.56,0.0,1.999999999999993,1.999999999999993,0.0,0.0,,
12.8,6.593005748900706,0.2918672836995393,7.571872001443669,-0.0046246677589426,0.0043240773905552,0.0147255444962672,25.6,0.0,165.12,0.0,1.999999999999993,1.999999999999993,0.0,0.0,,
12.9,6.7803223019014505,-0.2155337079835684,7.356638634751618,-0.001475186355515,-0.0027443342910004,0.0112067209755067,25.8,0.0,167.70000000000002,0.0,1.999999999999993,1.999999999999993,0.0,0.0,,
13.0,6.713705957708875,-0.1803016538065152,7.522738888776233,0.0071058574528382,0.0035979044793103,0.0158078072555462,26.0,0.0,170.3,0.0,2.0000000000000107,2.0000000000000107,0.0,0.0,165.6960256903108,1.5027920733826878
13.1,6.812139130751223,0.0888770118842655,7.455184354406541,-0.0156096093351599,0.0022961821913258,0.0070768768716311,26.200000000000003,0.0,172.92000000000002,0.0,2.0000000000000107,2.0000000000000107,0.0,0.0,,
13.2,6.727787633148177,-0.1715122863730464,7.303550730064108,0.011531528533329,-0.0023955515385665,0.0118150069737262,26.4,0.0,175.56,0.0,1.999999999999993,1.999999999999993,0.0,0.0,,
13.3,6.69129856398844,0.0244634209243617,7.606451782021748,-0.0041604472821737,-0.0010387922305901,0.0003772471129495,26.6,0.0,178.22,0.0,1.999999999999993,1.999999999999993,0.0,0.0,,
13.4,6.621876373454024,-0.0263758185202959,7.499029276870405,-0.0037874862166347,0.0105575612557352,-0.003946073022195,26.8,0.0,180.9,0.0,1.999999999999993,1.999999999999993,0.0,0.0,,
13.5,6.659020060944683,-0.0459596587411262,7.682755893778399,0.0029655477651157,0.0083184453946863,-0.0098556037303697,27.0,0.0,183.6,0.0,2.0000000000000107,2.0000000000000107,0.0,0.0,,
13.6,6.727108347449275,0.1534446193435155,7.478051809516653,0.0116548037506535,-0.0071728845010037,0.0190934744018557,27.200000000000003,0.0,186.32,0.0,2.0000000000000107,2.0000000000000107,0.0,0.0,,
13.7,7.031885526111759,-0.0344257840659488,7.398883832915232,0.015533844771177,0.0137957214573071,-0.0002286002715326,27.4,0.0,189.06,0.0,1.999999999999993,1.999999999999993,0.0,0.0,,
13.8,6.624022785004492,-0.022267691329076,7.264041634470206,-0.0081865194648419,-0.0120414076675206,-0.0026779756510412,27.6,0.0,191.82,0.0,1.999999999999993,1.999999999999993,0.0,0.0,,
13.9,6.681848074460853,0.0551322098804781,7.6982842850474595,-0.0089835404073879,0.0078432239847658,0.0028601115577449,27.8,0.0,194.6,0.0,1.999999999999993,1.999999999999993,0.0,0.0,,
14.0,6.679631251121021,0.1212229238249905,7.297300907890994,0.0048240974618405,-0.0003354779178694,0.0099245126400814,28.0,0.0,197.4,0.0,2.0000000000000107,2.0000000000000107,0.0,0.0,194.9974452403248,-1.1667749991731071
14.1,6.730426104155059,0.3882950209866341,7.3700482134876415,-0.0043099695500181,-0.0082314052642476,-0.0005547711916025,28.200000000000003,0.0,200.22,0.0,2.0000000000000107,2.0000000000000107,0.0,0.0,,
14.2,6.591442738472893,0.1983524796661327,7.678784848323826,-0.0047074629374947,-0.0103235557310422,0.009714155563864,28.4,0.0,203.06,0.0,1.999999999999993,1.999999999999993,0.0,0.0,,
14.3,6.604217350926725,0.1149397726633266,7.496147664253042,-0.0141574411499723,0.0134750520133006,0.0229587767309552,28.6,0.0,205.92,0.0,1.999999999999993,1.999999999999993,0.0,0.0,,
14.4,6.595132503996212,-0.0381552339903976,7.508589019734083,0.0043445678998702,0.0045854427267283,0.0251020453876635,28.8,0.0,208.8,0.0,1.999999999999993,1.999999999999993,0.0,0.0,,
14.5,6.660508723444779,-0.099744586680768,7.25881132692316,-0.0063093003994191,-0.0023312697287379,0.0229455786351778,29.0,0.0,211.7,0.0,2.0000000000000107,2.0000000000000107,0.0,0.0,,
14.6,6.609409112713461,0.0535681927458347,7.463245776714426,0.0128839327344808,0.0232693242587362,-0.0003086877292032,29.200000000000003,0.0,214.62,0.0,2.0000000000000107,2.0000000000000107,0.0,0.0,,
14.7,6.613634891191137,0.1766241315603607,7.567992934569294,0.0194670732573603,0.0038392818532596,0.0014070790921294,29.4,0.0,217.56,0.0,1.999999999999993,1.999999999999993,0.0,0.0,,
14.8,6.775649032172717,0.1863055370874361,7.588781538304953,0.0060727403110729,0.0086667468958915,0.0166929559044567,29.6,0.0,220.52,0.0,1.999999999999993,1.999999999999993,0.0,0.0,,
14.9,6.8943746562245,0.1173064831384464,7.440641499077819,0.0024671368643332,0.0100650896650835,-0.0031693567098723,29.8,0.0,223.5,0.0,1.999999999999993,1.999999999999993,0.0,0.0,,
15.0,6.742351803899822,-0.0390008218491041,7.470020934565562,0.0137845186260729,-8.900931980096666e-05,0.0054643654815614,30.0,0.0,226.5,0.0,2.0000000000000107,2.0000000000000107,0.0,0.0,224.0931735510824,7.409112738035751
15.1,6.483072386421899,0.1319380349040831,7.562531838296499,0.0226325472330546,-0.00507778234953,0.0071915032766393,30.200000000000003,0.0,229.52,0.0,2.0000000000000107,2.0000000000000107,0.0,0.0,,
15.2,6.724458360125484,0.2566179919645212,7.451414881267305,0.0037902152577033,0.0040789650971653,0.0068660912315635,30.4,0.0,232.56,0.0,1.999999999999993,1.999999999999993,0.0,0.0,,
15.3,6.620085765386292,0.0491134989347461,7.6267539736043135,-0.0092651529941106,-0.0006703032585312,-0.0020012081493917,30.6,0.0,235.62,0.0,1.999999999999993,1.999999999999993,0.0,0.0,,
15.4,6.866307801907597,-0.2084780357175662,7.38187093403461,0.0047721187506452,0.0136552402923434,0.0043424973892701,30.8,0.0,238.7,0.0,1.999999999999993,1.999999999999993,0.0,0.0,,
15.5,6.603770878564907,0.3021735604160885,7.248507126062902,-0.0209880595662008,0.0024001445005333,-2.054224352611173e-05,31.0,0.0,241.8,0.0,2.0000000000000107,2.0000000000000107,0.0,0.0,,
15.6,6.53386588499928,0.1262534670949029,7.502279318191019,-0.0046407863073672,-0.0148030439867089,0.0137245732828014,31.200000000000003,0.0,244.92,0.0,2.0000000000000107,2.0000000000000107,0.0,0.0,,
15.7,6.78458098426267,0.0051236204330925,7.742704760532497,-0.0097008476632615,-0.0172552517092473,-0.0019190806988124,31.4,0.0,248.06,0.0,1.999999999999993,1.999999999999993,0.0,0.0,,
15.8,6.680212905115546,0.0565009173984037,7.429523802446898,0.0045205539651429,-0.0145153942419044,0.0194376460407325,31.6,0.0,251.22,0.0,1.999999999999993,1.999999999999993,0.0,0.0,,
15.9,6.674728130809985,0.1875943747382191,7.517118013082003,0.0055675321915378,0.003697672802322,0.0094770856001731,31.8,0.0,254.4,0.0,1.999999999999993,1.999999999999993,0.0,0.0,,
16.0,6.783459221549018,0.2193728795198647,7.495187386580559,0.0080900375758851,-0.0028973569428722,0.0194011721544947,32.0,0.0,257.6,0.0,2.0000000000000107,2.0000000000000107,0.0,0.0,257.5460111010483,-4.230843715823601
16.1,6.58559196225998,0.2901410649366223,7.459685518528696,-0.0133077510211804,-0.0007189558508921,-0.0018105165747488,32.2,0.0,260.82000000000005,0.0,1.999999999999993,1.999999999999993,0.0,0.0,,
16.2,6.81314733991718,-0.0778935968953586,7.398781696143131,-0.0178954073094553,-0.0065230631924907,-0.0192387932662895,32.4,0.0,264.06000000000006,0.0,1.999999999999993,1.999999999999993,0.0,0.0,,
16.3,6.449465384046043,0.1340621984216446,7.583579234922955,0.0052545756178496,-0.0116697614312921,0.0045228864385802,32.6,0.0,267.32000000000005,0.0,2.0000000000000284,2.0000000000000284,0.0,0.0,,
16.400000000000002,6.6865104267052855,-0.1537547033788814,7.69121895639042,0.0097736229057567,-0.0042096417382966,0.0052688583899453,32.800000000000004,0.0,270.6,0.0,1.999999999999993,1.999999999999993,0.0,0.0,,
16.5,6.718308228761003,-0.2862602302636435,7.428632603747258,-0.0058198424799779,-0.0120162000989491,0.0021889970711404,33.0,0.0,273.90000000000003,0.0,1.999999999999993,1.999999999999993,0.0,0.0,,
16.6,6.956703786596299,0.1161264291900514,7.380032362657928,0.0067258278135615,0.01199355436586,0.0142463368291276,33.2,0.0,277.22,0.0,1.999999999999993,1.999999999999993,0.0,0.0,,
16.7,6.6959953630568965,-0.077040516655836,7.570442708167386,0.0049348538542174,0.0069519322002773,0.0113517180168196,33.4,0.0,280.56,0.0,1.999999999999993,1.999999999999993,0.0,0.0,,
16.8,6.844483714866802,-0.0602852817340851,7.663318320970479,0.0029759960469239,0.0187526087262526,-0.0018918781808956,33.6,0.0,283.92,0.0,2.0000000000000284,2.0000000000000284,0.0,0.0,,
16.900000000000002,6.947445378043658,0.0496866175193971,7.367996510583181,-0.0038388583405432,-0.0052034730819432,0.0092416594640191,33.800000000000004,0.0,287.3,0.0,1.999999999999993,1.999999999999993,0.0,0.0,,
17.0,6.765476130774196,-0.0660550005907868,7.4620560222862,0.0224227035861186,0.0152754317010071,0.0093632366967403,34.0,0.0,290.7,0.0,1.999999999999993,1.999999999999993,0.0,0.0,293.9901796484127,-4.883374599884089
17.1,6.692751329294101,0.0380046990077391,7.5577369070349105,-0.009227925651984,-0.0045737653742334,-0.0116858407387758,34.2,0.0,294.12,0.0,1.999999999999993,1.999999999999993,0.0,0.0,,
17.2,6.746934275959663,0.1170793909554111,7.393231241780442,0.0167398676329003,-0.0142576566300234,-0.0096437488020982,34.4,0.0,297.56,0.0,1.999999999999993,1.999999999999993,0.0,0.0,,
17.3,6.720718580352898,0.1770647453918231,7.71829836484401,-0.0035888426286894,0.0087868083343129,0.0046149153049929,34.6,0.0,301.02,0.0,2.0000000000000284,2.0000000000000284,0.0,0.0,,
17.400000000000002,6.661156712577748,0.1525489906230008,7.56355764288736,-0.0147639215698424,0.0127654034972589,0.0188009135414745,34.800000000000004,0.0,304.5,0.0,1.999999999999993,1.999999999999993,0.0,0.0,,
17.5,6.593216402342441,0.0793705300156113,7.539813739067759,0.003606737658239,-0.0075030515384542,-0.0017162336793805,35.0,0.0,308.0,0.0,1.999999999999993,1.999999999999993,0.0,0.0,,
17.6,6.6832176969201535,0.1959093528889046,7.547249234314513,-0.002706143320861,0.0057169871064834,-0.0234854262063007,35.2,0.0,311.52,0.0,1.999999999999993,1.999999999999993,0.0,0.0,,
17.7,6.859365662624686,-0.2409570668167149,7.411343069914878,-0.0101966989462614,-0.014946814757209,0.0166082678737851,35.4,0.0,315.06,0.0,1.999999999999993,1.999999999999993,0.0,0.0,,
17.8,6.616895627372118,0.0719755822596073,7.458671124293453,0.0057704082722312,-0.0012317810893974,-0.0078299222418856,35.6,0.0,318.62,0.0,2.0000000000000284,2.0000000000000284,0.0,0.0,,
17.900000000000002,6.836490830485942,-0.0540634874741968,7.232221926326385,-0.0032811516096591,0.0130075979063431,0.0135022174211349,35.800000000000004,0.0,322.2,0.0,1.999999999999993,1.999999999999993,0.0,0.0,,
18.0,6.634752987407691,-0.0323886556477643,7.41746395344274,0.0217674798356084,0.0018193545223155,0.0093004164719106,36.0,0.0,325.8,0.0,1.999999999999993,1.999999999999993,0.0,0.0,326.63545438001904,-7.838680495519102
18.1,6.841593325673647,0.055818373853977,7.426852889252243,-0.0009634984908497,-0.0027160125941406,0.0046277776349015,36.2,0.0,329.42,0.0,1.999999999999993,1.999999999999993,0.0,0.0,,
18.2,6.796195239114417,0.0277918828710949,7.575605222707685,0.0001928341989141,-0.001213648096839,-0.014982006845321,36.4,0.0,333.06,0.0,1.999999999999993,1.999999999999993,0.0,0.0,,
18.3,6.824499958774274,0.0719732713846989,7.615410727604278,-0.0279625537819368,0.0188837470478072,0.0036041037184482,36.6,0.0,336.72,0.0,2.0000000000000284,2.0000000000000284,0.0,0.0,,
18.4,6.853278230079498,-0.1359858890688296,7.557625296884733,-0.0095341556317365,-0.008237689606958,0.0241403135386678,36.8,0.0,340.40000000000003,0.0,1.999999999999993,1.999999999999993,0.0,0.0,,
18.5,6.658448447454369,0.0526149309769584,7.596219370728661,0.005956818879726,-0.0004958109485642,0.0086496100246622,37.0,0.0,344.1,0.0,1.999999999999993,1.999999999999993,0.0,0.0,,
18.6,7.047563145354612,0.0113571804449621,7.495874068132593,0.0115065439600761,0.0090552593295798,0.0168703030556038,37.2,0.0,347.82000000000005,0.0,1.999999999999993,1.999999999999993,0.0,0.0,,
18.7,6.782860340873248,-0.1514507369095725,7.710723940970512,-0.0104634539301868,0.0010263546523903,-0.0025427585001935,37.4,0.0,351.56000000000006,0.0,1.999999999999993,1.999999999999993,0.0,0.0,,
18.8,6.677430055579952,0.069314361545522,7.513912793442871,0.0052192075423528,0.0141371126905864,0.0095353430151397,37.6,0.0,355.32000000000005,0.0,2.0000000000000284,2.0000000000000284,0.0,0.0,,
18.9,6.650427312275274,0.1646130752432535,7.6441297844640435,-0.0112760781513699,0.0039740006984985,0.0120117274231089,37.8,0.0,359.1,0.0,1.999999999999993,1.999999999999993,0.0,0.0,,
19.0,6.642416282064872,0.2263560219967429,7.443200873070468,0.0022557645347154,-0.0037307182428386,0.0051557904758146,38.0,0.0,362.9,0.0,1.999999999999993,1.999999999999993,0.0,0.0,357.58725580440625,0.7874449434764941
19.1,6.522609544534621,-0.1960076323891441,7.704884970609076,-0.0074696134831832,-0.011913923494563,-0.0165339011360371,38.2,0.0,366.72,0.0,2.0000000000000284,2.0000000000000284,0.0,0.0,,
19.200000000000003,6.591206545415445,-0.1784634690111247,7.712011485145803,0.0110981708934263,-0.0088815034517772,0.027524358053443,38.400000000000006,0.0,370.56,0.0,1.999999999999993,1.999999999999993,0.0,0.0,,
19.3,6.83431563061761,-0.0287247075262933,7.090798353894312,0.0239094257259074,-0.0158957246676359,-0.0114539874695689,38.6,0.0,374.42,0.0,1.999999999999993,1.999999999999993,0.0,0.0,,
19.4,6.840436372370316,0.3859628609508909,7.673350133901925,0.0066390912005235,0.0039475434166528,0.013534155587803,38.8,0.0,378.3,0.0,1.999999999999993,1.999999999999993,0.0,0.0,,
19.5,6.800890096036885,0.0621787135954063,7.481339376718129,0.0003740687210047,-0.0095396458886667,0.0021932492313322,39.0,0.0,382.2,0.0,1.999999999999993,1.999999999999993,0.0,0.0,,
19.6,6.433107285439593,0.0052490559807875,7.317420545052692,-0.0100358931721577,-0.0002010584884652,0.0189200228634459,39.2,0.0,386.12,0.0,2.0000000000000284,2.0000000000000284,0.0,0.0,,
19.700000000000003,6.824798298469218,-0.2155750905434765,7.317264990639797,0.0104077118798821,-0.011824873935383,0.0027536685000297,39.400000000000006,0.0,390.06,0.0,1.999999999999993,1.999999999999993,0.0,0.0,,
19.8,6.7695586224225535,-0.1252516682295453,7.481515537047242,-0.012340254949182,-0.0080136764395121,0.0081978193414253,39.6,0.0,394.02,0.0,1.999999999999993,1.999999999999993,0.0,0.0,,
19.9,6.44810174753912,0.0860712106940598,7.462763541286345,0.0065248995441714,0.0002391413406466,0.0186414042997384,39.8,0.0,398.0,0.0,1.999999999999993,1.999999999999993,0.0,0.0,,
20.0,5.839809079181606,-0.0444108311687879,7.984053836580197,0.0064329802903638,-0.0015113992967429,0.0054059169120388,40.0,0.0,402.0,0.0,0.9999999999999788,0.9999999999999788,0.0,0.0,404.9538663199816,0.685473124759882
20.1,4.849701246828986,-0.0794351376326422,8.25531842035539,0.0184957674318693,-0.0144386323539128,-0.001929051977959,40.0,0.0,406.0,0.0,0.0,0.0,0.0,0.0,,
20.200000000000003,4.847238910164619,0.1542386565416661,8.421466759381541,0.0134774207267373,-0.0087349062424386,0.007789941622238,40.0,0.0,410.0,0.0,0.0,0.0,0.0,0.0,,
20.3,4.829697942011036,0.3417723691660082,8.287569448270919,0.0040982071022702,0.0043377688093209,0.0091379909745149,40.0,0.0,414.0,0.0,0.0,0.0,0.0,0.0,,
20.4,4.927206851168343,0.000526895039986,8.472280931922212,-0.0004700200162848,0.007638791167949,0.0271052300159135,40.0,0.0,418.0,0.0,0.0,0.0,0.0,0.0,,
20.5,4.871376232248824,-0.1854704469368616,8.452466903872656,0.0267970933765431,-0.0100367456796973,0.0213911680544406,40.0,0.0,422.0,0.0,0.0,0.0,0.0,0.0,,
20.6,5.206655122111465,-0.0630382362561991,8.551056673003137,0.0172839662312853,-0.0057912774098748,0.0029641963989763,40.0,0.0,426.0,0.0,0.0,0.0,0.0,0.0,,
20.700000000000003,4.867747862907702,-0.13221350960393,8.368317579365444,-0.0112394026676225,-0.0016591653174077,-0.0026997323105864,40.0,0.0,430.0,0.0,0.0,0.0,0.0,0.0,,
20.8,4.990067886768611,-0.2133843469305441,8.515341245957513,0.0093352896160892,-0.0219373564257145,0.0087405656984757,40.0,0.0,434.0,0.0,0.0,0.0,0.0,0.0,,
20.9,5.139150348870993,-0.1614461528036808,8.716595069151001,0.0051901900936604,-0.009050118557584,0.0044423092234229,40.0,0.0,438.0,0.0,0.0,0.0,0.0,0.0,,
21.0,5.038749036878258,0.0314008087118617,8.5465226099923,-0.0082067359307936,-0.0003063917596392,-0.0091371449690498,40.0,0.0,442.0,0.0,0.0,0.0,0.0,0.0,441.53740687044706,-1.2044147823571552
21.1,4.938316090797694,-0.1155861462197184,8.35537971973688,0.0133609317521043,0.0089131012059426,0.0110913812090717,40.0,0.0,446.0,0.0,0.0,0.0,0.0,0.0,,
21.200000000000003,4.791153085299112,-0.0274612674542202,8.647673866122222,0.002417169136399,0.0211932953998169,0.0089331783939437,40.0,0.0,450.0,0.0,0.0,0.0,0.0,0.0,,
21.3,4.983807367473504,-0.0263674696303752,8.485740346842688,-0.0005246983638054,0.0050810867668859,0.0145670231679458,40.0,0.0,454.0,0.0,0.0,0.0,0.0,0.0,,
21.4,4.837101580923807,-0.1796849430336667,8.19027840515985,0.0060799132691254,-0.0130336660617387,-0.0165289059295248,40.0,0.0,458.0,0.0,0.0,0.0,0.0,0.0,,
21.5,5.0132867906796434,0.3939499276149186,8.464798574394361,0.0093849077445164,-0.0011817064145243,0.0040111034680885,40.0,0.0,462.0,0.0,0.0,0.0,0.0,0.0,,
21.6,5.092861472448164,-0.0235411816282976,8.50581805823613,0.0042169780619601,-0.0086809045364304,0.0149204234953652,40.0,0.0,466.0,0.0,0.0,0.0,0.0,0.0,,
21.700000000000003,4.928756036495688,-0.0933617739239267,8.546185687660905,-0.0079846798179103,-0.0017181884263087,0.0049088100335579,40.0,0.0,470.0,0.0,0.0,0.0,0.0,0.0,,
21.8,5.117884334874736,0.0912047349319929,8.461955167313574,0.0091776629920028,0.0119020754901731,0.0105781030635186,40.0,0.0,474.0,0.0,0.0,0.0,0.0,0.0,,
21.9,4.956552892976506,-0.1767754348525239,8.305942161664039,-0.0020522470435466,-0.0080951220215928,0.0031302869701455,40.0,0.0,478.0,0.0,0.0,0.0,0.0,0.0,,
22.0,4.963497488734565,0.0994539131535096,8.455134394416481,0.005865016438262,-0.0013552558518987,-0.0147546656635387,40.0,0.0,482.0,0.0,0.0,0.0,0.0,0.0,476.0859120385303,-2.8793768335788346
22.1,4.814099690927186,-0.0016131333582423,8.28425499969918,0.006999287299962,0.0133075083234369,0.0171876185169731,40.0,0.0,486.0,0.0,0.0,0.0,0.0,0.0,,
22.200000000000003,4.922983569360468,0.2436089205274927,8.488009329705662,-0.0023708597111803,-0.0081340266354093,0.0019753031351187,40.0,0.0,490.0,0.0,0.0,0.0,0.0,0.0,,
22.3,4.896773477218815,0.0455624333563231,8.489795308282824,0.0010304602015341,0.0023693816974634,0.0169064627478634,40.0,0.0,494.0,0.0,0.0,0.0,0.0,0.0,,
22.4,5.0974331203161976,-0.2027346952674855,8.082621040890052,0.0103431991123927,-0.0156687869841542,0.0027523459810731,40.0,0.0,498.0,0.0,0.0,0.0,0.0,0.0,,
22.5,4.779483046091095,-0.2502970656370029,8.546928620356063,0.0085915516030264,-0.0077651040072671,-0.0209104229214491,40.0,0.0,502.0,0.0,0.0,0.0,0.0,0.0,,
22.6,4.873063332762126,0.0787706008103819,8.243872475809226,0.0028335991977915,-0.0021530984917299,0.0107929149960108,40.0,0.0,506.0,0.0,0.0,0.0,0.0,0.0,,
22.700000000000003,4.972937055262122,-0.1259603411322333,8.645194936375018,-0.0005852957302697,-0.0022730453950993,-0.0043326795907319,40.0,0.0,510.0,0.0,0.0,0.0,0.0,0.0,,
22.8,4.888507662321272,-0.1127204071040351,8.439767302136831,0.0181170848014234,-0.0157190114293135,-0.0111356139787674,40.0,0.0,514.0,0.0,0.0,0.0,0.0,0.0,,
22.9,5.1756755491240405,-0.0113985515727799,8.365348300326358,0.0113990468739607,-0.0080561553973686,0.0232600971354693,40.0,0.0,518.0,0.0,0.0,0.0,0.0,0.0,,
23.0,5.056688880700889,-0.0531867112218553,8.78930544311517,-0.0050571492300333,0.005420953720093,0.0079929258040649,40.0,0.0,522.0,0.0,0.0,0.0,0.0,0.0,520.1574449161609,4.228488904875663
23.1,5.150261193409819,0.2542266795090279,8.47050983348521,-0.0065341787034618,0.0025997214293911,-0.001777153697521,40.0,0.0,526.0,0.0,0.0,0.0,0.0,0.0,,
23.200000000000003,5.257008087128993,0.0404802996624106,8.410910978428529,0.002846803058649,-0.0154712628952969,-0.0047161403851065,40.0,0.0,530.0,0.0,0.0,0.0,0.0,0.0,,
23.3,5.135062086191663,-0.0785341418457093,8.308672563723054,0.0063665275252728,0.0098570415466299,0.0121895331066506,40.0,0.0,534.0,0.0,0.0,0.0,0.0,0.0,,
23.4,5.104407152870872,-0.0935192632854191,8.252437611114068,0.0160133365195548,-0.0052267983884213,0.0024916698354495,40.0,0.0,538.0,0.0,0.0,0.0,0.0,0.0,,
23.5,5.154229121277358,0.103434501410099,8.534092376937586,0.0226500234490108,-0.0084351823038014,0.0142784012808123,40.0,0.0,542.0,0.0,0.0,0.0,0.0,0.0,,
23.6,4.963551968734562,0.0602888418294885,8.694979475087225,0.0060783575628962,0.0033829607904963,0.015725073373098,40.0,0.0,546.0,0.0,0.0,0.0,0.0,0.0,,
23.700000000000003,4.900257090568567,-0.1058814501008509,8.30898783202219,-0.01866356589376,0.0185620712994032,-0.0060320836572168,40.0,0.0,550.0,0.0,0.0,0.0,0.0,0.0,,
23.8,4.921811956462133,-0.021521994983338,8.51182021579671,0.0091573721253929,0.0066047348835974,-0.0008307743856893,40.0,0.0,554.0,0.0,0.0,0.0,0.0,0.0,,
23.9,4.9299317429320375,0.0623869925732449,8.428405542197813,0.0170734557601999,0.0029097495163825,0.0123487778604981,40.0,0.0,558.0,0.0,0.0,0.0,0.0,0.0,,
24.0,5.054432190300111,0.1960210786227987,8.492862444930902,-0.0119683194795584,0.0019968795175264,-0.0015135689379182,40.0,0.0,562.0,0.0,0.0,0.0,0.0,0.0,563.3744731582739,-7.052160621450936
24.1,4.875707497737536,0.107954602813264,8.651451671840391,0.0012127157673606,0.0010883301259896,0.0220221494463523,40.0,0.0,566.0,0.0,0.0,0.0,0.0,0.0,,
24.200000000000003,4.991112976923285,0.4102524671270592,8.550535657970077,-0.0166076275915581,0.0055334162110453,0.0088115838488277,40.0,0.0,570.0,0.0,0.0,0.0,0.0,0.0,,
24.3,5.148462913112411,0.1209772026904937,8.44494081352778,-0.0112429823628936,-0.0040902325728602,-0.003505204542093,40.0,0.0,574.0,0.0,0.0,0.0,0.0,0.0,,
24.4,4.867921482529291,0.1082867606630914,8.716194886778055,0.0049467152982298,-0.0139588306203518,0.0094460266822014,40.0,0.0,578.0,0.0,0.0,0.0,0.0,0.0,,
24.5,5.134494722996847,-0.0714674356479073,8.445606636124408,0.0011468819472919,-0.0098489831308224,0.0114828043384385,40.0,0.0,582.0,0.0,0.0,0.0,0.0,0.0,,
24.6,4.936857777708832,0.0829298665860541,8.33258538445503,-0.0033745830032341,0.0052238135782777,0.0012716684790823,40.0,0.0,586.0,0.0,0.0,0.0,0.0,0.0,,
24.700000000000003,5.21404457768501,-0.0399454278421903,8.499411919988129,0.0103259083187308,-0.0161836573293303,-0.0126080881198077,40.0,0.0,590.0,0.0,0.0,0.0,0.0,0.0,,
24.8,4.726151552814485,0.2093876155140773,8.382930489241478,0.0265819928566825,-0.0076424759865738,0.0068455130319703,40.0,0.0,594.0,0.0,0.0,0.0,0.0,0.0,,
24.9,5.18631649288518,0.3209139332238684,8.774934747620804,0.0130836623059314,0.0082406252581146,0.0109252694920118,40.0,0.0,598.0,0.0,0.0,0.0,0.0,0.0,,
25.0,5.071754161424995,-0.06267785744928,8.342979378611998,0.0009662554258904,-0.0037018462252492,0.0004677195067272,40.0,0.0,602.0,0.0,0.0,0.0,0.0,0.0,603.2963358775792,-1.5403291216652661
25.1,5.059458117118506,0.1632957812855766,8.478970244069123,0.0157753008105526,-0.013416891141335,0.0030634054072028,40.0,0.0,606.0,0.0,0.0,0.0,0.0,0.0,,
25.200000000000003,4.847476651909578,-0.2599804925609589,8.453307108248941,-0.0002174750838328,0.0131344974324213,0.0113081168455477,40.0,0.0,610.0,0.0,0.0,0.0,0.0,0.0,,
25.3,4.801371976350619,0.2981138849501282,8.648864265454147,0.0068209770346861,-0.0042648409884983,-0.0045943923672347,40.0,0.0,614.0,0.0,0.0,0.0,0.0,0.0,,
25.4,4.899168983589341,0.1833122929556279,8.748397157015537,0.0164324352827218,-0.0068884942178627,-0.0061961743328901,40.0,0.0,618.0,0.0,0.0,0.0,0.0,0.0,,
25.5,4.97613293703668,-0.2452659048344277,8.514184368253062,-0.0004760258629866,-0.0066603650186824,-0.0109470306726679,40.0,0.0,622.0,0.0,0.0,0.0,0.0,0.0,,
25.6,5.032040015985457,-0.0599051259492867,8.290221685768802,-0.0277226221328164,-0.0022751490505063,0.0227225159666974,40.0,0.0,626.0,0.0,0.0,0.0,0.0,0.0,,
25.700000000000003,5.20418888218218,-0.0485644384879407,8.375377402071077,0.0056877425607502,-0.0119838543918829,0.0080179189981946,40.0,0.0,630.0,0.0,0.0,0.0,0.0,0.0,,
25.8,5.069912041757703,0.2040399835826461,8.450686099653351,-0.0010367375017696,-0.0107798258675656,-0.0032688035403986,40.0,0.0,634.0,0.0,0.0,0.0,0.0,0.0,,
25.9,4.921028166214771,0.0751048260224267,8.602746905060332,-0.0070317895068034,0.0129268856895952,0.0022887639895743,40.0,0.0,638.0,0.0,0.0,0.0,0.0,0.0,,
26.0,4.951794905847734,-0.0920817518721735,8.102073172084404,0.0098404539636104,0.0053684389709243,0.0021867244288178,40.0,0.0,642.0,0.0,0.0,0.0,0.0,0.0,639.2923119987762,2.4467051553634716
26.1,4.96504860758373,0.0973908826556149,8.231327332592365,-0.0042905267734629,0.0059426467962182,-0.0075428942316924,40.0,0.0,646.0,0.0,0.0,0.0,0.0,0.0,,
26.200000000000003,4.999033689824993,-0.1834872706935107,8.535673708490375,0.0006435851770251,-0.018151318159055,0.0166473935445717,40.0,0.0,650.0,0.0,0.0,0.0,0.0,0.0,,
26.3,4.844811263480292,-0.1015378655521571,8.495794590709986,0.0124863734942871,-0.0121582181897839,0.0056167984984797,40.0,0.0,654.0,0.0,0.0,0.0,0.0,0.0,,
26.4,5.019322475049585,0.1239658410894716,8.49217544441693,-0.0026702783908332,-0.0102759022064871,0.0058614388304637,40.0,0.0,658.0,0.0,0.0,0.0,0.0,0.0,,
26.5,4.794179148202158,-0.4182025725241911,8.531193181748995,0.0100393484108619,-0.0256293243554183,-0.0050973070470993,40.0,0.0,662.0,0.0,0.0,0.0,0.0,0.0,,
26.6,5.047873139150779,0.3286243204567548,8.468828267276656,-0.0062800294122913,-0.0038289644110484,0.0187487641914818,40.0,0.0,666.0,0.0,0.0,0.0,0.0,0.0,,
26.700000000000003,4.858105373131319,-0.099878800997538,8.39329768279804,-0.0085332860825871,-0.000773296840052,0.0212467845846956,40.0,0.0,670.0,0.0,0.0,0.0,0.0,0.0,,
26.8,5.003461890967404,-0.0178530253189431,8.421937520788013,-0.0146319080869665,0.0068310977714715,0.0042216280298719,40.0,0.0,674.0,0.0,0.0,0.0,0.0,0.0,,
26.9,4.927928012961405,0.4989661351767291,8.510522147380199,-0.0065179105009518,-0.0062635759620554,0.0164844570919675,40.0,0.0,678.0,0.0,0.0,0.0,0.0,0.0,,
27.0,4.971990561580664,-0.195741696747605,8.603593551311626,-0.0056814408553899,0.0167329777621754,0.0158004806571464,40.0,0.0,682.0,0.0,0.0,0.0,0.0,0.0,686.1239980899838,3.7251204764647943
27.1,4.887901715651187,0.2121524542602669,8.475887537704455,0.0095277367512221,0.0028473281729447,-0.0034635665499087,40.0,0.0,686.0,0.0,0.0,0.0,0.0,0.0,,
27.200000000000003,4.85846752515238,0.1744941226371741,8.415492911309364,-0.0030364846324199,-0.0115512257934935,0.0092359906559346,40.0,0.0,690.0,0.0,0.0,0.0,0.0,0.0,,
27.3,5.264378737886471,-0.1401299371381409,8.46934212962626,0.0151222055541542,-0.0027964139124571,0.0095237179624973,40.0,0.0,694.0,0.0,0.0,0.0,0.0,0.0,,
27.4,4.795640970777967,0.0842460645811472,8.437637571374664,0.0108572999567986,0.0098738605156475,0.0308956364201861,40.0,0.0,698.0,0.0,0.0,0.0,0.0,0.0,,
27.5,5.041944975982036,0.0688694474873249,8.494866856361945,-0.0025316629281068,0.0013848384346169,0.0020459858986097,40.0,0.0,702.0,0.0,0.0,0.0,0.0,0.0,,
27.6,4.980269146440441,0.2176396303411939,8.3147278263334,0.0123987856112904,0.0111711506733986,0.0038193147300892,40.0,0.0,706.0,0.0,0.0,0.0,0.0,0.0,,
27.700000000000003,4.63672176514871,-0.0711732980641648,8.660258393109512,0.0007713193770111,-0.0119930223229491,-4.7749212282174186e-05,40.0,0.0,710.0,0.0,0.0,0.0,0.0,0.0,,
27.8,5.081093003975682,0.1020100352302069,8.429869396249892,-0.0026682441181468,-0.0059175814904382,-0.004224101844985,40.0,0.0,714.0,0.0,0.0,0.0,0.0,0.0,,
27.9,5.197306353420416,-0.0283480703817009,8.64828298924917,0.0162131605192245,0.0079831089814796,0.0006837968728195,40.0,0.0,718.0,0.0,0.0,0.0,0.0,0.0,,
28.0,5.015559513550491,0.0163706590413625,8.330153932015826,0.004243592817216,-0.013790397911598,0.0168767938846156,40.0,0.0,722.0,0.0,0.0,0.0,0.0,0.0,718.6431299071095,-1.2368495034048583
28.1,4.88530740540524,0.0501739483809259,8.508202391857267,-0.0015890497370407,0.0038669380147527,0.0002509634337747,40.0,0.0,726.0,0.0,0.0,0.0,0.0,0.0,,
28.200000000000003,5.085694594618586,-0.1818969520370122,8.484666148057308,0.0203892899905828,-0.0120033132460557,-0.0017774497052485,40.0,0.0,730.0,0.0,0.0,0.0,0.0,0.0,,
28.3,5.032086177448837,0.0469372672909396,8.518303726016379,0.0058918713014766,0.0043472146856176,0.0160969984195622,40.0,0.0,734.0,0.0,0.0,0.0,0.0,0.0,,
28.4,5.016472798539276,-0.0161886481927813,8.566595266305756,0.0199988193489521,-0.0033263374638257,-0.0047452930467064,40.0,0.0,738.0,0.0,0.0,0.0,0.0,0.0,,
28.5,5.121062100393045,0.0019428254069602,8.13980877922324,0.0094742167715042,-0.0073532818595392,0.0040946671769583,40.0,0.0,742.0,0.0,0.0,0.0,0.0,0.0,,
28.6,5.004797049585352,0.0485749519668599,8.5721269836962,-0.0033548637056984,0.0031310579817608,0.0024045332241608,40.0,0.0,746.0,0.0,0.0,0.0,0.0,0.0,,
28.700000000000003,5.065821572133125,0.112305122601958,8.325393405818655,0.0118598211617503,-0.0073596344511404,0.0130805779828114,40.0,0.0,750.0,0.0,0.0,0.0,0.0,0.0,,
28.8,5.0100930970102,0.2957275515192684,8.432189313769568,-0.0024931679611819,-0.0021941960588773,0.0019682021716572,40.0,0.0,754.0,0.0,0.0,0.0,0.0,0.0,,
28.9,5.074991285291307,-0.2224465912654881,8.307656848253393,-0.0096780292157919,0.0075030759197357,0.0221061337258192,40.0,0.0,758.0,0.0,0.0,0.0,0.0,0.0,,
29.0,4.939332617219378,-0.0053232584785015,8.476217035592322,0.0126187830260819,-0.0112735313419057,0.0073836898273478,40.0,0.0,762.0,0.0,0.0,0.0,0.0,0.0,763.3250537256142,3.9021805084894368
29.1,5.101279644467364,0.0951641254909767,8.494146453615157,0.0110104609256714,-0.0290323229299923,0.011778753195309,40.0,0.0,766.0,0.0,0.0,0.0,0.0,0.0,,
29.200000000000003,4.8568886475308855,-0.2545949345284685,8.542389601054092,0.0147365854516295,-0.0033744851462769,0.0145287454720293,40.0,0.0,770.0,0.0,0.0,0.0,0.0,0.0,,
29.3,5.196841738698296,0.2172371680376071,8.711703890531053,0.0084212749107189,-0.001245663610984,-0.0110196581189716,40.0,0.0,774.0,0.0,0.0,0.0,0.0,0.0,,
29.4,4.918090626780507,-0.1064869892974287,8.791350618750018,-0.0007588581243233,-0.0007679519321551,0.0105148537604046,40.0,0.0,778.0,0.0,0.0,0.0,0.0,0.0,,
29.5,4.961540366955867,0.2742576560646129,8.372311806865177,0.0029460745523724,-0.0094247058569804,-0.008200225112207,40.0,0.0,782.0,0.0,0.0,0.0,0.0,0.0,,
29.6,4.863234636364206,0.0144444804427381,8.401313877447755,-0.0059242097987385,-0.0160631746367183,0.004168944273713,40.0,0.0,786.0,0.0,0.0,0.0,0.0,0.0,,
29.700000000000003,4.7292919438953485,0.1340083945534403,8.47807517406552,-0.0135755149946493,-0.0050920907704986,-0.0025215640559058,40.0,0.0,790.0,0.0,0.0,0.0,0.0,0.0,,
29.8,5.002876176562876,0.2210675669034716,8.184433340678483,0.0021502607914741,-0.0036013279556664,0.0117134007645046,40.0,0.0,794.0,0.0,0.0,0.0,0.0,0.0,,
29.9,4.986979494235652,-0.0927953997608228,8.417851120775353,-0.0069602585680348,0.0087600713859859,0.0052131164867194,40.0,0.0,798.0,0.0,0.0,0.0,0.0,0.0,,
30.0,5.24017860286295,0.0109008779278068,8.359448196088776,-0.0141371439261282,-0.0200313967625594,-0.0108413594300548,40.0,0.0,802.0,0.0,0.0,0.0,0.0,0.0,800.0833030486189,-0.7426359066552685
30.1,4.995068997651722,0.09630875348449,8.228530605820525,0.0099503831407611,-0.0068306105168343,0.0064679301198554,40.0,0.0,806.0,0.0,0.0,0.0,0.0,0.0,,
30.200000000000003,5.196833094238313,0.1545258973798297,8.425429613939471,-0.0079119222541528,-0.023518154013293,-0.0021915331924242,40.0,0.0,810.0,0.0,0.0,0.0,0.0,0.0,,
30.3,4.923330464175845,-0.1280769290726776,8.4460206660615,0.0017685188295876,-0.0042485598180807,-0.0015000258082345,40.0,0.0,814.0,0.0,0.0,0.0,0.0,0.0,,
30.4,4.9802982007950085,0.0862910974354113,8.302149349508918,0.0151093237974627,-0.0029858813228426,0.0051884962294484,40.0,0.0,818.0,0.0,0.0,0.0,0.0,0.0,,
30.5,5.061232163488483,0.0549824196895252,8.608679706212332,0.0038712416520182,-0.0081243737464043,0.008615035252061,40.0,0.0,822.0,0.0,0.0,0.0,0.0,0.0,,
30.6,4.7834410689019,0.0362839558664784,8.460724712528677,-0.0010811685727253,-0.0032853751143893,-0.0138184904549763,40.0,0.0,826.0,0.0,0.0,0.0,0.0,0.0,,
30.700000000000003,4.872691263838855,0.0339267351711672,8.489687669924955,-0.0092767514092595,0.010657078408647,-0.003661748482145,40.0,0.0,830.0,0.0,0.0,0.0,0.0,0.0,,
30.8,5.10041858007901,0.0840791542807527,8.368775114648775,0.0187531089260951,-0.0139363683175648,0.0141915417361,40.0,0.0,834.0,0.0,0.0,0.0,0.0,0.0,,
30.9,5.105087347706446,-0.0805930313614967,8.674579006134994,-0.0015004651459895,0.0008869362927985,0.0076032183877122,40.0,0.0,838.0,0.0,0.0,0.0,0.0,0.0,,
31.0,4.934853688779417,0.1416212409739673,8.584732519208178,-0.0164853197323818,0.0110434024287815,-0.0116249198803567,40.0,0.0,842.0,0.0,0.0,0.0,0.0,0.0,837.5746601039759,-4.784826496322683
31.1,5.109881930651248,0.1890057705241374,8.302064246593066,-0.0031081428795458,-0.0130570466848593,0.0028507896971126,40.0,0.0,846.0,0.0,0.0,0.0,0.0,0.0,,
31.200000000000003,4.908794857372138,0.1369490798404009,8.662255523043287,0.0149568381078995,-0.007621680265783,0.0029077812625547,40.0,0.0,850.0,0.0,0.0,0.0,0.0,0.0,,
31.3,4.702484271166856,-0.1008805099744283,8.610436956089965,0.0171558282354823,-0.0143434887187992,-0.0009246425915289,40.0,0.0,854.0,0.0,0.0,0.0,0.0,0.0,,
31.4,4.95103913645616,0.062024173822941,8.344268683137098,0.0052406104446408,-0.0067383934707091,0.0048554772912172,40.0,0.0,858.0,0.0,0.0,0.0,0.0,0.0,,
31.5,5.036942637200554,0.0209633404716406,8.40025132754636,-9.609803925830838e-05,-0.0028836295920533,0.0012998897011787,40.0,0.0,862.0,0.0,0.0,0.0,0.0,0.0,,
31.6,4.916180590599934,0.2597970755757075,8.54984712831653,-0.0019548031802916,0.0049695440451073,0.0016618051024399,40.0,0.0,866.0,0.0,0.0,0.0,0.0,0.0,,
31.700000000000003,5.130968695637995,0.075446328829714,8.449613889524711,0.0054771692581027,-0.0177087615206849,-0.006267674689098,40.0,0.0,870.0,0.0,0.0,0.0,0.0,0.0,,
31.8,4.775911249040141,0.041441464214556,8.72558646104811,0.0233130014619263,0.0043805110144075,0.0100084447494445,40.0,0.0,874.0,0.0,0.0,0.0,0.0,0.0,,
31.9,4.684841339877089,-0.0614010699601032,8.34754164833911,-0.0052084759825111,-0.0036814381858478,0.0002790942230287,40.0,0.0,878.0,0.0,0.0,0.0,0.0,0.0,,
32.0,4.658105028443631,0.13218653841763,8.304797757264375,0.0033924686411114,0.0187408266974997,-0.0041938459158642,40.0,0.0,882.0,0.0,0.0,0.0,0.0,0.0,885.2501032895768,5.424960114283292
32.1,4.57545687158805,-0.0229006332820166,8.630853156375132,0.0205834745422059,-0.0142954959445241,0.0099669922323652,40.0,0.0,886.0,0.0,0.0,0.0,0.0,0.0,,
32.2,4.885203431482991,0.0041077468543796,8.8623607131779,-0.0140297032839515,0.0005373966149457,0.0096769317176543,40.0,0.0,890.0,0.0,0.0,0.0,0.0,0.0,,
32.300000000000004,5.117867948740901,0.0346974730206343,8.511916792050961,-0.0029164856742179,0.000691269412451,0.0015680772450258,40.0,0.0,894.0,0.0,0.0,0.0,0.0,0.0,,
32.4,5.048235783478407,-0.035441550406545,8.522274270210673,0.0007073718631502,0.0092605025077216,0.0044860627641151,40.0,0.0,898.0,0.0,0.0,0.0,0.0,0.0,,
32.5,4.689045129768967,0.2092882251070987,8.329849365995953,-0.0055376633864881,-0.0079566129404349,0.0187443809317081,40.0,0.0,902.0,0.0,0.0,0.0,0.0,0.0,,
32.6,4.634648867903195,0.490662280048999,8.624117732485253,0.0032323891412915,-0.0025489400061628,0.0078555407485765,40.0,0.0,906.0,0.0,0.0,0.0,0.0,0.0,,
32.7,5.0331683642569,0.1167823378925085,8.549049881025862,0.0018958068125524,-0.0039733842030732,0.0034872671634648,40.0,0.0,910.0,0.0,0.0,0.0,0.0,0.0,,
32.800000000000004,4.925763757947097,0.1900655145300596,8.554742719467475,-0.0284038863466428,0.0045590077652976,0.0069473619471877,40.0,0.0,914.0,0.0,0.0,0.0,0.0,0.0,,
32.9,4.952193686533114,-0.0382777679633328,8.634326119123248,0.0104752646212285,-0.009728776678236,0.0090705228712453,40.0,0.0,918.0,0.0,0.0,0.0,0.0,0.0,,
33.0,4.809251489818807,-0.1869427247183396,8.37170162743685,0.0096239347238275,0.0075312504537608,0.0101308542009729,40.0,0.0,922.0,0.0,0.0,0.0,0.0,0.0,921.7119595136787,4.014131591568097
33.1,5.063764368027199,0.0974267430672437,8.369486971841903,0.0053192254467394,0.0060040952522768,0.0125429132981357,40.0,0.0,926.0,0.0,0.0,0.0,0.0,0.0,,
33.2,5.133337005721196,0.1262455770801595,8.518426442256583,0.0117015023831642,-0.0022652125924906,-0.0038187465122771,40.0,0.0,930.0,0.0,0.0,0.0,0.0,0.0,,
33.300000000000004,4.930539955408435,-0.0917353967209673,8.364432469879189,-0.0004451867071551,-0.0099241992099996,0.0019203847036095,40.0,0.0,934.0,0.0,0.0,0.0,0.0,0.0,,
33.4,4.670957799956931,0.0519940561059407,8.465890032429678,-0.0071708863106819,0.004592456684324,0.0143757013762655,40.0,0.0,938.0,0.0,0.0,0.0,0.0,0.0,,
33.5,4.713866020344653,-0.0944087167849321,8.35033785865725,-0.0083990310110886,0.0062947484193174,0.0030617386122719,40.0,0.0,942.0,0.0,0.0,0.0,0.0,0.0,,
33.6,4.915322773803408,-0.2805793546610129,8.56102191565673,-0.0113925839485347,-0.0014006736973367,0.0077737693795819,40.0,0.0,946.0,0.0,0.0,0.0,0.0,0.0,,
33.7,5.159098789375797,-0.1763230598678668,8.012782387752221,0.0028384954475369,0.0160051118151085,0.0173894635293943,40.0,0.0,950.0,0.0,0.0,0.0,0.0,0.0,,
33.800000000000004,4.986448912291193,-0.0537454278448071,8.586777600620941,-0.0087354619970446,0.0027635776935621,0.0100547015916662,40.0,0.0,954.0,0.0,0.0,0.0,0.0,0.0,,
33.9,5.114031486124831,0.4339490058366617,8.52457160620216,-0.0040896362570749,-0.0022557431219199,-0.0126907590488911,40.0,0.0,958.0,0.0,0.0,0.0,0.0,0.0,,
34.0,4.85079303033664,-0.0413923657169656,8.387095951435157,0.0025235487203372,-0.010224199323822,0.0162103066732447,40.0,0.0,962.0,0.0,0.0,0.0,0.0,0.0,963.4465441001905,-2.580479018420497
34.1,4.9550310597377285,0.0186049518292078,8.416525003648408,0.0025519068385897,0.0062509826466763,-0.003671302157109,40.0,0.0,966.0,0.0,0.0,0.0,0.0,0.0,,
34.2,4.856282526638711,-0.0255589043164997,8.263828572604362,-0.0071925785972149,-0.0067622087354465,0.0137438918071272,40.0,0.0,970.0,0.0,0.0,0.0,0.0,0.0,,
34.300000000000004,4.994384199350288,0.0490384867051316,8.59334390545054,-0.0003737178839939,0.0019046484992888,0.003967782470675,40.0,0.0,974.0,0.0,0.0,0.0,0.0,0.0,,
34.4,4.994804352409943,-0.0674137986417373,8.09988663738388,-0.000342791621863,0.0122274813609994,0.0142621540224159,40.0,0.0,978.0,0.0,0.0,0.0,0.0,0.0,,
34.5,5.099809622688674,0.2054196082709326,8.47900784976956,0.0029731570740559,-0.0081765189543435,0.0018392714397295,40.0,0.0,982.0,0.0,0.0,0.0,0.0,0.0,,
34.6,5.047365672465671,0.2005826655753224,8.444792269773195,-0.0035018926485141,-0.001994720411434,0.0110120674892911,40.0,0.0,986.0,0.0,0.0,0.0,0.0,0.0,,
34.7,4.738421777579968,-0.3244271429705856,8.383128683701608,-0.0112071242591415,-0.0070814019764731,0.0035221968118252,40.0,0.0,990.0,0.0,0.0,0.0,0.0,0.0,,
34.800000000000004,4.887012738646547,0.2378701301706118,8.514720925815693,0.0040047435961082,0.004222071440434,-0.0063883311778076,40.0,0.0,994.0,0.0,0.0,0.0,0.0,0.0,,
34.9,5.11086676811304,0.008635357019681,8.566281303711527,-0.0097185723304015,-0.0175375876601606,0.0131788965802502,40.0,0.0,998.0,0.0,0.0,0.0,0.0,0.0,,
35.0,5.011461428914627,-0.1153077331536265,8.33525974893414,0.0122543478441476,-0.0138941189286732,0.0214267295325596,40.0,0.0,1002.0,0.0,0.0,0.0,0.0,0.0,1003.4455824220337,6.152146265863877
35.1,4.819906889802819,0.1157587888412574,8.416416439762997,0.0070318743108234,-0.0074411400211419,0.003372070939277,40.0,0.0,1006.0,0.0,0.0,0.0,0.0,0.0,,
35.2,4.961137876309357,-0.1303281183672209,8.576832862938364,-0.0041321356647158,-0.0042859991534001,-0.0049434937460851,40.0,0.0,1010.0,0.0,0.0,0.0,0.0,0.0,,
35.300000000000004,4.570649951180703,-0.0086541643900253,8.827601524367282,0.0088460428789802,-0.0021926037973439,0.0023710917079173,40.0,0.0,1014.0,0.0,0.0,0.0,0.0,0.0,,
35.4,4.958369883921806,0.1020678672762814,8.288587288829019,0.0121432169466887,0.0051538131544124,0.0121818572570793,40.0,0.0,1018.0,0.0,0.0,0.0,0.0,0.0,,
35.5,5.020771360821458,0.0229424986540984,8.566638396520368,0.0069181413374137,-0.0055404071094102,-0.000736017728969,40.0,0.0,1022.0,0.0,0.0,0.0,0.0,0.0,,
35.6,4.970278444289297,0.2523530227242781,8.27984314977726,-0.0136752526575244,-0.0003523915876348,0.0055088770185601,40.0,0.0,1026.0,0.0,0.0,0.0,0.0,0.0,,
35.7,4.98100124965556,0.056592979686275,8.432228872930125,0.0158986343860208,-0.0180090397847651,-0.0032849702478024,40.0,0.0,1030.0,0.0,0.0,0.0,0.0,0.0,,
35.800000000000004,4.9395117859776425,-0.2264783216731251,8.439331050460535,0.0176147016572801,-0.0017911351170403,0.0073070090571868,40.0,0.0,1034.0,0.0,0.0,0.0,0.0,0.0,,
35.9,4.765975285224112,-0.0724542112059216,8.409429754076754,-0.0021771509675623,0.0108164379500376,0.0105769106072512,40.0,0.0,1038.0,0.0,0.0,0.0,0.0,0.0,,
36.0,4.788281306459444,0.0569757167648007,8.540442473399862,0.0124014903852126,0.0138054068656837,-0.0051509419182786,40.0,0.0,1042.0,0.0,0.0,0.0,0.0,0.0,1041.8566958435601,6.258574623256025
36.1,4.833371373318449,-0.1686366788371924,8.430606232259297,0.0056635837444633,0.007873345165891,0.0042404897635747,40.0,0.0,1046.0,0.0,0.0,0.0,0.0,0.0,,
36.2,4.9070228715117725,0.042763698837311,8.340437775880842,0.0218953872169477,-0.0180766102711805,0.0068474057889572,40.0,0.0,1050.0,0.0,0.0,0.0,0.0,0.0,,
36.3,5.258540932884445,0.0210199766839996,8.437203355875122,-0.0025744542281042,-0.003803916817624,0.0187284847467653,40.0,0.0,1054.0,0.0,0.0,0.0,0.0,0.0,,
36.4,4.623220713300573,0.2500150551944488,8.252115638257823,-0.0016665232923441,-0.0062924442029866,0.0108855326977071,40.0,0.0,1058.0,0.0,0.0,0.0,0.0,0.0,,
36.5,4.715281347217437,0.0893258999122914,8.769355654618373,-0.0126317400459281,-0.000102938323896,-0.001619821777966,40.0,0.0,1062.0,0.0,0.0,0.0,0.0,0.0,,
36.6,5.018883080928955,0.0228721666123628,8.3694861747687,0.0058787228487107,0.0160434810978674,0.003090962082727,40.0,0.0,1066.0,0.0,0.0,0.0,0.0,0.0,,
36.7,5.062963691322227,-0.1739909436806745,8.322243754602644,0.0057240627788037,0.0128411602853596,0.0085561334878566,40.0,0.0,1070.0,0.0,0.0,0.0,0.0,0.0,,
36.8,4.908041295421526,0.0198937108135031,8.278148051029888,0.0070451532635536,0.006823330623234,0.0004790966716691,40.0,0.0,1074.0,0.0,0.0,0.0,0.0,0.0,,
36.9,4.884493677836074,0.0598817344478072,8.400201250719256,0.0003386738537417,0.0189972178916651,0.00252974299254,40.0,0.0,1078.0,0.0,0.0,0.0,0.0,0.0,,
37.0,4.901248977196816,-0.0771312708452738,8.577338006850336,-0.000812241732181,-0.0084937303832142,0.0182130403227301,40.0,0.0,1082.0,0.0,0.0,0.0,0.0,0.0,1071.521019583641,3.2876100175008953
37.1,5.167940450677045,-0.0700635348608057,8.185728218421252,0.0110751368983692,-0.0088462982576,0.0129062559916276,40.0,0.0,1086.0,0.0,0.0,0.0,0.0,0.0,,
37.2,4.659484427343224,0.1538896007448963,8.284033421733229,0.0083076411906652,-0.0018572693216356,-0.0045393941939664,40.0,0.0,1090.0,0.0,0.0,0.0,0.0,0.0,,
37.3,4.893944553060982,0.1229477685435051,8.48159337909263,0.0068441298047248,0.0177644058451548,-0.0106424161171105,40.0,0.0,1094.0,0.0,0.0,0.0,0.0,0.0,,
37.4,5.197581886245293,0.0356533906284819,8.330891603876877,-0.0123031362573898,-0.0038912039077703,0.0142165011192445,40.0,0.0,1098.0,0.0,0.0,0.0,0.0,0.0,,
37.5,4.935867631943369,0.2466732395371021,8.248032857617611,0.0008791105215394,-0.0145239344441311,0.0086363188262496,40.0,0.0,1102.0,0.0,0.0,0.0,0.0,0.0,,
37.6,5.088033108514594,-0.0431142690521579,8.075077132631275,0.0029894814679649,0.002367385517335,0.0090429475496169,40.0,0.0,1106.0,0.0,0.0,0.0,0.0,0.0,,
37.7,5.140367328773323,-0.1406580519473573,8.567741626942913,0.0129250751247797,-0.0197858758400651,0.0081965182591897,40.0,0.0,1110.0,0.0,0.0,0.0,0.0,0.0,,
37.8,4.8793730253488485,0.0077715990347531,8.517860683656096,-0.0038722856411355,-0.0087570807916161,0.0053415241748802,40.0,0.0,1114.0,0.0,0.0,0.0,0.0,0.0,,
37.9,4.791913109170578,-0.1428737693327778,8.56761520356882,-0.0104879403515865,0.0046631250090921,0.0096259129285395,40.0,0.0,1118.0,0.0,0.0,0.0,0.0,0.0,,
38.0,4.69612899068141,-0.0816346978503482,8.64482562158245,-0.0088116553113968,-0.0066440426230938,0.0096206089325189,40.0,0.0,1122.0,0.0,0.0,0.0,0.0,0.0,1122.3481882729527,-1.1960294018634698
38.1,5.072508576392389,-0.0177308329066743,8.376082681921599,0.015223698616985,0.0153889966379757,0.0147885805078179,40.0,0.0,1126.0,0.0,0.0,0.0,0.0,0.0,,
38.2,4.967797721384753,-0.1012398582461389,8.34114255014186,0.0062251410526575,0.0021839822088868,0.0190159859294642,40.0,0.0,1130.0,0.0,0.0,0.0,0.0,0.0,,
38.3,5.05256751388042,-0.2054620452639727,8.623501353783784,-0.0089806062731441,-0.0058397127195235,0.0075020020625169,40.0,0.0,1134.0,0.0,0.0,0.0,0.0,0.0,,
38.400000000000006,5.254350123467594,0.4864877834008041,8.556717669995773,-0.0008319661872038,0.0033450564848055,0.0138765542587383,40.0,0.0,1138.0,0.0,0.0,0.0,0.0,0.0,,
38.5,4.9068998561664205,0.2892817033868483,8.500219825004056,0.0059774308909139,0.0046592425205446,0.0092158661061445,40.0,0.0,1142.0,0.0,0.0,0.0,0.0,0.0,,
38.6,5.080841075070441,-0.0725879779820384,8.381963948033441,-0.0100015423297169,0.0023950123062022,0.0127893650351211,40.0,0.0,1146.0,0.0,0.0,0.0,0.0,0.0,,
38.7,5.023665929922782,0.2711738650021306,8.464869808300989,0.0076874165559251,-0.0129170087613931,0.0011290029752559,40.0,0.0,1150.0,0.0,0.0,0.0,0.0,0.0,,
38.8,5.059330663634865,0.1473653166114716,8.421614168975719,0.0002840074814193,-0.017178737466808,0.0014297079919339,40.0,0.0,1154.0,0.0,0.0,0.0,0.0,0.0,,
38.900000000000006,5.088557474527967,0.1062807524159849,8.540809069332527,0.0014977368718096,-0.0019293684137182,-0.0016032113947344,40.0,0.0,1158.0,0.0,0.0,0.0,0.0,0.0,,
39.0,5.05982426303038,0.0831459416584084,8.539512038324265,-0.0042603484266758,-0.0235334291987124,0.0159715271175369,40.0,0.0,1162.0,0.0,0.0,0.0,0.0,0.0,1162.367043106142,-7.950275658403571
39.1,4.883174381598739,-0.109416364606468,8.569731047912445,-0.0029201263991912,0.0085993638404662,0.0111700594957669,40.0,0.0,1166.0,0.0,0.0,0.0,0.0,0.0,,
39.2,5.057535398480071,-0.1848933566800801,8.647500808933305,0.0036125053123385,-0.005692771392462,0.0064338846734225,40.0,0.0,1170.0,0.0,0.0,0.0,0.0,0.0,,
39.3,4.688564715065251,0.0812979217221006,8.311303484898035,-0.0125267028584353,-0.0172235918621789,0.0161268837498992,40.0,0.0,1174.0,0.0,0.0,0.0,0.0,0.0,,
39.400000000000006,4.8606104909460806,0.2500591564874749,8.385338991667501,-0.0160735795759294,-0.0131652443994865,0.0173581162000693,40.0,0.0,1178.0,0.0,0.0,0.0,0.0,0.0,,
39.5,4.931615273309499,-0.0622430944735901,8.489711945003263,0.0060178273616754,0.0091739881590246,0.0194849922989292,40.0,0.0,1182.0,0.0,0.0,0.0,0.0,0.0,,
39.6,4.901034703131637,-0.1789071529123057,8.403689436956853,0.0036028050658288,-0.0116375892621061,-0.0045715091489504,40.0,0.0,1186.0,0.0,0.0,0.0,0.0,0.0,,
39.7,5.006568182232482,0.0127021472644323,8.470628760437084,-0.0065849533470006,-0.0043040071420576,-0.004242331442683,40.0,0.0,1190.0,0.0,0.0,0.0,0.0,0.0,,
39.8,5.088529761668717,0.1752874002085628,8.188781031789631,-0.0082951086019241,-0.0169652925509007,-0.0015002393440689,40.0,0.0,1194.0,0.0,0.0,0.0,0.0,0.0,,
39.900000000000006,4.942484304531445,-0.1974467829547795,8.327430239156548,-0.0090395737208149,7.267329398943966e-05,0.0056934433703625,40.0,0.0,1198.0,0.0,0.0,0.0,0.0,0.0,,
40.0,4.846739366999411,0.0465231308209097,8.383707198437255,-0.0017165511032605,0.0147345209029853,0.0184046105179034,40.0,0.0,1202.0,0.0,0.0,0.0,0.0,0.0,1201.1213124486499,1.4284502860469857
40.1,4.760062814460859,0.1444598626818761,8.587418694299084,-0.0104826328875261,0.0061877764375486,0.0203793191841255,40.0,0.0,1206.0,0.0,0.0,0.0,0.0,0.0,,
40.2,4.786618279063337,-0.1176254231521395,8.61835843115187,0.0037149531082564,0.0035147627523952,0.0084058921640049,40.0,0.0,1210.0,0.0,0.0,0.0,0.0,0.0,,
40.3,5.013604388139221,-0.1789708192466624,8.622806867118562,0.0126958999242777,-0.0042939074406802,0.0045652305018613,40.0,0.0,1214.0,0.0,0.0,0.0,0.0,0.0,,
40.400000000000006,4.7253338746166405,0.0971382134026752,8.551517827382467,0.0003780898300068,0.009243533598705,0.0016592276902005,40.0,0.0,1218.0,0.0,0.0,0.0,0.0,0.0,,
40.5,5.03969088888404,-0.1329496508038173,8.462176388494209,-0.0007435425790283,0.0002530792204094,0.0013047307116664,40.0,0.0,1222.0,0.0,0.0,0.0,0.0,0.0,,
40.6,4.935279110649249,0.1439070757162259,8.400194575539613,-0.0150657710073867,0.0154958390420542,0.0188145407869048,40.0,0.0,1226.0,0.0,0.0,0.0,0.0,0.0,,
40.7,4.7611605957341565,0.1234561707867791,8.390262995542644,0.0036348721533105,0.0009422412901349,0.0026559219968367,40.0,0.0,1230.0,0.0,0.0,0.0,0.0,0.0,,
40.8,4.837435150162039,-0.0835811578474389,8.32828042380316,-0.0073182220823044,-0.0026717829004935,-0.0021575998911075,40.0,0.0,1234.0,0.0,0.0,0.0,0.0,0.0,,
40.900000000000006,5.057307809856892,0.243086923300389,8.378701224919839,0.0033940450053537,0.0029968511030293,0.0097200227091927,40.0,0.0,1238.0,0.0,0.0,0.0,0.0,0.0,,
41.0,4.966393290187412,0.1314023627539583,8.538046554027444,-0.0113766242232729,0.0066915606438927,0.0138729083726674,40.0,0.0,1242.0,0.0,0.0,0.0,0.0,0.0,1247.911576178966,-2.0730808730945895
41.1,4.840507084373212,0.0256906753171403,8.568208560047006,-0.0010931381957936,0.0087297804776601,0.0286387249461936,40.0,0.0,1246.0,0.0,0.0,0.0,0.0,0.0,,
41.2,4.837102095104751,-0.1871566904730662,8.511282000466077,0.0082156250512614,-0.0043086637384476,0.0195326066332103,40.0,0.0,1250.0,0.0,0.0,0.0,0.0,0.0,,
41.3,4.754209130041512,0.1239377934547416,8.37483008801151,0.0181937790620729,0.0179251535316811,-0.0026665658778334,40.0,0.0,1254.0,0.0,0.0,0.0,0.0,0.0,,
41.400000000000006,4.872566429613713,0.1489381830469702,8.407639613656919,0.0005458878206776,-0.0017461157945758,-0.0141967315619765,40.0,0.0,1258.0,0.0,0.0,0.0,0.0,0.0,,
41.5,4.952924338085864,-0.083459166109626,8.391740787765379,0.0154363200346881,-0.0145650689427925,0.0131320518674797,40.0,0.0,1262.0,0.0,0.0,0.0,0.0,0.0,,
41.6,4.913155560450228,-0.0219640252743751,8.584264995533102,0.0044005129456889,0.0037061299721953,0.0146818466053286,40.0,0.0,1266.0,0.0,0.0,0.0,0.0,0.0,,
41.7,4.9053037425225,-0.0718355101761625,8.302936632141675,-0.0072541052997895,0.0274909442530872,0.0174467958073678,40.0,0.0,1270.0,0.0,0.0,0.0,0.0,0.0,,
41.8,4.752338845068796,-0.1783686935115355,8.537989120383118,0.0064726479737796,0.0034888383531736,0.002450442064463,40.0,0.0,1274.0,0.0,0.0,0.0,0.0,0.0,,
41.900000000000006,4.9361818609995645,0.0691819286239036,8.478593162069345,-0.0211930037274753,-0.0042979963057519,-0.0035140643426031,40.0,0.0,1278.0,0.0,0.0,0.0,0.0,0.0,,
42.0,4.981281712836276,0.4677888503905115,8.520831460946491,-0.0021352968617239,0.0072180150197725,0.0098268788720921,40.0,0.0,1282.0,0.0,0.0,0.0,0.0,0.0,1278.7660255884273,-2.007028174338146
42.1,5.018014173567775,0.1110275889823506,8.774190745849776,-0.0103088843532591,0.0027363207681145,-0.0042638112998153,40.0,0.0,1286.0,0.0,0.0,0.0,0.0,0.0,,
42.2,5.038326896951337,-0.1178029767229141,8.403104189084582,-0.001950899142379,0.007758167193447,0.0141845444394241,40.0,0.0,1290.0,0.0,0.0,0.0,0.0,0.0,,
42.3,4.768142393533042,0.0282401166499773,8.35927223291297,-0.0115850491067533,-0.0041701705042437,0.0019151721154418,40.0,0.0,1294.0,0.0,0.0,0.0,0.0,0.0,,
42.400000000000006,5.319007472951828,0.0849439738041044,8.25906658601221,-0.0046477400417094,0.0082138329542939,0.0258844277286992,40.0,0.0,1298.0,0.0,0.0,0.0,0.0,0.0,,
42.5,4.7171025031643055,-0.2619886577708567,8.746353987431112,0.004896141773709,-0.0106829273187636,0.0103462908612243,40.0,0.0,1302.0,0.0,0.0,0.0,0.0,0.0,,
42.6,4.559637839147468,0.0205063259895741,8.514882387051808,0.0102427013953783,-0.0121389595229253,0.0058568716140335,40.0,0.0,1306.0,0.0,0.0,0.0,0.0,0.0,,
42.7,4.816186306091061,0.0583075633511475,8.331407262770892,-0.0030810083916022,-0.0119581539479022,0.0115113624182365,40.0,0.0,1310.0,0.0,0.0,0.0,0.0,0.0,,
42.8,5.083767667498499,-0.015193085493612,8.47144491036935,-0.0134859141463354,-0.0049967664800678,0.0044979538295825,40.0,0.0,1314.0,0.0,0.0,0.0,0.0,0.0,,
42.900000000000006,5.348118963654495,-0.1467950538661245,8.68533579693821,0.010968587734658,0.0008063640449013,0.0225862048419513,40.0,0.0,1318.0,0.0,0.0,0.0,0.0,0.0,,
43.0,5.010815820891029,0.0783738793501893,8.457741113172712,0.0132356888241862,0.0089646923381088,-0.0012567728749621,40.0,0.0,1322.0,0.0,0.0,0.0,0.0,0.0,1325.6616084708082,1.3150044386387378
43.1,4.757112920810184,-0.0104470956093485,8.345703426465699,0.0003647542538464,0.0103743813468413,0.0004269834491321,40.0,0.0,1326.0,0.0,0.0,0.0,0.0,0.0,,
43.2,4.948576492803263,0.0287034102212592,8.592973843456138,-0.021468893339846,-0.0080670029476529,0.0071128369227947,40.0,0.0,1330.0,0.0,0.0,0.0,0.0,0.0,,
43.3,5.135011843464028,-0.0537853671259307,8.184226305219063,0.0071971144596613,-0.0083536238882562,-0.0068966665909036,40.0,0.0,1334.0,0.0,0.0,0.0,0.0,0.0,,
43.400000000000006,4.861348191543016,-0.0076788036483774,8.374997511444613,-0.0210556605709906,0.0069706619688713,0.0177487504127872,40.0,0.0,1338.0,0.0,0.0,0.0,0.0,0.0,,
43.5,5.052728298700925,-0.1506528505637225,8.435485481033217,0.0009347868477054,0.0039879438956191,0.0116834048871808,40.0,0.0,1342.0,0.0,0.0,0.0,0.0,0.0,,
43.6,4.844873930183224,0.032299333462034,8.53430127181763,0.0155582232214676,0.0050450653982472,0.0128905668737551,40.0,0.0,1346.0,0.0,0.0,0.0,0.0,0.0,,
43.7,4.967573994189404,0.2315688717805255,8.52717363051927,-0.0076108791017357,0.0120336997012519,0.0119790327253902,40.0,0.0,1350.0,0.0,0.0,0.0,0.0,0.0,,
43.8,4.888543396830727,-0.0519239451098865,8.51019554289646,0.0056318479526758,-2.7077343687935667e-05,0.0081130867344288,40.0,0.0,1354.0,0.0,0.0,0.0,0.0,0.0,,
43.900000000000006,5.2099936061864565,0.1807314728352328,8.494304549815098,0.0104131058076748,-0.0123252390352753,0.008979270499468,40.0,0.0,1358.0,0.0,0.0,0.0,0.0,0.0,,
44.0,5.226395952459965,-0.012706884308856,8.338564121832482,-0.0055208888859306,-0.0128963303734238,-0.002847619081277,40.0,0.0,1362.0,0.0,0.0,0.0,0.0,0.0,1359.880959184932,2.0530697324534244
44.1,4.899423785211495,-0.1908350528767963,8.468051961217785,0.0100227717378664,-0.0110775618014692,0.0201928392364176,40.0,0.0,1366.0,0.0,0.0,0.0,0.0,0.0,,
44.2,5.031618813279138,0.1745870878436085,8.367034028047524,0.0095452522706661,-0.0129193390039531,0.013902475008365,40.0,0.0,1370.0,0.0,0.0,0.0,0.0,0.0,,
44.3,4.980775900969029,0.1029876829977175,8.289370020281618,-0.007950698422766,0.0039722821825338,-0.004483480042242,40.0,0.0,1374.0,0.0,0.0,0.0,0.0,0.0,,
44.400000000000006,5.024480943814868,-0.1850706709690368,8.592935343025346,-0.011325233147685,0.0035229993767952,0.01125630933646,40.0,0.0,1378.0,0.0,0.0,0.0,0.0,0.0,,
44.5,4.850484227235563,0.107303985062709,8.504775550625379,-0.0043884185619273,-0.012085546840762,-0.0146262569167257,40.0,0.0,1382.0,0.0,0.0,0.0,0.0,0.0,,
44.6,5.007447507094954,-0.2147204157043082,8.480010841041542,-0.0016344821608224,0.0047914277543819,0.0019795450051013,40.0,0.0,1386.0,0.0,0.0,0.0,0.0,0.0,,
44.7,4.905582832047935,0.1297806056432443,8.515967915487963,0.0041615595718277,0.0026926758980852,-0.010355721232071,40.0,0.0,1390.0,0.0,0.0,0.0,0.0,0.0,,
44.8,5.068518301998046,0.1118703191020403,8.31320674183887,-0.001440804736742,-0.0023930728762763,0.0036550321559826,40.0,0.0,1394.0,0.0,0.0,0.0,0.0,0.0,,
44.900000000000006,5.005078994985279,0.2347050172746775,8.62797422027627,-0.012122191934314,0.0042206999030604,0.018289333195354,40.0,0.0,1398.0,0.0,0.0,0.0,0.0,0.0,,
45.0,5.01302127810338,0.183647063777895,8.76754977798046,0.0112370954610698,0.0004930859564172,0.0154508847408475,40.0,0.0,1402.0,0.0,0.0,0.0,0.0,0.0,1402.3883101973922,3.874579962131557
45.1,4.976733174964533,0.0235854564927433,8.412997075768285,0.016634133588321,-0.01018428665942,0.0203236772467811,40.0,0.0,1406.0,0.0,0.0,0.0,0.0,0.0,,
45.2,5.029979618561055,-0.1898959262202912,8.520856605074059,-0.0200002650765162,0.0042550801683103,0.0138523148298899,40.0,0.0,1410.0,0.0,0.0,0.0,0.0,0.0,,
45.3,4.866146606652191,0.0385321543933373,8.758832826187888,-0.0040574670426193,-0.012589075870566,0.0198166340246259,40.0,0.0,1414.0,0.0,0.0,0.0,0.0,0.0,,
45.400000000000006,5.249388078579618,0.0205543507771771,8.617428666436599,0.0144147591553088,-0.0094248423253838,0.0001469416463213,40.0,0.0,1418.0,0.0,0.0,0.0,0.0,0.0,,
45.5,5.139631176973209,0.2727521418062764,8.550141340151498,-0.0077981435350205,0.0178706111169944,-0.0003097089781196,40.0,0.0,1422.0,0.0,0.0,0.0,0.0,0.0,,
45.6,4.904729332824282,0.0713506751734432,8.69883327423256,0.0095397597655222,0.0021486550036191,0.009632885301181,40.0,0.0,1426.0,0.0,0.0,0.0,0.0,0.0,,
45.7,4.961527200296519,0.1037209271777759,8.0862751994712,-0.0019660745906979,0.0004132193491678,-0.006510140836195,40.0,0.0,1430.0,0.0,0.0,0.0,0.0,0.0,,
45.8,5.012948497671733,-0.0106706831479182,8.72903056587267,0.0167301972521485,-0.0066580556911816,0.003491622884333,40.0,0.0,1434.0,0.0,0.0,0.0,0.0,0.0,,
45.900000000000006,4.9439078651587405,-0.0477489214239433,8.494962958729564,-0.0065828206888759,-0.0133061533493752,0.0112271122390026,40.0,0.0,1438.0,0.0,0.0,0.0,0.0,0.0,,
46.0,5.049429437633271,-0.1006473639489988,8.600012525739736,-0.0053157772916533,0.0005316523803798,0.0132034401261245,40.0,0.0,1442.0,0.0,0.0,0.0,0.0,0.0,1439.1917876244906,-1.3106485863910728
46.1,4.949958115294442,0.0882111368211701,8.38824476454221,-0.0009646658342809,-0.0040585943088034,-0.0024657834654023,40.0,0.0,1446.0,0.0,0.0,0.0,0.0,0.0,,
46.2,4.928483875532632,-0.212292744829562,8.392036149054029,-0.0018487549336967,-0.0045617975249538,0.0025850255412922,40.0,0.0,1450.0,0.0,0.0,0.0,0.0,0.0,,
46.3,4.94573537002098,0.0919162277129095,8.596886772245224,-0.0054976522684826,-0.0140320085538914,-0.005420444122431,40.0,0.0,1454.0,0.0,0.0,0.0,0.0,0.0,,
46.400000000000006,4.8819195618207605,-0.0327881976724763,8.350209801195726,-0.0119611666424989,-0.0065612082747418,0.0068142662011397,40.0,0.0,1458.0,0.0,0.0,0.0,0.0,0.0,,
46.5,5.044254419875334,-0.0636134579662481,8.40375953780383,-0.0082669830884731,-0.0023143917037477,-0.0034842863419081,40.0,0.0,1462.0,0.0,0.0,0.0,0.0,0.0,,
46.6,5.04096917198618,-0.2478799737901167,8.411764760257476,0.0040110733919174,-0.0001616548367749,0.0319303366398049,40.0,0.0,1466.0,0.0,0.0,0.0,0.0,0.0,,
46.7,5.007470003685185,-0.1306081895263015,8.451389574061984,-0.0167624633346645,-0.0028059974929676,-0.0033305605700075,40.0,0.0,1470.0,0.0,0.0,0.0,0.0,0.0,,
46.8,5.092308541334024,-0.0624310411893302,8.448194323756057,-0.005355578414044,0.0153885135185333,0.0017875723388208,40.0,0.0,1474.0,0.0,0.0,0.0,0.0,0.0,,
46.900000000000006,5.229883556521879,0.1421227643177399,8.538019220225653,0.0046873314731751,0.0019379729821625,-0.0142767257934561,40.0,0.0,1478.0,0.0,0.0,0.0,0.0,0.0,,
47.0,4.9131674908773855,0.1467736956776482,8.45837463360423,-0.0130518984680357,-0.0025240445057746,0.0220410551625549,40.0,0.0,1482.0,0.0,0.0,0.0,0.0,0.0,1480.4315673874714,-5.854059792528474
47.1,5.142033757330207,0.0106993985950952,8.608426602684059,-0.0026650702036805,-0.0190387158682671,-0.0042446598812955,40.0,0.0,1486.0,0.0,0.0,0.0,0.0,0.0,,
47.2,5.189433315276228,-0.0210989622743956,8.429201614219092,-0.0019983819627488,0.01704136589573,0.0212595891536206,40.0,0.0,1490.0,0.0,0.0,0.0,0.0,0.0,,
47.3,5.287817035017219,-0.0038567815600076,8.510052884437409,-0.0141664254942079,0.0127693442611827,-0.0066777955126793,40.0,0.0,1494.0,0.0,0.0,0.0,0.0,0.0,,
47.400000000000006,4.987516334564393,-0.1445953791449266,8.37737918711454,-0.007372624310497,-0.0080787526067581,-0.0003912270314897,40.0,0.0,1498.0,0.0,0.0,0.0,0.0,0.0,,
47.5,4.872759680761238,0.145000086767046,8.299979792165967,0.0032054142701386,0.0101795915230555,-0.0001319636451339,40.0,0.0,1502.0,0.0,0.0,0.0,0.0,0.0,,
47.6,4.847312166387859,-0.0145786937770376,8.642667992379451,0.0029410763095335,-0.0073121429460759,0.0098387665118803,40.0,0.0,1506.0,0.0,0.0,0.0,0.0,0.0,,
47.7,4.789656177524535,0.1222039265664421,8.52700030728061,-0.0020780847113888,-0.0103858579844723,-0.0038668092228345,40.0,0.0,1510.0,0.0,0.0,0.0,0.0,0.0,,
47.8,5.035222600451886,0.2043470753733592,8.370113049071026,0.0055838670355148,-0.0228702701860206,-0.0008461773065719,40.0,0.0,1514.0,0.0,0.0,0.0,0.0,0.0,,
47.900000000000006,4.950341160069364,-0.116452512547275,8.325233254906905,-0.0056777955646888,0.0009219272832637,0.0031267098159362,40.0,0.0,1518.0,0.0,0.0,0.0,0.0,0.0,,
48.0,4.619265315001253,-0.2981050228952599,8.374679434446769,0.0055768658605355,-0.0294750484272523,2.6982384836934936e-06,40.0,0.0,1522.0,0.0,0.0,0.0,0.0,0.0,1523.1844811082583,1.0442210887195573
48.1,4.876062821522386,0.2282506667312671,8.407955939368415,0.0048298898474092,-0.0005874285991253,-0.016305664798072,40.0,0.0,1526.0,0.0,0.0,0.0,0.0,0.0,,
48.2,5.07023108249476,0.0523094758184431,8.541949507076534,0.0402623770643632,-0.0228411293949858,0.022246966497611,40.0,0.0,1530.0,0.0,0.0,0.0,0.0,0.0,,
48.3,4.9118828720899455,0.0630993356604514,8.458882374330159,-0.0032423633339804,-0.0076983292823875,0.00829508735573,40.0,0.0,1534.0,0.0,0.0,0.0,0.0,0.0,,
48.400000000000006,4.727423945499248,0.1325868751282648,8.403280050392556,-0.0103006933904035,-0.0065001285799581,0.0175714921686257,40.0,0.0,1538.0,0.0,0.0,0.0,0.0,0.0,,
48.5,4.874699736947566,0.073768042731443,8.356065769768025,0.0085792184992361,0.004855077387902,0.0234860883329641,40.0,0.0,1542.0,0.0,0.0,0.0,0.0,0.0,,
48.6,4.9286654081751164,0.120298220713686,8.480419342056187,0.0139587178186301,-0.0091883238760873,0.0124500531287728,40.0,0.0,1546.0,0.0,0.0,0.0,0.0,0.0,,
48.7,4.925795405582497,0.0103717734337253,8.4794720837926,0.0035224039642667,-0.0031622904312195,0.0071471318317052,40.0,0.0,1550.0,0.0,0.0,0.0,0.0,0.0,,
48.8,5.191717708634327,0.1678174528422827,8.59608239999988,-0.0035553952602387,-0.0108924082822832,0.0145530055823775,40.0,0.0,1554.0,0.0,0.0,0.0,0.0,0.0,,
48.900000000000006,5.086407018879468,0.2409006013626473,8.37511211722996,-0.0012954865536034,-0.0183948416252543,0.0010752889393912,40.0,0.0,1558.0,0.0,0.0,0.0,0.0,0.0,,
49.0,5.104485576586916,-0.0499743068842296,8.561781180405468,-0.0009050310599781,0.0012405702822156,-0.0064769138981566,40.0,0.0,1562.0,0.0,0.0,0.0,0.0,0.0,1562.0204538265698,-0.9383485335005877
49.1,4.967781417445084,-0.4286703956351084,8.437674787401047,-0.0153047324371514,0.0100599451654681,0.0127740735276451,40.0,0.0,1566.0,0.0,0.0,0.0,0.0,0.0,,
49.2,5.025000647294911,0.2481509340739069,8.32337173300162,0.0184736319791555,0.0073219156426038,0.0026344471278105,40.0,0.0,1570.0,0.0,0.0,0.0,0.0,0.0,,
49.3,5.125343022077441,-0.1459440268617451,8.342032086896195,-0.005085897232397,-0.0072897770806401,-0.0055655764276025,40.0,0.0,1574.0,0.0,0.0,0.0,0.0,0.0,,
49.400000000000006,5.138462460064298,-0.0188281600554747,8.518584956378877,-0.0047035136641368,-0.0202060330054851,0.0077005735839142,40.0,0.0,1578.0,0.0,0.0,0.0,0.0,0.0,,
49.5,4.668161753687032,0.0097048930871797,8.260461955300423,0.020872759992308,0.0071136272217472,0.0060575379127148,40.0,0.0,1582.0,0.0,0.0,0.0,0.0,0.0,,
49.6,5.1445560016482,-0.1069473966198603,8.54723111792586,0.0029981043371871,0.0006402008133367,0.0177235350010676,40.0,0.0,1586.0,0.0,0.0,0.0,0.0,0.0,,
49.7,5.06487381541697,0.0633085494237534,8.2174760956911,-0.0086004629527946,-0.0032270893359572,0.0059337237427665,40.0,0.0,1590.0,0.0,0.0,0.0,0.0,0.0,,
49.8,4.78546944129891,0.3817515013367631,8.693168319413381,0.0070211832039248,-0.0012796313871625,0.0028779103009884,40.0,0.0,1594.0,0.0,0.0,0.0,0.0,0.0,,
49.900000000000006,4.812212230996664,0.0316220777778293,8.504372092146758,-0.0114176057548162,0.0013417641724489,0.0034474095117525,40.0,0.0,1598.0,0.0,0.0,0.0,0.0,0.0,,
50.0,3.80280346253394,-0.1090577516169252,8.903668381112105,0.0198768765734019,0.0035655312453375,-0.0083548156909989,40.0,0.0,1602.0,0.0,-1.0000000000000142,-1.0000000000000142,0.0,0.0,1596.3385170317983,-1.6825812910614362
50.1,3.2958546358437437,-0.2120955983407548,9.62811286920842,-0.0037112465181787,-0.0029363618873917,0.0182579664754219,39.8,0.0,1605.98,0.0,-2.0000000000000284,-2.0000000000000284,0.0,0.0,,
50.2,3.02987465714346,-0.1895677277669487,9.378169312173458,0.0113837885101931,-0.0171934607547684,-0.0233215559811056,39.6,0.0,1609.94,0.0,-2.0000000000000284,-2.0000000000000284,0.0,0.0,,
50.3,3.155275363669748,0.102761119986638,9.645748473586185,-0.0036316136208539,-0.00611426607116,0.0165390073425574,39.39999999999999,0.0,1613.88,0.0,-2.0000000000000284,-2.0000000000000284,0.0,0.0,,
50.400000000000006,2.942487937476846,-0.0382781162774513,9.494272794614082,0.0054921872128503,-0.0070980669319088,0.0053444101170584,39.19999999999999,0.0,1617.8000000000002,0.0,-1.9999999999999571,-1.9999999999999571,0.0,0.0,,
50.5,2.8497000894192106,-0.0787372618500772,9.533735518008491,-0.0088229403425467,-0.001410157784104,0.0094687250080269,39.0,0.0,1621.7000000000005,0.0,-1.9999999999999571,-1.9999999999999571,0.0,0.0,,
50.6,3.1715668123024328,0.0455695656494856,9.321299326332667,-0.0010661127969604,0.0041021616958922,0.0065697296096843,38.8,0.0,1625.5800000000004,0.0,-2.0000000000000284,-2.0000000000000284,0.0,0.0,,
50.7,3.134969501996508,0.0536324606436189,9.572900679720853,-0.0194994127857747,0.0095907406495589,0.0016374526131892,38.6,0.0,1629.4400000000005,0.0,-2.0000000000000284,-2.0000000000000284,0.0,0.0,,
50.8,3.286772682417132,0.1995870385467841,9.25995815654079,-0.0060944100242754,-0.004885486958757,-0.0028375352112442,38.39999999999999,0.0,1633.2800000000002,0.0,-2.0000000000000284,-2.0000000000000284,0.0,0.0,,
50.900000000000006,3.48318967880668,-0.1085158140740189,9.382377194202292,0.0030438903160297,-0.0140214952607608,0.0010431928824373,38.19999999999999,0.0,1637.1,0.0,-1.9999999999999571,-1.9999999999999571,0.0,0.0,,
51.0,3.270567181618685,-0.0299290606573766,9.451701182290332,-0.0042933211244837,-0.0171447030918076,0.0082159321133923,38.0,0.0,1640.9,0.0,-1.9999999999999571,-1.9999999999999571,0.0,0.0,1639.529141933893,-3.2091090768864756
51.1,3.486189153178184,0.0227602446175157,9.499498828712492,0.0079272275511685,-0.0146933049654669,0.022025146581296,37.8,0.0,1644.68,0.0,-2.0000000000000284,-2.0000000000000284,0.0,0.0,,
51.2,3.253298511894518,0.2647785348633663,9.35575426179676,0.0191806192255782,0.0057515549403478,0.0105304008585235,37.6,0.0,1648.44,0.0,-2.0000000000000284,-2.0000000000000284,0.0,0.0,,
51.3,3.25805286058407,-0.0172792927111674,9.64578895989644,0.0024035986984804,-0.0216706970358715,-0.00617186461707,37.39999999999999,0.0,1652.18,0.0,-2.0000000000000284,-2.0000000000000284,0.0,0.0,,
51.400000000000006,3.195072329602247,0.0664998474748332,9.45722093779034,0.0131897078979366,-0.0215110186403862,0.0064358793650516,37.19999999999999,0.0,1655.9,0.0,-1.9999999999999571,-1.9999999999999571,0.0,0.0,,
51.5,2.9502523086230856,0.1339568443226252,9.451540403959024,0.0051960997202411,-0.0106388296058976,0.0177946493165775,37.0,0.0,1659.6,0.0,-1.9999999999999571,-1.9999999999999571,0.0,0.0,,
51.6,3.379207892039925,0.1075316454517831,9.446281624095842,0.0067985728529513,-0.0090689256798734,0.0135555565902071,36.8,0.0,1663.2800000000002,0.0,-2.0000000000000284,-2.0000000000000284,0.0,0.0,,
51.7,3.4703713265796856,0.1805915839968779,9.356268840654248,0.004614173172731,-0.0149314154375864,0.0107239031117567,36.6,0.0,1666.9400000000005,0.0,-2.0000000000000284,-2.0000000000000284,0.0,0.0,,
51.8,3.2905397043604783,-0.2604724509298246,9.291441634538504,-0.0018313889674376,-0.0050085974714082,-0.007094769354188,36.39999999999999,0.0,1670.5800000000004,0.0,-2.0000000000000284,-2.0000000000000284,0.0,0.0,,
51.900000000000006,3.2812960018339865,0.0577210413410768,9.436568841328546,-0.0065579150015836,0.0084870712641656,0.0215540711308829,36.19999999999999,0.0,1674.2000000000005,0.0,-1.9999999999999571,-1.9999999999999571,0.0,0.0,,
52.0,3.1504149698541783,-0.0718250375732231,9.539390360937125,-0.0025802937974698,-0.0033939720066323,0.0123965315172467,36.0,0.0,1677.8000000000002,0.0,-1.9999999999999571,-1.9999999999999571,0.0,0.0,1677.1548571533363,1.6162034272581536
52.1,2.936545779305004,0.2177453487279003,9.47661128977476,-0.0031149314456218,-0.0028923415422144,0.0046242935502051,35.8,0.0,1681.38,0.0,-2.0000000000000284,-2.0000000000000284,0.0,0.0,,
52.2,2.963268996914359,0.2442407341179853,9.471908055965953,0.0054300213044737,0.0075154977057404,-0.005211624575603,35.599999999999994,0.0,1684.94,0.0,-2.0000000000000284,-2.0000000000000284,0.0,0.0,,
52.3,3.2939699772863817,-0.020146163634819,9.592724827407832,-0.0202722742035149,-0.0029909430024126,-0.0010282065578396,35.39999999999999,0.0,1688.48,0.0,-2.0000000000000284,-2.0000000000000284,0.0,0.0,,
52.400000000000006,3.287788635026282,0.0905066281052303,9.35956532690202,-0.0061217386417604,-0.0031066536855732,-0.003966422273152,35.19999999999999,0.0,1692.0,0.0,-1.9999999999999571,-1.9999999999999571,0.0,0.0,,
52.5,3.3492467467489777,-0.0353810800671169,9.029660978227078,-0.002748220566218,-0.0123854382084397,-0.0113127581546094,35.0,0.0,1695.5,0.0,-1.9999999999999571,-1.9999999999999571,0.0,0.0,,
52.6,3.037335196697712,0.0364112707749455,9.665005335362594,0.0041318447386498,-0.0080650338821573,0.009559041951707,34.8,0.0,1698.98,0.0,-2.0000000000000284,-2.0000000000000284,0.0,0.0,,
52.7,3.154085645898249,-0.0841900553744716,9.292554810890412,-0.0165182880675171,-0.0058992370655944,0.0065805348992013,34.599999999999994,0.0,1702.44,0.0,-2.0000000000000284,-2.0000000000000284,0.0,0.0,,
52.8,3.208455641928864,-0.0423950391921037,9.323847302020845,0.0070824619168496,-0.0151713191994658,0.0127602791384347,34.39999999999999,0.0,1705.88,0.0,-2.0000000000000284,-2.0000000000000284,0.0,0.0,,
52.900000000000006,3.07261663959215,-0.0928652856029552,9.245691432532972,-0.0040140214688563,0.0077531245847797,0.0101562808844395,34.19999999999999,0.0,1709.3000000000002,0.0,-1.9999999999999571,-1.9999999999999571,0.0,0.0,,
53.0,3.369712509235364,0.0983213818900903,9.300158736845768,-0.0023078922432755,-0.0098019912911746,0.0183057490403904,34.0,0.0,1712.7000000000005,0.0,-1.9999999999999571,-1.9999999999999571,0.0,0.0,1720.2447436048426,0.6983112513273558
53.1,3.043430895467151,0.1540546534083666,9.599652291641677,0.0192962020171608,-0.0060968659262949,0.0121232215958016,33.8,0.0,1716.0800000000004,0.0,-2.0000000000000284,-2.0000000000000284,0.0,0.0,,
53.2,3.565196967911924,-0.0726462515400545,9.235453173995506,-0.0178001003390776,0.0051271202886133,-0.0138315020805858,33.599999999999994,0.0,1719.4400000000005,0.0,-2.0000000000000284,-2.0000000000000284,0.0,0.0,,
53.3,3.1671013344904093,0.0855969780558441,9.493485541649846,0.0052544486418417,0.0002228985580085,0.0177886581331339,33.39999999999999,0.0,1722.7800000000002,0.0,-2.0000000000000284,-2.0000000000000284,0.0,0.0,,
53.400000000000006,3.0801017353203397,-0.0815492707687796,9.3498102943347,0.0093019181186261,0.0070039858839506,0.009512253193185,33.19999999999999,0.0,1726.1,0.0,-1.9999999999999571,-1.9999999999999571,0.0,0.0,,
53.5,3.400473242464648,-0.1567061301064571,9.715792827857994,0.0162323862171225,0.0053562199724574,0.0228179890877106,33.0,0.0,1729.4,0.0,-1.9999999999999571,-1.9999999999999571,0.0,0.0,,
53.6,2.974455711279432,-0.0586672204393977,9.355413692023069,0.0082147932375734,-0.0125014073960214,0.0125749514933748,32.8,0.0,1732.68,0.0,-2.0000000000000284,-2.0000000000000284,0.0,0.0,,
53.7,3.4285296140306047,0.1242804350125999,9.508271864674583,-0.0088787334090074,-0.0104685096612536,0.0174961890529666,32.599999999999994,0.0,1735.94,0.0,-2.0000000000000284,-2.0000000000000284,0.0,0.0,,
53.8,3.3398515430168976,0.0141470720933683,9.403022779260477,-0.0192580787311137,-0.0127085241868443,0.0241141908713972,32.39999999999999,0.0,1739.18,0.0,-2.0000000000000284,-2.0000000000000284,0.0,0.0,,
53.900000000000006,3.030880856780789,0.0484219731831621,9.616825807104604,-0.0115492266800229,-0.0001528952521891,0.0143791553751065,32.19999999999999,0.0,1742.4,0.0,-1.9999999999999571,-1.9999999999999571,0.0,0.0,,
54.0,3.2248240907172465,0.4502604583500152,9.215419322293595,0.0115872852988387,-0.0037280173739646,0.0127192015483667,32.0,0.0,1745.6,0.0,-1.9999999999999571,-1.9999999999999571,0.0,0.0,1746.630201562891,-0.29778366306466886
54.1,3.2891452651859843,-0.0899734295664994,9.50005866999426,-0.0175790145139828,0.0040324750057139,0.0079815846599052,31.8,0.0,1748.7800000000002,0.0,-2.0000000000000284,-2.0000000000000284,0.0,0.0,,
54.2,3.318748217727563,0.1787177487630725,9.520852187156816,0.0024808941979827,-0.0108106833666129,-0.0021222076364905,31.599999999999994,0.0,1751.9400000000005,0.0,-2.0000000000000284,-2.0000000000000284,0.0,0.0,,
54.3,3.400959385457697,0.2354503108558967,9.429992645678553,0.0014600274725327,-0.0110461437499376,0.0167275684526744,31.39999999999999,0.0,1755.0800000000004,0.0,-2.0000000000000284,-2.0000000000000284,0.0,0.0,,
54.400000000000006,3.322761715984925,0.3111826154695624,9.333960749548362,-0.0027800789901821,0.0003144592252557,0.0114648953772577,31.19999999999999,0.0,1758.2000000000005,0.0,-1.9999999999999571,-1.9999999999999571,0.0,0.0,,
54.5,3.190599046799014,-0.110944163568055,9.59792034046386,0.0082113536254558,-0.0111627410056372,0.0185544280110549,31.0,0.0,1761.3000000000002,0.0,-1.9999999999999571,-1.9999999999999571,0.0,0.0,,
54.6,3.398478998810588,0.0401444745871689,9.477648890481763,0.006540577711159,-0.0106170307025625,0.0053003147916408,30.8,0.0,1764.38,0.0,-2.0000000000000284,-2.0000000000000284,0.0,0.0,,
54.7,2.9000916607397205,0.1514683468254403,9.23148522775908,0.0160341982842899,-0.0053012009396645,0.0028833301806882,30.599999999999994,0.0,1767.44,0.0,-2.0000000000000284,-2.0000000000000284,0.0,0.0,,
54.8,3.128789106518422,-0.0232058310883114,9.678488912897564,-0.0238780865653507,0.0107696538608818,0.008380234811017,30.39999999999999,0.0,1770.48,0.0,-2.0000000000000284,-2.0000000000000284,0.0,0.0,,
54.900000000000006,3.0418959452525764,-0.1412968589573857,9.717168165206555,-0.0084550687994273,-0.0135335051059595,0.0163731454236472,30.19999999999999,0.0,1773.5,0.0,-1.9999999999999571,-1.9999999999999571,0.0,0.0,,
55.0,3.273732123874046,-0.1206888364804598,9.498202957436016,-0.0092575268364027,0.009008213984226,0.0156137096487313,30.0,0.0,1776.5,0.0,-1.9999999999999571,-1.9999999999999571,0.0,0.0,1768.8249151388038,-0.10605550179686751
55.1,3.302750122254389,0.0742491591870524,9.729887429855465,0.0009968632738822,-0.013818741254208,0.009494739128323,29.8,0.0,1779.48,0.0,-2.0000000000000284,-2.0000000000000284,0.0,0.0,,
55.2,3.5358562498616646,-0.1322139239778778,9.41148979612126,0.0051644603810145,-0.0025390484900573,-0.0048230358037731,29.599999999999994,0.0,1782.44,0.0,-2.0000000000000284,-2.0000000000000284,0.0,0.0,,
55.3,3.391227870865668,0.3680061083025889,9.495128929978945,-0.00804068289736,-0.0174896052505347,0.0075797598122118,29.39999999999999,0.0,1785.38,0.0,-2.0000000000000284,-2.0000000000000284,0.0,0.0,,
55.400000000000006,3.3885307939285974,0.0912751619743072,9.465348634987496,-0.004892716517893,-0.0129216363271808,0.0133475132632488,29.19999999999999,0.0,1788.3000000000002,0.0,-1.9999999999999571,-1.9999999999999571,0.0,0.0,,
55.5,3.360014935638997,-0.2118594680036099,9.704185057852426,0.00674071220894,0.0119959464514579,-0.0084212774848511,29.0,0.0,1791.2000000000005,0.0,-1.9999999999999571,-1.9999999999999571,0.0,0.0,,
55.6,3.018075569118782,-0.0023453964650945,9.54112687515964,0.0189636082292696,0.0050607891381513,0.0025731872318796,28.8,0.0,1794.0800000000004,0.0,-2.0000000000000284,-2.0000000000000284,0.0,0.0,,
55.7,3.0689938112812136,0.2045000859078725,9.321003397262752,0.0172846855477232,-0.004843846496065,0.0209058207261785,28.599999999999994,0.0,1796.9400000000005,0.0,-2.0000000000000284,-2.0000000000000284,0.0,0.0,,
55.8,3.324788885939989,-0.0005493234163687,9.38779975535144,-0.0024090787734607,0.0022831669237523,0.0057715649621771,28.39999999999999,0.0,1799.7800000000002,0.0,-2.0000000000000284,-2.0000000000000284,0.0,0.0,,
55.900000000000006,3.133877481220853,-0.0048447115476448,9.477495765583196,-0.0202873409441481,0.0025816811478869,-0.004797212247168,28.19999999999999,0.0,1802.6,0.0,-1.9999999999999571,-1.9999999999999571,0.0,0.0,,
56.0,3.0499493319502973,-0.2331016520666065,9.19662533644514,-0.0125544750311228,-0.0090902095763049,0.0245325913752656,28.0,0.0,1805.4,0.0,-1.9999999999999571,-1.9999999999999571,0.0,0.0,1805.6409208397642,9.852968449941145
56.1,3.144067241046817,0.0466625159402047,9.525781419101309,0.0023106518621584,-0.0027744346072599,-0.0069529376359924,27.8,0.0,1808.18,0.0,-2.0000000000000284,-2.0000000000000284,0.0,0.0,,
56.2,3.440588324672979,0.2910794965456827,9.213310407006956,-0.0092402859088637,-0.00479810342377,-0.0046453779491019,27.599999999999994,0.0,1810.94,0.0,-2.0000000000000284,-2.0000000000000284,0.0,0.0,,
56.3,3.298844025449477,-0.0892408303609919,9.790467621296347,0.0129054859434359,0.0001257403063221,0.0152698626331973,27.39999999999999,0.0,1813.68,0.0,-2.0000000000000284,-2.0000000000000284,0.0,0.0,,
56.400000000000006,3.3888342560847557,-0.0645921232087364,9.343276624444028,0.0017814306296964,0.0066163612449794,0.0063906039865341,27.19999999999999,0.0,1816.4,0.0,-1.9999999999999571,-1.9999999999999571,0.0,0.0,,
56.5,2.986399720102509,-0.1004236665926263,9.454613281586168,0.0002433439567416,0.017725421767898,-0.0088598794239899,27.0,0.0,1819.1,0.0,-1.9999999999999571,-1.9999999999999571,0.0,0.0,,
56.6,3.2987875787064787,0.2433669662492434,9.80642667293878,-0.0030439742318396,0.0029142945272019,0.0106976035719864,26.8,0.0,1821.78,0.0,-2.0000000000000284,-2.0000000000000284,0.0,0.0,,
56.7,3.252271452164091,0.005173219814104,9.531105519550366,-0.0243224608521968,0.0048206949006263,0.0062617790366196,26.599999999999994,0.0,1824.4400000000005,0.0,-2.0000000000000284,-2.0000000000000284,0.0,0.0,,
56.8,3.189577957914358,0.3270293293579336,9.364469108306777,-0.0030307598906503,0.0179155330220473,-0.0033206130484985,26.39999999999999,0.0,1827.0800000000004,0.0,-2.0000000000000284,-2.0000000000000284,0.0,0.0,,
56.900000000000006,3.140431899990678,-0.0020538135146274,9.591819383444756,0.0030780250735331,-0.0149262534715226,-0.0003216856312718,26.19999999999999,0.0,1829.7000000000005,0.0,-1.9999999999999571,-1.9999999999999571,0.0,0.0,,
57.0,3.131846027449327,0.0084168432165431,9.5295857599198,0.0051820575588797,-0.019760117540484,0.0156394098756085,26.0,0.0,1832.3,0.0,-1.9999999999999571,-1.9999999999999571,0.0,0.0,1831.5305561408754,1.2061893693344499
57.1,3.260834519330591,0.2276798071390859,9.53233896021896,0.0120132295773576,0.0026654531145012,0.0184622575620274,25.8,0.0,1834.88,0.0,-2.0000000000000284,-2.0000000000000284,0.0,0.0,,
57.2,3.301286787833764,0.0053127130335643,9.806574419192392,0.0098903712227989,0.0037374442100441,-0.0077630441653833,25.599999999999994,0.0,1837.44,0.0,-2.0000000000000284,-2.0000000000000284,0.0,0.0,,
57.3,3.029703049811567,0.063907322321278,9.487537390790596,-0.0051412256500831,-0.0005901730038793,0.0208862692804359,25.39999999999999,0.0,1839.98,0.0,-2.0000000000000284,-2.0000000000000284,0.0,0.0,,
57.400000000000006,3.3272595636137035,-0.1511512764629107,9.448982887053882,-0.0070496648085256,-0.0058769991640856,0.0008638433437035,25.19999999999999,0.0,1842.5,0.0,-1.9999999999999571,-1.9999999999999571,0.0,0.0,,
57.5,3.151302355040558,-0.1682703057960092,9.446561008897596,-0.0046060763684731,-0.0312944869000226,0.0255297202450166,25.0,0.0,1845.0,0.0,-1.9999999999999571,-1.9999999999999571,0.0,0.0,,
57.6,3.3862646405635983,-0.0364451087387494,9.468532068586448,-0.0107165434731756,0.0149572287781086,0.0239728869477311,24.8,0.0,1847.48,0.0,-2.0000000000000284,-2.0000000000000284,0.0,0.0,,
57.7,3.2464532516680764,0.1735295966278016,9.492002227965449,-0.0123672543887593,-0.0061182336896365,0.0063192796677195,24.599999999999994,0.0,1849.94,0.0,-2.0000000000000284,-2.0000000000000284,0.0,0.0,,
57.8,3.154767034619581,-0.0127979916152553,9.451999277498992,0.0001912150213453,-0.0014774150950251,-0.005606050663966,24.39999999999999,0.0,1852.38,0.0,-2.0000000000000284,-2.0000000000000284,0.0,0.0,,
57.900000000000006,3.1153967700619685,-0.1726876398549954,9.612381543578254,-0.0200564694184032,0.0095359034331692,0.0188634939726284,24.19999999999999,0.0,1854.8,0.0,-1.9999999999999571,-1.9999999999999571,0.0,0.0,,
58.0,3.1776221043837656,-0.3704705631740947,9.41151262683023,0.0003581583871118,-0.0121059821992891,-0.0001521839380824,24.0,0.0,1857.2000000000005,0.0,-1.9999999999999571,-1.9999999999999571,0.0,0.0,1857.0611529211794,-4.674712150478128
58.1,3.4524784722606,0.1197390743452611,9.327024593968645,-0.0149759916959543,-0.0052701731760977,0.0028654322064956,23.8,0.0,1859.5800000000004,0.0,-2.0000000000000284,-2.0000000000000284,0.0,0.0,,
58.2,3.297379070535595,-0.0602975068851488,9.542434147429638,0.0203515404006022,0.0061550102244426,0.0045191149266922,23.599999999999994,0.0,1861.9400000000005,0.0,-2.0000000000000284,-2.0000000000000284,0.0,0.0,,
58.3,3.1954766217731034,-0.0335009701269806,9.642805347993182,-0.005273134459513,-0.0015477729100001,0.0055119790188108,23.39999999999999,0.0,1864.28,0.0,-2.0000000000000284,-2.0000000000000284,0.0,0.0,,
58.400000000000006,3.147681563509429,-0.1858698321826151,9.514155386667976,0.0003899602814461,0.0030024046943656,-0.0003360030643916,23.19999999999999,0.0,1866.6,0.0,-1.9999999999999571,-1.9999999999999571,0.0,0.0,,
58.5,3.406072387253116,-0.1115160671817767,9.722515253728009,-0.0164763650982826,0.0023477006455689,0.0097543068252662,23.0,0.0,1868.9,0.0,-1.9999999999999571,-1.9999999999999571,0.0,0.0,,
58.6,3.1036156322399653,0.0836590906791518,9.657637011589385,-0.0211681883935406,0.0030274480749081,-0.0199327082033007,22.8,0.0,1871.18,0.0,-2.0000000000000284,-2.0000000000000284,0.0,0.0,,
58.7,3.0780994719026165,0.2643749547351418,9.378441906116551,-0.0107387996440897,-0.0039793772898468,0.0256790633816355,22.599999999999994,0.0,1873.44,0.0,-2.0000000000000284,-2.0000000000000284,0.0,0.0,,
58.8,2.9481968553501936,-0.1376964867459016,9.690323963602305,0.0195770234353773,-0.0030343122429028,-0.0073905270252664,22.39999999999999,0.0,1875.68,0.0,-2.0000000000000284,-2.0000000000000284,0.0,0.0,,
58.900000000000006,3.537325717702533,0.2591663587623795,9.567551259289658,-0.0071240234893742,-0.0024902934083803,0.0033963991895516,22.19999999999999,0.0,1877.9,0.0,-1.9999999999999571,-1.9999999999999571,0.0,0.0,,
59.0,3.272576888123496,0.2376502157197004,9.597621767295934,-0.0097737607698475,0.0117649645001953,0.0081313214001315,22.0,0.0,1880.1,0.0,-1.9999999999999571,-1.9999999999999571,0.0,0.0,1884.67129125806,3.0077321307470966
59.1,3.326009061809935,0.2399811288917904,9.298972173698326,0.0006417442129353,-0.0073145455135921,-0.0106785942536545,21.8,0.0,1882.28,0.0,-2.0000000000000284,-2.0000000000000284,0.0,0.0,,
59.2,3.2749556890718354,0.3967334827376635,9.189697549449496,0.0006771938895052,0.0044054293507477,0.0062307820165618,21.599999999999994,0.0,1884.4400000000005,0.0,-2.0000000000000284,-2.0000000000000284,0.0,0.0,,
59.3,3.2059799845537365,-0.1748824545168736,9.500627222566385,-0.0065676397701592,-0.0238992170497855,0.0169459222051373,21.39999999999999,0.0,1886.5800000000004,0.0,-2.0000000000000284,-2.0000000000000284,0.0,0.0,,
59.400000000000006,3.366707065407465,0.0277491465276619,9.50007041435618,0.0117431801271556,0.0002433965677808,0.0140401755476131,21.19999999999999,0.0,1888.7000000000005,0.0,-1.9999999999999571,-1.9999999999999571,0.0,0.0,,
59.5,3.1783268623000813,0.2167975607860919,9.513827070015228,0.0029405194360587,-0.0147006108871203,0.007869558543017,21.0,0.0,1890.8,0.0,-1.9999999999999571,-1.9999999999999571,0.0,0.0,,
59.6,3.0981559548069297,-0.0757424089792741,9.34340286687794,-0.0096623493189922,0.0192477140301696,0.018313390619884,20.8,0.0,1892.88,0.0,-2.0000000000000284,-2.0000000000000284,0.0,0.0,,
59.7,3.511004317752737,-0.1634342529333345,9.476397273611994,-0.0119350762520409,-0.0089569487719706,-0.0041812698341657,20.599999999999994,0.0,1894.94,0.0,-2.0000000000000284,-2.0000000000000284,0.0,0.0,,
59.8,3.408886793397332,-0.0394344517152639,9.625966111179462,0.0070412088958851,0.0210363875210478,-0.0097944422313972,20.39999999999999,0.0,1896.98,0.0,-2.0000000000000284,-2.0000000000000284,0.0,0.0,,
59.900000000000006,3.411834178399179,0.1919661305601091,9.31970238542127,0.0110713333647315,0.0013614496302622,0.0027252374004659,20.19999999999999,0.0,1899.0,0.0,-1.9999999999999571,-1.9999999999999571,0.0,0.0,,
60.0,3.099358869385359,-0.0878664177173778,9.773181025493212,0.0010068281895748,0.0058213000153145,-0.0029089938166755,20.0,0.0,1901.0,0.0,-1.9999999999999571,-1.9999999999999571,0.0,0.0,1904.1641277881722,-3.6375498191789557
60.1,3.105971250497852,0.1822977213874913,9.26327277939263,-0.0031521376790527,-0.0016597258892776,0.0061137260184005,19.8,0.0,1902.98,0.0,-2.0000000000000284,-2.0000000000000284,0.0,0.0,,
60.2,3.196085199678674,0.0793729671643884,9.569637574498032,0.0083463754545933,-0.0118580380866782,0.002158449020712,19.599999999999994,0.0,1904.94,0.0,-2.0000000000000284,-2.0000000000000284,0.0,0.0,,
60.3,3.402163621712638,0.1541970781360808,9.2597802934032,0.004514799003522,-0.0217822524937481,0.0054693490206036,19.39999999999999,0.0,1906.88,0.0,-2.0000000000000284,-2.0000000000000284,0.0,0.0,,
60.400000000000006,3.5076142449430554,-0.1221839075903479,9.340560754301586,0.0086402978157285,-0.0174280151520964,-0.0013275502988503,19.19999999999999,0.0,1908.8,0.0,-1.9999999999999571,-1.9999999999999571,0.0,0.0,,
60.5,3.3124153630684217,-0.0751428771534104,9.430313713043676,0.0084418571031503,0.0022154608353656,0.007668183962954,19.0,0.0,1910.7000000000005,0.0,-1.9999999999999571,-1.9999999999999571,0.0,0.0,,
60.6,3.172080850540592,0.0755091672903433,9.447149309110396,0.0055780560992578,-0.0069693202511797,0.0031743102562045,18.8,0.0,1912.5800000000004,0.0,-2.0000000000000284,-2.0000000000000284,0.0,0.0,,
60.7,3.0744555235482958,0.0147488584990646,9.344059081581031,-0.0101404645016199,0.0005866114785538,0.0071273977585766,18.599999999999994,0.0,1914.4400000000005,0.0,-2.0000000000000284,-2.0000000000000284,0.0,0.0,,
60.8,3.3403802526733832,-0.0446688354362648,9.526917138150871,0.0065079757227366,0.0024477380783159,-0.0032565368280214,18.39999999999999,0.0,1916.28,0.0,-2.0000000000000284,-2.0000000000000284,0.0,0.0,,
60.900000000000006,3.245353714771837,0.0746210444081992,9.466785981161514,-0.0198647765837108,-0.0003951037602651,0.0271253103939724,18.19999999999999,0.0,1918.1,0.0,-1.9999999999999571,-1.9999999999999571,0.0,0.0,,
61.0,3.1689433021176114,-0.0892115646782981,9.521711495082034,0.0041237821046657,0.0099273516541641,-0.0075786815590888,18.0,0.0,1919.9,0.0,-1.9999999999999571,-1.9999999999999571,0.0,0.0,1925.5111772437444,-5.6074042511691236
61.1,3.3326562303173466,0.1085633091877195,9.444387230584278,0.0043868731792168,0.0082945748159835,0.0137231538002845,17.799999999999997,0.0,1921.68,0.0,-2.0000000000000284,-2.0000000000000284,0.0,0.0,,
61.2,3.0514962956200384,0.1430237280133226,9.45600592037048,0.0017287409801551,-0.001268030089983,0.0034975701120174,17.599999999999994,0.0,1923.44,0.0,-2.0000000000000284,-2.0000000000000284,0.0,0.0,,
61.3,3.401705316997157,0.0074423060226181,9.297777291867884,-0.0029352985596972,-0.0002130528318952,0.0172921478429705,17.39999999999999,0.0,1925.18,0.0,-2.0000000000000284,-2.0000000000000284,0.0,0.0,,
61.400000000000006,3.313413395173484,-0.1075802918120565,9.838487698627157,0.0036477531097797,0.0107539073799901,0.0034828556642277,17.19999999999999,0.0,1926.9,0.0,-1.9999999999999571,-1.9999999999999571,0.0,0.0,,
61.5,3.302953079136976,0.1459202756777607,9.648438417888462,0.0115736830537822,0.0067219700007297,0.0018491326880589,17.0,0.0,1928.6,0.0,-1.9999999999999571,-1.9999999999999571,0.0,0.0,,
61.6,3.137187286137688,0.0698911265486296,9.60567842197652,-0.001227207007766,0.0086517196571438,0.0195261674548617,16.799999999999997,0.0,1930.28,0.0,-2.0000000000000284,-2.0000000000000284,0.0,0.0,,
61.7,3.0855010545700847,-0.1055381055694419,9.44465295228956,0.0040761266818919,-0.0072456701376705,0.0185220267886714,16.599999999999994,0.0,1931.9400000000005,0.0,-2.0000000000000284,-2.0000000000000284,0.0,0.0,,
61.8,3.286559221658865,0.0259170572361109,9.25032278254508,-0.012158158164275,0.000810092502818,-0.0163259562615483,16.39999999999999,0.0,1933.5800000000004,0.0,-2.0000000000000284,-2.0000000000000284,0.0,0.0,,
61.900000000000006,3.3748448038777696,-0.003723076655848,9.952173156564534,0.0240791625061611,-0.0038144906924751,0.0039366299746868,16.19999999999999,0.0,1935.2000000000005,0.0,-1.9999999999999571,-1.9999999999999571,0.0,0.0,,
62.0,3.3722864195314632,0.2754758914877057,9.220004852509922,-0.0168637546535468,-0.0082203480555438,0.0108273758317386,16.0,0.0,1936.8,0.0,-1.9999999999999571,-1.9999999999999571,0.0,0.0,1939.1474283752011,8.761822503239914
62.1,3.297480231007237,0.1804657182475775,9.285754581870563,-0.0221614386296887,0.0065801419530214,-0.0032819627296523,15.799999999999995,0.0,1938.38,0.0,-2.0000000000000284,-2.0000000000000284,0.0,0.0,,
62.2,2.920176012772802,0.0417595618939072,9.58468556435816,-0.0002205713212127,-0.0065784838618248,0.0034063776785409,15.599999999999994,0.0,1939.94,0.0,-2.0000000000000284,-2.0000000000000284,0.0,0.0,,
62.3,3.16736177807098,-0.182207066791025,9.358507109576797,0.0062127990501381,0.001216785413765,0.0066805980596682,15.399999999999991,0.0,1941.48,0.0,-2.0000000000000284,-2.0000000000000284,0.0,0.0,,
62.400000000000006,3.073676920153152,-0.00722547432035,9.139149454158895,0.0027847666388538,0.0122885770781356,-0.009741321320421,15.199999999999989,0.0,1943.0,0.0,-1.9999999999999571,-1.9999999999999571,0.0,0.0,,
62.5,3.1350600414334955,0.0693660168065194,9.653635606289448,-0.0034822461630014,-0.0089225032926589,-0.0146892314241608,15.0,0.0,1944.5,0.0,-1.9999999999999571,-1.9999999999999571,0.0,0.0,,
62.6,3.2384649118273137,0.3263114060215616,9.50731298042006,0.0007772102081628,0.0012208231076698,0.0048890799605139,14.799999999999995,0.0,1945.98,0.0,-2.0000000000000284,-2.0000000000000284,0.0,0.0,,
62.7,3.1009970365920783,0.1434919873516557,9.499573439592124,0.0011761325193365,-0.0117536602727825,0.0180350793193475,14.599999999999994,0.0,1947.44,0.0,-2.0000000000000284,-2.0000000000000284,0.0,0.0,,
62.8,3.322654604231064,-0.0629381256050952,9.61598293917765,-0.003975708383852,-0.0098200349251103,-0.0025970311748028,14.399999999999991,0.0,1948.88,0.0,-2.0000000000000284,-2.0000000000000284,0.0,0.0,,
62.900000000000006,2.957288909467945,0.0907313570627308,9.191037479374572,-0.0112844383126576,-0.0227558800907853,0.004139303072091,14.199999999999989,0.0,1950.3,0.0,-1.9999999999999571,-1.9999999999999571,0.0,0.0,,
63.0,3.200401123390378,-0.0290044319779546,9.309322556924736,-0.0107223375343664,0.0026436986354657,-0.0005055193170848,14.0,0.0,1951.7000000000005,0.0,-1.9999999999999571,-1.9999999999999571,0.0,0.0,1947.7378546994778,-2.2651909184110877
63.1,3.270402940661519,-0.1127873029186333,9.49286862254102,0.0140327803731606,0.0038616580039278,0.0008758618178351,13.799999999999995,0.0,1953.0800000000004,0.0,-2.0000000000000284,-2.0000000000000284,0.0,0.0,,
63.2,3.2615290379844866,-0.0160997761795319,9.466891238829568,-0.002256110521485,-0.0036433520588539,0.0071209335307417,13.599999999999994,0.0,1954.4400000000005,0.0,-2.0000000000000284,-2.0000000000000284,0.0,0.0,,
63.3,3.073945387493805,-0.1323818240484967,9.25742782805068,-0.015002711045037,-0.0141728269222047,0.0065946250680412,13.399999999999991,0.0,1955.78,0.0,-2.0000000000000284,-2.0000000000000284,0.0,0.0,,
63.400000000000006,3.089031065107376,0.0970421696346644,9.470916273438208,-0.0186850421343805,0.0045497558422168,0.013107986455917,13.199999999999989,0.0,1957.1,0.0,-1.9999999999999571,-1.9999999999999571,0.0,0.0,,
63.5,3.0738697912059307,0.0830287314342487,9.337234475513943,0.0019767037674833,-0.0146449840695496,-0.0129310645253457,13.0,0.0,1958.4,0.0,-1.9999999999999571,-1.9999999999999571,0.0,0.0,,
63.6,3.165526613989152,0.0014406580587745,9.40605725708317,-0.0108403055822255,-0.0059989906213113,0.0076929475258073,12.799999999999995,0.0,1959.68,0.0,-2.0000000000000284,-2.0000000000000284,0.0,0.0,,
63.7,3.216215237912717,0.047375154589882,9.365191931057224,0.0127171791471615,-0.0137617333655478,0.0098756029708671,12.599999999999994,0.0,1960.94,0.0,-2.0000000000000284,-2.0000000000000284,0.0,0.0,,
63.8,3.400232856375092,0.0921362139123343,9.435330577065637,-0.0042829704666297,0.0083608765104625,-0.0092297492526167,12.399999999999991,0.0,1962.18,0.0,-2.0000000000000284,-2.0000000000000284,0.0,0.0,,
63.900000000000006,3.0774305533742123,-0.0396336648237582,9.651357274752124,0.0047976763604089,-0.0116804575851024,0.0018969229461509,12.199999999999989,0.0,1963.4,0.0,-1.9999999999999571,-1.9999999999999571,0.0,0.0,,
64.0,3.1308007208166533,-0.0864683488350302,9.612542644908876,-0.012717431292635,0.0140878085573437,0.0132822969018462,12.0,0.0,1964.6,0.0,-2.0000000000000284,-2.0000000000000284,0.0,0.0,1964.9986054603505,-2.013902616464797
64.10000000000001,3.3865784430216523,-0.0494409268037887,9.443218103263494,-0.0133315181452471,-0.007246624070668,0.0099365484764315,11.799999999999985,0.0,1965.78,0.0,-2.0000000000000284,-2.0000000000000284,0.0,0.0,,
64.2,3.41735865169843,-0.1460735225203677,9.4108833205775,-0.0005129922023252,-0.0159578920219248,0.010913492417584,11.599999999999994,0.0,1966.9400000000005,0.0,-1.9999999999998863,-1.9999999999998863,0.0,0.0,,
64.3,3.1143506426697063,-0.0093085526765535,9.397916805338578,-0.0068933850571967,-0.0020704498548055,0.0028439042143197,11.400000000000006,0.0,1968.0800000000004,0.0,-2.0000000000000284,-2.0000000000000284,0.0,0.0,,
64.4,3.167170510089297,-0.0892692432520514,9.513637911742803,0.0175361726849228,-0.0006011276716087,0.0149611821491112,11.199999999999989,0.0,1969.2000000000005,0.0,-2.0000000000000284,-2.0000000000000284,0.0,0.0,,
64.5,3.014415903658078,0.0436642158940654,9.3011039632797,-0.013769249275319,-0.0093937140745903,0.0169189933441357,11.0,0.0,1970.3,0.0,-2.0000000000000284,-2.0000000000000284,0.0,0.0,,
64.60000000000001,3.365451566731545,0.0564507083081599,9.23580412714187,-0.0009628065138793,0.0010170000890173,0.0067553622957859,10.799999999999985,0.0,1971.38,0.0,-2.0000000000000284,-2.0000000000000284,0.0,0.0,,
64.7,2.9463801549091087,-0.1135476772029807,9.45609754650298,0.0063629090951719,-0.0239612782109994,0.0033787602452014,10.599999999999994,0.0,1972.44,0.0,-1.9999999999998863,-1.9999999999998863,0.0,0.0,,
64.8,3.2444065079129403,0.1474417982774319,9.569637848760976,0.006825713188088,-0.0099994050670193,-0.014080021371233,10.400000000000006,0.0,1973.48,0.0,-2.0000000000000284,-2.0000000000000284,0.0,0.0,,
64.9,3.163991278871888,0.170244773781284,9.674727390254024,0.0081054910229778,0.0022934082280173,0.0087963964838596,10.199999999999989,0.0,1974.5,0.0,-2.0000000000000284,-2.0000000000000284,0.0,0.0,,
65.0,4.0055567842014925,0.0004909559669569,9.216069639999269,-0.0084255800579187,0.0141477879070985,0.0017797184550794,10.0,0.0,1975.5,0.0,-0.9999999999999432,-0.9999999999999432,0.0,0.0,1969.2973462757354,0.2742518992241093
65.10000000000001,5.153814816364261,-0.1910222514246307,8.553594841300043,-0.0063677013594762,-0.0161526719192418,0.0071853404241094,10.0,0.0,1976.5,0.0,0.0,0.0,0.0,0.0,,
65.2,5.106420768289395,-0.1067412157890244,8.240856817056585,8.155235665044868e-05,-0.0028743532877718,0.0104831962755449,10.0,0.0,1977.5,0.0,0.0,0.0,0.0,0.0,,
65.3,5.097439185704673,0.0110877228091258,8.744034708344484,0.0032423474453529,-0.0054642650600689,-0.0111156735910282,10.0,0.0,1978.5,0.0,0.0,0.0,0.0,0.0,,
65.4,4.915601071952574,-0.0304580418116704,8.609754930567565,0.0056248362406685,-0.0137936912163261,0.0067225438641103,10.0,0.0,1979.5,0.0,0.0,0.0,0.0,0.0,,
65.5,5.055729675759357,0.2492047039081749,8.598834806237454,0.0086084665431147,-0.0013991400538483,0.0088831200542344,10.0,0.0,1980.5,0.0,0.0,0.0,0.0,0.0,,
65.60000000000001,5.142425735105923,-0.1799166096219474,8.413293312042802,-0.0067256874875624,0.0017915311872612,0.0173022217565078,10.0,0.0,1981.5,0.0,0.0,0.0,0.0,0.0,,
65.7,4.865453856991838,-0.3385456551204157,8.403876099371674,0.010134737320174,0.0033762990294987,0.0092818624781057,10.0,0.0,1982.5,0.0,0.0,0.0,0.0,0.0,,
65.8,4.913001004718828,-0.1718546104329679,8.543003359369015,-0.0073428181003462,0.0198409673338045,0.0107050720835451,10.0,0.0,1983.5,0.0,0.0,0.0,0.0,0.0,,
65.9,4.867902754616907,-0.0717077871082942,8.451767580133307,-0.0013950192202174,0.0091683377552995,0.0068641616974404,10.0,0.0,1984.5,0.0,0.0,0.0,0.0,0.0,,
66.0,4.84525523916372,0.3035661027733674,8.473105460853379,0.0086883967596889,-0.0080822650744475,0.0086311562774452,10.0,0.0,1985.5,0.0,0.0,0.0,0.0,0.0,1981.2507851450955,1.8943697225407263
66.10000000000001,5.001666498671479,-0.2634473938144229,8.768000477694441,0.0139064446092254,-0.0059719531614598,-0.0060226974045585,10.0,0.0,1986.5,0.0,0.0,0.0,0.0,0.0,,
66.2,5.007134242070532,0.0330046549121594,8.51905955340983,0.0029157739619408,0.0030624098930592,0.019473056993918,10.0,0.0,1987.5,0.0,0.0,0.0,0.0,0.0,,
66.3,5.040215480769296,-0.1374483248364911,8.670093639032213,0.0174061456348828,0.0295205673451208,-0.0062349403323959,10.0,0.0,1988.5,0.0,0.0,0.0,0.0,0.0,,
66.4,4.991432301972541,-0.292314805478348,8.548681584582226,-0.0044820029816677,0.0172344579482495,-0.0027461497001858,10.0,0.0,1989.5,0.0,0.0,0.0,0.0,0.0,,
66.5,4.70162254430491,-0.0506895611053779,8.169386045442774,0.0085109945450731,-0.0226508304625632,0.0052845758118315,10.0,0.0,1990.5,0.0,0.0,0.0,0.0,0.0,,
66.60000000000001,4.64332822702157,-0.0280446706804962,8.712215934496026,0.0046064789143579,-0.0106349360496493,0.0046879651106091,10.0,0.0,1991.5,0.0,0.0,0.0,0.0,0.0,,
66.7,4.9577025308066665,0.0908945518765108,8.26068045663322,0.0069256727384733,-0.0290439163160277,-0.0012988455236381,10.0,0.0,1992.5,0.0,0.0,0.0,0.0,0.0,,
66.8,4.881758923632267,0.1149990239106857,8.469103839026875,-0.0130556305385628,-0.0118499312581701,0.006986800095474,10.0,0.0,1993.5,0.0,0.0,0.0,0.0,0.0,,
66.9,4.943139898720316,-0.0668686164453619,8.393584142698549,0.0079616799715928,-0.0071769257286921,0.0041190875597092,10.0,0.0,1994.5,0.0,0.0,0.0,0.0,0.0,,
67.0,5.280490488212081,-0.1935523955325884,8.187932801389147,0.008835896647986,-0.008786430612941,0.0018176247225737,10.0,0.0,1995.5,0.0,0.0,0.0,0.0,0.0,1991.8223030630647,6.199737620070158
67.10000000000001,4.8378265432803325,-0.0189700211151268,8.705489927939796,0.0090212845861811,0.0066222351188697,-0.0091622705579264,10.0,0.0,1996.5,0.0,0.0,0.0,0.0,0.0,,
67.2,4.782326939517069,-0.405861798922814,8.344302087962932,0.0105670318638565,0.0031694651574837,0.0027848673704787,10.0,0.0,1997.5,0.0,0.0,0.0,0.0,0.0,,
67.3,4.951654957442291,-0.0833328313863108,8.496423043485613,0.0086587827948061,-0.0181588678741047,0.0079964768783734,10.0,0.0,1998.5,0.0,0.0,0.0,0.0,0.0,,
67.4,5.094865230643199,-0.0422650433445054,8.570814302943432,0.0291465444447255,-0.0030434279298689,0.0089330705000532,10.0,0.0,1999.5,0.0,0.0,0.0,0.0,0.0,,
67.5,4.84429143745079,0.0471876743903075,8.53474995487269,0.0029484234027013,-0.0121969531970885,0.0070636177132545,10.0,0.0,2000.5,0.0,0.0,0.0,0.0,0.0,,
67.60000000000001,5.174329390807645,0.087295364677179,8.610007289486122,-0.0013701197001262,0.0054990023942371,0.0077926783821652,10.0,0.0,2001.5,0.0,0.0,0.0,0.0,0.0,,
67.7,4.812363390546914,0.0677781507198311,8.316954711609299,-0.0053288027488479,-0.0001067169270762,0.0079724427338012,10.0,0.0,2002.5,0.0,0.0,0.0,0.0,0.0,,
67.8,4.776615130238429,0.1780978656774314,8.551510152870415,-0.0060472843561088,-0.0173758479644917,0.0035509542091856,10.0,0.0,2003.5,0.0,0.0,0.0,0.0,0.0,,
67.9,4.888108442920825,0.0369710685579534,8.41124171195201,-0.01907456860745,-0.0058834693830115,0.0019438088893168,10.0,0.0,2004.5,0.0,0.0,0.0,0.0,0.0,,
68.0,5.050049153716108,-0.0847299511916574,8.71751041213123,-0.0181164055065175,0.0111116749780262,0.0027568102912189,10.0,0.0,2005.5,0.0,0.0,0.0,0.0,0.0,2002.3669868306552,-1.2882460648227023
68.10000000000001,5.083937730851533,0.0319702226088099,8.636642541529165,-0.0028736196455281,-0.0129862042517781,0.0192050428727106,10.0,0.0,2006.5,0.0,0.0,0.0,0.0,0.0,,
68.2,4.937977903117678,0.0532337710436315,8.650921998232064,-0.0093195524209443,0.0039549089763925,-0.0008989475646289,10.0,0.0,2007.5,0.0,0.0,0.0,0.0,0.0,,
68.3,4.935174596653344,0.0308418448076433,8.240675931908305,-0.0067883704282043,0.0115107289241313,0.0138619118858479,10.0,0.0,2008.5,0.0,0.0,0.0,0.0,0.0,,
68.4,4.945604063400914,0.0564685187769339,8.421572835279877,0.0145658338582798,-0.0040035257779416,0.0073184209213484,10.0,0.0,2009.5,0.0,0.0,0.0,0.0,0.0,,
68.5,5.126904521621309,-0.0966057227268859,8.69952758879988,-0.0143046140974337,0.0142964213111279,0.0012732441604802,10.0,0.0,2010.5,0.0,0.0,0.0,0.0,0.0,,
68.60000000000001,4.918595187826207,-0.2635015256774414,8.39749000351869,-0.0093980653102688,-0.0080764634537347,0.0036268903421112,10.0,0.0,2011.5,0.0,0.0,0.0,0.0,0.0,,
68.7,5.098668742170935,0.0511405027100938,8.511860709135512,-0.0099551938884556,-0.0108075408960273,0.0229872501835131,10.0,0.0,2012.5,0.0,0.0,0.0,0.0,0.0,,
68.8,4.844719844785512,0.2684312378085943,8.429250031293215,0.001022879361435,0.0087036516022992,0.0177189242193865,10.0,0.0,2013.5,0.0,0.0,0.0,0.0,0.0,,
68.9,4.938378115958136,-0.0382364580282308,8.457321143847013,0.0043795752823211,0.0069130368686975,0.0050422985899415,10.0,0.0,2014.5,0.0,0.0,0.0,0.0,0.0,,
69.0,5.047832944703472,0.2657539598406411,8.522905652965063,0.0041165285600477,-0.0171891082509006,-0.0213073013682906,10.0,0.0,2015.5,0.0,0.0,0.0,0.0,0.0,2018.7540688694787,-4.923457265735821
69.10000000000001,5.013256359384524,0.0057763653078691,8.388491809888134,0.0034353020418634,-0.002604037291969,0.0162778025063389,10.0,0.0,2016.5,0.0,0.0,0.0,0.0,0.0,,
69.2,4.967916630238846,-0.0920384927605251,8.614234146969238,-0.001171310749462,0.003265366836723,0.0002258929380719,10.0,0.0,2017.5,0.0,0.0,0.0,0.0,0.0,,
69.3,4.857525967175384,0.0326252345278544,8.467633507656897,0.0057982703536683,-0.0046864575330974,-0.0133635978377039,10.0,0.0,2018.5,0.0,0.0,0.0,0.0,0.0,,
69.4,4.890083917461741,0.1390727700715723,8.421102799238879,-0.0014638340251454,0.0078637650590593,-0.0021197322725892,10.0,0.0,2019.5,0.0,0.0,0.0,0.0,0.0,,
69.5,4.723579517263564,-0.0040946679288241,8.393083118438035,-0.0086624631975325,-0.0037537845589869,0.0099150564724678,10.0,0.0,2020.5,0.0,0.0,0.0,0.0,0.0,,
69.60000000000001,4.953606715764827,0.0660471609029356,8.737720365902659,-0.0024287886155756,0.0007834863464466,-9.213362599134502e-05,10.0,0.0,2021.5,0.0,0.0,0.0,0.0,0.0,,
69.7,4.828046042016953,-0.0677361480126654,8.393895425397092,0.0045947579754712,0.0214907578670075,-0.0021604343627584,10.0,0.0,2022.5,0.0,0.0,0.0,0.0,0.0,,
69.8,4.89250620415768,0.0105315480333127,8.525079038431807,0.0036355081195478,0.0108409579394811,-0.019263920705352,10.0,0.0,2023.5,0.0,0.0,0.0,0.0,0.0,,
69.9,4.596960519470648,-0.0543817258015223,8.630304239256901,-0.0146564803160559,-0.0320763233969375,0.010711794062192,10.0,0.0,2024.5,0.0,0.0,0.0,0.0,0.0,,
70.0,4.991548583555407,-0.1435312610199144,8.317878271017205,0.0262091478435398,-0.0008946468252605,0.0591968260459771,10.0,0.0069813170079773,2025.4999756307052,0.0069812602979615,0.0,0.0,0.0,0.0,,
70.10000000000001,5.029109587846327,-0.4081939994356586,8.337181431356175,0.024646045430776,-0.0045634067837249,0.0600795012229058,10.0,0.0139626340159546,2026.499878154715,0.0209434406371068,0.0,0.0,0.0,0.0,,
70.2,5.0746765669843645,-0.2589005157490086,8.472532932574959,0.0414899492720036,0.0165664743656195,0.0606423190968725,10.0,0.0209439510239319,2027.4996588381896,0.0418858605204637,0.0,0.0,0.0,0.0,,
70.3,5.003668790652877,-0.2505794188843547,8.106915780478392,0.0443543287977035,-0.0020556029364807,0.0772451057057914,10.0,0.0279252680319092,2028.4992689532296,0.0698074992440326,0.0,0.0,0.0,0.0,,
70.4,4.7489895666545365,0.0979853209293128,8.746031887206923,0.0401036411234592,0.0007658150559104,0.0655455396160507,10.0,0.0349065850398865,2029.498659780249,0.1047069959465336,0.0,0.0,0.0,0.0,,
70.5,4.719367781431112,0.2233359403565522,8.374080565154586,0.0409514176037167,-0.0176303430657125,0.0536653821627294,10.0,0.0418879020478639,2030.497782610348,0.1465826496757332,0.0,0.0,0.0,0.0,,
70.60000000000001,5.170263109883335,-0.0320953433436764,8.683700532531727,0.0351242784493014,-0.0204189777295785,0.0743806548051244,10.0,0.0488692190558412,2031.4965887476892,0.1954324194713465,0.0,0.0,0.0,0.0,,
70.7,4.866516152336658,0.1248033220275565,8.469490841256357,0.0204754027604578,-0.0003570523462943,0.0874222102293352,10.0,0.0558505360638185,2032.4950295118715,0.2512539244645103,0.0,0.0,0.0,0.0,,
70.8,5.028947968777168,0.0113723370491805,8.62701072141888,0.0380132696919176,9.53423026279431e-05,0.0545437270862162,10.0,0.0628318530717958,2033.4930562403,0.3140444439938237,0.0,0.0,0.0,0.0,,
70.9,4.990077203868439,0.1753165124625417,8.34029988831034,0.050151543252356,-0.0029170602414512,0.0565822836924218,10.0,0.0698131700797731,2034.4906202905595,0.383800917737949,0.0,0.0,0.0,0.0,,
71.0,5.104644811538035,-0.0230191353607403,8.579636444248262,0.0329889987173012,-0.002598261435299,0.0703955808511501,10.0,0.0767944870877505,2035.4876730427864,0.4605199458647676,0.0,0.0,0.0,0.0,,
71.10000000000001,4.9986345586385,-0.2793297670677607,8.297522650111187,0.0452006848877947,-0.0033213658890154,0.060222665780093,10.0,0.0837758040957278,2036.484165902036,0.5441977891970831,0.0,0.0,0.0,0.0,,
71.2,4.751213897711378,-0.1419604481913772,8.162439415131052,0.0348937778528712,-0.0079843758058104,0.0557940998979541,10.0,0.0907571211037051,2037.480050300652,0.6348303693948631,0.0,0.0,0.0,0.0,,
71.3,4.944781486224806,0.0745955946279107,8.779688900956836,0.0207877508442544,0.0095938104330052,0.0751909944179579,10.0,0.0977384381116824,2038.4752777006336,0.7324132691540126,0.0,0.0,0.0,0.0,,
71.4,4.838136089093494,0.0504853931879046,8.397064223724703,0.0377634708440739,0.0130913101340455,0.0715160411341204,10.0,0.1047197551196597,2039.4697995960016,0.836941732421666,0.0,0.0,0.0,0.0,,
71.5,5.031291255985016,-0.0445463979931963,8.243100711386695,0.0338219029344825,0.0100660815486391,0.0501883002419107,10.0,0.111701072127637,2040.4635675151624,0.9484106646279916,0.0,0.0,0.0,0.0,,
71.60000000000001,4.796736594773495,0.0389401604351102,8.318010993398255,0.0279813505687344,-0.0062359858172817,0.0518038047659057,10.0,0.1186823891356143,2041.456533023269,1.0668146329344923,0.0,0.0,0.0,0.0,,
71.7,4.808881723067544,0.1255141875180963,8.2696037437907,0.0199278636949382,-0.0083002497953389,0.0727795338329057,10.0,0.1256637061435917,2042.4486477245837,1.1921478664987968,0.0,0.0,0.0,0.0,,
71.8,4.925461728800466,-0.0496871617173427,8.472363030752685,0.01844951071129,0.0029470565377503,0.0692943291218437,10.0,0.132645023151569,2043.439863264835,1.324404256755919,0.0,0.0,0.0,0.0,,
71.9,4.893603728885641,0.1708886767694624,8.296584796282389,0.0471856749724222,-0.0004550633440474,0.0620944529090255,10.0,0.1396263401595463,2044.4301313335768,1.4635773577159843,0.0,0.0,0.0,0.0,,
72.0,4.952018954694752,0.0039102851283587,8.648751645588003,0.0251397937651764,-0.0096251923914659,0.075823007728532,10.0,0.1466076571675237,2045.41940366654,1.6096603862783962,0.0,0.0,0.0,0.0,,
72.10000000000001,4.8656697597224206,0.1550799615997387,8.720624608576651,0.0318886347704702,0.004813623265753,0.0539230559944086,10.0,0.153588974175501,2046.4076320479865,1.7626462225624344,0.0,0.0,0.0,0.0,,
72.2,5.068209994710171,0.049913597898015,8.536664953449378,0.0294508643195326,-0.0186108341556717,0.0704924994553023,10.0,0.1605702911834783,2047.394768313059,1.922527410254269,0.0,0.0,0.0,0.0,,
72.3,4.645489527128081,-0.0276025738363802,8.606886491088341,0.0378255623986169,0.0174834264478981,0.075711070333625,10.0,0.1675516081914556,2048.380764350129,2.089296156970372,0.0,0.0,0.0,0.0,,
72.4,4.856915241751163,0.0240970069777158,8.45860360574368,0.0200848174064253,-0.0114039891648435,0.0598523697380086,10.0,0.174532925199433,2049.365572103142,2.2629443346373024,0.0,0.0,0.0,0.0,,
72.5,4.649566924571609,0.0271240202377464,8.42834843442739,0.0191776460267708,0.0020421286527733,0.0726187062547168,10.0,0.1815142422074103,2050.349143573955,2.4434634798878623,0.0,0.0,0.0,0.0,,
72.60000000000001,4.989055171829732,-0.0286102262813455,8.554425533888123,0.0427087886446534,0.0010740356971968,0.0572138563034596,10.0,0.1884955592153876,2051.331430824684,2.630844794473587,0.0,0.0,0.0,0.0,,
72.7,4.996490114826677,0.1993220976238218,8.376214852333586,0.0568859784312109,-0.0072563093398538,0.0657840489412086,10.0,0.195476876223365,2052.312385980033,2.825079145693559,0.0,0.0,0.0,0.0,,
72.8,4.854127160599049,0.0534906253880391,8.204375957230054,0.0304461670517193,-0.0129212120034856,0.0668133622867301,10.0,0.2024581932313423,2053.2919612296323,3.026157066839524,0.0,0.0,0.0,0.0,,
72.9,5.104167106326336,0.1169009280671827,8.109960306996511,0.0563272815691653,0.0009527994062086,0.0576949874028772,10.0,0.2094395102393196,2054.270108830366,3.2340687576572837,0.0,0.0,0.0,0.0,,
73.0,4.97856918784864,0.0464284733754038,8.36568190358261,0.0378857517133073,-0.008074722876203,0.061416358880907,10.0,0.2164208272472969,2055.2467811087004,3.448804084824346,0.0,0.0,0.0,0.0,,
73.10000000000001,4.852058129636736,-0.1949006934609479,8.487584681657653,0.0417595794050499,0.0031488359607637,0.0736592313341596,10.0,0.2234021442552743,2056.2219304630057,3.670352582443814,0.0,0.0,0.0,0.0,,
73.2,5.00365103150223,-0.0599088247325355,8.591658790790023,0.0223314096414672,-0.0110067138251248,0.0558179780935748,10.0,0.2303834612632516,2057.195509365879,3.8987034525544697,0.0,0.0,0.0,0.0,,
73.3,5.117008408870896,0.1614182771210113,8.538804996682094,0.0466258836920045,-0.0107928278241198,0.068945930006417,10.0,0.2373647782712289,2058.1674703664576,4.13384556565706,0.0,0.0,0.0,0.0,,
73.4,4.936223835742525,0.147032315582737,8.448425576242515,0.0320571561557857,0.0034090851856099,0.0742216704797196,10.0,0.2443460952792062,2059.1377660927337,4.375767461256728,0.0,0.0,0.0,0.0,,
73.5,4.854748220772979,0.0108386492971435,8.306943116079097,0.0109259748649571,4.596314137289906e-06,0.0715490323703536,10.0,0.2513274122871836,2060.1063492538624,4.624457348421583,0.0,0.0,0.0,0.0,,
73.60000000000001,4.994310021363008,-0.272434257663155,8.413081796613874,0.0137231074393757,0.0116970110765418,0.0545994329866264,10.0,0.2583087292951609,2061.073172642467,4.879903106357373,0.0,0.0,0.0,0.0,,
73.7,5.143310541418984,0.1618804465526218,8.330620658244936,0.0245787355272091,0.0015037021638633,0.0570167384359765,10.0,0.2652900463031382,2062.0381891369398,5.142092284998238,0.0,0.0,0.0,0.0,,
73.8,4.9703726963237305,-0.0524241386210377,8.1985354489555,0.0136019048486419,0.0002668424849459,0.059844401344501,10.0,0.2722713633111155,2063.001351703737,5.411012105613504,0.0,0.0,0.0,0.0,,
73.9,4.872036527462879,0.1243795758640678,8.641725552620212,0.0331811378262684,-0.0054059870690986,0.0704614091389461,10.0,0.2792526803190929,2063.962613399676,5.686649461430504,0.0,0.0,0.0,0.0,,
74.0,4.751459664545063,0.0534729582121545,8.548492106898669,0.0427088871240628,-0.0213675270250246,0.0578464261097178,10.0,0.2862339973270702,2064.921927374216,5.968990918273381,0.0,0.0,0.0,0.0,,
74.10000000000001,4.823260512076479,0.0349830431613819,8.537820898090542,0.0508736891143464,-0.0069496548036807,0.0604842538247151,10.0,0.2932153143350475,2065.8792468717475,6.2580227152178525,0.0,0.0,0.0,0.0,,
74.2,5.127450802831811,0.0644865407795457,8.655856937803541,0.0387938650699849,-0.0135711661871327,0.0521286952600292,10.0,0.3001966313430249,2066.83452523387,6.553730765261899,0.0,0.0,0.0,0.0,,
74.3,4.72227316264116,0.1193077752137709,8.643998734588397,0.0544002064537503,0.0064310533232324,0.0770883645831571,10.0,0.3071779483510022,2067.787715901663,6.856100656012344,0.0,0.0,0.0,0.0,,
74.4,4.867997550101946,-0.1534623725115785,8.593221110987978,0.0400833925622805,-0.000925556256591,0.0693336936141371,10.0,0.3141592653589795,2068.738772417958,7.165117650387291,0.0,0.0,0.0,0.0,,
74.5,5.00347782236873,0.2125725289780342,8.659957048847888,0.04134878856329,0.0064580287256292,0.070600604332055,10.0,0.3211405823669568,2069.687648429602,7.480766687334394,0.0,0.0,0.0,0.0,,
74.60000000000001,4.885824540194807,0.133484701236971,8.256534950796455,0.0464455005628454,-0.0139452293976603,0.0683180116757546,10.0,0.3281218993749342,2070.6342976897186,7.803032382564905,0.0,0.0,0.0,0.0,,
74.7,4.828226906236075,0.103008347461164,8.460620427236158,0.0199590254582532,0.0022069963101847,0.0596807710394801,10.0,0.3351032163829115,2071.578674059956,8.131899029303488,0.0,0.0,0.0,0.0,,
74.8,5.087172008122004,0.020198853310161,8.525022358933551,0.0263308954897344,-0.0078933223142736,0.0608735924467964,10.0,0.3420845333908888,2072.520731512743,8.467350599053743,0.0,0.0,0.0,0.0,,
74.9,5.083505372036383,0.2716065631708234,8.344933448363914,0.0466750664864633,-0.023696774177257,0.0535180847968843,10.0,0.3490658503988662,2073.460424133529,8.809370742379413,0.0,0.0,0.0,0.0,,
75.0,4.811183231571983,-0.1828763034161083,8.228170952657209,0.0400365741612645,-0.0041406769772786,0.0692540327838583,10.0,0.3560471674068435,2074.397706123021,9.157942789701227,0.0,0.0,0.0,0.0,,
75.10000000000001,5.058570902918226,0.05984254897588,8.564373687547901,0.0352112621774638,-0.0138699338830574,0.0760381206160152,10.0,0.3630284844148208,2075.332531799417,9.513049752109364,0.0,0.0,0.0,0.0,,
75.2,4.86663318008283,-0.1203394448143638,8.439021529754685,0.0267784758469214,-0.0061743038198943,0.0689005180234419,10.0,0.3700098014227981,2076.264855600633,9.874674322191456,0.0,0.0,0.0,0.0,,
75.3,5.007251260886918,-0.1146745099638443,8.392553405183033,0.046649915087589,0.0029640011773394,0.0862106292012926,10.0,0.3769911184307755,2077.1946320865213,10.242798874876136,0.0,0.0,0.0,0.0,,
75.4,5.132019226061228,0.1916439602839908,8.257528928556974,0.0435451885562208,-0.0025310680169691,0.0599501607724247,10.0,0.3839724354387528,2078.121815941088,10.617405468292048,0.0,0.0,0.0,0.0,,
75.5,4.980202301079879,0.1617817301917225,8.540833949775976,0.0271218470264659,0.0054245891359262,0.0590841033870476,10.0,0.3909537524467301,2079.0463619747006,10.99847584464232,0.0,0.0,0.0,0.0,,
75.60000000000001,4.987502467844642,-0.0255025101215701,8.432879273365002,0.0435690147902916,-0.0124019371981589,0.0849119295505766,10.0,0.3979350694547074,2079.9682251262893,11.385991431094425,0.0,0.0,0.0,0.0,,
75.7,4.681837089605825,-0.0696501524882285,8.521240994616607,0.0417497267042396,-0.003004757205717,0.0648860717777918,10.0,0.4049163864626848,2080.8873604655446,11.779933340685377,0.0,0.0,0.0,0.0,,
75.8,5.0165825127991415,-0.014660421618652,8.674686399815581,0.0443000761822026,0.0067282435100563,0.0557984115741031,10.0,0.4118977034706621,2081.8037231951066,12.180282373242273,0.0,0.0,0.0,0.0,,
75.9,4.943091736339143,-0.0250698923081055,8.314869004771925,0.0395082268793442,-0.0073764575777981,0.0720140171063096,10.0,0.4188790204786394,2082.717268652749,12.587019016318072,0.0,0.0,0.0,0.0,,
76.0,4.794471265565849,0.2778560919262731,8.331259312336536,0.0380996084118909,0.0059185931038806,0.0597535745058061,10.0,0.4258603374866168,2083.6279523135554,13.000123446142617,0.0,0.0,0.0,0.0,,
76.10000000000001,5.082870296514942,-0.1643775396700624,8.68352686600273,0.0360480776895441,-0.0079641140796887,0.0624681610835329,10.0,0.4328416544945941,2084.535729792088,13.419575528588792,0.0,0.0,0.0,0.0,,
76.2,5.076337890408907,-0.0676682937775657,8.353305557711929,0.0336912190640492,-0.0137696211276996,0.0836654178872254,10.0,0.4398229715025714,2085.440556844554,13.845354820153863,0.0,0.0,0.0,0.0,,
76.3,4.870040811317791,0.1447425179270605,8.497129723672511,0.0260612445350669,-0.0020595470921272,0.0733000066009147,10.0,0.4468042885105487,2086.342389370959,14.277440568955848,0.0,0.0,0.0,0.0,,
76.4,4.926760799737053,0.1989669418776541,8.618936520042626,0.0450957335864698,-0.0065965677227299,0.0546615543299923,10.0,0.4537856055185261,2087.2411834172585,14.715811715744923,0.0,0.0,0.0,0.0,,
76.5,4.86296185919558,0.049436141100008,8.5475772181552,0.0141908709922821,-0.0020811320161175,0.0670408710610391,10.0,0.4607669225265034,2088.136895177498,15.160446894929851,0.0,0.0,0.0,0.0,,
76.60000000000001,4.913368361552666,0.2136910758523818,8.528976222262976,0.0490085041206955,-0.0041596052035023,0.0748347537328765,10.0,0.4677482395344807,2089.02948099595,15.611324435619284,0.0,0.0,0.0,0.0,,
76.7,5.200259959179127,0.2167540173908991,8.301887972111036,0.0333698242644627,-0.0054516470544979,0.0703525241585705,10.0,0.4747295565424581,2089.918897369241,16.06842236267798,0.0,0.0,0.0,0.0,,
76.80000000000001,5.057953033252179,-0.1058339011038604,8.475884988212886,0.0157073117183252,0.0124194500580188,0.0603362364010403,10.0,0.4817108735504354,2090.8051009484725,16.53171839779784,0.0,0.0,0.0,0.0,,
76.9,4.963379590976674,-0.0264474570982091,8.637613347377357,0.0075315206259127,-0.002166103423259,0.0644017912328302,10.0,0.4886921905584127,2091.688048541331,17.00118996058373,0.0,0.0,0.0,0.0,,
77.0,4.886954541861247,0.2789339818453449,8.33260979229698,0.0436245468122431,0.0015625278870608,0.0780751713331624,10.0,0.49567350756639,2092.567697114198,17.476814169654006,0.0,0.0,0.0,0.0,,
77.10000000000001,4.854921637283374,-0.0899453348685638,8.630119697246954,0.0401597981231876,-0.0174493734667675,0.0600669286631745,10.0,0.5026548245743674,2093.444003794242,17.95856784375572,0.0,0.0,0.0,0.0,,
77.2,5.012957398077209,0.1456646332319883,8.363824613146402,0.0067640251417171,0.0032322318573703,0.0532567719083675,10.0,0.5096361415823447,2094.316925871512,18.44642750289445,0.0,0.0,0.0,0.0,,
77.30000000000001,4.652399180281638,-0.4048488887476211,8.587806340155007,0.0371927595439362,-0.0042565638071225,0.0793502224374348,10.0,0.516617458590322,2095.186420801017,18.94036936947868,0.0,0.0,0.0,0.0,,
77.4,5.05059870245346,0.2624450064082875,8.256798890300296,0.0355610788003469,-0.0181671337494801,0.0631661554892526,10.0,0.5235987755982994,2096.052446204801,19.44036936947868,0.0,0.0,0.0,0.0,,
77.5,4.917707621934998,0.1139920455894606,8.47254379329663,0.0421406564226857,0.0050344013313889,0.0870092655816386,10.0,0.5305800926062767,2096.9149598740087,19.946403133599844,0.0,0.0,0.0,0.0,,
77.60000000000001,4.90770550170708,-0.1211534050999568,8.502621753422806,0.0278837847684911,0.0128196076843653,0.0626277984183549,10.0,0.537561409614254,2097.7739197709398,20.458445998470417,0.0,0.0,0.0,0.0,,
77.7,4.870163544818901,-0.0506973581726676,8.573471824646091,0.0343291152075717,-0.0084166682013038,0.0821134979840425,10.0,0.5445427266222314,2098.6292840311,20.97647300784355,0.0,0.0,0.0,0.0,,
77.80000000000001,4.826574523900737,0.025334911104949,8.56355513386688,0.0195932339357158,0.0028026050140592,0.0549089020530027,10.0,0.5515240436302087,2099.481010965243,21.500458913813628,0.0,0.0,0.0,0.0,,
77.9,5.0784174171251,-0.1243976517878464,8.569624565902675,0.0469649157028337,0.006614365256328,0.0679731452901882,10.0,0.558505360638186,2100.3290590614,22.03037817804683,0.0,0.0,0.0,0.0,,
78.0,4.920304858560544,-0.0664629364502265,8.68636441474791,0.0289116328382101,-0.0123706607356999,0.0721136681581355,10.0,0.5654866776461633,2101.1733869869017,22.56620497302583,0.0,0.0,0.0,0.0,,
78.10000000000001,4.835579479522025,-0.122509524619919,8.249168571799881,0.0310774866452814,-0.0028271502389649,0.0678908960844142,10.0,0.5724679946541407,2102.0139535903973,23.10791318330857,0.0,0.0,0.0,0.0,,
78.2,5.0976959366449215,0.099034688549869,8.437078378192368,0.0339246282760893,0.0031015746891518,0.0781856804370929,10.0,0.579449311662118,2102.850717903856,23.65547640680112,0.0,0.0,0.0,0.0,,
78.30000000000001,4.973947129922479,-0.0503696281315613,8.316779310962513,0.0214545323957643,0.0046626967204352,0.0712397640442028,10.0,0.5864306286700953,2103.6836391445663,24.20886795604446,0.0,0.0,0.0,0.0,,
78.4,5.041604528765999,0.0007010830471916,8.676749423009108,0.0310654000940384,0.007552692372072,0.0650725498579118,10.0,0.5934119456780726,2104.5126767171214,24.76806085951521,0.0,0.0,0.0,0.0,,
78.5,4.863747385298098,0.1088795460976642,8.527154628927944,0.0394763126325558,-0.001187215779438,0.0650810479906389,10.0,0.60039326268605,2105.3377902154,25.33302786294015,0.0,0.0,0.0,0.0,,
78.60000000000001,5.313255798930565,0.1976384967794259,8.574133245373172,0.0370245766219204,0.0080715720059666,0.0706399265717217,10.0,0.6073745796940273,2106.1589394245334,25.90374143062458,0.0,0.0,0.0,0.0,,
78.7,4.958930712916104,-0.0255346487898872,8.453571610475942,0.004202327681106,0.0001060083929764,0.0605752180067036,10.0,0.6143558967020046,2106.9760843228687,26.48017374679437,0.0,0.0,0.0,0.0,,
78.80000000000001,5.193900499742432,0.0229016106217631,8.2873646981951,0.0354077834986054,-0.012461210850625,0.0701940529649319,10.0,0.621337213709982,2107.7891850839155,27.062296716951664,0.0,0.0,0.0,0.0,,
78.9,4.998642104650922,0.1636759446662401,8.34707694237116,0.036246666002168,-0.0156502179542663,0.0724749266270544,10.0,0.6283185307179593,2108.5982020782903,27.650081969244138,0.0,0.0,0.0,0.0,,
79.0,5.032830677066017,0.0943707531541356,8.465952065828887,0.0400543139477744,0.0140433910830859,0.0626090362373871,10.0,0.6352998477259366,2109.403095875646,28.24350085584784,0.0,0.0,0.0,0.0,,
79.10000000000001,4.975796777556512,-0.1429189448772114,8.335470066885595,0.0368847179708196,0.009039335467019,0.0628971705652915,10.0,0.642281164733914,2110.2038272465948,28.842524454363424,0.0,0.0,0.0,0.0,,
79.2,4.919612520603181,-0.0410327866756562,8.385495710498697,0.0388562995969748,-0.0169725764517864,0.0782693745744745,10.0,0.6492624817418913,2111.000357164619,29.4471235692258,0.0,0.0,0.0,0.0,,
79.30000000000001,4.85518665528058,0.1282855228157212,8.275209421516264,0.0425949863453487,0.0047194460781449,0.0693019995278662,10.0,0.6562437987498686,2111.792646807974,30.057268733127067,0.0,0.0,0.0,0.0,,
79.4,4.805835721730031,0.0574322284397115,8.288250783415187,0.0333789524889247,0.0082941310095532,0.0734269980785146,10.0,0.6632251157578459,2112.5806575615807,30.67293020845273,0.0,0.0,0.0,0.0,,
79.5,4.9572774413810645,-0.1262209863884263,8.562547367951474,0.0361003974168668,-0.0252031559823042,0.0732862770709724,10.0,0.6702064327658233,2113.3643510189063,31.29407798873104,0.0,0.0,0.0,0.0,,
79.60000000000001,4.951365074919545,0.2003676871974608,8.301418633298924,0.0041395469079265,0.0007908385834518,0.068375615574627,10.0,0.6771877497738006,2114.143688983838,31.920681800095497,0.0,0.0,0.0,0.0,,
79.7,4.701399255859031,-0.1267749318799909,8.878991872683331,0.0328504788983485,0.0053095897637621,0.0589533805341234,10.0,0.6841690667817779,2114.918633472542,32.55271110276035,0.0,0.0,0.0,0.0,,
79.80000000000001,4.641454565172026,-0.0055387370193858,8.425868527082429,0.0319078026532028,-0.0031464083550639,0.0681026615242636,10.0,0.6911503837897552,2115.6891467153177,33.19013509250904,0.0,0.0,0.0,0.0,,
79.9,4.932482457311928,-0.1696009251921045,8.538636929859637,0.0164128674866623,-0.022503574572842,0.0728517837548229,10.0,0.6981317007977326,2116.4551911584367,33.83292270219558,0.0,0.0,0.0,0.0,,
80.0,5.031053040820303,0.0113906952388946,8.256391935412084,0.0288274756331458,-0.004627467476865,0.0495010391220661,10.0,0.7051130178057099,2117.216729465973,34.481042603258715,0.0,0.0,0.0,0.0,,
80.10000000000001,4.844145701296514,0.1178495507265019,8.679805015768727,0.031712237513301,0.0055648835431609,0.0463193781019325,10.0,0.7120943348136872,2117.973724521625,35.13446320724882,0.0,0.0,0.0,0.0,,
80.2,5.053917686167041,-0.1005922622091221,8.51181105363154,0.0334290608574894,0.0112041400978383,0.056715622324408,10.0,0.7190756518216646,2118.726139430521,35.7931526673675,0.0,0.0,0.0,0.0,,
80.30000000000001,5.049140944634273,-0.02192611949448,8.441963389423895,0.0340680461082944,-0.0104567310449411,0.0653189891487405,10.0,0.7260569688296419,2119.47393752102,36.45707888001974,0.0,0.0,0.0,0.0,,
80.4,4.945602766681726,0.0561860372610093,8.478384982979275,0.0438865305360089,0.0072350861604736,0.0549537455895292,10.0,0.7330382858376192,2120.217082346497,37.1262094863786,0.0,0.0,0.0,0.0,,
80.5,5.085315875088615,-0.1579504640664781,8.553887594346005,0.0421039728869152,-0.021113168916625,0.0663897712731013,10.0,0.7400196028455965,2120.955537687123,37.80051187396232,0.0,0.0,0.0,0.0,,
80.60000000000001,4.884725582995952,-0.0938147886903062,8.668337060730195,0.0293697936335123,-0.0100637692911804,0.0662169282078582,10.0,0.7470009198535739,2121.689267551626,38.47995317822384,0.0,0.0,0.0,0.0,,
80.7,5.057838461944762,-0.001247287901519,8.640664792975732,0.0412163416595274,-0.0237821131973143,0.0601653091727371,10.0,0.7539822368615512,2122.418236179048,39.16450028415253,0.0,0.0,0.0,0.0,,
80.80000000000001,4.870723685097245,0.0919041430144133,8.071986652669228,0.0613966821270638,0.0033102609489421,0.0669487468469841,10.0,0.7609635538695285,2123.142408040485,39.8541198278882,0.0,0.0,0.0,0.0,,
80.9,5.132235157462871,0.3715481079218937,8.596321207813606,0.0453947160046027,-0.0006930997553561,0.0640447212741377,10.0,0.7679448708775058,2123.861747840824,40.54877819834719,0.0,0.0,0.0,0.0,,
81.0,4.883630683399264,-0.1039167987571813,8.362657096170421,0.0224010253964567,-0.0027587145068502,0.0486133030355434,10.0,0.7749261878854832,2124.5762205204564,41.24844153886056,0.0,0.0,0.0,0.0,,
81.10000000000001,4.983637478621556,0.0145504087936487,8.487749505883349,0.0306852693396866,0.028768603701805,0.0790611378096104,10.0,0.7819075048934605,2125.285791256993,41.95307574882416,0.0,0.0,0.0,0.0,,
81.2,4.768318624987291,0.0549302131140347,8.374508289684746,0.0257617877728124,-0.0154007207112393,0.0697821457153998,10.0,0.7888888219014378,2125.9904254669564,42.66264648536068,0.0,0.0,0.0,0.0,,
81.30000000000001,4.852792964739563,0.1651739036037806,8.614776543304911,0.049645728892001,-0.010523867660741,0.0702136349147273,10.0,0.7958701389094152,2126.6900888074697,43.37711916499348,0.0,0.0,0.0,0.0,,
81.4,5.049868132496345,-0.0511267262655947,8.349943417516414,0.0520017916976463,0.0002749587573205,0.0718196563149246,10.0,0.8028514559173925,2127.3847471779286,44.09645896533213,0.0,0.0,0.0,0.0,,
81.5,4.83168859822581,-0.162892669978329,8.380291744951528,0.0346663711659866,-0.0126422000681734,0.0653615307213034,10.0,0.8098327729253698,2128.0743667216643,44.8206308267696,0.0,0.0,0.0,0.0,,
81.60000000000001,4.701724221789724,-0.1480071133704808,8.566345898366876,0.0419444902426655,-0.0059187676538686,0.0552823357170377,10.0,0.8168140899333471,2128.758913827593,45.54959945419101,0.0,0.0,0.0,0.0,,
81.7,4.800889467271098,-0.0359902368911971,8.56238698487214,0.0451890419533298,-0.0069653173548196,0.0539250545479594,10.0,0.8237954069413245,2129.4383551318547,46.28332931869389,0.0,0.0,0.0,0.0,,
81.80000000000001,4.995176545679949,-0.1035302455938774,8.387971315296165,0.0491593459442569,0.0062711542856576,0.0670397219303217,10.0,0.8307767239493018,2130.1126575194385,47.02178465931977,0.0,0.0,0.0,0.0,,
81.9,4.7642121498330905,0.0517094851205988,8.625107804743473,0.0321502483822312,0.0115111408998671,0.0783874317029893,10.0,0.8377580409572791,2130.781788125797,47.764929484797165,0.0,0.0,0.0,0.0,,
82.0,5.20455992482152,0.0657864689797029,8.553817966096247,0.0500484579231974,0.0024739393706897,0.0604476377299051,10.0,0.8447393579652565,2131.4457143384498,48.5127275752957,0.0,0.0,0.0,0.0,,
82.10000000000001,4.88771857452082,0.0557832430660608,8.272124997833412,0.0344739958862446,0.0089654711823025,0.0435474402961544,10.0,0.8517206749732338,2132.1044037985685,49.26514248419142,0.0,0.0,0.0,0.0,,
82.2,5.185172315269177,0.1883561328054739,8.396744518750774,0.0413404933186046,-0.0019685227309367,0.0777598824921941,10.0,0.8587019919812111,2132.7578244025585,50.02213753984318,0.0,0.0,0.0,0.0,,
82.30000000000001,5.10240247141549,-0.1900106084774513,8.553798573144972,0.0338503065034541,-0.001171674294819,0.0581782597981091,10.0,0.8656833089891884,2133.4059443036217,50.78367584737992,0.0,0.0,0.0,0.0,,
82.4,5.2172205603681245,0.1760092729853863,8.3547435365294,0.0225604789707842,-0.0058567263097784,0.0698050052687203,10.0,0.8726646259971658,2134.048731913308,51.5497202904989,0.0,0.0,0.0,0.0,,
82.5,4.991030876591933,0.2079699237152364,8.584197169452473,0.0456022752974156,0.0012685540061043,0.0515669915056973,10.0,0.8796459430051431,2134.6861559030567,52.32023353327469,0.0,0.0,0.0,0.0,,
82.60000000000001,4.925645220327964,0.1790134609862998,8.457980771846648,0.040937488726124,-0.0051874831524613,0.0551618603223888,10.0,0.8866272600131204,2135.3181852057214,53.09517802197887,0.0,0.0,0.0,0.0,,
82.7,4.936498390393083,0.066357116454898,8.367356053206128,0.0335494725913199,-0.0113946324198598,0.0766524279834482,10.0,0.8936085770210977,2135.944789017086,53.87451598691034,0.0,0.0,0.0,0.0,,
82.80000000000001,4.910831636361794,0.2379133317689274,8.695021388706481,0.0350961253926691,-0.0120844873254734,0.0446010000304738,10.0,0.9005898940290751,2136.5659367973644,54.65820944423618,0.0,0.0,0.0,0.0,,
82.9,4.7341944390459805,-0.186075223734799,8.67247965524457,0.037064830912156,0.0018960452409198,0.043255768718456,10.0,0.9075712110370524,2137.1815982726903,55.4462201978429,0.0,0.0,0.0,0.0,,
83.0,4.77530503561741,0.153061966466943,8.508725327982733,0.0344345322530306,0.0036484235860012,0.0818179568691654,10.0,0.9145525280450296,2137.791743436592,56.23850984119809,0.0,0.0,0.0,0.0,,
83.10000000000001,4.921843630469442,0.0304054703987104,8.49459874893504,0.0598276813926265,-0.0229935626441902,0.0722922089556953,10.0,0.9215338450530072,2138.396342551454,57.035039759222286,0.0,0.0,0.0,0.0,,
83.2,4.93777966268614,0.1050157589276269,8.367103328026136,0.035416934731302,0.0051141057946549,0.0965890808182456,10.0,0.9285151620609844,2138.9953661499694,57.83577113017102,0.0,0.0,0.0,0.0,,
83.30000000000001,5.07620542841031,-0.1072098397045762,8.402145258821939,0.031372443956048,-0.0199564317263001,0.0621590768907928,10.0,0.9354964790689616,2139.588785036573,58.64066492752693,0.0,0.0,0.0,0.0,,
83.4,5.064924362273261,-0.1711348178615192,8.622981608782935,0.0407843332507299,-0.0093423332197103,0.0640446824344287,10.0,0.942477796076939,2140.1765702888656,59.449681921901885,0.0,0.0,0.0,0.0,,
83.5,5.194748271146154,0.1300321720258798,8.467026759360067,0.0335297518702767,-0.0012339092954834,0.0603423432283842,10.0,0.9494591130849164,2140.758693259023,60.26278268294891,0.0,0.0,0.0,0.0,,
83.60000000000001,4.639287574142147,0.3263266865802096,8.489007961005255,0.0398880576911119,-0.002579077498769,0.0581088108005613,10.0,0.9564404300928936,2141.3351255751927,61.07992758128404,0.0,0.0,0.0,0.0,,
83.7,4.927111327857683,-0.2199092143291466,8.807272185833341,0.0235614650556626,-0.0123196628384717,0.0610573867639432,10.0,0.963421747100871,2141.905839142877,61.90107679041775,0.0,0.0,0.0,0.0,,
83.80000000000001,5.148211358727856,0.0221763498893981,8.280288841720775,0.0484499686474599,0.0053100062678548,0.0708443283799717,10.0,0.9704030641088484,2142.470806146302,62.726190288696046,0.0,0.0,0.0,0.0,,
83.9,5.062360136175625,0.3791542850873676,8.793473445380762,0.0290394316098536,0.0142388499281115,0.0692916607053962,10.0,0.9773843811168256,2143.029999049773,63.55522786125109,0.0,0.0,0.0,0.0,,
84.0,5.029864372420661,-0.2338406247464992,8.440151346317116,0.0277783491365209,0.006280588148933,0.0761707838118353,10.0,0.984365698124803,2143.583390599016,64.38814910196119,0.0,0.0,0.0,0.0,,
84.10000000000001,4.6438270473475525,0.0166947703993594,8.633988436844483,0.0340397954167521,0.0052906364500236,0.0689716334840781,10.0,0.9913470151327805,2144.1309538225087,65.22491341542015,0.0,0.0,0.0,0.0,,
84.2,5.006249034792893,-0.0206972467102446,8.283222090504989,0.0246912835656363,0.0050935251445531,0.0656545613629961,10.0,0.9983283321407576,2144.672662032792,66.06548001891584,0.0,0.0,0.0,0.0,,
84.30000000000001,4.934223163308915,-0.0435835063483528,8.419930884303232,0.0463757029847679,-0.0053524408186802,0.0520493316747915,10.0,1.005309649148735,2145.2084888277705,66.90980794441785,0.0,0.0,0.0,0.0,,
84.4,5.066547766331025,-0.0107314995797075,8.470418590955262,0.0519823681038816,-0.002205605573505,0.0683518155389945,10.0,1.0122909661567123,2145.738408092004,67.75785604057428,0.0,0.0,0.0,0.0,,
84.5,4.77816147630525,-0.012950417852644,8.557138117906636,0.0203528477014741,8.450931157095998e-06,0.0664678895342553,10.0,1.0192722831646897,2146.262393997974,68.60958297471733,0.0,0.0,0.0,0.0,,
84.60000000000001,4.961193118338115,0.1755738347987364,8.515874988352623,0.050687304023451,-0.0119358951559403,0.0668192244799907,10.0,1.026253600172667,2146.7804210073477,69.46494723487784,0.0,0.0,0.0,0.0,,
84.7,4.967670017958492,-0.140388174063262,8.609153461439048,0.0591533180984147,-0.0021700607448383,0.0705101896905449,10.0,1.0332349171806443,2147.292463872218,70.32390713180851,0.0,0.0,0.0,0.0,,
84.80000000000001,4.967677771372299,-0.0870377004860763,8.192595169455043,0.0288488502089329,-0.0159195838095173,0.0825009995883984,10.0,1.0402162341886216,2147.798497636339,71.18642080101577,0.0,0.0,0.0,0.0,,
84.9,4.937733545911513,-0.0318878993570756,8.599082284843517,0.0246890740113277,-0.0096686403800455,0.0661407015002934,10.0,1.047197551196599,2148.298497636339,72.0524462048002,0.0,0.0,0.0,0.0,,
85.0,5.975340752498035,0.0952527567753182,8.002957982502684,0.0366877623922467,0.0020023585552677,0.0674765078590998,10.0,1.0541788682045763,2148.792439502923,72.92194113430543,1.0000000000000853,0.493941866584272,0.8694949295052937,0.0,,
85.10000000000001,6.532554966352361,0.0269118832449727,7.304655912287667,0.0367174104688948,-0.0068064794148824,0.0908537950356358,10.200000000000015,1.0611601852125536,2149.290056355245,73.81232165312063,2.0000000000000284,0.975719318277477,1.7458441545396457,0.0,,
85.2,6.681066650006145,-0.1906359349392383,7.445582179523791,0.0411001724962654,0.0147336394615252,0.05956545480842,10.400000000000006,1.068141502220531,2149.7910801763105,74.72368060036625,2.0000000000000284,0.963507348203442,1.7526133600877531,0.0,,
85.30000000000001,6.449686611465356,0.1425255517146471,7.258619405240382,0.0315450306248117,-0.0045762048551099,0.0647636442748061,10.600000000000025,1.0751228192285085,2150.295241837925,75.65610808760486,2.0000000000000284,0.9512484181405618,1.7592971457332591,0.0,,
85.4,6.790425476129928,-0.0825451423429581,7.424649823300387,0.0357638815103927,-0.0005040204248121,0.0664382505548864,10.800000000000011,1.0821041362364856,2150.8022711257336,76.6096914878925,1.9999999999998863,0.938943125571726,1.7658951857177547,0.0,,
85.5,6.752451673852288,0.1465759264462605,7.524604328472975,0.0404424402749787,-0.0178222316674647,0.065962255799464,11.0,1.089085453244463,2151.311896764365,77.58451542504685,2.0000000000000284,0.9265920702397344,1.7724071584624557,0.0,,
85.60000000000001,6.758976939769143,0.1293411791855675,7.361856594990261,0.0293161922910001,-0.0077410067528359,0.0708241178067207,11.200000000000015,1.0960667702524405,2151.8238464426718,78.5806617631331,2.0000000000000284,0.914195854117399,1.7788327465826217,0.0,,
85.7,6.842132965807533,-0.0411190160937402,7.601903558169387,0.0371413831315325,-0.0032428577716243,0.0633461365096275,11.400000000000006,1.1030480872604176,2152.3378468390574,79.59820959616852,2.0000000000000284,0.901755081378872,1.7851716369042774,0.0,,
85.80000000000001,6.799042512259225,0.0688366725180605,7.807083025272476,0.0273843386099133,0.0031810170202997,0.0601679687096921,11.600000000000025,1.110029404268395,2152.853623646912,80.63723523804624,2.0000000000000284,0.8892703583698653,1.7914235204788524,0.0,,
85.9,6.5566577595204825,0.0183699294447542,7.486312083036457,0.0650883205904875,-0.003841458156832,0.0541581915129604,11.800000000000011,1.1170107212763722,2153.370901600123,81.69781221267927,1.9999999999998863,0.8767422935781026,1.797588092598233,0.0,,
86.0,6.72800241519306,-0.2911960056319553,7.45191569373469,0.0360668378628381,0.0059460038294521,0.0751962013020857,12.0,1.1239920382843496,2153.889404498685,82.7800112443654,2.0000000000000284,0.8641714976039745,1.8036650528102545,0.0,,
86.10000000000001,6.611515364732744,-0.0025921021944899,7.35079108653373,0.0246259594918096,0.0010989477938063,0.0527241233218412,12.200000000000015,1.130973355292327,2154.408855234395,83.88390024837395,2.0000000000000284,0.851558583130155,1.809654104932066,0.0,,
86.2,6.624856772483122,-0.1292760939848856,7.548161689068869,0.0539208860325514,-0.0150158798280333,0.0469297939788315,12.400000000000006,1.1379546723003042,2154.9289758166283,85.00954432175476,2.0000000000000284,0.8389041648923636,1.815554957065844,0.0,,
86.30000000000001,6.668317774766392,0.0223546693936637,7.498508107138925,0.0314433798875431,-0.0040063929882543,0.0691350829132132,12.600000000000025,1.1449359893082816,2155.449487398207,86.15700573437054,2.0000000000000284,0.8262088596490929,1.8213673216123811,0.0,,
86.4,6.843115441465504,-0.2732573155477425,7.410368295270682,0.0380446729792972,-0.0111797610461073,0.0827716751254802,12.800000000000011,1.1519173063162589,2155.970110301344,87.32634392015308,1.9999999999998863,0.8134732861515518,1.827090915285099,0.0,,
86.5,6.591739325534591,0.0138060969489075,7.549112525651673,0.0299937371518676,-0.0204657304780441,0.0611734335386419,13.0,1.1588986233242362,2156.490564043668,88.517615468584,2.0000000000000284,0.8006980651137987,1.8327254591245064,0.0,,
86.60000000000001,6.841466890957958,-0.0305342690177707,7.338744065906483,0.0451633071349138,-0.0053077489602305,0.060358370671305,13.200000000000015,1.1658799403322135,2157.010567364328,89.73087411640091,2.0000000000000284,0.787883819181911,1.838270678510496,0.0,,
86.7,6.709469221018398,0.1356125314428181,7.822966240885212,0.0441789461164608,0.0095983996638834,0.0604003168179287,13.400000000000006,1.1728612573401909,2157.5298382501737,90.9661707395295,2.0000000000000284,0.7750311729042144,1.8437263031770283,0.0,,
86.80000000000001,6.53317059167348,0.0293497024428684,7.48178469841427,0.0251214576262406,-0.0037529452990401,0.0694531548249985,13.600000000000025,1.1798425743481682,2158.04809396201,92.22355334524224,2.0000000000000284,0.7621407527005565,1.8490920672246536,0.0,,
86.9,6.74110981682149,0.0956431780076409,7.509353920646017,0.030836498447186,-0.0071390062664884,0.0534704648278685,13.800000000000011,1.1868238913561455,2158.565051060924,93.50306706454442,1.9999999999998863,0.7492131868317788,1.8543677091334705,0.0,,
87.0,6.954767063446666,0.0220175546928939,7.431981252756103,0.0266186642253619,0.0273565790232777,0.0547266984855783,14.0,1.1938052083641228,2159.080425434682,94.80475414478798,2.0000000000000284,0.7362491053693637,1.8595529717765305,0.0,,
87.10000000000001,6.62272361872799,0.082375525442909,7.555741155986972,0.0454859055920434,0.0160760850776926,0.0705215553624143,14.200000000000015,1.2007865253721002,2159.593932324199,96.128653942514,2.0000000000000284,0.7232491401641923,1.864647602431052,0.0,,
87.2,6.5286461875739015,-0.0185417687682672,7.511884067002413,0.0565888454549448,-0.0159780547842429,0.0774857438600595,14.400000000000006,1.2077678423800775,2160.1052863500668,97.47480291652428,2.0000000000000284,0.7102139248162815,1.8696513527920569,0.0,,
87.30000000000001,6.714037963000864,0.1456745802844221,7.450410003629939,0.0274822587386233,0.0055087277940133,0.0720042890788634,14.600000000000025,1.2147491593880548,2160.6142015391565,98.84323462118245,2.0000000000000284,0.6971440946436376,1.8745639789838109,0.0,,
87.4,6.832859352429736,0.0180043046932047,7.375735907627424,0.0203187150896481,0.006193732681394,0.0696988736322471,14.800000000000011,1.2217304763960322,2161.1203913512786,100.23397969994558,1.9999999999998863,0.6840402866512959,1.879385241571711,0.0,,
87.5,6.542183412639308,-0.0607860509944935,7.395695389332614,0.0210767407200624,-0.0101768239660513,0.0541216752397437,15.0,1.2287117934040095,2161.623568705904,101.64706587912652,2.0000000000000284,0.6709031395005168,1.8841149055746211,0.0,,
87.60000000000001,6.625178955785711,-0.0908046247494344,7.221658472995318,0.0561324873455814,0.0105254073102923,0.0576697845926074,15.200000000000015,1.2356931104119868,2162.1234460089463,103.0825179618875,2.0000000000000284,0.657733293477173,1.88875274047499,0.0,,
87.7,6.727914017066944,0.0826197634731941,7.644372089341352,0.0277205347732857,0.0089210678398242,0.0599809257657379,15.400000000000006,1.242674427419964,2162.6197351796013,104.54035782246568,2.0000000000000284,0.6445313904610286,1.8932985202314203,0.0,,
87.80000000000001,6.486671446943609,0.1286204838971745,7.659322974743694,0.0617856747751934,-0.0139972526509021,0.0724491756586151,15.600000000000025,1.2496557444279417,2163.1121476772387,106.0206044006311,2.0000000000000284,0.6312980738942111,1.8977520232890208,0.0,,
87.9,6.625580620999748,0.1375038065786046,7.245135778440713,0.0232788872829009,-0.0097587482316648,0.0662496192644881,15.800000000000011,1.2566370614359188,2163.600394528351,107.52327369637744,1.9999999999998863,0.6180339887498569,1.9021130325902,0.0,,
88.0,6.590888617588148,0.1188581515870129,7.6197434038640175,0.0419023604523401,0.0141878763966086,0.0696182451023607,16.0,1.263618378443896,2164.084186353552,109.04837876484616,2.0000000000000284,0.6047397815008947,1.906381335585922,0.0,,
88.10000000000001,6.504516301017877,0.2245064770307508,7.37493577578443,0.0450107700367422,0.013737342165551,0.0700268589151112,16.200000000000017,1.2705996954518737,2164.563233394623,110.59592971148436,2.0000000000000284,0.591416100088099,1.9105567242447152,0.0,,
88.2,6.462626985594204,-0.1177318249764686,7.664120881158101,0.0342153581834584,-0.0012042646505783,0.0730482229694433,16.400000000000006,1.2775810124598508,2165.037245541612,112.16593368743696,2.0000000000000284,0.5780635938889485,1.914638995064163,0.0,,
88.30000000000001,6.79149923688095,0.0618199718578191,7.43440895544226,0.032779900582563,0.0065789882529134,0.0709956741184852,16.600000000000023,1.284562329467828,2165.5059323599708,113.75839488517344,2.0000000000000284,0.564682913685758,1.9186279490801432,0.0,,
88.4,6.64845580747611,0.182316846948971,7.446354093855933,0.0273899632965426,-0.0095897069890334,0.0556725704447096,16.80000000000001,1.2915436464758054,2165.969003117744,115.37331453434982,1.9999999999998863,0.551274711633964,1.9225233918765292,0.0,,
88.5,6.646189305078349,0.2050586417504288,7.344944933970754,0.0377913426500676,-0.0085668934562741,0.0628568883950928,17.0,1.2985249634837828,2166.426166812789,117.01069089790585,2.0000000000000284,0.5378396412305361,1.9263251335953444,0.0,,
88.60000000000001,6.460544625771114,-0.0130807343734805,7.436653404154586,0.0413094644802435,0.0002328091325537,0.0534760575582868,17.200000000000017,1.30550628049176,2166.877132200052,118.6705192683982,2.0000000000000284,0.5243783572817339,1.9300329889446517,0.0,,
88.7,6.849680544175433,0.0515454560332993,7.495468238701953,0.0358147615060351,-0.0071775744722221,0.0676380022052945,17.400000000000006,1.3124875974997374,2167.32160781886,120.35279196456996,2.0000000000000284,0.5108915158715852,1.9336467772089472,0.0,,
88.80000000000001,6.758389072958189,-0.2420343537018331,7.384895085523416,0.0333571153358506,0.0005617060569427,0.0773930888670785,17.600000000000023,1.3194689145077148,2167.75930202027,122.05749832815636,2.0000000000000284,0.4973797743297135,1.9371663222572904,0.0,,
88.9,6.571289685379261,-0.0546942770226763,7.388829094528418,0.0278913091388411,-0.0054718649511226,0.0731680010076869,17.80000000000001,1.326450231515692,2168.189922994437,123.78462472092764,1.9999999999998863,0.4838437911993049,1.9405914525518837,0.0,,
89.0,6.52897548326425,0.0841721592729354,7.210423876622579,0.0302932050754645,-0.0052948930021798,0.0822085755369479,18.0,1.3334315485236694,2168.613178798022,125.53415452196904,2.0000000000000284,0.4702842262051835,1.9439220011571208,0.0,,
89.10000000000001,6.645830461855999,-0.3101865210176377,7.165875875096143,0.0362468809033533,0.004137708557899,0.0692145373840798,18.200000000000017,1.3404128655316467,2169.0287773816235,127.3060681251982,2.0000000000000284,0.4567017402213148,1.947157805746349,0.0,,
89.2,6.712186323439051,0.19433893962585,7.38477052801476,0.0448556906001548,-0.0183201488502641,0.0564105004784266,18.40000000000001,1.347394182539624,2169.436426617244,129.10034293712044,2.0000000000000284,0.4430969952389377,1.950298708611155,0.0,,
89.30000000000001,6.415994598329129,-0.0212267951004688,7.458770028535379,0.0370475999621517,-0.0013811664711286,0.0561844454996899,18.600000000000023,1.3543754995476014,2169.835834325774,130.916953374822,2.0000000000000284,0.4294706543341293,1.9533445566683645,0.0,,
89.4,6.658514680906796,-0.2046170002908622,7.670193557395239,0.0328703243109065,-0.0068888611904369,0.0813493820922481,18.80000000000001,1.3613568165555787,2170.226708304512,132.75587086420154,1.9999999999998863,0.4158233816354918,1.9562952014675008,0.0,,
89.5,6.500713827536518,-0.1488380671047953,7.301276162395045,0.0352278712228917,0.0023163162963759,0.0728567334889856,19.0,1.368338133563556,2170.608756354689,134.6170638384403,2.0000000000000284,0.4021558422919318,1.9591504991987163,0.0,,
89.60000000000001,7.072850105193147,-0.3174148681301145,7.557019549493993,0.0303352793141642,-0.0078641514888877,0.0592622575252684,19.200000000000017,1.3753194505715334,2170.9816863090314,136.50049773671074,2.0000000000000284,0.3884687024399462,1.961910310698412,0.0,,
89.7,6.550735356947706,0.2726787251905178,7.592053810177416,0.0361385448254603,0.01151015752487,0.0503346891548185,19.40000000000001,1.3823007675795107,2171.345206059328,138.4061350031244,2.0000000000000284,0.3747626291714513,1.9645745014574056,0.0,,
89.80000000000001,6.487445037869263,-0.3066951598292031,7.360797030106837,0.0375235703069341,-0.0009714142206766,0.066953397918406,19.600000000000023,1.389282084587488,2171.699023584019,140.33393508591865,2.0000000000000284,0.3610382905011217,1.9671429416268005,0.0,,
89.9,6.475392282908866,0.1404732113921033,7.501653338861251,0.0432371278545465,-0.0209276217759005,0.0685748873957851,19.80000000000001,1.3962634015954654,2172.0428469757994,142.28385443688282,1.9999999999998863,0.3472963553338375,1.9696155060243048,0.0,,
90.0,6.508886021581272,-0.0395984878827042,7.545863945920788,0.0368175211024457,-0.0105153997977931,0.0655227103696514,20.0,1.403244718603443,2172.376384469232,144.25584651102383,2.0000000000000284,0.3335374934322059,1.9719920741410384,0.0,,
90.1,6.457320510282355,0.1925401093847444,7.434916608200893,0.0121854994425532,-0.0072653168709604,-0.0002357598840658,20.200000000000017,1.403244718603443,2172.713257337598,146.24755850590626,2.0000000000000284,0.3335374934322059,1.9719920741410384,0.0,,
90.2,6.572422789573225,0.1514260897539613,7.359294537526058,0.0074459543241517,-0.0058245239766929,-0.0147596329989161,20.40000000000001,1.403244718603443,2173.053465580899,148.2589904215301,2.0000000000000284,0.3335374934322059,1.9719920741410384,0.0,,
90.3,6.601503697400932,-0.1568662321544272,7.47079461967768,-0.0109040773567449,0.0072597510071461,0.0040892413964697,20.600000000000023,1.403244718603443,2173.397009199134,150.29014225789533,2.0000000000000284,0.3335374934322059,1.9719920741410384,0.0,,
90.4,6.660411408354968,0.1183838206681374,7.6102952512367805,0.0007990124823034,-0.0097120029954929,-0.0127396961611212,20.80000000000001,1.403244718603443,2173.7438881923035,152.34101401500195,1.9999999999998863,0.3335374934321822,1.9719920741408985,0.0,,
90.5,6.584143344013625,-0.0725818369971942,7.481767829074174,-0.0024514688113802,0.0048793297205142,-0.0011298327127068,21.0,1.403244718603443,2174.0941025604075,154.41160569285003,2.0000000000000284,0.3335374934322059,1.9719920741410384,0.0,,
90.6,6.678494632540961,0.1975981164795334,7.516982993218575,0.0003996245831143,-0.0080194444193517,-0.0013323139671497,21.200000000000017,1.403244718603443,2174.447652303445,156.5019172914395,2.0000000000000284,0.3335374934322059,1.9719920741410384,0.0,,
90.7,6.559458819626109,-0.0611510298674349,7.579059086936978,-0.0012188827129226,-0.0154977306938123,0.0226816929305978,21.40000000000001,1.403244718603443,2174.804537421418,158.61194881077037,2.0000000000000284,0.3335374934322059,1.9719920741410384,0.0,,
90.8,6.735045586240676,-0.1910415100769754,7.399431872039206,0.0021088638282841,0.0150459209329737,-0.0060811245825886,21.600000000000023,1.403244718603443,2175.1647579143246,160.74170025084263,2.0000000000000284,0.3335374934322059,1.9719920741410384,0.0,,
90.9,6.83345691547217,0.2299229640458514,7.371411065364215,-0.0017751361886023,-0.0123630924737377,0.0029653885891969,21.80000000000001,1.403244718603443,2175.5283137821657,162.89117161165635,1.9999999999998863,0.3335374934321822,1.9719920741408985,0.0,,
91.0,6.681562311417462,0.1189474997123555,7.629236731778397,-0.0064809606462164,-0.0216732506422599,0.0047875522072375,22.0,1.403244718603443,2175.8952050249413,165.06036289321145,2.0000000000000284,0.3335374934322059,1.9719920741410384,0.0,2176.8050447633577,170.28893391034117
91.1,6.731081437064198,0.0574126531527562,7.416708223998973,0.0022475209966393,0.0131544480835224,0.008817341689625,22.200000000000017,1.403244718603443,2176.265431642651,167.24927409550796,2.0000000000000284,0.3335374934322059,1.9719920741410384,0.0,,
91.2,6.63104554381844,-0.0550296725643993,7.44023135747367,0.0173673996183063,-0.0038330070952619,0.0048020565547929,22.40000000000001,1.403244718603443,2176.6389936352957,169.45790521854587,2.0000000000000284,0.3335374934322059,1.9719920741410384,0.0,,
91.3,6.614703771928456,0.1848475036162947,7.759684799337031,0.0055061304943138,-0.0011722709621457,0.0053678283317423,22.600000000000023,1.403244718603443,2177.0158910028736,171.68625626232523,2.0000000000000284,0.3335374934322059,1.9719920741410384,0.0,,
91.4,6.329404789250916,0.1317726296427226,7.485834173524777,0.0052834205066072,-0.009114621940837,0.001155431210229,22.80000000000001,1.403244718603443,2177.3961237453864,173.934327226846,1.9999999999998863,0.3335374934321822,1.9719920741408985,0.0,,
91.5,6.6253970670934255,0.1732434476109558,7.408895235634866,0.0218266032210979,0.0023086241901503,-0.0077568265999573,23.0,1.403244718603443,2177.7796918628333,176.20211811210817,2.0000000000000284,0.3335374934322059,1.9719920741410384,0.0,,
91.6,6.6677688635811085,-0.0777512683234623,7.136551840652326,0.0169947094011378,0.0050314254222,0.0103320731789931,23.200000000000017,1.403244718603443,2178.1665953552147,178.48962891811175,2.0000000000000284,0.3335374934322059,1.9719920741410384,0.0,,
91.7,6.711861356613857,-0.1873026353038656,7.393166640192015,0.0094178077478401,-0.012512200297825,-0.0203176931625081,23.40000000000001,1.403244718603443,2178.55683422253,180.79685964485677,2.0000000000000284,0.3335374934322059,1.9719920741410384,0.0,,
91.8,6.6529849064017625,-0.0012636331041307,7.486043723587536,0.0082851864351453,0.004376058122312,0.0075876980524392,23.600000000000023,1.403244718603443,2178.95040846478,183.12381029234317,2.0000000000000284,0.3335374934322059,1.9719920741410384,0.0,,
91.9,6.866380515781785,-0.2078454671219972,7.541396483297009,0.0072653836333694,-0.0143956228608023,-0.0100287060868238,23.80000000000001,1.403244718603443,2179.3473180819647,185.47048086057092,1.9999999999998863,0.3335374934321822,1.9719920741408985,0.0,,
92.0,6.575159488597562,-0.0792312163772937,7.578722130650695,-0.0051453878369109,-0.010563485182812,-0.0011163373669455,24.0,1.403244718603443,2179.7475630740832,187.83687134954016,2.0000000000000284,0.3335374934322059,1.9719920741410384,0.0,2173.3176301358385,188.57540678366937
92.1,6.854845657692033,0.0219565061565428,7.438821557321793,-0.0001000549870105,0.0109206033432652,-0.0024917172660324,24.200000000000017,1.403244718603443,2180.1511434411364,190.2229817592508,2.0000000000000284,0.3335374934322059,1.9719920741410384,0.0,,
92.2,6.884377051209917,0.0515744448382255,7.441646303829028,0.0260090049793428,-0.0125563948979859,0.0014631424043299,24.40000000000001,1.403244718603443,2180.5580591831235,192.6288120897028,2.0000000000000284,0.3335374934322059,1.9719920741410384,0.0,,
92.3,6.502186121694302,0.1628692955804254,7.719087551173082,0.0176992278140463,0.01023948753146,0.0030237953220403,24.600000000000023,1.403244718603443,2180.968310300045,195.05436234089623,2.0000000000000284,0.3335374934322059,1.9719920741410384,0.0,,
92.4,6.632264660945301,-0.2306754658741097,7.77109024140267,0.0056897807814846,-0.0069195690486948,0.0182805688898696,24.80000000000001,1.403244718603443,2181.381896791901,197.4996325128311,1.9999999999998863,0.3335374934321822,1.9719920741408985,0.0,,
92.5,6.541136130054902,0.0809933051334011,7.439814840981705,0.007386771398803,-0.0026357353918612,-0.0095092789111122,25.0,1.403244718603443,2181.7988186586917,199.96462260550737,2.0000000000000284,0.3335374934322059,1.9719920741410384,0.0,,
92.6,6.698387263469408,0.1773296212813043,7.461326750247232,0.0087511512158908,-0.0124552948567405,0.0047373920673014,25.200000000000017,1.403244718603443,2182.219075900416,202.44933261892504,2.0000000000000284,0.3335374934322059,1.9719920741410384,0.0,,
92.7,6.593374239305615,0.1320471260157064,7.470432945464629,0.0079007367633661,0.0088771042615786,0.0119161857512138,25.40000000000001,1.403244718603443,2182.6426685170745,204.9537625530841,2.0000000000000284,0.3335374934322059,1.9719920741410384,0.0,,
92.8,6.728018572712949,-0.1297318387767108,7.4652912945252945,-0.0043309040201583,-0.0054406395670422,0.0012546584924974,25.600000000000023,1.403244718603443,2183.069596508668,207.4779124079846,2.0000000000000284,0.3335374934322059,1.9719920741410384,0.0,,
92.9,6.540061971351442,-0.2736007883700984,7.365487753876236,0.0029337945192415,-0.0154817704542749,0.0051568223647162,25.80000000000001,1.403244718603443,2183.4998598751954,210.0217821836265,1.9999999999998863,0.3335374934321822,1.9719920741408985,0.0,,
93.0,6.972091071215546,0.1734584832878358,7.712240437493409,0.0049112787693272,0.0096750982298644,-0.0022396473046778,26.0,1.403244718603443,2183.9334586166574,212.5853718800098,2.0000000000000284,0.3335374934322059,1.9719920741410384,0.0,2184.972989793651,215.71266336711903
93.1,6.590399767515604,-0.3908710309206208,7.643631032231675,0.0164032397981988,-0.0075317724534727,0.0024604829360276,26.200000000000017,1.403244718603443,2184.370392733053,215.1686814971345,2.0000000000000284,0.3335374934322059,1.9719920741410384,0.0,,
93.2,6.573971490515257,0.0773980327216237,7.634449092920816,-0.0164277197388104,0.0020943853064225,0.0022332822828085,26.40000000000001,1.403244718603443,2184.810662224384,217.77171103500064,2.0000000000000284,0.3335374934322059,1.9719920741410384,0.0,,
93.3,6.704059966363905,0.0888491002511436,7.437478845309407,-3.5868534057806106e-05,-0.0041387516755463,0.0147031620178828,26.600000000000023,1.403244718603443,2185.2542670906487,220.3944604936082,2.0000000000000284,0.3335374934322059,1.9719920741410384,0.0,,
93.4,6.749864801587902,0.0530875306606041,7.275066452961559,-0.0027857974321315,0.0069866916033917,0.0053769657312392,26.80000000000001,1.403244718603443,2185.701207331848,223.0369298729572,1.9999999999998863,0.3335374934321822,1.9719920741408985,0.0,,
93.5,6.785980528007272,0.284976770049145,7.621500121506653,0.0019315833769974,-0.0071098917019572,-0.0205354959605589,27.0,1.403244718603443,2186.151482947981,225.69911917304756,2.0000000000000284,0.3335374934322059,1.9719920741410384,0.0,,
93.6,6.661793069197974,-0.0289018743725273,7.524264140284636,-0.0005390522697468,-0.0052038505943679,-0.0127939893050722,27.200000000000017,1.403244718603443,2186.6050939390493,228.3810283938793,2.0000000000000284,0.3335374934322059,1.9719920741410384,0.0,,
93.7,6.546055633196392,0.0914976561200836,7.723095355795234,2.4746162543765634e-05,0.0012781107357412,0.014524781569528,27.40000000000001,1.403244718603443,2187.062040305052,231.0826575354525,2.0000000000000284,0.3335374934322059,1.9719920741410384,0.0,,
93.8,6.565416717138865,0.0750221064928163,7.354635695175506,0.0096482443849101,-0.0004859695204826,0.0079845181398143,27.600000000000023,1.403244718603443,2187.522322045988,233.8040065977671,2.0000000000000284,0.3335374934322059,1.9719920741410384,0.0,,
93.9,6.56966101795599,0.1260548539416177,7.778416149310053,-0.009079116954282,-0.0053975900764752,0.0073160747416809,27.80000000000001,1.403244718603443,2187.985939161859,236.54507558082312,1.9999999999998863,0.3335374934321822,1.9719920741408985,0.0,,
94.0,6.8050117393682745,-0.0639319427934203,7.040754667603919,0.0145918949416402,0.0056050611958414,-0.0124294753048666,28.0,1.403244718603443,2188.452891652664,239.3058644846205,2.0000000000000284,0.3335374934322059,1.9719920741410384,0.0,2183.505088809152,234.0240380322834
94.1,6.595915488801968,0.2552273644290989,7.68287867389401,0.0103864002267894,-0.0037611243395986,0.005829874188125,28.200000000000017,1.403244718603443,2188.9231795184032,242.08637330915937,2.0000000000000284,0.3335374934322059,1.9719920741410384,0.0,,
94.2,6.667411936799983,0.1892359674903256,7.334332850151063,-0.007057996548842,0.0081027458683601,0.0045563854448843,28.40000000000001,1.403244718603443,2189.3968027590768,244.8866020544396,2.0000000000000284,0.3335374934322059,1.9719920741410384,0.0,,
94.3,6.893820910886973,-0.0807268310470818,7.457492457074506,-0.0082241298484395,-0.0019263731857643,-0.0097854693699879,28.600000000000023,1.403244718603443,2189.873761374685,247.70655072046125,2.0000000000000284,0.3335374934322059,1.9719920741410384,0.0,,
94.4,6.613905794425534,-0.1954380797392176,7.569797696104089,0.0081658933975965,-0.0193026273048434,0.0183388574550057,28.80000000000001,1.403244718603443,2190.3540553652274,250.5462193072243,1.9999999999998863,0.3335374934321822,1.9719920741408985,0.0,,
94.5,7.06166307653188,0.0269009580104511,7.369542072091633,0.0292433059100304,-0.0151896849830251,0.0052010646686909,29.0,1.403244718603443,2190.837684730704,253.4056078147288,2.0000000000000284,0.3335374934322059,1.9719920741410384,0.0,,
94.6,6.71399414846369,0.2217721430678622,7.5196700573943485,-0.0039863389578845,-0.0115118437038795,0.0015817817975386,29.200000000000017,1.403244718603443,2191.324649471115,256.28471624297464,2.0000000000000284,0.3335374934322059,1.9719920741410384,0.0,,
94.7,6.53601170342713,0.0271737979677024,7.381079784146257,-0.0139403779328975,0.010551457883749,2.3274765709606172e-05,29.40000000000001,1.403244718603443,2191.8149495864604,259.18354459196195,2.0000000000000284,0.3335374934322059,1.9719920741410384,0.0,,
94.8,6.496830286822605,-0.0052388701731312,7.475964946020479,-0.0164646672557903,0.0013164766712576,-0.0054715756869026,29.600000000000023,1.403244718603443,2192.30858507674,262.10209286169066,2.0000000000000284,0.3335374934322059,1.9719920741410384,0.0,,
94.9,6.943705128947396,0.0985940768115102,7.4057242126090035,-0.0064516777031735,-0.0030496770756362,0.0111279074158328,29.80000000000001,1.403244718603443,2192.805555941954,265.0403610521608,1.9999999999998863,0.3335374934321822,1.9719920741408985,0.0,,
95.0,6.683226688281121,-0.0125738210705284,7.4744647547480145,-0.0050385893123695,-0.0054320592684303,-0.01585792438905,30.0,1.403244718603443,2193.3058621821024,267.9983491633723,2.0000000000000284,0.3335374934322059,1.9719920741410384,0.0,2195.39362844457,269.18628785630506
95.1,6.833109742196757,0.0648196670482642,7.349690834520316,0.0199873498135523,-0.0011298351960761,-0.0053614357197519,30.200000000000017,1.403244718603443,2193.809503797185,270.97605719532527,2.0000000000000284,0.3335374934322059,1.9719920741410384,0.0,,
95.2,6.815561420789471,0.0797072324763893,7.524896208947963,-0.0032575560465159,0.0025049572377803,0.002382417097789,30.40000000000001,1.403244718603443,2194.3164807872017,273.9734851480196,2.0000000000000284,0.3335374934322059,1.9719920741410384,0.0,,
95.3,6.770442025315778,-0.2657416681015958,7.400628191678452,0.0182215509780819,-0.009670674554003,-0.0010383829749318,30.600000000000023,1.403244718603443,2194.826793152153,276.9906330214554,2.0000000000000284,0.3335374934322059,1.9719920741410384,0.0,,
95.4,6.619856606801282,-0.1622209203832965,7.134467094691163,-0.0013058639852361,-0.0006414057591834,0.0044749493146134,30.80000000000001,1.403244718603443,2195.3404408920387,280.0275008156325,1.9999999999998863,0.3335374934321822,1.9719920741408985,0.0,,
95.5,6.665319023276719,0.0264561306275581,7.619135431857945,-0.0009044618592921,-0.0077408257708726,0.0021887451511191,31.0,1.403244718603443,2195.8574240068588,283.0840885305511,2.0000000000000284,0.3335374934322059,1.9719920741410384,0.0,,
95.6,6.773952821532418,0.2318040317814874,7.371487650249954,0.0019893378702888,0.0013835744193595,-0.0049257800672882,31.200000000000017,1.403244718603443,2196.377742496613,286.1603961662111,2.0000000000000284,0.3335374934322059,1.9719920741410384,0.0,,
95.7,6.690113382650839,-0.1998510786013142,7.20035166556442,0.0046674640789225,-0.0058387474133078,0.0070228040762121,31.40000000000001,1.403244718603443,2196.901396361301,289.2564237226125,2.0000000000000284,0.3335374934322059,1.9719920741410384,0.0,,
95.8,6.684366561017649,-0.1264600072995695,7.45892106583068,-0.0113310130501485,0.011909723580014,-0.0085597034485996,31.600000000000023,1.403244718603443,2197.428385600924,292.3721711997553,2.0000000000000284,0.3335374934322059,1.9719920741410384,0.0,,
95.9,6.657683016923491,-0.1363407382070872,7.55127238712952,-0.002314313712815,-0.0071866671962121,0.0135320154505155,31.80000000000001,1.403244718603443,2197.958710215481,295.5076385976395,1.9999999999998863,0.3335374934321822,1.9719920741408985,0.0,,
96.0,6.691465396320535,0.097496666890395,7.31851032064771,-0.013048169439275,-0.0009279203795986,0.0018115364450526,32.0,1.403244718603443,2198.4923702049728,298.66282591626515,2.0000000000000284,0.3335374934322059,1.9719920741410384,0.0,2199.494341606356,300.048618754253
96.1,6.7810160084369935,0.0080137321006175,7.496470512010524,-0.0152338252994124,0.0168843693961425,0.0033575801496796,32.20000000000002,1.403244718603443,2199.0293655693986,301.8377331556322,2.0000000000000284,0.3335374934322059,1.9719920741410384,0.0,,
96.2,6.791688853119782,-0.1054137505329439,7.511910696457931,-0.0120284476352474,0.0025206783825967,0.0014402591561416,32.400000000000006,1.403244718603443,2199.569696308759,305.0323603157406,2.0000000000000284,0.3335374934322059,1.9719920741410384,0.0,,
96.3,6.691429383159237,0.1246961045195146,7.280828164442288,-0.0058449173061279,0.0025732428108676,0.0259822147454674,32.60000000000002,1.403244718603443,2200.1133624230533,308.24670739659047,2.0000000000000284,0.3335374934322059,1.9719920741410384,0.0,,
96.4,6.666338457369556,0.1086704176885898,7.449663490646629,0.0204224559475629,-0.0194722166696525,0.0059462104466935,32.80000000000001,1.403244718603443,2200.6603639122823,311.4807743981817,1.9999999999998863,0.3335374934321822,1.9719920741408985,0.0,,
96.5,6.443219202534593,-0.3559857355805074,7.510328519093003,0.0023949779614745,-0.004848369377422,0.0039380590996024,33.0,1.403244718603443,2201.2107007764453,314.7345613205144,2.0000000000000284,0.3335374934322059,1.9719920741410384,0.0,,
96.6,7.151795722679591,-0.0187262707047151,7.542227865312841,-0.0054936481961388,0.000952325750406,0.0026176632494438,33.20000000000002,1.403244718603443,2201.764373015543,318.00806816358846,2.0000000000000284,0.3335374934322059,1.9719920741410384,0.0,,
96.7,6.625473035159442,0.2928347798300487,7.642286955602981,0.0023674664739923,-0.0250421193594396,0.0013899077674743,33.400000000000006,1.403244718603443,2202.3213806295744,321.30129492740394,2.0000000000000284,0.3335374934322059,1.9719920741410384,0.0,,
96.8,7.092504942229664,-0.0145992499959562,7.631191846933379,0.015419424019526,0.0001896391585597,-0.0034182163186815,33.60000000000002,1.403244718603443,2202.8817236185405,324.61424161196084,2.0000000000000284,0.3335374934322059,1.9719920741410384,0.0,,
96.9,6.321753957801345,0.1226244812913431,7.343495810701869,0.0027615045188769,-0.0144982033958936,0.0023476245952979,33.80000000000001,1.403244718603443,2203.445401982441,327.94690821725914,1.9999999999998863,0.3335374934321822,1.9719920741408985,0.0,,
97.0,6.69210866580406,0.0602890371566446,7.298485883022468,0.0129691094876135,-0.0079689478473197,-0.0117446946045324,34.0,1.403244718603443,2204.012415721276,331.29929474329884,2.0000000000000284,0.3335374934322059,1.9719920741410384,0.0,2201.2923168349616,332.22830953194284
97.1,6.670697294574382,0.025156296353969,7.489797626101094,0.0146213240368507,-0.0043644883673585,0.0038038037563122,34.20000000000002,1.403244718603443,2204.582764835045,334.67140119008,2.0000000000000284,0.3335374934322059,1.9719920741410384,0.0,,
97.2,6.521573150383937,0.1430830254331845,7.493355570737045,-0.0032002772729416,-0.0210467469346546,0.0194441219505508,34.400000000000006,1.403244718603443,2205.1564493237483,338.0632275576025,2.0000000000000284,0.3335374934322059,1.9719920741410384,0.0,,
97.3,6.502898812900493,-0.0686917014054558,7.519460887786731,-0.0109655792861668,-0.0169350977825314,-0.0162394758270066,34.60000000000002,1.403244718603443,2205.733469187386,341.4747738458664,2.0000000000000284,0.3335374934322059,1.9719920741410384,0.0,,
97.4,6.795200350504624,-0.0617779367089482,7.9047997249964,-0.0089435506563087,-0.0112145102342892,-0.000653929702854,34.80000000000001,1.403244718603443,2206.313824425958,344.90604005487177,1.9999999999998863,0.3335374934321822,1.9719920741408985,0.0,,
97.5,6.723521005839675,-0.0505305008177967,7.557559043225707,-0.0087858838998865,-0.0158159171846358,-0.012982147394091,35.0,1.403244718603443,2206.8975150394645,348.3570261846185,2.0000000000000284,0.3335374934322059,1.9719920741410384,0.0,,
97.6,6.353514682378322,-0.0577103529212585,7.420562164266347,-0.0053143702748318,0.0104340579718716,0.0172803020960813,35.20000000000002,1.403244718603443,2207.484541027905,351.8277322351067,2.0000000000000284,0.3335374934322059,1.9719920741410384,0.0,,
97.7,6.636830359452226,-0.2490881669787944,7.380703444917072,-0.0049982139391706,-0.0085713496227805,-0.0019771890389824,35.400000000000006,1.403244718603443,2208.07490239128,355.31815820633625,2.0000000000000284,0.3335374934322059,1.9719920741410384,0.0,,
97.8,6.58903137321018,-0.0379812423846639,7.370378046302997,0.0030832250862559,0.0016036871590486,-0.0041064508718248,35.60000000000002,1.403244718603443,2208.668599129589,358.8283040983072,2.0000000000000284,0.3335374934322059,1.9719920741410384,0.0,,
97.9,6.877710606469833,-0.1270093452760921,7.223039119053101,0.0048077807136505,-0.0101740813441433,0.0082129147075738,35.80000000000001,1.403244718603443,2209.265631242833,362.3581699110196,1.9999999999998863,0.3335374934321822,1.9719920741408985,0.0,,
98.0,6.326500517403822,0.2288683912224601,7.5665532223313905,-0.01400476549163,-0.0167877712384628,0.0217226590409752,36.0,1.403244718603443,2209.865998731011,365.9077556444734,2.0000000000000284,0.3335374934322059,1.9719920741410384,0.0,2211.038288624206,363.05034997236794
98.1,6.576443822044208,-0.1051277273098935,7.125801397002937,-0.0025077820560155,-0.0042771961483575,0.0121549309676948,36.20000000000002,1.403244718603443,2210.4697015941238,369.4770612986686,2.0000000000000284,0.3335374934322059,1.9719920741410384,0.0,,
98.2,6.47718904334123,-0.2080430188360914,7.533353606341802,0.0110673007122706,-0.0177115235111788,0.0158151408629974,36.400000000000006,1.403244718603443,2211.07673983217,373.0660868736052,2.0000000000000284,0.3335374934322059,1.9719920741410384,0.0,,
98.3,6.692682083791925,0.1837708008611968,7.455176156897687,-0.0242227791748795,-0.0035196738231603,0.0156014381867127,36.60000000000002,1.403244718603443,2211.6871134451508,376.6748323692833,2.0000000000000284,0.3335374934322059,1.9719920741410384,0.0,,
98.4,6.552988904706221,-0.0381947453361178,7.439289185592754,-0.0279951387986848,0.0147134757543747,-0.0040137567989717,36.80000000000001,1.403244718603443,2212.300822433066,380.3032977857028,1.9999999999998863,0.3335374934321822,1.9719920741408985,0.0,,
98.5,6.762911122439822,0.0069948295777686,7.654352069579234,0.0050605612242808,-0.0043492427152097,-0.0039351509251928,37.0,1.403244718603443,2212.9178667959154,383.9514831228637,2.0000000000000284,0.3335374934322059,1.9719920741410384,0.0,,
98.6,6.806728412776223,-0.2610161955931925,7.562592774166714,-0.0099904475155487,0.0105228366195664,0.0066129954266269,37.20000000000002,1.403244718603443,2213.5382465336997,387.619388380766,2.0000000000000284,0.3335374934322059,1.9719920741410384,0.0,,
98.7,6.783669372746418,0.0322983220737079,7.202852646854181,-0.0076072916339533,0.0047238933761138,0.0066665581735984,37.400000000000006,1.403244718603443,2214.1619616464177,391.3070135594097,2.0000000000000284,0.3335374934322059,1.9719920741410384,0.0,,
98.8,6.864199293364752,0.0804911844555757,7.320703927519931,-0.0069606413772063,-0.0009708260947676,-0.018140440660001,37.60000000000002,1.403244718603443,2214.78901213407,395.0143586587948,2.0000000000000284,0.3335374934322059,1.9719920741410384,0.0,,
98.9,6.938067090412226,0.0862620104566335,7.649764400682732,-0.0148060394080916,0.0104456516035525,0.0273149891102774,37.80000000000001,1.403244718603443,2215.419397996657,398.74142367892136,1.9999999999998863,0.3335374934321822,1.9719920741408985,0.0,,
99.0,6.488919054262304,0.135710269235565,7.465875702828424,-0.0144443384824824,0.0029288397185186,0.0133360320483734,38.0,1.403244718603443,2216.053119234178,402.4882086197893,2.0000000000000284,0.3335374934322059,1.9719920741410384,0.0,2223.5162172787573,404.38354030343646
99.1,6.596881824668575,0.1948874780382834,7.21569470010695,-0.0139475614644964,-0.0006340260441124,0.0052538527797227,38.20000000000002,1.403244718603443,2216.690175846634,406.25471348139865,2.0000000000000284,0.3335374934322059,1.9719920741410384,0.0,,
99.2,6.579564784305286,0.1414391653957828,7.545343358257722,0.0095813907093401,-0.0032313643535226,0.0110258026797834,38.400000000000006,1.403244718603443,2217.3305678340234,410.0409382637494,2.0000000000000284,0.3335374934322059,1.9719920741410384,0.0,,
99.3,6.620203262114402,0.3280728035129893,7.343827345607032,0.0220529742945831,-0.0016511205291059,-0.0087551088956874,38.60000000000002,1.403244718603443,2217.974295196348,413.8468829668416,2.0000000000000284,0.3335374934322059,1.9719920741410384,0.0,,
99.4,6.892262710142068,0.0388852082592438,7.593377825882436,0.0132385591854259,0.0013795555414502,-0.0009224084481281,38.80000000000001,1.403244718603443,2218.6213579336063,417.6725475906752,1.9999999999998863,0.3335374934321822,1.9719920741408985,0.0,,
99.5,6.8334078142192896,0.0201133261181893,7.568587883916593,-0.0205373057379146,0.0024698171700985,-0.0013858582514503,39.0,1.403244718603443,2219.271756045799,421.5179321352501,2.0000000000000284,0.3335374934322059,1.9719920741410384,0.0,,
99.6,6.935047253145681,0.1134631021833642,7.501687873002725,0.0058630999335022,-0.0119844085287671,0.0212325669052805,39.20000000000002,1.403244718603443,2219.9254895329263,425.3830366005665,2.0000000000000284,0.3335374934322059,1.9719920741410384,0.0,,
99.7,6.985756370331437,0.0789370265822324,7.704269746411375,-0.0046914819867253,-0.0099711356622498,0.0054092474872892,39.400000000000006,1.403244718603443,2220.582558394988,429.2678609866243,2.0000000000000284,0.3335374934322059,1.9719920741410384,0.0,,
99.8,6.752291963324087,-0.039098002186468,7.546374439680602,0.0040638948207341,-0.0119830677529105,0.0101879301745172,39.60000000000002,1.403244718603443,2221.242962631984,433.17240529342354,2.0000000000000284,0.3335374934322059,1.9719920741410384,0.0,,
99.9,6.816580043947006,0.0457203976385586,7.638606426614655,-0.0111740379349695,0.0026795042213185,-0.0067028070639677,39.80000000000001,1.403244718603443,2221.906702243913,437.09666952096416,1.9999999999998863,0.3335374934321822,1.9719920741408985,0.0,,
100.0,5.653913200049425,-0.0746396250606685,7.824400183589236,-0.0044799581874113,-0.0041415031071118,0.0133715448633138,40.0,1.403244718603443,2222.573777230778,441.0406536692462,0.9999999999999432,0.1667687467160911,0.9859960370704492,0.0,2217.8085632419675,443.6668681037815
100.1,4.906826144194143,-0.2178438560154389,8.63671938809962,-0.0073709013361503,-0.0025872042710462,0.0094653650694071,40.0,1.403244718603443,2223.2408522176424,444.9846378175282,0.0,0.0,0.0,0.0,,
100.2,4.984941562760417,0.1841269321282213,8.537559682634258,-0.007613095796971,0.0197856217399166,0.0069433346333823,40.0,1.403244718603443,2223.907927204507,448.92862196581024,0.0,0.0,0.0,0.0,,
100.3,4.932898966006773,0.1645888134583356,8.503126853014855,0.0049922819293932,0.0229218399860068,0.0022487857174495,40.0,1.403244718603443,2224.575002191372,452.87260611409226,0.0,0.0,0.0,0.0,,
100.4,4.90733586589739,0.0374867768018695,8.626436601462501,-0.0140653403019039,-0.021655558914765,-0.0008711527062014,40.0,1.403244718603443,2225.242077178236,456.8165902623743,0.0,0.0,0.0,0.0,,
100.5,4.7099115561411065,-0.0437247021288457,8.541084165544738,-0.0079074886355226,-0.0162682657678134,0.0056933716171534,40.0,1.403244718603443,2225.9091521651003,460.7605744106563,0.0,0.0,0.0,0.0,,
100.6,5.084381522692275,-0.2342460157774919,8.588744070871243,0.0091730620373832,0.0075408510215662,0.0171848021487168,40.0,1.403244718603443,2226.5762271519648,464.7045585589384,0.0,0.0,0.0,0.0,,
100.7,5.285302088698941,-0.0334138072928582,8.482144948137023,-0.0031643843324802,-0.0019802315524418,0.0203287335563631,40.0,1.403244718603443,2227.243302138829,468.6485427072204,0.0,0.0,0.0,0.0,,
100.8,4.753247827410399,-0.1091574508248363,8.672286351601029,0.0112003650690208,-0.0056313164681707,0.0135440200112071,40.0,1.403244718603443,2227.9103771256937,472.5925268555024,0.0,0.0,0.0,0.0,,
100.9,5.006182376373804,0.2450411913501481,8.47688565019936,0.0112563211387258,0.0244201191049262,0.0109809915504746,40.0,1.403244718603443,2228.577452112558,476.5365110037844,0.0,0.0,0.0,0.0,,
101.0,4.962399224869226,0.1283670477831469,8.410917082394763,0.0248796770552473,-0.0001992896230401,0.0022706667977448,40.0,1.403244718603443,2229.2445270994226,480.48049515206645,0.0,0.0,0.0,0.0,2225.345800418513,483.6288335670363
101.1,4.829646649246993,0.1845830287409657,8.595787323049507,-0.0039735437141409,0.0037645134512242,-0.0100855596821285,40.0,1.403244718603443,2229.911602086287,484.4244793003485,0.0,0.0,0.0,0.0,,
101.2,4.982745586260973,0.0879134528115041,8.721808682559228,-0.0067081880272868,-0.0147835262880232,-0.0039542796092504,40.0,1.403244718603443,2230.5786770731515,488.3684634486305,0.0,0.0,0.0,0.0,,
101.3,4.754514724952761,0.2204986036638474,8.69800510537895,0.0042021657794882,0.0102129494568514,0.0063395838058023,40.0,1.403244718603443,2231.245752060016,492.3124475969125,0.0,0.0,0.0,0.0,,
101.4,4.940733252844884,-0.0299556428580642,8.41915056241871,-0.0144780155630903,0.0006425476360733,0.0045966608978595,40.0,1.403244718603443,2231.9128270468805,496.25643174519456,0.0,0.0,0.0,0.0,,
101.5,5.066804108611681,0.0340285244657914,8.441303655889982,-0.0077119303000763,-0.0012784676317823,0.0123823723081616,40.0,1.403244718603443,2232.579902033745,500.2004158934766,0.0,0.0,0.0,0.0,,
101.6,4.78349915133742,0.0331210630521108,8.500665653854767,-0.0061806478361826,-0.00787856304908,0.0073061084876621,40.0,1.403244718603443,2233.2469770206094,504.1444000417586,0.0,0.0,0.0,0.0,,
101.7,4.784986847256106,0.0724885572874088,8.331406055076465,0.0116285369303321,0.021378277453883,-0.0036075680170181,40.0,1.403244718603443,2233.914052007474,508.08838419004064,0.0,0.0,0.0,0.0,,
101.8,5.035131179356201,-0.0890112857323028,8.621852337195014,-0.0116525840908521,0.0028058675842771,-0.0037298896688935,40.0,1.403244718603443,2234.5811269943383,512.0323683383226,0.0,0.0,0.0,0.0,,
101.9,4.923952311635244,-0.134653791272096,8.589061781759709,-0.0073698035443958,0.0035196425933182,0.0015590197173766,40.0,1.403244718603443,2235.248201981203,515.9763524866046,0.0,0.0,0.0,0.0,,
102.0,4.93782914423017,0.0421633861100192,8.351435510376518,0.0031036711354088,0.0133033456435441,-0.0027809478583271,40.0,1.403244718603443,2235.9152769680672,519.9203366348866,0.0,0.0,0.0,0.0,2240.549659284097,516.6376073614797
102.1,5.130771521491076,0.2447146450231676,8.343285962771139,-0.0135505460509055,0.0010196090017176,-0.0004740752276687,40.0,1.403244718603443,2236.582351954932,523.8643207831685,0.0,0.0,0.0,0.0,,
102.2,5.23529048287445,0.0252211310749748,8.345379299920069,-0.0104715951101171,0.0088990495909083,-0.0007118397408418,40.0,1.403244718603443,2237.249426941796,527.8083049314505,0.0,0.0,0.0,0.0,,
102.3,4.961574319919063,0.1633704117668721,8.393070458335721,0.0005407117125983,-0.0021656840982252,0.0118332451151609,40.0,1.403244718603443,2237.9165019286606,531.7522890797325,0.0,0.0,0.0,0.0,,
102.4,5.0436116503265485,-0.0130170596882242,8.475256570349822,-0.0027177901152348,-0.0167761240691944,0.0075760085739812,40.0,1.403244718603443,2238.583576915525,535.6962732280144,0.0,0.0,0.0,0.0,,
102.5,5.23882876412496,-0.1125578711036594,8.34975475468494,-0.0077072777164374,0.0052459177872312,0.0094848545419644,40.0,1.403244718603443,2239.2506519023896,539.6402573762964,0.0,0.0,0.0,0.0,,
102.6,4.931219346137531,-0.1177028592458447,8.479565729871334,-0.014646221273358,-0.000565734331425,0.0137152438608793,40.0,1.403244718603443,2239.917726889254,543.5842415245784,0.0,0.0,0.0,0.0,,
102.7,4.767320129504948,-0.2098777415244495,8.702624894879573,-0.0051175963950458,0.0093594784594382,0.0034600233480216,40.0,1.403244718603443,2240.5848018761185,547.5282256728603,0.0,0.0,0.0,0.0,,
102.8,4.9307067774588,0.0857619049244967,8.33310938261338,0.0023249714349564,-0.0058148941482409,-0.0082049344340503,40.0,1.403244718603443,2241.251876862983,551.4722098211423,0.0,0.0,0.0,0.0,,
102.9,5.005622311208959,-0.0194961710316874,8.442155486858638,-0.0111016094341415,0.013914003677628,0.0137671418638611,40.0,1.403244718603443,2241.9189518498474,555.4161939694243,0.0,0.0,0.0,0.0,,
103.0,5.099623382625796,-0.0258167053662522,8.206331777699832,0.0205291738248951,-0.0026109750800586,-0.0024879979602005,40.0,1.403244718603443,2242.586026836712,559.3601781177063,0.0,0.0,0.0,0.0,2246.4395313536893,561.0113018254523
103.1,5.017520236172467,0.1950681182004946,8.462251627712526,0.0137857516793937,0.0088299993851686,-0.0057638118740205,40.0,1.403244718603443,2243.2531018235763,563.3041622659882,0.0,0.0,0.0,0.0,,
103.2,4.853931484151078,0.1636305744919651,8.058817326553779,-0.0004945569316498,-0.0163083120162467,0.0002344619856647,40.0,1.403244718603443,2243.920176810441,567.2481464142702,0.0,0.0,0.0,0.0,,
103.3,4.910176986645618,-0.0337366566861261,8.382870023308454,-0.0099714364962881,0.0209191126681868,0.0236746200416135,40.0,1.403244718603443,2244.5872517973053,571.1921305625522,0.0,0.0,0.0,0.0,,
103.4,4.780690126961557,0.2573175126955351,8.405789387554417,0.0022918747333171,-0.0026327395989691,-0.0015974864125396,40.0,1.403244718603443,2245.2543267841697,575.1361147108341,0.0,0.0,0.0,0.0,,
103.5,5.1025778515409215,0.0388829795864986,8.394226497642459,-0.0120458944380047,-0.0109359501371912,-0.0114138011560209,40.0,1.403244718603443,2245.921401771034,579.0800988591161,0.0,0.0,0.0,0.0,,
103.6,4.956833532262275,-0.1594998388426594,8.425875134247564,0.0147010185361037,0.0099929957292158,0.0046772310589738,40.0,1.403244718603443,2246.5884767578987,583.0240830073981,0.0,0.0,0.0,0.0,,
103.7,4.941937291078527,0.3019811824131512,8.543822629179152,-0.0022780645987652,-0.0162601811712045,0.0089387321816474,40.0,1.403244718603443,2247.255551744763,586.96806715568,0.0,0.0,0.0,0.0,,
103.8,5.079398565887429,-0.0747477286770465,8.50938962439605,-0.0026357329491502,-0.00384032399199,-0.0198782205756233,40.0,1.403244718603443,2247.922626731628,590.912051303962,0.0,0.0,0.0,0.0,,
103.9,4.921732789442579,0.1654053953612081,8.37099882779036,0.0015252636821531,-0.0095595070669192,0.0086044167629277,40.0,1.403244718603443,2248.589701718492,594.856035452244,0.0,0.0,0.0,0.0,,
104.0,4.922521520369573,-0.120886231102301,8.665591931275115,0.0102893201353221,-0.0080490676392817,0.0099778830941777,40.0,1.403244718603443,2249.2567767053565,598.800019600526,0.0,0.0,0.0,0.0,2252.5450173453346,606.3871915311418
104.1,5.035611800423056,0.1163451852516763,8.211570826726083,0.0110660654103262,-0.0076969896292573,0.0014217206655873,40.0,1.403244718603443,2249.923851692221,602.7440037488079,0.0,0.0,0.0,0.0,,
104.2,5.35068226283903,0.0652810071081517,8.407760839808269,-0.021052943727559,0.0118976413394635,-0.008452096708086,40.0,1.403244718603443,2250.590926679085,606.6879878970899,0.0,0.0,0.0,0.0,,
104.3,4.804484164475074,-0.0297028448631773,8.67817097988039,0.0087323998666575,-0.0035783750984025,0.0080829206363882,40.0,1.403244718603443,2251.25800166595,610.6319720453719,0.0,0.0,0.0,0.0,,
104.4,4.864942146069334,0.0409480534348026,8.476709722842065,0.0106876989568135,0.0076717812243894,0.0099397738220564,40.0,1.403244718603443,2251.9250766528144,614.5759561936538,0.0,0.0,0.0,0.0,,
104.5,4.900647866368084,0.131273344158519,8.451913941194888,-0.0098191436871313,-0.0060328779191093,0.0058452698378432,40.0,1.403244718603443,2252.592151639679,618.5199403419358,0.0,0.0,0.0,0.0,,
104.6,5.091532367549711,-0.0075292258235729,8.284329404439404,0.0015674168329681,-0.0008654395994344,0.0068583762890275,40.0,1.403244718603443,2253.2592266265438,622.4639244902178,0.0,0.0,0.0,0.0,,
104.7,5.092980727393163,0.1728384860134847,8.376577580268096,-0.0051614345804894,-0.0124019871095547,0.0119881567028047,40.0,1.403244718603443,2253.926301613408,626.4079086384997,0.0,0.0,0.0,0.0,,
104.8,5.172323016250656,-0.0272622891863385,8.429494626416597,0.0156678255689897,0.00305557853215,0.0093623570480105,40.0,1.403244718603443,2254.593376600272,630.3518927867817,0.0,0.0,0.0,0.0,,
104.9,4.7763625241039405,0.1218092103919128,8.32633876004888,-0.0103402018593495,-0.0054677157676671,-0.0008579272344869,40.0,1.403244718603443,2255.2604515871367,634.2958769350637,0.0,0.0,0.0,0.0,,
105.0,4.921760045842244,-0.1961472451787378,8.609531657095497,0.0122768629451642,-0.0214734247414081,0.0147845780566655,40.0,1.403244718603443,2255.927526574001,638.2398610833457,0.0,0.0,0.0,0.0,2254.9459741099895,635.2249164259157
105.1,4.833420705526756,0.1485463305474179,8.455442237225382,0.0012877556408099,-0.0038509764942121,0.0171212920423348,40.0,1.403244718603443,2256.5946015608656,642.1838452316276,0.0,0.0,0.0,0.0,,
105.2,4.769061798121245,0.1111760508102512,8.630908735858778,0.0081634008054041,0.0212469891432341,-0.0002894676272469,40.0,1.403244718603443,2257.26167654773,646.1278293799096,0.0,0.0,0.0,0.0,,
105.3,5.098595723389029,0.0040864046987869,8.650720122578246,0.0009231100427863,-0.0058787578186246,0.0180607220387162,40.0,1.403244718603443,2257.9287515345945,650.0718135281916,0.0,0.0,0.0,0.0,,
105.4,4.88126570914716,-0.1919088638350834,8.38818217864927,0.0071903294658853,0.0119203875158709,0.0061112937529651,40.0,1.403244718603443,2258.595826521459,654.0157976764735,0.0,0.0,0.0,0.0,,
105.5,5.152729560085103,-0.183726238221639,8.39921969140266,-0.001885751171541,-0.0031455942747251,0.0058409438825019,40.0,1.403244718603443,2259.2629015083235,657.9597818247555,0.0,0.0,0.0,0.0,,
105.6,5.058636643608828,-0.0467210257255735,8.486563514168314,0.0005487710967594,-0.0112588990389114,0.0038633331091856,40.0,1.403244718603443,2259.929976495188,661.9037659730375,0.0,0.0,0.0,0.0,,
105.7,4.933451070515432,-0.0047620847504569,8.470473129612563,0.0017567354061338,-0.0063229517910733,0.0177271473397126,40.0,1.403244718603443,2260.5970514820524,665.8477501213195,0.0,0.0,0.0,0.0,,
105.8,4.779577905619547,-0.0881455162704844,8.882703754758879,-0.0093799135498922,-0.0155375467470975,0.0123447674500121,40.0,1.403244718603443,2261.264126468917,669.7917342696014,0.0,0.0,0.0,0.0,,
105.9,4.643432021933919,-0.0152910864958658,8.787582949886819,-0.014449359221534,-0.0218196448573871,-0.0099918120195769,40.0,1.403244718603443,2261.9312014557813,673.7357184178834,0.0,0.0,0.0,0.0,,
106.0,5.089753935252047,0.1887165079978718,8.388820891578568,0.0078321240400106,0.0119025532751198,0.0228734641442982,40.0,1.403244718603443,2262.598276442646,677.6797025661654,0.0,0.0,0.0,0.0,2259.040218724144,674.4164614263036
106.1,4.918049707823022,-0.325220757650498,8.342577372763893,-0.0032680419493525,-0.0045893879657839,0.0031214059899128,40.0,1.403244718603443,2263.2653514295102,681.6236867144473,0.0,0.0,0.0,0.0,,
106.2,5.122834189689599,0.2111642640031372,8.439958163036628,0.0119848487605181,0.0015766136663108,0.0056450597286257,40.0,1.403244718603443,2263.9324264163747,685.5676708627293,0.0,0.0,0.0,0.0,,
106.3,5.090981623566494,0.0308378072356873,8.77438088769001,-0.0133841116679455,-0.0071517089909201,0.0037348110304604,40.0,1.403244718603443,2264.599501403239,689.5116550110113,0.0,0.0,0.0,0.0,,
106.4,5.020917903568698,0.2101940730654633,8.462049426039922,-0.013222296495062,0.00642513896455,0.0125495876614196,40.0,1.403244718603443,2265.266576390104,693.4556391592932,0.0,0.0,0.0,0.0,,
106.5,4.663721201093089,0.01942937994938,8.2271879365233,-0.0056465109750206,-0.0110280892696279,0.0130926469824198,40.0,1.403244718603443,2265.933651376968,697.3996233075752,0.0,0.0,0.0,0.0,,
106.6,4.972524526125826,-0.1728386501134041,8.597719105568947,-0.0133380582392841,0.0013011379047094,-0.0031401066929155,40.0,1.403244718603443,2266.600726363833,701.3436074558572,0.0,0.0,0.0,0.0,,
106.7,4.900148437620421,0.0956406122057576,8.543926620984275,0.0143696907355596,-0.0028225369967145,0.0080645086296334,40.0,1.403244718603443,2267.267801350697,705.2875916041392,0.0,0.0,0.0,0.0,,
106.8,4.889339401639351,0.0472984823934196,8.531632118326621,1.6901525456239873e-05,-0.0200375048409249,0.0083147089633089,40.0,1.403244718603443,2267.934876337561,709.2315757524211,0.0,0.0,0.0,0.0,,
106.9,5.009684221603318,-0.0820260214521926,8.273051155714468,0.0157587915050396,0.002914455108944,0.0027091896907829,40.0,1.403244718603443,2268.601951324426,713.1755599007031,0.0,0.0,0.0,0.0,,
107.0,4.7844450675278765,-0.1032722242632018,8.66109777064328,0.0023766194086804,-0.007505870670007,0.0100968923122465,40.0,1.403244718603443,2269.2690263112904,717.1195440489851,0.0,0.0,0.0,0.0,2268.960619473634,718.4841519482517
107.1,4.83284027188305,0.2451264545420567,8.668629291359855,-0.0036657407120277,-0.0082867024703086,-0.0211813319869227,40.0,1.403244718603443,2269.936101298155,721.063528197267,0.0,0.0,0.0,0.0,,
107.2,4.732762884267294,-0.1809204662436634,8.485987762273453,-0.0022623370444135,-0.0154533548741524,0.0021883595753544,40.0,1.403244718603443,2270.60317628502,725.007512345549,0.0,0.0,0.0,0.0,,
107.3,5.030800572147101,0.099175902487338,8.180758668996512,-0.0002826348048383,-0.0158334077697161,0.0140172869714027,40.0,1.403244718603443,2271.270251271884,728.951496493831,0.0,0.0,0.0,0.0,,
107.4,5.072621962453024,-0.1147040839486687,8.350802430765285,-0.003612670504983,-0.0245279339473133,0.0083596817344057,40.0,1.403244718603443,2271.9373262587483,732.895480642113,0.0,0.0,0.0,0.0,,
107.5,4.914073318048979,0.1655262623851788,8.300947828430962,-0.0051912294824993,-0.0170652525803911,-0.0050429056349425,40.0,1.403244718603443,2272.6044012456127,736.8394647903949,0.0,0.0,0.0,0.0,,
107.6,4.777702700589766,0.1693960518269668,8.360969933812637,0.0022417568474461,-0.005807634038618,-0.0076946526601281,40.0,1.403244718603443,2273.271476232477,740.7834489386769,0.0,0.0,0.0,0.0,,
107.7,4.929754936524253,0.1098654997795392,8.284545302243842,0.0090911279073137,-0.0104972092147769,0.0001701607392715,40.0,1.403244718603443,2273.9385512193417,744.7274330869589,0.0,0.0,0.0,0.0,,
107.8,5.0346024684515065,-0.0795154235829232,8.471345440025726,-0.0021469082878809,-0.0007063199329618,-0.0188073910552349,40.0,1.403244718603443,2274.605626206206,748.6714172352408,0.0,0.0,0.0,0.0,,
107.9,4.680547727718786,0.1123950509070257,8.621286421972703,-0.0081048670353152,-0.0044402835217113,0.007947192529023,40.0,1.403244718603443,2275.2727011930706,752.6154013835228,0.0,0.0,0.0,0.0,,
108.0,5.0589826402488045,-0.2841515907506273,8.332803174078588,-0.0023257937984987,0.0050314019723604,0.0299843048372149,40.0,1.403244718603443,2275.939776179935,756.5593855318048,0.0,0.0,0.0,0.0,2277.046539377255,759.8681185279488
108.1,4.920799140978541,-0.1910466193155983,8.52604942270554,0.0142099578954071,-0.0009198587902049,-0.0040664854515429,40.0,1.403244718603443,2276.6068511667995,760.5033696800867,0.0,0.0,0.0,0.0,,
108.2,5.098699091222002,0.1195318427747652,8.311797084496002,0.0048142561753434,0.0079726556765887,0.0168189004255889,40.0,1.403244718603443,2277.273926153664,764.4473538283687,0.0,0.0,0.0,0.0,,
108.3,4.9450326537035805,-0.0337119169268978,8.649800284437534,-0.0111016050298088,0.00238579290921,-0.0087002662736442,40.0,1.403244718603443,2277.9410011405284,768.3913379766507,0.0,0.0,0.0,0.0,,
108.4,5.114806440838939,-0.0187068273416742,8.655996696472466,0.0059141275635552,-0.0142322023006193,0.0192462773207724,40.0,1.403244718603443,2278.608076127393,772.3353221249326,0.0,0.0,0.0,0.0,,
108.5,5.187686789964158,0.1523429738898823,8.351471031369913,-0.002060139543574,-0.0005457278259424,-0.0020371039933143,40.0,1.403244718603443,2279.2751511142574,776.2793062732146,0.0,0.0,0.0,0.0,,
108.6,5.20885198586948,0.0416489707589055,8.060207004059242,0.0043935581275622,-0.0054815739681731,0.0042507344388155,40.0,1.403244718603443,2279.942226101122,780.2232904214966,0.0,0.0,0.0,0.0,,
108.7,4.899707095132144,0.141056962491003,8.633662377908353,0.0038305316225865,-0.0053931118713815,0.0045866279519082,40.0,1.403244718603443,2280.6093010879863,784.1672745697786,0.0,0.0,0.0,0.0,,
108.8,4.957939942486643,-0.1003645059797255,8.55254850841103,0.0056004232386046,0.0134044123977667,0.0175534978028847,40.0,1.403244718603443,2281.2763760748508,788.1112587180605,0.0,0.0,0.0,0.0,,
108.9,4.852148762361479,0.1430447561763446,8.323066203661174,0.0079593210094084,-0.007166141987601,-0.0052325322337558,40.0,1.403244718603443,2281.943451061715,792.0552428663425,0.0,0.0,0.0,0.0,,
109.0,4.99700680140461,-0.381185069223121,8.20306287496456,-0.0007749188377428,-0.0011755823336515,0.0013068122984181,40.0,1.403244718603443,2282.61052604858,795.9992270146245,0.0,0.0,0.0,0.0,2282.662533616092,801.8133633232537
109.1,4.71808455519236,-0.1026837763207758,8.524390610210954,0.0068178177062836,-0.0021622311759594,0.0165683378103698,40.0,1.403244718603443,2283.277601035444,799.9432111629064,0.0,0.0,0.0,0.0,,
109.2,5.014609553518884,-0.0921183480937318,8.423633903113602,-0.0130286615720785,-0.0030813899039141,0.0161210061922133,40.0,1.403244718603443,2283.9446760223086,803.8871953111884,0.0,0.0,0.0,0.0,,
109.3,5.0577935127066445,0.2303013988878682,8.420276424555496,0.0144609979451425,-0.0039330422644796,0.0197158508256989,40.0,1.403244718603443,2284.611751009173,807.8311794594704,0.0,0.0,0.0,0.0,,
109.4,4.951721487883681,0.1260847060706415,8.686976065771823,-0.000934276285812,0.0001838898754417,0.017888634252063,40.0,1.403244718603443,2285.278825996037,811.7751636077523,0.0,0.0,0.0,0.0,,
109.5,4.93504952541049,-0.1781338423759241,8.787160269313082,-0.0036976446433713,-0.0004124394906245,0.0165600666945112,40.0,1.403244718603443,2285.945900982902,815.7191477560343,0.0,0.0,0.0,0.0,,
109.6,4.863725914440319,-0.1311801869833195,8.50376980564157,-0.0169307639791238,-0.0048790607686792,0.007450386643154,40.0,1.403244718603443,2286.6129759697665,819.6631319043163,0.0,0.0,0.0,0.0,,
109.7,4.914507215476225,-0.211517641477862,8.704835904555948,0.0020353815394917,0.0123115211776174,0.0023996374981955,40.0,1.403244718603443,2287.280050956631,823.6071160525983,0.0,0.0,0.0,0.0,,
109.8,4.822998202746384,0.0603771380382739,8.433341142176111,-0.0107776145799135,0.0126978425878749,-0.0012227022289399,40.0,1.403244718603443,2287.9471259434954,827.5511002008802,0.0,0.0,0.0,0.0,,
109.9,4.678960042280664,0.2192249080935999,8.390064508753452,-0.0050782389261562,-0.0196538758702997,0.0224094148659699,40.0,1.403244718603443,2288.61420093036,831.4950843491622,0.0,0.0,0.0,0.0,,
110.0,4.761577911918546,0.0287674221058474,8.602602259506412,0.0052171693300309,-0.0025965431199219,-0.0120166585828741,40.0,1.403244718603443,2289.2812759172243,835.4390684974442,0.0,0.0,0.0,0.0,2288.2226485842725,846.3197451638026
110.1,4.833541274634906,0.0481700507063783,8.347633100627295,0.0030335945999876,0.0048174340881514,0.014625028858001,40.0,1.403244718603443,2289.948350904089,839.3830526457261,0.0,0.0,0.0,0.0,,
110.2,4.771073096328097,0.3494969082468431,8.580831112808465,0.0009828584633093,0.0088953658307664,0.0286540777199997,40.0,1.403244718603443,2290.615425890953,843.3270367940081,0.0,0.0,0.0,0.0,,
110.3,4.739191984841469,-0.013789396373703,8.108944462144345,0.0029265153264802,0.0016539424192514,0.0046083788455724,40.0,1.403244718603443,2291.2825008778177,847.2710209422901,0.0,0.0,0.0,0.0,,
110.4,4.856819964350253,-0.2874271774282487,8.52173926363711,0.0155543448391532,-0.0079101845573343,0.0094005992902314,40.0,1.403244718603443,2291.949575864682,851.215005090572,0.0,0.0,0.0,0.0,,
110.5,4.719778352986991,0.088581959553877,8.406701866463646,-0.0066241795060291,-0.0096036364121613,0.0010638841796699,40.0,1.403244718603443,2292.616650851546,855.158989238854,0.0,0.0,0.0,0.0,,
110.6,5.012364997353879,-0.1768244801793276,8.406141911390167,0.0005852822200085,-0.0129903922453185,0.0229666520167501,40.0,1.403244718603443,2293.283725838411,859.102973387136,0.0,0.0,0.0,0.0,,
110.7,4.826975677990798,-0.0804155370450235,8.31896301865197,0.0189848008713811,0.0035290522859948,-0.0043659200624364,40.0,1.403244718603443,2293.950800825276,863.046957535418,0.0,0.0,0.0,0.0,,
110.8,5.120934733828994,0.0501048041433317,8.50429722429207,-0.0024447720875245,-0.0094941598695697,0.008377660990546,40.0,1.403244718603443,2294.61787581214,866.9909416836999,0.0,0.0,0.0,0.0,,
110.9,4.8732369155006605,0.2925133444362657,8.275315545338879,0.0163615677285494,-0.003113188487978,0.007990857340211,40.0,1.403244718603443,2295.2849507990045,870.9349258319819,0.0,0.0,0.0,0.0,,
111.0,5.079973664994414,-0.0745373942506654,8.59534646883014,-0.0260754385538117,-0.0091998953322193,-0.0042406280734106,40.0,1.403244718603443,2295.952025785869,874.8789099802639,0.0,0.0,0.0,0.0,2298.454695176929,871.4502797545988
111.1,4.766974098144235,-0.0122432257118426,8.5235717063526,0.008026599984993,0.000408767572004,-0.0016569346489354,40.0,1.403244718603443,2296.6191007727334,878.8228941285458,0.0,0.0,0.0,0.0,,
111.2,5.010352465673774,0.0386428542276276,8.606117636315748,0.0087693670293151,-0.0016952358607937,-0.0039725300616125,40.0,1.403244718603443,2297.286175759598,882.7668782768278,0.0,0.0,0.0,0.0,,
111.3,4.857057476625188,-0.0624684039457049,8.418419261037906,0.0036805042758975,0.0051517439012805,0.0044888130698462,40.0,1.403244718603443,2297.9532507464623,886.7108624251098,0.0,0.0,0.0,0.0,,
111.4,4.95741871818507,0.0414959457500005,8.388323414155494,-0.0082539225764295,-0.0195543789731071,-0.0019514935807687,40.0,1.403244718603443,2298.620325733327,890.6548465733918,0.0,0.0,0.0,0.0,,
111.5,5.025971817990167,-0.0854367157059351,8.430038155511454,0.0056643128741231,0.0032068949642266,-0.0057953285216603,40.0,1.403244718603443,2299.2874007201917,894.5988307216737,0.0,0.0,0.0,0.0,,
111.6,5.104558903468045,0.1891025134033228,8.29623173254256,-0.0072383686964115,0.0099109068314619,0.0035314647874469,40.0,1.403244718603443,2299.954475707056,898.5428148699557,0.0,0.0,0.0,0.0,,
111.7,4.622033307882221,-0.1899522257099029,8.428303767349473,-0.010630426502846,-0.0061342377063644,0.0053239621368357,40.0,1.403244718603443,2300.62155069392,902.4867990182375,0.0,0.0,0.0,0.0,,
111.8,5.174338190605209,-0.0235680874341683,8.626590481061259,0.0152876016203677,0.0123430966935207,0.0078475459338556,40.0,1.403244718603443,2301.2886256807847,906.4307831665196,0.0,0.0,0.0,0.0,,
111.9,4.660506627824153,0.0891237298105798,8.622969194297376,0.0001893289456458,0.0154458387007524,0.0135983356146745,40.0,1.403244718603443,2301.955700667649,910.3747673148016,0.0,0.0,0.0,0.0,,
112.0,5.040241006572916,0.1829571066808756,8.515714688814477,-0.0239281049939535,-0.0069913895147036,0.0169716802724785,40.0,1.403244718603443,2302.6227756545136,914.3187514630836,0.0,0.0,0.0,0.0,2298.3392056622693,916.2486411240563
112.1,4.833861298985255,-0.0135208757855408,8.308983764039885,0.0188392259520176,0.0148149245741801,-0.0038386889514072,40.0,1.403244718603443,2303.289850641378,918.2627356113657,0.0,0.0,0.0,0.0,,
112.2,4.977094700058362,-0.0820741071646071,8.557950906980052,0.0060968307724232,0.0061170557161326,0.0083191844770788,40.0,1.403244718603443,2303.9569256282425,922.2067197596476,0.0,0.0,0.0,0.0,,
112.3,5.395310930958269,-0.1341885647516108,8.209118707959869,-0.0029309020070146,-0.0176798826556026,-0.0099246227000599,40.0,1.403244718603443,2304.624000615107,926.1507039079296,0.0,0.0,0.0,0.0,,
112.4,4.804802801870304,-0.1183283358147441,8.322516495832836,0.0061821895044541,-0.0070618906108533,0.0032048542512751,40.0,1.403244718603443,2305.2910756019714,930.0946880562116,0.0,0.0,0.0,0.0,,
112.5,5.08913491617514,-0.0949483787172139,8.426027326319637,0.0046575998609291,-0.0214156780062022,-0.0188490550895058,40.0,1.403244718603443,2305.958150588836,934.0386722044934,0.0,0.0,0.0,0.0,,
112.6,5.0069175993196575,0.0938021420850347,8.775342231353207,0.002580948758668,0.0061973971725809,0.0030452735641402,40.0,1.403244718603443,2306.6252255757004,937.9826563527754,0.0,0.0,0.0,0.0,,
112.7,4.999584083237762,0.2700885262624301,8.1471102884065,0.0051361625757168,0.0193558673007736,0.0078203421920934,40.0,1.403244718603443,2307.292300562565,941.9266405010574,0.0,0.0,0.0,0.0,,
112.8,5.202585944484927,-0.0743818224294163,8.460902087000788,0.0013352470238858,-0.0241759107935877,-0.006681778278502,40.0,1.403244718603443,2307.9593755494293,945.8706246493392,0.0,0.0,0.0,0.0,,
112.9,4.790468738092401,0.1433099117048791,8.596532176977954,0.0042403644270653,0.006241028968557,0.0033585058727822,40.0,1.403244718603443,2308.6264505362938,949.8146087976212,0.0,0.0,0.0,0.0,,
113.0,5.135289750430931,0.0213182663948107,8.474388818239358,-0.0016559263326241,0.0048445047763642,0.0007880118338708,40.0,1.403244718603443,2309.293525523158,953.7585929459032,0.0,0.0,0.0,0.0,2308.3996743818548,956.6145949222715
113.1,5.101464706579709,-0.149822371107401,8.300871772916116,0.007874267551265,-0.0028854421458301,0.0004610858384687,40.0,1.403244718603443,2309.9606005100227,957.7025770941852,0.0,0.0,0.0,0.0,,
113.2,5.088508659871319,-0.0710892121129126,8.43567902298029,0.0149922795007115,0.0133914234581065,0.0207239821027032,40.0,1.403244718603443,2310.627675496887,961.6465612424672,0.0,0.0,0.0,0.0,,
113.3,4.9126811334599125,0.2046054357476705,8.323366286960043,-0.0080690287472206,-0.0255045585262436,0.0217286820189853,40.0,1.403244718603443,2311.294750483752,965.5905453907492,0.0,0.0,0.0,0.0,,
113.4,4.825403022638588,0.001020113037941,8.329160559836103,0.0079516524833014,-0.0057563366071734,-0.0080481689043294,40.0,1.403244718603443,2311.961825470616,969.5345295390312,0.0,0.0,0.0,0.0,,
113.5,5.021249384627908,-0.1950595037215342,8.340098352328022,-0.0200688911462608,-0.016239581121976,0.0067852916972047,40.0,1.403244718603443,2312.6289004574805,973.4785136873132,0.0,0.0,0.0,0.0,,
113.6,4.6603195942845606,-0.2021718586932573,8.465353873705425,-0.0044360689609305,0.017920366359593,0.0233389654602437,40.0,1.403244718603443,2313.295975444345,977.4224978355952,0.0,0.0,0.0,0.0,,
113.7,4.824811630587326,0.1035706427605222,8.578101594657262,-0.004974788580244,-0.016955415364982,0.0048770155069194,40.0,1.403244718603443,2313.963050431209,981.3664819838772,0.0,0.0,0.0,0.0,,
113.8,4.929073148777882,-0.0453646745455928,8.532056741350019,-0.0065072960700559,-0.0135199754757914,0.0060908297034983,40.0,1.403244718603443,2314.630125418074,985.310466132159,0.0,0.0,0.0,0.0,,
113.9,5.01289551388533,-0.1564967415850079,8.604922802774007,-0.0167048113777607,-0.0077811345871564,0.0024199146380239,40.0,1.403244718603443,2315.2972004049384,989.254450280441,0.0,0.0,0.0,0.0,,
114.0,4.85956644310221,-0.0647590710326788,8.746370383471563,-0.0075088408903889,0.0224122172247191,0.0093712677973105,40.0,1.403244718603443,2315.964275391803,993.198434428723,0.0,0.0,0.0,0.0,2317.857225890097,992.9071187780955
114.1,4.968808270596798,0.0914360530081498,8.845198373513139,-0.0089359300393144,-0.0132041791893638,-0.0025486619657192,40.0,1.403244718603443,2316.631350378668,997.142418577005,0.0,0.0,0.0,0.0,,
114.2,4.959821472044683,-0.238865668721886,8.469060097023137,0.0179354713341367,-0.0004859260937522,0.0020731454102472,40.0,1.403244718603443,2317.298425365532,1001.0864027252868,0.0,0.0,0.0,0.0,,
114.3,4.862275932697455,0.1547767556827346,8.341834295139638,0.0194639592059924,0.0173335974771435,0.0075675079866178,40.0,1.403244718603443,2317.965500352396,1005.0303868735688,0.0,0.0,0.0,0.0,,
114.4,4.953272736788502,0.1745989712362339,8.629928986459444,-0.0070599173105941,-0.007265551331367,-0.0082234743468329,40.0,1.403244718603443,2318.6325753392607,1008.9743710218509,0.0,0.0,0.0,0.0,,
114.5,5.016359740750108,0.1199941825185336,8.263220365446154,-0.0035519890481615,-0.0154725391758134,-0.0039879981024383,40.0,1.403244718603443,2319.299650326125,1012.9183551701328,0.0,0.0,0.0,0.0,,
114.6,5.037652559033944,-0.0900223100017419,8.4205853177205,-0.0152731172794731,-0.0001300979027533,0.0045572668015535,40.0,1.403244718603443,2319.9667253129896,1016.8623393184148,0.0,0.0,0.0,0.0,,
114.7,4.845656112495025,-0.0083521446523711,8.492753443200861,-0.0071486814890934,-0.0167626254400177,0.0230557443268681,40.0,1.403244718603443,2320.633800299854,1020.8063234666968,0.0,0.0,0.0,0.0,,
114.8,4.860009094293458,0.0054859845219666,8.617335171378393,0.0362905518757048,-0.0144448644988886,0.009498272137265,40.0,1.403244718603443,2321.3008752867186,1024.7503076149787,0.0,0.0,0.0,0.0,,
114.9,4.848867157205883,-0.0608185456865066,8.357677407974327,-0.0102565496780058,-0.0024129136178466,-0.0097450268704823,40.0,1.403244718603443,2321.967950273583,1028.6942917632607,0.0,0.0,0.0,0.0,,
115.0,5.09702113497678,0.0282504404050061,8.529074457060561,-0.0036618861194622,-0.0056720393421174,0.0078756390516732,40.0,1.403244718603443,2322.6350252604475,1032.638275911543,0.0,0.0,0.0,0.0,2319.247850388174,1026.5788870127994
115.1,4.780392405139126,-0.0336985651620003,8.336767184043577,-0.0079056881059101,-0.0230983824062564,0.0183932658947999,40.0,1.403244718603443,2323.302100247312,1036.5822600598246,0.0,0.0,0.0,0.0,,
115.2,4.852019187026934,0.1945064082745325,8.62602805933449,-0.0118599970651649,-0.0128841123567284,0.0306050295935568,40.0,1.403244718603443,2323.9691752341764,1040.5262442081066,0.0,0.0,0.0,0.0,,
115.3,5.217638891289071,0.0152722230007843,8.504315177087948,-0.0053084640294718,0.0023235271420033,-0.0021718190072247,40.0,1.403244718603443,2324.636250221041,1044.4702283563886,0.0,0.0,0.0,0.0,,
115.4,4.650146935355242,-0.1782333679766576,8.468873123302933,-0.0103106723550258,-0.0026727746491353,-0.0057466103943286,40.0,1.403244718603443,2325.3033252079053,1048.4142125046706,0.0,0.0,0.0,0.0,,
115.5,4.8376469116247005,0.1479747959619787,8.502831293271361,0.0009033557868665,0.0067896397307065,0.0098060859334734,40.0,1.403244718603443,2325.97040019477,1052.3581966529523,0.0,0.0,0.0,0.0,,
115.6,5.171984493687704,-0.048978889347271,8.401263964346219,-0.0120110926639134,-0.0062898071737241,0.0146476989430244,40.0,1.403244718603443,2326.6374751816343,1056.3021808012345,0.0,0.0,0.0,0.0,,
115.7,5.14999810583932,0.1640457752130001,8.19658043114293,0.0118314521266073,-0.0203851862327207,0.0139811732412234,40.0,1.403244718603443,2327.3045501684987,1060.2461649495165,0.0,0.0,0.0,0.0,,
115.8,4.899832321014341,0.1253799970900783,8.26584195894116,0.0127116763270614,-0.0166497474610488,-0.0016845491085317,40.0,1.403244718603443,2327.971625155363,1064.1901490977984,0.0,0.0,0.0,0.0,,
115.9,4.805285805834644,-0.2431427279233748,8.479888346263616,0.0190608911783696,0.0246690522232,0.0059715578708624,40.0,1.403244718603443,2328.638700142228,1068.1341332460804,0.0,0.0,0.0,0.0,,
116.0,5.122502191260128,0.0548141956892805,8.540541690340577,-0.0024214865112723,-4.923074577397875e-05,0.0103747870460642,40.0,1.403244718603443,2329.305775129092,1072.0781173943624,0.0,0.0,0.0,0.0,2327.519715320824,1075.5037125716563
116.1,4.868231040668549,0.0083758550160518,8.456944693275721,0.0092640331733052,-0.0126603217162768,0.0044845779139234,40.0,1.403244718603443,2329.9728501159566,1076.0221015426444,0.0,0.0,0.0,0.0,,
116.2,5.241800820357904,0.1946090228878906,8.668086068458651,0.0012443184017803,0.0012099756368602,0.0150223616670292,40.0,1.403244718603443,2330.639925102821,1079.9660856909263,0.0,0.0,0.0,0.0,,
116.3,5.189038329429639,-0.272740436932433,8.268393015067868,0.0140944410140264,-0.004768893557688,-0.0017172078925807,40.0,1.403244718603443,2331.307000089685,1083.9100698392083,0.0,0.0,0.0,0.0,,
116.4,4.766875851950658,-0.0632525052316164,8.255353818611772,0.0219109427273247,-0.0022243605198057,0.0044204945823728,40.0,1.403244718603443,2331.97407507655,1087.8540539874905,0.0,0.0,0.0,0.0,,
116.5,5.043211501275174,0.1643517753899854,8.607592434608542,0.0117362194390757,-0.0083084555079085,0.0020213319504313,40.0,1.403244718603443,2332.6411500634144,1091.7980381357722,0.0,0.0,0.0,0.0,,
116.6,5.0703547483163405,-0.0591083592459429,8.464943216321261,0.0049876376442481,0.0058518508231037,-0.012776809623702,40.0,1.403244718603443,2333.308225050279,1095.7420222840542,0.0,0.0,0.0,0.0,,
116.7,5.062211847483341,-0.0150586086777588,8.571827867755003,0.0087693169235482,0.0140791506111915,0.018534536476212,40.0,1.403244718603443,2333.975300037144,1099.6860064323362,0.0,0.0,0.0,0.0,,
116.8,5.156985749391543,0.2365505478749357,8.509416058847737,0.0013218508703683,0.0067281708317833,0.0123208095143302,40.0,1.403244718603443,2334.642375024008,1103.629990580618,0.0,0.0,0.0,0.0,,
116.9,4.90864006448926,0.0807235113212402,8.460444741107656,-0.0075393290846005,0.0109046074137634,0.0055519924253008,40.0,1.403244718603443,2335.3094500108723,1107.5739747289,0.0,0.0,0.0,0.0,,
117.0,5.262306238654827,-0.2238238405299749,8.38219239519884,0.0013263883669087,0.0093738109762891,0.0089946937260218,40.0,1.403244718603443,2335.9765249977368,1111.517958877182,0.0,0.0,0.0,0.0,2336.8328999742575,1106.535003762334
117.1,5.001570913127112,-0.149089568883122,8.292168001540924,0.004225046602899,-0.0156410599381835,-0.0003187775028932,40.0,1.403244718603443,2336.643599984601,1115.461943025464,0.0,0.0,0.0,0.0,,
117.2,5.030137599362877,-0.1273486408415164,8.706512605479617,0.0132393634423789,-0.017714199983383,-0.0043237124318198,40.0,1.403244718603443,2337.3106749714657,1119.405927173746,0.0,0.0,0.0,0.0,,
117.3,4.612133413325757,-0.0973887043822199,8.580667482611204,-0.0031389494227485,0.0026079724361596,-0.0102233431828174,40.0,1.403244718603443,2337.97774995833,1123.349911322028,0.0,0.0,0.0,0.0,,
117.4,5.074696288187285,-0.0632663841892524,8.46753466346778,7.125498606947269e-05,-0.0147154852089228,-0.0065308433173978,40.0,1.403244718603443,2338.6448249451946,1127.29389547031,0.0,0.0,0.0,0.0,,
117.5,5.100169170350513,0.0798488236252543,8.623216567358359,0.0042465823550251,-0.0005700936519078,-0.0122601061866676,40.0,1.403244718603443,2339.311899932059,1131.237879618592,0.0,0.0,0.0,0.0,,
117.6,4.914444995485824,0.0158923519394383,8.75867529086623,0.0078695663209867,0.0133606118170952,0.0109753770589472,40.0,1.403244718603443,2339.9789749189235,1135.181863766874,0.0,0.0,0.0,0.0,,
117.7,4.848304515957578,0.0375686324224776,8.50114275806498,-0.0083915556977068,-0.0058438737659292,0.0029423300632282,40.0,1.403244718603443,2340.646049905788,1139.125847915156,0.0,0.0,0.0,0.0,,
117.8,5.195842974884767,-0.2921110788086467,8.64658197423275,-0.0083679523495938,-0.0157207918726961,0.0167994213003846,40.0,1.403244718603443,2341.3131248926525,1143.0698320634378,0.0,0.0,0.0,0.0,,
117.9,5.064784710385156,0.2081778053571784,8.58581450325718,0.021598450017374,0.0035872383694448,0.0034352262387684,40.0,1.403244718603443,2341.980199879517,1147.0138162117198,0.0,0.0,0.0,0.0,,
118.0,5.006438956598201,0.2065203692518945,8.348802912336328,-0.0055188858253138,-0.005089600145979,-0.0160458279876533,40.0,1.403244718603443,2342.6472748663814,1150.9578003600018,0.0,0.0,0.0,0.0,2343.339998569786,1152.4990698789172
118.1,4.975711761262631,-0.2629193055926539,8.473668108065239,0.0096528975613525,-0.0067687646064383,0.0217711587018687,40.0,1.403244718603443,2343.314349853246,1154.9017845082838,0.0,0.0,0.0,0.0,,
118.2,4.735924865087226,0.1986891022447748,8.566979769586384,-0.0161603324831068,0.0251079429904053,0.0043625471449603,40.0,1.403244718603443,2343.9814248401103,1158.8457686565655,0.0,0.0,0.0,0.0,,
118.3,4.823377396676655,-0.1910630792176025,8.432706506976395,-0.0002740687238995,-0.0009735447146033,0.0020220384377603,40.0,1.403244718603443,2344.648499826975,1162.7897528048477,0.0,0.0,0.0,0.0,,
118.4,5.049983796517263,-0.0381444748994869,8.175464593539274,-0.0004936149564964,-0.0256747765337327,0.0085377063089138,40.0,1.403244718603443,2345.3155748138392,1166.7337369531297,0.0,0.0,0.0,0.0,,
118.5,4.808104965457604,0.04450405323737,8.662820458354036,-0.00848748695268,0.0086125625851211,0.0006661043331384,40.0,1.403244718603443,2345.982649800704,1170.6777211014116,0.0,0.0,0.0,0.0,,
118.6,5.217979220309837,-0.034772891979732,8.339635263299341,0.0078723845039528,-0.0063578972962363,-0.00341449514129,40.0,1.403244718603443,2346.649724787568,1174.6217052496936,0.0,0.0,0.0,0.0,,
118.7,4.88332402239443,0.0133090201725497,8.667036230812073,-0.0183408774545957,-0.0017691934104957,0.0112490359465404,40.0,1.403244718603443,2347.3167997744326,1178.5656893979756,0.0,0.0,0.0,0.0,,
118.8,4.984017286248768,0.2164797754150301,8.454557411661566,-0.0008455144218594,0.0039232954701334,0.0059931381495134,40.0,1.403244718603443,2347.983874761297,1182.5096735462575,0.0,0.0,0.0,0.0,,
118.9,4.896438689257929,0.0974216059379569,8.367829967142848,-0.0051117715201932,-0.0072799402176561,0.018530691601664,40.0,1.403244718603443,2348.6509497481616,1186.4536576945395,0.0,0.0,0.0,0.0,,
119.0,4.471847546602143,0.0793398252144413,8.470849983255379,-0.0158087045923812,0.00109726779136,0.0097575199183153,40.0,1.403244718603443,2349.318024735026,1190.3976418428217,0.0,0.0,0.0,0.0,2345.7825949902217,1191.0125422666038
119.1,5.043445884703609,-0.3777742094567423,8.670667622903512,-0.0063773670468484,0.0048656774675317,0.0124107378068228,40.0,1.403244718603443,2349.9850997218905,1194.3416259911037,0.0,0.0,0.0,0.0,,
119.2,4.8234954371571055,0.1190689928527325,8.407885224988492,-0.0197137717933815,0.0096774192552777,-0.0027504496301623,40.0,1.403244718603443,2350.652174708755,1198.2856101393854,0.0,0.0,0.0,0.0,,
119.3,4.826825980589291,-0.0404598802055083,8.506544719924454,0.0004272958917789,0.0034806692470717,-0.0083948936652865,40.0,1.403244718603443,2351.3192496956194,1202.2295942876674,0.0,0.0,0.0,0.0,,
119.4,4.843642044435389,0.0026004391517699,8.750392305024151,-0.0001381253841375,0.0088522226366163,0.0053855516878431,40.0,1.403244718603443,2351.986324682484,1206.1735784359494,0.0,0.0,0.0,0.0,,
119.5,4.882451204384364,-0.017008663617166,8.440446254321014,0.0070364573896073,0.0117461126757655,0.0085968084768632,40.0,1.403244718603443,2352.6533996693483,1210.117562584231,0.0,0.0,0.0,0.0,,
119.6,5.133061651811262,-0.1247184606444528,8.40351463480324,-0.0062430253420766,0.0011444459087485,0.0014104161482058,40.0,1.403244718603443,2353.320474656213,1214.0615467325133,0.0,0.0,0.0,0.0,,
119.7,5.064465940555128,-0.1196502567448662,8.472163857123537,0.0078685791101225,-0.0226530277504061,0.026216313073302,40.0,1.403244718603443,2353.9875496430773,1218.0055308807953,0.0,0.0,0.0,0.0,,
119.8,4.912527217268018,-0.2837559870514259,8.489423295911863,0.0013344346797315,-0.0028189437957249,0.0149119111292666,40.0,1.403244718603443,2354.6546246299417,1221.9495150290772,0.0,0.0,0.0,0.0,,
119.9,5.067116745714058,0.0646814286535767,8.533232556217342,-4.35844943808654e-05,0.0157549084924004,-0.0097919601835776,40.0,1.403244718603443,2355.321699616806,1225.8934991773592,0.0,0.0,0.0,0.0,,
