time,accel_x,accel_y,accel_z,gyro_x,gyro_y,gyro_z,true_speed,true_heading,true_x,true_y,true_accel_x_vehicle,true_accel_x_world,true_accel_y_world,true_accel_z_world
0.0,6.761557930520562,-0.0007396451756776987,7.562862491840448,0.016230298564080255,-0.00434153374723336,0.0026586304305081946,0.0,0.0,0.0,0.0,2.0,2.0,0.0,0.0
0.1,6.923932729894986,0.1351152093729363,7.3952880532351015,0.006425600435859647,-0.006634176928124623,0.0003427024642974315,0.2,0.0,0.020000000000000004,0.0,2.0,2.0,0.0,0.0
0.2,6.723345148303783,-0.26699203669866967,7.206971536248389,-0.004622875292409727,-0.012128311203344238,0.00814247332595274,0.4,0.0,0.06000000000000001,0.0,2.0000000000000004,2.0000000000000004,0.0,0.0
0.30000000000000004,6.550847196240695,-0.19184555520029373,7.685556526463578,-0.0012577630048653567,-0.0013247179531207616,-0.009247481862134567,0.6000000000000001,0.0,0.12000000000000002,0.0,2.0,2.0,0.0,0.0
0.4,6.605393398890099,0.03663838845647992,7.293060174511999,0.0047569801834567195,-0.008006386899188051,0.002083062502067232,0.8,0.0,0.20000000000000004,0.0,1.9999999999999996,1.9999999999999996,0.0,0.0
0.5,6.5967948157344685,0.29784172767634065,7.463684627414654,-0.009577109289559002,0.00622544912103189,-0.007208436499710222,1.0,0.0,0.30000000000000004,0.0,2.0000000000000004,2.0000000000000004,0.0,0.0
0.6000000000000001,6.718380346819591,-0.2739505185819663,7.26648130379058,0.0029686123586912354,0.005384665799954104,0.006713682811899705,1.2000000000000002,0.0,0.42000000000000004,0.0,2.0000000000000004,2.0000000000000004,0.0,0.0
0.7000000000000001,6.669703565210641,-0.025165554338393317,7.24393091257023,-0.0061984420839470864,-0.006606387709597875,0.015571222262189158,1.4000000000000001,0.0,0.56,0.0,1.9999999999999996,1.9999999999999996,0.0,0.0
0.8,6.738593551004146,-0.2444560233044101,7.514321806534563,-0.0028508228041631656,-0.008769220003059588,0.011116762888408679,1.6,0.0,0.7200000000000001,0.0,1.9999999999999996,1.9999999999999996,0.0,0.0
0.9,6.841700735943269,0.15969201786742976,7.339826582641948,-0.002092123758512146,0.0013126343140356395,0.014755451271223591,1.8,0.0,0.9000000000000001,0.0,1.9999999999999996,1.9999999999999996,0.0,0.0
1.0,6.615174671892084,-0.007848846499572567,7.29975896502444,-0.010962066240806707,0.006125258223941981,0.01856240028570823,2.0,0.0,1.1,0.0,2.0000000000000004,2.0000000000000004,0.0,0.0
1.1,6.676249289331828,0.17052993468380362,7.519954614882488,-0.005451197546051243,0.0016139560550841392,0.020380365664659693,2.2,0.0,1.32,0.0,2.0000000000000018,2.0000000000000018,0.0,0.0
1.2000000000000002,6.681676901702384,0.25469654837210093,7.072747445511883,0.00921902504375224,-0.0011295293176182878,0.0020099264953413252,2.4000000000000004,0.0,1.56,0.0,1.9999999999999996,1.9999999999999996,0.0,0.0
1.3,6.700814924049202,-0.2781353371901339,7.432758427949717,0.004571125715117464,0.012778940447415161,-0.00018270218273647425,2.6,0.0,1.82,0.0,1.9999999999999996,1.9999999999999996,0.0,0.0
1.4000000000000001,6.565776767134898,-0.055263556537680475,7.6030195287806555,0.004287511096596844,-0.007297602037670388,0.010132674331133561,2.8000000000000003,0.0,2.1,0.0,1.9999999999999996,1.9999999999999996,0.0,0.0
1.5,6.701612439971083,0.16529674857993337,7.360401247043741,-0.002276621465977682,-0.005921081531321576,-0.009635149481321187,3.0,0.0,2.4000000000000004,0.0,1.9999999999999996,1.9999999999999996,0.0,0.0
1.6,6.731468849128565,0.0591582908269834,7.466476229621713,-0.0013458713337514694,-0.01615370742050414,0.0007935467723464099,3.2,0.0,2.7200000000000006,0.0,2.0000000000000018,2.0000000000000018,0.0,0.0
1.7000000000000002,6.635643630089861,-0.10034159038324282,7.441516354375443,0.005040508568145384,0.016861859012105303,0.00674577812831839,3.4000000000000004,0.0,3.0600000000000005,0.0,1.9999999999999996,1.9999999999999996,0.0,0.0
1.8,6.725683366177291,0.008833112635074919,7.177893528830488,0.0007348612455078313,-0.0013976979005897356,0.029632421124852863,3.6,0.0,3.4200000000000004,0.0,1.9999999999999996,1.9999999999999996,0.0,0.0
1.9000000000000001,6.658196662851709,0.06523210135004187,7.460502445669558,-0.010686780376195321,0.009428228145150206,0.012519330326867742,3.8000000000000003,0.0,3.8000000000000003,0.0,1.9999999999999996,1.9999999999999996,0.0,0.0
2.0,6.805705599625334,-0.11640811821921083,7.6761283577657595,-0.013018510627922808,0.0038685709380027033,0.026904556258099788,4.0,0.0,4.2,0.0,1.9999999999999996,1.9999999999999996,0.0,0.0
2.1,6.538470358799275,-0.06494465944041578,7.480656915888489,-0.004034756541161992,-0.017506634310661327,0.005685629748060274,4.2,0.0,4.62,0.0,2.0000000000000018,2.0000000000000018,0.0,0.0
2.2,6.527705250509963,0.09103886459527724,7.327795575990273,0.016499344050175394,-0.00983253292336237,0.001779384837943244,4.4,0.0,5.0600000000000005,0.0,2.0000000000000018,2.0000000000000018,0.0,0.0
2.3000000000000003,6.809078390174329,-0.1646296474650933,7.499828201315963,0.014071427542824283,-0.018074832345612274,0.006846338585323042,4.6000000000000005,0.0,5.5200000000000005,0.0,2.0000000000000018,2.0000000000000018,0.0,0.0
2.4000000000000004,6.7260332267061385,0.13727343076659654,7.280166604493633,-0.012204566130842764,0.0032194156561689766,0.007969846732331861,4.800000000000001,0.0,6.000000000000001,0.0,1.9999999999999973,1.9999999999999973,0.0,0.0
2.5,6.724624735120757,0.07196723142454635,7.363705502888571,0.0033225369716100355,0.0009307247329868127,-0.002143514180263678,5.0,0.0,6.500000000000001,0.0,1.9999999999999973,1.9999999999999973,0.0,0.0
2.6,6.9669169842405925,0.09107493813676813,7.287013686544946,0.007565536086338297,-0.011746816702273215,0.01287084603742452,5.2,0.0,7.020000000000001,0.0,2.0000000000000018,2.0000000000000018,0.0,0.0
2.7,6.860840144419989,-0.10310234775275656,7.610215630511991,0.005127809269364983,0.0062206015999449,0.023967929826539475,5.4,0.0,7.560000000000001,0.0,2.0000000000000018,2.0000000000000018,0.0,0.0
2.8000000000000003,6.650242590168448,-0.09306042465362342,7.332282046681515,-0.007158102849654384,-0.002771017094141042,0.00841151974816644,5.6000000000000005,0.0,8.120000000000001,0.0,2.0000000000000018,2.0000000000000018,0.0,0.0
2.9000000000000004,6.728554427468378,0.14407748735540357,7.467659494907031,0.015535340771573168,-0.004646568332379561,0.03220169166589619,5.800000000000001,0.0,8.700000000000001,0.0,1.9999999999999973,1.9999999999999973,0.0,0.0
3.0,6.780900909733626,-0.10857363346244238,7.305075336416178,0.0058247241524318535,-0.0042346278532585085,0.01214000494092092,6.0,0.0,9.3,0.0,1.9999999999999973,1.9999999999999973,0.0,0.0
3.1,6.7580364512549105,0.009075663101469084,7.338690153415083,-0.014148472246858647,-0.006465149520670211,0.013563987943234723,6.2,0.0,9.920000000000002,0.0,2.0000000000000018,2.0000000000000018,0.0,0.0
3.2,6.719164869188409,-0.1668608168067982,7.491686350003021,0.004853173797288368,-0.01083857436201133,0.006537251059455279,6.4,0.0,10.560000000000002,0.0,2.0000000000000018,2.0000000000000018,0.0,0.0
3.3000000000000003,6.695782115335779,-0.15144554467459348,7.519377315177586,0.006607845263682344,0.008830512431752771,0.01553802052034903,6.6000000000000005,0.0,11.220000000000002,0.0,2.0000000000000018,2.0000000000000018,0.0,0.0
3.4000000000000004,6.480400402375311,-0.12067375598726841,7.542964501206644,0.006137859509122088,0.003150476863060479,0.04352731490654721,6.800000000000001,0.0,11.900000000000002,0.0,1.9999999999999973,1.9999999999999973,0.0,0.0
3.5,6.77268438417285,0.19033484602708983,7.608809475649325,0.00751391251305798,-0.005152692446403456,0.012589692204932675,7.0,0.0,12.600000000000001,0.0,1.9999999999999973,1.9999999999999973,0.0,0.0
3.6,6.571127025388243,-0.01552279101100133,7.392904678950978,0.0018187413938632255,0.021146585666735086,-0.013672651925917479,7.2,0.0,13.320000000000002,0.0,2.0000000000000018,2.0000000000000018,0.0,0.0
3.7,6.789989836125056,-0.22190738067844776,7.394919431256929,0.011889505969673662,-0.0013571998090453723,-0.005777447779293061,7.4,0.0,14.060000000000002,0.0,2.0000000000000018,2.0000000000000018,0.0,0.0
3.8000000000000003,6.579755251179884,0.12193966234020137,7.356154216367773,0.003164585895819749,-0.001544281600961862,-0.0015160034760581713,7.6000000000000005,0.0,14.820000000000002,0.0,2.0000000000000018,2.0000000000000018,0.0,0.0
3.9000000000000004,7.008642420967674,0.11508785334770169,7.161937823126704,0.0028645431476942767,-0.00861786464768388,0.013524333347962238,7.800000000000001,0.0,15.600000000000001,0.0,1.9999999999999973,1.9999999999999973,0.0,0.0
4.0,6.568172696803973,0.0027895337799651483,7.541457302972412,0.009657551941701214,-0.014002964070557762,0.001654987641590516,8.0,0.0,16.400000000000002,0.0,2.0000000000000018,2.0000000000000018,0.0,0.0
4.1000000000000005,6.615809010894735,-0.07799938488605677,7.730527347167508,0.005049817109609556,-0.014608839543350452,0.01417861947054776,8.200000000000001,0.0,17.220000000000002,0.0,2.0000000000000018,2.0000000000000018,0.0,0.0
4.2,7.0053742371207655,0.174869789082672,7.2378037162322455,-0.0038423407286625137,0.010669111491866227,-0.0020766946561878077,8.4,0.0,18.060000000000002,0.0,1.999999999999993,1.999999999999993,0.0,0.0
4.3,6.753623721790813,0.13619510801440052,7.326669640388631,0.0004047464393819992,-0.03441267340069073,-0.005243876413342899,8.6,0.0,18.92,0.0,2.0000000000000018,2.0000000000000018,0.0,0.0
4.4,6.6491655848599045,-0.16716747729472742,7.7105709067150885,-0.013301413779606325,-0.006400444866969838,0.006307405772860914,8.8,0.0,19.8,0.0,2.0000000000000018,2.0000000000000018,0.0,0.0
4.5,6.903241800928796,-0.1953793226769159,7.640183773948587,0.0011023306101958705,-0.01181508651047951,0.009621034742632708,9.0,0.0,20.7,0.0,2.0000000000000018,2.0000000000000018,0.0,0.0
4.6000000000000005,6.716909761904899,-0.0700325315738192,7.476179523873846,-0.002853135968617602,-0.0008648265474875197,0.011621306745210468,9.200000000000001,0.0,21.62,0.0,2.0000000000000018,2.0000000000000018,0.0,0.0
4.7,6.924953329990681,-0.16567232482402736,7.7856642173237836,-0.01852087799522502,-0.0035178509503558334,0.010883172064845766,9.4,0.0,22.560000000000002,0.0,2.0000000000000018,2.0000000000000018,0.0,0.0
4.800000000000001,6.729199587729133,-0.07340492797308906,7.434490873571752,-0.003930009346588328,-0.007893647569442115,0.013496020970210246,9.600000000000001,0.0,23.520000000000003,0.0,2.0000000000000018,2.0000000000000018,0.0,0.0
4.9,6.740603130463628,-0.08393643928909812,7.600649192440335,0.004072995208766093,0.0061286211883896016,0.011296288419236123,9.8,0.0,24.500000000000004,0.0,1.999999999999993,1.999999999999993,0.0,0.0
5.0,6.562701555930568,-0.06402715602954542,7.577803251893832,0.007103702654334649,-0.0022090159396414813,0.00617327383308782,10.0,0.0,25.500000000000004,0.0,2.0000000000000018,2.0000000000000018,0.0,0.0
5.1000000000000005,6.8787005419371425,-0.06873570832537448,7.547773818300849,-0.0010219265243389406,-0.0041768120322722025,0.015987768519871902,10.200000000000001,0.0,26.520000000000003,0.0,2.0000000000000018,2.0000000000000018,0.0,0.0
5.2,6.810863259917083,0.14202644540009576,7.661531032198493,0.0012100384163275905,0.004819529712949639,0.0018973324340654397,10.4,0.0,27.560000000000002,0.0,2.0000000000000018,2.0000000000000018,0.0,0.0
5.300000000000001,6.735675760442145,0.00047854184484731263,7.480258605874251,0.006951570254369137,-0.010182206832334725,0.025923872756854604,10.600000000000001,0.0,28.62,0.0,2.0000000000000018,2.0000000000000018,0.0,0.0
5.4,6.5361482003439155,-0.16212829191815983,7.639425842150358,0.008916626939629357,0.004241198170521552,0.0112834550926428,10.8,0.0,29.700000000000003,0.0,1.999999999999993,1.999999999999993,0.0,0.0
5.5,6.685213791641841,-0.11458815572287472,7.477079894854402,-0.005771617115121117,0.007751197334177512,0.0035294261849786136,11.0,0.0,30.800000000000004,0.0,2.0000000000000018,2.0000000000000018,0.0,0.0
5.6000000000000005,6.563226228050002,-0.028207876247949012,7.527648929266687,-0.004637245528039747,-0.010222203955664314,0.0074368721149191234,11.200000000000001,0.0,31.920000000000005,0.0,2.0000000000000018,2.0000000000000018,0.0,0.0
5.7,6.723795793235187,-0.056041476305669455,7.3950534652825946,0.003320499373576363,-0.016480843414973242,-0.009074637743765553,11.4,0.0,33.06,0.0,2.0000000000000018,2.0000000000000018,0.0,0.0
5.800000000000001,6.579284174381013,-0.012017072756777086,7.512345345965044,0.01575356216949552,0.0065765962320201935,0.0034006147003657287,11.600000000000001,0.0,34.22,0.0,2.0000000000000018,2.0000000000000018,0.0,0.0
5.9,6.684198376383467,-0.13037940469567133,7.46293224072649,-0.0018865863892013834,0.0012271856033808947,-0.0032723094355232305,11.8,0.0,35.4,0.0,1.999999999999993,1.999999999999993,0.0,0.0
6.0,6.764952784705055,0.24991083695038663,7.449395188856815,0.005017117220989415,0.004901439917111125,0.0009877952811416374,12.0,0.0,36.6,0.0,2.0000000000000018,2.0000000000000018,0.0,0.0
6.1000000000000005,6.720664679840441,0.02188886011726923,7.480360625907668,-0.006730097838554665,-0.0017548982574105729,0.009979982912454497,12.200000000000001,0.0,37.82,0.0,2.0000000000000018,2.0000000000000018,0.0,0.0
6.2,6.904722348738135,0.163890623912781,7.788686579752077,-0.006673475628880495,0.006723206367206781,0.006833420057383518,12.4,0.0,39.06,0.0,2.0000000000000018,2.0000000000000018,0.0,0.0
6.300000000000001,7.015521247551529,-0.10124474280327271,7.339750934798227,-0.004993926454440222,-0.023238957243098067,-0.00025755021680761055,12.600000000000001,0.0,40.32,0.0,2.0000000000000018,2.0000000000000018,0.0,0.0
6.4,6.573180908335816,0.04255906797143114,7.516972607491922,0.019761708392158864,0.007504238381860503,-0.0007690365566240306,12.8,0.0,41.6,0.0,1.999999999999993,1.999999999999993,0.0,0.0
6.5,6.552288606866625,0.09378787572597586,7.267674230072247,0.01931458765854354,0.00979440120721287,0.00030824347895295166,13.0,0.0,42.9,0.0,2.0000000000000018,2.0000000000000018,0.0,0.0
6.6000000000000005,6.430080628205247,0.2230808561248119,7.44852823433745,0.013378163119734617,-0.017944276587943668,-0.000993750229537729,13.200000000000001,0.0,44.22,0.0,2.0000000000000018,2.0000000000000018,0.0,0.0
6.7,6.687837362526606,0.02704708906471131,7.398199390403457,0.0072284993234749875,-0.012676204293825944,0.0035762051497870654,13.4,0.0,45.56,0.0,2.0000000000000018,2.0000000000000018,0.0,0.0
6.800000000000001,6.705095152325663,0.09716582510881236,7.572451442838677,-0.010246420918378692,-0.017341141707356223,0.017776768218985092,13.600000000000001,0.0,46.92,0.0,2.0000000000000018,2.0000000000000018,0.0,0.0
6.9,6.736897909365809,-0.09227298048348304,7.698382007453726,0.0021567463429285868,0.009792971840638265,0.005675184814101089,13.8,0.0,48.300000000000004,0.0,1.999999999999993,1.999999999999993,0.0,0.0
7.0,6.996162996301177,0.2833011263664807,7.428364588853483,0.010715709509543554,0.004453759495851475,0.01868631557532349,14.0,0.0,49.7,0.0,2.0000000000000018,2.0000000000000018,0.0,0.0
7.1000000000000005,6.542312288481863,0.1229077189997659,7.624472884152781,-0.016587394864231143,-0.013832585126657752,-0.015392321777601005,14.200000000000001,0.0,51.120000000000005,0.0,2.0000000000000018,2.0000000000000018,0.0,0.0
7.2,6.646639782402195,0.12763133836939433,7.691062768939748,0.0017409478041977519,0.014286155455712919,-0.008801014582148915,14.4,0.0,52.56,0.0,2.0000000000000018,2.0000000000000018,0.0,0.0
7.300000000000001,6.431543441665605,0.011667845165507184,7.523319028466239,0.0006730525190590689,-0.022674421000398765,0.004108799604872116,14.600000000000001,0.0,54.02,0.0,2.0000000000000018,2.0000000000000018,0.0,0.0
7.4,6.491380382493142,0.12045088232450576,7.520698948039875,-0.008398797863273553,-0.007138669173366936,-0.005592135218889517,14.8,0.0,55.5,0.0,1.999999999999993,1.999999999999993,0.0,0.0
7.5,6.6776489429779025,0.16327134807518573,7.317850304175012,0.006040465155178444,-0.007302576183724408,-0.0029287283226234412,15.0,0.0,57.0,0.0,2.0000000000000018,2.0000000000000018,0.0,0.0
7.6000000000000005,6.670996253575695,-0.13528634836290612,7.382661815323266,-0.010978778925888485,0.017647251329163893,0.005352635519717286,15.200000000000001,0.0,58.52,0.0,2.0000000000000018,2.0000000000000018,0.0,0.0
7.7,6.582091981369991,0.0520969866101333,7.448860003671719,-0.00120969599533223,0.004141667000434252,0.01257507710047305,15.4,0.0,60.06,0.0,2.0000000000000018,2.0000000000000018,0.0,0.0
7.800000000000001,6.607475635427299,-0.066372736096702,7.424451456552597,-0.022019211647355846,-0.017151910621985525,0.018668742674445248,15.600000000000001,0.0,61.620000000000005,0.0,2.0000000000000018,2.0000000000000018,0.0,0.0
7.9,6.933795964594063,-0.017355405933456743,7.552192755583713,0.004112501545435361,0.028788808084552378,0.016195749114345768,15.8,0.0,63.2,0.0,1.999999999999993,1.999999999999993,0.0,0.0
8.0,6.667863168846756,-0.12333106609006385,7.2247422630867115,0.003034636358672231,-0.009563507452843033,-0.009222537095976743,16.0,0.0,64.8,0.0,1.999999999999993,1.999999999999993,0.0,0.0
8.1,6.590064874932508,-0.14223220054215924,7.718780456386224,0.009816397569494505,-0.0020797264131661736,0.01979944138890026,16.2,0.0,66.42,0.0,2.0000000000000107,2.0000000000000107,0.0,0.0
8.200000000000001,6.69865605371603,-0.10919263019923954,7.694177822715788,0.006389100436846587,-0.012372461543264565,0.003096613219163918,16.400000000000002,0.0,68.06,0.0,2.0000000000000107,2.0000000000000107,0.0,0.0
8.3,6.555708069561157,-0.1874199596446504,7.604635843255094,0.020094166404701307,-0.015985675738191412,0.010629692366905709,16.6,0.0,69.72,0.0,1.999999999999993,1.999999999999993,0.0,0.0
8.4,6.589454422200596,-0.053068807564704404,7.376850122489517,-0.007639907696798161,-0.00151478372055173,-0.0033095011641103783,16.8,0.0,71.4,0.0,1.999999999999993,1.999999999999993,0.0,0.0
8.5,6.727619331435847,0.012464283582629458,7.429867004095386,-0.00807563662041598,-0.0077677133056833275,0.012553912258257562,17.0,0.0,73.10000000000001,0.0,1.999999999999993,1.999999999999993,0.0,0.0
8.6,6.762188385712544,-0.12663328671978266,7.480609056939723,0.008513871233717892,-0.018694052811213717,0.01043360192379935,17.2,0.0,74.82000000000001,0.0,2.0000000000000107,2.0000000000000107,0.0,0.0
8.700000000000001,6.587657243727009,0.1055898002889739,7.351220337643961,-0.01704882100664519,-0.018275424378831624,0.00548084946661382,17.400000000000002,0.0,76.56,0.0,2.0000000000000107,2.0000000000000107,0.0,0.0
8.8,6.7260091828270925,-0.11564749376566129,7.561498079941954,-0.015615200622689597,-0.0026607979864731656,-0.007110161997624567,17.6,0.0,78.32000000000001,0.0,1.999999999999993,1.999999999999993,0.0,0.0
8.9,6.589275391398547,0.027109800697462102,7.336647206332755,-0.0028455554422982536,0.008062928092144405,-0.0007689186952314873,17.8,0.0,80.10000000000001,0.0,1.999999999999993,1.999999999999993,0.0,0.0
9.0,6.812404624378642,-0.14945602819864273,7.54517983781264,0.015415686206579005,-0.026716445001272897,-0.0029689525547047678,18.0,0.0,81.9,0.0,1.999999999999993,1.999999999999993,0.0,0.0
9.1,6.773611626645968,-0.0104568079064489,7.521381092131035,-0.005039851867158206,-0.0011341021252710007,0.003443227646079205,18.2,0.0,83.72,0.0,2.0000000000000107,2.0000000000000107,0.0,0.0
9.200000000000001,6.862218116817858,0.05816312649518196,7.516349610436619,-0.0031187696612246735,-0.006876062240724935,0.0006744181218037906,18.400000000000002,0.0,85.56,0.0,2.0000000000000107,2.0000000000000107,0.0,0.0
9.3,6.746218628925615,-0.04314767212303944,7.50917543965981,0.02175400798645439,0.006711247034316924,0.0017397646783215885,18.6,0.0,87.42,0.0,1.999999999999993,1.999999999999993,0.0,0.0
9.4,6.867232895893462,-0.041211305953232705,7.1599905308486695,-0.00908086310917404,-0.02070791921025856,0.0014848651595869133,18.8,0.0,89.3,0.0,1.999999999999993,1.999999999999993,0.0,0.0
9.5,6.689813564447319,0.2714655968412924,7.514748317189963,-0.0011910052880886425,0.0062940558118348925,-0.01711135309007885,19.0,0.0,91.2,0.0,2.0000000000000107,2.0000000000000107,0.0,0.0
9.600000000000001,6.722392991285171,0.13562977908304502,7.243921274258363,0.01243754043206929,0.0013849640749441414,0.0008471208609919876,19.200000000000003,0.0,93.12,0.0,2.0000000000000107,2.0000000000000107,0.0,0.0
9.700000000000001,6.781968087484813,0.3606039286706594,7.492989149384122,0.003482205863003361,-0.006593608995402441,-0.0034984436946479186,19.400000000000002,0.0,95.06,0.0,1.999999999999993,1.999999999999993,0.0,0.0
9.8,6.811601180050507,-0.10841257388633006,7.476444146708257,-0.0037765744676511665,0.0027897982574639187,0.008336621052869482,19.6,0.0,97.02,0.0,1.999999999999993,1.999999999999993,0.0,0.0
9.9,6.842681799207556,-0.056502459828212045,7.425227970831342,-0.008787637157823075,-0.006442932600761116,0.008773004930448521,19.8,0.0,99.0,0.0,1.999999999999993,1.999999999999993,0.0,0.0
10.0,6.800599100065689,-0.11832479862664382,7.596150099141188,0.01455637858804951,0.002134349032237009,0.02376795812558066,20.0,0.0,101.0,0.0,2.0000000000000107,2.0000000000000107,0.0,0.0
10.100000000000001,6.570982427703351,-0.16669820549671255,7.1989011737896975,0.01596044311489183,0.004543656563540577,0.004444153290895449,20.200000000000003,0.0,103.02,0.0,2.0000000000000107,2.0000000000000107,0.0,0.0
10.200000000000001,6.729046101516843,-0.14882335709475647,7.832572008067872,0.0022922118197522753,-0.0009060520539510711,0.012257666238986921,20.400000000000002,0.0,105.06,0.0,1.999999999999993,1.999999999999993,0.0,0.0
10.3,6.7592021923293775,0.0535826036418697,7.347138042808551,0.0057146835713599575,0.01682024496475034,0.018454200461549778,20.6,0.0,107.12,0.0,1.999999999999993,1.999999999999993,0.0,0.0
10.4,6.92602880156478,-0.05668235146467776,7.317268488086561,-0.0002578692009964814,-0.001442750877113054,0.015941915184709485,20.8,0.0,109.2,0.0,1.999999999999993,1.999999999999993,0.0,0.0
10.5,6.433181113111663,0.24943254791909203,7.442008026338491,-0.0032688106994742004,-0.012121043752601675,-0.011548566718657692,21.0,0.0,111.3,0.0,2.0000000000000107,2.0000000000000107,0.0,0.0
10.600000000000001,6.810526395163174,0.030997695078260584,7.272215076164181,-0.011950787720636163,-0.005357846992901282,0.02169021525289393,21.200000000000003,0.0,113.42,0.0,2.0000000000000107,2.0000000000000107,0.0,0.0
10.700000000000001,6.64811210486433,-0.20547144296771594,7.428847751512456,-0.001727235697476705,-0.028968866429415714,0.004457051334821878,21.400000000000002,0.0,115.56,0.0,1.999999999999993,1.999999999999993,0.0,0.0
10.8,6.652410628037569,0.12443095472201275,7.74305262536715,0.012265650295477572,-0.004688886905548306,-0.006065259087416703,21.6,0.0,117.72,0.0,1.999999999999993,1.999999999999993,0.0,0.0
10.9,7.07305477805635,0.02888276510217324,7.467798604912289,0.0007587491288999673,-1.9152392321450645e-05,0.003556395880760575,21.8,0.0,119.9,0.0,1.999999999999993,1.999999999999993,0.0,0.0
11.0,6.601001506536851,-0.06202884118605881,7.460796220592939,-0.00443424771133765,-0.009128457826771644,0.006064302276918968,22.0,0.0,122.10000000000001,0.0,2.0000000000000107,2.0000000000000107,0.0,0.0
11.100000000000001,6.648804224955758,0.24559894828740328,7.068063739866387,0.011915068519224619,0.01046085192497629,-0.015733902324081495,22.200000000000003,0.0,124.32000000000001,0.0,2.0000000000000107,2.0000000000000107,0.0,0.0
11.200000000000001,6.635647668456818,-0.03571612989936872,7.2545824569176744,-0.006778166875908753,-0.013105758454658289,0.022522704434236228,22.400000000000002,0.0,126.56,0.0,1.999999999999993,1.999999999999993,0.0,0.0
11.3,6.827402566540989,0.2107332642491238,7.573960020731833,-0.010290517712172292,-0.007245202662797737,0.009893745612279181,22.6,0.0,128.82,0.0,1.999999999999993,1.999999999999993,0.0,0.0
11.4,6.503731636235079,0.1269497645258582,7.429660401401628,-0.002748208075495975,0.005109599682034915,0.009442633114860398,22.8,0.0,131.1,0.0,1.999999999999993,1.999999999999993,0.0,0.0
11.5,6.632905882696025,0.19389947050463718,7.3035497119853545,0.007159356069442638,0.003931012579683838,0.001904535606860097,23.0,0.0,133.4,0.0,2.0000000000000107,2.0000000000000107,0.0,0.0
11.600000000000001,6.735970760905205,-0.16766703645779546,7.604313264006374,-0.0008490213644298903,-0.007227230205190395,0.015490092258368893,23.200000000000003,0.0,135.72,0.0,2.0000000000000107,2.0000000000000107,0.0,0.0
11.700000000000001,6.581399253987457,-0.19126919445453394,7.232214835096762,0.0070600995134563966,-0.014804293524962832,0.022547941819843646,23.400000000000002,0.0,138.06,0.0,1.999999999999993,1.999999999999993,0.0,0.0
11.8,6.374761396386313,0.2744684552435057,7.49736183120574,3.286888129607607e-05,-0.0074491908680894975,0.008991361143520709,23.6,0.0,140.42000000000002,0.0,1.999999999999993,1.999999999999993,0.0,0.0
11.9,6.681405602205143,0.1854952823024782,7.482843358424653,0.0025030176146187758,-0.005636122122138558,0.004430543762789325,23.8,0.0,142.8,0.0,1.999999999999993,1.999999999999993,0.0,0.0
12.0,6.733221072902696,-0.23652525889849382,7.263481397809482,0.008432640940227151,-0.0002913456187205814,0.003160166636473209,24.0,0.0,145.20000000000002,0.0,2.0000000000000107,2.0000000000000107,0.0,0.0
12.100000000000001,6.689815897528695,0.07213725580425065,7.384745259078935,-0.006783047254023127,-4.154744902318437e-05,-0.00478372777615032,24.200000000000003,0.0,147.62,0.0,2.0000000000000107,2.0000000000000107,0.0,0.0
12.200000000000001,6.748288720926041,-0.23538754063567605,7.620082556724195,0.0057259748241304306,0.0005602973431387565,0.01482690983945514,24.400000000000002,0.0,150.06,0.0,1.999999999999993,1.999999999999993,0.0,0.0
12.3,6.936871974238257,0.17215550975271954,7.189578076425601,-0.011795769667357014,-0.008248185776956789,0.005260910502108338,24.6,0.0,152.52,0.0,1.999999999999993,1.999999999999993,0.0,0.0
12.4,6.764699660639239,-0.08886157197301983,7.493724225796909,-0.006553829323533226,-0.008115178029919482,-0.009066610968482224,24.8,0.0,155.0,0.0,1.999999999999993,1.999999999999993,0.0,0.0
12.5,6.548565820652251,-0.18275269084245005,7.319328223178739,0.011536417966078395,-0.01149398888831943,0.031323820648373905,25.0,0.0,157.5,0.0,2.0000000000000107,2.0000000000000107,0.0,0.0
12.600000000000001,6.76104849270102,0.04772541855423108,7.336955544098157,0.008003098794089914,-0.00775637826237774,0.006220098146453614,25.200000000000003,0.0,160.02,0.0,2.0000000000000107,2.0000000000000107,0.0,0.0
12.700000000000001,7.07106348830919,0.00559101504130252,7.638100210068199,-0.006031764251258874,-0.002349884904969617,0.0227080063563551,25.400000000000002,0.0,162.56,0.0,1.999999999999993,1.999999999999993,0.0,0.0
12.8,6.593005748900706,0.2918672836995393,7.571872001443669,-0.004624667758942677,0.00432407739055521,0.014725544496267298,25.6,0.0,165.12,0.0,1.999999999999993,1.999999999999993,0.0,0.0
12.9,6.7803223019014505,-0.21553370798356847,7.356638634751618,-0.0014751863555150474,-0.002744334291000463,0.01120672097550678,25.8,0.0,167.70000000000002,0.0,1.999999999999993,1.999999999999993,0.0,0.0
13.0,6.713705957708875,-0.1803016538065152,7.522738888776233,0.0071058574528382315,0.0035979044793103985,0.01580780725554622,26.0,0.0,170.3,0.0,2.0000000000000107,2.0000000000000107,0.0,0.0
13.100000000000001,6.8121391307512225,0.0888770118842655,7.4551843544065415,-0.015609609335159914,0.0022961821913258587,0.007076876871631112,26.200000000000003,0.0,172.92000000000002,0.0,2.0000000000000107,2.0000000000000107,0.0,0.0
13.200000000000001,6.727787633148177,-0.1715122863730464,7.303550730064108,0.011531528533329036,-0.0023955515385665504,0.011815006973726245,26.400000000000002,0.0,175.56,0.0,1.999999999999993,1.999999999999993,0.0,0.0
13.3,6.69129856398844,0.024463420924361778,7.606451782021748,-0.0041604472821737395,-0.0010387922305901665,0.00037724711294957487,26.6,0.0,178.22,0.0,1.999999999999993,1.999999999999993,0.0,0.0
13.4,6.621876373454024,-0.026375818520295902,7.499029276870405,-0.003787486216634773,0.010557561255735207,-0.00394607302219504,26.8,0.0,180.9,0.0,1.999999999999993,1.999999999999993,0.0,0.0
13.5,6.659020060944683,-0.04595965874112623,7.682755893778399,0.002965547765115746,0.008318445394686349,-0.00985560373036972,27.0,0.0,183.6,0.0,2.0000000000000107,2.0000000000000107,0.0,0.0
13.600000000000001,6.727108347449275,0.15344461934351555,7.478051809516653,0.011654803750653513,-0.007172884501003722,0.019093474401855798,27.200000000000003,0.0,186.32,0.0,2.0000000000000107,2.0000000000000107,0.0,0.0
13.700000000000001,7.0318855261117585,-0.03442578406594886,7.398883832915232,0.01553384477117701,0.013795721457307125,-0.0002286002715326833,27.400000000000002,0.0,189.06,0.0,1.999999999999993,1.999999999999993,0.0,0.0
13.8,6.624022785004492,-0.02226769132907608,7.264041634470206,-0.008186519464841984,-0.012041407667520678,-0.0026779756510412842,27.6,0.0,191.82,0.0,1.999999999999993,1.999999999999993,0.0,0.0
13.9,6.681848074460853,0.05513220988047811,7.6982842850474595,-0.00898354040738791,0.007843223984765838,0.0028601115577449104,27.8,0.0,194.6,0.0,1.999999999999993,1.999999999999993,0.0,0.0
14.0,6.679631251121021,0.12122292382499056,7.297300907890994,0.004824097461840506,-0.00033547791786943913,0.009924512640081491,28.0,0.0,197.4,0.0,2.0000000000000107,2.0000000000000107,0.0,0.0
14.100000000000001,6.730426104155059,0.38829502098663415,7.3700482134876415,-0.004309969550018176,-0.008231405264247644,-0.0005547711916025462,28.200000000000003,0.0,200.22,0.0,2.0000000000000107,2.0000000000000107,0.0,0.0
14.200000000000001,6.591442738472893,0.19835247966613276,7.678784848323826,-0.004707462937494763,-0.010323555731042287,0.009714155563864041,28.400000000000002,0.0,203.06,0.0,1.999999999999993,1.999999999999993,0.0,0.0
14.3,6.604217350926725,0.11493977266332661,7.4961476642530425,-0.014157441149972319,0.013475052013300617,0.02295877673095522,28.6,0.0,205.92000000000002,0.0,1.999999999999993,1.999999999999993,0.0,0.0
14.4,6.595132503996212,-0.03815523399039762,7.508589019734083,0.00434456789987025,0.004585442726728305,0.0251020453876635,28.8,0.0,208.8,0.0,1.999999999999993,1.999999999999993,0.0,0.0
14.5,6.660508723444779,-0.09974458668076805,7.25881132692316,-0.006309300399419191,-0.002331269728737971,0.022945578635177877,29.0,0.0,211.70000000000002,0.0,2.0000000000000107,2.0000000000000107,0.0,0.0
14.600000000000001,6.609409112713461,0.05356819274583477,7.463245776714426,0.012883932734480841,0.023269324258736214,-0.0003086877292032067,29.200000000000003,0.0,214.62,0.0,2.0000000000000107,2.0000000000000107,0.0,0.0
14.700000000000001,6.613634891191137,0.17662413156036078,7.567992934569294,0.019467073257360336,0.003839281853259639,0.0014070790921294047,29.400000000000002,0.0,217.56,0.0,1.999999999999993,1.999999999999993,0.0,0.0
14.8,6.775649032172717,0.18630553708743613,7.588781538304953,0.006072740311072977,0.00866674689589154,0.016692955904456727,29.6,0.0,220.52,0.0,1.999999999999993,1.999999999999993,0.0,0.0
14.9,6.8943746562245,0.1173064831384464,7.440641499077819,0.0024671368643332282,0.010065089665083569,-0.0031693567098723613,29.8,0.0,223.5,0.0,1.999999999999993,1.999999999999993,0.0,0.0
15.0,6.742351803899822,-0.0390008218491041,7.470020934565562,0.013784518626072988,-8.900931980096666e-05,0.005464365481561488,30.0,0.0,226.5,0.0,2.0000000000000107,2.0000000000000107,0.0,0.0
15.100000000000001,6.483072386421899,0.1319380349040831,7.5625318382965006,0.022632547233054603,-0.0050777823495300085,0.00719150327663939,30.200000000000003,0.0,229.52,0.0,2.0000000000000107,2.0000000000000107,0.0,0.0
15.200000000000001,6.7244583601254835,0.2566179919645212,7.451414881267305,0.0037902152577033925,0.004078965097165392,0.006866091231563581,30.400000000000002,0.0,232.56,0.0,1.999999999999993,1.999999999999993,0.0,0.0
15.3,6.620085765386292,0.04911349893474613,7.6267539736043135,-0.009265152994110602,-0.0006703032585312402,-0.0020012081493917325,30.6,0.0,235.62,0.0,1.999999999999993,1.999999999999993,0.0,0.0
15.4,6.866307801907597,-0.2084780357175662,7.38187093403461,0.004772118750645209,0.013655240292343404,0.004342497389270122,30.8,0.0,238.70000000000002,0.0,1.999999999999993,1.999999999999993,0.0,0.0
15.5,6.603770878564907,0.3021735604160885,7.248507126062902,-0.02098805956620082,0.002400144500533324,-2.0542243526111732e-05,31.0,0.0,241.8,0.0,2.0000000000000107,2.0000000000000107,0.0,0.0
15.600000000000001,6.53386588499928,0.12625346709490298,7.502279318191019,-0.004640786307367284,-0.014803043986708944,0.013724573282801446,31.200000000000003,0.0,244.92000000000002,0.0,2.0000000000000107,2.0000000000000107,0.0,0.0
15.700000000000001,6.78458098426267,0.005123620433092564,7.742704760532497,-0.009700847663261528,-0.01725525170924739,-0.0019190806988124446,31.400000000000002,0.0,248.06,0.0,1.999999999999993,1.999999999999993,0.0,0.0
15.8,6.680212905115546,0.05650091739840378,7.429523802446898,0.004520553965142968,-0.01451539424190444,0.019437646040732594,31.6,0.0,251.22,0.0,1.999999999999993,1.999999999999993,0.0,0.0
15.9,6.674728130809985,0.18759437473821913,7.517118013082003,0.0055675321915378394,0.0036976728023220395,0.00947708560017315,31.8,0.0,254.4,0.0,1.999999999999993,1.999999999999993,0.0,0.0
16.0,6.783459221549018,0.2193728795198647,7.495187386580559,0.008090037575885122,-0.0028973569428722675,0.019401172154494727,32.0,0.0,257.6,0.0,2.0000000000000107,2.0000000000000107,0.0,0.0
16.1,6.58559196225998,0.29014106493662234,7.459685518528696,-0.01330775102118048,-0.0007189558508921073,-0.0018105165747488083,32.2,0.0,260.82000000000005,0.0,1.999999999999993,1.999999999999993,0.0,0.0
16.2,6.81314733991718,-0.07789359689535863,7.398781696143131,-0.01789540730945531,-0.006523063192490767,-0.019238793266289567,32.4,0.0,264.06000000000006,0.0,1.999999999999993,1.999999999999993,0.0,0.0
16.3,6.449465384046043,0.1340621984216446,7.583579234922955,0.005254575617849647,-0.01166976143129213,0.004522886438580202,32.6,0.0,267.32000000000005,0.0,2.0000000000000284,2.0000000000000284,0.0,0.0
16.400000000000002,6.6865104267052855,-0.15375470337888142,7.69121895639042,0.009773622905756715,-0.004209641738296639,0.005268858389945308,32.800000000000004,0.0,270.6,0.0,1.999999999999993,1.999999999999993,0.0,0.0
16.5,6.718308228761003,-0.28626023026364356,7.428632603747258,-0.005819842479977986,-0.012016200098949156,0.002188997071140451,33.0,0.0,273.90000000000003,0.0,1.999999999999993,1.999999999999993,0.0,0.0
16.6,6.956703786596299,0.11612642919005148,7.3800323626579285,0.006725827813561586,0.011993554365860021,0.014246336829127688,33.2,0.0,277.22,0.0,1.999999999999993,1.999999999999993,0.0,0.0
16.7,6.6959953630568965,-0.07704051665583608,7.570442708167386,0.004934853854217496,0.0069519322002773234,0.011351718016819695,33.4,0.0,280.56,0.0,1.999999999999993,1.999999999999993,0.0,0.0
16.8,6.844483714866802,-0.06028528173408519,7.663318320970479,0.0029759960469239967,0.018752608726252652,-0.0018918781808956783,33.6,0.0,283.92,0.0,2.0000000000000284,2.0000000000000284,0.0,0.0
16.900000000000002,6.947445378043658,0.04968661751939717,7.367996510583181,-0.0038388583405432157,-0.005203473081943202,0.009241659464019164,33.800000000000004,0.0,287.3,0.0,1.999999999999993,1.999999999999993,0.0,0.0
17.0,6.7654761307741955,-0.06605500059078684,7.4620560222862,0.02242270358611864,0.015275431701007114,0.009363236696740322,34.0,0.0,290.7,0.0,1.999999999999993,1.999999999999993,0.0,0.0
17.1,6.692751329294101,0.038004699007739194,7.5577369070349105,-0.009227925651984055,-0.004573765374233451,-0.011685840738775894,34.2,0.0,294.12,0.0,1.999999999999993,1.999999999999993,0.0,0.0
17.2,6.746934275959663,0.11707939095541116,7.393231241780442,0.016739867632900328,-0.014257656630023412,-0.009643748802098201,34.4,0.0,297.56,0.0,1.999999999999993,1.999999999999993,0.0,0.0
17.3,6.720718580352898,0.17706474539182315,7.71829836484401,-0.0035888426286894,0.008786808334312956,0.004614915304992928,34.6,0.0,301.02,0.0,2.0000000000000284,2.0000000000000284,0.0,0.0
17.400000000000002,6.661156712577748,0.15254899062300084,7.5635576428873605,-0.014763921569842492,0.012765403497258958,0.018800913541474517,34.800000000000004,0.0,304.5,0.0,1.999999999999993,1.999999999999993,0.0,0.0
17.5,6.593216402342441,0.07937053001561135,7.539813739067759,0.0036067376582390714,-0.0075030515384542015,-0.0017162336793805156,35.0,0.0,308.0,0.0,1.999999999999993,1.999999999999993,0.0,0.0
17.6,6.6832176969201535,0.19590935288890468,7.547249234314513,-0.0027061433208610593,0.005716987106483448,-0.023485426206300754,35.2,0.0,311.52,0.0,1.999999999999993,1.999999999999993,0.0,0.0
17.7,6.859365662624686,-0.24095706681671494,7.411343069914878,-0.010196698946261438,-0.014946814757209059,0.016608267873785193,35.4,0.0,315.06,0.0,1.999999999999993,1.999999999999993,0.0,0.0
17.8,6.616895627372118,0.07197558225960736,7.458671124293453,0.0057704082722312144,-0.0012317810893974464,-0.007829922241885695,35.6,0.0,318.62,0.0,2.0000000000000284,2.0000000000000284,0.0,0.0
17.900000000000002,6.836490830485942,-0.05406348747419687,7.232221926326385,-0.0032811516096591248,0.01300759790634311,0.01350221742113493,35.800000000000004,0.0,322.2,0.0,1.999999999999993,1.999999999999993,0.0,0.0
18.0,6.634752987407691,-0.03238865564776432,7.4174639534427405,0.02176747983560841,0.0018193545223155333,0.009300416471910697,36.0,0.0,325.8,0.0,1.999999999999993,1.999999999999993,0.0,0.0
18.1,6.841593325673647,0.05581837385397703,7.426852889252243,-0.0009634984908497828,-0.0027160125941406398,0.004627777634901584,36.2,0.0,329.42,0.0,1.999999999999993,1.999999999999993,0.0,0.0
18.2,6.796195239114417,0.027791882871094915,7.575605222707685,0.00019283419891417681,-0.0012136480968390941,-0.014982006845321076,36.4,0.0,333.06,0.0,1.999999999999993,1.999999999999993,0.0,0.0
18.3,6.824499958774274,0.0719732713846989,7.615410727604278,-0.02796255378193689,0.01888374704780728,0.0036041037184482627,36.6,0.0,336.72,0.0,2.0000000000000284,2.0000000000000284,0.0,0.0
18.400000000000002,6.853278230079498,-0.13598588906882964,7.5576252968847335,-0.009534155631736561,-0.008237689606958051,0.024140313538667864,36.800000000000004,0.0,340.40000000000003,0.0,1.999999999999993,1.999999999999993,0.0,0.0
18.5,6.658448447454369,0.052614930976958435,7.596219370728661,0.005956818879726046,-0.0004958109485642358,0.008649610024662253,37.0,0.0,344.1,0.0,1.999999999999993,1.999999999999993,0.0,0.0
18.6,7.047563145354612,0.011357180444962192,7.495874068132593,0.01150654396007612,0.009055259329579839,0.016870303055603803,37.2,0.0,347.82000000000005,0.0,1.999999999999993,1.999999999999993,0.0,0.0
18.7,6.782860340873248,-0.15145073690957253,7.710723940970512,-0.01046345393018688,0.0010263546523903324,-0.0025427585001935793,37.4,0.0,351.56000000000006,0.0,1.999999999999993,1.999999999999993,0.0,0.0
18.8,6.677430055579952,0.06931436154552206,7.513912793442871,0.0052192075423528475,0.014137112690586472,0.009535343015139797,37.6,0.0,355.32000000000005,0.0,2.0000000000000284,2.0000000000000284,0.0,0.0
18.900000000000002,6.650427312275274,0.16461307524325358,7.6441297844640435,-0.011276078151369925,0.00397400069849858,0.012011727423108983,37.800000000000004,0.0,359.1,0.0,1.999999999999993,1.999999999999993,0.0,0.0
19.0,6.642416282064872,0.2263560219967429,7.443200873070468,0.0022557645347154225,-0.0037307182428386963,0.005155790475814675,38.0,0.0,362.90000000000003,0.0,1.999999999999993,1.999999999999993,0.0,0.0
19.1,6.522609544534621,-0.19600763238914415,7.704884970609076,-0.007469613483183279,-0.011913923494563073,-0.016533901136037147,38.2,0.0,366.72,0.0,2.0000000000000284,2.0000000000000284,0.0,0.0
19.200000000000003,6.591206545415445,-0.17846346901112475,7.712011485145803,0.01109817089342634,-0.008881503451777238,0.02752435805344309,38.400000000000006,0.0,370.56,0.0,1.999999999999993,1.999999999999993,0.0,0.0
19.3,6.83431563061761,-0.02872470752629337,7.090798353894312,0.02390942572590742,-0.01589572466763596,-0.011453987469568917,38.6,0.0,374.42,0.0,1.999999999999993,1.999999999999993,0.0,0.0
19.400000000000002,6.840436372370316,0.38596286095089094,7.673350133901925,0.006639091200523596,0.003947543416652859,0.013534155587803076,38.800000000000004,0.0,378.3,0.0,1.999999999999993,1.999999999999993,0.0,0.0
19.5,6.800890096036885,0.062178713595406374,7.481339376718129,0.0003740687210047759,-0.009539645888666763,0.0021932492313322593,39.0,0.0,382.2,0.0,1.999999999999993,1.999999999999993,0.0,0.0
19.6,6.433107285439593,0.005249055980787518,7.317420545052692,-0.010035893172157709,-0.00020105848846521538,0.018920022863445993,39.2,0.0,386.12,0.0,2.0000000000000284,2.0000000000000284,0.0,0.0
19.700000000000003,6.824798298469218,-0.21557509054347654,7.3172649906397975,0.01040771187988216,-0.011824873935383097,0.002753668500029754,39.400000000000006,0.0,390.06,0.0,1.999999999999993,1.999999999999993,0.0,0.0
19.8,6.7695586224225535,-0.1252516682295453,7.481515537047242,-0.012340254949182044,-0.008013676439512136,0.00819781934142537,39.6,0.0,394.02,0.0,1.999999999999993,1.999999999999993,0.0,0.0
19.900000000000002,6.44810174753912,0.08607121069405985,7.462763541286345,0.006524899544171478,0.00023914134064661422,0.018641404299738443,39.800000000000004,0.0,398.0,0.0,1.999999999999993,1.999999999999993,0.0,0.0
20.0,5.839809079181606,-0.04441083116878794,7.984053836580197,0.006432980290363879,-0.0015113992967429567,0.005405916912038824,40.0,0.0,402.0,0.0,0.9999999999999787,0.9999999999999787,0.0,0.0
20.1,4.849701246828986,-0.07943513763264222,8.25531842035539,0.018495767431869394,-0.01443863235391285,-0.0019290519779590733,40.0,0.0,406.0,0.0,0.0,0.0,0.0,0.0
20.200000000000003,4.847238910164619,0.15423865654166619,8.421466759381541,0.013477420726737337,-0.008734906242438684,0.00778994162223802,40.0,0.0,410.0,0.0,0.0,0.0,0.0,0.0
20.3,4.829697942011036,0.3417723691660082,8.287569448270919,0.004098207102270275,0.004337768809320985,0.009137990974514981,40.0,0.0,414.0,0.0,0.0,0.0,0.0,0.0
20.400000000000002,4.927206851168343,0.0005268950399860764,8.472280931922212,-0.00047002001628488623,0.007638791167949096,0.027105230015913515,40.0,0.0,418.0,0.0,0.0,0.0,0.0,0.0
20.5,4.871376232248824,-0.18547044693686168,8.452466903872656,0.026797093376543187,-0.010036745679697309,0.021391168054440676,40.0,0.0,422.0,0.0,0.0,0.0,0.0,0.0
20.6,5.206655122111465,-0.06303823625619918,8.551056673003137,0.01728396623128538,-0.005791277409874871,0.0029641963989763824,40.0,0.0,426.0,0.0,0.0,0.0,0.0,0.0
20.700000000000003,4.867747862907702,-0.13221350960393002,8.368317579365444,-0.011239402667622564,-0.0016591653174077394,-0.0026997323105864184,40.0,0.0,430.0,0.0,0.0,0.0,0.0,0.0
20.8,4.990067886768611,-0.2133843469305441,8.515341245957513,0.009335289616089246,-0.021937356425714552,0.00874056569847572,40.0,0.0,434.0,0.0,0.0,0.0,0.0,0.0
20.900000000000002,5.139150348870993,-0.16144615280368083,8.716595069151001,0.005190190093660452,-0.00905011855758409,0.00444230922342294,40.0,0.0,438.0,0.0,0.0,0.0,0.0,0.0
21.0,5.038749036878258,0.031400808711861725,8.5465226099923,-0.008206735930793664,-0.00030639175963922006,-0.009137144969049802,40.0,0.0,442.0,0.0,0.0,0.0,0.0,0.0
21.1,4.938316090797694,-0.11558614621971845,8.35537971973688,0.013360931752104375,0.00891310120594269,0.011091381209071771,40.0,0.0,446.0,0.0,0.0,0.0,0.0,0.0
21.200000000000003,4.791153085299112,-0.027461267454220287,8.647673866122222,0.0024171691363990477,0.021193295399816944,0.008933178393943718,40.0,0.0,450.0,0.0,0.0,0.0,0.0,0.0
21.3,4.983807367473504,-0.026367469630375204,8.485740346842688,-0.000524698363805439,0.005081086766885905,0.01456702316794584,40.0,0.0,454.0,0.0,0.0,0.0,0.0,0.0
21.400000000000002,4.8371015809238065,-0.17968494303366672,8.19027840515985,0.0060799132691254365,-0.013033666061738737,-0.01652890592952483,40.0,0.0,458.0,0.0,0.0,0.0,0.0,0.0
21.5,5.0132867906796434,0.3939499276149186,8.464798574394361,0.009384907744516419,-0.00118170641452435,0.004011103468088573,40.0,0.0,462.0,0.0,0.0,0.0,0.0,0.0
21.6,5.092861472448164,-0.023541181628297696,8.50581805823613,0.004216978061960136,-0.008680904536430487,0.01492042349536523,40.0,0.0,466.0,0.0,0.0,0.0,0.0,0.0
21.700000000000003,4.928756036495688,-0.0933617739239267,8.546185687660905,-0.007984679817910373,-0.0017181884263087175,0.004908810033557965,40.0,0.0,470.0,0.0,0.0,0.0,0.0,0.0
21.8,5.117884334874736,0.09120473493199292,8.461955167313574,0.009177662992002872,0.011902075490173135,0.010578103063518623,40.0,0.0,474.0,0.0,0.0,0.0,0.0,0.0
21.900000000000002,4.956552892976506,-0.17677543485252395,8.305942161664039,-0.0020522470435466763,-0.008095122021592831,0.0031302869701455398,40.0,0.0,478.0,0.0,0.0,0.0,0.0,0.0
22.0,4.963497488734565,0.09945391315350963,8.455134394416481,0.005865016438262019,-0.0013552558518987977,-0.014754665663538714,40.0,0.0,482.0,0.0,0.0,0.0,0.0,0.0
22.1,4.814099690927186,-0.0016131333582423205,8.28425499969918,0.0069992872999620455,0.013307508323436974,0.017187618516973167,40.0,0.0,486.0,0.0,0.0,0.0,0.0,0.0
22.200000000000003,4.9229835693604675,0.24360892052749278,8.488009329705662,-0.0023708597111803936,-0.008134026635409398,0.001975303135118717,40.0,0.0,490.0,0.0,0.0,0.0,0.0,0.0
22.3,4.896773477218815,0.04556243335632315,8.489795308282824,0.0010304602015341448,0.0023693816974634987,0.016906462747863414,40.0,0.0,494.0,0.0,0.0,0.0,0.0,0.0
22.400000000000002,5.0974331203161976,-0.20273469526748553,8.082621040890052,0.010343199112392738,-0.015668786984154214,0.0027523459810731648,40.0,0.0,498.0,0.0,0.0,0.0,0.0,0.0
22.5,4.779483046091095,-0.25029706563700294,8.546928620356063,0.008591551603026468,-0.007765104007267195,-0.0209104229214491,40.0,0.0,502.0,0.0,0.0,0.0,0.0,0.0
22.6,4.873063332762126,0.07877060081038198,8.243872475809226,0.0028335991977915566,-0.002153098491729956,0.010792914996010884,40.0,0.0,506.0,0.0,0.0,0.0,0.0,0.0
22.700000000000003,4.972937055262122,-0.12596034113223334,8.645194936375018,-0.0005852957302697002,-0.0022730453950993187,-0.00433267959073196,40.0,0.0,510.0,0.0,0.0,0.0,0.0,0.0
22.8,4.888507662321272,-0.11272040710403512,8.439767302136831,0.018117084801423437,-0.015719011429313562,-0.01113561397876741,40.0,0.0,514.0,0.0,0.0,0.0,0.0,0.0
22.900000000000002,5.1756755491240405,-0.011398551572779917,8.365348300326358,0.011399046873960764,-0.00805615539736864,0.023260097135469362,40.0,0.0,518.0,0.0,0.0,0.0,0.0,0.0
23.0,5.056688880700889,-0.05318671122185539,8.78930544311517,-0.005057149230033384,0.005420953720093069,0.00799292580406492,40.0,0.0,522.0,0.0,0.0,0.0,0.0,0.0
23.1,5.150261193409819,0.2542266795090279,8.47050983348521,-0.006534178703461835,0.0025997214293911643,-0.001777153697521061,40.0,0.0,526.0,0.0,0.0,0.0,0.0,0.0
23.200000000000003,5.257008087128993,0.04048029966241062,8.410910978428529,0.002846803058649084,-0.015471262895296965,-0.004716140385106516,40.0,0.0,530.0,0.0,0.0,0.0,0.0,0.0
23.3,5.135062086191663,-0.07853414184570935,8.308672563723054,0.006366527525272862,0.00985704154662997,0.012189533106650666,40.0,0.0,534.0,0.0,0.0,0.0,0.0,0.0
23.400000000000002,5.104407152870872,-0.09351926328541911,8.252437611114068,0.016013336519554867,-0.005226798388421357,0.0024916698354495266,40.0,0.0,538.0,0.0,0.0,0.0,0.0,0.0
23.5,5.154229121277358,0.103434501410099,8.534092376937586,0.02265002344901084,-0.008435182303801431,0.014278401280812373,40.0,0.0,542.0,0.0,0.0,0.0,0.0,0.0
23.6,4.963551968734562,0.06028884182948854,8.694979475087225,0.006078357562896238,0.00338296079049633,0.015725073373098024,40.0,0.0,546.0,0.0,0.0,0.0,0.0,0.0
23.700000000000003,4.900257090568567,-0.10588145010085094,8.30898783202219,-0.018663565893760017,0.018562071299403224,-0.006032083657216831,40.0,0.0,550.0,0.0,0.0,0.0,0.0,0.0
23.8,4.921811956462133,-0.021521994983338098,8.51182021579671,0.009157372125392967,0.006604734883597453,-0.0008307743856893843,40.0,0.0,554.0,0.0,0.0,0.0,0.0,0.0
23.900000000000002,4.9299317429320375,0.06238699257324494,8.428405542197813,0.01707345576019993,0.0029097495163825137,0.012348777860498174,40.0,0.0,558.0,0.0,0.0,0.0,0.0,0.0
24.0,5.054432190300111,0.19602107862279872,8.492862444930902,-0.011968319479558467,0.001996879517526416,-0.0015135689379182906,40.0,0.0,562.0,0.0,0.0,0.0,0.0,0.0
24.1,4.875707497737536,0.107954602813264,8.651451671840391,0.0012127157673606165,0.0010883301259896378,0.02202214944635238,40.0,0.0,566.0,0.0,0.0,0.0,0.0,0.0
24.200000000000003,4.991112976923285,0.41025246712705926,8.550535657970077,-0.016607627591558177,0.0055334162110453255,0.008811583848827777,40.0,0.0,570.0,0.0,0.0,0.0,0.0,0.0
24.3,5.148462913112411,0.12097720269049375,8.44494081352778,-0.011242982362893658,-0.004090232572860253,-0.003505204542093001,40.0,0.0,574.0,0.0,0.0,0.0,0.0,0.0
24.400000000000002,4.867921482529291,0.10828676066309144,8.716194886778055,0.004946715298229811,-0.013958830620351843,0.009446026682201406,40.0,0.0,578.0,0.0,0.0,0.0,0.0,0.0
24.5,5.1344947229968465,-0.07146743564790732,8.445606636124408,0.001146881947291971,-0.0098489831308224,0.01148280433843859,40.0,0.0,582.0,0.0,0.0,0.0,0.0,0.0
24.6,4.936857777708832,0.08292986658605417,8.33258538445503,-0.0033745830032341044,0.005223813578277714,0.0012716684790823303,40.0,0.0,586.0,0.0,0.0,0.0,0.0,0.0
24.700000000000003,5.21404457768501,-0.03994542784219035,8.499411919988129,0.010325908318730898,-0.016183657329330317,-0.012608088119807757,40.0,0.0,590.0,0.0,0.0,0.0,0.0,0.0
24.8,4.726151552814485,0.2093876155140773,8.382930489241478,0.026581992856682526,-0.007642475986573886,0.00684551303197037,40.0,0.0,594.0,0.0,0.0,0.0,0.0,0.0
24.900000000000002,5.18631649288518,0.32091393322386846,8.774934747620804,0.013083662305931425,0.008240625258114625,0.010925269492011832,40.0,0.0,598.0,0.0,0.0,0.0,0.0,0.0
25.0,5.071754161424995,-0.06267785744928,8.342979378611998,0.0009662554258904795,-0.0037018462252492845,0.00046771950672724796,40.0,0.0,602.0,0.0,0.0,0.0,0.0,0.0
25.1,5.059458117118506,0.1632957812855766,8.478970244069123,0.015775300810552617,-0.013416891141335052,0.003063405407202819,40.0,0.0,606.0,0.0,0.0,0.0,0.0,0.0
25.200000000000003,4.847476651909578,-0.25998049256095895,8.453307108248941,-0.00021747508383283538,0.01313449743242131,0.011308116845547776,40.0,0.0,610.0,0.0,0.0,0.0,0.0,0.0
25.3,4.801371976350619,0.29811388495012825,8.648864265454147,0.006820977034686158,-0.0042648409884983194,-0.004594392367234798,40.0,0.0,614.0,0.0,0.0,0.0,0.0,0.0
25.400000000000002,4.899168983589341,0.1833122929556279,8.748397157015537,0.01643243528272189,-0.006888494217862741,-0.006196174332890113,40.0,0.0,618.0,0.0,0.0,0.0,0.0,0.0
25.5,4.97613293703668,-0.24526590483442776,8.514184368253062,-0.0004760258629866868,-0.0066603650186824225,-0.010947030672667953,40.0,0.0,622.0,0.0,0.0,0.0,0.0,0.0
25.6,5.032040015985457,-0.05990512594928671,8.290221685768802,-0.027722622132816493,-0.0022751490505063627,0.022722515966697443,40.0,0.0,626.0,0.0,0.0,0.0,0.0,0.0
25.700000000000003,5.20418888218218,-0.04856443848794077,8.375377402071077,0.005687742560750238,-0.011983854391882915,0.00801791899819466,40.0,0.0,630.0,0.0,0.0,0.0,0.0,0.0
25.8,5.069912041757703,0.20403998358264613,8.450686099653351,-0.0010367375017696586,-0.010779825867565611,-0.0032688035403986007,40.0,0.0,634.0,0.0,0.0,0.0,0.0,0.0
25.900000000000002,4.921028166214771,0.07510482602242671,8.602746905060332,-0.007031789506803449,0.012926885689595217,0.0022887639895743123,40.0,0.0,638.0,0.0,0.0,0.0,0.0,0.0
26.0,4.951794905847734,-0.0920817518721735,8.102073172084404,0.009840453963610496,0.005368438970924334,0.0021867244288178663,40.0,0.0,642.0,0.0,0.0,0.0,0.0,0.0
26.1,4.96504860758373,0.09739088265561492,8.231327332592365,-0.0042905267734629484,0.005942646796218271,-0.007542894231692494,40.0,0.0,646.0,0.0,0.0,0.0,0.0,0.0
26.200000000000003,4.999033689824993,-0.18348727069351076,8.535673708490375,0.0006435851770251644,-0.018151318159055095,0.016647393544571714,40.0,0.0,650.0,0.0,0.0,0.0,0.0,0.0
26.3,4.844811263480292,-0.10153786555215714,8.495794590709986,0.012486373494287151,-0.01215821818978397,0.005616798498479717,40.0,0.0,654.0,0.0,0.0,0.0,0.0,0.0
26.400000000000002,5.019322475049585,0.12396584108947162,8.49217544441693,-0.0026702783908332233,-0.010275902206487197,0.005861438830463747,40.0,0.0,658.0,0.0,0.0,0.0,0.0,0.0
26.5,4.794179148202158,-0.4182025725241911,8.531193181748995,0.010039348410861952,-0.025629324355418384,-0.005097307047099376,40.0,0.0,662.0,0.0,0.0,0.0,0.0,0.0
26.6,5.047873139150779,0.3286243204567548,8.468828267276656,-0.006280029412291345,-0.0038289644110484017,0.01874876419148185,40.0,0.0,666.0,0.0,0.0,0.0,0.0,0.0
26.700000000000003,4.858105373131319,-0.09987880099753803,8.39329768279804,-0.008533286082587122,-0.0007732968400520448,0.021246784584695606,40.0,0.0,670.0,0.0,0.0,0.0,0.0,0.0
26.8,5.003461890967404,-0.01785302531894314,8.421937520788013,-0.014631908086966568,0.006831097771471589,0.00422162802987198,40.0,0.0,674.0,0.0,0.0,0.0,0.0,0.0
26.900000000000002,4.927928012961405,0.4989661351767291,8.510522147380199,-0.006517910500951843,-0.006263575962055433,0.01648445709196755,40.0,0.0,678.0,0.0,0.0,0.0,0.0,0.0
27.0,4.971990561580664,-0.195741696747605,8.603593551311626,-0.00568144085538994,0.016732977762175458,0.015800480657146485,40.0,0.0,682.0,0.0,0.0,0.0,0.0,0.0
27.1,4.887901715651187,0.2121524542602669,8.475887537704455,0.009527736751222194,0.0028473281729447476,-0.0034635665499087353,40.0,0.0,686.0,0.0,0.0,0.0,0.0,0.0
27.200000000000003,4.8584675251523795,0.17449412263717418,8.415492911309364,-0.003036484632419967,-0.01155122579349353,0.009235990655934612,40.0,0.0,690.0,0.0,0.0,0.0,0.0,0.0
27.3,5.264378737886471,-0.14012993713814093,8.46934212962626,0.015122205554154292,-0.0027964139124571517,0.00952371796249734,40.0,0.0,694.0,0.0,0.0,0.0,0.0,0.0
27.400000000000002,4.795640970777967,0.08424606458114729,8.437637571374664,0.01085729995679863,0.009873860515647512,0.03089563642018614,40.0,0.0,698.0,0.0,0.0,0.0,0.0,0.0
27.5,5.041944975982036,0.06886944748732497,8.494866856361945,-0.0025316629281068835,0.0013848384346169113,0.002045985898609706,40.0,0.0,702.0,0.0,0.0,0.0,0.0,0.0
27.6,4.980269146440441,0.21763963034119393,8.3147278263334,0.012398785611290455,0.011171150673398652,0.003819314730089213,40.0,0.0,706.0,0.0,0.0,0.0,0.0,0.0
27.700000000000003,4.63672176514871,-0.07117329806416486,8.660258393109512,0.0007713193770111788,-0.011993022322949107,-4.7749212282174186e-05,40.0,0.0,710.0,0.0,0.0,0.0,0.0,0.0
27.8,5.081093003975682,0.1020100352302069,8.429869396249892,-0.0026682441181468757,-0.005917581490438219,-0.004224101844985025,40.0,0.0,714.0,0.0,0.0,0.0,0.0,0.0
27.900000000000002,5.197306353420416,-0.028348070381700983,8.64828298924917,0.016213160519224515,0.007983108981479603,0.0006837968728195159,40.0,0.0,718.0,0.0,0.0,0.0,0.0,0.0
28.0,5.015559513550491,0.016370659041362576,8.330153932015826,0.00424359281721603,-0.013790397911598026,0.01687679388461564,40.0,0.0,722.0,0.0,0.0,0.0,0.0,0.0
28.1,4.88530740540524,0.0501739483809259,8.508202391857267,-0.0015890497370407734,0.003866938014752747,0.0002509634337747556,40.0,0.0,726.0,0.0,0.0,0.0,0.0,0.0
28.200000000000003,5.085694594618586,-0.18189695203701228,8.484666148057308,0.02038928999058285,-0.012003313246055747,-0.0017774497052485154,40.0,0.0,730.0,0.0,0.0,0.0,0.0,0.0
28.3,5.032086177448837,0.046937267290939694,8.518303726016379,0.005891871301476635,0.004347214685617699,0.016096998419562233,40.0,0.0,734.0,0.0,0.0,0.0,0.0,0.0
28.400000000000002,5.016472798539276,-0.016188648192781364,8.566595266305756,0.019998819348952156,-0.0033263374638257356,-0.004745293046706415,40.0,0.0,738.0,0.0,0.0,0.0,0.0,0.0
28.5,5.121062100393045,0.0019428254069602663,8.13980877922324,0.009474216771504215,-0.007353281859539228,0.004094667176958392,40.0,0.0,742.0,0.0,0.0,0.0,0.0,0.0
28.6,5.004797049585352,0.04857495196685996,8.5721269836962,-0.0033548637056984333,0.0031310579817608267,0.0024045332241608283,40.0,0.0,746.0,0.0,0.0,0.0,0.0,0.0
28.700000000000003,5.065821572133125,0.11230512260195802,8.325393405818655,0.011859821161750324,-0.00735963445114048,0.01308057798281145,40.0,0.0,750.0,0.0,0.0,0.0,0.0,0.0
28.8,5.0100930970102,0.2957275515192684,8.432189313769568,-0.002493167961181975,-0.002194196058877326,0.0019682021716572458,40.0,0.0,754.0,0.0,0.0,0.0,0.0,0.0
28.900000000000002,5.074991285291307,-0.22244659126548819,8.307656848253393,-0.00967802921579193,0.007503075919735758,0.022106133725819255,40.0,0.0,758.0,0.0,0.0,0.0,0.0,0.0
29.0,4.939332617219378,-0.005323258478501593,8.476217035592322,0.012618783026081905,-0.011273531341905741,0.007383689827347851,40.0,0.0,762.0,0.0,0.0,0.0,0.0,0.0
29.1,5.101279644467364,0.09516412549097679,8.494146453615157,0.01101046092567141,-0.029032322929992374,0.011778753195309077,40.0,0.0,766.0,0.0,0.0,0.0,0.0,0.0
29.200000000000003,4.8568886475308855,-0.2545949345284685,8.542389601054092,0.014736585451629577,-0.0033744851462769185,0.01452874547202939,40.0,0.0,770.0,0.0,0.0,0.0,0.0,0.0
29.3,5.196841738698296,0.2172371680376071,8.711703890531053,0.008421274910718923,-0.001245663610984072,-0.011019658118971685,40.0,0.0,774.0,0.0,0.0,0.0,0.0,0.0
29.400000000000002,4.918090626780507,-0.10648698929742874,8.791350618750018,-0.0007588581243233661,-0.0007679519321551432,0.010514853760404676,40.0,0.0,778.0,0.0,0.0,0.0,0.0,0.0
29.5,4.961540366955867,0.27425765606461294,8.372311806865177,0.0029460745523724272,-0.009424705856980482,-0.008200225112207058,40.0,0.0,782.0,0.0,0.0,0.0,0.0,0.0
29.6,4.863234636364206,0.014444480442738198,8.401313877447755,-0.00592420979873856,-0.016063174636718337,0.004168944273713052,40.0,0.0,786.0,0.0,0.0,0.0,0.0,0.0
29.700000000000003,4.7292919438953485,0.13400839455344038,8.47807517406552,-0.013575514994649304,-0.005092090770498634,-0.0025215640559058316,40.0,0.0,790.0,0.0,0.0,0.0,0.0,0.0
29.8,5.002876176562876,0.22106756690347168,8.184433340678483,0.002150260791474172,-0.003601327955666404,0.011713400764504656,40.0,0.0,794.0,0.0,0.0,0.0,0.0,0.0
29.900000000000002,4.986979494235652,-0.09279539976082285,8.417851120775353,-0.006960258568034891,0.008760071385985984,0.005213116486719422,40.0,0.0,798.0,0.0,0.0,0.0,0.0,0.0
30.0,5.24017860286295,0.010900877927806885,8.359448196088776,-0.014137143926128273,-0.020031396762559453,-0.010841359430054896,40.0,0.0,802.0,0.0,0.0,0.0,0.0,0.0
30.1,4.995068997651722,0.09630875348449008,8.228530605820525,0.009950383140761156,-0.006830610516834395,0.006467930119855494,40.0,0.0,806.0,0.0,0.0,0.0,0.0,0.0
30.200000000000003,5.196833094238313,0.15452589737982977,8.425429613939471,-0.007911922254152874,-0.023518154013293047,-0.0021915331924242014,40.0,0.0,810.0,0.0,0.0,0.0,0.0,0.0
30.3,4.923330464175845,-0.1280769290726776,8.4460206660615,0.0017685188295876821,-0.004248559818080786,-0.0015000258082345976,40.0,0.0,814.0,0.0,0.0,0.0,0.0,0.0
30.400000000000002,4.9802982007950085,0.08629109743541136,8.302149349508918,0.015109323797462701,-0.0029858813228426173,0.005188496229448477,40.0,0.0,818.0,0.0,0.0,0.0,0.0,0.0
30.5,5.061232163488483,0.05498241968952525,8.608679706212332,0.003871241652018242,-0.00812437374640438,0.008615035252061016,40.0,0.0,822.0,0.0,0.0,0.0,0.0,0.0
30.6,4.7834410689019,0.03628395586647847,8.460724712528677,-0.001081168572725397,-0.0032853751143893076,-0.01381849045497639,40.0,0.0,826.0,0.0,0.0,0.0,0.0,0.0
30.700000000000003,4.872691263838855,0.033926735171167205,8.489687669924955,-0.00927675140925958,0.010657078408647007,-0.003661748482145008,40.0,0.0,830.0,0.0,0.0,0.0,0.0,0.0
30.8,5.10041858007901,0.08407915428075273,8.368775114648775,0.01875310892609512,-0.0139363683175648,0.014191541736100016,40.0,0.0,834.0,0.0,0.0,0.0,0.0,0.0
30.900000000000002,5.105087347706446,-0.08059303136149673,8.674579006134994,-0.0015004651459895276,0.0008869362927985702,0.007603218387712208,40.0,0.0,838.0,0.0,0.0,0.0,0.0,0.0
31.0,4.934853688779417,0.1416212409739673,8.584732519208178,-0.016485319732381806,0.011043402428781525,-0.011624919880356743,40.0,0.0,842.0,0.0,0.0,0.0,0.0,0.0
31.1,5.109881930651248,0.18900577052413747,8.302064246593066,-0.003108142879545848,-0.013057046684859358,0.002850789697112647,40.0,0.0,846.0,0.0,0.0,0.0,0.0,0.0
31.200000000000003,4.908794857372138,0.13694907984040097,8.662255523043287,0.014956838107899561,-0.007621680265783021,0.0029077812625547222,40.0,0.0,850.0,0.0,0.0,0.0,0.0,0.0
31.3,4.702484271166856,-0.10088050997442831,8.610436956089965,0.01715582823548232,-0.014343488718799221,-0.0009246425915289428,40.0,0.0,854.0,0.0,0.0,0.0,0.0,0.0
31.400000000000002,4.95103913645616,0.06202417382294102,8.344268683137098,0.005240610444640898,-0.006738393470709161,0.004855477291217209,40.0,0.0,858.0,0.0,0.0,0.0,0.0,0.0
31.5,5.036942637200554,0.02096334047164067,8.40025132754636,-9.609803925830838e-05,-0.0028836295920533534,0.001299889701178723,40.0,0.0,862.0,0.0,0.0,0.0,0.0,0.0
31.6,4.916180590599934,0.2597970755757075,8.54984712831653,-0.0019548031802916034,0.0049695440451073564,0.0016618051024399005,40.0,0.0,866.0,0.0,0.0,0.0,0.0,0.0
31.700000000000003,5.130968695637995,0.07544632882971408,8.449613889524711,0.005477169258102777,-0.01770876152068499,-0.006267674689098053,40.0,0.0,870.0,0.0,0.0,0.0,0.0,0.0
31.8,4.775911249040141,0.04144146421455601,8.72558646104811,0.023313001461926323,0.004380511014407572,0.01000844474944457,40.0,0.0,874.0,0.0,0.0,0.0,0.0,0.0
31.900000000000002,4.684841339877089,-0.06140106996010325,8.34754164833911,-0.005208475982511161,-0.003681438185847896,0.00027909422302872626,40.0,0.0,878.0,0.0,0.0,0.0,0.0,0.0
32.0,4.658105028443631,0.13218653841763006,8.304797757264375,0.0033924686411114955,0.018740826697499734,-0.004193845915864234,40.0,0.0,882.0,0.0,0.0,0.0,0.0,0.0
32.1,4.57545687158805,-0.02290063328201662,8.630853156375132,0.02058347454220594,-0.014295495944524169,0.009966992232365218,40.0,0.0,886.0,0.0,0.0,0.0,0.0,0.0
32.2,4.885203431482991,0.004107746854379653,8.8623607131779,-0.014029703283951533,0.0005373966149457344,0.009676931717654332,40.0,0.0,890.0,0.0,0.0,0.0,0.0,0.0
32.300000000000004,5.117867948740901,0.03469747302063431,8.511916792050961,-0.0029164856742179114,0.0006912694124510733,0.0015680772450258952,40.0,0.0,894.0,0.0,0.0,0.0,0.0,0.0
32.4,5.048235783478407,-0.03544155040654509,8.522274270210673,0.0007073718631502165,0.009260502507721681,0.004486062764115137,40.0,0.0,898.0,0.0,0.0,0.0,0.0,0.0
32.5,4.689045129768967,0.20928822510709874,8.329849365995953,-0.005537663386488198,-0.007956612940434921,0.018744380931708174,40.0,0.0,902.0,0.0,0.0,0.0,0.0,0.0
32.6,4.634648867903195,0.49066228004899903,8.624117732485253,0.003232389141291597,-0.002548940006162864,0.00785554074857657,40.0,0.0,906.0,0.0,0.0,0.0,0.0,0.0
32.7,5.0331683642569,0.11678233789250855,8.549049881025862,0.0018958068125524883,-0.003973384203073261,0.003487267163464883,40.0,0.0,910.0,0.0,0.0,0.0,0.0,0.0
32.800000000000004,4.925763757947097,0.19006551453005965,8.554742719467475,-0.0284038863466428,0.0045590077652976095,0.006947361947187748,40.0,0.0,914.0,0.0,0.0,0.0,0.0,0.0
32.9,4.952193686533114,-0.038277767963332876,8.634326119123248,0.010475264621228577,-0.00972877667823609,0.009070522871245351,40.0,0.0,918.0,0.0,0.0,0.0,0.0,0.0
33.0,4.809251489818807,-0.1869427247183396,8.37170162743685,0.009623934723827589,0.007531250453760867,0.010130854200972931,40.0,0.0,922.0,0.0,0.0,0.0,0.0,0.0
33.1,5.063764368027199,0.09742674306724376,8.369486971841903,0.005319225446739406,0.006004095252276824,0.012542913298135743,40.0,0.0,926.0,0.0,0.0,0.0,0.0,0.0
33.2,5.133337005721196,0.12624557708015957,8.518426442256583,0.011701502383164274,-0.002265212592490601,-0.0038187465122771777,40.0,0.0,930.0,0.0,0.0,0.0,0.0,0.0
33.300000000000004,4.930539955408435,-0.09173539672096735,8.364432469879189,-0.00044518670715517836,-0.009924199209999613,0.0019203847036095975,40.0,0.0,934.0,0.0,0.0,0.0,0.0,0.0
33.4,4.670957799956931,0.05199405610594078,8.465890032429678,-0.007170886310681906,0.0045924566843240505,0.014375701376265586,40.0,0.0,938.0,0.0,0.0,0.0,0.0,0.0
33.5,4.713866020344653,-0.09440871678493212,8.35033785865725,-0.008399031011088645,0.0062947484193174846,0.0030617386122719645,40.0,0.0,942.0,0.0,0.0,0.0,0.0,0.0
33.6,4.915322773803408,-0.28057935466101297,8.56102191565673,-0.011392583948534724,-0.0014006736973367175,0.007773769379581917,40.0,0.0,946.0,0.0,0.0,0.0,0.0,0.0
33.7,5.159098789375797,-0.1763230598678668,8.012782387752221,0.0028384954475369484,0.01600511181510854,0.017389463529394373,40.0,0.0,950.0,0.0,0.0,0.0,0.0,0.0
33.800000000000004,4.986448912291193,-0.0537454278448071,8.586777600620941,-0.008735461997044686,0.0027635776935621926,0.010054701591666269,40.0,0.0,954.0,0.0,0.0,0.0,0.0,0.0
33.9,5.114031486124831,0.4339490058366617,8.52457160620216,-0.004089636257074988,-0.0022557431219199444,-0.012690759048891182,40.0,0.0,958.0,0.0,0.0,0.0,0.0,0.0
34.0,4.85079303033664,-0.0413923657169656,8.387095951435157,0.00252354872033722,-0.010224199323822005,0.016210306673244714,40.0,0.0,962.0,0.0,0.0,0.0,0.0,0.0
34.1,4.9550310597377285,0.01860495182920784,8.416525003648408,0.0025519068385897914,0.0062509826466763466,-0.0036713021571090033,40.0,0.0,966.0,0.0,0.0,0.0,0.0,0.0
34.2,4.856282526638711,-0.0255589043164997,8.263828572604362,-0.007192578597214978,-0.00676220873544659,0.013743891807127276,40.0,0.0,970.0,0.0,0.0,0.0,0.0,0.0
34.300000000000004,4.9943841993502875,0.049038486705131654,8.59334390545054,-0.00037371788399396654,0.001904648499288896,0.003967782470675038,40.0,0.0,974.0,0.0,0.0,0.0,0.0,0.0
34.4,4.994804352409943,-0.0674137986417373,8.09988663738388,-0.00034279162186304137,0.0122274813609994,0.014262154022415922,40.0,0.0,978.0,0.0,0.0,0.0,0.0,0.0
34.5,5.099809622688674,0.20541960827093267,8.47900784976956,0.002973157074055956,-0.0081765189543435,0.0018392714397295023,40.0,0.0,982.0,0.0,0.0,0.0,0.0,0.0
34.6,5.047365672465671,0.20058266557532242,8.444792269773195,-0.003501892648514116,-0.001994720411434027,0.01101206748929115,40.0,0.0,986.0,0.0,0.0,0.0,0.0,0.0
34.7,4.738421777579968,-0.32442714297058567,8.383128683701608,-0.011207124259141586,-0.007081401976473109,0.003522196811825285,40.0,0.0,990.0,0.0,0.0,0.0,0.0,0.0
34.800000000000004,4.887012738646547,0.2378701301706118,8.514720925815693,0.004004743596108284,0.004222071440434019,-0.006388331177807692,40.0,0.0,994.0,0.0,0.0,0.0,0.0,0.0
34.9,5.1108667681130395,0.008635357019681019,8.566281303711527,-0.009718572330401555,-0.017537587660160642,0.013178896580250288,40.0,0.0,998.0,0.0,0.0,0.0,0.0,0.0
35.0,5.011461428914627,-0.11530773315362654,8.33525974893414,0.012254347844147695,-0.01389411892867328,0.021426729532559634,40.0,0.0,1002.0,0.0,0.0,0.0,0.0,0.0
35.1,4.819906889802819,0.11575878884125745,8.416416439762997,0.007031874310823431,-0.007441140021141926,0.0033720709392770576,40.0,0.0,1006.0,0.0,0.0,0.0,0.0,0.0
35.2,4.961137876309357,-0.1303281183672209,8.576832862938364,-0.004132135664715852,-0.004285999153400185,-0.004943493746085122,40.0,0.0,1010.0,0.0,0.0,0.0,0.0,0.0
35.300000000000004,4.570649951180703,-0.008654164390025351,8.827601524367282,0.008846042878980238,-0.0021926037973439465,0.0023710917079173234,40.0,0.0,1014.0,0.0,0.0,0.0,0.0,0.0
35.4,4.958369883921806,0.10206786727628149,8.288587288829019,0.012143216946688722,0.0051538131544124404,0.012181857257079345,40.0,0.0,1018.0,0.0,0.0,0.0,0.0,0.0
35.5,5.020771360821458,0.022942498654098486,8.566638396520368,0.00691814133741378,-0.0055404071094102385,-0.0007360177289690096,40.0,0.0,1022.0,0.0,0.0,0.0,0.0,0.0
35.6,4.970278444289297,0.2523530227242781,8.27984314977726,-0.013675252657524402,-0.0003523915876348326,0.005508877018560181,40.0,0.0,1026.0,0.0,0.0,0.0,0.0,0.0
35.7,4.98100124965556,0.05659297968627504,8.432228872930125,0.01589863438602082,-0.018009039784765153,-0.00328497024780246,40.0,0.0,1030.0,0.0,0.0,0.0,0.0,0.0
35.800000000000004,4.9395117859776425,-0.2264783216731251,8.439331050460535,0.01761470165728018,-0.001791135117040382,0.007307009057186835,40.0,0.0,1034.0,0.0,0.0,0.0,0.0,0.0
35.9,4.765975285224112,-0.07245421120592162,8.409429754076754,-0.0021771509675623407,0.010816437950037687,0.010576910607251246,40.0,0.0,1038.0,0.0,0.0,0.0,0.0,0.0
36.0,4.788281306459444,0.05697571676480073,8.540442473399862,0.012401490385212665,0.013805406865683734,-0.005150941918278686,40.0,0.0,1042.0,0.0,0.0,0.0,0.0,0.0
36.1,4.833371373318449,-0.16863667883719244,8.430606232259297,0.005663583744463345,0.007873345165891018,0.004240489763574773,40.0,0.0,1046.0,0.0,0.0,0.0,0.0,0.0
36.2,4.9070228715117725,0.04276369883731106,8.340437775880842,0.021895387216947736,-0.018076610271180585,0.006847405788957245,40.0,0.0,1050.0,0.0,0.0,0.0,0.0,0.0
36.300000000000004,5.258540932884445,0.021019976683999665,8.437203355875122,-0.002574454228104272,-0.0038039168176240783,0.018728484746765302,40.0,0.0,1054.0,0.0,0.0,0.0,0.0,0.0
36.4,4.623220713300573,0.25001505519444883,8.252115638257823,-0.001666523292344148,-0.006292444202986618,0.010885532697707197,40.0,0.0,1058.0,0.0,0.0,0.0,0.0,0.0
36.5,4.715281347217437,0.08932589991229142,8.769355654618373,-0.012631740045928104,-0.00010293832389604335,-0.0016198217779660904,40.0,0.0,1062.0,0.0,0.0,0.0,0.0,0.0
36.6,5.018883080928955,0.02287216661236281,8.3694861747687,0.00587872284871074,0.016043481097867435,0.0030909620827270132,40.0,0.0,1066.0,0.0,0.0,0.0,0.0,0.0
36.7,5.062963691322227,-0.17399094368067455,8.322243754602644,0.0057240627788037735,0.01284116028535965,0.0085561334878566,40.0,0.0,1070.0,0.0,0.0,0.0,0.0,0.0
36.800000000000004,4.908041295421526,0.019893710813503114,8.278148051029888,0.007045153263553668,0.006823330623234092,0.000479096671669196,40.0,0.0,1074.0,0.0,0.0,0.0,0.0,0.0
36.9,4.884493677836074,0.05988173444780727,8.400201250719256,0.00033867385374177546,0.018997217891665155,0.0025297429925400334,40.0,0.0,1078.0,0.0,0.0,0.0,0.0,0.0
37.0,4.901248977196816,-0.07713127084527387,8.577338006850336,-0.00081224173218103,-0.00849373038321426,0.01821304032273012,40.0,0.0,1082.0,0.0,0.0,0.0,0.0,0.0
37.1,5.167940450677045,-0.07006353486080577,8.185728218421252,0.011075136898369222,-0.008846298257600041,0.012906255991627688,40.0,0.0,1086.0,0.0,0.0,0.0,0.0,0.0
37.2,4.659484427343224,0.15388960074489635,8.284033421733229,0.008307641190665245,-0.001857269321635659,-0.004539394193966448,40.0,0.0,1090.0,0.0,0.0,0.0,0.0,0.0
37.300000000000004,4.893944553060982,0.12294776854350511,8.48159337909263,0.006844129804724842,0.017764405845154853,-0.010642416117110514,40.0,0.0,1094.0,0.0,0.0,0.0,0.0,0.0
37.4,5.197581886245293,0.03565339062848194,8.330891603876877,-0.012303136257389897,-0.003891203907770335,0.014216501119244593,40.0,0.0,1098.0,0.0,0.0,0.0,0.0,0.0
37.5,4.935867631943369,0.2466732395371021,8.248032857617611,0.0008791105215394544,-0.01452393444413119,0.008636318826249679,40.0,0.0,1102.0,0.0,0.0,0.0,0.0,0.0
37.6,5.088033108514594,-0.04311426905215798,8.075077132631275,0.0029894814679649454,0.0023673855173350954,0.009042947549616976,40.0,0.0,1106.0,0.0,0.0,0.0,0.0,0.0
37.7,5.140367328773323,-0.14065805194735734,8.567741626942913,0.01292507512477975,-0.01978587584006517,0.008196518259189772,40.0,0.0,1110.0,0.0,0.0,0.0,0.0,0.0
37.800000000000004,4.8793730253488485,0.007771599034753118,8.517860683656096,-0.0038722856411355228,-0.008757080791616119,0.005341524174880246,40.0,0.0,1114.0,0.0,0.0,0.0,0.0,0.0
37.9,4.7919131091705784,-0.14287376933277782,8.56761520356882,-0.01048794035158656,0.004663125009092119,0.009625912928539513,40.0,0.0,1118.0,0.0,0.0,0.0,0.0,0.0
38.0,4.69612899068141,-0.08163469785034826,8.64482562158245,-0.008811655311396816,-0.006644042623093876,0.009620608932518964,40.0,0.0,1122.0,0.0,0.0,0.0,0.0,0.0
38.1,5.072508576392389,-0.017730832906674352,8.376082681921599,0.015223698616985078,0.01538899663797579,0.014788580507817953,40.0,0.0,1126.0,0.0,0.0,0.0,0.0,0.0
38.2,4.967797721384753,-0.10123985824613894,8.34114255014186,0.0062251410526575745,0.0021839822088868376,0.019015985929464293,40.0,0.0,1130.0,0.0,0.0,0.0,0.0,0.0
38.300000000000004,5.05256751388042,-0.2054620452639727,8.623501353783784,-0.008980606273144131,-0.005839712719523516,0.007502002062516945,40.0,0.0,1134.0,0.0,0.0,0.0,0.0,0.0
38.400000000000006,5.254350123467594,0.4864877834008041,8.556717669995773,-0.0008319661872038787,0.003345056484805503,0.01387655425873836,40.0,0.0,1138.0,0.0,0.0,0.0,0.0,0.0
38.5,4.9068998561664205,0.28928170338684833,8.500219825004056,0.005977430890913943,0.0046592425205446136,0.009215866106144558,40.0,0.0,1142.0,0.0,0.0,0.0,0.0,0.0
38.6,5.080841075070441,-0.07258797798203848,8.381963948033441,-0.01000154232971695,0.0023950123062022642,0.01278936503512114,40.0,0.0,1146.0,0.0,0.0,0.0,0.0,0.0
38.7,5.023665929922782,0.2711738650021306,8.464869808300989,0.007687416555925127,-0.012917008761393144,0.0011290029752559897,40.0,0.0,1150.0,0.0,0.0,0.0,0.0,0.0
38.800000000000004,5.059330663634865,0.1473653166114716,8.421614168975719,0.0002840074814193318,-0.017178737466808095,0.0014297079919339062,40.0,0.0,1154.0,0.0,0.0,0.0,0.0,0.0
38.900000000000006,5.088557474527967,0.10628075241598495,8.540809069332527,0.0014977368718096008,-0.0019293684137182356,-0.001603211394734471,40.0,0.0,1158.0,0.0,0.0,0.0,0.0,0.0
39.0,5.05982426303038,0.08314594165840847,8.539512038324265,-0.004260348426675804,-0.023533429198712444,0.01597152711753696,40.0,0.0,1162.0,0.0,0.0,0.0,0.0,0.0
39.1,4.883174381598739,-0.10941636460646807,8.569731047912445,-0.002920126399191296,0.008599363840466218,0.011170059495766976,40.0,0.0,1166.0,0.0,0.0,0.0,0.0,0.0
39.2,5.057535398480071,-0.18489335668008014,8.647500808933305,0.0036125053123385606,-0.005692771392462032,0.006433884673422511,40.0,0.0,1170.0,0.0,0.0,0.0,0.0,0.0
39.300000000000004,4.688564715065251,0.08129792172210062,8.311303484898035,-0.012526702858435344,-0.01722359186217891,0.016126883749899252,40.0,0.0,1174.0,0.0,0.0,0.0,0.0,0.0
39.400000000000006,4.8606104909460806,0.2500591564874749,8.385338991667501,-0.01607357957592947,-0.013165244399486591,0.017358116200069388,40.0,0.0,1178.0,0.0,0.0,0.0,0.0,0.0
39.5,4.931615273309499,-0.06224309447359014,8.489711945003263,0.00601782736167545,0.009173988159024609,0.019484992298929263,40.0,0.0,1182.0,0.0,0.0,0.0,0.0,0.0
39.6,4.901034703131637,-0.17890715291230574,8.403689436956853,0.0036028050658288616,-0.01163758926210611,-0.004571509148950429,40.0,0.0,1186.0,0.0,0.0,0.0,0.0,0.0
39.7,5.006568182232482,0.012702147264432329,8.470628760437084,-0.006584953347000695,-0.004304007142057673,-0.004242331442683044,40.0,0.0,1190.0,0.0,0.0,0.0,0.0,0.0
39.800000000000004,5.088529761668717,0.17528740020856287,8.188781031789631,-0.0082951086019241,-0.01696529255090079,-0.001500239344068982,40.0,0.0,1194.0,0.0,0.0,0.0,0.0,0.0
39.900000000000006,4.942484304531445,-0.19744678295477952,8.327430239156548,-0.009039573720814986,7.267329398943966e-05,0.005693443370362504,40.0,0.0,1198.0,0.0,0.0,0.0,0.0,0.0
40.0,4.846739366999411,0.0465231308209097,8.383707198437255,-0.0017165511032605327,0.01473452090298537,0.01840461051790348,40.0,0.0,1202.0,0.0,0.0,0.0,0.0,0.0
40.1,4.760062814460859,0.14445986268187616,8.587418694299084,-0.010482632887526183,0.006187776437548606,0.020379319184125527,40.0,0.0,1206.0,0.0,0.0,0.0,0.0,0.0
40.2,4.786618279063337,-0.11762542315213954,8.61835843115187,0.0037149531082564797,0.0035147627523952323,0.008405892164004967,40.0,0.0,1210.0,0.0,0.0,0.0,0.0,0.0
40.300000000000004,5.013604388139221,-0.17897081924666244,8.622806867118562,0.012695899924277734,-0.004293907440680278,0.004565230501861375,40.0,0.0,1214.0,0.0,0.0,0.0,0.0,0.0
40.400000000000006,4.7253338746166405,0.09713821340267523,8.551517827382467,0.00037808983000689,0.009243533598705026,0.0016592276902005947,40.0,0.0,1218.0,0.0,0.0,0.0,0.0,0.0
40.5,5.0396908888840395,-0.13294965080381735,8.462176388494209,-0.0007435425790283585,0.0002530792204094158,0.0013047307116664142,40.0,0.0,1222.0,0.0,0.0,0.0,0.0,0.0
40.6,4.935279110649249,0.14390707571622594,8.400194575539613,-0.015065771007386791,0.015495839042054206,0.018814540786904865,40.0,0.0,1226.0,0.0,0.0,0.0,0.0,0.0
40.7,4.7611605957341565,0.12345617078677916,8.390262995542644,0.003634872153310596,0.0009422412901349373,0.00265592199683678,40.0,0.0,1230.0,0.0,0.0,0.0,0.0,0.0
40.800000000000004,4.837435150162039,-0.0835811578474389,8.32828042380316,-0.007318222082304448,-0.0026717829004935527,-0.002157599891107518,40.0,0.0,1234.0,0.0,0.0,0.0,0.0,0.0
40.900000000000006,5.057307809856892,0.24308692330038909,8.378701224919839,0.003394045005353771,0.0029968511030293386,0.009720022709192744,40.0,0.0,1238.0,0.0,0.0,0.0,0.0,0.0
41.0,4.966393290187412,0.13140236275395836,8.538046554027444,-0.011376624223272978,0.006691560643892732,0.013872908372667421,40.0,0.0,1242.0,0.0,0.0,0.0,0.0,0.0
41.1,4.840507084373212,0.025690675317140303,8.568208560047006,-0.0010931381957936157,0.008729780477660118,0.02863872494619361,40.0,0.0,1246.0,0.0,0.0,0.0,0.0,0.0
41.2,4.837102095104751,-0.18715669047306624,8.511282000466077,0.008215625051261435,-0.004308663738447689,0.019532606633210343,40.0,0.0,1250.0,0.0,0.0,0.0,0.0,0.0
41.300000000000004,4.754209130041512,0.12393779345474167,8.37483008801151,0.01819377906207297,0.017925153531681184,-0.0026665658778334787,40.0,0.0,1254.0,0.0,0.0,0.0,0.0,0.0
41.400000000000006,4.872566429613713,0.14893818304697026,8.407639613656919,0.0005458878206776178,-0.0017461157945758983,-0.014196731561976563,40.0,0.0,1258.0,0.0,0.0,0.0,0.0,0.0
41.5,4.952924338085864,-0.08345916610962607,8.391740787765379,0.015436320034688141,-0.014565068942792563,0.013132051867479774,40.0,0.0,1262.0,0.0,0.0,0.0,0.0,0.0
41.6,4.913155560450228,-0.021964025274375156,8.584264995533102,0.0044005129456889044,0.0037061299721953093,0.014681846605328612,40.0,0.0,1266.0,0.0,0.0,0.0,0.0,0.0
41.7,4.9053037425225,-0.07183551017616253,8.302936632141675,-0.007254105299789552,0.027490944253087256,0.017446795807367868,40.0,0.0,1270.0,0.0,0.0,0.0,0.0,0.0
41.800000000000004,4.752338845068796,-0.17836869351153553,8.537989120383118,0.0064726479737796695,0.003488838353173644,0.0024504420644630215,40.0,0.0,1274.0,0.0,0.0,0.0,0.0,0.0
41.900000000000006,4.9361818609995645,0.06918192862390361,8.478593162069345,-0.02119300372747535,-0.004297996305751938,-0.0035140643426031367,40.0,0.0,1278.0,0.0,0.0,0.0,0.0,0.0
42.0,4.981281712836276,0.4677888503905115,8.520831460946491,-0.002135296861723979,0.007218015019772522,0.009826878872092127,40.0,0.0,1282.0,0.0,0.0,0.0,0.0,0.0
42.1,5.018014173567775,0.11102758898235066,8.774190745849776,-0.010308884353259155,0.0027363207681145446,-0.0042638112998153845,40.0,0.0,1286.0,0.0,0.0,0.0,0.0,0.0
42.2,5.038326896951337,-0.11780297672291414,8.403104189084582,-0.0019508991423790633,0.00775816719344709,0.01418454443942414,40.0,0.0,1290.0,0.0,0.0,0.0,0.0,0.0
42.300000000000004,4.768142393533042,0.02824011664997731,8.35927223291297,-0.011585049106753346,-0.004170170504243705,0.001915172115441803,40.0,0.0,1294.0,0.0,0.0,0.0,0.0,0.0
42.400000000000006,5.319007472951828,0.08494397380410443,8.25906658601221,-0.004647740041709422,0.008213832954293985,0.025884427728699252,40.0,0.0,1298.0,0.0,0.0,0.0,0.0,0.0
42.5,4.7171025031643055,-0.2619886577708567,8.746353987431112,0.004896141773709039,-0.010682927318763665,0.010346290861224353,40.0,0.0,1302.0,0.0,0.0,0.0,0.0,0.0
42.6,4.5596378391474675,0.02050632598957415,8.514882387051808,0.0102427013953783,-0.012138959522925378,0.005856871614033591,40.0,0.0,1306.0,0.0,0.0,0.0,0.0,0.0
42.7,4.816186306091061,0.05830756335114756,8.331407262770892,-0.003081008391602206,-0.01195815394790229,0.011511362418236571,40.0,0.0,1310.0,0.0,0.0,0.0,0.0,0.0
42.800000000000004,5.083767667498499,-0.015193085493612066,8.47144491036935,-0.013485914146335442,-0.004996766480067871,0.004497953829582553,40.0,0.0,1314.0,0.0,0.0,0.0,0.0,0.0
42.900000000000006,5.348118963654495,-0.14679505386612454,8.68533579693821,0.01096858773465808,0.0008063640449013638,0.022586204841951334,40.0,0.0,1318.0,0.0,0.0,0.0,0.0,0.0
43.0,5.010815820891029,0.0783738793501893,8.457741113172712,0.013235688824186274,0.008964692338108838,-0.0012567728749621242,40.0,0.0,1322.0,0.0,0.0,0.0,0.0,0.0
43.1,4.757112920810184,-0.010447095609348561,8.345703426465699,0.00036475425384644897,0.010374381346841393,0.00042698344913210014,40.0,0.0,1326.0,0.0,0.0,0.0,0.0,0.0
43.2,4.948576492803263,0.028703410221259284,8.592973843456138,-0.021468893339846053,-0.008067002947652967,0.007112836922794727,40.0,0.0,1330.0,0.0,0.0,0.0,0.0,0.0
43.300000000000004,5.135011843464028,-0.053785367125930766,8.184226305219063,0.007197114459661363,-0.008353623888256292,-0.006896666590903613,40.0,0.0,1334.0,0.0,0.0,0.0,0.0,0.0
43.400000000000006,4.861348191543016,-0.0076788036483774295,8.374997511444613,-0.021055660570990693,0.006970661968871321,0.01774875041278722,40.0,0.0,1338.0,0.0,0.0,0.0,0.0,0.0
43.5,5.052728298700925,-0.1506528505637225,8.435485481033217,0.0009347868477054194,0.003987943895619102,0.01168340488718081,40.0,0.0,1342.0,0.0,0.0,0.0,0.0,0.0
43.6,4.844873930183224,0.03229933346203406,8.53430127181763,0.015558223221467667,0.005045065398247231,0.012890566873755189,40.0,0.0,1346.0,0.0,0.0,0.0,0.0,0.0
43.7,4.9675739941894035,0.23156887178052554,8.52717363051927,-0.007610879101735705,0.012033699701251907,0.011979032725390276,40.0,0.0,1350.0,0.0,0.0,0.0,0.0,0.0
43.800000000000004,4.888543396830727,-0.0519239451098865,8.51019554289646,0.005631847952675848,-2.7077343687935667e-05,0.00811308673442885,40.0,0.0,1354.0,0.0,0.0,0.0,0.0,0.0
43.900000000000006,5.2099936061864565,0.18073147283523283,8.494304549815098,0.010413105807674832,-0.012325239035275395,0.00897927049946809,40.0,0.0,1358.0,0.0,0.0,0.0,0.0,0.0
44.0,5.226395952459965,-0.012706884308856078,8.338564121832482,-0.005520888885930607,-0.012896330373423883,-0.0028476190812770337,40.0,0.0,1362.0,0.0,0.0,0.0,0.0,0.0
44.1,4.899423785211495,-0.1908350528767963,8.468051961217785,0.010022771737866473,-0.011077561801469205,0.020192839236417688,40.0,0.0,1366.0,0.0,0.0,0.0,0.0,0.0
44.2,5.031618813279138,0.17458708784360857,8.367034028047524,0.009545252270666157,-0.01291933900395313,0.013902475008365087,40.0,0.0,1370.0,0.0,0.0,0.0,0.0,0.0
44.300000000000004,4.980775900969029,0.10298768299771754,8.289370020281618,-0.007950698422766047,0.003972282182533848,-0.004483480042242007,40.0,0.0,1374.0,0.0,0.0,0.0,0.0,0.0
44.400000000000006,5.024480943814868,-0.18507067096903687,8.592935343025346,-0.01132523314768509,0.003522999376795233,0.011256309336460008,40.0,0.0,1378.0,0.0,0.0,0.0,0.0,0.0
44.5,4.850484227235563,0.10730398506270904,8.504775550625379,-0.004388418561927383,-0.01208554684076208,-0.01462625691672579,40.0,0.0,1382.0,0.0,0.0,0.0,0.0,0.0
44.6,5.007447507094954,-0.21472041570430828,8.480010841041542,-0.0016344821608224912,0.0047914277543819545,0.0019795450051013582,40.0,0.0,1386.0,0.0,0.0,0.0,0.0,0.0
44.7,4.905582832047935,0.12978060564324434,8.515967915487963,0.0041615595718277835,0.0026926758980852627,-0.010355721232071059,40.0,0.0,1390.0,0.0,0.0,0.0,0.0,0.0
44.800000000000004,5.068518301998046,0.11187031910204034,8.31320674183887,-0.0014408047367420128,-0.002393072876276312,0.003655032155982673,40.0,0.0,1394.0,0.0,0.0,0.0,0.0,0.0
44.900000000000006,5.005078994985279,0.23470501727467752,8.62797422027627,-0.012122191934314061,0.004220699903060487,0.018289333195354095,40.0,0.0,1398.0,0.0,0.0,0.0,0.0,0.0
45.0,5.01302127810338,0.18364706377789503,8.76754977798046,0.011237095461069813,0.0004930859564172886,0.015450884740847534,40.0,0.0,1402.0,0.0,0.0,0.0,0.0,0.0
45.1,4.976733174964533,0.02358545649274332,8.412997075768285,0.01663413358832108,-0.010184286659420014,0.02032367724678116,40.0,0.0,1406.0,0.0,0.0,0.0,0.0,0.0
45.2,5.029979618561055,-0.18989592622029122,8.520856605074059,-0.02000026507651624,0.0042550801683103575,0.013852314829889911,40.0,0.0,1410.0,0.0,0.0,0.0,0.0,0.0
45.300000000000004,4.866146606652191,0.03853215439333735,8.758832826187888,-0.004057467042619367,-0.012589075870566005,0.01981663402462599,40.0,0.0,1414.0,0.0,0.0,0.0,0.0,0.0
45.400000000000006,5.249388078579618,0.0205543507771771,8.617428666436599,0.01441475915530881,-0.00942484232538384,0.00014694164632131704,40.0,0.0,1418.0,0.0,0.0,0.0,0.0,0.0
45.5,5.139631176973209,0.27275214180627644,8.550141340151498,-0.007798143535020543,0.017870611116994416,-0.00030970897811964486,40.0,0.0,1422.0,0.0,0.0,0.0,0.0,0.0
45.6,4.904729332824282,0.07135067517344322,8.69883327423256,0.009539759765522238,0.0021486550036191043,0.009632885301181063,40.0,0.0,1426.0,0.0,0.0,0.0,0.0,0.0
45.7,4.961527200296519,0.10372092717777595,8.0862751994712,-0.0019660745906979835,0.00041321934916780994,-0.006510140836195072,40.0,0.0,1430.0,0.0,0.0,0.0,0.0,0.0
45.800000000000004,5.012948497671733,-0.010670683147918227,8.72903056587267,0.016730197252148565,-0.006658055691181629,0.0034916228843330467,40.0,0.0,1434.0,0.0,0.0,0.0,0.0,0.0
45.900000000000006,4.9439078651587405,-0.047748921423943394,8.494962958729564,-0.006582820688875902,-0.013306153349375262,0.011227112239002687,40.0,0.0,1438.0,0.0,0.0,0.0,0.0,0.0
46.0,5.049429437633271,-0.10064736394899884,8.600012525739736,-0.005315777291653314,0.0005316523803798119,0.013203440126124559,40.0,0.0,1442.0,0.0,0.0,0.0,0.0,0.0
46.1,4.949958115294442,0.08821113682117016,8.38824476454221,-0.0009646658342809715,-0.004058594308803403,-0.0024657834654023894,40.0,0.0,1446.0,0.0,0.0,0.0,0.0,0.0
46.2,4.928483875532632,-0.212292744829562,8.392036149054029,-0.0018487549336967083,-0.004561797524953801,0.002585025541292212,40.0,0.0,1450.0,0.0,0.0,0.0,0.0,0.0
46.300000000000004,4.94573537002098,0.09191622771290958,8.596886772245224,-0.005497652268482671,-0.014032008553891445,-0.00542044412243103,40.0,0.0,1454.0,0.0,0.0,0.0,0.0,0.0
46.400000000000006,4.8819195618207605,-0.03278819767247636,8.350209801195726,-0.011961166642498945,-0.006561208274741882,0.006814266201139714,40.0,0.0,1458.0,0.0,0.0,0.0,0.0,0.0
46.5,5.044254419875334,-0.06361345796624818,8.40375953780383,-0.00826698308847311,-0.0023143917037477643,-0.0034842863419081464,40.0,0.0,1462.0,0.0,0.0,0.0,0.0,0.0
46.6,5.0409691719861796,-0.2478799737901167,8.411764760257476,0.004011073391917421,-0.0001616548367749564,0.03193033663980496,40.0,0.0,1466.0,0.0,0.0,0.0,0.0,0.0
46.7,5.007470003685185,-0.13060818952630154,8.451389574061984,-0.016762463334664517,-0.0028059974929676088,-0.003330560570007587,40.0,0.0,1470.0,0.0,0.0,0.0,0.0,0.0
46.800000000000004,5.092308541334024,-0.062431041189330225,8.448194323756057,-0.005355578414044034,0.015388513518533315,0.001787572338820883,40.0,0.0,1474.0,0.0,0.0,0.0,0.0,0.0
46.900000000000006,5.229883556521879,0.14212276431773999,8.538019220225653,0.004687331473175197,0.001937972982162515,-0.0142767257934561,40.0,0.0,1478.0,0.0,0.0,0.0,0.0,0.0
47.0,4.9131674908773855,0.14677369567764822,8.45837463360423,-0.013051898468035752,-0.0025240445057746947,0.022041055162554914,40.0,0.0,1482.0,0.0,0.0,0.0,0.0,0.0
47.1,5.142033757330207,0.01069939859509524,8.608426602684059,-0.0026650702036805185,-0.019038715868267192,-0.004244659881295544,40.0,0.0,1486.0,0.0,0.0,0.0,0.0,0.0
47.2,5.189433315276228,-0.021098962274395627,8.429201614219092,-0.0019983819627488056,0.01704136589573007,0.021259589153620632,40.0,0.0,1490.0,0.0,0.0,0.0,0.0,0.0
47.300000000000004,5.287817035017219,-0.003856781560007693,8.510052884437409,-0.01416642549420791,0.012769344261182744,-0.00667779551267935,40.0,0.0,1494.0,0.0,0.0,0.0,0.0,0.0
47.400000000000006,4.987516334564393,-0.14459537914492662,8.37737918711454,-0.0073726243104970035,-0.00807875260675818,-0.0003912270314897857,40.0,0.0,1498.0,0.0,0.0,0.0,0.0,0.0
47.5,4.872759680761238,0.14500008676704607,8.299979792165967,0.0032054142701386686,0.010179591523055585,-0.00013196364513395984,40.0,0.0,1502.0,0.0,0.0,0.0,0.0,0.0
47.6,4.847312166387859,-0.014578693777037622,8.642667992379451,0.002941076309533577,-0.0073121429460759856,0.009838766511880398,40.0,0.0,1506.0,0.0,0.0,0.0,0.0,0.0
47.7,4.789656177524535,0.12220392656644219,8.52700030728061,-0.002078084711388841,-0.010385857984472311,-0.0038668092228345734,40.0,0.0,1510.0,0.0,0.0,0.0,0.0,0.0
47.800000000000004,5.035222600451886,0.20434707537335928,8.370113049071026,0.005583867035514843,-0.02287027018602069,-0.0008461773065719961,40.0,0.0,1514.0,0.0,0.0,0.0,0.0,0.0
47.900000000000006,4.950341160069364,-0.11645251254727502,8.325233254906905,-0.005677795564688862,0.0009219272832637318,0.003126709815936253,40.0,0.0,1518.0,0.0,0.0,0.0,0.0,0.0
48.0,4.619265315001253,-0.2981050228952599,8.374679434446769,0.005576865860535521,-0.02947504842725235,2.6982384836934936e-06,40.0,0.0,1522.0,0.0,0.0,0.0,0.0,0.0
48.1,4.876062821522386,0.22825066673126715,8.407955939368415,0.004829889847409285,-0.0005874285991253677,-0.016305664798072005,40.0,0.0,1526.0,0.0,0.0,0.0,0.0,0.0
48.2,5.07023108249476,0.052309475818443196,8.541949507076534,0.04026237706436327,-0.022841129394985886,0.022246966497611088,40.0,0.0,1530.0,0.0,0.0,0.0,0.0,0.0
48.300000000000004,4.9118828720899455,0.0630993356604514,8.458882374330159,-0.003242363333980435,-0.0076983292823875876,0.00829508735573009,40.0,0.0,1534.0,0.0,0.0,0.0,0.0,0.0
48.400000000000006,4.727423945499248,0.13258687512826484,8.403280050392556,-0.010300693390403577,-0.006500128579958137,0.01757149216862573,40.0,0.0,1538.0,0.0,0.0,0.0,0.0,0.0
48.5,4.874699736947566,0.07376804273144304,8.356065769768025,0.008579218499236195,0.004855077387902041,0.023486088332964117,40.0,0.0,1542.0,0.0,0.0,0.0,0.0,0.0
48.6,4.9286654081751164,0.120298220713686,8.480419342056187,0.013958717818630145,-0.009188323876087303,0.012450053128772811,40.0,0.0,1546.0,0.0,0.0,0.0,0.0,0.0
48.7,4.925795405582497,0.010371773433725338,8.4794720837926,0.003522403964266774,-0.0031622904312195816,0.007147131831705263,40.0,0.0,1550.0,0.0,0.0,0.0,0.0,0.0
48.800000000000004,5.191717708634327,0.16781745284228275,8.59608239999988,-0.0035553952602387076,-0.010892408282283243,0.014553005582377529,40.0,0.0,1554.0,0.0,0.0,0.0,0.0,0.0
48.900000000000006,5.086407018879468,0.2409006013626473,8.37511211722996,-0.001295486553603471,-0.018394841625254343,0.0010752889393912711,40.0,0.0,1558.0,0.0,0.0,0.0,0.0,0.0
49.0,5.104485576586916,-0.049974306884229686,8.561781180405468,-0.0009050310599781133,0.0012405702822156062,-0.006476913898156674,40.0,0.0,1562.0,0.0,0.0,0.0,0.0,0.0
49.1,4.967781417445084,-0.42867039563510845,8.437674787401047,-0.0153047324371514,0.01005994516546816,0.012774073527645112,40.0,0.0,1566.0,0.0,0.0,0.0,0.0,0.0
49.2,5.025000647294911,0.24815093407390698,8.32337173300162,0.018473631979155584,0.007321915642603847,0.0026344471278105398,40.0,0.0,1570.0,0.0,0.0,0.0,0.0,0.0
49.300000000000004,5.125343022077441,-0.14594402686174512,8.342032086896195,-0.005085897232397004,-0.007289777080640152,-0.005565576427602528,40.0,0.0,1574.0,0.0,0.0,0.0,0.0,0.0
49.400000000000006,5.138462460064298,-0.018828160055474743,8.518584956378877,-0.004703513664136806,-0.020206033005485173,0.007700573583914221,40.0,0.0,1578.0,0.0,0.0,0.0,0.0,0.0
49.5,4.668161753687032,0.009704893087179709,8.260461955300423,0.02087275999230808,0.007113627221747217,0.006057537912714805,40.0,0.0,1582.0,0.0,0.0,0.0,0.0,0.0
49.6,5.1445560016481995,-0.10694739661986037,8.54723111792586,0.002998104337187135,0.0006402008133367001,0.01772353500106768,40.0,0.0,1586.0,0.0,0.0,0.0,0.0,0.0
49.7,5.06487381541697,0.06330854942375348,8.2174760956911,-0.008600462952794638,-0.0032270893359572415,0.0059337237427665125,40.0,0.0,1590.0,0.0,0.0,0.0,0.0,0.0
49.800000000000004,4.78546944129891,0.38175150133676317,8.693168319413381,0.007021183203924835,-0.0012796313871625525,0.0028779103009884833,40.0,0.0,1594.0,0.0,0.0,0.0,0.0,0.0
49.900000000000006,4.812212230996664,0.03162207777782938,8.504372092146758,-0.011417605754816245,0.0013417641724489744,0.0034474095117525126,40.0,0.0,1598.0,0.0,0.0,0.0,0.0,0.0
50.0,3.80280346253394,-0.10905775161692528,8.903668381112105,0.019876876573401904,0.0035655312453375812,-0.008354815690998912,40.0,0.0,1602.0,0.0,-1.0000000000000142,-1.0000000000000142,0.0,0.0
50.1,3.2958546358437433,-0.21209559834075484,9.62811286920842,-0.003711246518178786,-0.0029363618873917085,0.0182579664754219,39.8,0.0,1605.98,0.0,-2.0000000000000284,-2.0000000000000284,0.0,0.0
50.2,3.02987465714346,-0.1895677277669487,9.378169312173458,0.011383788510193168,-0.017193460754768422,-0.023321555981105687,39.599999999999994,0.0,1609.94,0.0,-2.0000000000000284,-2.0000000000000284,0.0,0.0
50.300000000000004,3.1552753636697477,0.10276111998663806,9.645748473586183,-0.0036316136208539903,-0.006114266071160024,0.016539007342557473,39.39999999999999,0.0,1613.88,0.0,-2.0000000000000284,-2.0000000000000284,0.0,0.0
50.400000000000006,2.942487937476846,-0.03827811627745138,9.494272794614082,0.005492187212850342,-0.007098066931908825,0.005344410117058413,39.19999999999999,0.0,1617.8000000000002,0.0,-1.9999999999999574,-1.9999999999999574,0.0,0.0
50.5,2.8497000894192106,-0.07873726185007725,9.533735518008493,-0.008822940342546794,-0.0014101577841040263,0.009468725008026981,39.0,0.0,1621.7000000000003,0.0,-1.9999999999999574,-1.9999999999999574,0.0,0.0
50.6,3.1715668123024328,0.04556956564948564,9.321299326332667,-0.0010661127969604665,0.004102161695892226,0.006569729609684343,38.8,0.0,1625.5800000000004,0.0,-2.0000000000000284,-2.0000000000000284,0.0,0.0
50.7,3.1349695019965074,0.05363246064361896,9.572900679720853,-0.01949941278577478,0.009590740649558976,0.0016374526131892803,38.599999999999994,0.0,1629.4400000000003,0.0,-2.0000000000000284,-2.0000000000000284,0.0,0.0
50.800000000000004,3.286772682417132,0.19958703854678417,9.25995815654079,-0.006094410024275466,-0.004885486958757048,-0.0028375352112442838,38.39999999999999,0.0,1633.2800000000002,0.0,-2.0000000000000284,-2.0000000000000284,0.0,0.0
50.900000000000006,3.48318967880668,-0.1085158140740189,9.382377194202293,0.003043890316029768,-0.014021495260760889,0.001043192882437362,38.19999999999999,0.0,1637.1000000000001,0.0,-1.9999999999999574,-1.9999999999999574,0.0,0.0
51.0,3.270567181618685,-0.029929060657376685,9.451701182290332,-0.004293321124483709,-0.01714470309180767,0.008215932113392386,38.0,0.0,1640.9,0.0,-1.9999999999999574,-1.9999999999999574,0.0,0.0
51.1,3.486189153178184,0.022760244617515718,9.499498828712492,0.007927227551168595,-0.014693304965466992,0.022025146581296055,37.8,0.0,1644.68,0.0,-2.0000000000000284,-2.0000000000000284,0.0,0.0
51.2,3.253298511894518,0.26477853486336633,9.355754261796761,0.01918061922557825,0.005751554940347832,0.010530400858523584,37.599999999999994,0.0,1648.44,0.0,-2.0000000000000284,-2.0000000000000284,0.0,0.0
51.300000000000004,3.25805286058407,-0.0172792927111674,9.645788959896441,0.0024035986984804695,-0.021670697035871524,-0.0061718646170700235,37.39999999999999,0.0,1652.18,0.0,-2.0000000000000284,-2.0000000000000284,0.0,0.0
51.400000000000006,3.195072329602247,0.06649984747483326,9.45722093779034,0.013189707897936633,-0.02151101864038625,0.006435879365051602,37.19999999999999,0.0,1655.9,0.0,-1.9999999999999574,-1.9999999999999574,0.0,0.0
51.5,2.9502523086230856,0.13395684432262525,9.451540403959024,0.005196099720241182,-0.01063882960589766,0.01779464931657751,37.0,0.0,1659.6000000000001,0.0,-1.9999999999999574,-1.9999999999999574,0.0,0.0
51.6,3.379207892039925,0.10753164545178315,9.446281624095842,0.006798572852951322,-0.00906892567987349,0.013555556590207123,36.8,0.0,1663.2800000000002,0.0,-2.0000000000000284,-2.0000000000000284,0.0,0.0
51.7,3.4703713265796856,0.1805915839968779,9.356268840654248,0.004614173172731029,-0.014931415437586477,0.010723903111756757,36.599999999999994,0.0,1666.9400000000003,0.0,-2.0000000000000284,-2.0000000000000284,0.0,0.0
51.800000000000004,3.2905397043604783,-0.2604724509298246,9.291441634538504,-0.0018313889674376714,-0.005008597471408263,-0.007094769354188054,36.39999999999999,0.0,1670.5800000000004,0.0,-2.0000000000000284,-2.0000000000000284,0.0,0.0
51.900000000000006,3.2812960018339865,0.057721041341076806,9.436568841328546,-0.006557915001583629,0.008487071264165634,0.021554071130882955,36.19999999999999,0.0,1674.2000000000003,0.0,-1.9999999999999574,-1.9999999999999574,0.0,0.0
52.0,3.1504149698541783,-0.0718250375732231,9.539390360937123,-0.0025802937974698623,-0.0033939720066323417,0.012396531517246713,36.0,0.0,1677.8000000000002,0.0,-1.9999999999999574,-1.9999999999999574,0.0,0.0
52.1,2.936545779305004,0.21774534872790038,9.47661128977476,-0.003114931445621802,-0.002892341542214489,0.004624293550205188,35.8,0.0,1681.38,0.0,-2.0000000000000284,-2.0000000000000284,0.0,0.0
52.2,2.963268996914359,0.24424073411798536,9.471908055965953,0.005430021304473752,0.007515497705740427,-0.005211624575603002,35.599999999999994,0.0,1684.94,0.0,-2.0000000000000284,-2.0000000000000284,0.0,0.0
52.300000000000004,3.2939699772863817,-0.020146163634819036,9.592724827407833,-0.020272274203514955,-0.00299094300241269,-0.001028206557839616,35.39999999999999,0.0,1688.48,0.0,-2.0000000000000284,-2.0000000000000284,0.0,0.0
52.400000000000006,3.287788635026282,0.09050662810523032,9.35956532690202,-0.006121738641760435,-0.0031066536855732943,-0.003966422273152082,35.19999999999999,0.0,1692.0,0.0,-1.9999999999999574,-1.9999999999999574,0.0,0.0
52.5,3.3492467467489777,-0.03538108006711692,9.029660978227078,-0.002748220566218061,-0.012385438208439724,-0.011312758154609453,35.0,0.0,1695.5,0.0,-1.9999999999999574,-1.9999999999999574,0.0,0.0
52.6,3.0373351966977116,0.036411270774945506,9.665005335362594,0.0041318447386498,-0.008065033882157397,0.009559041951707026,34.8,0.0,1698.98,0.0,-2.0000000000000284,-2.0000000000000284,0.0,0.0
52.7,3.154085645898249,-0.08419005537447169,9.292554810890412,-0.016518288067517192,-0.005899237065594453,0.006580534899201318,34.599999999999994,0.0,1702.44,0.0,-2.0000000000000284,-2.0000000000000284,0.0,0.0
52.800000000000004,3.208455641928864,-0.04239503919210379,9.323847302020843,0.0070824619168496855,-0.01517131919946585,0.012760279138434753,34.39999999999999,0.0,1705.88,0.0,-2.0000000000000284,-2.0000000000000284,0.0,0.0
52.900000000000006,3.07261663959215,-0.09286528560295523,9.245691432532972,-0.0040140214688563665,0.007753124584779789,0.010156280884439565,34.19999999999999,0.0,1709.3000000000002,0.0,-1.9999999999999574,-1.9999999999999574,0.0,0.0
53.0,3.369712509235364,0.09832138189009038,9.300158736845768,-0.0023078922432755735,-0.009801991291174627,0.018305749040390402,34.0,0.0,1712.7000000000003,0.0,-1.9999999999999574,-1.9999999999999574,0.0,0.0
53.1,3.043430895467151,0.1540546534083666,9.599652291641675,0.019296202017160872,-0.006096865926294974,0.012123221595801622,33.8,0.0,1716.0800000000004,0.0,-2.0000000000000284,-2.0000000000000284,0.0,0.0
53.2,3.565196967911924,-0.0726462515400545,9.235453173995506,-0.017800100339077637,0.005127120288613314,-0.013831502080585839,33.599999999999994,0.0,1719.4400000000003,0.0,-2.0000000000000284,-2.0000000000000284,0.0,0.0
53.300000000000004,3.1671013344904093,0.08559697805584411,9.493485541649846,0.005254448641841723,0.00022289855800854044,0.017788658133133933,33.39999999999999,0.0,1722.7800000000002,0.0,-2.0000000000000284,-2.0000000000000284,0.0,0.0
53.400000000000006,3.0801017353203393,-0.08154927076877969,9.3498102943347,0.009301918118626101,0.007003985883950636,0.00951225319318508,33.19999999999999,0.0,1726.1000000000001,0.0,-1.9999999999999574,-1.9999999999999574,0.0,0.0
53.5,3.400473242464648,-0.15670613010645712,9.715792827857994,0.016232386217122582,0.005356219972457468,0.0228179890877106,33.0,0.0,1729.4,0.0,-1.9999999999999574,-1.9999999999999574,0.0,0.0
53.6,2.9744557112794316,-0.058667220439397774,9.355413692023067,0.008214793237573433,-0.012501407396021456,0.012574951493374856,32.8,0.0,1732.68,0.0,-2.0000000000000284,-2.0000000000000284,0.0,0.0
53.7,3.4285296140306047,0.1242804350125999,9.508271864674585,-0.00887873340900749,-0.010468509661253646,0.017496189052966668,32.599999999999994,0.0,1735.94,0.0,-2.0000000000000284,-2.0000000000000284,0.0,0.0
53.800000000000004,3.3398515430168976,0.014147072093368383,9.403022779260477,-0.019258078731113768,-0.012708524186844388,0.024114190871397236,32.39999999999999,0.0,1739.18,0.0,-2.0000000000000284,-2.0000000000000284,0.0,0.0
53.900000000000006,3.030880856780789,0.0484219731831621,9.616825807104604,-0.011549226680022926,-0.00015289525218916702,0.014379155375106551,32.19999999999999,0.0,1742.4,0.0,-1.9999999999999574,-1.9999999999999574,0.0,0.0
54.0,3.2248240907172465,0.45026045835001527,9.215419322293595,0.01158728529883879,-0.003728017373964644,0.01271920154836675,32.0,0.0,1745.6000000000001,0.0,-1.9999999999999574,-1.9999999999999574,0.0,0.0
54.1,3.2891452651859843,-0.08997342956649948,9.50005866999426,-0.01757901451398287,0.004032475005713938,0.007981584659905257,31.799999999999997,0.0,1748.7800000000002,0.0,-2.0000000000000284,-2.0000000000000284,0.0,0.0
54.2,3.318748217727563,0.1787177487630725,9.520852187156816,0.002480894197982762,-0.010810683366612922,-0.0021222076364905097,31.599999999999994,0.0,1751.9400000000003,0.0,-2.0000000000000284,-2.0000000000000284,0.0,0.0
54.300000000000004,3.400959385457697,0.23545031085589677,9.429992645678551,0.0014600274725327413,-0.01104614374993766,0.016727568452674448,31.39999999999999,0.0,1755.0800000000004,0.0,-2.0000000000000284,-2.0000000000000284,0.0,0.0
54.400000000000006,3.3227617159849254,0.3111826154695624,9.333960749548362,-0.002780078990182172,0.00031445922525572293,0.011464895377257707,31.19999999999999,0.0,1758.2000000000003,0.0,-1.9999999999999574,-1.9999999999999574,0.0,0.0
54.5,3.190599046799014,-0.11094416356805505,9.59792034046386,0.008211353625455817,-0.01116274100563725,0.018554428011054957,31.0,0.0,1761.3000000000002,0.0,-1.9999999999999574,-1.9999999999999574,0.0,0.0
54.6,3.398478998810588,0.04014447458716893,9.477648890481765,0.006540577711159071,-0.010617030702562582,0.005300314791640822,30.799999999999997,0.0,1764.38,0.0,-2.0000000000000284,-2.0000000000000284,0.0,0.0
54.7,2.9000916607397205,0.1514683468254403,9.23148522775908,0.01603419828428999,-0.005301200939664503,0.0028833301806882312,30.599999999999994,0.0,1767.44,0.0,-2.0000000000000284,-2.0000000000000284,0.0,0.0
54.800000000000004,3.128789106518422,-0.023205831088311455,9.678488912897565,-0.023878086565350794,0.010769653860881878,0.008380234811017082,30.39999999999999,0.0,1770.48,0.0,-2.0000000000000284,-2.0000000000000284,0.0,0.0
54.900000000000006,3.0418959452525764,-0.1412968589573857,9.717168165206555,-0.008455068799427312,-0.013533505105959595,0.016373145423647293,30.19999999999999,0.0,1773.5,0.0,-1.9999999999999574,-1.9999999999999574,0.0,0.0
55.0,3.273732123874046,-0.12068883648045982,9.498202957436016,-0.009257526836402772,0.009008213984226052,0.015613709648731336,30.0,0.0,1776.5,0.0,-1.9999999999999574,-1.9999999999999574,0.0,0.0
55.1,3.302750122254389,0.07424915918705248,9.729887429855465,0.000996863273882253,-0.013818741254208011,0.00949473912832307,29.799999999999997,0.0,1779.48,0.0,-2.0000000000000284,-2.0000000000000284,0.0,0.0
55.2,3.5358562498616646,-0.13221392397787782,9.411489796121261,0.005164460381014526,-0.0025390484900573917,-0.004823035803773146,29.599999999999994,0.0,1782.44,0.0,-2.0000000000000284,-2.0000000000000284,0.0,0.0
55.300000000000004,3.3912278708656682,0.3680061083025889,9.495128929978945,-0.008040682897360003,-0.01748960525053475,0.007579759812211808,29.39999999999999,0.0,1785.38,0.0,-2.0000000000000284,-2.0000000000000284,0.0,0.0
55.400000000000006,3.3885307939285974,0.09127516197430724,9.465348634987496,-0.004892716517893062,-0.012921636327180897,0.01334751326324882,29.19999999999999,0.0,1788.3000000000002,0.0,-1.9999999999999574,-1.9999999999999574,0.0,0.0
55.5,3.3600149356389966,-0.21185946800360997,9.704185057852426,0.006740712208940013,0.011995946451457936,-0.00842127748485115,29.0,0.0,1791.2000000000003,0.0,-1.9999999999999574,-1.9999999999999574,0.0,0.0
55.6,3.018075569118782,-0.0023453964650945354,9.54112687515964,0.018963608229269638,0.0050607891381513155,0.0025731872318796667,28.799999999999997,0.0,1794.0800000000004,0.0,-2.0000000000000284,-2.0000000000000284,0.0,0.0
55.7,3.0689938112812136,0.2045000859078725,9.321003397262752,0.01728468554772322,-0.004843846496065093,0.020905820726178505,28.599999999999994,0.0,1796.9400000000003,0.0,-2.0000000000000284,-2.0000000000000284,0.0,0.0
55.800000000000004,3.3247888859399892,-0.000549323416368739,9.387799755351441,-0.0024090787734607983,0.0022831669237523755,0.005771564962177168,28.39999999999999,0.0,1799.7800000000002,0.0,-2.0000000000000284,-2.0000000000000284,0.0,0.0
55.900000000000006,3.133877481220853,-0.004844711547644834,9.477495765583196,-0.02028734094414812,0.002581681147886987,-0.0047972122471680685,28.19999999999999,0.0,1802.6000000000001,0.0,-1.9999999999999574,-1.9999999999999574,0.0,0.0
56.0,3.0499493319502973,-0.23310165206660657,9.196625336445141,-0.012554475031122891,-0.009090209576304905,0.024532591375265683,28.0,0.0,1805.4,0.0,-1.9999999999999574,-1.9999999999999574,0.0,0.0
56.1,3.144067241046817,0.0466625159402047,9.525781419101309,0.0023106518621584873,-0.0027744346072599364,-0.006952937635992446,27.799999999999997,0.0,1808.18,0.0,-2.0000000000000284,-2.0000000000000284,0.0,0.0
56.2,3.440588324672979,0.29107949654568277,9.213310407006956,-0.009240285908863794,-0.0047981034237700605,-0.004645377949101913,27.599999999999994,0.0,1810.94,0.0,-2.0000000000000284,-2.0000000000000284,0.0,0.0
56.300000000000004,3.2988440254494775,-0.08924083036099195,9.790467621296349,0.012905485943435963,0.0001257403063221487,0.015269862633197323,27.39999999999999,0.0,1813.68,0.0,-2.0000000000000284,-2.0000000000000284,0.0,0.0
56.400000000000006,3.3888342560847553,-0.06459212320873647,9.343276624444028,0.0017814306296964745,0.006616361244979441,0.006390603986534177,27.19999999999999,0.0,1816.4,0.0,-1.9999999999999574,-1.9999999999999574,0.0,0.0
56.5,2.986399720102509,-0.10042366659262633,9.454613281586168,0.0002433439567416974,0.017725421767898084,-0.00885987942398998,27.0,0.0,1819.1000000000001,0.0,-1.9999999999999574,-1.9999999999999574,0.0,0.0
56.6,3.2987875787064787,0.24336696624924342,9.806426672938779,-0.003043974231839613,0.0029142945272019978,0.010697603571986469,26.799999999999997,0.0,1821.7800000000002,0.0,-2.0000000000000284,-2.0000000000000284,0.0,0.0
56.7,3.252271452164091,0.005173219814104093,9.531105519550366,-0.024322460852196852,0.004820694900626313,0.006261779036619672,26.599999999999994,0.0,1824.4400000000003,0.0,-2.0000000000000284,-2.0000000000000284,0.0,0.0
56.800000000000004,3.189577957914358,0.32702932935793366,9.364469108306777,-0.003030759890650308,0.01791553302204734,-0.003320613048498567,26.39999999999999,0.0,1827.0800000000004,0.0,-2.0000000000000284,-2.0000000000000284,0.0,0.0
56.900000000000006,3.140431899990678,-0.002053813514627495,9.591819383444756,0.0030780250735331343,-0.014926253471522627,-0.0003216856312718954,26.19999999999999,0.0,1829.7000000000003,0.0,-1.9999999999999574,-1.9999999999999574,0.0,0.0
57.0,3.131846027449327,0.008416843216543166,9.529585759919799,0.0051820575588797215,-0.01976011754048402,0.01563940987560856,26.0,0.0,1832.3000000000002,0.0,-1.9999999999999574,-1.9999999999999574,0.0,0.0
57.1,3.260834519330591,0.22767980713908592,9.53233896021896,0.01201322957735762,0.0026654531145012695,0.018462257562027483,25.799999999999997,0.0,1834.88,0.0,-2.0000000000000284,-2.0000000000000284,0.0,0.0
57.2,3.301286787833764,0.005312713033564393,9.806574419192392,0.00989037122279892,0.0037374442100441317,-0.007763044165383359,25.599999999999994,0.0,1837.44,0.0,-2.0000000000000284,-2.0000000000000284,0.0,0.0
57.300000000000004,3.029703049811567,0.063907322321278,9.487537390790596,-0.005141225650083162,-0.0005901730038793999,0.020886269280435958,25.39999999999999,0.0,1839.98,0.0,-2.0000000000000284,-2.0000000000000284,0.0,0.0
57.400000000000006,3.3272595636137035,-0.15115127646291074,9.448982887053882,-0.007049664808525609,-0.005876999164085612,0.000863843343703573,25.19999999999999,0.0,1842.5,0.0,-1.9999999999999574,-1.9999999999999574,0.0,0.0
57.5,3.151302355040558,-0.16827030579600924,9.446561008897595,-0.0046060763684731,-0.03129448690002268,0.02552972024501663,25.0,0.0,1845.0,0.0,-1.9999999999999574,-1.9999999999999574,0.0,0.0
57.6,3.3862646405635983,-0.0364451087387494,9.468532068586448,-0.010716543473175619,0.014957228778108652,0.023972886947731118,24.799999999999997,0.0,1847.48,0.0,-2.0000000000000284,-2.0000000000000284,0.0,0.0
57.7,3.2464532516680764,0.17352959662780168,9.492002227965449,-0.012367254388759307,-0.006118233689636573,0.006319279667719571,24.599999999999994,0.0,1849.94,0.0,-2.0000000000000284,-2.0000000000000284,0.0,0.0
57.800000000000004,3.154767034619581,-0.012797991615255393,9.451999277498992,0.00019121502134538694,-0.001477415095025168,-0.005606050663966009,24.39999999999999,0.0,1852.38,0.0,-2.0000000000000284,-2.0000000000000284,0.0,0.0
57.900000000000006,3.1153967700619685,-0.1726876398549954,9.612381543578254,-0.020056469418403246,0.009535903433169254,0.018863493972628435,24.19999999999999,0.0,1854.8000000000002,0.0,-1.9999999999999574,-1.9999999999999574,0.0,0.0
58.0,3.1776221043837656,-0.37047056317409477,9.41151262683023,0.00035815838711180726,-0.012105982199289135,-0.0001521839380824279,24.0,0.0,1857.2000000000003,0.0,-1.9999999999999574,-1.9999999999999574,0.0,0.0
58.1,3.4524784722606,0.11973907434526115,9.327024593968645,-0.01497599169595432,-0.005270173176097711,0.0028654322064956177,23.799999999999997,0.0,1859.5800000000004,0.0,-2.0000000000000284,-2.0000000000000284,0.0,0.0
58.2,3.297379070535595,-0.060297506885148844,9.542434147429638,0.020351540400602292,0.006155010224442627,0.004519114926692274,23.599999999999994,0.0,1861.9400000000003,0.0,-2.0000000000000284,-2.0000000000000284,0.0,0.0
58.300000000000004,3.1954766217731034,-0.03350097012698068,9.642805347993182,-0.005273134459513029,-0.0015477729100001744,0.005511979018810853,23.39999999999999,0.0,1864.2800000000002,0.0,-2.0000000000000284,-2.0000000000000284,0.0,0.0
58.400000000000006,3.147681563509429,-0.18586983218261513,9.514155386667975,0.0003899602814461645,0.003002404694365699,-0.00033600306439166873,23.19999999999999,0.0,1866.6000000000001,0.0,-1.9999999999999574,-1.9999999999999574,0.0,0.0
58.5,3.406072387253116,-0.11151606718177672,9.722515253728007,-0.016476365098282614,0.002347700645568912,0.009754306825266235,23.0,0.0,1868.9,0.0,-1.9999999999999574,-1.9999999999999574,0.0,0.0
58.6,3.1036156322399653,0.08365909067915189,9.657637011589383,-0.021168188393540645,0.003027448074908146,-0.019932708203300776,22.799999999999997,0.0,1871.18,0.0,-2.0000000000000284,-2.0000000000000284,0.0,0.0
58.7,3.0780994719026165,0.2643749547351418,9.378441906116551,-0.010738799644089726,-0.003979377289846819,0.025679063381635524,22.599999999999994,0.0,1873.44,0.0,-2.0000000000000284,-2.0000000000000284,0.0,0.0
58.800000000000004,2.9481968553501936,-0.13769648674590168,9.690323963602303,0.019577023435377327,-0.0030343122429028393,-0.007390527025266424,22.39999999999999,0.0,1875.68,0.0,-2.0000000000000284,-2.0000000000000284,0.0,0.0
58.900000000000006,3.5373257177025326,0.25916635876237953,9.567551259289658,-0.0071240234893742,-0.0024902934083803675,0.0033963991895516925,22.19999999999999,0.0,1877.9,0.0,-1.9999999999999574,-1.9999999999999574,0.0,0.0
59.0,3.2725768881234956,0.2376502157197004,9.597621767295934,-0.009773760769847581,0.011764964500195377,0.008131321400131553,22.0,0.0,1880.1000000000001,0.0,-1.9999999999999574,-1.9999999999999574,0.0,0.0
59.1,3.326009061809935,0.2399811288917904,9.298972173698326,0.0006417442129353707,-0.007314545513592151,-0.010678594253654559,21.799999999999997,0.0,1882.2800000000002,0.0,-2.0000000000000284,-2.0000000000000284,0.0,0.0
59.2,3.2749556890718354,0.39673348273766357,9.189697549449496,0.0006771938895052968,0.0044054293507477344,0.006230782016561812,21.599999999999994,0.0,1884.4400000000003,0.0,-2.0000000000000284,-2.0000000000000284,0.0,0.0
59.300000000000004,3.2059799845537365,-0.17488245451687365,9.500627222566385,-0.006567639770159264,-0.02389921704978553,0.01694592220513731,21.39999999999999,0.0,1886.5800000000004,0.0,-2.0000000000000284,-2.0000000000000284,0.0,0.0
59.400000000000006,3.366707065407465,0.027749146527661972,9.500070414356179,0.011743180127155615,0.00024339656778082615,0.014040175547613144,21.19999999999999,0.0,1888.7000000000003,0.0,-1.9999999999999574,-1.9999999999999574,0.0,0.0
59.5,3.1783268623000813,0.21679756078609197,9.513827070015227,0.0029405194360587403,-0.014700610887120321,0.007869558543017088,21.0,0.0,1890.8000000000002,0.0,-1.9999999999999574,-1.9999999999999574,0.0,0.0
59.6,3.0981559548069297,-0.07574240897927412,9.343402866877941,-0.00966234931899225,0.019247714030169616,0.018313390619884032,20.799999999999997,0.0,1892.88,0.0,-2.0000000000000284,-2.0000000000000284,0.0,0.0
59.7,3.511004317752737,-0.16343425293333458,9.476397273611994,-0.011935076252040957,-0.00895694877197064,-0.004181269834165749,20.599999999999994,0.0,1894.94,0.0,-2.0000000000000284,-2.0000000000000284,0.0,0.0
59.800000000000004,3.4088867933973317,-0.03943445171526397,9.625966111179462,0.00704120889588518,0.02103638752104789,-0.009794442231397239,20.39999999999999,0.0,1896.98,0.0,-2.0000000000000284,-2.0000000000000284,0.0,0.0
59.900000000000006,3.411834178399179,0.19196613056010914,9.31970238542127,0.011071333364731595,0.0013614496302622884,0.0027252374004659223,20.19999999999999,0.0,1899.0,0.0,-1.9999999999999574,-1.9999999999999574,0.0,0.0
60.0,3.099358869385359,-0.08786641771737788,9.773181025493212,0.0010068281895748263,0.005821300015314591,-0.0029089938166755322,20.0,0.0,1901.0,0.0,-1.9999999999999574,-1.9999999999999574,0.0,0.0
60.1,3.1059712504978516,0.1822977213874913,9.26327277939263,-0.0031521376790527153,-0.0016597258892776796,0.006113726018400524,19.799999999999997,0.0,1902.98,0.0,-2.0000000000000284,-2.0000000000000284,0.0,0.0
60.2,3.196085199678674,0.07937296716438846,9.569637574498032,0.0083463754545933,-0.011858038086678267,0.0021584490207120282,19.599999999999994,0.0,1904.94,0.0,-2.0000000000000284,-2.0000000000000284,0.0,0.0
60.300000000000004,3.402163621712638,0.15419707813608083,9.2597802934032,0.004514799003522017,-0.0217822524937481,0.005469349020603697,19.39999999999999,0.0,1906.88,0.0,-2.0000000000000284,-2.0000000000000284,0.0,0.0
60.400000000000006,3.5076142449430554,-0.12218390759034793,9.340560754301586,0.008640297815728594,-0.01742801515209646,-0.0013275502988503909,19.19999999999999,0.0,1908.8000000000002,0.0,-1.9999999999999574,-1.9999999999999574,0.0,0.0
60.5,3.3124153630684217,-0.07514287715341046,9.430313713043677,0.008441857103150346,0.0022154608353656124,0.007668183962954019,19.0,0.0,1910.7000000000003,0.0,-1.9999999999999574,-1.9999999999999574,0.0,0.0
60.6,3.172080850540592,0.07550916729034331,9.447149309110396,0.005578056099257847,-0.006969320251179783,0.003174310256204589,18.799999999999997,0.0,1912.5800000000004,0.0,-2.0000000000000284,-2.0000000000000284,0.0,0.0
60.7,3.0744555235482953,0.014748858499064616,9.344059081581033,-0.010140464501619935,0.0005866114785538813,0.007127397758576603,18.599999999999994,0.0,1914.4400000000003,0.0,-2.0000000000000284,-2.0000000000000284,0.0,0.0
60.800000000000004,3.3403802526733832,-0.04466883543626485,9.526917138150873,0.006507975722736632,0.002447738078315948,-0.0032565368280214205,18.39999999999999,0.0,1916.2800000000002,0.0,-2.0000000000000284,-2.0000000000000284,0.0,0.0
60.900000000000006,3.245353714771837,0.07462104440819921,9.466785981161514,-0.019864776583710848,-0.00039510376026519927,0.027125310393972424,18.19999999999999,0.0,1918.1000000000001,0.0,-1.9999999999999574,-1.9999999999999574,0.0,0.0
61.0,3.1689433021176114,-0.08921156467829816,9.521711495082034,0.004123782104665717,0.009927351654164144,-0.007578681559088879,18.0,0.0,1919.9,0.0,-1.9999999999999574,-1.9999999999999574,0.0,0.0
61.1,3.3326562303173466,0.10856330918771952,9.444387230584278,0.0043868731792168995,0.008294574815983573,0.013723153800284504,17.799999999999997,0.0,1921.68,0.0,-2.0000000000000284,-2.0000000000000284,0.0,0.0
61.2,3.0514962956200384,0.14302372801332267,9.456005920370481,0.001728740980155154,-0.0012680300899830551,0.0034975701120174003,17.599999999999994,0.0,1923.44,0.0,-2.0000000000000284,-2.0000000000000284,0.0,0.0
61.300000000000004,3.401705316997157,0.007442306022618198,9.297777291867884,-0.0029352985596972888,-0.0002130528318952439,0.017292147842970503,17.39999999999999,0.0,1925.18,0.0,-2.0000000000000284,-2.0000000000000284,0.0,0.0
61.400000000000006,3.313413395173484,-0.10758029181205657,9.838487698627157,0.0036477531097797965,0.010753907379990149,0.0034828556642277084,17.19999999999999,0.0,1926.9,0.0,-1.9999999999999574,-1.9999999999999574,0.0,0.0
61.5,3.302953079136976,0.1459202756777607,9.648438417888462,0.01157368305378225,0.006721970000729778,0.001849132688058914,17.0,0.0,1928.6000000000001,0.0,-1.9999999999999574,-1.9999999999999574,0.0,0.0
61.6,3.137187286137688,0.06989112654862963,9.60567842197652,-0.0012272070077660705,0.008651719657143866,0.019526167454861795,16.799999999999997,0.0,1930.2800000000002,0.0,-2.0000000000000284,-2.0000000000000284,0.0,0.0
61.7,3.0855010545700847,-0.10553810556944197,9.444652952289559,0.004076126681891964,-0.00724567013767051,0.018522026788671445,16.599999999999994,0.0,1931.9400000000003,0.0,-2.0000000000000284,-2.0000000000000284,0.0,0.0
61.800000000000004,3.286559221658865,0.025917057236110923,9.25032278254508,-0.012158158164275071,0.0008100925028180629,-0.016325956261548362,16.39999999999999,0.0,1933.5800000000004,0.0,-2.0000000000000284,-2.0000000000000284,0.0,0.0
61.900000000000006,3.3748448038777696,-0.003723076655848045,9.952173156564534,0.024079162506161107,-0.0038144906924751677,0.003936629974686851,16.19999999999999,0.0,1935.2000000000003,0.0,-1.9999999999999574,-1.9999999999999574,0.0,0.0
62.0,3.3722864195314632,0.2754758914877057,9.220004852509922,-0.016863754653546864,-0.008220348055543815,0.010827375831738643,16.0,0.0,1936.8000000000002,0.0,-1.9999999999999574,-1.9999999999999574,0.0,0.0
62.1,3.297480231007237,0.1804657182475775,9.285754581870563,-0.022161438629688765,0.006580141953021455,-0.0032819627296523457,15.799999999999997,0.0,1938.38,0.0,-2.0000000000000284,-2.0000000000000284,0.0,0.0
62.2,2.920176012772802,0.04175956189390724,9.58468556435816,-0.00022057132121277266,-0.006578483861824892,0.0034063776785409347,15.599999999999994,0.0,1939.94,0.0,-2.0000000000000284,-2.0000000000000284,0.0,0.0
62.300000000000004,3.16736177807098,-0.18220706679102508,9.358507109576795,0.006212799050138145,0.0012167854137650012,0.006680598059668202,15.399999999999991,0.0,1941.48,0.0,-2.0000000000000284,-2.0000000000000284,0.0,0.0
62.400000000000006,3.0736769201531517,-0.0072254743203500685,9.139149454158895,0.0027847666388538975,0.012288577078135673,-0.009741321320421058,15.199999999999989,0.0,1943.0,0.0,-1.9999999999999574,-1.9999999999999574,0.0,0.0
62.5,3.1350600414334955,0.06936601680651944,9.653635606289447,-0.0034822461630014947,-0.008922503292658965,-0.014689231424160832,15.0,0.0,1944.5,0.0,-1.9999999999999574,-1.9999999999999574,0.0,0.0
62.6,3.2384649118273137,0.3263114060215616,9.50731298042006,0.0007772102081628669,0.0012208231076698546,0.004889079960513979,14.799999999999997,0.0,1945.98,0.0,-2.0000000000000284,-2.0000000000000284,0.0,0.0
62.7,3.1009970365920783,0.14349198735165578,9.499573439592123,0.0011761325193365732,-0.0117536602727825,0.018035079319347593,14.599999999999994,0.0,1947.44,0.0,-2.0000000000000284,-2.0000000000000284,0.0,0.0
62.800000000000004,3.322654604231064,-0.06293812560509529,9.61598293917765,-0.003975708383852071,-0.00982003492511037,-0.0025970311748028706,14.399999999999991,0.0,1948.88,0.0,-2.0000000000000284,-2.0000000000000284,0.0,0.0
62.900000000000006,2.957288909467945,0.09073135706273086,9.191037479374572,-0.011284438312657626,-0.02275588009078533,0.00413930307209107,14.199999999999989,0.0,1950.3000000000002,0.0,-1.9999999999999574,-1.9999999999999574,0.0,0.0
63.0,3.200401123390378,-0.029004431977954607,9.309322556924737,-0.0107223375343664,0.0026436986354657415,-0.0005055193170848769,14.0,0.0,1951.7000000000003,0.0,-1.9999999999999574,-1.9999999999999574,0.0,0.0
63.1,3.270402940661519,-0.11278730291863336,9.492868622541021,0.014032780373160636,0.0038616580039278333,0.0008758618178351966,13.799999999999997,0.0,1953.0800000000004,0.0,-2.0000000000000284,-2.0000000000000284,0.0,0.0
63.2,3.2615290379844866,-0.01609977617953195,9.466891238829568,-0.002256110521485036,-0.003643352058853912,0.007120933530741752,13.599999999999994,0.0,1954.4400000000003,0.0,-2.0000000000000284,-2.0000000000000284,0.0,0.0
63.300000000000004,3.073945387493805,-0.13238182404849674,9.257427828050679,-0.015002711045037097,-0.014172826922204795,0.006594625068041292,13.399999999999991,0.0,1955.7800000000002,0.0,-2.0000000000000284,-2.0000000000000284,0.0,0.0
63.400000000000006,3.0890310651073762,0.09704216963466444,9.470916273438208,-0.018685042134380537,0.004549755842216898,0.013107986455917098,13.199999999999989,0.0,1957.1000000000001,0.0,-1.9999999999999574,-1.9999999999999574,0.0,0.0
63.5,3.0738697912059307,0.08302873143424874,9.337234475513943,0.001976703767483354,-0.014644984069549656,-0.012931064525345766,13.0,0.0,1958.4,0.0,-1.9999999999999574,-1.9999999999999574,0.0,0.0
63.6,3.1655266139891522,0.0014406580587745799,9.40605725708317,-0.010840305582225596,-0.0059989906213113705,0.00769294752580734,12.799999999999997,0.0,1959.68,0.0,-2.0000000000000284,-2.0000000000000284,0.0,0.0
63.7,3.216215237912717,0.04737515458988201,9.365191931057224,0.012717179147161597,-0.013761733365547807,0.009875602970867186,12.599999999999994,0.0,1960.94,0.0,-2.0000000000000284,-2.0000000000000284,0.0,0.0
63.800000000000004,3.4002328563750917,0.09213621391233431,9.435330577065635,-0.004282970466629792,0.00836087651046256,-0.009229749252616732,12.399999999999991,0.0,1962.18,0.0,-2.0000000000000284,-2.0000000000000284,0.0,0.0
63.900000000000006,3.0774305533742123,-0.0396336648237582,9.651357274752124,0.00479767636040896,-0.011680457585102454,0.0018969229461509637,12.199999999999989,0.0,1963.4,0.0,-1.9999999999999574,-1.9999999999999574,0.0,0.0
64.0,3.1308007208166533,-0.08646834883503025,9.612542644908876,-0.012717431292635056,0.014087808557343736,0.013282296901846229,12.0,0.0,1964.6000000000001,0.0,-2.0000000000000284,-2.0000000000000284,0.0,0.0
64.10000000000001,3.3865784430216523,-0.04944092680378874,9.443218103263494,-0.01333151814524712,-0.007246624070668031,0.009936548476431509,11.799999999999983,0.0,1965.7800000000002,0.0,-2.0000000000000284,-2.0000000000000284,0.0,0.0
64.2,3.41735865169843,-0.14607352252036776,9.410883320577499,-0.0005129922023252233,-0.015957892021924852,0.010913492417584002,11.599999999999994,0.0,1966.9400000000003,0.0,-1.9999999999998863,-1.9999999999998863,0.0,0.0
64.3,3.1143506426697063,-0.009308552676553592,9.397916805338578,-0.006893385057196743,-0.002070449854805547,0.0028439042143197763,11.400000000000006,0.0,1968.0800000000004,0.0,-2.0000000000000284,-2.0000000000000284,0.0,0.0
64.4,3.1671705100892975,-0.0892692432520514,9.513637911742803,0.01753617268492285,-0.0006011276716087262,0.01496118214911129,11.199999999999989,0.0,1969.2000000000003,0.0,-2.0000000000000284,-2.0000000000000284,0.0,0.0
64.5,3.014415903658078,0.043664215894065425,9.301103963279699,-0.013769249275319015,-0.009393714074590363,0.01691899334413573,11.0,0.0,1970.3000000000002,0.0,-2.0000000000000284,-2.0000000000000284,0.0,0.0
64.60000000000001,3.3654515667315446,0.05645070830815996,9.23580412714187,-0.000962806513879368,0.0010170000890173552,0.006755362295785979,10.799999999999983,0.0,1971.38,0.0,-2.0000000000000284,-2.0000000000000284,0.0,0.0
64.7,2.9463801549091087,-0.11354767720298077,9.456097546502981,0.0063629090951719,-0.023961278210999463,0.0033787602452014158,10.599999999999994,0.0,1972.44,0.0,-1.9999999999998863,-1.9999999999998863,0.0,0.0
64.8,3.2444065079129403,0.14744179827743195,9.569637848760975,0.006825713188088052,-0.009999405067019343,-0.014080021371233074,10.400000000000006,0.0,1973.48,0.0,-2.0000000000000284,-2.0000000000000284,0.0,0.0
64.9,3.1639912788718876,0.170244773781284,9.674727390254024,0.008105491022977853,0.002293408228017344,0.008796396483859655,10.199999999999989,0.0,1974.5,0.0,-2.0000000000000284,-2.0000000000000284,0.0,0.0
65.0,4.0055567842014925,0.0004909559669569949,9.216069639999267,-0.008425580057918762,0.014147787907098515,0.001779718455079416,10.0,0.0,1975.5,0.0,-0.9999999999999432,-0.9999999999999432,0.0,0.0
65.10000000000001,5.153814816364261,-0.19102225142463075,8.553594841300043,-0.0063677013594762195,-0.016152671919241877,0.007185340424109457,10.0,0.0,1976.5,0.0,0.0,0.0,0.0,0.0
65.2,5.106420768289395,-0.10674121578902444,8.240856817056585,8.155235665044868e-05,-0.002874353287771811,0.010483196275544986,10.0,0.0,1977.5,0.0,0.0,0.0,0.0,0.0
65.3,5.097439185704673,0.011087722809125887,8.744034708344484,0.0032423474453529178,-0.005464265060068996,-0.011115673591028278,10.0,0.0,1978.5,0.0,0.0,0.0,0.0,0.0
65.4,4.915601071952574,-0.030458041811670434,8.609754930567565,0.005624836240668541,-0.013793691216326173,0.006722543864110375,10.0,0.0,1979.5,0.0,0.0,0.0,0.0,0.0
65.5,5.055729675759357,0.2492047039081749,8.598834806237454,0.008608466543114777,-0.0013991400538483638,0.008883120054234497,10.0,0.0,1980.5,0.0,0.0,0.0,0.0,0.0
65.60000000000001,5.142425735105923,-0.17991660962194747,8.413293312042802,-0.006725687487562407,0.001791531187261241,0.017302221756507877,10.0,0.0,1981.5,0.0,0.0,0.0,0.0,0.0
65.7,4.865453856991838,-0.3385456551204157,8.403876099371674,0.010134737320174066,0.0033762990294987968,0.009281862478105762,10.0,0.0,1982.5,0.0,0.0,0.0,0.0,0.0
65.8,4.9130010047188275,-0.17185461043296796,8.543003359369015,-0.007342818100346247,0.01984096733380456,0.01070507208354516,10.0,0.0,1983.5,0.0,0.0,0.0,0.0,0.0
65.9,4.867902754616907,-0.07170778710829423,8.451767580133307,-0.0013950192202174978,0.009168337755299542,0.006864161697440464,10.0,0.0,1984.5,0.0,0.0,0.0,0.0,0.0
66.0,4.84525523916372,0.30356610277336743,8.473105460853379,0.008688396759688969,-0.008082265074447592,0.008631156277445234,10.0,0.0,1985.5,0.0,0.0,0.0,0.0,0.0
66.10000000000001,5.0016664986714785,-0.2634473938144229,8.768000477694441,0.013906444609225473,-0.005971953161459876,-0.006022697404558555,10.0,0.0,1986.5,0.0,0.0,0.0,0.0,0.0
66.2,5.007134242070532,0.03300465491215949,8.51905955340983,0.0029157739619408963,0.0030624098930592614,0.019473056993918065,10.0,0.0,1987.5,0.0,0.0,0.0,0.0,0.0
66.3,5.040215480769296,-0.13744832483649116,8.670093639032213,0.017406145634882873,0.029520567345120846,-0.006234940332395979,10.0,0.0,1988.5,0.0,0.0,0.0,0.0,0.0
66.4,4.991432301972541,-0.29231480547834804,8.548681584582226,-0.004482002981667726,0.017234457948249536,-0.0027461497001858197,10.0,0.0,1989.5,0.0,0.0,0.0,0.0,0.0
66.5,4.70162254430491,-0.05068956110537794,8.169386045442774,0.008510994545073102,-0.022650830462563207,0.005284575811831589,10.0,0.0,1990.5,0.0,0.0,0.0,0.0,0.0
66.60000000000001,4.64332822702157,-0.02804467068049629,8.712215934496026,0.004606478914357949,-0.01063493604964934,0.00468796511060916,10.0,0.0,1991.5,0.0,0.0,0.0,0.0,0.0
66.7,4.9577025308066665,0.09089455187651084,8.26068045663322,0.006925672738473307,-0.029043916316027756,-0.0012988455236381032,10.0,0.0,1992.5,0.0,0.0,0.0,0.0,0.0
66.8,4.881758923632267,0.11499902391068577,8.469103839026875,-0.013055630538562867,-0.011849931258170151,0.006986800095474069,10.0,0.0,1993.5,0.0,0.0,0.0,0.0,0.0
66.9,4.9431398987203155,-0.06686861644536196,8.393584142698549,0.00796167997159289,-0.007176925728692146,0.004119087559709267,10.0,0.0,1994.5,0.0,0.0,0.0,0.0,0.0
67.0,5.280490488212081,-0.19355239553258846,8.187932801389147,0.008835896647986067,-0.008786430612941033,0.0018176247225737976,10.0,0.0,1995.5,0.0,0.0,0.0,0.0,0.0
67.10000000000001,4.8378265432803325,-0.018970021115126873,8.705489927939796,0.009021284586181195,0.0066222351188697706,-0.009162270557926455,10.0,0.0,1996.5,0.0,0.0,0.0,0.0,0.0
67.2,4.782326939517069,-0.405861798922814,8.344302087962932,0.010567031863856585,0.003169465157483709,0.0027848673704787613,10.0,0.0,1997.5,0.0,0.0,0.0,0.0,0.0
67.3,4.951654957442291,-0.08333283138631083,8.496423043485613,0.008658782794806148,-0.018158867874104728,0.00799647687837348,10.0,0.0,1998.5,0.0,0.0,0.0,0.0,0.0
67.4,5.094865230643199,-0.04226504334450544,8.570814302943432,0.02914654444472553,-0.0030434279298689193,0.008933070500053236,10.0,0.0,1999.5,0.0,0.0,0.0,0.0,0.0
67.5,4.84429143745079,0.04718767439030756,8.53474995487269,0.0029484234027013804,-0.012196953197088568,0.007063617713254507,10.0,0.0,2000.5,0.0,0.0,0.0,0.0,0.0
67.60000000000001,5.174329390807645,0.08729536467717909,8.610007289486122,-0.0013701197001262772,0.005499002394237106,0.00779267838216526,10.0,0.0,2001.5,0.0,0.0,0.0,0.0,0.0
67.7,4.812363390546914,0.06777815071983116,8.316954711609299,-0.005328802748847919,-0.00010671692707625883,0.007972442733801242,10.0,0.0,2002.5,0.0,0.0,0.0,0.0,0.0
67.8,4.776615130238429,0.1780978656774314,8.551510152870415,-0.006047284356108839,-0.017375847964491754,0.0035509542091856873,10.0,0.0,2003.5,0.0,0.0,0.0,0.0,0.0
67.9,4.888108442920825,0.03697106855795342,8.41124171195201,-0.019074568607450097,-0.005883469383011585,0.0019438088893168706,10.0,0.0,2004.5,0.0,0.0,0.0,0.0,0.0
68.0,5.050049153716108,-0.08472995119165745,8.71751041213123,-0.01811640550651757,0.011111674978026245,0.0027568102912189523,10.0,0.0,2005.5,0.0,0.0,0.0,0.0,0.0
68.10000000000001,5.083937730851533,0.03197022260880997,8.636642541529165,-0.0028736196455281123,-0.012986204251778122,0.01920504287271063,10.0,0.0,2006.5,0.0,0.0,0.0,0.0,0.0
68.2,4.937977903117678,0.053233771043631584,8.650921998232064,-0.00931955242094435,0.003954908976392574,-0.0008989475646289094,10.0,0.0,2007.5,0.0,0.0,0.0,0.0,0.0
68.3,4.935174596653344,0.030841844807643334,8.240675931908305,-0.006788370428204348,0.011510728924131393,0.013861911885847955,10.0,0.0,2008.5,0.0,0.0,0.0,0.0,0.0
68.4,4.945604063400914,0.05646851877693396,8.421572835279877,0.014565833858279822,-0.004003525777941639,0.007318420921348481,10.0,0.0,2009.5,0.0,0.0,0.0,0.0,0.0
68.5,5.126904521621309,-0.09660572272688597,8.69952758879988,-0.01430461409743377,0.014296421311127986,0.0012732441604802543,10.0,0.0,2010.5,0.0,0.0,0.0,0.0,0.0
68.60000000000001,4.918595187826207,-0.2635015256774414,8.39749000351869,-0.009398065310268842,-0.008076463453734726,0.0036268903421112038,10.0,0.0,2011.5,0.0,0.0,0.0,0.0,0.0
68.7,5.098668742170935,0.05114050271009386,8.511860709135512,-0.009955193888455623,-0.010807540896027302,0.022987250183513122,10.0,0.0,2012.5,0.0,0.0,0.0,0.0,0.0
68.8,4.844719844785512,0.26843123780859435,8.429250031293215,0.0010228793614350405,0.008703651602299299,0.017718924219386565,10.0,0.0,2013.5,0.0,0.0,0.0,0.0,0.0
68.9,4.938378115958136,-0.03823645802823082,8.457321143847013,0.004379575282321183,0.006913036868697556,0.0050422985899415155,10.0,0.0,2014.5,0.0,0.0,0.0,0.0,0.0
69.0,5.047832944703472,0.26575395984064115,8.522905652965063,0.004116528560047784,-0.017189108250900677,-0.021307301368290635,10.0,0.0,2015.5,0.0,0.0,0.0,0.0,0.0
69.10000000000001,5.013256359384524,0.005776365307869166,8.388491809888134,0.0034353020418634466,-0.002604037291969083,0.016277802506338986,10.0,0.0,2016.5,0.0,0.0,0.0,0.0,0.0
69.2,4.967916630238846,-0.09203849276052513,8.614234146969238,-0.001171310749462025,0.0032653668367230715,0.0002258929380719952,10.0,0.0,2017.5,0.0,0.0,0.0,0.0,0.0
69.3,4.857525967175384,0.03262523452785442,8.467633507656897,0.00579827035366833,-0.004686457533097425,-0.013363597837703974,10.0,0.0,2018.5,0.0,0.0,0.0,0.0,0.0
69.4,4.890083917461741,0.13907277007157234,8.421102799238879,-0.0014638340251454801,0.00786376505905937,-0.0021197322725892273,10.0,0.0,2019.5,0.0,0.0,0.0,0.0,0.0
69.5,4.723579517263564,-0.004094667928824153,8.393083118438035,-0.008662463197532541,-0.0037537845589869076,0.009915056472467838,10.0,0.0,2020.5,0.0,0.0,0.0,0.0,0.0
69.60000000000001,4.953606715764827,0.06604716090293566,8.737720365902659,-0.002428788615575641,0.0007834863464466959,-9.213362599134502e-05,10.0,0.0,2021.5,0.0,0.0,0.0,0.0,0.0
69.7,4.828046042016953,-0.06773614801266548,8.393895425397092,0.0045947579754712555,0.021490757867007576,-0.0021604343627584033,10.0,0.0,2022.5,0.0,0.0,0.0,0.0,0.0
69.8,4.89250620415768,0.010531548033312762,8.525079038431807,0.00363550811954785,0.010840957939481173,-0.019263920705352083,10.0,0.0,2023.5,0.0,0.0,0.0,0.0,0.0
69.9,4.596960519470648,-0.05438172580152238,8.630304239256901,-0.014656480316055962,-0.03207632339693757,0.010711794062192088,10.0,0.0,2024.5,0.0,0.0,0.0,0.0,0.0
70.0,4.9915485835554065,-0.14353126101991448,8.317878271017205,0.02620914784353984,-0.0008946468252605986,0.059196826045977195,10.0,0.006981317007977318,2025.4999756307054,0.006981260297961553,0.0,0.0,0.0,0.0
70.10000000000001,5.029109587846327,-0.40819399943565865,8.337181431356175,0.02464604543077608,-0.0045634067837249225,0.06007950122290588,10.0,0.013962634015954637,2026.4998781547147,0.020943440637106826,0.0,0.0,0.0,0.0
70.2,5.0746765669843645,-0.2589005157490086,8.472532932574959,0.04148994927200364,0.016566474365619546,0.06064231909687252,10.0,0.020943951023931956,2027.4996588381896,0.04188586052046379,0.0,0.0,0.0,0.0
70.3,5.003668790652877,-0.2505794188843547,8.106915780478392,0.04435432879770358,-0.0020556029364807056,0.07724510570579149,10.0,0.027925268031909273,2028.4992689532298,0.06980749924403268,0.0,0.0,0.0,0.0
70.4,4.7489895666545365,0.09798532092931288,8.746031887206923,0.040103641123459245,0.0007658150559104876,0.06554553961605077,10.0,0.03490658503988659,2029.498659780249,0.10470699594653365,0.0,0.0,0.0,0.0
70.5,4.719367781431112,0.2233359403565522,8.374080565154586,0.040951417603716754,-0.017630343065712532,0.053665382162729466,10.0,0.04188790204786391,2030.497782610348,0.14658264967573328,0.0,0.0,0.0,0.0
70.60000000000001,5.170263109883335,-0.03209534334367643,8.683700532531727,0.035124278449301403,-0.020418977729578576,0.07438065480512447,10.0,0.04886921905584123,2031.4965887476894,0.19543241947134654,0.0,0.0,0.0,0.0
70.7,4.866516152336658,0.12480332202755652,8.469490841256357,0.02047540276045788,-0.0003570523462943095,0.08742221022933526,10.0,0.055850536063818554,2032.4950295118715,0.25125392446451034,0.0,0.0,0.0,0.0
70.8,5.028947968777168,0.011372337049180531,8.62701072141888,0.03801326969191769,9.53423026279431e-05,0.05454372708621624,10.0,0.06283185307179587,2033.4930562402997,0.3140444439938237,0.0,0.0,0.0,0.0
70.9,4.990077203868439,0.1753165124625417,8.34029988831034,0.05015154325235606,-0.00291706024145126,0.05658228369242186,10.0,0.06981317007977318,2034.4906202905595,0.383800917737949,0.0,0.0,0.0,0.0
71.0,5.104644811538035,-0.02301913536074039,8.579636444248262,0.03298899871730121,-0.002598261435299037,0.07039558085115018,10.0,0.0767944870877505,2035.4876730427864,0.46051994586476763,0.0,0.0,0.0,0.0
71.10000000000001,4.9986345586385,-0.27932976706776075,8.297522650111187,0.04520068488779474,-0.0033213658890154725,0.06022266578009305,10.0,0.08377580409572781,2036.4841659020358,0.5441977891970831,0.0,0.0,0.0,0.0
71.2,4.751213897711378,-0.14196044819137726,8.162439415131052,0.034893777852871254,-0.007984375805810469,0.055794099897954114,10.0,0.09075712110370512,2037.4800503006518,0.6348303693948631,0.0,0.0,0.0,0.0
71.3,4.944781486224806,0.07459559462791071,8.779688900956836,0.02078775084425445,0.009593810433005221,0.07519099441795798,10.0,0.09773843811168244,2038.4752777006336,0.7324132691540126,0.0,0.0,0.0,0.0
71.4,4.838136089093494,0.050485393187904654,8.397064223724703,0.03776347084407397,0.013091310134045506,0.0715160411341204,10.0,0.10471975511965975,2039.4697995960018,0.836941732421666,0.0,0.0,0.0,0.0
71.5,5.031291255985016,-0.044546397993196346,8.243100711386695,0.033821902934482506,0.010066081548639152,0.05018830024191079,10.0,0.11170107212763707,2040.4635675151624,0.9484106646279915,0.0,0.0,0.0,0.0
71.60000000000001,4.796736594773495,0.03894016043511023,8.318010993398255,0.027981350568734457,-0.006235985817281771,0.05180380476590577,10.0,0.11868238913561438,2041.456533023269,1.0668146329344925,0.0,0.0,0.0,0.0
71.7,4.808881723067544,0.12551418751809632,8.2696037437907,0.019927863694938208,-0.008300249795338943,0.07277953383290572,10.0,0.1256637061435917,2042.4486477245835,1.1921478664987968,0.0,0.0,0.0,0.0
71.8,4.925461728800466,-0.04968716171734275,8.472363030752685,0.018449510711290064,0.0029470565377503243,0.0692943291218437,10.0,0.13264502315156904,2043.439863264835,1.324404256755919,0.0,0.0,0.0,0.0
71.9,4.893603728885641,0.17088867676946248,8.296584796282389,0.04718567497242228,-0.00045506334404748876,0.06209445290902554,10.0,0.13962634015954636,2044.4301313335766,1.4635773577159845,0.0,0.0,0.0,0.0
72.0,4.952018954694752,0.00391028512835874,8.648751645588003,0.02513979376517645,-0.009625192391465982,0.07582300772853207,10.0,0.1466076571675237,2045.4194036665397,1.6096603862783962,0.0,0.0,0.0,0.0
72.10000000000001,4.8656697597224206,0.15507996159973872,8.720624608576651,0.03188863477047025,0.004813623265753054,0.053923055994408685,10.0,0.15358897417550102,2046.4076320479862,1.7626462225624344,0.0,0.0,0.0,0.0
72.2,5.068209994710171,0.04991359789801507,8.536664953449378,0.029450864319532637,-0.018610834155671725,0.07049249945530231,10.0,0.16057029118347835,2047.394768313059,1.9225274102542693,0.0,0.0,0.0,0.0
72.3,4.645489527128081,-0.027602573836380217,8.606886491088341,0.037825562398616945,0.01748342644789813,0.07571107033362501,10.0,0.16755160819145568,2048.3807643501295,2.089296156970372,0.0,0.0,0.0,0.0
72.4,4.856915241751163,0.0240970069777158,8.45860360574368,0.02008481740642531,-0.011403989164843533,0.059852369738008664,10.0,0.174532925199433,2049.365572103142,2.2629443346373024,0.0,0.0,0.0,0.0
72.5,4.649566924571609,0.027124020237746443,8.42834843442739,0.019177646026770842,0.0020421286527733205,0.07261870625471686,10.0,0.18151424220741033,2050.349143573955,2.4434634798878623,0.0,0.0,0.0,0.0
72.60000000000001,4.989055171829732,-0.02861022628134553,8.554425533888123,0.042708788644653495,0.001074035697196884,0.057213856303459654,10.0,0.18849555921538766,2051.331430824684,2.630844794473587,0.0,0.0,0.0,0.0
72.7,4.996490114826677,0.19932209762382183,8.376214852333586,0.0568859784312109,-0.007256309339853845,0.06578404894120864,10.0,0.195476876223365,2052.312385980033,2.825079145693559,0.0,0.0,0.0,0.0
72.8,4.854127160599049,0.05349062538803913,8.204375957230054,0.03044616705171937,-0.012921212003485671,0.06681336228673018,10.0,0.20245819323134231,2053.2919612296323,3.0261570668395237,0.0,0.0,0.0,0.0
72.9,5.104167106326336,0.11690092806718272,8.109960306996511,0.05632728156916539,0.0009527994062086837,0.05769498740287726,10.0,0.20943951023931964,2054.270108830366,3.2340687576572833,0.0,0.0,0.0,0.0
73.0,4.97856918784864,0.04642847337540386,8.36568190358261,0.03788575171330734,-0.008074722876203073,0.06141635888090704,10.0,0.21642082724729697,2055.2467811087004,3.4488040848243466,0.0,0.0,0.0,0.0
73.10000000000001,4.852058129636736,-0.1949006934609479,8.487584681657653,0.041759579405049964,0.003148835960763722,0.07365923133415961,10.0,0.2234021442552743,2056.2219304630057,3.670352582443814,0.0,0.0,0.0,0.0
73.2,5.00365103150223,-0.05990882473253552,8.591658790790023,0.022331409641467237,-0.011006713825124801,0.05581797809357482,10.0,0.23038346126325163,2057.195509365879,3.8987034525544697,0.0,0.0,0.0,0.0
73.3,5.117008408870896,0.1614182771210113,8.538804996682094,0.04662588369200456,-0.010792827824119881,0.06894593000641708,10.0,0.23736477827122895,2058.1674703664576,4.13384556565706,0.0,0.0,0.0,0.0
73.4,4.936223835742525,0.14703231558273708,8.448425576242515,0.032057156155785776,0.0034090851856099,0.0742216704797196,10.0,0.24434609527920628,2059.1377660927337,4.375767461256728,0.0,0.0,0.0,0.0
73.5,4.854748220772979,0.010838649297143586,8.306943116079097,0.01092597486495719,4.596314137289906e-06,0.0715490323703536,10.0,0.2513274122871836,2060.1063492538624,4.624457348421583,0.0,0.0,0.0,0.0
73.60000000000001,4.994310021363008,-0.27243425766315504,8.413081796613874,0.013723107439375774,0.011697011076541848,0.05459943298662641,10.0,0.2583087292951609,2061.073172642467,4.879903106357373,0.0,0.0,0.0,0.0
73.7,5.143310541418984,0.16188044655262182,8.330620658244936,0.024578735527209135,0.0015037021638633825,0.05701673843597656,10.0,0.26529004630313824,2062.0381891369393,5.142092284998238,0.0,0.0,0.0,0.0
73.8,4.9703726963237305,-0.052424138621037744,8.1985354489555,0.013601904848641995,0.0002668424849459716,0.059844401344501016,10.0,0.27227136331111557,2063.001351703737,5.411012105613504,0.0,0.0,0.0,0.0
73.9,4.872036527462879,0.12437957586406781,8.641725552620212,0.03318113782626849,-0.005405987069098615,0.07046140913894611,10.0,0.2792526803190929,2063.9626133996753,5.686649461430504,0.0,0.0,0.0,0.0
74.0,4.751459664545063,0.053472958212154545,8.548492106898669,0.04270888712406288,-0.021367527025024646,0.05784642610971786,10.0,0.2862339973270702,2064.9219273742156,5.968990918273381,0.0,0.0,0.0,0.0
74.10000000000001,4.823260512076479,0.03498304316138195,8.537820898090542,0.0508736891143464,-0.006949654803680731,0.06048425382471513,10.0,0.29321531433504755,2065.8792468717475,6.2580227152178525,0.0,0.0,0.0,0.0
74.2,5.127450802831811,0.06448654077954576,8.655856937803541,0.038793865069984945,-0.01357116618713271,0.0521286952600292,10.0,0.3001966313430249,2066.83452523387,6.553730765261899,0.0,0.0,0.0,0.0
74.3,4.72227316264116,0.11930777521377098,8.643998734588397,0.05440020645375039,0.006431053323232402,0.07708836458315713,10.0,0.3071779483510022,2067.787715901663,6.856100656012344,0.0,0.0,0.0,0.0
74.4,4.867997550101946,-0.15346237251157852,8.593221110987978,0.04008339256228059,-0.0009255562565910745,0.06933369361413716,10.0,0.31415926535897953,2068.738772417958,7.165117650387291,0.0,0.0,0.0,0.0
74.5,5.00347782236873,0.2125725289780342,8.659957048847888,0.04134878856329006,0.006458028725629282,0.07060060433205502,10.0,0.32114058236695686,2069.6876484296026,7.480766687334394,0.0,0.0,0.0,0.0
74.60000000000001,4.885824540194807,0.133484701236971,8.256534950796455,0.04644550056284542,-0.01394522939766035,0.0683180116757546,10.0,0.3281218993749342,2070.6342976897186,7.803032382564905,0.0,0.0,0.0,0.0
74.7,4.828226906236075,0.10300834746116401,8.460620427236158,0.01995902545825326,0.0022069963101847886,0.05968077103948016,10.0,0.3351032163829115,2071.578674059956,8.131899029303488,0.0,0.0,0.0,0.0
74.8,5.087172008122004,0.020198853310161084,8.525022358933551,0.026330895489734468,-0.007893322314273619,0.06087359244679642,10.0,0.34208453339088885,2072.520731512743,8.467350599053743,0.0,0.0,0.0,0.0
74.9,5.083505372036383,0.2716065631708234,8.344933448363914,0.046675066486463385,-0.02369677417725702,0.05351808479688437,10.0,0.3490658503988662,2073.460424133529,8.809370742379413,0.0,0.0,0.0,0.0
75.0,4.811183231571983,-0.18287630341610836,8.228170952657209,0.04003657416126456,-0.004140676977278613,0.06925403278385836,10.0,0.3560471674068435,2074.397706123021,9.157942789701227,0.0,0.0,0.0,0.0
75.10000000000001,5.058570902918226,0.05984254897588001,8.564373687547901,0.03521126217746389,-0.013869933883057446,0.07603812061601523,10.0,0.36302848441482083,2075.332531799417,9.513049752109364,0.0,0.0,0.0,0.0
75.2,4.86663318008283,-0.12033944481436389,8.439021529754685,0.026778475846921453,-0.0061743038198943225,0.06890051802344194,10.0,0.37000980142279816,2076.264855600633,9.874674322191456,0.0,0.0,0.0,0.0
75.3,5.007251260886918,-0.11467450996384439,8.392553405183033,0.04664991508758902,0.0029640011773394113,0.08621062920129269,10.0,0.3769911184307755,2077.1946320865213,10.242798874876135,0.0,0.0,0.0,0.0
75.4,5.132019226061228,0.19164396028399083,8.257528928556974,0.04354518855622081,-0.0025310680169691067,0.05995016077242477,10.0,0.3839724354387528,2078.1218159410882,10.617405468292047,0.0,0.0,0.0,0.0
75.5,4.980202301079879,0.1617817301917225,8.540833949775976,0.027121847026465987,0.005424589135926203,0.05908410338704763,10.0,0.39095375244673014,2079.0463619747006,10.998475844642321,0.0,0.0,0.0,0.0
75.60000000000001,4.987502467844642,-0.02550251012157013,8.432879273365002,0.04356901479029168,-0.012401937198158979,0.0849119295505766,10.0,0.39793506945470747,2079.9682251262893,11.385991431094425,0.0,0.0,0.0,0.0
75.7,4.681837089605825,-0.06965015248822856,8.521240994616607,0.04174972670423968,-0.0030047572057170513,0.06488607177779185,10.0,0.4049163864626848,2080.8873604655446,11.779933340685377,0.0,0.0,0.0,0.0
75.8,5.0165825127991415,-0.014660421618652043,8.674686399815581,0.04430007618220261,0.006728243510056346,0.0557984115741031,10.0,0.4118977034706621,2081.8037231951066,12.180282373242271,0.0,0.0,0.0,0.0
75.9,4.943091736339143,-0.025069892308105555,8.314869004771925,0.03950822687934426,-0.007376457577798165,0.07201401710630964,10.0,0.41887902047863945,2082.717268652749,12.587019016318072,0.0,0.0,0.0,0.0
76.0,4.794471265565849,0.27785609192627314,8.331259312336536,0.038099608411890945,0.005918593103880676,0.05975357450580614,10.0,0.4258603374866168,2083.6279523135554,13.000123446142615,0.0,0.0,0.0,0.0
76.10000000000001,5.082870296514942,-0.16437753967006244,8.68352686600273,0.03604807768954417,-0.007964114079688795,0.062468161083532925,10.0,0.4328416544945941,2084.535729792088,13.419575528588792,0.0,0.0,0.0,0.0
76.2,5.076337890408907,-0.06766829377756572,8.353305557711929,0.033691219064049205,-0.013769621127699682,0.08366541788722542,10.0,0.43982297150257144,2085.440556844554,13.845354820153865,0.0,0.0,0.0,0.0
76.3,4.870040811317791,0.14474251792706053,8.497129723672511,0.026061244535066905,-0.0020595470921272938,0.07330000660091475,10.0,0.44680428851054876,2086.342389370959,14.277440568955848,0.0,0.0,0.0,0.0
76.4,4.926760799737053,0.19896694187765418,8.618936520042626,0.04509573358646988,-0.00659656772272997,0.054661554329992396,10.0,0.4537856055185261,2087.2411834172585,14.715811715744925,0.0,0.0,0.0,0.0
76.5,4.86296185919558,0.04943614110000807,8.5475772181552,0.014190870992282108,-0.002081132016117503,0.0670408710610391,10.0,0.4607669225265034,2088.136895177498,15.160446894929853,0.0,0.0,0.0,0.0
76.60000000000001,4.913368361552666,0.2136910758523818,8.528976222262976,0.04900850412069556,-0.004159605203502323,0.07483475373287651,10.0,0.46774823953448075,2089.02948099595,15.611324435619284,0.0,0.0,0.0,0.0
76.7,5.200259959179127,0.21675401739089914,8.301887972111036,0.03336982426446278,-0.005451647054497964,0.07035252415857055,10.0,0.4747295565424581,2089.918897369241,16.06842236267798,0.0,0.0,0.0,0.0
76.80000000000001,5.057953033252179,-0.10583390110386044,8.475884988212886,0.01570731171832522,0.012419450058018899,0.060336236401040334,10.0,0.4817108735504354,2090.8051009484725,16.53171839779784,0.0,0.0,0.0,0.0
76.9,4.963379590976674,-0.02644745709820918,8.637613347377357,0.007531520625912794,-0.00216610342325909,0.06440179123283028,10.0,0.48869219055841273,2091.688048541331,17.00118996058373,0.0,0.0,0.0,0.0
77.0,4.886954541861247,0.2789339818453449,8.33260979229698,0.043624546812243196,0.0015625278870608356,0.07807517133316243,10.0,0.49567350756639006,2092.567697114198,17.476814169654006,0.0,0.0,0.0,0.0
77.10000000000001,4.854921637283374,-0.08994533486856383,8.630119697246954,0.04015979812318769,-0.017449373466767587,0.06006692866317456,10.0,0.5026548245743674,2093.444003794242,17.95856784375572,0.0,0.0,0.0,0.0
77.2,5.012957398077209,0.14566463323198836,8.363824613146402,0.006764025141717173,0.003232231857370332,0.05325677190836751,10.0,0.5096361415823447,2094.3169258715116,18.44642750289445,0.0,0.0,0.0,0.0
77.30000000000001,4.652399180281638,-0.4048488887476211,8.587806340155007,0.03719275954393625,-0.004256563807122516,0.07935022243743489,10.0,0.516617458590322,2095.186420801017,18.94036936947868,0.0,0.0,0.0,0.0
77.4,5.05059870245346,0.2624450064082875,8.256798890300296,0.03556107880034695,-0.01816713374948014,0.0631661554892526,10.0,0.5235987755982994,2096.0524462048015,19.44036936947868,0.0,0.0,0.0,0.0
77.5,4.917707621934998,0.11399204558946063,8.47254379329663,0.04214065642268574,0.005034401331388942,0.08700926558163868,10.0,0.5305800926062767,2096.9149598740087,19.946403133599844,0.0,0.0,0.0,0.0
77.60000000000001,4.90770550170708,-0.12115340509995685,8.502621753422806,0.027883784768491147,0.01281960768436536,0.06262779841835495,10.0,0.537561409614254,2097.7739197709393,20.458445998470417,0.0,0.0,0.0,0.0
77.7,4.870163544818901,-0.050697358172667684,8.573471824646091,0.03432911520757173,-0.008416668201303823,0.08211349798404258,10.0,0.5445427266222314,2098.6292840311,20.97647300784355,0.0,0.0,0.0,0.0
77.80000000000001,4.826574523900737,0.02533491110494903,8.56355513386688,0.019593233935715854,0.002802605014059249,0.05490890205300277,10.0,0.5515240436302087,2099.481010965243,21.500458913813628,0.0,0.0,0.0,0.0
77.9,5.0784174171251,-0.12439765178784644,8.569624565902675,0.04696491570283371,0.00661436525632805,0.06797314529018829,10.0,0.558505360638186,2100.3290590613997,22.03037817804683,0.0,0.0,0.0,0.0
78.0,4.920304858560544,-0.06646293645022658,8.68636441474791,0.028911632838210154,-0.012370660735699961,0.07211366815813557,10.0,0.5654866776461633,2101.1733869869017,22.56620497302583,0.0,0.0,0.0,0.0
78.10000000000001,4.835579479522025,-0.12250952461991906,8.249168571799881,0.031077486645281406,-0.002827150238964932,0.06789089608441426,10.0,0.5724679946541407,2102.0139535903973,23.10791318330857,0.0,0.0,0.0,0.0
78.2,5.0976959366449215,0.09903468854986905,8.437078378192368,0.033924628276089386,0.0031015746891518347,0.07818568043709297,10.0,0.579449311662118,2102.850717903856,23.655476406801117,0.0,0.0,0.0,0.0
78.30000000000001,4.973947129922479,-0.05036962813156133,8.316779310962513,0.02145453239576433,0.0046626967204352315,0.07123976404420283,10.0,0.5864306286700953,2103.6836391445663,24.20886795604446,0.0,0.0,0.0,0.0
78.4,5.0416045287659985,0.0007010830471916168,8.676749423009108,0.03106540009403841,0.007552692372072055,0.06507254985791183,10.0,0.5934119456780726,2104.5126767171214,24.76806085951521,0.0,0.0,0.0,0.0
78.5,4.863747385298098,0.1088795460976642,8.527154628927944,0.03947631263255585,-0.0011872157794380125,0.06508104799063896,10.0,0.60039326268605,2105.3377902153998,25.33302786294015,0.0,0.0,0.0,0.0
78.60000000000001,5.313255798930565,0.1976384967794259,8.574133245373172,0.03702457662192047,0.008071572005966691,0.07063992657172179,10.0,0.6073745796940273,2106.1589394245334,25.90374143062458,0.0,0.0,0.0,0.0
78.7,4.958930712916104,-0.025534648789887256,8.453571610475942,0.0042023276811060245,0.00010600839297641778,0.06057521800670367,10.0,0.6143558967020046,2106.9760843228687,26.480173746794375,0.0,0.0,0.0,0.0
78.80000000000001,5.193900499742432,0.022901610621763144,8.2873646981951,0.035407783498605405,-0.012461210850625043,0.07019405296493193,10.0,0.621337213709982,2107.7891850839155,27.062296716951664,0.0,0.0,0.0,0.0
78.9,4.998642104650922,0.16367594466624014,8.34707694237116,0.036246666002168054,-0.015650217954266354,0.07247492662705442,10.0,0.6283185307179593,2108.5982020782903,27.650081969244138,0.0,0.0,0.0,0.0
79.0,5.032830677066017,0.09437075315413562,8.465952065828887,0.04005431394777449,0.014043391083085962,0.06260903623738713,10.0,0.6352998477259366,2109.403095875646,28.243500855847838,0.0,0.0,0.0,0.0
79.10000000000001,4.9757967775565115,-0.14291894487721146,8.335470066885595,0.03688471797081966,0.009039335467019072,0.06289717056529154,10.0,0.642281164733914,2110.2038272465948,28.842524454363424,0.0,0.0,0.0,0.0
79.2,4.919612520603181,-0.0410327866756562,8.385495710498697,0.0388562995969748,-0.016972576451786445,0.07826937457447454,10.0,0.6492624817418913,2111.000357164619,29.4471235692258,0.0,0.0,0.0,0.0
79.30000000000001,4.85518665528058,0.1282855228157212,8.275209421516264,0.042594986345348765,0.004719446078144975,0.06930199952786623,10.0,0.6562437987498686,2111.792646807974,30.057268733127067,0.0,0.0,0.0,0.0
79.4,4.8058357217300305,0.05743222843971155,8.288250783415187,0.03337895248892473,0.00829413100955326,0.07342699807851469,10.0,0.6632251157578459,2112.5806575615807,30.672930208452726,0.0,0.0,0.0,0.0
79.5,4.9572774413810645,-0.1262209863884263,8.562547367951474,0.03610039741686684,-0.025203155982304236,0.07328627707097245,10.0,0.6702064327658233,2113.3643510189063,31.294077988731036,0.0,0.0,0.0,0.0
79.60000000000001,4.951365074919545,0.20036768719746081,8.301418633298924,0.004139546907926575,0.0007908385834518518,0.068375615574627,10.0,0.6771877497738006,2114.143688983838,31.920681800095497,0.0,0.0,0.0,0.0
79.7,4.701399255859031,-0.12677493187999095,8.878991872683331,0.03285047889834855,0.005309589763762161,0.05895338053412343,10.0,0.6841690667817779,2114.918633472542,32.55271110276035,0.0,0.0,0.0,0.0
79.80000000000001,4.641454565172026,-0.005538737019385825,8.425868527082429,0.03190780265320287,-0.0031464083550639243,0.06810266152426363,10.0,0.6911503837897552,2115.6891467153177,33.19013509250904,0.0,0.0,0.0,0.0
79.9,4.932482457311928,-0.16960092519210457,8.538636929859637,0.01641286748666235,-0.022503574572842,0.07285178375482294,10.0,0.6981317007977326,2116.4551911584367,33.83292270219558,0.0,0.0,0.0,0.0
80.0,5.031053040820303,0.0113906952388946,8.256391935412084,0.028827475633145833,-0.00462746747686504,0.04950103912206613,10.0,0.7051130178057099,2117.2167294659735,34.481042603258715,0.0,0.0,0.0,0.0
80.10000000000001,4.844145701296514,0.11784955072650198,8.679805015768727,0.03171223751330108,0.005564883543160984,0.046319378101932596,10.0,0.7120943348136872,2117.973724521625,35.13446320724882,0.0,0.0,0.0,0.0
80.2,5.053917686167041,-0.10059226220912214,8.51181105363154,0.03342906085748949,0.011204140097838341,0.056715622324408084,10.0,0.7190756518216646,2118.726139430521,35.7931526673675,0.0,0.0,0.0,0.0
80.30000000000001,5.049140944634273,-0.021926119494480017,8.441963389423895,0.03406804610829449,-0.01045673104494113,0.06531898914874056,10.0,0.7260569688296419,2119.4739375210197,36.45707888001974,0.0,0.0,0.0,0.0
80.4,4.945602766681726,0.05618603726100939,8.478384982979275,0.043886530536008946,0.007235086160473686,0.05495374558952926,10.0,0.7330382858376192,2120.217082346497,37.1262094863786,0.0,0.0,0.0,0.0
80.5,5.0853158750886145,-0.15795046406647817,8.553887594346005,0.042103972886915274,-0.02111316891662504,0.06638977127310136,10.0,0.7400196028455965,2120.955537687123,37.80051187396232,0.0,0.0,0.0,0.0
80.60000000000001,4.8847255829959515,-0.09381478869030624,8.668337060730195,0.029369793633512394,-0.010063769291180498,0.0662169282078582,10.0,0.7470009198535739,2121.689267551626,38.47995317822384,0.0,0.0,0.0,0.0
80.7,5.057838461944762,-0.0012472879015190327,8.640664792975732,0.04121634165952749,-0.023782113197314304,0.060165309172737186,10.0,0.7539822368615512,2122.4182361790477,39.164500284152524,0.0,0.0,0.0,0.0
80.80000000000001,4.870723685097245,0.09190414301441335,8.071986652669228,0.06139668212706381,0.003310260948942101,0.06694874684698418,10.0,0.7609635538695285,2123.142408040485,39.8541198278882,0.0,0.0,0.0,0.0
80.9,5.132235157462871,0.37154810792189374,8.596321207813606,0.045394716004602785,-0.0006930997553561767,0.06404472127413778,10.0,0.7679448708775058,2123.8617478408237,40.54877819834719,0.0,0.0,0.0,0.0
81.0,4.883630683399264,-0.10391679875718131,8.362657096170421,0.022401025396456754,-0.0027587145068502334,0.0486133030355434,10.0,0.7749261878854832,2124.5762205204564,41.24844153886056,0.0,0.0,0.0,0.0
81.10000000000001,4.983637478621556,0.01455040879364874,8.487749505883349,0.030685269339686662,0.028768603701805034,0.0790611378096104,10.0,0.7819075048934605,2125.285791256993,41.953075748824155,0.0,0.0,0.0,0.0
81.2,4.768318624987291,0.05493021311403473,8.374508289684746,0.025761787772812447,-0.01540072071123935,0.06978214571539981,10.0,0.7888888219014378,2125.9904254669564,42.662646485360675,0.0,0.0,0.0,0.0
81.30000000000001,4.852792964739563,0.1651739036037806,8.614776543304911,0.049645728892001084,-0.010523867660741036,0.07021363491472737,10.0,0.7958701389094152,2126.6900888074697,43.37711916499348,0.0,0.0,0.0,0.0
81.4,5.049868132496345,-0.051126726265594724,8.349943417516414,0.052001791697646314,0.0002749587573205375,0.07181965631492465,10.0,0.8028514559173925,2127.3847471779286,44.09645896533213,0.0,0.0,0.0,0.0
81.5,4.83168859822581,-0.16289266997832907,8.380291744951528,0.034666371165986615,-0.012642200068173489,0.06536153072130343,10.0,0.8098327729253698,2128.0743667216643,44.8206308267696,0.0,0.0,0.0,0.0
81.60000000000001,4.701724221789724,-0.14800711337048084,8.566345898366876,0.04194449024266553,-0.005918767653868664,0.05528233571703774,10.0,0.8168140899333471,2128.758913827593,45.54959945419101,0.0,0.0,0.0,0.0
81.7,4.800889467271098,-0.03599023689119711,8.56238698487214,0.04518904195332983,-0.0069653173548196905,0.05392505454795943,10.0,0.8237954069413245,2129.4383551318547,46.28332931869389,0.0,0.0,0.0,0.0
81.80000000000001,4.995176545679949,-0.10353024559387741,8.387971315296165,0.04915934594425696,0.006271154285657681,0.06703972193032179,10.0,0.8307767239493018,2130.1126575194385,47.02178465931977,0.0,0.0,0.0,0.0
81.9,4.7642121498330905,0.051709485120598836,8.625107804743473,0.03215024838223123,0.01151114089986715,0.07838743170298934,10.0,0.8377580409572791,2130.7817881257974,47.764929484797165,0.0,0.0,0.0,0.0
82.0,5.20455992482152,0.06578646897970294,8.553817966096247,0.05004845792319748,0.0024739393706897563,0.06044763772990514,10.0,0.8447393579652565,2131.4457143384498,48.5127275752957,0.0,0.0,0.0,0.0
82.10000000000001,4.88771857452082,0.055783243066060875,8.272124997833412,0.03447399588624466,0.008965471182302537,0.043547440296154455,10.0,0.8517206749732338,2132.1044037985685,49.26514248419142,0.0,0.0,0.0,0.0
82.2,5.185172315269177,0.18835613280547392,8.396744518750774,0.04134049331860468,-0.0019685227309367338,0.0777598824921941,10.0,0.8587019919812111,2132.7578244025585,50.02213753984318,0.0,0.0,0.0,0.0
82.30000000000001,5.10240247141549,-0.19001060847745138,8.553798573144972,0.03385030650345411,-0.001171674294819001,0.05817825979810911,10.0,0.8656833089891884,2133.4059443036217,50.78367584737992,0.0,0.0,0.0,0.0
82.4,5.2172205603681245,0.17600927298538638,8.3547435365294,0.02256047897078426,-0.005856726309778482,0.06980500526872033,10.0,0.8726646259971658,2134.048731913308,51.5497202904989,0.0,0.0,0.0,0.0
82.5,4.991030876591933,0.20796992371523648,8.584197169452473,0.04560227529741565,0.0012685540061043734,0.051566991505697365,10.0,0.8796459430051431,2134.6861559030567,52.32023353327469,0.0,0.0,0.0,0.0
82.60000000000001,4.925645220327964,0.1790134609862998,8.457980771846648,0.04093748872612405,-0.005187483152461331,0.05516186032238882,10.0,0.8866272600131204,2135.3181852057214,53.09517802197887,0.0,0.0,0.0,0.0
82.7,4.936498390393083,0.06635711645489809,8.367356053206128,0.0335494725913199,-0.011394632419859826,0.07665242798344823,10.0,0.8936085770210977,2135.944789017086,53.87451598691034,0.0,0.0,0.0,0.0
82.80000000000001,4.910831636361794,0.23791333176892746,8.695021388706481,0.035096125392669146,-0.012084487325473497,0.044601000030473896,10.0,0.9005898940290751,2136.5659367973644,54.65820944423618,0.0,0.0,0.0,0.0
82.9,4.7341944390459805,-0.186075223734799,8.67247965524457,0.037064830912156045,0.001896045240919878,0.043255768718456,10.0,0.9075712110370524,2137.1815982726903,55.4462201978429,0.0,0.0,0.0,0.0
83.0,4.77530503561741,0.15306196646694303,8.508725327982733,0.034434532253030614,0.0036484235860012254,0.08181795686916542,10.0,0.9145525280450297,2137.7917434365913,56.23850984119809,0.0,0.0,0.0,0.0
83.10000000000001,4.921843630469442,0.030405470398710416,8.49459874893504,0.05982768139262651,-0.02299356264419026,0.07229220895569535,10.0,0.9215338450530071,2138.396342551454,57.035039759222286,0.0,0.0,0.0,0.0
83.2,4.93777966268614,0.10501575892762693,8.367103328026136,0.035416934731302085,0.005114105794654951,0.09658908081824567,10.0,0.9285151620609844,2138.9953661499694,57.83577113017102,0.0,0.0,0.0,0.0
83.30000000000001,5.07620542841031,-0.10720983970457627,8.402145258821939,0.031372443956048046,-0.01995643172630015,0.06215907689079289,10.0,0.9354964790689617,2139.588785036573,58.640664927526934,0.0,0.0,0.0,0.0
83.4,5.064924362273261,-0.17113481786151927,8.622981608782935,0.04078433325072997,-0.00934233321971038,0.06404468243442879,10.0,0.942477796076939,2140.1765702888656,59.449681921901885,0.0,0.0,0.0,0.0
83.5,5.194748271146154,0.13003217202587988,8.467026759360067,0.03352975187027674,-0.0012339092954834039,0.060342343228384235,10.0,0.9494591130849164,2140.758693259023,60.26278268294891,0.0,0.0,0.0,0.0
83.60000000000001,4.639287574142147,0.32632668658020964,8.489007961005255,0.03988805769111196,-0.002579077498769087,0.058108810800561385,10.0,0.9564404300928937,2141.3351255751927,61.07992758128404,0.0,0.0,0.0,0.0
83.7,4.927111327857683,-0.21990921432914667,8.807272185833341,0.023561465055662624,-0.012319662838471796,0.06105738676394326,10.0,0.963421747100871,2141.905839142877,61.90107679041775,0.0,0.0,0.0,0.0
83.80000000000001,5.148211358727856,0.022176349889398123,8.280288841720775,0.048449968647459984,0.005310006267854814,0.07084432837997179,10.0,0.9704030641088484,2142.470806146302,62.726190288696046,0.0,0.0,0.0,0.0
83.9,5.062360136175625,0.37915428508736765,8.793473445380762,0.02903943160985363,0.014238849928111525,0.06929166070539627,10.0,0.9773843811168257,2143.029999049773,63.55522786125109,0.0,0.0,0.0,0.0
84.0,5.029864372420661,-0.23384062474649928,8.440151346317116,0.027778349136520934,0.006280588148933092,0.07617078381183531,10.0,0.984365698124803,2143.583390599016,64.38814910196119,0.0,0.0,0.0,0.0
84.10000000000001,4.6438270473475525,0.016694770399359432,8.633988436844483,0.03403979541675214,0.005290636450023645,0.06897163348407812,10.0,0.9913470151327803,2144.1309538225087,65.22491341542015,0.0,0.0,0.0,0.0
84.2,5.006249034792893,-0.02069724671024462,8.283222090504989,0.02469128356563631,0.005093525144553172,0.0656545613629961,10.0,0.9983283321407577,2144.6726620327913,66.06548001891584,0.0,0.0,0.0,0.0
84.30000000000001,4.934223163308915,-0.04358350634835288,8.419930884303232,0.04637570298476798,-0.005352440818680268,0.05204933167479158,10.0,1.005309649148735,2145.2084888277705,66.90980794441785,0.0,0.0,0.0,0.0
84.4,5.066547766331025,-0.010731499579707583,8.470418590955262,0.05198236810388169,-0.002205605573505072,0.06835181553899453,10.0,1.0122909661567123,2145.7384080920037,67.75785604057428,0.0,0.0,0.0,0.0
84.5,4.77816147630525,-0.01295041785264402,8.557138117906636,0.020352847701474164,8.450931157095998e-06,0.06646788953425534,10.0,1.0192722831646897,2146.262393997974,68.60958297471733,0.0,0.0,0.0,0.0
84.60000000000001,4.961193118338115,0.17557383479873645,8.515874988352623,0.05068730402345102,-0.011935895155940362,0.06681922447999075,10.0,1.026253600172667,2146.7804210073473,69.46494723487784,0.0,0.0,0.0,0.0
84.7,4.967670017958492,-0.140388174063262,8.609153461439048,0.059153318098414766,-0.00217006074483831,0.07051018969054494,10.0,1.0332349171806443,2147.292463872218,70.32390713180851,0.0,0.0,0.0,0.0
84.80000000000001,4.967677771372299,-0.08703770048607637,8.192595169455043,0.028848850208932932,-0.015919583809517315,0.08250099958839845,10.0,1.0402162341886216,2147.798497636339,71.18642080101577,0.0,0.0,0.0,0.0
84.9,4.937733545911513,-0.0318878993570756,8.599082284843517,0.024689074011327704,-0.009668640380045524,0.06614070150029348,10.0,1.047197551196599,2148.298497636339,72.0524462048002,0.0,0.0,0.0,0.0
85.0,5.975340752498035,0.09525275677531825,8.002957982502684,0.03668776239224675,0.002002358555267751,0.06747650785909981,10.0,1.0541788682045763,2148.792439502923,72.92194113430543,1.0000000000000853,0.493941866584272,0.8694949295052937,0.0
85.10000000000001,6.532554966352361,0.0269118832449727,7.304655912287667,0.036717410468894825,-0.006806479414882415,0.09085379503563588,10.200000000000017,1.0611601852125536,2149.290056355245,73.81232165312063,2.0000000000000284,0.975719318277477,1.7458441545396455,0.0
85.2,6.681066650006145,-0.1906359349392383,7.445582179523791,0.041100172496265464,0.014733639461525236,0.059565454808420085,10.400000000000006,1.068141502220531,2149.7910801763105,74.72368060036625,2.0000000000000284,0.963507348203442,1.7526133600877531,0.0
85.30000000000001,6.4496866114653555,0.14252555171464718,7.258619405240382,0.03154503062481173,-0.00457620485510994,0.06476364427480619,10.600000000000023,1.0751228192285083,2150.295241837925,75.65610808760486,2.0000000000000284,0.9512484181405618,1.7592971457332593,0.0
85.4,6.790425476129928,-0.08254514234295815,7.424649823300387,0.0357638815103927,-0.0005040204248121195,0.06643825055488649,10.800000000000011,1.0821041362364856,2150.8022711257336,76.6096914878925,1.9999999999998863,0.9389431255717259,1.7658951857177547,0.0
85.5,6.752451673852288,0.14657592644626055,7.524604328472975,0.04044244027497877,-0.01782223166746478,0.06596225579946408,11.0,1.089085453244463,2151.3118967643654,77.58451542504685,2.0000000000000284,0.9265920702397344,1.7724071584624557,0.0
85.60000000000001,6.758976939769143,0.12934117918556753,7.361856594990261,0.029316192291000135,-0.007741006752835984,0.0708241178067207,11.200000000000017,1.0960667702524403,2151.8238464426713,78.5806617631331,2.0000000000000284,0.914195854117399,1.7788327465826215,0.0
85.7,6.842132965807533,-0.041119016093740246,7.601903558169387,0.03714138313153253,-0.003242857771624363,0.06334613650962757,11.400000000000006,1.1030480872604176,2152.3378468390574,79.59820959616852,2.0000000000000284,0.901755081378872,1.7851716369042774,0.0
85.80000000000001,6.799042512259225,0.06883667251806055,7.807083025272476,0.027384338609913343,0.003181017020299757,0.06016796870969214,11.600000000000023,1.110029404268395,2152.8536236469117,80.63723523804624,2.0000000000000284,0.8892703583698653,1.7914235204788524,0.0
85.9,6.5566577595204825,0.018369929444754227,7.486312083036457,0.06508832059048751,-0.0038414581568320207,0.05415819151296043,11.800000000000011,1.1170107212763722,2153.370901600123,81.69781221267927,1.9999999999998863,0.8767422935781026,1.797588092598233,0.0
86.0,6.7280024151930595,-0.2911960056319553,7.45191569373469,0.03606683786283819,0.005946003829452115,0.07519620130208574,12.0,1.1239920382843496,2153.8894044986855,82.7800112443654,2.0000000000000284,0.8641714976039745,1.8036650528102542,0.0
86.10000000000001,6.611515364732744,-0.0025921021944899855,7.35079108653373,0.024625959491809644,0.0010989477938063452,0.052724123321841274,12.200000000000017,1.130973355292327,2154.408855234395,83.88390024837395,2.0000000000000284,0.851558583130155,1.809654104932066,0.0
86.2,6.624856772483122,-0.12927609398488563,7.548161689068869,0.05392088603255146,-0.015015879828033313,0.046929793978831576,12.400000000000006,1.1379546723003042,2154.9289758166283,85.00954432175476,2.0000000000000284,0.8389041648923636,1.8155549570658442,0.0
86.30000000000001,6.6683177747663915,0.022354669393663786,7.498508107138925,0.03144337988754314,-0.004006392988254318,0.06913508291321328,12.600000000000023,1.1449359893082816,2155.449487398207,86.15700573437054,2.0000000000000284,0.8262088596490929,1.8213673216123814,0.0
86.4,6.843115441465504,-0.2732573155477425,7.410368295270682,0.03804467297929722,-0.01117976104610736,0.08277167512548027,12.800000000000011,1.1519173063162589,2155.970110301344,87.32634392015308,1.9999999999998863,0.8134732861515518,1.827090915285099,0.0
86.5,6.591739325534591,0.013806096948907578,7.549112525651673,0.02999373715186764,-0.020465730478044168,0.061173433538641936,13.0,1.1588986233242362,2156.4905640436677,88.517615468584,2.0000000000000284,0.8006980651137987,1.8327254591245064,0.0
86.60000000000001,6.841466890957958,-0.03053426901777079,7.338744065906483,0.0451633071349138,-0.005307748960230527,0.060358370671305096,13.200000000000017,1.1658799403322135,2157.010567364328,89.73087411640091,2.0000000000000284,0.787883819181911,1.838270678510496,0.0
86.7,6.709469221018398,0.1356125314428181,7.822966240885212,0.04417894611646082,0.009598399663883444,0.06040031681792871,13.400000000000006,1.1728612573401909,2157.5298382501737,90.9661707395295,2.0000000000000284,0.7750311729042144,1.8437263031770283,0.0
86.80000000000001,6.53317059167348,0.02934970244286841,7.48178469841427,0.025121457626240615,-0.0037529452990401283,0.06945315482499857,13.600000000000023,1.1798425743481682,2158.04809396201,92.22355334524225,2.0000000000000284,0.7621407527005565,1.8490920672246536,0.0
86.9,6.74110981682149,0.09564317800764091,7.509353920646017,0.030836498447186028,-0.007139006266488432,0.053470464827868505,13.800000000000011,1.1868238913561455,2158.565051060924,93.50306706454442,1.9999999999998863,0.7492131868317788,1.8543677091334705,0.0
87.0,6.954767063446666,0.02201755469289393,7.431981252756103,0.026618664225361997,0.02735657902327778,0.05472669848557831,14.0,1.1938052083641228,2159.0804254346826,94.80475414478798,2.0000000000000284,0.7362491053693637,1.8595529717765302,0.0
87.10000000000001,6.62272361872799,0.082375525442909,7.555741155986972,0.04548590559204342,0.016076085077692634,0.07052155536241439,14.200000000000017,1.2007865253721002,2159.593932324199,96.128653942514,2.0000000000000284,0.7232491401641923,1.8646476024310519,0.0
87.2,6.5286461875739015,-0.018541768768267214,7.511884067002413,0.056588845454944824,-0.01597805478424297,0.07748574386005955,14.400000000000006,1.2077678423800775,2160.1052863500668,97.47480291652427,2.0000000000000284,0.7102139248162815,1.8696513527920566,0.0
87.30000000000001,6.714037963000864,0.1456745802844221,7.4504100036299405,0.02748225873862332,0.00550872779401332,0.07200428907886348,14.600000000000023,1.2147491593880548,2160.6142015391565,98.84323462118243,2.0000000000000284,0.6971440946436376,1.8745639789838107,0.0
87.4,6.832859352429736,0.018004304693204715,7.375735907627424,0.02031871508964817,0.006193732681394063,0.06969887363224712,14.800000000000011,1.2217304763960322,2161.1203913512786,100.23397969994558,1.9999999999998863,0.6840402866512959,1.879385241571711,0.0
87.5,6.542183412639308,-0.06078605099449357,7.395695389332614,0.021076740720062402,-0.010176823966051338,0.054121675239743726,15.0,1.2287117934040095,2161.623568705904,101.64706587912653,2.0000000000000284,0.6709031395005168,1.8841149055746214,0.0
87.60000000000001,6.625178955785711,-0.09080462474943442,7.221658472995318,0.0561324873455814,0.010525407310292308,0.05766978459260741,15.200000000000017,1.2356931104119868,2162.1234460089463,103.0825179618875,2.0000000000000284,0.657733293477173,1.88875274047499,0.0
87.7,6.727914017066944,0.08261976347319416,7.644372089341352,0.027720534773285798,0.008921067839824262,0.059980925765737915,15.400000000000006,1.2426744274199641,2162.6197351796013,104.54035782246568,2.0000000000000284,0.6445313904610286,1.8932985202314205,0.0
87.80000000000001,6.486671446943609,0.12862048389717456,7.659322974743694,0.061785674775193436,-0.013997252650902136,0.07244917565861515,15.600000000000023,1.2496557444279415,2163.1121476772387,106.0206044006311,2.0000000000000284,0.6312980738942111,1.8977520232890208,0.0
87.9,6.625580620999748,0.13750380657860467,7.245135778440713,0.023278887282900944,-0.009758748231664838,0.06624961926448811,15.800000000000011,1.2566370614359188,2163.600394528351,107.52327369637744,1.9999999999998863,0.6180339887498569,1.9021130325902,0.0
88.0,6.590888617588148,0.11885815158701293,7.6197434038640175,0.041902360452340144,0.01418787639660868,0.0696182451023607,16.0,1.2636183784438961,2164.0841863535516,109.04837876484616,2.0000000000000284,0.6047397815008947,1.906381335585922,0.0
88.10000000000001,6.504516301017877,0.22450647703075088,7.37493577578443,0.04501077003674228,0.013737342165551064,0.07002685891511126,16.200000000000017,1.2705996954518735,2164.563233394623,110.59592971148436,2.0000000000000284,0.591416100088099,1.9105567242447152,0.0
88.2,6.462626985594204,-0.11773182497646864,7.664120881158101,0.03421535818345842,-0.0012042646505783417,0.07304822296944335,16.400000000000006,1.2775810124598508,2165.037245541612,112.16593368743695,2.0000000000000284,0.5780635938889485,1.9146389950641627,0.0
88.30000000000001,6.79149923688095,0.06181997185781911,7.43440895544226,0.03277990058256301,0.006578988252913431,0.0709956741184852,16.600000000000023,1.2845623294678281,2165.5059323599708,113.75839488517344,2.0000000000000284,0.564682913685758,1.9186279490801432,0.0
88.4,6.64845580747611,0.18231684694897107,7.446354093855933,0.02738996329654265,-0.009589706989033449,0.05567257044470961,16.80000000000001,1.2915436464758054,2165.9690031177433,115.37331453434982,1.9999999999998863,0.551274711633964,1.9225233918765294,0.0
88.5,6.646189305078349,0.20505864175042887,7.344944933970754,0.037791342650067616,-0.008566893456274132,0.06285688839509289,17.0,1.2985249634837828,2166.4261668127892,117.01069089790583,2.0000000000000284,0.5378396412305361,1.9263251335953444,0.0
88.60000000000001,6.460544625771114,-0.013080734373480514,7.436653404154586,0.041309464480243537,0.00023280913255370548,0.05347605755828681,17.200000000000017,1.30550628049176,2166.8771322000516,118.67051926839821,2.0000000000000284,0.5243783572817339,1.9300329889446513,0.0
88.7,6.849680544175433,0.05154545603329934,7.495468238701953,0.03581476150603519,-0.007177574472222197,0.06763800220529453,17.400000000000006,1.3124875974997374,2167.32160781886,120.35279196456997,2.0000000000000284,0.5108915158715852,1.9336467772089472,0.0
88.80000000000001,6.758389072958189,-0.24203435370183318,7.384895085523416,0.033357115335850694,0.0005617060569427811,0.07739308886707853,17.600000000000023,1.3194689145077148,2167.75930202027,122.05749832815637,2.0000000000000284,0.49737977432971353,1.9371663222572906,0.0
88.9,6.571289685379261,-0.054694277022676346,7.388829094528418,0.02789130913884117,-0.005471864951122625,0.07316800100768697,17.80000000000001,1.326450231515692,2168.1899229944374,123.78462472092765,1.9999999999998863,0.4838437911993049,1.9405914525518833,0.0
89.0,6.52897548326425,0.08417215927293549,7.210423876622579,0.030293205075464527,-0.005294893002179861,0.08220857553694791,18.0,1.3334315485236694,2168.613178798022,125.53415452196904,2.0000000000000284,0.47028422620518356,1.9439220011571208,0.0
89.10000000000001,6.645830461855999,-0.3101865210176377,7.165875875096143,0.036246880903353394,0.004137708557899087,0.0692145373840798,18.200000000000017,1.3404128655316467,2169.0287773816235,127.3060681251982,2.0000000000000284,0.4567017402213148,1.947157805746349,0.0
89.2,6.712186323439051,0.19433893962585008,7.38477052801476,0.04485569060015484,-0.018320148850264173,0.056410500478426606,18.400000000000006,1.347394182539624,2169.4364266172433,129.10034293712044,2.0000000000000284,0.4430969952389377,1.950298708611155,0.0
89.30000000000001,6.415994598329129,-0.021226795100468817,7.458770028535379,0.03704759996215178,-0.0013811664711286479,0.05618444549968998,18.600000000000023,1.3543754995476014,2169.835834325774,130.916953374822,2.0000000000000284,0.4294706543341293,1.9533445566683643,0.0
89.4,6.658514680906796,-0.20461700029086227,7.670193557395239,0.03287032431090658,-0.006888861190436912,0.0813493820922481,18.80000000000001,1.3613568165555787,2170.2267083045117,132.75587086420154,1.9999999999998863,0.4158233816354918,1.9562952014675008,0.0
89.5,6.500713827536518,-0.14883806710479536,7.3012761623950455,0.03522787122289177,0.002316316296375973,0.07285673348898561,19.0,1.368338133563556,2170.608756354689,134.6170638384403,2.0000000000000284,0.4021558422919318,1.9591504991987165,0.0
89.60000000000001,7.072850105193147,-0.3174148681301145,7.557019549493993,0.03033527931416427,-0.007864151488887736,0.059262257525268494,19.200000000000017,1.3753194505715334,2170.9816863090314,136.50049773671074,2.0000000000000284,0.3884687024399462,1.9619103106984117,0.0
89.7,6.550735356947706,0.2726787251905178,7.592053810177416,0.036138544825460334,0.011510157524870003,0.05033468915481851,19.400000000000006,1.3823007675795107,2171.3452060593277,138.4061350031244,2.0000000000000284,0.3747626291714513,1.9645745014574059,0.0
89.80000000000001,6.4874450378692625,-0.30669515982920315,7.360797030106837,0.037523570306934116,-0.0009714142206766593,0.06695339791840607,19.600000000000023,1.389282084587488,2171.699023584019,140.33393508591865,2.0000000000000284,0.36103829050112174,1.9671429416268005,0.0
89.9,6.475392282908866,0.1404732113921033,7.501653338861251,0.04323712785454657,-0.020927621775900518,0.06857488739578517,19.80000000000001,1.3962634015954654,2172.0428469757994,142.28385443688282,1.9999999999998863,0.34729635533383757,1.9696155060243048,0.0
90.0,6.508886021581272,-0.03959848788270427,7.545863945920788,0.03681752110244572,-0.010515399797793189,0.06552271036965145,20.0,1.4032447186034427,2172.3763844692317,144.25584651102383,2.0000000000000284,0.3335374934322059,1.9719920741410384,0.0
90.10000000000001,6.457320510282355,0.19254010938474442,7.434916608200893,0.01218549944255326,-0.0072653168709604305,-0.00023575988406582954,20.200000000000017,1.4032447186034427,2172.713257337598,146.24755850590626,2.0000000000000284,0.3335374934322059,1.9719920741410384,0.0
90.2,6.572422789573225,0.15142608975396132,7.3592945375260586,0.007445954324151765,-0.005824523976692903,-0.014759632998916195,20.400000000000006,1.4032447186034427,2173.053465580899,148.2589904215301,2.0000000000000284,0.3335374934322059,1.9719920741410384,0.0
90.30000000000001,6.601503697400932,-0.15686623215442724,7.47079461967768,-0.010904077356744903,0.007259751007146167,0.004089241396469728,20.600000000000023,1.4032447186034427,2173.397009199134,150.29014225789533,2.0000000000000284,0.3335374934322059,1.9719920741410384,0.0
90.4,6.6604114083549675,0.1183838206681374,7.6102952512367805,0.0007990124823034836,-0.009712002995492906,-0.012739696161121295,20.80000000000001,1.4032447186034427,2173.7438881923035,152.34101401500197,1.9999999999998863,0.3335374934321822,1.9719920741408983,0.0
90.5,6.584143344013625,-0.07258183699719423,7.481767829074174,-0.0024514688113802716,0.004879329720514281,-0.0011298327127068951,21.0,1.4032447186034427,2174.0941025604075,154.41160569285003,2.0000000000000284,0.3335374934322059,1.9719920741410384,0.0
90.60000000000001,6.678494632540961,0.1975981164795334,7.516982993218575,0.0003996245831143549,-0.008019444419351771,-0.0013323139671497708,21.200000000000017,1.4032447186034427,2174.4476523034455,156.5019172914395,2.0000000000000284,0.3335374934322059,1.9719920741410384,0.0
90.7,6.559458819626109,-0.0611510298674349,7.579059086936978,-0.0012188827129226872,-0.015497730693812311,0.022681692930597835,21.400000000000006,1.4032447186034427,2174.804537421418,158.61194881077037,2.0000000000000284,0.3335374934322059,1.9719920741410384,0.0
90.80000000000001,6.735045586240676,-0.1910415100769754,7.399431872039206,0.0021088638282841785,0.01504592093297377,-0.006081124582588694,21.600000000000023,1.4032447186034427,2175.1647579143246,160.74170025084265,2.0000000000000284,0.3335374934322059,1.9719920741410384,0.0
90.9,6.83345691547217,0.22992296404585144,7.3714110653642155,-0.0017751361886023348,-0.012363092473737703,0.002965388589196951,21.80000000000001,1.4032447186034427,2175.5283137821657,162.89117161165635,1.9999999999998863,0.3335374934321822,1.9719920741408983,0.0
91.0,6.681562311417462,0.11894749971235558,7.629236731778397,-0.006480960646216471,-0.021673250642259945,0.004787552207237579,22.0,1.4032447186034427,2175.8952050249413,165.06036289321145,2.0000000000000284,0.3335374934322059,1.9719920741410384,0.0
91.10000000000001,6.731081437064198,0.05741265315275625,7.416708223998973,0.002247520996639345,0.013154448083522476,0.008817341689625093,22.200000000000017,1.4032447186034427,2176.265431642651,167.24927409550796,2.0000000000000284,0.3335374934322059,1.9719920741410384,0.0
91.2,6.6310455438184395,-0.05502967256439936,7.44023135747367,0.017367399618306398,-0.003833007095261973,0.004802056554792921,22.400000000000006,1.4032447186034427,2176.6389936352953,169.45790521854587,2.0000000000000284,0.3335374934322059,1.9719920741410384,0.0
91.30000000000001,6.614703771928456,0.1848475036162947,7.759684799337031,0.005506130494313883,-0.0011722709621457424,0.005367828331742348,22.600000000000023,1.4032447186034427,2177.0158910028736,171.68625626232523,2.0000000000000284,0.3335374934322059,1.9719920741410384,0.0
91.4,6.329404789250916,0.1317726296427226,7.485834173524777,0.00528342050660725,-0.009114621940837049,0.0011554312102290839,22.80000000000001,1.4032447186034427,2177.3961237453864,173.934327226846,1.9999999999998863,0.3335374934321822,1.9719920741408983,0.0
91.5,6.6253970670934255,0.17324344761095584,7.408895235634866,0.021826603221097977,0.002308624190150374,-0.007756826599957317,23.0,1.4032447186034427,2177.7796918628333,176.20211811210817,2.0000000000000284,0.3335374934322059,1.9719920741410384,0.0
91.60000000000001,6.6677688635811085,-0.07775126832346234,7.136551840652326,0.016994709401137894,0.00503142542220004,0.010332073178993127,23.200000000000017,1.4032447186034427,2178.1665953552147,178.48962891811175,2.0000000000000284,0.3335374934322059,1.9719920741410384,0.0
91.7,6.711861356613857,-0.18730263530386565,7.393166640192015,0.009417807747840127,-0.012512200297825028,-0.020317693162508137,23.400000000000006,1.4032447186034427,2178.55683422253,180.79685964485674,2.0000000000000284,0.3335374934322059,1.9719920741410384,0.0
91.80000000000001,6.6529849064017625,-0.001263633104130784,7.486043723587536,0.008285186435145362,0.004376058122312086,0.0075876980524392165,23.600000000000023,1.4032447186034427,2178.95040846478,183.12381029234314,2.0000000000000284,0.3335374934322059,1.9719920741410384,0.0
91.9,6.866380515781785,-0.2078454671219972,7.541396483297009,0.007265383633369425,-0.014395622860802397,-0.010028706086823894,23.80000000000001,1.4032447186034427,2179.3473180819647,185.47048086057094,1.9999999999998863,0.3335374934321822,1.9719920741408983,0.0
92.0,6.575159488597562,-0.07923121637729377,7.578722130650695,-0.00514538783691095,-0.010563485182812039,-0.0011163373669455913,24.0,1.4032447186034427,2179.7475630740832,187.83687134954016,2.0000000000000284,0.3335374934322059,1.9719920741410384,0.0
92.10000000000001,6.854845657692033,0.021956506156542824,7.438821557321793,-0.0001000549870105148,0.010920603343265226,-0.0024917172660324184,24.200000000000017,1.4032447186034427,2180.1511434411364,190.22298175925079,2.0000000000000284,0.3335374934322059,1.9719920741410384,0.0
92.2,6.884377051209917,0.05157444483822555,7.441646303829028,0.026009004979342817,-0.012556394897985964,0.0014631424043299395,24.400000000000006,1.4032447186034427,2180.5580591831235,192.62881208970282,2.0000000000000284,0.3335374934322059,1.9719920741410384,0.0
92.30000000000001,6.502186121694302,0.1628692955804254,7.719087551173082,0.01769922781404639,0.010239487531460048,0.0030237953220403437,24.600000000000023,1.4032447186034427,2180.9683103000452,195.05436234089626,2.0000000000000284,0.3335374934322059,1.9719920741410384,0.0
92.4,6.632264660945301,-0.23067546587410975,7.77109024140267,0.0056897807814846775,-0.006919569048694831,0.018280568889869675,24.80000000000001,1.4032447186034427,2181.381896791901,197.4996325128311,1.9999999999998863,0.3335374934321822,1.9719920741408983,0.0
92.5,6.541136130054902,0.08099330513340111,7.439814840981705,0.00738677139880301,-0.0026357353918612146,-0.00950927891111224,25.0,1.4032447186034427,2181.7988186586913,199.96462260550737,2.0000000000000284,0.3335374934322059,1.9719920741410384,0.0
92.60000000000001,6.6983872634694075,0.1773296212813043,7.461326750247232,0.00875115121589086,-0.012455294856740531,0.004737392067301479,25.200000000000017,1.4032447186034427,2182.2190759004156,202.44933261892504,2.0000000000000284,0.3335374934322059,1.9719920741410384,0.0
92.7,6.593374239305615,0.13204712601570645,7.470432945464629,0.007900736763366126,0.00887710426157866,0.011916185751213884,25.400000000000006,1.4032447186034427,2182.6426685170745,204.95376255308412,2.0000000000000284,0.3335374934322059,1.9719920741410384,0.0
92.80000000000001,6.728018572712949,-0.1297318387767108,7.4652912945252945,-0.004330904020158332,-0.005440639567042266,0.0012546584924974912,25.600000000000023,1.4032447186034427,2183.069596508668,207.4779124079846,2.0000000000000284,0.3335374934322059,1.9719920741410384,0.0
92.9,6.540061971351442,-0.27360078837009844,7.365487753876236,0.0029337945192415907,-0.015481770454274901,0.0051568223647162435,25.80000000000001,1.4032447186034427,2183.4998598751954,210.0217821836265,1.9999999999998863,0.3335374934321822,1.9719920741408983,0.0
93.0,6.972091071215546,0.17345848328783586,7.712240437493409,0.004911278769327262,0.00967509822986446,-0.002239647304677874,26.0,1.4032447186034427,2183.9334586166574,212.5853718800098,2.0000000000000284,0.3335374934322059,1.9719920741410384,0.0
93.10000000000001,6.590399767515604,-0.39087103092062087,7.643631032231675,0.01640323979819886,-0.0075317724534727,0.0024604829360276494,26.200000000000017,1.4032447186034427,2184.3703927330534,215.16868149713451,2.0000000000000284,0.3335374934322059,1.9719920741410384,0.0
93.2,6.573971490515257,0.07739803272162374,7.634449092920816,-0.01642771973881041,0.0020943853064225226,0.0022332822828085457,26.400000000000006,1.4032447186034427,2184.810662224384,217.77171103500064,2.0000000000000284,0.3335374934322059,1.9719920741410384,0.0
93.30000000000001,6.704059966363905,0.08884910025114365,7.437478845309407,-3.5868534057806106e-05,-0.004138751675546389,0.014703162017882816,26.600000000000023,1.4032447186034427,2185.2542670906487,220.3944604936082,2.0000000000000284,0.3335374934322059,1.9719920741410384,0.0
93.4,6.749864801587902,0.05308753066060412,7.275066452961559,-0.002785797432131542,0.0069866916033917426,0.005376965731239229,26.80000000000001,1.4032447186034427,2185.701207331848,223.03692987295716,1.9999999999998863,0.3335374934321822,1.9719920741408983,0.0
93.5,6.785980528007272,0.28497677004914507,7.621500121506653,0.0019315833769974235,-0.007109891701957271,-0.020535495960558984,27.0,1.4032447186034427,2186.1514829479815,225.69911917304754,2.0000000000000284,0.3335374934322059,1.9719920741410384,0.0
93.60000000000001,6.661793069197974,-0.02890187437252737,7.524264140284636,-0.0005390522697468758,-0.005203850594367943,-0.012793989305072206,27.200000000000017,1.4032447186034427,2186.6050939390493,228.38102839387932,2.0000000000000284,0.3335374934322059,1.9719920741410384,0.0
93.7,6.546055633196392,0.09149765612008362,7.723095355795234,2.4746162543765634e-05,0.001278110735741233,0.014524781569528054,27.400000000000006,1.4032447186034427,2187.0620403050516,231.0826575354525,2.0000000000000284,0.3335374934322059,1.9719920741410384,0.0
93.80000000000001,6.565416717138865,0.07502210649281635,7.3546356951755065,0.009648244384910114,-0.00048596952048267383,0.007984518139814397,27.600000000000023,1.4032447186034427,2187.522322045988,233.8040065977671,2.0000000000000284,0.3335374934322059,1.9719920741410384,0.0
93.9,6.56966101795599,0.12605485394161775,7.778416149310053,-0.009079116954282061,-0.005397590076475238,0.007316074741680919,27.80000000000001,1.4032447186034427,2187.985939161859,236.54507558082312,1.9999999999998863,0.3335374934321822,1.9719920741408983,0.0
94.0,6.8050117393682745,-0.06393194279342033,7.040754667603919,0.01459189494164025,0.005605061195841426,-0.012429475304866652,28.0,1.4032447186034427,2188.4528916526638,239.30586448462054,2.0000000000000284,0.3335374934322059,1.9719920741410384,0.0
94.10000000000001,6.595915488801968,0.25522736442909894,7.68287867389401,0.010386400226789445,-0.0037611243395986264,0.005829874188125099,28.200000000000017,1.4032447186034427,2188.9231795184032,242.08637330915937,2.0000000000000284,0.3335374934322059,1.9719920741410384,0.0
94.2,6.667411936799983,0.18923596749032562,7.334332850151063,-0.007057996548842048,0.008102745868360156,0.004556385444884384,28.400000000000006,1.4032447186034427,2189.3968027590768,244.8866020544396,2.0000000000000284,0.3335374934322059,1.9719920741410384,0.0
94.30000000000001,6.893820910886973,-0.08072683104708185,7.4574924570745065,-0.008224129848439534,-0.0019263731857643287,-0.00978546936998799,28.600000000000023,1.4032447186034427,2189.873761374685,247.70655072046125,2.0000000000000284,0.3335374934322059,1.9719920741410384,0.0
94.4,6.613905794425534,-0.19543807973921767,7.569797696104089,0.008165893397596517,-0.019302627304843452,0.018338857455005728,28.80000000000001,1.4032447186034427,2190.3540553652274,250.5462193072243,1.9999999999998863,0.3335374934321822,1.9719920741408983,0.0
94.5,7.06166307653188,0.026900958010451146,7.369542072091633,0.029243305910030465,-0.015189684983025108,0.005201064668690984,29.0,1.4032447186034427,2190.837684730704,253.40560781472877,2.0000000000000284,0.3335374934322059,1.9719920741410384,0.0
94.60000000000001,6.71399414846369,0.2217721430678622,7.5196700573943485,-0.003986338957884514,-0.011511843703879561,0.0015817817975386445,29.200000000000017,1.4032447186034427,2191.324649471115,256.28471624297464,2.0000000000000284,0.3335374934322059,1.9719920741410384,0.0
94.7,6.53601170342713,0.027173797967702445,7.381079784146257,-0.013940377932897506,0.010551457883749038,2.3274765709606175e-05,29.400000000000006,1.4032447186034427,2191.8149495864604,259.18354459196195,2.0000000000000284,0.3335374934322059,1.9719920741410384,0.0
94.80000000000001,6.496830286822605,-0.005238870173131228,7.475964946020479,-0.016464667255790336,0.0013164766712576276,-0.005471575686902646,29.600000000000023,1.4032447186034427,2192.30858507674,262.10209286169066,2.0000000000000284,0.3335374934322059,1.9719920741410384,0.0
94.9,6.943705128947396,0.09859407681151022,7.4057242126090035,-0.006451677703173505,-0.0030496770756362392,0.011127907415832899,29.80000000000001,1.4032447186034427,2192.805555941954,265.0403610521608,1.9999999999998863,0.3335374934321822,1.9719920741408983,0.0
95.0,6.683226688281121,-0.012573821070528485,7.4744647547480145,-0.0050385893123695465,-0.005432059268430376,-0.015857924389050038,30.0,1.4032447186034427,2193.3058621821024,267.9983491633723,2.0000000000000284,0.3335374934322059,1.9719920741410384,0.0
95.10000000000001,6.833109742196757,0.06481966704826428,7.349690834520316,0.01998734981355239,-0.0011298351960761345,-0.005361435719751968,30.200000000000017,1.4032447186034427,2193.809503797185,270.97605719532527,2.0000000000000284,0.3335374934322059,1.9719920741410384,0.0
95.2,6.815561420789471,0.07970723247638938,7.524896208947963,-0.003257556046515905,0.002504957237780347,0.0023824170977890546,30.400000000000006,1.4032447186034427,2194.3164807872017,273.9734851480196,2.0000000000000284,0.3335374934322059,1.9719920741410384,0.0
95.30000000000001,6.770442025315778,-0.2657416681015958,7.400628191678452,0.01822155097808195,-0.009670674554003006,-0.0010383829749318662,30.600000000000023,1.4032447186034427,2194.826793152153,276.9906330214554,2.0000000000000284,0.3335374934322059,1.9719920741410384,0.0
95.4,6.619856606801282,-0.1622209203832965,7.134467094691163,-0.0013058639852361283,-0.0006414057591834312,0.004474949314613478,30.80000000000001,1.4032447186034427,2195.3404408920387,280.02750081563255,1.9999999999998863,0.3335374934321822,1.9719920741408983,0.0
95.5,6.6653190232767185,0.02645613062755815,7.619135431857945,-0.0009044618592921679,-0.007740825770872696,0.002188745151119137,31.0,1.4032447186034427,2195.8574240068588,283.0840885305511,2.0000000000000284,0.3335374934322059,1.9719920741410384,0.0
95.60000000000001,6.773952821532418,0.2318040317814874,7.371487650249954,0.0019893378702888374,0.0013835744193595964,-0.004925780067288229,31.200000000000017,1.4032447186034427,2196.377742496613,286.1603961662111,2.0000000000000284,0.3335374934322059,1.9719920741410384,0.0
95.7,6.690113382650839,-0.19985107860131424,7.20035166556442,0.0046674640789225695,-0.005838747413307828,0.007022804076212192,31.400000000000006,1.4032447186034427,2196.9013963613015,289.2564237226125,2.0000000000000284,0.3335374934322059,1.9719920741410384,0.0
95.80000000000001,6.684366561017649,-0.12646000729956958,7.45892106583068,-0.011331013050148553,0.011909723580014006,-0.008559703448599638,31.600000000000023,1.4032447186034427,2197.4283856009242,292.3721711997553,2.0000000000000284,0.3335374934322059,1.9719920741410384,0.0
95.9,6.657683016923491,-0.13634073820708725,7.55127238712952,-0.0023143137128150285,-0.007186667196212101,0.013532015450515543,31.80000000000001,1.4032447186034427,2197.9587102154815,295.5076385976395,1.9999999999998863,0.3335374934321822,1.9719920741408983,0.0
96.0,6.691465396320535,0.09749666689039509,7.31851032064771,-0.01304816943927507,-0.0009279203795986635,0.0018115364450526877,32.0,1.4032447186034427,2198.4923702049728,298.66282591626515,2.0000000000000284,0.3335374934322059,1.9719920741410384,0.0
96.10000000000001,6.7810160084369935,0.00801373210061755,7.496470512010524,-0.015233825299412435,0.016884369396142566,0.003357580149679681,32.20000000000002,1.4032447186034427,2199.0293655693986,301.8377331556322,2.0000000000000284,0.3335374934322059,1.9719920741410384,0.0
96.2,6.791688853119782,-0.10541375053294395,7.511910696457931,-0.012028447635247453,0.0025206783825967105,0.0014402591561416722,32.400000000000006,1.4032447186034427,2199.569696308759,305.0323603157406,2.0000000000000284,0.3335374934322059,1.9719920741410384,0.0
96.30000000000001,6.691429383159237,0.12469610451951463,7.280828164442288,-0.00584491730612797,0.002573242810867655,0.02598221474546747,32.60000000000002,1.4032447186034427,2200.1133624230533,308.24670739659047,2.0000000000000284,0.3335374934322059,1.9719920741410384,0.0
96.4,6.666338457369556,0.10867041768858987,7.449663490646629,0.020422455947562996,-0.019472216669652556,0.00594621044669358,32.80000000000001,1.4032447186034427,2200.6603639122823,311.4807743981817,1.9999999999998863,0.3335374934321822,1.9719920741408983,0.0
96.5,6.443219202534593,-0.35598573558050745,7.510328519093003,0.0023949779614745887,-0.004848369377422014,0.0039380590996024685,33.0,1.4032447186034427,2201.2107007764453,314.7345613205144,2.0000000000000284,0.3335374934322059,1.9719920741410384,0.0
96.60000000000001,7.151795722679591,-0.01872627070471515,7.542227865312841,-0.0054936481961388095,0.0009523257504060311,0.002617663249443825,33.20000000000002,1.4032447186034427,2201.764373015543,318.00806816358846,2.0000000000000284,0.3335374934322059,1.9719920741410384,0.0
96.7,6.625473035159442,0.29283477983004874,7.642286955602981,0.0023674664739923067,-0.025042119359439667,0.0013899077674743034,33.400000000000006,1.4032447186034427,2202.3213806295744,321.30129492740394,2.0000000000000284,0.3335374934322059,1.9719920741410384,0.0
96.80000000000001,7.092504942229664,-0.014599249995956215,7.631191846933379,0.015419424019526007,0.00018963915855975096,-0.003418216318681523,33.60000000000002,1.4032447186034427,2202.8817236185405,324.61424161196084,2.0000000000000284,0.3335374934322059,1.9719920741410384,0.0
96.9,6.321753957801345,0.12262448129134318,7.343495810701869,0.002761504518876921,-0.014498203395893642,0.002347624595297978,33.80000000000001,1.4032447186034427,2203.445401982441,327.94690821725914,1.9999999999998863,0.3335374934321822,1.9719920741408983,0.0
97.0,6.69210866580406,0.06028903715664468,7.298485883022468,0.012969109487613522,-0.007968947847319713,-0.011744694604532452,34.0,1.4032447186034427,2204.012415721276,331.29929474329884,2.0000000000000284,0.3335374934322059,1.9719920741410384,0.0
97.10000000000001,6.670697294574382,0.025156296353969015,7.489797626101094,0.014621324036850791,-0.004364488367358594,0.003803803756312287,34.20000000000002,1.4032447186034427,2204.582764835045,334.67140119007996,2.0000000000000284,0.3335374934322059,1.9719920741410384,0.0
97.2,6.521573150383937,0.14308302543318455,7.493355570737045,-0.0032002772729416255,-0.021046746934654637,0.019444121950550876,34.400000000000006,1.4032447186034427,2205.1564493237483,338.0632275576025,2.0000000000000284,0.3335374934322059,1.9719920741410384,0.0
97.30000000000001,6.502898812900493,-0.06869170140545584,7.519460887786731,-0.010965579286166864,-0.016935097782531435,-0.016239475827006647,34.60000000000002,1.4032447186034427,2205.733469187386,341.4747738458664,2.0000000000000284,0.3335374934322059,1.9719920741410384,0.0
97.4,6.795200350504624,-0.06177793670894828,7.9047997249964,-0.008943550656308735,-0.011214510234289213,-0.0006539297028540147,34.80000000000001,1.4032447186034427,2206.313824425958,344.90604005487177,1.9999999999998863,0.3335374934321822,1.9719920741408983,0.0
97.5,6.723521005839675,-0.0505305008177967,7.557559043225707,-0.008785883899886545,-0.015815917184635812,-0.012982147394091075,35.0,1.4032447186034427,2206.8975150394645,348.3570261846185,2.0000000000000284,0.3335374934322059,1.9719920741410384,0.0
97.60000000000001,6.353514682378322,-0.057710352921258506,7.420562164266347,-0.005314370274831833,0.01043405797187162,0.017280302096081352,35.20000000000002,1.4032447186034427,2207.484541027905,351.8277322351067,2.0000000000000284,0.3335374934322059,1.9719920741410384,0.0
97.7,6.636830359452226,-0.24908816697879443,7.3807034449170725,-0.004998213939170615,-0.00857134962278058,-0.001977189038982449,35.400000000000006,1.4032447186034427,2208.07490239128,355.31815820633625,2.0000000000000284,0.3335374934322059,1.9719920741410384,0.0
97.80000000000001,6.58903137321018,-0.03798124238466396,7.370378046302997,0.0030832250862559214,0.001603687159048611,-0.004106450871824899,35.60000000000002,1.4032447186034427,2208.6685991295894,358.8283040983072,2.0000000000000284,0.3335374934322059,1.9719920741410384,0.0
97.9,6.877710606469833,-0.1270093452760921,7.223039119053101,0.004807780713650517,-0.010174081344143398,0.00821291470757388,35.80000000000001,1.4032447186034427,2209.265631242833,362.3581699110196,1.9999999999998863,0.3335374934321822,1.9719920741408983,0.0
98.0,6.326500517403822,0.2288683912224601,7.5665532223313905,-0.014004765491630017,-0.016787771238462857,0.021722659040975277,36.0,1.4032447186034427,2209.865998731011,365.9077556444734,2.0000000000000284,0.3335374934322059,1.9719920741410384,0.0
98.10000000000001,6.576443822044208,-0.10512772730989355,7.125801397002937,-0.0025077820560155417,-0.004277196148357528,0.012154930967694853,36.20000000000002,1.4032447186034427,2210.4697015941233,369.4770612986686,2.0000000000000284,0.3335374934322059,1.9719920741410384,0.0
98.2,6.47718904334123,-0.20804301883609144,7.533353606341802,0.011067300712270647,-0.01771152351117883,0.01581514086299741,36.400000000000006,1.4032447186034427,2211.07673983217,373.06608687360523,2.0000000000000284,0.3335374934322059,1.9719920741410384,0.0
98.30000000000001,6.692682083791925,0.18377080086119685,7.4551761568976875,-0.024222779174879503,-0.003519673823160389,0.0156014381867127,36.60000000000002,1.4032447186034427,2211.6871134451508,376.6748323692833,2.0000000000000284,0.3335374934322059,1.9719920741410384,0.0
98.4,6.552988904706221,-0.03819474533611782,7.439289185592754,-0.02799513879868482,0.014713475754374762,-0.004013756798971746,36.80000000000001,1.4032447186034427,2212.300822433066,380.3032977857028,1.9999999999998863,0.3335374934321822,1.9719920741408983,0.0
98.5,6.762911122439822,0.006994829577768697,7.654352069579234,0.005060561224280809,-0.004349242715209746,-0.003935150925192802,37.0,1.4032447186034427,2212.9178667959154,383.9514831228637,2.0000000000000284,0.3335374934322059,1.9719920741410384,0.0
98.60000000000001,6.806728412776223,-0.2610161955931925,7.562592774166714,-0.009990447515548728,0.0105228366195664,0.006612995426626951,37.20000000000002,1.4032447186034427,2213.5382465336993,387.619388380766,2.0000000000000284,0.3335374934322059,1.9719920741410384,0.0
98.7,6.783669372746418,0.032298322073707905,7.202852646854181,-0.007607291633953384,0.004723893376113824,0.00666655817359844,37.400000000000006,1.4032447186034427,2214.1619616464177,391.3070135594097,2.0000000000000284,0.3335374934322059,1.9719920741410384,0.0
98.80000000000001,6.864199293364752,0.08049118445557576,7.320703927519931,-0.00696064137720634,-0.0009708260947676279,-0.018140440660001055,37.60000000000002,1.4032447186034427,2214.78901213407,395.01435865879483,2.0000000000000284,0.3335374934322059,1.9719920741410384,0.0
98.9,6.938067090412226,0.08626201045663359,7.649764400682732,-0.014806039408091689,0.010445651603552557,0.027314989110277486,37.80000000000001,1.4032447186034427,2215.419397996657,398.74142367892136,1.9999999999998863,0.3335374934321822,1.9719920741408983,0.0
99.0,6.488919054262304,0.135710269235565,7.465875702828424,-0.014444338482482444,0.0029288397185186976,0.013336032048373483,38.0,1.4032447186034427,2216.053119234178,402.4882086197893,2.0000000000000284,0.3335374934322059,1.9719920741410384,0.0
99.10000000000001,6.596881824668575,0.19488747803828343,7.21569470010695,-0.013947561464496442,-0.0006340260441124765,0.005253852779722718,38.20000000000002,1.4032447186034427,2216.690175846634,406.25471348139865,2.0000000000000284,0.3335374934322059,1.9719920741410384,0.0
99.2,6.579564784305286,0.14143916539578288,7.545343358257722,0.009581390709340162,-0.003231364353522676,0.011025802679783408,38.400000000000006,1.4032447186034427,2217.3305678340234,410.0409382637494,2.0000000000000284,0.3335374934322059,1.9719920741410384,0.0
99.30000000000001,6.620203262114402,0.32807280351298934,7.343827345607032,0.022052974294583125,-0.0016511205291059143,-0.008755108895687428,38.60000000000002,1.4032447186034427,2217.9742951963476,413.8468829668416,2.0000000000000284,0.3335374934322059,1.9719920741410384,0.0
99.4,6.892262710142068,0.03888520825924385,7.5933778258824365,0.013238559185425932,0.0013795555414502524,-0.0009224084481281461,38.80000000000001,1.4032447186034427,2218.6213579336063,417.67254759067515,1.9999999999998863,0.3335374934321822,1.9719920741408983,0.0
99.5,6.8334078142192896,0.020113326118189338,7.568587883916593,-0.020537305737914614,0.0024698171700985186,-0.0013858582514503018,39.0,1.4032447186034427,2219.271756045799,421.51793213525013,2.0000000000000284,0.3335374934322059,1.9719920741410384,0.0
99.60000000000001,6.935047253145681,0.11346310218336428,7.501687873002725,0.005863099933502216,-0.011984408528767183,0.02123256690528054,39.20000000000002,1.4032447186034427,2219.9254895329263,425.3830366005665,2.0000000000000284,0.3335374934322059,1.9719920741410384,0.0
99.7,6.985756370331437,0.07893702658223245,7.704269746411375,-0.0046914819867253385,-0.009971135662249808,0.005409247487289229,39.400000000000006,1.4032447186034427,2220.5825583949877,429.2678609866243,2.0000000000000284,0.3335374934322059,1.9719920741410384,0.0
99.80000000000001,6.752291963324087,-0.039098002186468056,7.546374439680602,0.0040638948207341406,-0.01198306775291055,0.010187930174517213,39.60000000000002,1.4032447186034427,2221.2429626319836,433.17240529342354,2.0000000000000284,0.3335374934322059,1.9719920741410384,0.0
99.9,6.816580043947006,0.045720397638558646,7.638606426614655,-0.01117403793496952,0.0026795042213185174,-0.0067028070639677485,39.80000000000001,1.4032447186034427,2221.9067022439135,437.09666952096416,1.9999999999998863,0.3335374934321822,1.9719920741408983,0.0
100.0,5.653913200049425,-0.0746396250606685,7.824400183589236,-0.004479958187411378,-0.004141503107111888,0.013371544863313843,40.0,1.4032447186034427,2222.573777230778,441.0406536692462,0.9999999999999432,0.1667687467160911,0.9859960370704491,0.0
100.10000000000001,4.906826144194143,-0.2178438560154389,8.63671938809962,-0.007370901336150396,-0.002587204271046287,0.009465365069407115,40.0,1.4032447186034427,2223.2408522176424,444.9846378175282,0.0,0.0,0.0,0.0
100.2,4.984941562760417,0.18412693212822132,8.537559682634258,-0.0076130957969710806,0.019785621739916617,0.0069433346333823325,40.0,1.4032447186034427,2223.907927204507,448.92862196581024,0.0,0.0,0.0,0.0
100.30000000000001,4.932898966006773,0.16458881345833562,8.503126853014855,0.004992281929393271,0.022921839986006866,0.0022487857174495335,40.0,1.4032447186034427,2224.5750021913714,452.87260611409226,0.0,0.0,0.0,0.0
100.4,4.90733586589739,0.03748677680186957,8.626436601462501,-0.01406534030190399,-0.021655558914765054,-0.0008711527062014758,40.0,1.4032447186034427,2225.242077178236,456.8165902623743,0.0,0.0,0.0,0.0
100.5,4.7099115561411065,-0.04372470212884576,8.541084165544738,-0.007907488635522635,-0.016268265767813424,0.00569337161715348,40.0,1.4032447186034427,2225.9091521651003,460.7605744106563,0.0,0.0,0.0,0.0
100.60000000000001,5.084381522692275,-0.2342460157774919,8.588744070871243,0.009173062037383262,0.0075408510215662795,0.017184802148716864,40.0,1.4032447186034427,2226.5762271519648,464.70455855893834,0.0,0.0,0.0,0.0
100.7,5.285302088698941,-0.03341380729285828,8.482144948137023,-0.0031643843324802553,-0.0019802315524418924,0.02032873355636312,40.0,1.4032447186034427,2227.243302138829,468.6485427072204,0.0,0.0,0.0,0.0
100.80000000000001,4.753247827410399,-0.10915745082483631,8.672286351601029,0.011200365069020897,-0.00563131646817078,0.013544020011207199,40.0,1.4032447186034427,2227.9103771256937,472.5925268555024,0.0,0.0,0.0,0.0
100.9,5.006182376373804,0.24504119135014818,8.47688565019936,0.011256321138725822,0.024420119104926204,0.010980991550474663,40.0,1.4032447186034427,2228.577452112558,476.5365110037844,0.0,0.0,0.0,0.0
101.0,4.962399224869226,0.1283670477831469,8.410917082394763,0.024879677055247323,-0.00019928962304018526,0.002270666797744871,40.0,1.4032447186034427,2229.2445270994226,480.48049515206645,0.0,0.0,0.0,0.0
101.10000000000001,4.829646649246993,0.18458302874096574,8.595787323049507,-0.0039735437141409325,0.003764513451224227,-0.010085559682128563,40.0,1.4032447186034427,2229.911602086287,484.4244793003485,0.0,0.0,0.0,0.0
101.2,4.982745586260973,0.08791345281150417,8.721808682559228,-0.0067081880272868944,-0.014783526288023244,-0.003954279609250418,40.0,1.4032447186034427,2230.5786770731515,488.3684634486305,0.0,0.0,0.0,0.0
101.30000000000001,4.754514724952761,0.22049860366384744,8.69800510537895,0.004202165779488289,0.010212949456851481,0.006339583805802353,40.0,1.4032447186034427,2231.245752060016,492.31244759691253,0.0,0.0,0.0,0.0
101.4,4.940733252844884,-0.029955642858064246,8.41915056241871,-0.014478015563090314,0.0006425476360733908,0.0045966608978595625,40.0,1.4032447186034427,2231.9128270468805,496.25643174519456,0.0,0.0,0.0,0.0
101.5,5.066804108611681,0.03402852446579145,8.441303655889982,-0.007711930300076307,-0.001278467631782387,0.01238237230816162,40.0,1.4032447186034427,2232.579902033745,500.2004158934766,0.0,0.0,0.0,0.0
101.60000000000001,4.78349915133742,0.033121063052110884,8.500665653854767,-0.006180647836182643,-0.007878563049080002,0.007306108487662145,40.0,1.4032447186034427,2233.2469770206094,504.1444000417586,0.0,0.0,0.0,0.0
101.7,4.784986847256106,0.07248855728740888,8.331406055076465,0.011628536930332164,0.021378277453883,-0.003607568017018197,40.0,1.4032447186034427,2233.914052007474,508.08838419004064,0.0,0.0,0.0,0.0
101.80000000000001,5.035131179356201,-0.08901128573230288,8.621852337195014,-0.01165258409085215,0.0028058675842771268,-0.0037298896688935266,40.0,1.4032447186034427,2234.5811269943383,512.0323683383226,0.0,0.0,0.0,0.0
101.9,4.923952311635244,-0.13465379127209606,8.589061781759709,-0.007369803544395869,0.0035196425933182755,0.0015590197173766707,40.0,1.4032447186034427,2235.248201981203,515.9763524866046,0.0,0.0,0.0,0.0
102.0,4.93782914423017,0.04216338611001928,8.351435510376518,0.003103671135408869,0.013303345643544112,-0.0027809478583271426,40.0,1.4032447186034427,2235.9152769680672,519.9203366348866,0.0,0.0,0.0,0.0
102.10000000000001,5.130771521491076,0.24471464502316762,8.343285962771139,-0.01355054605090552,0.0010196090017176467,-0.00047407522766873024,40.0,1.4032447186034427,2236.5823519549317,523.8643207831685,0.0,0.0,0.0,0.0
102.2,5.23529048287445,0.02522113107497483,8.345379299920069,-0.010471595110117114,0.008899049590908302,-0.000711839740841865,40.0,1.4032447186034427,2237.249426941796,527.8083049314505,0.0,0.0,0.0,0.0
102.30000000000001,4.961574319919063,0.16337041176687211,8.393070458335721,0.0005407117125983936,-0.0021656840982252007,0.011833245115160918,40.0,1.4032447186034427,2237.9165019286606,531.7522890797325,0.0,0.0,0.0,0.0
102.4,5.0436116503265485,-0.013017059688224277,8.475256570349822,-0.002717790115234884,-0.016776124069194445,0.0075760085739812934,40.0,1.4032447186034427,2238.583576915525,535.6962732280144,0.0,0.0,0.0,0.0
102.5,5.23882876412496,-0.1125578711036594,8.34975475468494,-0.007707277716437414,0.005245917787231226,0.009484854541964401,40.0,1.4032447186034427,2239.2506519023896,539.6402573762964,0.0,0.0,0.0,0.0
102.60000000000001,4.931219346137531,-0.11770285924584474,8.479565729871334,-0.014646221273358042,-0.0005657343314250678,0.013715243860879342,40.0,1.4032447186034427,2239.917726889254,543.5842415245784,0.0,0.0,0.0,0.0
102.7,4.767320129504948,-0.20987774152444955,8.702624894879573,-0.005117596395045849,0.00935947845943822,0.003460023348021683,40.0,1.4032447186034427,2240.5848018761185,547.5282256728603,0.0,0.0,0.0,0.0
102.80000000000001,4.9307067774588,0.08576190492449678,8.33310938261338,0.0023249714349564557,-0.0058148941482409275,-0.008204934434050314,40.0,1.4032447186034427,2241.251876862983,551.4722098211423,0.0,0.0,0.0,0.0
102.9,5.005622311208959,-0.01949617103168742,8.442155486858638,-0.011101609434141579,0.01391400367762804,0.01376714186386116,40.0,1.4032447186034427,2241.9189518498474,555.4161939694243,0.0,0.0,0.0,0.0
103.0,5.099623382625796,-0.025816705366252298,8.206331777699832,0.02052917382489511,-0.0026109750800586817,-0.0024879979602005376,40.0,1.4032447186034427,2242.586026836712,559.3601781177063,0.0,0.0,0.0,0.0
103.10000000000001,5.017520236172467,0.1950681182004946,8.462251627712526,0.013785751679393745,0.008829999385168685,-0.005763811874020583,40.0,1.4032447186034427,2243.2531018235763,563.3041622659882,0.0,0.0,0.0,0.0
103.2,4.853931484151078,0.1636305744919651,8.058817326553779,-0.0004945569316498878,-0.016308312016246718,0.000234461985664753,40.0,1.4032447186034427,2243.920176810441,567.2481464142702,0.0,0.0,0.0,0.0
103.30000000000001,4.910176986645618,-0.03373665668612619,8.382870023308454,-0.00997143649628814,0.020919112668186864,0.023674620041613508,40.0,1.4032447186034427,2244.5872517973053,571.1921305625522,0.0,0.0,0.0,0.0
103.4,4.780690126961557,0.2573175126955351,8.405789387554417,0.0022918747333171047,-0.002632739598969159,-0.0015974864125396582,40.0,1.4032447186034427,2245.2543267841697,575.1361147108341,0.0,0.0,0.0,0.0
103.5,5.1025778515409215,0.03888297958649867,8.394226497642459,-0.012045894438004728,-0.010935950137191204,-0.011413801156020968,40.0,1.4032447186034427,2245.921401771034,579.0800988591161,0.0,0.0,0.0,0.0
103.60000000000001,4.956833532262275,-0.1594998388426594,8.425875134247564,0.01470101853610371,0.009992995729215857,0.004677231058973822,40.0,1.4032447186034427,2246.5884767578987,583.0240830073981,0.0,0.0,0.0,0.0
103.7,4.941937291078527,0.3019811824131512,8.543822629179152,-0.002278064598765229,-0.01626018117120452,0.008938732181647433,40.0,1.4032447186034427,2247.255551744763,586.96806715568,0.0,0.0,0.0,0.0
103.80000000000001,5.079398565887429,-0.07474772867704658,8.50938962439605,-0.002635732949150291,-0.003840323991990027,-0.01987822057562331,40.0,1.4032447186034427,2247.9226267316276,590.912051303962,0.0,0.0,0.0,0.0
103.9,4.921732789442579,0.16540539536120813,8.37099882779036,0.0015252636821531627,-0.009559507066919205,0.00860441676292773,40.0,1.4032447186034427,2248.589701718492,594.856035452244,0.0,0.0,0.0,0.0
104.0,4.922521520369573,-0.12088623110230103,8.665591931275115,0.01028932013532215,-0.008049067639281749,0.009977883094177773,40.0,1.4032447186034427,2249.2567767053565,598.800019600526,0.0,0.0,0.0,0.0
104.10000000000001,5.035611800423056,0.11634518525167639,8.211570826726083,0.01106606541032628,-0.007696989629257314,0.001421720665587331,40.0,1.4032447186034427,2249.923851692221,602.7440037488079,0.0,0.0,0.0,0.0
104.2,5.35068226283903,0.06528100710815177,8.407760839808269,-0.02105294372755906,0.011897641339463557,-0.008452096708086027,40.0,1.4032447186034427,2250.5909266790854,606.6879878970899,0.0,0.0,0.0,0.0
104.30000000000001,4.804484164475074,-0.02970284486317738,8.67817097988039,0.008732399866657591,-0.0035783750984025994,0.00808292063638821,40.0,1.4032447186034427,2251.25800166595,610.6319720453719,0.0,0.0,0.0,0.0
104.4,4.864942146069334,0.04094805343480262,8.476709722842065,0.010687698956813534,0.007671781224389496,0.009939773822056448,40.0,1.4032447186034427,2251.9250766528144,614.5759561936538,0.0,0.0,0.0,0.0
104.5,4.900647866368084,0.131273344158519,8.451913941194888,-0.00981914368713133,-0.0060328779191093865,0.0058452698378432455,40.0,1.4032447186034427,2252.592151639679,618.5199403419358,0.0,0.0,0.0,0.0
104.60000000000001,5.091532367549711,-0.007529225823572957,8.284329404439404,0.0015674168329681943,-0.0008654395994344762,0.0068583762890275304,40.0,1.4032447186034427,2253.2592266265433,622.4639244902178,0.0,0.0,0.0,0.0
104.7,5.092980727393163,0.17283848601348475,8.376577580268096,-0.005161434580489435,-0.012401987109554731,0.011988156702804762,40.0,1.4032447186034427,2253.9263016134078,626.4079086384997,0.0,0.0,0.0,0.0
104.80000000000001,5.172323016250656,-0.027262289186338513,8.429494626416597,0.01566782556898976,0.0030555785321500772,0.00936235704801055,40.0,1.4032447186034427,2254.593376600272,630.3518927867817,0.0,0.0,0.0,0.0
104.9,4.7763625241039405,0.12180921039191285,8.32633876004888,-0.010340201859349581,-0.005467715767667122,-0.0008579272344869018,40.0,1.4032447186034427,2255.2604515871367,634.2958769350637,0.0,0.0,0.0,0.0
105.0,4.921760045842244,-0.1961472451787378,8.609531657095497,0.01227686294516429,-0.02147342474140814,0.014784578056665502,40.0,1.4032447186034427,2255.927526574001,638.2398610833457,0.0,0.0,0.0,0.0
105.10000000000001,4.8334207055267555,0.1485463305474179,8.455442237225382,0.0012877556408099858,-0.003850976494212187,0.01712129204233486,40.0,1.4032447186034427,2256.5946015608656,642.1838452316276,0.0,0.0,0.0,0.0
105.2,4.769061798121245,0.11117605081025128,8.630908735858778,0.008163400805404106,0.021246989143234175,-0.0002894676272469886,40.0,1.4032447186034427,2257.26167654773,646.1278293799096,0.0,0.0,0.0,0.0
105.30000000000001,5.098595723389029,0.004086404698786954,8.650720122578246,0.0009231100427863053,-0.005878757818624696,0.018060722038716292,40.0,1.4032447186034427,2257.9287515345945,650.0718135281916,0.0,0.0,0.0,0.0
105.4,4.88126570914716,-0.19190886383508343,8.38818217864927,0.007190329465885325,0.011920387515870913,0.006111293752965121,40.0,1.4032447186034427,2258.595826521459,654.0157976764735,0.0,0.0,0.0,0.0
105.5,5.152729560085103,-0.18372623822163903,8.39921969140266,-0.0018857511715410116,-0.0031455942747251964,0.005840943882501965,40.0,1.4032447186034427,2259.2629015083235,657.9597818247555,0.0,0.0,0.0,0.0
105.60000000000001,5.058636643608828,-0.04672102572557353,8.486563514168314,0.0005487710967594834,-0.011258899038911498,0.0038633331091856462,40.0,1.4032447186034427,2259.929976495188,661.9037659730375,0.0,0.0,0.0,0.0
105.7,4.9334510705154315,-0.004762084750456915,8.470473129612563,0.0017567354061338615,-0.006322951791073303,0.01772714733971265,40.0,1.4032447186034427,2260.5970514820524,665.8477501213195,0.0,0.0,0.0,0.0
105.80000000000001,4.779577905619547,-0.08814551627048443,8.882703754758879,-0.009379913549892299,-0.015537546747097586,0.01234476745001218,40.0,1.4032447186034427,2261.264126468917,669.7917342696014,0.0,0.0,0.0,0.0
105.9,4.6434320219339185,-0.015291086495865833,8.787582949886819,-0.014449359221534005,-0.021819644857387133,-0.009991812019576982,40.0,1.4032447186034427,2261.9312014557813,673.7357184178834,0.0,0.0,0.0,0.0
106.0,5.089753935252047,0.18871650799787187,8.388820891578568,0.007832124040010689,0.011902553275119895,0.022873464144298257,40.0,1.4032447186034427,2262.598276442646,677.6797025661654,0.0,0.0,0.0,0.0
106.10000000000001,4.918049707823022,-0.325220757650498,8.342577372763893,-0.003268041949352576,-0.004589387965783906,0.003121405989912805,40.0,1.4032447186034427,2263.2653514295102,681.6236867144473,0.0,0.0,0.0,0.0
106.2,5.122834189689599,0.2111642640031372,8.439958163036628,0.011984848760518186,0.0015766136663108938,0.005645059728625717,40.0,1.4032447186034427,2263.9324264163747,685.5676708627293,0.0,0.0,0.0,0.0
106.30000000000001,5.090981623566494,0.030837807235687374,8.77438088769001,-0.013384111667945592,-0.007151708990920177,0.003734811030460497,40.0,1.4032447186034427,2264.599501403239,689.5116550110113,0.0,0.0,0.0,0.0
106.4,5.020917903568698,0.21019407306546334,8.462049426039922,-0.013222296495062073,0.006425138964550043,0.012549587661419646,40.0,1.4032447186034427,2265.2665763901036,693.4556391592932,0.0,0.0,0.0,0.0
106.5,4.663721201093089,0.019429379949380092,8.2271879365233,-0.005646510975020625,-0.011028089269627998,0.013092646982419857,40.0,1.4032447186034427,2265.933651376968,697.3996233075752,0.0,0.0,0.0,0.0
106.60000000000001,4.972524526125826,-0.17283865011340416,8.597719105568947,-0.013338058239284144,0.0013011379047094362,-0.0031401066929155575,40.0,1.4032447186034427,2266.6007263638326,701.3436074558572,0.0,0.0,0.0,0.0
106.7,4.900148437620421,0.0956406122057576,8.543926620984275,0.014369690735559604,-0.0028225369967145317,0.008064508629633406,40.0,1.4032447186034427,2267.267801350697,705.2875916041392,0.0,0.0,0.0,0.0
106.80000000000001,4.889339401639351,0.04729848239341965,8.531632118326621,1.6901525456239873e-05,-0.020037504840924966,0.008314708963308954,40.0,1.4032447186034427,2267.9348763375615,709.2315757524211,0.0,0.0,0.0,0.0
106.9,5.009684221603318,-0.08202602145219262,8.273051155714468,0.015758791505039654,0.0029144551089440203,0.002709189690782903,40.0,1.4032447186034427,2268.601951324426,713.1755599007031,0.0,0.0,0.0,0.0
107.0,4.7844450675278765,-0.10327222426320187,8.66109777064328,0.002376619408680461,-0.007505870670007066,0.010096892312246562,40.0,1.4032447186034427,2269.2690263112904,717.1195440489851,0.0,0.0,0.0,0.0
107.10000000000001,4.83284027188305,0.24512645454205673,8.668629291359855,-0.0036657407120277664,-0.008286702470308605,-0.021181331986922798,40.0,1.4032447186034427,2269.936101298155,721.063528197267,0.0,0.0,0.0,0.0
107.2,4.732762884267294,-0.18092046624366342,8.485987762273453,-0.0022623370444135957,-0.015453354874152414,0.0021883595753544273,40.0,1.4032447186034427,2270.6031762850193,725.007512345549,0.0,0.0,0.0,0.0
107.30000000000001,5.030800572147101,0.09917590248733807,8.180758668996512,-0.0002826348048383081,-0.015833407769716104,0.01401728697140274,40.0,1.4032447186034427,2271.270251271884,728.951496493831,0.0,0.0,0.0,0.0
107.4,5.072621962453024,-0.11470408394866875,8.350802430765285,-0.003612670504983073,-0.02452793394731339,0.008359681734405766,40.0,1.4032447186034427,2271.9373262587483,732.895480642113,0.0,0.0,0.0,0.0
107.5,4.914073318048979,0.16552626238517884,8.300947828430962,-0.005191229482499317,-0.017065252580391155,-0.005042905634942532,40.0,1.4032447186034427,2272.6044012456127,736.8394647903949,0.0,0.0,0.0,0.0
107.60000000000001,4.777702700589766,0.16939605182696685,8.360969933812637,0.0022417568474461342,-0.0058076340386180435,-0.00769465266012813,40.0,1.4032447186034427,2273.271476232477,740.7834489386769,0.0,0.0,0.0,0.0
107.7,4.929754936524253,0.1098654997795392,8.284545302243842,0.009091127907313788,-0.010497209214776964,0.00017016073927159266,40.0,1.4032447186034427,2273.9385512193417,744.7274330869589,0.0,0.0,0.0,0.0
107.80000000000001,5.0346024684515065,-0.0795154235829232,8.471345440025726,-0.0021469082878809247,-0.000706319932961815,-0.018807391055234973,40.0,1.4032447186034427,2274.605626206206,748.6714172352408,0.0,0.0,0.0,0.0
107.9,4.680547727718786,0.11239505090702573,8.621286421972703,-0.008104867035315214,-0.004440283521711344,0.007947192529023015,40.0,1.4032447186034427,2275.2727011930706,752.6154013835228,0.0,0.0,0.0,0.0
108.0,5.0589826402488045,-0.2841515907506273,8.332803174078588,-0.00232579379849875,0.005031401972360493,0.02998430483721495,40.0,1.4032447186034427,2275.939776179935,756.5593855318048,0.0,0.0,0.0,0.0
108.10000000000001,4.920799140978541,-0.19104661931559833,8.52604942270554,0.014209957895407101,-0.0009198587902049908,-0.004066485451542929,40.0,1.4032447186034427,2276.6068511667995,760.5033696800867,0.0,0.0,0.0,0.0
108.2,5.098699091222002,0.11953184277476525,8.311797084496002,0.00481425617534342,0.007972655676588726,0.016818900425588937,40.0,1.4032447186034427,2277.273926153664,764.4473538283687,0.0,0.0,0.0,0.0
108.30000000000001,4.9450326537035805,-0.03371191692689783,8.649800284437534,-0.01110160502980885,0.002385792909210054,-0.008700266273644293,40.0,1.4032447186034427,2277.9410011405284,768.3913379766507,0.0,0.0,0.0,0.0
108.4,5.114806440838939,-0.018706827341674222,8.655996696472466,0.00591412756355527,-0.0142322023006193,0.019246277320772436,40.0,1.4032447186034427,2278.608076127393,772.3353221249326,0.0,0.0,0.0,0.0
108.5,5.187686789964158,0.15234297388988233,8.351471031369913,-0.0020601395435740884,-0.000545727825942406,-0.002037103993314333,40.0,1.4032447186034427,2279.2751511142574,776.2793062732146,0.0,0.0,0.0,0.0
108.60000000000001,5.2088519858694795,0.04164897075890552,8.060207004059242,0.0043935581275622035,-0.005481573968173132,0.004250734438815521,40.0,1.4032447186034427,2279.942226101122,780.2232904214966,0.0,0.0,0.0,0.0
108.7,4.899707095132144,0.14105696249100308,8.633662377908353,0.0038305316225865373,-0.005393111871381591,0.004586627951908297,40.0,1.4032447186034427,2280.6093010879863,784.1672745697786,0.0,0.0,0.0,0.0
108.80000000000001,4.957939942486643,-0.10036450597972552,8.55254850841103,0.005600423238604662,0.013404412397766734,0.01755349780288475,40.0,1.4032447186034427,2281.2763760748508,788.1112587180605,0.0,0.0,0.0,0.0
108.9,4.852148762361479,0.14304475617634468,8.323066203661174,0.007959321009408497,-0.007166141987601078,-0.005232532233755845,40.0,1.4032447186034427,2281.943451061715,792.0552428663425,0.0,0.0,0.0,0.0
109.0,4.99700680140461,-0.38118506922312106,8.20306287496456,-0.0007749188377428318,-0.0011755823336515754,0.0013068122984181115,40.0,1.4032447186034427,2282.6105260485797,795.9992270146245,0.0,0.0,0.0,0.0
109.10000000000001,4.71808455519236,-0.10268377632077581,8.524390610210954,0.006817817706283626,-0.0021622311759594125,0.016568337810369888,40.0,1.4032447186034427,2283.277601035444,799.9432111629064,0.0,0.0,0.0,0.0
109.2,5.014609553518884,-0.09211834809373183,8.423633903113602,-0.013028661572078548,-0.003081389903914168,0.016121006192213384,40.0,1.4032447186034427,2283.9446760223086,803.8871953111884,0.0,0.0,0.0,0.0
109.30000000000001,5.0577935127066445,0.23030139888786827,8.420276424555496,0.014460997945142579,-0.003933042264479699,0.01971585082569894,40.0,1.4032447186034427,2284.611751009173,807.8311794594704,0.0,0.0,0.0,0.0
109.4,4.951721487883681,0.1260847060706415,8.686976065771823,-0.000934276285812056,0.00018388987544174168,0.017888634252063024,40.0,1.4032447186034427,2285.2788259960375,811.7751636077523,0.0,0.0,0.0,0.0
109.5,4.93504952541049,-0.17813384237592417,8.787160269313082,-0.0036976446433713683,-0.0004124394906245717,0.01656006669451127,40.0,1.4032447186034427,2285.945900982902,815.7191477560343,0.0,0.0,0.0,0.0
109.60000000000001,4.863725914440319,-0.13118018698331954,8.50376980564157,-0.016930763979123895,-0.004879060768679203,0.007450386643154059,40.0,1.4032447186034427,2286.6129759697665,819.6631319043163,0.0,0.0,0.0,0.0
109.7,4.914507215476225,-0.21151764147786206,8.704835904555948,0.002035381539491754,0.012311521177617411,0.0023996374981955526,40.0,1.4032447186034427,2287.280050956631,823.6071160525983,0.0,0.0,0.0,0.0
109.80000000000001,4.822998202746384,0.06037713803827398,8.433341142176111,-0.01077761457991358,0.012697842587874956,-0.0012227022289399607,40.0,1.4032447186034427,2287.9471259434954,827.5511002008802,0.0,0.0,0.0,0.0
109.9,4.678960042280664,0.2192249080935999,8.390064508753452,-0.005078238926156243,-0.019653875870299743,0.02240941486596991,40.0,1.4032447186034427,2288.61420093036,831.4950843491622,0.0,0.0,0.0,0.0
110.0,4.761577911918546,0.028767422105847484,8.602602259506412,0.00521716933003097,-0.002596543119921916,-0.012016658582874162,40.0,1.4032447186034427,2289.2812759172243,835.4390684974442,0.0,0.0,0.0,0.0
110.10000000000001,4.833541274634906,0.0481700507063783,8.347633100627295,0.0030335945999876773,0.004817434088151417,0.014625028858001016,40.0,1.4032447186034427,2289.948350904089,839.3830526457261,0.0,0.0,0.0,0.0
110.2,4.771073096328097,0.34949690824684315,8.580831112808465,0.0009828584633093604,0.008895365830766406,0.028654077719999737,40.0,1.4032447186034427,2290.6154258909532,843.3270367940081,0.0,0.0,0.0,0.0
110.30000000000001,4.739191984841469,-0.01378939637370304,8.108944462144345,0.0029265153264802467,0.0016539424192514077,0.004608378845572406,40.0,1.4032447186034427,2291.2825008778177,847.2710209422901,0.0,0.0,0.0,0.0
110.4,4.856819964350253,-0.28742717742824875,8.52173926363711,0.015554344839153252,-0.007910184557334322,0.009400599290231449,40.0,1.4032447186034427,2291.949575864682,851.215005090572,0.0,0.0,0.0,0.0
110.5,4.719778352986991,0.08858195955387708,8.406701866463646,-0.006624179506029144,-0.009603636412161306,0.0010638841796699007,40.0,1.4032447186034427,2292.6166508515466,855.158989238854,0.0,0.0,0.0,0.0
110.60000000000001,5.012364997353879,-0.17682448017932767,8.406141911390167,0.0005852822200085233,-0.012990392245318592,0.02296665201675017,40.0,1.4032447186034427,2293.283725838411,859.102973387136,0.0,0.0,0.0,0.0
110.7,4.826975677990798,-0.08041553704502356,8.31896301865197,0.018984800871381175,0.003529052285994816,-0.004365920062436422,40.0,1.4032447186034427,2293.9508008252756,863.046957535418,0.0,0.0,0.0,0.0
110.80000000000001,5.120934733828994,0.05010480414333174,8.50429722429207,-0.002444772087524527,-0.009494159869569734,0.008377660990546014,40.0,1.4032447186034427,2294.61787581214,866.9909416836999,0.0,0.0,0.0,0.0
110.9,4.8732369155006605,0.2925133444362657,8.275315545338879,0.016361567728549454,-0.003113188487978007,0.00799085734021106,40.0,1.4032447186034427,2295.2849507990045,870.9349258319819,0.0,0.0,0.0,0.0
111.0,5.079973664994414,-0.07453739425066544,8.59534646883014,-0.026075438553811774,-0.00919989533221939,-0.004240628073410653,40.0,1.4032447186034427,2295.952025785869,874.8789099802639,0.0,0.0,0.0,0.0
111.10000000000001,4.766974098144235,-0.012243225711842668,8.5235717063526,0.008026599984993058,0.00040876757200407603,-0.0016569346489354684,40.0,1.4032447186034427,2296.6191007727334,878.8228941285458,0.0,0.0,0.0,0.0
111.2,5.010352465673774,0.0386428542276276,8.606117636315748,0.008769367029315167,-0.0016952358607937113,-0.0039725300616125685,40.0,1.4032447186034427,2297.286175759598,882.7668782768278,0.0,0.0,0.0,0.0
111.30000000000001,4.8570574766251875,-0.06246840394570499,8.418419261037906,0.003680504275897533,0.005151743901280584,0.004488813069846224,40.0,1.4032447186034427,2297.9532507464623,886.7108624251098,0.0,0.0,0.0,0.0
111.4,4.95741871818507,0.041495945750000554,8.388323414155494,-0.00825392257642956,-0.0195543789731071,-0.0019514935807687242,40.0,1.4032447186034427,2298.620325733327,890.6548465733918,0.0,0.0,0.0,0.0
111.5,5.025971817990167,-0.08543671570593511,8.430038155511454,0.005664312874123169,0.0032068949642266873,-0.00579532852166039,40.0,1.4032447186034427,2299.2874007201913,894.5988307216737,0.0,0.0,0.0,0.0
111.60000000000001,5.104558903468045,0.1891025134033228,8.29623173254256,-0.007238368696411541,0.009910906831461916,0.003531464787446991,40.0,1.4032447186034427,2299.9544757070557,898.5428148699557,0.0,0.0,0.0,0.0
111.7,4.622033307882221,-0.18995222570990294,8.428303767349473,-0.01063042650284602,-0.006134237706364414,0.005323962136835787,40.0,1.4032447186034427,2300.62155069392,902.4867990182377,0.0,0.0,0.0,0.0
111.80000000000001,5.174338190605209,-0.023568087434168352,8.626590481061259,0.015287601620367706,0.012343096693520761,0.007847545933855683,40.0,1.4032447186034427,2301.2886256807847,906.4307831665196,0.0,0.0,0.0,0.0
111.9,4.660506627824153,0.0891237298105798,8.622969194297376,0.00018932894564582868,0.015445838700752485,0.013598335614674578,40.0,1.4032447186034427,2301.955700667649,910.3747673148016,0.0,0.0,0.0,0.0
112.0,5.040241006572916,0.18295710668087567,8.515714688814477,-0.023928104993953536,-0.006991389514703656,0.016971680272478536,40.0,1.4032447186034427,2302.6227756545136,914.3187514630836,0.0,0.0,0.0,0.0
112.10000000000001,4.833861298985255,-0.013520875785540874,8.308983764039885,0.01883922595201769,0.014814924574180153,-0.003838688951407294,40.0,1.4032447186034427,2303.289850641378,918.2627356113655,0.0,0.0,0.0,0.0
112.2,4.977094700058362,-0.08207410716460714,8.557950906980052,0.0060968307724232895,0.006117055716132655,0.008319184477078873,40.0,1.4032447186034427,2303.9569256282425,922.2067197596475,0.0,0.0,0.0,0.0
112.30000000000001,5.395310930958269,-0.13418856475161084,8.209118707959869,-0.0029309020070146154,-0.017679882655602677,-0.009924622700059928,40.0,1.4032447186034427,2304.624000615107,926.1507039079295,0.0,0.0,0.0,0.0
112.4,4.804802801870304,-0.1183283358147441,8.322516495832836,0.006182189504454116,-0.007061890610853361,0.0032048542512751986,40.0,1.4032447186034427,2305.2910756019714,930.0946880562115,0.0,0.0,0.0,0.0
112.5,5.08913491617514,-0.09494837871721393,8.426027326319637,0.004657599860929155,-0.021415678006202213,-0.018849055089505823,40.0,1.4032447186034427,2305.958150588836,934.0386722044934,0.0,0.0,0.0,0.0
112.60000000000001,5.0069175993196575,0.09380214208503479,8.775342231353207,0.0025809487586680993,0.006197397172580948,0.0030452735641402617,40.0,1.4032447186034427,2306.6252255757004,937.9826563527754,0.0,0.0,0.0,0.0
112.7,4.999584083237762,0.2700885262624301,8.1471102884065,0.0051361625757168055,0.019355867300773662,0.007820342192093425,40.0,1.4032447186034427,2307.292300562565,941.9266405010574,0.0,0.0,0.0,0.0
112.80000000000001,5.202585944484927,-0.07438182242941635,8.460902087000788,0.0013352470238858754,-0.02417591079358771,-0.006681778278502003,40.0,1.4032447186034427,2307.9593755494293,945.8706246493393,0.0,0.0,0.0,0.0
112.9,4.790468738092401,0.1433099117048791,8.596532176977954,0.004240364427065333,0.006241028968557058,0.003358505872782261,40.0,1.4032447186034427,2308.6264505362938,949.8146087976213,0.0,0.0,0.0,0.0
113.0,5.135289750430931,0.021318266394810773,8.474388818239358,-0.0016559263326241139,0.004844504776364279,0.0007880118338708681,40.0,1.4032447186034427,2309.293525523158,953.7585929459033,0.0,0.0,0.0,0.0
113.10000000000001,5.101464706579709,-0.14982237110740101,8.300871772916116,0.007874267551265041,-0.002885442145830127,0.0004610858384687163,40.0,1.4032447186034427,2309.9606005100227,957.7025770941852,0.0,0.0,0.0,0.0
113.2,5.0885086598713185,-0.07108921211291266,8.43567902298029,0.014992279500711594,0.013391423458106504,0.02072398210270327,40.0,1.4032447186034427,2310.627675496887,961.6465612424672,0.0,0.0,0.0,0.0
113.30000000000001,4.9126811334599125,0.2046054357476705,8.323366286960043,-0.00806902874722061,-0.025504558526243615,0.021728682018985302,40.0,1.4032447186034427,2311.2947504837516,965.5905453907492,0.0,0.0,0.0,0.0
113.4,4.825403022638588,0.001020113037941004,8.329160559836103,0.007951652483301406,-0.005756336607173402,-0.008048168904329495,40.0,1.4032447186034427,2311.961825470616,969.5345295390312,0.0,0.0,0.0,0.0
113.5,5.021249384627908,-0.19505950372153427,8.340098352328022,-0.020068891146260807,-0.01623958112197607,0.006785291697204779,40.0,1.4032447186034427,2312.6289004574805,973.4785136873131,0.0,0.0,0.0,0.0
113.60000000000001,4.6603195942845606,-0.20217185869325735,8.465353873705425,-0.004436068960930526,0.01792036635959309,0.023338965460243756,40.0,1.4032447186034427,2313.295975444345,977.4224978355951,0.0,0.0,0.0,0.0
113.7,4.824811630587326,0.10357064276052227,8.578101594657262,-0.004974788580244034,-0.01695541536498204,0.004877015506919424,40.0,1.4032447186034427,2313.9630504312095,981.3664819838771,0.0,0.0,0.0,0.0
113.80000000000001,4.929073148777882,-0.04536467454559287,8.532056741350019,-0.006507296070055988,-0.01351997547579143,0.0060908297034983185,40.0,1.4032447186034427,2314.630125418074,985.310466132159,0.0,0.0,0.0,0.0
113.9,5.01289551388533,-0.15649674158500795,8.604922802774007,-0.01670481137776078,-0.007781134587156434,0.00241991463802391,40.0,1.4032447186034427,2315.2972004049384,989.254450280441,0.0,0.0,0.0,0.0
114.0,4.85956644310221,-0.06475907103267886,8.746370383471563,-0.007508840890388987,0.022412217224719137,0.009371267797310519,40.0,1.4032447186034427,2315.964275391803,993.198434428723,0.0,0.0,0.0,0.0
114.10000000000001,4.968808270596798,0.09143605300814989,8.845198373513139,-0.00893593003931448,-0.013204179189363893,-0.00254866196571921,40.0,1.4032447186034427,2316.6313503786673,997.142418577005,0.0,0.0,0.0,0.0
114.2,4.959821472044683,-0.238865668721886,8.469060097023137,0.017935471334136723,-0.0004859260937522243,0.002073145410247231,40.0,1.4032447186034427,2317.298425365532,1001.0864027252869,0.0,0.0,0.0,0.0
114.30000000000001,4.862275932697455,0.15477675568273466,8.341834295139638,0.01946395920599248,0.017333597477143574,0.007567507986617875,40.0,1.4032447186034427,2317.9655003523962,1005.0303868735689,0.0,0.0,0.0,0.0
114.4,4.953272736788502,0.1745989712362339,8.629928986459444,-0.007059917310594154,-0.00726555133136702,-0.008223474346832956,40.0,1.4032447186034427,2318.6325753392607,1008.9743710218509,0.0,0.0,0.0,0.0
114.5,5.016359740750108,0.11999418251853361,8.263220365446154,-0.0035519890481615912,-0.015472539175813493,-0.003987998102438376,40.0,1.4032447186034427,2319.299650326125,1012.9183551701328,0.0,0.0,0.0,0.0
114.60000000000001,5.037652559033944,-0.0900223100017419,8.4205853177205,-0.015273117279473156,-0.00013009790275335712,0.004557266801553512,40.0,1.4032447186034427,2319.9667253129896,1016.8623393184148,0.0,0.0,0.0,0.0
114.7,4.845656112495025,-0.008352144652371121,8.492753443200861,-0.007148681489093441,-0.016762625440017796,0.023055744326868154,40.0,1.4032447186034427,2320.633800299854,1020.8063234666968,0.0,0.0,0.0,0.0
114.80000000000001,4.860009094293458,0.005485984521966603,8.617335171378393,0.03629055187570484,-0.014444864498888658,0.009498272137265099,40.0,1.4032447186034427,2321.3008752867186,1024.7503076149787,0.0,0.0,0.0,0.0
114.9,4.848867157205883,-0.06081854568650662,8.357677407974327,-0.01025654967800585,-0.0024129136178466146,-0.009745026870482357,40.0,1.4032447186034427,2321.967950273583,1028.6942917632607,0.0,0.0,0.0,0.0
115.0,5.09702113497678,0.028250440405006193,8.529074457060561,-0.003661886119462229,-0.005672039342117483,0.00787563905167328,40.0,1.4032447186034427,2322.6350252604475,1032.6382759115427,0.0,0.0,0.0,0.0
115.10000000000001,4.780392405139126,-0.03369856516200037,8.336767184043577,-0.007905688105910143,-0.023098382406256418,0.018393265894799997,40.0,1.4032447186034427,2323.302100247312,1036.5822600598246,0.0,0.0,0.0,0.0
115.2,4.852019187026934,0.1945064082745325,8.62602805933449,-0.011859997065164937,-0.012884112356728457,0.03060502959355684,40.0,1.4032447186034427,2323.9691752341764,1040.5262442081066,0.0,0.0,0.0,0.0
115.30000000000001,5.217638891289071,0.015272223000784377,8.504315177087948,-0.005308464029471887,0.002323527142003399,-0.002171819007224715,40.0,1.4032447186034427,2324.636250221041,1044.4702283563886,0.0,0.0,0.0,0.0
115.4,4.650146935355242,-0.17823336797665765,8.468873123302933,-0.010310672355025877,-0.0026727746491353455,-0.005746610394328631,40.0,1.4032447186034427,2325.3033252079053,1048.4142125046706,0.0,0.0,0.0,0.0
115.5,4.8376469116247005,0.14797479596197874,8.502831293271361,0.0009033557868665281,0.006789639730706513,0.009806085933473475,40.0,1.4032447186034427,2325.97040019477,1052.3581966529525,0.0,0.0,0.0,0.0
115.60000000000001,5.171984493687704,-0.048978889347271015,8.401263964346219,-0.012011092663913453,-0.006289807173724197,0.014647698943024458,40.0,1.4032447186034427,2326.6374751816343,1056.3021808012345,0.0,0.0,0.0,0.0
115.7,5.14999810583932,0.16404577521300018,8.19658043114293,0.011831452126607345,-0.02038518623272071,0.013981173241223475,40.0,1.4032447186034427,2327.3045501684987,1060.2461649495165,0.0,0.0,0.0,0.0
115.80000000000001,4.899832321014341,0.12537999709007835,8.26584195894116,0.012711676327061466,-0.01664974746104889,-0.001684549108531777,40.0,1.4032447186034427,2327.971625155363,1064.1901490977984,0.0,0.0,0.0,0.0
115.9,4.805285805834644,-0.24314272792337485,8.479888346263616,0.019060891178369614,0.024669052223200087,0.005971557870862478,40.0,1.4032447186034427,2328.6387001422277,1068.1341332460804,0.0,0.0,0.0,0.0
116.0,5.122502191260128,0.05481419568928059,8.540541690340577,-0.0024214865112723886,-4.923074577397875e-05,0.010374787046064286,40.0,1.4032447186034427,2329.305775129092,1072.0781173943624,0.0,0.0,0.0,0.0
116.10000000000001,4.868231040668549,0.008375855016051812,8.456944693275721,0.009264033173305247,-0.012660321716276806,0.004484577913923485,40.0,1.4032447186034427,2329.9728501159566,1076.0221015426444,0.0,0.0,0.0,0.0
116.2,5.241800820357904,0.19460902288789061,8.668086068458651,0.0012443184017803415,0.0012099756368602315,0.015022361667029253,40.0,1.4032447186034427,2330.639925102821,1079.9660856909263,0.0,0.0,0.0,0.0
116.30000000000001,5.189038329429639,-0.272740436932433,8.268393015067868,0.01409444101402648,-0.004768893557688036,-0.0017172078925807733,40.0,1.4032447186034427,2331.3070000896855,1083.9100698392083,0.0,0.0,0.0,0.0
116.4,4.766875851950658,-0.06325250523161641,8.255353818611772,0.021910942727324773,-0.002224360519805735,0.004420494582372824,40.0,1.4032447186034427,2331.97407507655,1087.8540539874903,0.0,0.0,0.0,0.0
116.5,5.043211501275174,0.1643517753899854,8.607592434608542,0.011736219439075716,-0.008308455507908563,0.0020213319504313876,40.0,1.4032447186034427,2332.6411500634144,1091.7980381357722,0.0,0.0,0.0,0.0
116.60000000000001,5.0703547483163405,-0.05910835924594299,8.464943216321261,0.004987637644248142,0.005851850823103763,-0.01277680962370201,40.0,1.4032447186034427,2333.308225050279,1095.7420222840542,0.0,0.0,0.0,0.0
116.7,5.062211847483341,-0.015058608677758819,8.571827867755003,0.008769316923548287,0.014079150611191577,0.018534536476212032,40.0,1.4032447186034427,2333.9753000371434,1099.6860064323362,0.0,0.0,0.0,0.0
116.80000000000001,5.156985749391543,0.23655054787493573,8.509416058847737,0.001321850870368397,0.006728170831783344,0.012320809514330225,40.0,1.4032447186034427,2334.642375024008,1103.6299905806181,0.0,0.0,0.0,0.0
116.9,4.90864006448926,0.08072351132124021,8.460444741107656,-0.007539329084600559,0.010904607413763498,0.005551992425300892,40.0,1.4032447186034427,2335.3094500108723,1107.5739747289,0.0,0.0,0.0,0.0
117.0,5.262306238654827,-0.2238238405299749,8.38219239519884,0.0013263883669087143,0.009373810976289141,0.008994693726021852,40.0,1.4032447186034427,2335.9765249977368,1111.517958877182,0.0,0.0,0.0,0.0
117.10000000000001,5.001570913127112,-0.14908956888312208,8.292168001540924,0.004225046602899047,-0.015641059938183585,-0.00031877750289328616,40.0,1.4032447186034427,2336.643599984601,1115.461943025464,0.0,0.0,0.0,0.0
117.2,5.030137599362877,-0.1273486408415164,8.706512605479617,0.013239363442378901,-0.017714199983383007,-0.004323712431819871,40.0,1.4032447186034427,2337.3106749714657,1119.405927173746,0.0,0.0,0.0,0.0
117.30000000000001,4.612133413325757,-0.09738870438221997,8.580667482611204,-0.003138949422748569,0.0026079724361596744,-0.010223343182817441,40.0,1.4032447186034427,2337.97774995833,1123.349911322028,0.0,0.0,0.0,0.0
117.4,5.074696288187285,-0.06326638418925247,8.46753466346778,7.125498606947269e-05,-0.01471548520892284,-0.006530843317397824,40.0,1.4032447186034427,2338.6448249451946,1127.29389547031,0.0,0.0,0.0,0.0
117.5,5.100169170350513,0.07984882362525433,8.623216567358359,0.004246582355025183,-0.0005700936519078353,-0.012260106186667664,40.0,1.4032447186034427,2339.311899932059,1131.237879618592,0.0,0.0,0.0,0.0
117.60000000000001,4.914444995485824,0.015892351939438398,8.75867529086623,0.007869566320986773,0.013360611817095285,0.010975377058947283,40.0,1.4032447186034427,2339.9789749189235,1135.181863766874,0.0,0.0,0.0,0.0
117.7,4.848304515957578,0.037568632422477696,8.50114275806498,-0.008391555697706818,-0.005843873765929212,0.00294233006322828,40.0,1.4032447186034427,2340.646049905788,1139.1258479151559,0.0,0.0,0.0,0.0
117.80000000000001,5.1958429748847665,-0.29211107880864673,8.64658197423275,-0.008367952349593828,-0.015720791872696142,0.01679942130038464,40.0,1.4032447186034427,2341.3131248926525,1143.0698320634378,0.0,0.0,0.0,0.0
117.9,5.064784710385156,0.20817780535717847,8.58581450325718,0.02159845001737402,0.0035872383694448536,0.003435226238768415,40.0,1.4032447186034427,2341.980199879517,1147.0138162117198,0.0,0.0,0.0,0.0
118.0,5.006438956598201,0.20652036925189451,8.348802912336328,-0.005518885825313808,-0.005089600145979074,-0.016045827987653322,40.0,1.4032447186034427,2342.6472748663814,1150.9578003600018,0.0,0.0,0.0,0.0
118.10000000000001,4.975711761262631,-0.2629193055926539,8.473668108065239,0.0096528975613525,-0.006768764606438357,0.02177115870186871,40.0,1.4032447186034427,2343.314349853246,1154.9017845082838,0.0,0.0,0.0,0.0
118.2,4.735924865087226,0.19868910224477487,8.566979769586384,-0.01616033248310689,0.02510794299040533,0.0043625471449603385,40.0,1.4032447186034427,2343.9814248401103,1158.8457686565657,0.0,0.0,0.0,0.0
118.30000000000001,4.823377396676655,-0.19106307921760254,8.432706506976395,-0.0002740687238995973,-0.0009735447146033559,0.0020220384377603986,40.0,1.4032447186034427,2344.648499826975,1162.7897528048477,0.0,0.0,0.0,0.0
118.4,5.049983796517263,-0.038144474899486955,8.175464593539274,-0.0004936149564964121,-0.025674776533732784,0.008537706308913895,40.0,1.4032447186034427,2345.3155748138392,1166.7337369531297,0.0,0.0,0.0,0.0
118.5,4.808104965457604,0.04450405323737007,8.662820458354036,-0.00848748695268,0.00861256258512118,0.000666104333138468,40.0,1.4032447186034427,2345.9826498007037,1170.6777211014116,0.0,0.0,0.0,0.0
118.60000000000001,5.217979220309837,-0.034772891979732004,8.339635263299341,0.007872384503952884,-0.00635789729623636,-0.0034144951412900847,40.0,1.4032447186034427,2346.649724787568,1174.6217052496936,0.0,0.0,0.0,0.0
118.7,4.88332402239443,0.013309020172549788,8.667036230812073,-0.01834087745459577,-0.0017691934104957932,0.01124903594654043,40.0,1.4032447186034427,2347.3167997744326,1178.5656893979756,0.0,0.0,0.0,0.0
118.80000000000001,4.984017286248768,0.2164797754150301,8.454557411661566,-0.0008455144218594516,0.003923295470133433,0.0059931381495134965,40.0,1.4032447186034427,2347.983874761297,1182.5096735462575,0.0,0.0,0.0,0.0
118.9,4.896438689257929,0.09742160593795696,8.367829967142848,-0.0051117715201932715,-0.0072799402176561365,0.018530691601664075,40.0,1.4032447186034427,2348.6509497481616,1186.4536576945395,0.0,0.0,0.0,0.0
119.0,4.471847546602143,0.07933982521444134,8.470849983255379,-0.015808704592381203,0.001097267791360022,0.00975751991831532,40.0,1.4032447186034427,2349.318024735026,1190.3976418428215,0.0,0.0,0.0,0.0
119.10000000000001,5.043445884703609,-0.3777742094567423,8.670667622903512,-0.006377367046848409,0.004865677467531761,0.01241073780682286,40.0,1.4032447186034427,2349.9850997218905,1194.3416259911035,0.0,0.0,0.0,0.0
119.2,4.8234954371571055,0.11906899285273255,8.407885224988492,-0.01971377179338157,0.00967741925527779,-0.0027504496301623983,40.0,1.4032447186034427,2350.652174708755,1198.2856101393854,0.0,0.0,0.0,0.0
119.30000000000001,4.826825980589291,-0.04045988020550831,8.506544719924454,0.00042729589177897733,0.0034806692470717047,-0.00839489366528659,40.0,1.4032447186034427,2351.3192496956194,1202.2295942876674,0.0,0.0,0.0,0.0
119.4,4.843642044435389,0.0026004391517699676,8.750392305024151,-0.0001381253841375807,0.008852222636616315,0.005385551687843177,40.0,1.4032447186034427,2351.986324682484,1206.1735784359494,0.0,0.0,0.0,0.0
119.5,4.882451204384364,-0.01700866361716608,8.440446254321014,0.007036457389607386,0.011746112675765545,0.008596808476863211,40.0,1.4032447186034427,2352.6533996693483,1210.1175625842313,0.0,0.0,0.0,0.0
119.60000000000001,5.133061651811262,-0.12471846064445281,8.40351463480324,-0.0062430253420766675,0.0011444459087485257,0.0014104161482058624,40.0,1.4032447186034427,2353.320474656213,1214.0615467325133,0.0,0.0,0.0,0.0
119.7,5.064465940555128,-0.11965025674486622,8.472163857123537,0.007868579110122561,-0.022653027750406105,0.026216313073302036,40.0,1.4032447186034427,2353.9875496430773,1218.0055308807953,0.0,0.0,0.0,0.0
119.80000000000001,4.912527217268018,-0.2837559870514259,8.489423295911863,0.0013344346797315094,-0.00281894379572493,0.014911911129266663,40.0,1.4032447186034427,2354.6546246299417,1221.9495150290772,0.0,0.0,0.0,0.0
119.9,5.067116745714058,0.06468142865357678,8.533232556217342,-4.3584494380865396e-05,0.015754908492400486,-0.009791960183577666,40.0,1.4032447186034427,2355.321699616806,1225.8934991773592,0.0,0.0,0.0,0.0
