time,speed,accel_x,gyro_z,heading,x,y
0.0,0.0,1.9828640594346174,0.01078818334867797,0.0,0.0,0.0
0.1,0.2,1.9944187464950685,-0.0013658630843359177,0.0,0.020000000000000004,0.0
0.2,0.4,1.9499372191606545,0.006761650489103195,0.0,0.06000000000000001,0.0
0.30000000000000004,0.6000000000000001,2.0876041756761827,-0.008580391557200959,0.0,0.12000000000000002,0.0
0.4,0.8,1.83862716135959,0.004872444824987266,0.0,0.20000000000000004,0.0
0.5,1.0,1.8849370974038993,-0.006976955138813295,0.0,0.30000000000000004,0.0
0.6000000000000001,1.2000000000000002,2.1554118010642385,0.0035212267047518534,0.0,0.42000000000000004,0.0
0.7000000000000001,1.4000000000000001,2.0758437247646992,-0.0002884628075055752,0.0,0.56,0.0
0.8,1.6,1.9769009219370908,0.016354874976354992,0.0,0.7200000000000001,0.0
0.9,1.8,1.944136941565699,-0.016589959336776854,0.0,0.9000000000000001,0.0
1.0,2.0,2.0203820908375603,0.0055186873016031986,0.0,1.1,0.0
1.1,2.2,1.8073975541974796,0.004812009863889832,0.0,1.32,0.0
1.2000000000000002,2.4000000000000004,1.8822889303103794,0.005941706181118299,0.0,1.56,0.0
1.3,2.6,1.957098544155196,0.013554509521054175,0.0,1.82,0.0
1.4000000000000001,2.8000000000000003,1.7195432678643279,-0.00988163967573294,0.0,2.1,0.0
1.5,3.0,2.120558004421741,0.00450992002301491,0.0,2.4000000000000004,0.0
1.6,3.2,1.8271891098607846,0.011937158269818851,0.0,2.7200000000000006,0.0
1.7000000000000002,3.4000000000000004,1.6964083655325441,0.002319156735230294,0.0,3.0600000000000005,0.0
1.8,3.6,1.986493279756036,0.004113423889807513,0.0,3.4200000000000004,0.0
1.9000000000000001,3.8000000000000003,1.9850529303594353,0.02188109087143553,0.0,3.8000000000000003,0.0
2.0,4.0,1.77720011541727,-0.005353628542499471,0.0,4.2,0.0
2.1,4.2,2.0166909388831313,0.010845105704358333,0.0,4.62,0.0
2.2,4.4,2.0471325700577876,0.004447281906070831,0.0,5.0600000000000005,0.0
2.3000000000000003,4.6000000000000005,1.7128316556958048,0.01329509481346642,0.0,5.5200000000000005,0.0
2.4000000000000004,4.800000000000001,1.926974280855594,0.010917187059271527,0.0,6.000000000000001,0.0
2.5,5.0,2.166179547026485,0.002022030840350097,0.0,6.500000000000001,0.0
2.6,5.2,2.2210713964680004,0.01830583846976728,0.0,7.020000000000001,0.0
2.7,5.4,1.8145266037605037,0.019980695322638672,0.0,7.560000000000001,0.0
2.8000000000000003,5.6000000000000005,1.9850069367800622,-1.8225294245290645e-05,0.0,8.120000000000001,0.0
2.9000000000000004,5.800000000000001,2.1673974062166113,0.0025939842620773127,0.0,8.700000000000001,0.0
3.0,6.0,2.147490150408224,-0.008329728822744704,0.0,9.3,0.0
3.1,6.2,1.9732892462302665,0.012170784232818883,0.0,9.920000000000002,0.0
3.2,6.4,2.344547019380522,0.01741534401338283,0.0,10.560000000000002,0.0
3.3000000000000003,6.6000000000000005,1.9120150579722828,0.014490324704016004,0.0,11.220000000000002,0.0
3.4000000000000004,6.800000000000001,2.312081976784855,0.007532327024745451,0.0,11.900000000000002,0.0
3.5,7.0,2.003096251344414,0.006671906807518389,0.0,12.600000000000001,0.0
3.6,7.2,1.9381519055331573,0.025897819740252476,0.0,13.320000000000002,0.0
3.7,7.4,1.7994003151626043,0.010742707796472715,0.0,14.060000000000002,0.0
3.8000000000000003,7.6000000000000005,1.941408134912748,0.033111218366442575,0.0,14.820000000000002,0.0
3.9000000000000004,7.800000000000001,2.148909995389004,0.017083030504833313,0.0,15.600000000000001,0.0
4.0,8.0,1.8379442887463224,0.009949966356986688,0.0,16.400000000000002,0.0
4.1000000000000005,8.200000000000001,2.0086467138788127,0.002083480385432815,0.0,17.220000000000002,0.0
4.2,8.4,1.9725623049106507,0.020961925571158415,0.0,18.060000000000002,0.0
4.3,8.6,2.4730839067056953,-8.810874479787349e-05,0.0,18.92,0.0
4.4,8.8,2.1043089765550973,0.021110432276467937,0.0,19.8,0.0
4.5,9.0,2.178679803074301,-0.009912896475841919,0.0,20.7,0.0
4.6000000000000005,9.200000000000001,1.8033827697741809,-0.0027409222986109387,0.0,21.62,0.0
4.7,9.4,2.1954228529036572,0.018255378686843737,0.0,22.560000000000002,0.0
4.800000000000001,9.600000000000001,2.1352004835406526,0.021909057229860317,0.0,23.520000000000003,0.0
4.9,9.8,2.259338009417222,-0.003914260964456206,0.0,24.500000000000004,0.0
5.0,10.0,2.1601748340545344,-0.02173832099842063,0.0,25.500000000000004,0.0
5.1000000000000005,10.200000000000001,2.310474579090105,0.00953066858257602,0.0,26.520000000000003,0.0
5.2,10.4,2.0305238933936156,0.02375797696883108,0.0,27.560000000000002,0.0
5.300000000000001,10.600000000000001,2.0114749680191473,0.013476352566405312,0.0,28.62,0.0
5.4,10.8,1.8761102467493391,0.0026104884814138456,0.0,29.700000000000003,0.0
5.5,11.0,2.286024682491377,0.01665141689689453,0.0,30.800000000000004,0.0
5.6000000000000005,11.200000000000001,1.7724445028942069,0.024184714009956317,0.0,31.920000000000005,0.0
5.7,11.4,1.815426916780653,0.004233312342649617,0.0,33.06,0.0
5.800000000000001,11.600000000000001,2.1428395188321465,0.014142849257184807,0.0,34.22,0.0
5.9,11.8,2.388633738198824,0.030490413415633615,0.0,35.4,0.0
6.0,12.0,1.8831015133909268,0.009676034880088752,0.0,36.6,0.0
6.1000000000000005,12.200000000000001,2.0132563220781794,-0.0005599778572698156,0.0,37.82,0.0
6.2,12.4,1.870008244800119,0.005258155955774387,0.0,39.06,0.0
6.300000000000001,12.600000000000001,2.0830570552560874,-0.005204405839014385,0.0,40.32,0.0
6.4,12.8,2.029941923147467,0.009963100005150025,0.0,41.6,0.0
6.5,13.0,1.917882492799557,0.005926070809032884,0.0,42.9,0.0
6.6000000000000005,13.200000000000001,2.0139713515690745,0.021187129052821618,0.0,44.22,0.0
6.7,13.4,2.208395177359893,-0.016432958347159497,0.0,45.56,0.0
6.800000000000001,13.600000000000001,1.9362497767311349,0.01630057229193118,0.0,46.92,0.0
6.9,13.8,2.011309978299682,-0.0030938066930496196,0.0,48.300000000000004,0.0
7.0,14.0,2.092799354425654,0.006314796765437347,0.0,49.7,0.0
7.1000000000000005,14.200000000000001,2.200509064748178,0.021174767232939297,0.0,51.120000000000005,0.0
7.2,14.4,1.9066962921240354,0.011453604968220985,0.0,52.56,0.0
7.300000000000001,14.600000000000001,2.104108070092609,-0.0016576686513355343,0.0,54.02,0.0
7.4,14.8,1.9912203918259055,0.0028352928483643177,0.0,55.5,0.0
7.5,15.0,1.982444539704627,-0.00012870809981194165,0.0,57.0,0.0
7.6000000000000005,15.200000000000001,2.103725769730931,0.01952203636539933,0.0,58.52,0.0
7.7,15.4,1.9460009818235409,-0.006101075399906981,0.0,60.06,0.0
7.800000000000001,15.600000000000001,2.0879292198316404,-0.007011394805491387,0.0,61.620000000000005,0.0
7.9,15.8,2.01623194553016,0.0006412689423488157,0.0,63.2,0.0
8.0,16.0,1.9795734417913884,0.004496170183550221,0.0,64.8,0.0
8.1,16.2,2.1248799510664336,-0.019764208867427992,0.0,66.42,0.0
8.200000000000001,16.400000000000002,1.854053647232678,0.002024068597268863,0.0,68.06,0.0
8.3,16.6,1.9787929208739927,-0.000762398513164818,0.0,69.72,0.0
8.4,16.8,2.269833190209241,0.011085386317428066,0.0,71.4,0.0
8.5,17.0,2.0410007632240244,0.010437630582464661,0.0,73.10000000000001,0.0
8.6,17.2,1.749096294191168,0.012399442537419826,0.0,74.82000000000001,0.0
8.700000000000001,17.400000000000002,1.960507097346758,-0.010267266883314693,0.0,76.56,0.0
8.8,17.6,2.000444401913662,-0.00359907304007744,0.0,78.32000000000001,0.0
8.9,17.8,2.089389562409115,0.014984273515023266,0.0,80.10000000000001,0.0
9.0,18.0,1.878295789280774,0.014051405302355019,0.0,81.9,0.0
9.1,18.2,2.0882039741963707,0.015615852466528614,0.0,83.72,0.0
9.200000000000001,18.400000000000002,1.9502229578661776,0.0028191847926370773,0.0,85.56,0.0
9.3,18.6,1.9048360810682736,-0.0180868342497109,0.0,87.42,0.0
9.4,18.8,2.2627426007044096,0.0028146084464304496,0.0,89.3,0.0
9.5,19.0,2.107578415446365,0.01853481157233976,0.0,91.2,0.0
9.600000000000001,19.200000000000003,2.0267714280510076,-0.001339359527330353,0.0,93.12,0.0
9.700000000000001,19.400000000000002,2.132481516047436,-0.0268249588945268,0.0,95.06,0.0
9.8,19.6,2.0649117887044133,0.01345192649956068,0.0,97.02,0.0
9.9,19.8,1.8660116936547186,0.0006967140334941399,0.0,99.0,0.0
10.0,20.0,2.031966864619494,0.0070150086733379285,0.0,101.0,0.0
10.100000000000001,20.200000000000003,1.879722959283845,0.007393448628239853,0.0,103.02,0.0
10.200000000000001,20.400000000000002,2.0464836183555746,0.0028230749516240344,0.0,105.06,0.0
10.3,20.6,1.8792711112121665,0.02683783887706733,0.0,107.12,0.0
10.4,20.8,2.030682475140671,-0.004714285150442363,0.0,109.2,0.0
10.5,21.0,2.038882950650198,0.007868618276846456,0.0,111.3,0.0
10.600000000000001,21.200000000000003,1.9036859155887935,-0.001775599362065899,0.0,113.42,0.0
10.700000000000001,21.400000000000002,2.0605441572595,-0.007917907789389271,0.0,115.56,0.0
10.8,21.6,1.9809633915242724,-0.008091361036565662,0.0,117.72,0.0
10.9,21.8,2.1261193441794894,0.016249841206707118,0.0,119.9,0.0
11.0,22.0,2.0958752674644585,-0.006635467429700926,0.0,122.10000000000001,0.0
11.100000000000001,22.200000000000003,1.803271866270806,-0.008517490359639938,0.0,124.32000000000001,0.0
11.200000000000001,22.400000000000002,1.9780087150464953,0.015690335094577016,0.0,126.56,0.0
11.3,22.6,1.922110960632181,0.02563058193923054,0.0,128.82,0.0
11.4,22.8,2.0667109810320046,-0.001950036914167251,0.0,131.1,0.0
11.5,23.0,1.8382748391258248,-0.021045900530121134,0.0,133.4,0.0
11.600000000000001,23.200000000000003,2.277363949612296,0.0007104887369451087,0.0,135.72,0.0
11.700000000000001,23.400000000000002,2.0884696669922134,-0.009012653764590962,0.0,138.06,0.0
11.8,23.6,2.182311801157931,0.000604132884257729,0.0,140.42000000000002,0.0
11.9,23.8,1.8837635062985152,0.0035358100792134296,0.0,142.8,0.0
12.0,24.0,2.1028626513305055,0.008578840822259704,0.0,145.20000000000002,0.0
12.100000000000001,24.200000000000003,2.160059734256651,0.0019798973049501563,0.0,147.62,0.0
12.200000000000001,24.400000000000002,2.1092140372425714,0.02708769201165068,0.0,150.06,0.0
12.3,24.6,2.1340996954271763,0.010960697312185033,0.0,152.52,0.0
12.4,24.8,1.9492599982058765,0.002495554497673936,0.0,155.0,0.0
12.5,25.0,2.098799858676641,0.011766679840918396,0.0,157.5,0.0
12.600000000000001,25.200000000000003,2.1730180290387517,-0.005963284345813267,0.0,160.02,0.0
12.700000000000001,25.400000000000002,1.805664574151886,0.0013495516174754098,0.0,162.56,0.0
12.8,25.6,1.7065643561933421,-0.006977075853817014,0.0,165.12,0.0
12.9,25.8,2.074506573512618,0.014275853429054384,0.0,167.70000000000002,0.0
13.0,26.0,1.9888406528627536,-0.009714524792087717,0.0,170.3,0.0
13.100000000000001,26.200000000000003,1.9514232092522044,-0.018169047091523994,0.0,172.92000000000002,0.0
13.200000000000001,26.400000000000002,1.6398865919239907,0.006460050383399715,0.0,175.56,0.0
13.3,26.6,2.2831835898516477,0.0011955145285265888,0.0,178.22,0.0
13.4,26.8,1.985882058179967,0.002783796413194477,0.0,180.9,0.0
13.5,27.0,2.186816375345463,-0.004190683388917042,0.0,183.6,0.0
13.600000000000001,27.200000000000003,2.3374902513619036,0.01057682078626509,0.0,186.32,0.0
13.700000000000001,27.400000000000002,1.8420964618329194,0.007776756532313575,0.0,189.06,0.0
13.8,27.6,1.9615424712157024,0.024387078404753165,0.0,191.82,0.0
13.9,27.8,2.032994203284079,0.008657812634261727,0.0,194.6,0.0
14.0,28.0,2.1560728437468275,0.009150549475066858,0.0,197.4,0.0
14.100000000000001,28.200000000000003,2.0113826149418617,0.016917652452310774,0.0,200.22,0.0
14.200000000000001,28.400000000000002,2.321577963356858,0.010622632379289947,0.0,203.06,0.0
14.3,28.6,2.444282563450668,0.0076356143293742585,0.0,205.92000000000002,0.0
14.4,28.8,2.17956568846414,0.004307926080947668,0.0,208.8,0.0
14.5,29.0,1.9320555583109955,-0.02211790000961814,0.0,211.70000000000002,0.0
14.600000000000001,29.200000000000003,2.353945556177174,-0.005973965402001342,0.0,214.62,0.0
14.700000000000001,29.400000000000002,1.6580285263412822,0.007566368066806477,0.0,217.56,0.0
14.8,29.6,2.339910741881064,0.0005851608584509869,0.0,220.52,0.0
14.9,29.8,2.079184375070533,0.008261552640908297,0.0,223.5,0.0
15.0,30.0,2.01247392363632,0.013119474641605063,0.0,226.5,0.0
15.100000000000001,30.200000000000003,1.7789198552140513,-0.0014438459748249534,0.0,229.52,0.0
15.200000000000001,30.400000000000002,2.030475780984747,0.013330025873363068,0.0,232.56,0.0
15.3,30.6,2.1247488010932067,-0.01059660714784096,0.0,235.62,0.0
15.4,30.8,1.963105894922787,0.0004014860075716416,0.0,238.70000000000002,0.0
15.5,31.0,1.9994988748982192,0.010258043945760752,0.0,241.8,0.0
15.600000000000001,31.200000000000003,2.0899539040980146,-0.00020521720699975127,0.0,244.92000000000002,0.0
15.700000000000001,31.400000000000002,1.9975144085825955,0.00483564361469597,0.0,248.06,0.0
15.8,31.6,1.8889087058667504,0.0029843437393599907,0.0,251.22,0.0
15.9,31.8,1.8813041083788171,0.000541676723129509,0.0,254.4,0.0
16.0,32.0,1.9661810717433297,0.008954705952156052,0.0,257.6,0.0
16.1,32.2,2.132600629532631,0.001447762393262227,0.0,260.82000000000005,0.0
16.2,32.4,2.169249250971522,0.0036466359549841986,0.0,264.06000000000006,0.0
16.3,32.6,2.331956685281093,0.0022031931283828356,0.0,267.32000000000005,0.0
16.400000000000002,32.800000000000004,1.981366212337793,0.0095675754699167,0.0,270.6,0.0
16.5,33.0,1.874989839484908,0.012746538709565491,0.0,273.90000000000003,0.0
16.6,33.2,2.1990724497842913,0.013687831393176798,0.0,277.22,0.0
16.7,33.4,2.0080907299433073,-0.003994253423269477,0.0,280.56,0.0
16.8,33.6,1.7108659404901316,0.02143176283319967,0.0,283.92,0.0
16.900000000000002,33.800000000000004,2.0766987827444363,0.008267477029134225,0.0,287.3,0.0
17.0,34.0,1.7833247341821044,0.005359242255844571,0.0,290.7,0.0
17.1,34.2,2.0067612585634342,-0.00588744487290595,0.0,294.12,0.0
17.2,34.4,1.8896871666762394,-1.9682389438080775e-06,0.0,297.56,0.0
17.3,34.6,1.9084749299961172,0.010018923966932474,0.0,301.02,0.0
17.400000000000002,34.800000000000004,1.7922380749200484,0.01782713194672734,0.0,304.5,0.0
17.5,35.0,1.9825017692907614,0.004771870981171821,0.0,308.0,0.0
17.6,35.2,1.7741417823133727,0.008024084590756077,0.0,311.52,0.0
17.7,35.4,2.0383847466318294,0.008696365683246518,0.0,315.06,0.0
17.8,35.6,2.124784108065678,0.010293235625755287,0.0,318.62,0.0
17.900000000000002,35.800000000000004,2.095382002178712,0.011093976802007844,0.0,322.2,0.0
18.0,36.0,1.9254460411466428,-0.006873972022947647,0.0,325.8,0.0
18.1,36.2,2.0000563139555423,0.01264853072493442,0.0,329.42,0.0
18.2,36.4,2.121101479039348,0.005013017740202044,0.0,333.06,0.0
18.3,36.6,2.1395634333168654,-0.012471863668011236,0.0,336.72,0.0
18.400000000000002,36.800000000000004,1.831291289448389,0.0014369064142646009,0.0,340.40000000000003,0.0
18.5,37.0,2.1261297600886184,0.02243699923027337,0.0,344.1,0.0
18.6,37.2,2.080276509990152,0.012132024361060683,0.0,347.82000000000005,0.0
18.7,37.4,1.8374350739251932,0.011877989056781321,0.0,351.56000000000006,0.0
18.8,37.6,2.0323580010393423,0.0036899346724008093,0.0,355.32000000000005,0.0
18.900000000000002,37.800000000000004,1.8299438679145774,0.007040271123785238,0.0,359.1,0.0
19.0,38.0,1.9233047445848395,0.01726506106789612,0.0,362.90000000000003,0.0
19.1,38.2,1.9248316537885768,0.008541004488426459,0.0,366.72,0.0
19.200000000000003,38.400000000000006,1.547410532460054,0.012411620675867027,0.0,370.56,0.0
19.3,38.6,2.179662340808477,0.003880669163907176,0.0,374.42,0.0
19.400000000000002,38.800000000000004,2.272658513138762,-0.0015262472945105502,0.0,378.3,0.0
19.5,39.0,2.1214202300272325,0.009758722993160315,0.0,382.2,0.0
19.6,39.2,2.0659110812818287,0.005754470896131913,0.0,386.12,0.0
19.700000000000003,39.400000000000006,1.9272897038281203,0.004087716070788385,0.0,390.06,0.0
19.8,39.6,1.7753504018087773,-1.597986448790764e-05,0.0,394.02,0.0
19.900000000000002,39.800000000000004,2.081331994456349,0.015508499659377468,0.0,398.0,0.0
20.0,40.0,1.089250155480606,0.0030641378175870664,0.0,402.0,0.0
20.1,40.0,0.010464487807666656,0.018576836967864982,0.0,406.0,0.0
20.200000000000003,40.0,-0.14768053379227347,-0.009919728540308155,0.0,410.0,0.0
20.3,40.0,0.11119892956059738,-0.0013345127690809842,0.0,414.0,0.0
20.400000000000002,40.0,0.11407185375796312,0.016878579811514974,0.0,418.0,0.0
20.5,40.0,0.13180200029463257,0.011025781525525939,0.0,422.0,0.0
20.6,40.0,0.13788500101401796,0.01216566917379459,0.0,426.0,0.0
20.700000000000003,40.0,0.05752203346014099,0.006459563246619077,0.0,430.0,0.0
20.8,40.0,0.05133736648326869,0.011677374662653593,0.0,434.0,0.0
20.900000000000002,40.0,-0.2031984637790384,0.00990714014965314,0.0,438.0,0.0
21.0,40.0,-0.045727337469155784,0.02615274155318435,0.0,442.0,0.0
21.1,40.0,-0.05046808750919591,0.012239041314527323,0.0,446.0,0.0
21.200000000000003,40.0,-0.06770105525901787,-0.004714266108770884,0.0,450.0,0.0
21.3,40.0,0.12122275846595615,-0.006210088654211055,0.0,454.0,0.0
21.400000000000002,40.0,-0.1313071309933463,0.011870012630586138,0.0,458.0,0.0
21.5,40.0,0.1875925735987341,-0.00770175387434354,0.0,462.0,0.0
21.6,40.0,0.37131885804265236,0.012303911689140216,0.0,466.0,0.0
21.700000000000003,40.0,-0.20791890783105926,0.011545574757883321,0.0,470.0,0.0
21.8,40.0,0.08668421708087531,0.024495842803191826,0.0,474.0,0.0
21.900000000000002,40.0,0.0991340879396416,0.011634504507434706,0.0,478.0,0.0
22.0,40.0,-0.054268757184426565,-0.011807277112924324,0.0,482.0,0.0
22.1,40.0,-0.1607727408612006,-0.01111428629163854,0.0,486.0,0.0
22.200000000000003,40.0,-0.2612576052590339,0.002453698143789799,0.0,490.0,0.0
22.3,40.0,-0.052858947575196914,0.0024374261669327575,0.0,494.0,0.0
22.400000000000002,40.0,-0.0946783143914761,-0.006862089143620941,0.0,498.0,0.0
22.5,40.0,0.06374080128178854,0.0010774936244433994,0.0,502.0,0.0
22.6,40.0,-0.15687063241498744,0.01750131391217054,0.0,506.0,0.0
22.700000000000003,40.0,-0.04483812438585442,-0.0009745210537374415,0.0,510.0,0.0
22.8,40.0,0.08410050490549759,0.022523851244255967,0.0,514.0,0.0
22.900000000000002,40.0,-0.05257577896022538,0.006743844479514264,0.0,518.0,0.0
23.0,40.0,0.058717356576376625,0.009963600890331648,0.0,522.0,0.0
23.1,40.0,0.14283781567755857,0.007813785772854279,0.0,526.0,0.0
23.200000000000003,40.0,0.020069589558153262,0.004379406842406545,0.0,530.0,0.0
23.3,40.0,0.04516370666216991,0.0041917237616811535,0.0,534.0,0.0
23.400000000000002,40.0,-0.25422736797113393,0.005150081590596726,0.0,538.0,0.0
23.5,40.0,-0.13632346755672378,0.0080167105048816,0.0,542.0,0.0
23.6,40.0,-0.06307497924792549,0.01320883007482701,0.0,546.0,0.0
23.700000000000003,40.0,0.10520853565752278,0.004455079756639645,0.0,550.0,0.0
23.8,40.0,-0.029645448978213314,-0.006294788492314618,0.0,554.0,0.0
23.900000000000002,40.0,-0.0022076184069754487,0.007442426219642698,0.0,558.0,0.0
24.0,40.0,0.07134272002008268,0.005600094964794391,0.0,562.0,0.0
24.1,40.0,-0.02108152928591006,0.01901531368525076,0.0,566.0,0.0
24.200000000000003,40.0,0.15649034241335538,0.005043226881068495,0.0,570.0,0.0
24.3,40.0,0.07483495680746703,0.009652708176732954,0.0,574.0,0.0
24.400000000000002,40.0,-0.03216561291420949,0.012932512657891044,0.0,578.0,0.0
24.5,40.0,0.14909012510459774,0.005721207887375916,0.0,582.0,0.0
24.6,40.0,0.09020520162517416,-0.0047101043234546785,0.0,586.0,0.0
24.700000000000003,40.0,-0.08755512346126335,-0.014823397736084827,0.0,590.0,0.0
24.8,40.0,-0.18810474302813876,0.0024374088878371947,0.0,594.0,0.0
24.900000000000002,40.0,0.06818690798408393,0.0038857292917930056,0.0,598.0,0.0
25.0,40.0,0.08698463801517822,-0.01270636228263617,0.0,602.0,0.0
25.1,40.0,0.023363254965052104,0.02796919904772604,0.0,606.0,0.0
25.200000000000003,40.0,-0.035164242758841335,0.007563009504160446,0.0,610.0,0.0
25.3,40.0,0.13855292864977786,0.021277421720091137,0.0,614.0,0.0
25.400000000000002,40.0,0.0406814032993981,0.024477544705111046,0.0,618.0,0.0
25.5,40.0,-0.33610115704425275,0.014359239092077754,0.0,622.0,0.0
25.6,40.0,0.06016151151814607,0.013592353421789709,0.0,626.0,0.0
25.700000000000003,40.0,0.008762132994446179,-0.011759615386027721,0.0,630.0,0.0
25.8,40.0,0.26909440193337486,0.005133248498984443,0.0,634.0,0.0
25.900000000000002,40.0,0.15301764724978992,0.006363533450685158,0.0,638.0,0.0
26.0,40.0,0.38009190374151564,0.004155796110164644,0.0,642.0,0.0
26.1,40.0,0.1614337857817524,-0.004705606953187435,0.0,646.0,0.0
26.200000000000003,40.0,-0.35336081480302034,0.018199482414161854,0.0,650.0,0.0
26.3,40.0,0.12981653188475265,-0.0030798912817924856,0.0,654.0,0.0
26.400000000000002,40.0,0.04115107090069995,0.0006725653965040648,0.0,658.0,0.0
26.5,40.0,-0.041965911359150954,0.0017323045516219487,0.0,662.0,0.0
26.6,40.0,0.011203436907358111,0.00021425933901084247,0.0,666.0,0.0
26.700000000000003,40.0,0.11257322571972844,-0.019035828641210673,0.0,670.0,0.0
26.8,40.0,-0.15708589438490952,0.02907395539538911,0.0,674.0,0.0
26.900000000000002,40.0,-0.05257821492939811,0.010502445949393008,0.0,678.0,0.0
27.0,40.0,0.01600589874620943,0.005203458606092055,0.0,682.0,0.0
27.1,40.0,0.07517020323237503,-0.011794977413407272,0.0,686.0,0.0
27.200000000000003,40.0,-0.0639793137278529,0.01056473285902167,0.0,690.0,0.0
27.3,40.0,-0.2299147916533681,0.005270547751987223,0.0,694.0,0.0
27.400000000000002,40.0,-0.013146183210279928,-0.006726544964138573,0.0,698.0,0.0
27.5,40.0,0.21832576573145537,-0.0050122609373516565,0.0,702.0,0.0
27.6,40.0,0.007864680493228204,0.0003125214863244144,0.0,706.0,0.0
27.700000000000003,40.0,0.04977426287761607,-0.008984283745896167,0.0,710.0,0.0
27.8,40.0,0.1334837139398502,0.00375036765048234,0.0,714.0,0.0
27.900000000000002,40.0,-0.06627628660327935,0.02302614444070863,0.0,718.0,0.0
28.0,40.0,-0.09564034083646777,-0.0012021977073405797,0.0,722.0,0.0
28.1,40.0,0.12556432992732688,0.008501108405379203,0.0,726.0,0.0
28.200000000000003,40.0,-0.14572443009282948,0.00923235813108075,0.0,730.0,0.0
28.3,40.0,0.05019628666143021,0.03316498817200503,0.0,734.0,0.0
28.400000000000002,40.0,-0.11777506875466535,-0.008947492163037328,0.0,738.0,0.0
28.5,40.0,0.22455677258657067,0.004799353872985003,0.0,742.0,0.0
28.6,40.0,-0.13979970194800648,0.011237385906214783,0.0,746.0,0.0
28.700000000000003,40.0,0.19296248847914624,-0.005161593114423726,0.0,750.0,0.0
28.8,40.0,0.22178356483386316,0.019814446909783342,0.0,754.0,0.0
28.900000000000002,40.0,-0.19165306149500436,-0.007666170229912519,0.0,758.0,0.0
29.0,40.0,-0.023590255338851906,0.0031644186547651176,0.0,762.0,0.0
29.1,40.0,-0.17302845802811467,-0.009466561499006293,0.0,766.0,0.0
29.200000000000003,40.0,0.15361641841480383,-0.005754951335383614,0.0,770.0,0.0
29.3,40.0,-0.15806872534804997,0.017055400012564868,0.0,774.0,0.0
29.400000000000002,40.0,-0.06264113743848834,-0.008579210104177431,0.0,778.0,0.0
29.5,40.0,-0.30053978725686187,0.019867665606397814,0.0,782.0,0.0
29.6,40.0,0.2772772197472843,-0.016921011012963068,0.0,786.0,0.0
29.700000000000003,40.0,0.03129875303130227,0.019670010065074423,0.0,790.0,0.0
29.8,40.0,0.15912692557962987,0.009045824920419505,0.0,794.0,0.0
29.900000000000002,40.0,0.27636601948187733,-0.0072467849746613135,0.0,798.0,0.0
30.0,40.0,0.21153448821270043,0.0020182613433512397,0.0,802.0,0.0
30.1,40.0,-0.1340302039530864,-0.0020375464030634224,0.0,806.0,0.0
30.200000000000003,40.0,0.26622990282354325,0.007769624340068124,0.0,810.0,0.0
30.3,40.0,-0.18431010730753417,0.007351810327109676,0.0,814.0,0.0
30.400000000000002,40.0,0.004988660374940936,-0.0014420299842074257,0.0,818.0,0.0
30.5,40.0,0.11692443967498518,0.006247665202346109,0.0,822.0,0.0
30.6,40.0,-0.20577522709852572,-0.002601632357984566,0.0,826.0,0.0
30.700000000000003,40.0,-0.03584123006564055,0.006964027567634943,0.0,830.0,0.0
30.8,40.0,0.19097092190101728,0.0041847504951534175,0.0,834.0,0.0
30.900000000000002,40.0,-0.16959660968511456,0.011028110952278607,0.0,838.0,0.0
31.0,40.0,0.013542736486330082,0.013142887630243346,0.0,842.0,0.0
31.1,40.0,0.10836413873566074,0.0052019895552994355,0.0,846.0,0.0
31.200000000000003,40.0,-0.08938742555053833,0.0007253089079897294,0.0,850.0,0.0
31.3,40.0,0.1199107134254053,-0.0072699144099691,0.0,854.0,0.0
31.400000000000002,40.0,-0.1756562125885455,0.008742945291644433,0.0,858.0,0.0
31.5,40.0,-0.06339841827606614,0.007599535142410716,0.0,862.0,0.0
31.6,40.0,0.2857934909157757,-0.015145222509981467,0.0,866.0,0.0
31.700000000000003,40.0,-0.14233900657937823,0.016853758570737915,0.0,870.0,0.0
31.8,40.0,-0.05521571596350479,-0.021450636434899813,0.0,874.0,0.0
31.900000000000002,40.0,0.15697145210142133,0.013395122789678793,0.0,878.0,0.0
32.0,40.0,0.1304654747151983,0.013673598778163324,0.0,882.0,0.0
32.1,40.0,0.008380411322044305,0.008028877099435576,0.0,886.0,0.0
32.2,40.0,0.08947019403920108,0.002312270945792113,0.0,890.0,0.0
32.300000000000004,40.0,0.18185986285728756,0.01859497988670911,0.0,894.0,0.0
32.4,40.0,-0.2978364339162527,0.007091763976746405,0.0,898.0,0.0
32.5,40.0,0.0599571613027752,0.007763506869436701,0.0,902.0,0.0
32.6,40.0,-0.011239821986703043,-0.011219857166303956,0.0,906.0,0.0
32.7,40.0,0.014032461718214507,0.01339105612236885,0.0,910.0,0.0
32.800000000000004,40.0,-0.044236024029601466,0.0030246835918884317,0.0,914.0,0.0
32.9,40.0,-0.29243679144037443,0.004959064428943461,0.0,918.0,0.0
33.0,40.0,-0.19243120769537536,0.006535844183287195,0.0,922.0,0.0
33.1,40.0,-0.08295158320063378,-0.010862897521875314,0.0,926.0,0.0
33.2,40.0,-0.16911693227184132,0.011839493336150787,0.0,930.0,0.0
33.300000000000004,40.0,0.18281109837301537,0.019246797559960064,0.0,934.0,0.0
33.4,40.0,-0.10208154347735665,0.016993898421519608,0.0,938.0,0.0
33.5,40.0,-0.1216584563555469,0.01549987684896742,0.0,942.0,0.0
33.6,40.0,-0.15586190156706126,-0.008747965179261023,0.0,946.0,0.0
33.7,40.0,-0.04867878148357642,0.0009476922740303635,0.0,950.0,0.0
33.800000000000004,40.0,0.20677175721742289,0.010299446496562555,0.0,954.0,0.0
33.9,40.0,0.4499363219842085,0.0002673749331701999,0.0,958.0,0.0
34.0,40.0,0.03808473232024668,0.011598372483447519,0.0,962.0,0.0
34.1,40.0,0.0009787036649496655,-0.0020669692016519374,0.0,966.0,0.0
34.2,40.0,0.16559373198063604,0.029193638553978996,0.0,970.0,0.0
34.300000000000004,40.0,-0.03161707444110862,0.005493589865090876,0.0,974.0,0.0
34.4,40.0,0.023051860019802823,0.008112628965793327,0.0,978.0,0.0
34.5,40.0,-0.037162547743750815,-0.006847531527211321,0.0,982.0,0.0
34.6,40.0,0.19740622061789734,-0.004513321837647812,0.0,986.0,0.0
34.7,40.0,0.10818227182437347,-0.00808865695324876,0.0,990.0,0.0
34.800000000000004,40.0,-0.1304882295064684,0.008269584101522455,0.0,994.0,0.0
34.9,40.0,-0.17740392635252936,-0.009009660920855738,0.0,998.0,0.0
35.0,40.0,0.2494186247953699,0.022224343539520772,0.0,1002.0,0.0
35.1,40.0,0.05051202732542869,-0.007109016127565847,0.0,1006.0,0.0
35.2,40.0,-0.048944155064966396,-0.010284170737666638,0.0,1010.0,0.0
35.300000000000004,40.0,-0.15709331150087177,0.013735937624460234,0.0,1014.0,0.0
35.4,40.0,-0.21508598785785288,0.0061027075459261365,0.0,1018.0,0.0
35.5,40.0,0.050265945571888494,0.00012062875163495156,0.0,1022.0,0.0
35.6,40.0,-0.13886839468601087,0.01073848014945241,0.0,1026.0,0.0
35.7,40.0,0.19544306427234218,0.004201614006068628,0.0,1030.0,0.0
35.800000000000004,40.0,0.07387682139807386,0.01745050202400491,0.0,1034.0,0.0
35.9,40.0,-0.10684723345360654,-0.008212089361191756,0.0,1038.0,0.0
36.0,40.0,-0.0753654103103385,-0.017366989952348373,0.0,1042.0,0.0
36.1,40.0,-0.2644976994451812,0.009624692507364883,0.0,1046.0,0.0
36.2,40.0,-0.0777261599515743,-0.005906547073222472,0.0,1050.0,0.0
36.300000000000004,40.0,0.20898538543604542,0.012760406357485463,0.0,1054.0,0.0
36.4,40.0,0.1501315960610146,-0.0013051261824985373,0.0,1058.0,0.0
36.5,40.0,-0.04699590716680937,0.023699929356726455,0.0,1062.0,0.0
36.6,40.0,0.10292658812198692,-0.0033493942702433723,0.0,1066.0,0.0
36.7,40.0,-0.07651150799908858,0.014329010010680772,0.0,1070.0,0.0
36.800000000000004,40.0,-0.04632082745506757,0.009557061133829765,0.0,1074.0,0.0
36.9,40.0,-0.06750278944032974,0.006395134219669118,0.0,1078.0,0.0
37.0,40.0,-0.1658958412616121,-0.011410180491915705,0.0,1082.0,0.0
37.1,40.0,-0.07109206093927692,0.014083308852305066,0.0,1086.0,0.0
37.2,40.0,-0.0194648555527474,0.0018937621779453817,0.0,1090.0,0.0
37.300000000000004,40.0,0.09077300749509462,0.006431459168672291,0.0,1094.0,0.0
37.4,40.0,-0.18853014648508898,0.004424474661668289,0.0,1098.0,0.0
37.5,40.0,-0.16748005008591735,-0.004317902580799817,0.0,1102.0,0.0
37.6,40.0,-0.14552850887061103,-0.003900372094862609,0.0,1106.0,0.0
37.7,40.0,0.014690930913465353,0.003984360414540953,0.0,1110.0,0.0
37.800000000000004,40.0,-0.03749919543544619,0.012706765019326584,0.0,1114.0,0.0
37.9,40.0,0.15243026109860477,0.0086892625600151,0.0,1118.0,0.0
38.0,40.0,0.17165680247947004,0.015482740613017642,0.0,1122.0,0.0
38.1,40.0,-0.1159079546405974,0.010690781222955185,0.0,1126.0,0.0
38.2,40.0,0.05552021145549692,0.01120484608204091,0.0,1130.0,0.0
38.300000000000004,40.0,-0.10541658703326638,0.014995735324145824,0.0,1134.0,0.0
38.400000000000006,40.0,-0.15212486654877158,0.019310232504426563,0.0,1138.0,0.0
38.5,40.0,0.006608006151079451,0.019083020759858398,0.0,1142.0,0.0
38.6,40.0,0.04091009939888434,0.003579455777399819,0.0,1146.0,0.0
38.7,40.0,-0.10392899704913099,0.005240320469164089,0.0,1150.0,0.0
38.800000000000004,40.0,-0.20952926905586478,0.01010089648624891,0.0,1154.0,0.0
38.900000000000006,40.0,0.07280125638402599,0.006168254185512321,0.0,1158.0,0.0
39.0,40.0,-0.09333804873046449,0.004012474653715717,0.0,1162.0,0.0
39.1,40.0,-0.22375350248498557,-0.0014052840865047293,0.0,1166.0,0.0
39.2,40.0,0.01841746887065263,-0.0034121607004450353,0.0,1170.0,0.0
39.300000000000004,40.0,0.08085470615167327,0.008954660755993707,0.0,1174.0,0.0
39.400000000000006,40.0,-0.04749087188028504,-0.005394481468729195,0.0,1178.0,0.0
39.5,40.0,-0.2231034220826554,0.009495365455306092,0.0,1182.0,0.0
39.6,40.0,-0.09802317662362194,0.005627286627051306,0.0,1186.0,0.0
39.7,40.0,-0.06227598378638974,0.006077852926523954,0.0,1190.0,0.0
39.800000000000004,40.0,0.15699207512369934,0.0011614808586113377,0.0,1194.0,0.0
39.900000000000006,40.0,-0.17400174599520526,0.010662545373145874,0.0,1198.0,0.0
40.0,40.0,-0.2878906806600489,0.008572899323457814,0.0,1202.0,0.0
40.1,40.0,-0.16022526988111896,-0.004844525356279818,0.0,1206.0,0.0
40.2,40.0,0.05805357282755448,0.004180822599285799,0.0,1210.0,0.0
40.300000000000004,40.0,0.0049782271087301,-0.00398633164037327,0.0,1214.0,0.0
40.400000000000006,40.0,0.13062169209416763,-0.005298859172200603,0.0,1218.0,0.0
40.5,40.0,0.21633536680221332,0.01511111682792841,0.0,1222.0,0.0
40.6,40.0,-0.12252352657664711,0.005143145652309936,0.0,1226.0,0.0
40.7,40.0,-0.07809200961980749,-0.005641871037216446,0.0,1230.0,0.0
40.800000000000004,40.0,-0.07121229469593006,0.0005754833279629093,0.0,1234.0,0.0
40.900000000000006,40.0,-0.009507486812506764,-0.006352697209730249,0.0,1238.0,0.0
41.0,40.0,-0.16253495829577444,0.004411562525535452,0.0,1242.0,0.0
41.1,40.0,0.04933146713374916,0.017411024447326364,0.0,1246.0,0.0
41.2,40.0,-0.24964423058271812,0.006052346672499005,0.0,1250.0,0.0
41.300000000000004,40.0,-0.07713331839643603,0.005757964753674028,0.0,1254.0,0.0
41.400000000000006,40.0,-0.02475907726863773,0.0006439816007596617,0.0,1258.0,0.0
41.5,40.0,0.1545009622531998,0.022361117120866244,0.0,1262.0,0.0
41.6,40.0,0.1884135146315273,0.007650957805319717,0.0,1266.0,0.0
41.7,40.0,0.025349998513969657,-0.005127436147360938,0.0,1270.0,0.0
41.800000000000004,40.0,-0.2135766359218048,-0.004234177398957441,0.0,1274.0,0.0
41.900000000000006,40.0,0.289404686804209,-0.01152933036099844,0.0,1278.0,0.0
42.0,40.0,0.1464579277100026,0.007489876076903266,0.0,1282.0,0.0
42.1,40.0,0.010414552603765127,0.02638983616787096,0.0,1286.0,0.0
42.2,40.0,-0.42587173467669753,-0.002091660880791004,0.0,1290.0,0.0
42.300000000000004,40.0,-0.03520331570218146,0.011364586481030442,0.0,1294.0,0.0
42.400000000000006,40.0,-0.13692766515660384,0.005394671274990207,0.0,1298.0,0.0
42.5,40.0,-0.026150668833791853,0.007311892071204817,0.0,1302.0,0.0
42.6,40.0,-0.29664532143976086,-0.010278839238392255,0.0,1306.0,0.0
42.7,40.0,0.37716280445946543,0.0034243751353870474,0.0,1310.0,0.0
42.800000000000004,40.0,-0.05098757697649808,0.00459364656095341,0.0,1314.0,0.0
42.900000000000006,40.0,0.14739254405160995,-0.009897563003445735,0.0,1318.0,0.0
43.0,40.0,-0.007379447574556546,-0.01070928827360976,0.0,1322.0,0.0
43.1,40.0,0.11908844243092172,0.0012254342303720089,0.0,1326.0,0.0
43.2,40.0,0.047710596317918574,0.00012612069654186365,0.0,1330.0,0.0
43.300000000000004,40.0,-0.0704614174422534,0.0038229013372584626,0.0,1334.0,0.0
43.400000000000006,40.0,0.031404013631156254,0.016729795267547642,0.0,1338.0,0.0
43.5,40.0,0.05671534964449769,-0.011744802393594322,0.0,1342.0,0.0
43.6,40.0,-0.14396360350421705,0.015147039301535957,0.0,1346.0,0.0
43.7,40.0,0.046099191114120856,0.02164245619689902,0.0,1350.0,0.0
43.800000000000004,40.0,-0.0063516356139447245,0.0031277372555444756,0.0,1354.0,0.0
43.900000000000006,40.0,-0.2675801492323236,-0.0010013048587266971,0.0,1358.0,0.0
44.0,40.0,0.007731500168198722,-0.028442700797507794,0.0,1362.0,0.0
44.1,40.0,-0.062343809644691835,0.0029972343668483886,0.0,1366.0,0.0
44.2,40.0,0.09510177768944177,-0.019737906511699314,0.0,1370.0,0.0
44.300000000000004,40.0,-0.11321083866493568,0.01358557893371157,0.0,1374.0,0.0
44.400000000000006,40.0,0.3224012164996888,0.009176658729000538,0.0,1378.0,0.0
44.5,40.0,-0.04871761398087603,0.007650881882869692,0.0,1382.0,0.0
44.6,40.0,0.27827486098110166,0.005026825831111497,0.0,1386.0,0.0
44.7,40.0,0.06682568291781048,-0.02975864549519489,0.0,1390.0,0.0
44.800000000000004,40.0,0.09555830583826123,-0.0035807646688822857,0.0,1394.0,0.0
44.900000000000006,40.0,0.09044749079492086,0.020163615569743984,0.0,1398.0,0.0
45.0,40.0,0.041206469355970575,0.033403378979643336,0.0,1402.0,0.0
45.1,40.0,0.11207785965270829,0.013090117622653635,0.0,1406.0,0.0
45.2,40.0,0.2342403324757353,0.00790109300138096,0.0,1410.0,0.0
45.300000000000004,40.0,0.20256191982829871,0.014073271193809907,0.0,1414.0,0.0
45.400000000000006,40.0,-0.032893338229379496,0.0016327583047676501,0.0,1418.0,0.0
45.5,40.0,0.11427904186079399,-0.0018261232108993516,0.0,1422.0,0.0
45.6,40.0,-0.4756958331751877,0.0003709839964435276,0.0,1426.0,0.0
45.7,40.0,-0.16712626018443524,-0.006565435791806428,0.0,1430.0,0.0
45.800000000000004,40.0,-0.09876187729392412,0.009555922276658444,0.0,1434.0,0.0
45.900000000000006,40.0,0.20076922132703162,0.015916682572001725,0.0,1438.0,0.0
46.0,40.0,0.016309727114535686,-0.00047448675244033626,0.0,1442.0,0.0
46.1,40.0,0.13223384359837523,0.016124716203722366,0.0,1446.0,0.0
46.2,40.0,-0.10599293872721051,-0.001913114151438998,0.0,1450.0,0.0
46.300000000000004,40.0,-0.2819319033867421,-0.009618244188495051,0.0,1454.0,0.0
46.400000000000006,40.0,0.06435641715151874,-0.00630003366390502,0.0,1458.0,0.0
46.5,40.0,0.24024996590423883,-0.007290364310649096,0.0,1462.0,0.0
46.6,40.0,-0.18341679191613966,-0.0043066867806768215,0.0,1466.0,0.0
46.7,40.0,-0.04889330298797279,0.01581988882521032,0.0,1470.0,0.0
46.800000000000004,40.0,0.10749549052249549,0.0020630344638223786,0.0,1474.0,0.0
46.900000000000006,40.0,-0.3302999470843046,-0.0017077036639566168,0.0,1478.0,0.0
47.0,40.0,0.011487726723251235,0.008568147650387237,0.0,1482.0,0.0
47.1,40.0,0.08167199978059757,0.005208863815825186,0.0,1486.0,0.0
47.2,40.0,0.038810494161545195,0.0028895036655404494,0.0,1490.0,0.0
47.300000000000004,40.0,0.1907407566886209,0.005739135757668318,0.0,1494.0,0.0
47.400000000000006,40.0,0.24901205517185965,-0.002087573869558149,0.0,1498.0,0.0
47.5,40.0,0.040659433477782315,0.009784445088986349,0.0,1502.0,0.0
47.6,40.0,-0.02250678840167827,-0.0005764048356853568,0.0,1506.0,0.0
47.7,40.0,-0.23569755355642474,-0.0012652923703531235,0.0,1510.0,0.0
47.800000000000004,40.0,-0.15999071003751444,-0.0035144546501835556,0.0,1514.0,0.0
47.900000000000006,40.0,0.05120561275291931,0.008887413167653171,0.0,1518.0,0.0
48.0,40.0,-0.07933804259288209,-0.005188980786573683,0.0,1522.0,0.0
48.1,40.0,0.23512854518740028,0.005499742567067475,0.0,1526.0,0.0
48.2,40.0,0.18950506311801163,-0.003921629671611428,0.0,1530.0,0.0
48.300000000000004,40.0,0.07810829826254416,0.012357049473304557,0.0,1534.0,0.0
48.400000000000006,40.0,-0.10360256414950625,-0.005389057141285112,0.0,1538.0,0.0
48.5,40.0,0.166785515342002,0.020159900995577497,0.0,1542.0,0.0
48.6,40.0,0.12044473826612248,0.0077404303371627296,0.0,1546.0,0.0
48.7,40.0,-0.16054030584811455,0.01797797744839359,0.0,1550.0,0.0
48.800000000000004,40.0,0.07006839115090258,0.03546218976110674,0.0,1554.0,0.0
48.900000000000006,40.0,-0.13827866501024252,0.016836232157233667,0.0,1558.0,0.0
49.0,40.0,0.05701641488418645,-0.005435905375023488,0.0,1562.0,0.0
49.1,40.0,0.05209728925300061,-0.000761566327902469,0.0,1566.0,0.0
49.2,40.0,-0.022936330131932876,-0.013554357571684175,0.0,1570.0,0.0
49.300000000000004,40.0,0.07072279156034443,0.025921108672028417,0.0,1574.0,0.0
49.400000000000006,40.0,0.09019708267388586,-0.0028715861993964783,0.0,1578.0,0.0
49.5,40.0,-0.07908399771819845,0.008923895700904193,0.0,1582.0,0.0
49.6,40.0,-0.2357259468149423,0.008160286918802773,0.0,1586.0,0.0
49.7,40.0,0.21869518385523007,0.02241968094843034,0.0,1590.0,0.0
49.800000000000004,40.0,-0.10185484613113767,0.024946260798357694,0.0,1594.0,0.0
49.900000000000006,40.0,0.05660320325889386,0.0061996960014991595,0.0,1598.0,0.0
50.0,40.0,-1.047375119319662,0.018197126660754025,0.0,1602.0,0.0
50.1,39.8,-1.7387763322789576,0.00364814421281398,0.0,1605.98,0.0
50.2,39.599999999999994,-1.7221524836349345,0.01640635856312684,0.0,1609.94,0.0
50.300000000000004,39.39999999999999,-2.0272800849170705,-0.006336501002311355,0.0,1613.88,0.0
50.400000000000006,39.19999999999999,-2.274877147924632,0.011919833757727125,0.0,1617.8000000000002,0.0
50.5,39.0,-2.0072028219940763,0.0009639052927655663,0.0,1621.7000000000003,0.0
50.6,38.8,-1.960097487866486,0.006671653859046377,0.0,1625.5800000000004,0.0
50.7,38.599999999999994,-2.07530515835607,0.007850142324628469,0.0,1629.4400000000003,0.0
50.800000000000004,38.39999999999999,-1.7796810378166974,0.005123369225843887,0.0,1633.2800000000002,0.0
50.900000000000006,38.19999999999999,-2.098442631465791,-0.012250993109729321,0.0,1637.1000000000001,0.0
51.0,38.0,-1.9904912838277737,0.014923108754293844,0.0,1640.9,0.0
51.1,37.8,-1.9743751902440456,0.013188884902889282,0.0,1644.68,0.0
51.2,37.599999999999994,-1.9320658819660241,0.013893366514912762,0.0,1648.44,0.0
51.300000000000004,37.39999999999999,-2.17402440436686,0.00970413562465412,0.0,1652.18,0.0
51.400000000000006,37.19999999999999,-2.170392698097329,0.017878292108259815,0.0,1655.9,0.0
51.5,37.0,-1.79695844949843,0.01870941313114558,0.0,1659.6000000000001,0.0
51.6,36.8,-2.079171679635504,0.000996856641010434,0.0,1663.2800000000002,0.0
51.7,36.599999999999994,-2.008830939195396,-0.003462593890387029,0.0,1666.9400000000003,0.0
51.800000000000004,36.39999999999999,-1.8543393328545,0.010393063266595469,0.0,1670.5800000000004,0.0
51.900000000000006,36.19999999999999,-2.31436466104121,-0.0017736081395415592,0.0,1674.2000000000003,0.0
52.0,36.0,-2.1176835327668946,0.0018521990833088066,0.0,1677.8000000000002,0.0
52.1,35.8,-1.7414034018130355,0.00857458957267231,0.0,1681.38,0.0
52.2,35.599999999999994,-1.839199696605478,0.012239640226905017,0.0,1684.94,0.0
52.300000000000004,35.39999999999999,-2.034354737315514,0.003792110194605822,0.0,1688.48,0.0
52.400000000000006,35.19999999999999,-2.022296137225756,-0.019114579981067456,0.0,1692.0,0.0
52.5,35.0,-2.142490954663109,0.01165319720043112,0.0,1695.5,0.0
52.6,34.8,-1.884534627406765,0.0010027416090981527,0.0,1698.98,0.0
52.7,34.599999999999994,-2.1142683664621718,0.0028945463423151975,0.0,1702.44,0.0
52.800000000000004,34.39999999999999,-2.02107145215251,0.011275885879487503,0.0,1705.88,0.0
52.900000000000006,34.19999999999999,-2.081490189431164,0.0001404227963786829,0.0,1709.3000000000002,0.0
53.0,34.0,-2.104722903428764,0.012024427326095467,0.0,1712.7000000000003,0.0
53.1,33.8,-2.001774487909966,0.01576834139827643,0.0,1716.0800000000004,0.0
53.2,33.599999999999994,-2.1906451171581223,0.007064029246094216,0.0,1719.4400000000003,0.0
53.300000000000004,33.39999999999999,-2.263968787250271,0.011374839056589515,0.0,1722.7800000000002,0.0
53.400000000000006,33.19999999999999,-2.069089011574689,0.015303876453068872,0.0,1726.1000000000001,0.0
53.5,33.0,-1.823687635642839,0.0075250818870565275,0.0,1729.4,0.0
53.6,32.8,-2.250304886988185,0.019646363900351304,0.0,1732.68,0.0
53.7,32.599999999999994,-2.1055161544300742,0.008231088299199465,0.0,1735.94,0.0
53.800000000000004,32.39999999999999,-2.0391867752283788,0.00862223120993566,0.0,1739.18,0.0
53.900000000000006,32.19999999999999,-2.0921965821187287,0.003434521353130007,0.0,1742.4,0.0
54.0,32.0,-2.04721034039847,0.0116950362127105,0.0,1745.6000000000001,0.0
54.1,31.799999999999997,-1.9223386737043147,0.00667210468306109,0.0,1748.7800000000002,0.0
54.2,31.599999999999994,-2.0365049467273377,-0.0029207939424704286,0.0,1751.9400000000003,0.0
54.300000000000004,31.39999999999999,-2.067911019539078,-0.0003353408974155125,0.0,1755.0800000000004,0.0
54.400000000000006,31.19999999999999,-1.9768378068362293,0.01255006375769648,0.0,1758.2000000000003,0.0
54.5,31.0,-2.0646120475244314,0.007627802837137946,0.0,1761.3000000000002,0.0
54.6,30.799999999999997,-2.029983349205151,0.015406714935775452,0.0,1764.38,0.0
54.7,30.599999999999994,-2.1028775321533186,-0.005849473687546733,0.0,1767.44,0.0
54.800000000000004,30.39999999999999,-1.9760894670617402,-0.01936725532841545,0.0,1770.48,0.0
54.900000000000006,30.19999999999999,-1.858836928222238,0.020650903082418032,0.0,1773.5,0.0
55.0,30.0,-1.7411732377473381,-0.0014405643607450615,0.0,1776.5,0.0
55.1,29.799999999999997,-1.932727140884506,-0.00383199687011248,0.0,1779.48,0.0
55.2,29.599999999999994,-1.9400741505311287,0.012776560428065534,0.0,1782.44,0.0
55.300000000000004,29.39999999999999,-1.9167967419058962,-0.003690181780060273,0.0,1785.38,0.0
55.400000000000006,29.19999999999999,-2.1610012088740853,-0.002781224443211068,0.0,1788.3000000000002,0.0
55.5,29.0,-2.245032569020287,-0.00995588327226491,0.0,1791.2000000000003,0.0
55.6,28.799999999999997,-1.9079383401395436,0.022379386803250856,0.0,1794.0800000000004,0.0
55.7,28.599999999999994,-1.7618166233304273,0.019359749289917395,0.0,1796.9400000000003,0.0
55.800000000000004,28.39999999999999,-2.017302314642208,0.006999032927388447,0.0,1799.7800000000002,0.0
55.900000000000006,28.19999999999999,-1.9540110992423887,0.011314005182295198,0.0,1802.6000000000001,0.0
56.0,28.0,-2.1060780343575307,0.001487479683771378,0.0,1805.4,0.0
56.1,27.799999999999997,-2.052075024954296,0.0016125307753899272,0.0,1808.18,0.0
56.2,27.599999999999994,-2.132897525935136,0.018432942266196652,0.0,1810.94,0.0
56.300000000000004,27.39999999999999,-1.9789568073099733,0.010755029213680052,0.0,1813.68,0.0
56.400000000000006,27.19999999999999,-2.257773075420785,0.0005480138788908004,0.0,1816.4,0.0
56.5,27.0,-2.0756197714786873,0.018458946547190803,0.0,1819.1000000000001,0.0
56.6,26.799999999999997,-2.3202825159497813,-0.009659575364071665,0.0,1821.7800000000002,0.0
56.7,26.599999999999994,-1.5267741687266734,0.011393159996405668,0.0,1824.4400000000003,0.0
56.800000000000004,26.39999999999999,-1.8479758220024385,-0.004838009983296451,0.0,1827.0800000000004,0.0
56.900000000000006,26.19999999999999,-2.0560261706645986,0.022214845186700284,0.0,1829.7000000000003,0.0
57.0,26.0,-1.7222128639912009,-0.011606364288222155,0.0,1832.3000000000002,0.0
57.1,25.799999999999997,-2.0198888815381926,0.0061111188124604865,0.0,1834.88,0.0
57.2,25.599999999999994,-2.206545345872966,0.01992435774492155,0.0,1837.44,0.0
57.300000000000004,25.39999999999999,-2.044884290690873,0.010423721935482612,0.0,1839.98,0.0
57.400000000000006,25.19999999999999,-2.0968063149743323,-0.0012100474559522687,0.0,1842.5,0.0
57.5,25.0,-1.9161851312202232,0.00401141520287525,0.0,1845.0,0.0
57.6,24.799999999999997,-1.9313457870326332,0.014257948235575666,0.0,1847.48,0.0
57.7,24.599999999999994,-2.012506580422171,0.02370282677188245,0.0,1849.94,0.0
57.800000000000004,24.39999999999999,-1.9911728322563291,-0.013719474644582487,0.0,1852.38,0.0
57.900000000000006,24.19999999999999,-2.251199273386162,0.01944429058757113,0.0,1854.8000000000002,0.0
58.0,24.0,-2.1131724137030092,0.018255605883008136,0.0,1857.2000000000003,0.0
58.1,23.799999999999997,-2.022054326290447,0.0029066265689601883,0.0,1859.5800000000004,0.0
58.2,23.599999999999994,-2.0075316668732066,0.002892660188796358,0.0,1861.9400000000003,0.0
58.300000000000004,23.39999999999999,-1.9743033826572252,0.013972537506596626,0.0,1864.2800000000002,0.0
58.400000000000006,23.19999999999999,-2.1407347052112025,-0.006581288575755397,0.0,1866.6000000000001,0.0
58.5,23.0,-2.1047590972089427,0.010256956992499056,0.0,1868.9,0.0
58.6,22.799999999999997,-1.8571928806842477,0.004895981682820146,0.0,1871.18,0.0
58.7,22.599999999999994,-1.788982421374676,-0.015736957378285697,0.0,1873.44,0.0
58.800000000000004,22.39999999999999,-2.0469639993292335,0.011765103567057029,0.0,1875.68,0.0
58.900000000000006,22.19999999999999,-1.9252767919597817,0.003449741508097735,0.0,1877.9,0.0
59.0,22.0,-1.941149742349347,0.009980722113736417,0.0,1880.1000000000001,0.0
59.1,21.799999999999997,-2.0229188403037632,0.028428416515293656,0.0,1882.2800000000002,0.0
59.2,21.599999999999994,-1.972556833472564,-0.0010071007346511337,0.0,1884.4400000000003,0.0
59.300000000000004,21.39999999999999,-1.9838255567731025,0.01424420053086958,0.0,1886.5800000000004,0.0
59.400000000000006,21.19999999999999,-1.976190203913502,0.021215184811096997,0.0,1888.7000000000003,0.0
59.5,21.0,-1.92472703239741,0.0004074927535326293,0.0,1890.8000000000002,0.0
59.6,20.799999999999997,-2.0568063803159506,0.0037676837055263777,0.0,1892.88,0.0
59.7,20.599999999999994,-2.055272636516537,0.0028881840595876866,0.0,1894.94,0.0
59.800000000000004,20.39999999999999,-2.0532655348275406,-0.018912718365134293,0.0,1896.98,0.0
59.900000000000006,20.19999999999999,-1.7385587201074064,0.018932827194087478,0.0,1899.0,0.0
60.0,20.0,-1.8309358314266144,0.005040033175685215,0.0,1901.0,0.0
60.1,19.799999999999997,-2.0475189792544723,-0.013683268010811187,0.0,1902.98,0.0
60.2,19.599999999999994,-2.0517633524035546,0.003099572571985271,0.0,1904.94,0.0
60.300000000000004,19.39999999999999,-1.929444221123591,0.015183104275931766,0.0,1906.88,0.0
60.400000000000006,19.19999999999999,-1.9565420003216725,-0.009763640736542702,0.0,1908.8000000000002,0.0
60.5,19.0,-2.1513370702565453,0.007795545574566137,0.0,1910.7000000000003,0.0
60.6,18.799999999999997,-1.9232210574533626,0.029727420955942597,0.0,1912.5800000000004,0.0
60.7,18.599999999999994,-1.825720881577955,-2.7795693617698597e-05,0.0,1914.4400000000003,0.0
60.800000000000004,18.39999999999999,-2.0275709115079987,-0.011687956910868252,0.0,1916.2800000000002,0.0
60.900000000000006,18.19999999999999,-2.1374173337304025,-0.0010626880940297493,0.0,1918.1000000000001,0.0
61.0,18.0,-2.0156012961160057,0.013939458912390828,0.0,1919.9,0.0
61.1,17.799999999999997,-2.163463912152072,0.0035563068092296425,0.0,1921.68,0.0
61.2,17.599999999999994,-1.8100182887022924,-0.016329814877942047,0.0,1923.44,0.0
61.300000000000004,17.39999999999999,-2.161183542390306,0.00672258976559514,0.0,1925.18,0.0
61.400000000000006,17.19999999999999,-2.0687319858123194,-0.006269178815204268,0.0,1926.9,0.0
61.5,17.0,-1.8894981948311136,-0.0006178031820299858,0.0,1928.6000000000001,0.0
61.6,16.799999999999997,-2.254520742939567,-0.016894602331846656,0.0,1930.2800000000002,0.0
61.7,16.599999999999994,-1.694912575598654,0.023568722407619234,0.0,1931.9400000000003,0.0
61.800000000000004,16.39999999999999,-1.9172832159662607,-0.0036997583919184075,0.0,1933.5800000000004,0.0
61.900000000000006,16.19999999999999,-1.8482750987736885,0.022160215708650694,0.0,1935.2000000000003,0.0
62.0,16.0,-1.8116543860464938,0.009551804513592369,0.0,1936.8000000000002,0.0
62.1,15.799999999999997,-1.9506301206692593,0.007561152705656118,0.0,1938.38,0.0
62.2,15.599999999999994,-1.8958426205398842,-0.00254918287079423,0.0,1939.94,0.0
62.300000000000004,15.399999999999991,-2.1810947692940403,-0.0012582138629331566,0.0,1941.48,0.0
62.400000000000006,15.199999999999989,-2.146077947586182,0.012428415220735088,0.0,1943.0,0.0
62.5,15.0,-1.9781388556514266,0.004195375592498285,0.0,1944.5,0.0
62.6,14.799999999999997,-1.8895056869462645,-0.01250783590067427,0.0,1945.98,0.0
62.7,14.599999999999994,-2.2616051555768593,0.006903364777538982,0.0,1947.44,0.0
62.800000000000004,14.399999999999991,-2.1401301598625433,-0.0035322600264212174,0.0,1948.88,0.0
62.900000000000006,14.199999999999989,-2.026930641258364,0.004437617948116639,0.0,1950.3000000000002,0.0
63.0,14.0,-1.9147749356634374,-0.016106387765915407,0.0,1951.7000000000003,0.0
63.1,13.799999999999997,-1.863762669962195,0.01064623631949558,0.0,1953.0800000000004,0.0
63.2,13.599999999999994,-1.9733842225977194,0.019850608903379422,0.0,1954.4400000000003,0.0
63.300000000000004,13.399999999999991,-2.298952649400385,0.014552993832689654,0.0,1955.7800000000002,0.0
63.400000000000006,13.199999999999989,-1.860796750562879,-0.0035442233045854315,0.0,1957.1000000000001,0.0
63.5,13.0,-1.7290725568176861,-0.013376380843251247,0.0,1958.4,0.0
63.6,12.799999999999997,-2.120006786291269,-0.004784720622763506,0.0,1959.68,0.0
63.7,12.599999999999994,-1.8256204170549588,0.016311351669553904,0.0,1960.94,0.0
63.800000000000004,12.399999999999991,-1.8392452596936313,-0.006311525815783237,0.0,1962.18,0.0
63.900000000000006,12.199999999999989,-2.0464981188460016,0.0015153108435922136,0.0,1963.4,0.0
64.0,12.0,-2.1260146838256224,0.0007136020688619411,0.0,1964.6000000000001,0.0
64.10000000000001,11.799999999999983,-1.9804360260250207,0.017460441609163015,0.0,1965.7800000000002,0.0
64.2,11.599999999999994,-2.4741028411045236,0.012562974314374437,0.0,1966.9400000000003,0.0
64.3,11.400000000000006,-2.0019850344455277,0.008009834790812879,0.0,1968.0800000000004,0.0
64.4,11.199999999999989,-2.045606696301085,0.015455193597773836,0.0,1969.2000000000003,0.0
64.5,11.0,-2.022043048072867,0.0019446336146733017,0.0,1970.3000000000002,0.0
64.60000000000001,10.799999999999983,-2.054437189532453,-0.00040043451658126374,0.0,1971.38,0.0
64.7,10.599999999999994,-1.884071388424243,-0.00045777228996401326,0.0,1972.44,0.0
64.8,10.400000000000006,-2.1884887839818323,-0.0005346400774591982,0.0,1973.48,0.0
64.9,10.199999999999989,-1.931140980770571,0.003462417769310882,0.0,1974.5,0.0
65.0,10.0,-1.1079598986431791,0.008981709388244469,0.0,1975.5,0.0
65.10000000000001,10.0,-0.11505593506941937,0.010548897276014012,0.0,1976.5,0.0
65.2,10.0,0.0353364116476724,-0.004674689564555061,0.0,1977.5,0.0
65.3,10.0,0.11400995014237507,-0.001987312391791018,0.0,1978.5,0.0
65.4,10.0,-0.24521945684384416,-0.015909321758539135,0.0,1979.5,0.0
65.5,10.0,-0.07835957866593779,0.012558192669822034,0.0,1980.5,0.0
65.60000000000001,10.0,0.12387161150399417,0.005747571117250395,0.0,1981.5,0.0
65.7,10.0,-0.18446781727405834,-0.016949885403402476,0.0,1982.5,0.0
65.8,10.0,0.07132095413147764,-0.0030832402998646853,0.0,1983.5,0.0
65.9,10.0,0.03060598344802091,0.012296968170457865,0.0,1984.5,0.0
66.0,10.0,0.3435683230662007,-0.0007042249136005119,0.0,1985.5,0.0
66.10000000000001,10.0,-0.12593816700955224,0.011434998478653889,0.0,1986.5,0.0
66.2,10.0,0.010797559220130407,-0.003488043832431272,0.0,1987.5,0.0
66.3,10.0,-0.3033321423195015,0.00748311823649446,0.0,1988.5,0.0
66.4,10.0,0.12072230053702959,-0.0024181730395639338,0.0,1989.5,0.0
66.5,10.0,0.07910035628205442,0.015852173748808186,0.0,1990.5,0.0
66.60000000000001,10.0,0.15865019834715235,0.01753592022611533,0.0,1991.5,0.0
66.7,10.0,-0.06943896238134908,0.003432644097489263,0.0,1992.5,0.0
66.8,10.0,-0.050671111528250025,0.026138638516590446,0.0,1993.5,0.0
66.9,10.0,-0.10734589302951814,0.007383441969222427,0.0,1994.5,0.0
67.0,10.0,0.018941728552965047,-0.009312673579498831,0.0,1995.5,0.0
67.10000000000001,10.0,-0.06011164365516777,-0.009025907332041366,0.0,1996.5,0.0
67.2,10.0,0.07520960050233973,0.007580729532283572,0.0,1997.5,0.0
67.3,10.0,0.30609275459393187,-6.0410805627091405e-05,0.0,1998.5,0.0
67.4,10.0,-0.34625645329642607,-0.0007533917505007925,0.0,1999.5,0.0
67.5,10.0,0.028558208568112163,0.00859558241931858,0.0,2000.5,0.0
67.60000000000001,10.0,0.14704131866150724,0.011771371372496599,0.0,2001.5,0.0
67.7,10.0,0.25051102427633265,-0.011471157276049651,0.0,2002.5,0.0
67.8,10.0,-0.1339575138965612,0.00534502584531104,0.0,2003.5,0.0
67.9,10.0,-0.02202021775971953,-0.009630390649081517,0.0,2004.5,0.0
68.0,10.0,-0.1972935267104778,0.011832051365676843,0.0,2005.5,0.0
68.10000000000001,10.0,-0.2190324286281167,0.006809791260076898,0.0,2006.5,0.0
68.2,10.0,-0.06804575903646244,0.006837057130326535,0.0,2007.5,0.0
68.3,10.0,-0.05704420364103201,0.01718537699514827,0.0,2008.5,0.0
68.4,10.0,0.07077242976224768,-0.009709799941547786,0.0,2009.5,0.0
68.5,10.0,0.05516108639618872,0.020424123955067115,0.0,2010.5,0.0
68.60000000000001,10.0,-0.16282517859633375,0.011044005941680379,0.0,2011.5,0.0
68.7,10.0,0.2759451020529231,0.0015395415239431265,0.0,2012.5,0.0
68.8,10.0,0.09180960155704126,0.00444808043527254,0.0,2013.5,0.0
68.9,10.0,0.024457924337985104,0.006318487727380032,0.0,2014.5,0.0
69.0,10.0,0.0014058016119741716,0.008166738058615987,0.0,2015.5,0.0
69.10000000000001,10.0,-0.08480870275409698,-0.00675379327232332,0.0,2016.5,0.0
69.2,10.0,0.1644448399223607,0.0036709391199173597,0.0,2017.5,0.0
69.3,10.0,-0.09905353017010417,0.010996104874781018,0.0,2018.5,0.0
69.4,10.0,0.3584917730397418,0.00637738646293174,0.0,2019.5,0.0
69.5,10.0,-0.17471969768850326,-0.011557190691235824,0.0,2020.5,0.0
69.60000000000001,10.0,-0.002581347231634005,-0.0020456295240627136,0.0,2021.5,0.0
69.7,10.0,0.11794665851957667,0.0015003778806496806,0.0,2022.5,0.0
69.8,10.0,0.22742749941185983,0.004718132835755331,0.0,2023.5,0.0
69.9,10.0,-0.138382096657137,-0.02083606866813955,0.0,2024.5,0.0
70.0,10.0,0.06718130948120876,0.08166994465126153,0.006981317007977318,2025.4999756307054,0.006981260297961553
70.10000000000001,10.0,-0.07492316324115846,0.07969094650660313,0.013962634015954637,2026.4998781547147,0.020943440637106826
70.2,10.0,-0.0031691985501694432,0.08662826754553868,0.020943951023931956,2027.4996588381896,0.04188586052046379
70.3,10.0,-0.21779261035777725,0.05554783103485359,0.027925268031909273,2028.4992689532298,0.06980749924403268
70.4,10.0,0.3454398458500772,0.07977730710577281,0.03490658503988659,2029.498659780249,0.10470699594653365
70.5,10.0,0.3784275077363731,0.06887488567332453,0.04188790204786391,2030.497782610348,0.14658264967573328
70.60000000000001,10.0,0.115532236691116,0.08276924846902597,0.04886921905584123,2031.4965887476894,0.19543241947134654
70.7,10.0,0.0018530868738111308,0.0612428375301261,0.055850536063818554,2032.4950295118715,0.25125392446451034
70.8,10.0,-0.0705728659204097,0.07610861258280044,0.06283185307179587,2033.4930562402997,0.3140444439938237
70.9,10.0,0.08151896581243459,0.06903879214392833,0.06981317007977318,2034.4906202905595,0.383800917737949
71.0,10.0,-0.10037158291391755,0.07777542103933419,0.0767944870877505,2035.4876730427864,0.46051994586476763
71.10000000000001,10.0,0.13896963708115423,0.0719291521323421,0.08377580409572781,2036.4841659020358,0.5441977891970831
71.2,10.0,0.18598933491818528,0.08241626289787074,0.09075712110370512,2037.4800503006518,0.6348303693948631
71.3,10.0,-0.1280800518105509,0.06661044397371477,0.09773843811168244,2038.4752777006336,0.7324132691540126
71.4,10.0,-0.13005956043187308,0.05463562368124274,0.10471975511965975,2039.4697995960018,0.836941732421666
71.5,10.0,-0.08742877970664663,0.051235751680744145,0.11170107212763707,2040.4635675151624,0.9484106646279915
71.60000000000001,10.0,-0.030529959660882663,0.07524319616389528,0.11868238913561438,2041.456533023269,1.0668146329344925
71.7,10.0,0.07534321980561176,0.07955972949969341,0.1256637061435917,2042.4486477245835,1.1921478664987968
71.8,10.0,-0.20892957578869226,0.0916223229033057,0.13264502315156904,2043.439863264835,1.324404256755919
71.9,10.0,-0.03227096251149905,0.08207787908164647,0.13962634015954636,2044.4301313335766,1.4635773577159845
72.0,10.0,0.22817519679126674,0.07752629143375671,0.1466076571675237,2045.4194036665397,1.6096603862783962
72.10000000000001,10.0,0.10490063601651357,0.07794537451646356,0.15358897417550102,2046.4076320479862,1.7626462225624344
72.2,10.0,-0.09623089916020199,0.07096759214713128,0.16057029118347835,2047.394768313059,1.9225274102542693
72.3,10.0,-0.028491584788403197,0.06870982624294406,0.16755160819145568,2048.3807643501295,2.089296156970372
72.4,10.0,0.07654029777354202,0.09311326277477845,0.174532925199433,2049.365572103142,2.2629443346373024
72.5,10.0,0.11761447028987126,0.09701495864042196,0.18151424220741033,2050.349143573955,2.4434634798878623
72.60000000000001,10.0,-0.16845925928056774,0.08287736699025235,0.18849555921538766,2051.331430824684,2.630844794473587
72.7,10.0,0.13129607987321745,0.0738767003038894,0.195476876223365,2052.312385980033,2.825079145693559
72.8,10.0,-0.26050842311235883,0.09371911644336091,0.20245819323134231,2053.2919612296323,3.0261570668395237
72.9,10.0,-0.21968848509541636,0.0746303142081873,0.20943951023931964,2054.270108830366,3.2340687576572833
73.0,10.0,0.2130737731234254,0.08231914204076116,0.21642082724729697,2055.2467811087004,3.4488040848243466
73.10000000000001,10.0,-0.234312834635194,0.06503146287573569,0.2234021442552743,2056.2219304630057,3.670352582443814
73.2,10.0,-0.05660197228769748,0.08005348934379716,0.23038346126325163,2057.195509365879,3.8987034525544697
73.3,10.0,-0.11599303377487026,0.06930314684629345,0.23736477827122895,2058.1674703664576,4.13384556565706
73.4,10.0,0.1449781246250098,0.06491836549908274,0.24434609527920628,2059.1377660927337,4.375767461256728
73.5,10.0,0.004788843114419582,0.06476526287152233,0.2513274122871836,2060.1063492538624,4.624457348421583
73.60000000000001,10.0,0.19583367104247287,0.08045718711265752,0.2583087292951609,2061.073172642467,4.879903106357373
73.7,10.0,-0.21675081551580153,0.07316418518043205,0.26529004630313824,2062.0381891369393,5.142092284998238
73.8,10.0,0.14754825460590937,0.08011582959535789,0.27227136331111557,2063.001351703737,5.411012105613504
73.9,10.0,-0.089503150049958,0.06926550945355105,0.2792526803190929,2063.9626133996753,5.686649461430504
74.0,10.0,-0.013964141696826906,0.06424814549087392,0.2862339973270702,2064.9219273742156,5.968990918273381
74.10000000000001,10.0,-0.1204762574588758,0.08679579809902419,0.29321531433504755,2065.8792468717475,6.2580227152178525
74.2,10.0,-0.10567798501752718,0.07982205275108394,0.3001966313430249,2066.83452523387,6.553730765261899
74.3,10.0,-0.05401074604973969,0.08620874582892614,0.3071779483510022,2067.787715901663,6.856100656012344
74.4,10.0,0.009055225313770232,0.07444837960157072,0.31415926535897953,2068.738772417958,7.165117650387291
74.5,10.0,0.15847224004878702,0.08323026319071795,0.32114058236695686,2069.6876484296026,7.480766687334394
74.60000000000001,10.0,0.16181859623804992,0.06329304280066521,0.3281218993749342,2070.6342976897186,7.803032382564905
74.7,10.0,-0.18493639193527606,0.07591288526859243,0.3351032163829115,2071.578674059956,8.131899029303488
74.8,10.0,-0.024823245381741573,0.08403798509952767,0.34208453339088885,2072.520731512743,8.467350599053743
74.9,10.0,-0.2709347121558037,0.053208326820343835,0.3490658503988662,2073.460424133529,8.809370742379413
75.0,10.0,-0.03245873514475128,0.07406813426534264,0.3560471674068435,2074.397706123021,9.157942789701227
75.10000000000001,10.0,-0.21374861642192686,0.08163171871855397,0.36302848441482083,2075.332531799417,9.513049752109364
75.2,10.0,-0.11027896110862435,0.07498786897286706,0.37000980142279816,2076.264855600633,9.874674322191456
75.3,10.0,0.048432531332113005,0.0914828437846583,0.3769911184307755,2077.1946320865213,10.242798874876135
75.4,10.0,-0.09721248076264319,0.07165473613668419,0.3839724354387528,2078.1218159410882,10.617405468292047
75.5,10.0,0.17253475714462577,0.07650539661958347,0.39095375244673014,2079.0463619747006,10.998475844642321
75.60000000000001,10.0,-0.1708348366714479,0.0858639595234737,0.39793506945470747,2079.9682251262893,11.385991431094425
75.7,10.0,-0.0029718569836195414,0.07263607034294381,0.4049163864626848,2080.8873604655446,11.779933340685377
75.8,10.0,0.1657192485003938,0.07507938969684705,0.4118977034706621,2081.8037231951066,12.180282373242271
75.9,10.0,0.07467341128701742,0.08702023114533942,0.41887902047863945,2082.717268652749,12.587019016318072
76.0,10.0,0.16952497405134215,0.06798414489547294,0.4258603374866168,2083.6279523135554,13.000123446142615
76.10000000000001,10.0,0.02391226758530871,0.075361868625254,0.4328416544945941,2084.535729792088,13.419575528588792
76.2,10.0,-0.06440869281437424,0.08078386670592083,0.43982297150257144,2085.440556844554,13.845354820153865
76.3,10.0,0.10049411593077193,0.06820791244948966,0.44680428851054876,2086.342389370959,14.277440568955848
76.4,10.0,-0.045069263083528495,0.07519877493004021,0.4537856055185261,2087.2411834172585,14.715811715744925
76.5,10.0,-0.013855977173841202,0.0761985963995977,0.4607669225265034,2088.136895177498,15.160446894929853
76.60000000000001,10.0,-0.18171617351104388,0.08763312320958601,0.46774823953448075,2089.02948099595,15.611324435619284
76.7,10.0,-0.14034055581036664,0.07995846170340035,0.4747295565424581,2089.918897369241,16.06842236267798
76.80000000000001,10.0,-0.03449091245847361,0.06022292438792225,0.4817108735504354,2090.8051009484725,16.53171839779784
76.9,10.0,0.1800361049468624,0.08587301904932682,0.48869219055841273,2091.688048541331,17.00118996058373
77.0,10.0,0.04299415677809278,0.07766723523585693,0.49567350756639006,2092.567697114198,17.476814169654006
77.10000000000001,10.0,0.28015169079911606,0.0730968044324028,0.5026548245743674,2093.444003794242,17.95856784375572
77.2,10.0,0.143279293128096,0.062282941921137445,0.5096361415823447,2094.3169258715116,18.44642750289445
77.30000000000001,10.0,-0.16023882743961934,0.0707044463737027,0.516617458590322,2095.186420801017,18.94036936947868
77.4,10.0,0.18461095356469392,0.06760029640314207,0.5235987755982994,2096.0524462048015,19.44036936947868
77.5,10.0,-0.11846747635291348,0.06655196689896993,0.5305800926062767,2096.9149598740087,19.946403133599844
77.60000000000001,10.0,0.14501174789748955,0.07485294733463112,0.537561409614254,2097.7739197709393,20.458445998470417
77.7,10.0,-0.03297436560744168,0.06020789672038134,0.5445427266222314,2098.6292840311,20.97647300784355
77.80000000000001,10.0,-0.14893537541612442,0.07662898530895726,0.5515240436302087,2099.481010965243,21.500458913813628
77.9,10.0,-0.22776058048630582,0.07603010817316186,0.558505360638186,2100.3290590613997,22.03037817804683
78.0,10.0,0.10655850622913732,0.10455939433798302,0.5654866776461633,2101.1733869869017,22.56620497302583
78.10000000000001,10.0,-0.013707598959907249,0.06590925308489513,0.5724679946541407,2102.0139535903973,23.10791318330857
78.2,10.0,-0.24230431592134546,0.06533295991531096,0.579449311662118,2102.850717903856,23.655476406801117
78.30000000000001,10.0,0.08895996781287642,0.07985584644095321,0.5864306286700953,2103.6836391445663,24.20886795604446
78.4,10.0,0.19214362792659515,0.0757102029454734,0.5934119456780726,2104.5126767171214,24.76806085951521
78.5,10.0,0.1094836745837434,0.078605975483886,0.60039326268605,2105.3377902153998,25.33302786294015
78.60000000000001,10.0,-0.01026163392272132,0.08528933228039534,0.6073745796940273,2106.1589394245334,25.90374143062458
78.7,10.0,0.19374079385927837,0.07268842895482763,0.6143558967020046,2106.9760843228687,26.480173746794375
78.80000000000001,10.0,-0.028255392215360428,0.073323268825594,0.621337213709982,2107.7891850839155,27.062296716951664
78.9,10.0,-0.14916252743098526,0.07312748096582118,0.6283185307179593,2108.5982020782903,27.650081969244138
79.0,10.0,0.15395631416405545,0.07355300672830876,0.6352998477259366,2109.403095875646,28.243500855847838
79.10000000000001,10.0,0.24979805166277808,0.07583807673168029,0.642281164733914,2110.2038272465948,28.842524454363424
79.2,10.0,-0.26168036658782273,0.07150015815573607,0.6492624817418913,2111.000357164619,29.4471235692258
79.30000000000001,10.0,-0.06603518895558026,0.07625351939013578,0.6562437987498686,2111.792646807974,30.057268733127067
79.4,10.0,0.044346508995524066,0.07662309042332606,0.6632251157578459,2112.5806575615807,30.672930208452726
79.5,10.0,-0.05265471053471611,0.06678578599836028,0.6702064327658233,2113.3643510189063,31.294077988731036
79.60000000000001,10.0,0.29166323430804847,0.06429767079255691,0.6771877497738006,2114.143688983838,31.920681800095497
79.7,10.0,0.012421947797864806,0.08072509178302019,0.6841690667817779,2114.918633472542,32.55271110276035
79.80000000000001,10.0,0.1756416449043543,0.05593702318489441,0.6911503837897552,2115.6891467153177,33.19013509250904
79.9,10.0,-0.018670822113309882,0.07140763097301492,0.6981317007977326,2116.4551911584367,33.83292270219558
80.0,10.0,-0.28665352388855864,0.07529871226129693,0.7051130178057099,2117.2167294659735,34.481042603258715
80.10000000000001,10.0,0.2392510854017741,0.08749062785157782,0.7120943348136872,2117.973724521625,35.13446320724882
80.2,10.0,0.020074517914514412,0.0816063387183885,0.7190756518216646,2118.726139430521,35.7931526673675
80.30000000000001,10.0,0.0224647968833559,0.06959448267186703,0.7260569688296419,2119.4739375210197,36.45707888001974
80.4,10.0,0.015846006510989354,0.084938699680236,0.7330382858376192,2120.217082346497,37.1262094863786
80.5,10.0,-0.11131763491579567,0.08307870728030928,0.7400196028455965,2120.955537687123,37.80051187396232
80.60000000000001,10.0,-0.1661484940537986,0.08836554349304823,0.7470009198535739,2121.689267551626,38.47995317822384
80.7,10.0,-0.012039994180337693,0.065050821009432,0.7539822368615512,2122.4182361790477,39.164500284152524
80.80000000000001,10.0,-0.0716276137603798,0.07705518038687782,0.7609635538695285,2123.142408040485,39.8541198278882
80.9,10.0,0.02088287048630273,0.08870775439297218,0.7679448708775058,2123.8617478408237,40.54877819834719
81.0,10.0,0.08977838455698813,0.0942083350691952,0.7749261878854832,2124.5762205204564,41.24844153886056
81.10000000000001,10.0,-0.08452666978476685,0.07887689790952025,0.7819075048934605,2125.285791256993,41.953075748824155
81.2,10.0,0.25070208422057483,0.08399894406895526,0.7888888219014378,2125.9904254669564,42.662646485360675
81.30000000000001,10.0,-0.10286195258527796,0.06943392178766242,0.7958701389094152,2126.6900888074697,43.37711916499348
81.4,10.0,-0.16307644289053932,0.09099876239331739,0.8028514559173925,2127.3847471779286,44.09645896533213
81.5,10.0,-0.03279670552256783,0.08385723070767852,0.8098327729253698,2128.0743667216643,44.8206308267696
81.60000000000001,10.0,0.11546144376723523,0.08504220544254368,0.8168140899333471,2128.758913827593,45.54959945419101
81.7,10.0,0.1067751997738151,0.08410827057118572,0.8237954069413245,2129.4383551318547,46.28332931869389
81.80000000000001,10.0,0.016727121554453044,0.06187302891280989,0.8307767239493018,2130.1126575194385,47.02178465931977
81.9,10.0,0.16202170737564053,0.0649387665086156,0.8377580409572791,2130.7817881257974,47.764929484797165
82.0,10.0,0.1631703948190913,0.06815319146746232,0.8447393579652565,2131.4457143384498,48.5127275752957
82.10000000000001,10.0,0.01889242343725447,0.09465299416682024,0.8517206749732338,2132.1044037985685,49.26514248419142
82.2,10.0,0.06314222613677273,0.07675743187783458,0.8587019919812111,2132.7578244025585,50.02213753984318
82.30000000000001,10.0,0.22770342783467817,0.07224301530870555,0.8656833089891884,2133.4059443036217,50.78367584737992
82.4,10.0,0.07453818758624126,0.07789627876651257,0.8726646259971658,2134.048731913308,51.5497202904989
82.5,10.0,-0.2228139609620741,0.06647400909617848,0.8796459430051431,2134.6861559030567,52.32023353327469
82.60000000000001,10.0,-0.4167651838693576,0.08041044561951621,0.8866272600131204,2135.3181852057214,53.09517802197887
82.7,10.0,0.1432002632916212,0.08112457081549287,0.8936085770210977,2135.944789017086,53.87451598691034
82.80000000000001,10.0,-0.14961957731917422,0.07500939406554014,0.9005898940290751,2136.5659367973644,54.65820944423618
82.9,10.0,0.2565378172907634,0.06381420428420077,0.9075712110370524,2137.1815982726903,55.4462201978429
83.0,10.0,0.07641595406950927,0.07935167755818909,0.9145525280450297,2137.7917434365913,56.23850984119809
83.10000000000001,10.0,-0.05465901630329397,0.07428733839441883,0.9215338450530071,2138.396342551454,57.035039759222286
83.2,10.0,0.06412769718990506,0.08300595943990464,0.9285151620609844,2138.9953661499694,57.83577113017102
83.30000000000001,10.0,-0.17496059191995214,0.07784154590718918,0.9354964790689617,2139.588785036573,58.640664927526934
83.4,10.0,-0.035172270734385294,0.05772285656248988,0.942477796076939,2140.1765702888656,59.449681921901885
83.5,10.0,-0.02493828077295132,0.0804619374034417,0.9494591130849164,2140.758693259023,60.26278268294891
83.60000000000001,10.0,0.11603646147062108,0.0755368718258788,0.9564404300928937,2141.3351255751927,61.07992758128404
83.7,10.0,-0.003502707721458593,0.08936179256780018,0.963421747100871,2141.905839142877,61.90107679041775
83.80000000000001,10.0,-0.06026174141270349,0.07829911699130164,0.9704030641088484,2142.470806146302,62.726190288696046
83.9,10.0,-0.152118521659523,0.08606217126115727,0.9773843811168257,2143.029999049773,63.55522786125109
84.0,10.0,-0.13407688429262943,0.09351916403615158,0.984365698124803,2143.583390599016,64.38814910196119
84.10000000000001,10.0,-0.1350844434442828,0.06451089354509397,0.9913470151327803,2144.1309538225087,65.22491341542015
84.2,10.0,-0.007752287574147497,0.07906802270922268,0.9983283321407577,2144.6726620327913,66.06548001891584
84.30000000000001,10.0,0.1695878094393702,0.06177509901723967,1.005309649148735,2145.2084888277705,66.90980794441785
84.4,10.0,-0.09056177323816299,0.09104886487253602,1.0122909661567123,2145.7384080920037,67.75785604057428
84.5,10.0,0.09233213936694372,0.08570804548069277,1.0192722831646897,2146.262393997974,68.60958297471733
84.60000000000001,10.0,-0.048620857392451804,0.06485144306535684,1.026253600172667,2146.7804210073473,69.46494723487784
84.7,10.0,0.05782563121059327,0.06141589912641811,1.0332349171806443,2147.292463872218,70.32390713180851
84.80000000000001,10.0,0.05009947263973945,0.05792366261506472,1.0402162341886216,2147.798497636339,71.18642080101577
84.9,10.0,0.15879397583596244,0.07057933257841359,1.047197551196599,2148.298497636339,72.0524462048002
85.0,10.0,1.0789073049282825,0.05453756873737063,1.0541788682045763,2148.792439502923,72.92194113430543
85.10000000000001,10.200000000000017,1.801006480825399,0.08342465946618231,1.0611601852125536,2149.290056355245,73.81232165312063
85.2,10.400000000000006,1.896339997171293,0.07459027876675889,1.068141502220531,2149.7910801763105,74.72368060036625
85.30000000000001,10.600000000000023,1.955178660805676,0.07676001414654972,1.0751228192285083,2150.295241837925,75.65610808760486
85.4,10.800000000000011,2.0321353716843,0.0822287640252623,1.0821041362364856,2150.8022711257336,76.6096914878925
85.5,11.0,1.8863743099023083,0.07596421699059114,1.089085453244463,2151.3118967643654,77.58451542504685
85.60000000000001,11.200000000000017,2.0659128066873853,0.0847762152468697,1.0960667702524403,2151.8238464426713,78.5806617631331
85.7,11.400000000000006,1.807725791069628,0.08172519472413797,1.1030480872604176,2152.3378468390574,79.59820959616852
85.80000000000001,11.600000000000023,1.8022401647884785,0.08702455773566287,1.110029404268395,2152.8536236469117,80.63723523804624
85.9,11.800000000000011,1.6062911397234492,0.09661526996198265,1.1170107212763722,2153.370901600123,81.69781221267927
86.0,12.0,1.8652503010167745,0.08044523399223943,1.1239920382843496,2153.8894044986855,82.7800112443654
86.10000000000001,12.200000000000017,1.975676582629232,0.06812226858309184,1.130973355292327,2154.408855234395,83.88390024837395
86.2,12.400000000000006,1.9146773638078995,0.06390365787082455,1.1379546723003042,2154.9289758166283,85.00954432175476
86.30000000000001,12.600000000000023,1.8160324300077126,0.07426355157350051,1.1449359893082816,2155.449487398207,86.15700573437054
86.4,12.800000000000011,1.8328097639536731,0.047330346958164037,1.1519173063162589,2155.970110301344,87.32634392015308
86.5,13.0,1.9634254438469212,0.05800389464977809,1.1588986233242362,2156.4905640436677,88.517615468584
86.60000000000001,13.200000000000017,2.0439347131973467,0.05174560733937276,1.1658799403322135,2157.010567364328,89.73087411640091
86.7,13.400000000000006,2.192356076616972,0.07869164554769773,1.1728612573401909,2157.5298382501737,90.9661707395295
86.80000000000001,13.600000000000023,2.0126016551598633,0.07815129318210662,1.1798425743481682,2158.04809396201,92.22355334524225
86.9,13.800000000000011,2.1020124376766756,0.08174018166838028,1.1868238913561455,2158.565051060924,93.50306706454442
87.0,14.0,1.7848224677040072,0.08469831549545169,1.1938052083641228,2159.0804254346826,94.80475414478798
87.10000000000001,14.200000000000017,1.6694547660910382,0.07408469333662891,1.2007865253721002,2159.593932324199,96.128653942514
87.2,14.400000000000006,1.8367462703289286,0.05939919622181494,1.2077678423800775,2160.1052863500668,97.47480291652427
87.30000000000001,14.600000000000023,1.9485272557702806,0.08981037322383639,1.2147491593880548,2160.6142015391565,98.84323462118243
87.4,14.800000000000011,2.2341938576301708,0.07563179136283894,1.2217304763960322,2161.1203913512786,100.23397969994558
87.5,15.0,1.9695868094834987,0.07587222827230149,1.2287117934040095,2161.623568705904,101.64706587912653
87.60000000000001,15.200000000000017,2.098454137261604,0.07751125577452736,1.2356931104119868,2162.1234460089463,103.0825179618875
87.7,15.400000000000006,2.0494507213299795,0.061112329041561275,1.2426744274199641,2162.6197351796013,104.54035782246568
87.80000000000001,15.600000000000023,1.9977138790122193,0.0653133565096396,1.2496557444279415,2163.1121476772387,106.0206044006311
87.9,15.800000000000011,2.2593235800813987,0.06697429033627059,1.2566370614359188,2163.600394528351,107.52327369637744
88.0,16.0,1.9944106386879001,0.06129527151783827,1.2636183784438961,2164.0841863535516,109.04837876484616
88.10000000000001,16.200000000000017,1.8866389871390834,0.06171909641315203,1.2705996954518735,2164.563233394623,110.59592971148436
88.2,16.400000000000006,2.124205219957031,0.07651085974708945,1.2775810124598508,2165.037245541612,112.16593368743695
88.30000000000001,16.600000000000023,2.178493180181214,0.08650921393227001,1.2845623294678281,2165.5059323599708,113.75839488517344
88.4,16.80000000000001,2.0971026235825287,0.08057832692431438,1.2915436464758054,2165.9690031177433,115.37331453434982
88.5,17.0,2.0607464251198437,0.0726999071861262,1.2985249634837828,2166.4261668127892,117.01069089790583
88.60000000000001,17.200000000000017,2.0651672936454055,0.08389980260219038,1.30550628049176,2166.8771322000516,118.67051926839821
88.7,17.400000000000006,2.1658150308473063,0.0755922163395806,1.3124875974997374,2167.32160781886,120.35279196456997
88.80000000000001,17.600000000000023,2.06883639199862,0.07061946008132168,1.3194689145077148,2167.75930202027,122.05749832815637
88.9,17.80000000000001,1.9980395666842745,0.07456732790446402,1.326450231515692,2168.1899229944374,123.78462472092765
89.0,18.0,2.158535237381754,0.07022733742076702,1.3334315485236694,2168.613178798022,125.53415452196904
89.10000000000001,18.200000000000017,2.038248192680535,0.06073629195531999,1.3404128655316467,2169.0287773816235,127.3060681251982
89.2,18.400000000000006,1.9810985817090814,0.07691783597415852,1.347394182539624,2169.4364266172433,129.10034293712044
89.30000000000001,18.600000000000023,1.9789564619599675,0.07284354926477052,1.3543754995476014,2169.835834325774,130.916953374822
89.4,18.80000000000001,1.7979175394151874,0.08981156386320654,1.3613568165555787,2170.2267083045117,132.75587086420154
89.5,19.0,2.2904283595608255,0.07262914876354509,1.368338133563556,2170.608756354689,134.6170638384403
89.60000000000001,19.200000000000017,1.7472840877434126,0.08374193158431342,1.3753194505715334,2170.9816863090314,136.50049773671074
89.7,19.400000000000006,1.8939851818991333,0.06739650714322679,1.3823007675795107,2171.3452060593277,138.4061350031244
89.80000000000001,19.600000000000023,2.0497818373688936,0.08688269657348273,1.389282084587488,2171.699023584019,140.33393508591865
89.9,19.80000000000001,2.0831916039614287,0.07851889850326603,1.3962634015954654,2172.0428469757994,142.28385443688282
90.0,20.0,1.9522851104514582,0.06899797810800012,1.4032447186034427,2172.3763844692317,144.25584651102383
90.10000000000001,20.200000000000017,1.804059449921241,0.0063512433309113134,1.4032447186034427,2172.713257337598,146.24755850590626
90.2,20.400000000000006,1.978623895194041,0.01567020491497418,1.4032447186034427,2173.053465580899,148.2589904215301
90.30000000000001,20.600000000000023,2.124646733567694,0.010814252661589231,1.4032447186034427,2173.397009199134,150.29014225789533
90.4,20.80000000000001,2.3230209830294024,0.008221959984442972,1.4032447186034427,2173.7438881923035,152.34101401500197
90.5,21.0,2.290696515819458,0.006562735284948535,1.4032447186034427,2174.0941025604075,154.41160569285003
90.60000000000001,21.200000000000017,1.9637297426861224,0.008040439456191439,1.4032447186034427,2174.4476523034455,156.5019172914395
90.7,21.400000000000006,1.9222470373095863,0.003088621972866009,1.4032447186034427,2174.804537421418,158.61194881077037
90.80000000000001,21.600000000000023,1.7449722491136517,0.014050439979137984,1.4032447186034427,2175.1647579143246,160.74170025084265
90.9,21.80000000000001,2.3135765940513484,-0.01128451156398673,1.4032447186034427,2175.5283137821657,162.89117161165635
91.0,22.0,1.9583258041823073,0.0014458380801760057,1.4032447186034427,2175.8952050249413,165.06036289321145
91.10000000000001,22.200000000000017,2.240083514287222,0.000558505152086745,1.4032447186034427,2176.265431642651,167.24927409550796
91.2,22.400000000000006,1.9619093877235416,0.02524485171015162,1.4032447186034427,2176.6389936352953,169.45790521854587
91.30000000000001,22.600000000000023,2.1684395354284236,-0.00670370991223193,1.4032447186034427,2177.0158910028736,171.68625626232523
91.4,22.80000000000001,2.082880757219159,-0.005463084022334234,1.4032447186034427,2177.3961237453864,173.934327226846
91.5,23.0,1.7680650371330824,0.0038636860185804365,1.4032447186034427,2177.7796918628333,176.20211811210817
91.60000000000001,23.200000000000017,1.9922767070404734,0.00026557716708695486,1.4032447186034427,2178.1665953552147,178.48962891811175
91.7,23.400000000000006,1.7784735597905188,-0.020360742511869038,1.4032447186034427,2178.55683422253,180.79685964485674
91.80000000000001,23.600000000000023,2.1569944519201325,-0.005748214797904535,1.4032447186034427,2178.95040846478,183.12381029234314
91.9,23.80000000000001,2.111209797748437,0.019651170241246265,1.4032447186034427,2179.3473180819647,185.47048086057094
92.0,24.0,2.106045395811482,-0.007604553792128881,1.4032447186034427,2179.7475630740832,187.83687134954016
92.10000000000001,24.200000000000017,1.9420958665213448,-0.008733042527216493,1.4032447186034427,2180.1511434411364,190.22298175925079
92.2,24.400000000000006,2.2436679768506576,0.011415114084699142,1.4032447186034427,2180.5580591831235,192.62881208970282
92.30000000000001,24.600000000000023,2.130060612612725,-0.01352854256451912,1.4032447186034427,2180.9683103000452,195.05436234089626
92.4,24.80000000000001,2.2553549844221212,0.027808798273297002,1.4032447186034427,2181.381896791901,197.4996325128311
92.5,25.0,2.0300901413788828,0.0005324377110733887,1.4032447186034427,2181.7988186586913,199.96462260550737
92.60000000000001,25.200000000000017,1.8615461424027637,0.015083406447294511,1.4032447186034427,2182.2190759004156,202.44933261892504
92.7,25.400000000000006,2.097051455519879,0.006798059065606729,1.4032447186034427,2182.6426685170745,204.95376255308412
92.80000000000001,25.600000000000023,2.2450438331739173,0.0031245973974971283,1.4032447186034427,2183.069596508668,207.4779124079846
92.9,25.80000000000001,1.8633211820439097,-0.017198974802991474,1.4032447186034427,2183.4998598751954,210.0217821836265
93.0,26.0,1.9409627364177875,0.016361675866872497,1.4032447186034427,2183.9334586166574,212.5853718800098
93.10000000000001,26.200000000000017,1.8182174730618417,-0.0038883413738902755,1.4032447186034427,2184.3703927330534,215.16868149713451
93.2,26.400000000000006,1.768013190922054,0.007208999112140641,1.4032447186034427,2184.810662224384,217.77171103500064
93.30000000000001,26.600000000000023,1.913193802751664,0.011685881362403845,1.4032447186034427,2185.2542670906487,220.3944604936082
93.4,26.80000000000001,2.0037229434046875,0.018541547345324056,1.4032447186034427,2185.701207331848,223.03692987295716
93.5,27.0,1.8456845202375187,0.004040086248776816,1.4032447186034427,2186.1514829479815,225.69911917304754
93.60000000000001,27.200000000000017,1.7599874204913166,-0.007764981659433619,1.4032447186034427,2186.6050939390493,228.38102839387932
93.7,27.400000000000006,2.011819536930302,0.0013036240939033718,1.4032447186034427,2187.0620403050516,231.0826575354525
93.80000000000001,27.600000000000023,1.9423225889797378,0.00932446054291223,1.4032447186034427,2187.522322045988,233.8040065977671
93.9,27.80000000000001,1.9225185551212791,0.00941497652696459,1.4032447186034427,2187.985939161859,236.54507558082312
94.0,28.0,2.119635059160588,0.0038211530416405325,1.4032447186034427,2188.4528916526638,239.30586448462054
94.10000000000001,28.200000000000017,2.04683925963324,-0.012728962573378428,1.4032447186034427,2188.9231795184032,242.08637330915937
94.2,28.400000000000006,1.797040511029528,0.0014853031723519646,1.4032447186034427,2189.3968027590768,244.8866020544396
94.30000000000001,28.600000000000023,2.234545987578918,0.033485974322401836,1.4032447186034427,2189.873761374685,247.70655072046125
94.4,28.80000000000001,1.9944171286263213,-0.005200018533143255,1.4032447186034427,2190.3540553652274,250.5462193072243
94.5,29.0,2.2033127518711315,0.01417914982578827,1.4032447186034427,2190.837684730704,253.40560781472877
94.60000000000001,29.200000000000017,1.9768905185264833,0.004457808222753549,1.4032447186034427,2191.324649471115,256.28471624297464
94.7,29.400000000000006,1.8758761073993122,0.013213521126101163,1.4032447186034427,2191.8149495864604,259.18354459196195
94.80000000000001,29.600000000000023,1.9297001253110675,0.001833559199601013,1.4032447186034427,2192.30858507674,262.10209286169066
94.9,29.80000000000001,2.044905720144904,-0.0074234249262195755,1.4032447186034427,2192.805555941954,265.0403610521608
95.0,30.0,2.2661975952389417,0.004482916723801151,1.4032447186034427,2193.3058621821024,267.9983491633723
95.10000000000001,30.200000000000017,1.8815916986577168,-0.002574831485135375,1.4032447186034427,2193.809503797185,270.97605719532527
95.2,30.400000000000006,2.0864161947432533,-0.019746504465334817,1.4032447186034427,2194.3164807872017,273.9734851480196
95.30000000000001,30.600000000000023,2.078173880197584,0.006457766122913518,1.4032447186034427,2194.826793152153,276.9906330214554
95.4,30.80000000000001,1.7430667394660115,-0.004513362173157555,1.4032447186034427,2195.3404408920387,280.02750081563255
95.5,31.0,1.9178411221083302,-0.003091183711720592,1.4032447186034427,2195.8574240068588,283.0840885305511
95.60000000000001,31.200000000000017,2.2436474092428473,8.373221275111836e-06,1.4032447186034427,2196.377742496613,286.1603961662111
95.7,31.400000000000006,2.0614988300203345,-0.004518194738115748,1.4032447186034427,2196.9013963613015,289.2564237226125
95.80000000000001,31.600000000000023,2.0231004922528957,0.00863580547486115,1.4032447186034427,2197.4283856009242,292.3721711997553
95.9,31.80000000000001,2.0089852330686315,-0.00020011501957528655,1.4032447186034427,2197.9587102154815,295.5076385976395
96.0,32.0,1.978082301538782,0.012508860978793349,1.4032447186034427,2198.4923702049728,298.66282591626515
96.10000000000001,32.20000000000002,1.6223986593090602,0.004128072130817963,1.4032447186034427,2199.0293655693986,301.8377331556322
96.2,32.400000000000006,1.7871894047265977,0.012474482797110747,1.4032447186034427,2199.569696308759,305.0323603157406
96.30000000000001,32.60000000000002,2.004969018813649,0.009730652161880536,1.4032447186034427,2200.1133624230533,308.24670739659047
96.4,32.80000000000001,1.8259524585684592,-0.013457376844397174,1.4032447186034427,2200.6603639122823,311.4807743981817
96.5,33.0,1.9790848268621826,0.0012027803852488,1.4032447186034427,2201.2107007764453,314.7345613205144
96.60000000000001,33.20000000000002,2.0916506744867083,0.014206836713632008,1.4032447186034427,2201.764373015543,318.00806816358846
96.7,33.400000000000006,2.141208967290662,-0.0012893572521327076,1.4032447186034427,2202.3213806295744,321.30129492740394
96.80000000000001,33.60000000000002,2.0361436359145584,-0.007452649879107087,1.4032447186034427,2202.8817236185405,324.61424161196084
96.9,33.80000000000001,2.0977649797904694,-1.3263984135672598e-05,1.4032447186034427,2203.445401982441,327.94690821725914
97.0,34.0,1.9905298957547564,0.006050565752061209,1.4032447186034427,2204.012415721276,331.29929474329884
97.10000000000001,34.20000000000002,2.0106279742341604,0.006893734028681121,1.4032447186034427,2204.582764835045,334.67140119007996
97.2,34.400000000000006,2.2092480042014593,0.011690865947765437,1.4032447186034427,2205.1564493237483,338.0632275576025
97.30000000000001,34.60000000000002,1.7125370413225312,-0.0044110316387643575,1.4032447186034427,2205.733469187386,341.4747738458664
97.4,34.80000000000001,1.9609056736056325,-0.012192768826627964,1.4032447186034427,2206.313824425958,344.90604005487177
97.5,35.0,1.923407805202047,0.008869439250382841,1.4032447186034427,2206.8975150394645,348.3570261846185
97.60000000000001,35.20000000000002,1.6621833571506186,-0.0012899213065367355,1.4032447186034427,2207.484541027905,351.8277322351067
97.7,35.400000000000006,2.1124263248234474,0.01051624227186706,1.4032447186034427,2208.07490239128,355.31815820633625
97.80000000000001,35.60000000000002,1.8856889698904242,-0.013692999145322071,1.4032447186034427,2208.6685991295894,358.8283040983072
97.9,35.80000000000001,2.386483369223024,0.014099920625741651,1.4032447186034427,2209.265631242833,362.3581699110196
98.0,36.0,1.7678912055400557,-0.007973596280476655,1.4032447186034427,2209.865998731011,365.9077556444734
98.10000000000001,36.20000000000002,1.9754731220236077,-0.0006222132570724856,1.4032447186034427,2210.4697015941233,369.4770612986686
98.2,36.400000000000006,2.1125208796865933,-0.013573849183541185,1.4032447186034427,2211.07673983217,373.06608687360523
98.30000000000001,36.60000000000002,2.2034153270825265,0.01592941252058858,1.4032447186034427,2211.6871134451508,376.6748323692833
98.4,36.80000000000001,1.9219396930125958,-0.0026364372445574014,1.4032447186034427,2212.300822433066,380.3032977857028
98.5,37.0,2.1207273924926806,0.015372710331161017,1.4032447186034427,2212.9178667959154,383.9514831228637
98.60000000000001,37.20000000000002,2.0728374770227904,0.01288645347202911,1.4032447186034427,2213.5382465336993,387.619388380766
98.7,37.400000000000006,2.219059132136019,0.00015792350981193044,1.4032447186034427,2214.1619616464177,391.3070135594097
98.80000000000001,37.60000000000002,1.9459942807126978,0.013656277909622875,1.4032447186034427,2214.78901213407,395.01435865879483
98.9,37.80000000000001,2.05272054706928,0.010871869539426527,1.4032447186034427,2215.419397996657,398.74142367892136
99.0,38.0,1.6761378065780823,0.0028741058680108716,1.4032447186034427,2216.053119234178,402.4882086197893
99.10000000000001,38.20000000000002,1.9109750698111911,-0.0017291471924819422,1.4032447186034427,2216.690175846634,406.25471348139865
99.2,38.400000000000006,2.1008340139411494,0.01384325976202545,1.4032447186034427,2217.3305678340234,410.0409382637494
99.30000000000001,38.60000000000002,2.0913333323619763,0.00514286422485869,1.4032447186034427,2217.9742951963476,413.8468829668416
99.4,38.80000000000001,1.9573708941528214,0.018978304427440203,1.4032447186034427,2218.6213579336063,417.67254759067515
99.5,39.0,1.9646238224463588,0.02019215975948552,1.4032447186034427,2219.271756045799,421.51793213525013
99.60000000000001,39.20000000000002,1.9367363558035908,0.0171382825566417,1.4032447186034427,2219.9254895329263,425.3830366005665
99.7,39.400000000000006,2.3166781840983703,0.003637120283532784,1.4032447186034427,2220.5825583949877,429.2678609866243
99.80000000000001,39.60000000000002,2.0422213991165257,0.00019948835561134186,1.4032447186034427,2221.2429626319836,433.17240529342354
99.9,39.80000000000001,1.9629882705757555,-0.0030248548839579515,1.4032447186034427,2221.9067022439135,437.09666952096416
100.0,40.0,1.2935124166405838,0.029226748660210244,1.4032447186034427,2222.573777230778,441.0406536692462
100.10000000000001,40.0,-0.08402646023425395,0.009674839589078933,1.4032447186034427,2223.2408522176424,444.9846378175282
100.2,40.0,0.2437193153154995,0.0030255116141871077,1.4032447186034427,2223.907927204507,448.92862196581024
100.30000000000001,40.0,-0.04377928201899343,0.0039995456205889155,1.4032447186034427,2224.5750021913714,452.87260611409226
100.4,40.0,-0.13271659852715226,0.010397343554628955,1.4032447186034427,2225.242077178236,456.8165902623743
100.5,40.0,-0.1406983588649251,-0.006911418671040997,1.4032447186034427,2225.9091521651003,460.7605744106563
100.60000000000001,40.0,0.21743082978333075,0.01041949718950761,1.4032447186034427,2226.5762271519648,464.70455855893834
100.7,40.0,-0.22982993536118623,0.018946077840022776,1.4032447186034427,2227.243302138829,468.6485427072204
100.80000000000001,40.0,-0.15879126395166815,0.0010571753471473096,1.4032447186034427,2227.9103771256937,472.5925268555024
100.9,40.0,0.20066805182756514,-0.01569819782580382,1.4032447186034427,2228.577452112558,476.5365110037844
101.0,40.0,-0.1831204798851831,0.0031827049136366383,1.4032447186034427,2229.2445270994226,480.48049515206645
101.10000000000001,40.0,0.20091420536456137,0.01694732210797093,1.4032447186034427,2229.911602086287,484.4244793003485
101.2,40.0,0.17231490283760903,-0.0026866384822345265,1.4032447186034427,2230.5786770731515,488.3684634486305
101.30000000000001,40.0,-0.058870236307951726,0.017979651523775963,1.4032447186034427,2231.245752060016,492.31244759691253
101.4,40.0,0.15435669525204873,0.03488008119749614,1.4032447186034427,2231.9128270468805,496.25643174519456
101.5,40.0,0.04873777447733702,0.0021748937341402384,1.4032447186034427,2232.579902033745,500.2004158934766
101.60000000000001,40.0,0.02192929002248289,0.014080463989712428,1.4032447186034427,2233.2469770206094,504.1444000417586
101.7,40.0,-0.1016874245652109,0.022457554314722575,1.4032447186034427,2233.914052007474,508.08838419004064
101.80000000000001,40.0,0.01844692258382784,0.010527207928622724,1.4032447186034427,2234.5811269943383,512.0323683383226
101.9,40.0,0.19804469679940817,0.021049767939921082,1.4032447186034427,2235.248201981203,515.9763524866046
102.0,40.0,0.02184407494526402,0.02191018375253212,1.4032447186034427,2235.9152769680672,519.9203366348866
102.10000000000001,40.0,0.21767756307457078,0.023105449475578146,1.4032447186034427,2236.5823519549317,523.8643207831685
102.2,40.0,-0.03468771232659657,-0.012722404727301916,1.4032447186034427,2237.249426941796,527.8083049314505
102.30000000000001,40.0,-0.19997027961212527,0.0130499468281534,1.4032447186034427,2237.9165019286606,531.7522890797325
102.4,40.0,0.005386163754936376,0.0029469674447162113,1.4032447186034427,2238.583576915525,535.6962732280144
102.5,40.0,0.21369428473167348,0.0187445483090234,1.4032447186034427,2239.2506519023896,539.6402573762964
102.60000000000001,40.0,-0.04811719469714158,-0.007210155552918307,1.4032447186034427,2239.917726889254,543.5842415245784
102.7,40.0,0.11273743259436717,0.004587094241697067,1.4032447186034427,2240.5848018761185,547.5282256728603
102.80000000000001,40.0,-0.056229140441612625,0.0035946554251772133,1.4032447186034427,2241.251876862983,551.4722098211423
102.9,40.0,-0.19104064630093104,-0.015047768350419988,1.4032447186034427,2241.9189518498474,555.4161939694243
103.0,40.0,-0.2591439640373371,-0.006098101530729645,1.4032447186034427,2242.586026836712,559.3601781177063
103.10000000000001,40.0,0.06441319490487157,0.015867712860824012,1.4032447186034427,2243.2531018235763,563.3041622659882
103.2,40.0,0.25070990046849967,-0.003532120158790523,1.4032447186034427,2243.920176810441,567.2481464142702
103.30000000000001,40.0,0.032781800787308205,-0.005321359988779843,1.4032447186034427,2244.5872517973053,571.1921305625522
103.4,40.0,-0.1404624175806404,0.008477996814233644,1.4032447186034427,2245.2543267841697,575.1361147108341
103.5,40.0,-0.0829956450765195,-0.007907253659787929,1.4032447186034427,2245.921401771034,579.0800988591161
103.60000000000001,40.0,0.18893833565509244,0.004191150730303189,1.4032447186034427,2246.5884767578987,583.0240830073981
103.7,40.0,-0.0327900634587089,0.018835300052623013,1.4032447186034427,2247.255551744763,586.96806715568
103.80000000000001,40.0,-0.04525977623216804,0.010836957928883402,1.4032447186034427,2247.9226267316276,590.912051303962
103.9,40.0,-0.24125205392223142,0.004109378729846247,1.4032447186034427,2248.589701718492,594.856035452244
104.0,40.0,-0.16629688874767007,0.02141805934808064,1.4032447186034427,2249.2567767053565,598.800019600526
104.10000000000001,40.0,-0.12386311431380244,-0.008679954689211681,1.4032447186034427,2249.923851692221,602.7440037488079
104.2,40.0,0.32727391686535046,0.006093828124305463,1.4032447186034427,2250.5909266790854,606.6879878970899
104.30000000000001,40.0,0.02977056815953326,0.005868577977217362,1.4032447186034427,2251.25800166595,610.6319720453719
104.4,40.0,0.16561393828176954,0.014564650379025764,1.4032447186034427,2251.9250766528144,614.5759561936538
104.5,40.0,0.05569435547223769,-0.007805403041409915,1.4032447186034427,2252.592151639679,618.5199403419358
104.60000000000001,40.0,-0.08001467495724152,0.0005740314558609506,1.4032447186034427,2253.2592266265433,622.4639244902178
104.7,40.0,0.06971238005790455,-0.008683426711750847,1.4032447186034427,2253.9263016134078,626.4079086384997
104.80000000000001,40.0,0.19581269846005445,0.01654980475649621,1.4032447186034427,2254.593376600272,630.3518927867817
104.9,40.0,0.11077081676659596,-0.01399940610004671,1.4032447186034427,2255.2604515871367,634.2958769350637
105.0,40.0,0.1047077296521316,0.016380339479628865,1.4032447186034427,2255.927526574001,638.2398610833457
105.10000000000001,40.0,0.09235626537754522,-0.0037739027720302036,1.4032447186034427,2256.5946015608656,642.1838452316276
105.2,40.0,0.06554153311923983,0.003407905326848883,1.4032447186034427,2257.26167654773,646.1278293799096
105.30000000000001,40.0,0.001571537890253422,0.006106038076742622,1.4032447186034427,2257.9287515345945,650.0718135281916
105.4,40.0,0.17430202095104094,0.00758336051253977,1.4032447186034427,2258.595826521459,654.0157976764735
105.5,40.0,-0.21655098862485697,-0.0075455132286749325,1.4032447186034427,2259.2629015083235,657.9597818247555
105.60000000000001,40.0,-0.005634353582022424,-0.013092519599119275,1.4032447186034427,2259.929976495188,661.9037659730375
105.7,40.0,0.09445998571954384,0.006360012295796091,1.4032447186034427,2260.5970514820524,665.8477501213195
105.80000000000001,40.0,-0.10305832590895993,-0.003620015252435111,1.4032447186034427,2261.264126468917,669.7917342696014
105.9,40.0,-0.007110435013179315,-0.008222625388082213,1.4032447186034427,2261.9312014557813,673.7357184178834
106.0,40.0,-0.1437539187748601,0.019014469342498532,1.4032447186034427,2262.598276442646,677.6797025661654
106.10000000000001,40.0,-0.01779836795850815,-0.005577108610874655,1.4032447186034427,2263.2653514295102,681.6236867144473
106.2,40.0,-0.07106281471101958,0.006697747882983168,1.4032447186034427,2263.9324264163747,685.5676708627293
106.30000000000001,40.0,0.19293275856922096,-0.015123180911430553,1.4032447186034427,2264.599501403239,689.5116550110113
106.4,40.0,-0.1825395202403891,0.016655722815445032,1.4032447186034427,2265.2665763901036,693.4556391592932
106.5,40.0,-0.03896919994648704,0.020053451533432718,1.4032447186034427,2265.933651376968,697.3996233075752
106.60000000000001,40.0,-0.15414944773437794,0.0034888120379413445,1.4032447186034427,2266.6007263638326,701.3436074558572
106.7,40.0,0.18962843953238917,-0.0012236514681410625,1.4032447186034427,2267.267801350697,705.2875916041392
106.80000000000001,40.0,-0.0035147329676906316,-0.01851976947997298,1.4032447186034427,2267.9348763375615,709.2315757524211
106.9,40.0,-0.09313691884433539,0.0006813572722097283,1.4032447186034427,2268.601951324426,713.1755599007031
107.0,40.0,-0.08924766843738788,0.003421841422693359,1.4032447186034427,2269.2690263112904,717.1195440489851
107.10000000000001,40.0,-0.0792414170809282,0.007616700426533439,1.4032447186034427,2269.936101298155,721.063528197267
107.2,40.0,0.10427640524732441,0.0030715327439842146,1.4032447186034427,2270.6031762850193,725.007512345549
107.30000000000001,40.0,0.02335714950549319,0.006851024742423505,1.4032447186034427,2271.270251271884,728.951496493831
107.4,40.0,0.05772447880627568,0.010042598354502538,1.4032447186034427,2271.9373262587483,732.895480642113
107.5,40.0,-0.12134249487093052,-0.000977199055362342,1.4032447186034427,2272.6044012456127,736.8394647903949
107.60000000000001,40.0,-0.1558761871475239,0.015375205904412968,1.4032447186034427,2273.271476232477,740.7834489386769
107.7,40.0,0.06681393090205785,-0.0070744645723460195,1.4032447186034427,2273.9385512193417,744.7274330869589
107.80000000000001,40.0,0.020257954930587897,0.016185033436608216,1.4032447186034427,2274.605626206206,748.6714172352408
107.9,40.0,0.13796894248913613,0.004004105283442106,1.4032447186034427,2275.2727011930706,752.6154013835228
108.0,40.0,-0.0336096800775592,-0.014619322615961682,1.4032447186034427,2275.939776179935,756.5593855318048
108.10000000000001,40.0,0.17278666205710433,-8.37446207114425e-05,1.4032447186034427,2276.6068511667995,760.5033696800867
108.2,40.0,-0.02962815822511992,0.0024986025933863894,1.4032447186034427,2277.273926153664,764.4473538283687
108.30000000000001,40.0,0.05908309128638932,0.008681663890884504,1.4032447186034427,2277.9410011405284,768.3913379766507
108.4,40.0,-0.016612815325620613,0.015544496896997478,1.4032447186034427,2278.608076127393,772.3353221249326
108.5,40.0,0.155134074806167,0.02813940759492185,1.4032447186034427,2279.2751511142574,776.2793062732146
108.60000000000001,40.0,-0.008615013040985258,-0.004939176709848998,1.4032447186034427,2279.942226101122,780.2232904214966
108.7,40.0,0.23706881072486197,0.020359470010840788,1.4032447186034427,2280.6093010879863,784.1672745697786
108.80000000000001,40.0,0.19080113586106368,0.007662589661000908,1.4032447186034427,2281.2763760748508,788.1112587180605
108.9,40.0,-0.10164299471538794,0.002796817057841424,1.4032447186034427,2281.943451061715,792.0552428663425
109.0,40.0,-0.005334680343315647,-0.0008175789576211753,1.4032447186034427,2282.6105260485797,795.9992270146245
109.10000000000001,40.0,-0.250464348837121,0.004488658333875201,1.4032447186034427,2283.277601035444,799.9432111629064
109.2,40.0,0.03426975424035206,-0.009003241820274063,1.4032447186034427,2283.9446760223086,803.8871953111884
109.30000000000001,40.0,-0.05971186234316049,0.006395438064377985,1.4032447186034427,2284.611751009173,807.8311794594704
109.4,40.0,0.13910854605879638,0.009418863705794376,1.4032447186034427,2285.2788259960375,811.7751636077523
109.5,40.0,0.07710490856986045,-0.007013595229708102,1.4032447186034427,2285.945900982902,815.7191477560343
109.60000000000001,40.0,0.00417785640691103,0.008633963814743096,1.4032447186034427,2286.6129759697665,819.6631319043163
109.7,40.0,0.1506788595999058,0.0023736556456454313,1.4032447186034427,2287.280050956631,823.6071160525983
109.80000000000001,40.0,0.06734882129644273,0.004868033119295947,1.4032447186034427,2287.9471259434954,827.5511002008802
109.9,40.0,-0.060836749770889584,0.013438007381595462,1.4032447186034427,2288.61420093036,831.4950843491622
110.0,40.0,-0.2186792246745906,0.002149869965967589,1.4032447186034427,2289.2812759172243,835.4390684974442
110.10000000000001,40.0,-0.13569262864516246,0.016082286974479085,1.4032447186034427,2289.948350904089,839.3830526457261
110.2,40.0,0.1600655766840249,0.007001878808358335,1.4032447186034427,2290.6154258909532,843.3270367940081
110.30000000000001,40.0,0.013687880823011278,0.01516758606595148,1.4032447186034427,2291.2825008778177,847.2710209422901
110.4,40.0,-0.029943301504573226,0.006178849252931041,1.4032447186034427,2291.949575864682,851.215005090572
110.5,40.0,0.027158559992307405,-0.004498239822818289,1.4032447186034427,2292.6166508515466,855.158989238854
110.60000000000001,40.0,-0.16455216671779604,0.0004877453134448564,1.4032447186034427,2293.283725838411,859.102973387136
110.7,40.0,-0.05170845994245634,0.003963748410713442,1.4032447186034427,2293.9508008252756,863.046957535418
110.80000000000001,40.0,-0.15447291047393805,-0.005310359866252092,1.4032447186034427,2294.61787581214,866.9909416836999
110.9,40.0,-0.14354171964369042,-0.015855498339953054,1.4032447186034427,2295.2849507990045,870.9349258319819
111.0,40.0,0.2139148506741432,0.012970405369124579,1.4032447186034427,2295.952025785869,874.8789099802639
111.10000000000001,40.0,0.0984521612795769,0.0032262520821853785,1.4032447186034427,2296.6191007727334,878.8228941285458
111.2,40.0,0.2867980210075693,-0.008178747282471168,1.4032447186034427,2297.286175759598,882.7668782768278
111.30000000000001,40.0,-0.08900621537787388,0.014706106337111793,1.4032447186034427,2297.9532507464623,886.7108624251098
111.4,40.0,0.12861609537199498,-0.004458401265603917,1.4032447186034427,2298.620325733327,890.6548465733918
111.5,40.0,-0.2541715491622049,-0.00815571900937406,1.4032447186034427,2299.2874007201913,894.5988307216737
111.60000000000001,40.0,-0.10359368636834067,0.0008192819618420763,1.4032447186034427,2299.9544757070557,898.5428148699557
111.7,40.0,-0.12275483620712863,0.00854429819464651,1.4032447186034427,2300.62155069392,902.4867990182377
111.80000000000001,40.0,0.04544658483632719,0.008640417111403268,1.4032447186034427,2301.2886256807847,906.4307831665196
111.9,40.0,-0.13984781868963514,0.013781125326062741,1.4032447186034427,2301.955700667649,910.3747673148016
112.0,40.0,0.04227531309747526,-0.003276313306859099,1.4032447186034427,2302.6227756545136,914.3187514630836
112.10000000000001,40.0,-0.10670077499594376,0.0072626791005113035,1.4032447186034427,2303.289850641378,918.2627356113655
112.2,40.0,0.12714421134058448,0.006970391703525572,1.4032447186034427,2303.9569256282425,922.2067197596475
112.30000000000001,40.0,-0.3098585046165218,-0.0001858532568440015,1.4032447186034427,2304.624000615107,926.1507039079295
112.4,40.0,0.01869556642737191,0.008317894795499445,1.4032447186034427,2305.2910756019714,930.0946880562115
112.5,40.0,-0.1944800941347463,0.007303728018853562,1.4032447186034427,2305.958150588836,934.0386722044934
112.60000000000001,40.0,0.0529909910108987,0.0067317268668470555,1.4032447186034427,2306.6252255757004,937.9826563527754
112.7,40.0,0.0990358438832105,0.007444344849132937,1.4032447186034427,2307.292300562565,941.9266405010574
112.80000000000001,40.0,0.026519809409795488,0.021103909897449123,1.4032447186034427,2307.9593755494293,945.8706246493393
112.9,40.0,0.0888505603906418,0.01505565151486015,1.4032447186034427,2308.6264505362938,949.8146087976213
113.0,40.0,-0.07209286098908163,0.0076810361940233,1.4032447186034427,2309.293525523158,953.7585929459033
113.10000000000001,40.0,0.08958771481327048,0.0032797497957334724,1.4032447186034427,2309.9606005100227,957.7025770941852
113.2,40.0,-0.00701873275887886,0.0037836076819793845,1.4032447186034427,2310.627675496887,961.6465612424672
113.30000000000001,40.0,0.009035058005690133,0.012066357812458971,1.4032447186034427,2311.2947504837516,965.5905453907492
113.4,40.0,-0.016853192516806656,0.009455185125693296,1.4032447186034427,2311.961825470616,969.5345295390312
113.5,40.0,-0.04259846210569345,-0.0003544576247782585,1.4032447186034427,2312.6289004574805,973.4785136873131
113.60000000000001,40.0,0.17244455439661127,0.009207485502045757,1.4032447186034427,2313.295975444345,977.4224978355951
113.7,40.0,0.006953739841506287,0.007606768348832005,1.4032447186034427,2313.9630504312095,981.3664819838771
113.80000000000001,40.0,0.07094242489027817,0.0016518642636599622,1.4032447186034427,2314.630125418074,985.310466132159
113.9,40.0,0.05069802599995703,-0.0021560809819420913,1.4032447186034427,2315.2972004049384,989.254450280441
114.0,40.0,0.3751385213075114,0.008495087259809775,1.4032447186034427,2315.964275391803,993.198434428723
114.10000000000001,40.0,-0.03132013092893608,0.00974285189370017,1.4032447186034427,2316.6313503786673,997.142418577005
114.2,40.0,0.003594828092337862,0.007222342806076412,1.4032447186034427,2317.298425365532,1001.0864027252869
114.30000000000001,40.0,0.17281087870740527,0.018923860153415083,1.4032447186034427,2317.9655003523962,1005.0303868735689
114.4,40.0,-0.18666830055629863,-0.002268059050354535,1.4032447186034427,2318.6325753392607,1008.9743710218509
114.5,40.0,-0.024702105029188945,0.012857563012723668,1.4032447186034427,2319.299650326125,1012.9183551701328
114.60000000000001,40.0,-0.10098265026428808,0.007010282873510256,1.4032447186034427,2319.9667253129896,1016.8623393184148
114.7,40.0,-0.16287712145335087,-0.0017037638992247663,1.4032447186034427,2320.633800299854,1020.8063234666968
114.80000000000001,40.0,0.0018081807078170035,-0.0030478301657539423,1.4032447186034427,2321.3008752867186,1024.7503076149787
114.9,40.0,-0.010530713090053705,0.015784327647934554,1.4032447186034427,2321.967950273583,1028.6942917632607
115.0,40.0,-0.2871738965368272,0.007139425058465476,1.4032447186034427,2322.6350252604475,1032.6382759115427
115.10000000000001,40.0,-0.23687890785094462,-0.0022638854819072305,1.4032447186034427,2323.302100247312,1036.5822600598246
115.2,40.0,-0.03210889360699296,0.02103583763799054,1.4032447186034427,2323.9691752341764,1040.5262442081066
115.30000000000001,40.0,0.01592193596020194,-0.007206373555670681,1.4032447186034427,2324.636250221041,1044.4702283563886
115.4,40.0,0.1422909388120173,-0.004398956981110592,1.4032447186034427,2325.3033252079053,1048.4142125046706
115.5,40.0,0.12408327297340876,0.012598421650062506,1.4032447186034427,2325.97040019477,1052.3581966529525
115.60000000000001,40.0,0.047769147864038464,0.006649411405363874,1.4032447186034427,2326.6374751816343,1056.3021808012345
115.7,40.0,-0.29394244038866046,-0.0019258077638319602,1.4032447186034427,2327.3045501684987,1060.2461649495165
115.80000000000001,40.0,-0.15143469662927456,0.008973429619498218,1.4032447186034427,2327.971625155363,1064.1901490977984
115.9,40.0,-0.23289672242403803,-0.008129036653374222,1.4032447186034427,2328.6387001422277,1068.1341332460804
116.0,40.0,0.04240323528496902,0.008552609592136507,1.4032447186034427,2329.305775129092,1072.0781173943624
116.10000000000001,40.0,-0.01543196343650912,0.011980358330321832,1.4032447186034427,2329.9728501159566,1076.0221015426444
116.2,40.0,-0.10759434455684898,-0.009637267308226713,1.4032447186034427,2330.639925102821,1079.9660856909263
116.30000000000001,40.0,-0.10193329558395456,0.00039041383438677326,1.4032447186034427,2331.3070000896855,1083.9100698392083
116.4,40.0,-0.05938866154448508,0.006289814748378121,1.4032447186034427,2331.97407507655,1087.8540539874903
116.5,40.0,-0.16175497088232707,0.015770789133106963,1.4032447186034427,2332.6411500634144,1091.7980381357722
116.60000000000001,40.0,0.043038914411913355,-0.009542924700051584,1.4032447186034427,2333.308225050279,1095.7420222840542
116.7,40.0,0.0038914410579151647,0.016342271546399383,1.4032447186034427,2333.9753000371434,1099.6860064323362
116.80000000000001,40.0,0.1340303005066592,0.0032031369509653534,1.4032447186034427,2334.642375024008,1103.6299905806181
116.9,40.0,-0.075846735429873,-0.004671722460992741,1.4032447186034427,2335.3094500108723,1107.5739747289
117.0,40.0,-0.03016885720846858,0.007419037103387543,1.4032447186034427,2335.9765249977368,1111.517958877182
117.10000000000001,40.0,0.1603385011149933,0.005515010810953692,1.4032447186034427,2336.643599984601,1115.461943025464
117.2,40.0,0.060359081133011167,0.004910038168291911,1.4032447186034427,2337.3106749714657,1119.405927173746
117.30000000000001,40.0,0.06553761970201574,0.013036265052644519,1.4032447186034427,2337.97774995833,1123.349911322028
117.4,40.0,0.0995868196199828,0.008584770067037716,1.4032447186034427,2338.6448249451946,1127.29389547031
117.5,40.0,0.24395604070005186,0.00010448563119364387,1.4032447186034427,2339.311899932059,1131.237879618592
117.60000000000001,40.0,0.07624446993856031,0.010366036612857052,1.4032447186034427,2339.9789749189235,1135.181863766874
117.7,40.0,0.26089777080291837,0.0007133768435654666,1.4032447186034427,2340.646049905788,1139.1258479151559
117.80000000000001,40.0,-0.042084989050032245,0.005554541193586559,1.4032447186034427,2341.3131248926525,1143.0698320634378
117.9,40.0,0.02083152202011067,-0.008417058331882183,1.4032447186034427,2341.980199879517,1147.0138162117198
118.0,40.0,-0.1733324373493591,-0.006902372510354862,1.4032447186034427,2342.6472748663814,1150.9578003600018
118.10000000000001,40.0,-0.03612536216754422,0.006009546286869996,1.4032447186034427,2343.314349853246,1154.9017845082838
118.2,40.0,0.01718274425559434,0.0024671843951220057,1.4032447186034427,2343.9814248401103,1158.8457686565657
118.30000000000001,40.0,0.1908196569597349,0.016292125511027586,1.4032447186034427,2344.648499826975,1162.7897528048477
118.4,40.0,0.1342863587666862,0.018488842593542016,1.4032447186034427,2345.3155748138392,1166.7337369531297
118.5,40.0,-0.3207383434217884,0.002205620972052065,1.4032447186034427,2345.9826498007037,1170.6777211014116
118.60000000000001,40.0,0.08945863676491046,-0.0011423265191964453,1.4032447186034427,2346.649724787568,1174.6217052496936
118.7,40.0,-0.1445846341586829,0.000517003224318662,1.4032447186034427,2347.3167997744326,1178.5656893979756
118.80000000000001,40.0,0.09993656009959698,-0.0034924795282148978,1.4032447186034427,2347.983874761297,1182.5096735462575
118.9,40.0,-0.21739530218764927,0.025353547055252428,1.4032447186034427,2348.6509497481616,1186.4536576945395
119.0,40.0,-0.19558643400162162,-0.0013957332442952409,1.4032447186034427,2349.318024735026,1190.3976418428215
119.10000000000001,40.0,-0.20637778215528613,0.012362364469559477,1.4032447186034427,2349.9850997218905,1194.3416259911035
119.2,40.0,-0.21407730664020064,0.012695595425616697,1.4032447186034427,2350.652174708755,1198.2856101393854
119.30000000000001,40.0,-0.10841975016872134,0.013704380066004114,1.4032447186034427,2351.3192496956194,1202.2295942876674
119.4,40.0,0.12363411992107888,-0.0012425731894987581,1.4032447186034427,2351.986324682484,1206.1735784359494
119.5,40.0,0.04423214053292648,0.013384711424094375,1.4032447186034427,2352.6533996693483,1210.1175625842313
119.60000000000001,40.0,0.12670851790137502,-0.0008049395116256778,1.4032447186034427,2353.320474656213,1214.0615467325133
119.7,40.0,-0.0725320347693218,-0.0015611405627476956,1.4032447186034427,2353.9875496430773,1218.0055308807953
119.80000000000001,40.0,-0.14979912618191674,0.020970838370417622,1.4032447186034427,2354.6546246299417,1221.9495150290772
119.9,40.0,-0.10866410570040984,0.016097428570202715,1.4032447186034427,2355.321699616806,1225.8934991773592
